experiment_id,split_id,dataset_id,target_condition_id,prefix_checkups,requested_coverage,target_checkup_index,prefix_end_checkup_index,prefix_end_days,temperature_c,storage_soc_fraction,elapsed_days,forecast_horizon_days,is_final_checkup,mean_route,mean_fallback_reasons,activation_gate_ready,domain_supported,residual_support_ok,residual_cap_hit,residual_correction_pp,predicted_capacity_retention_pct,predictive_sd_pp,calibration_condition_count,calibration_order_statistic_rank,calibration_multiplier,calibration_horizon_matched,diagnostic_interval_status,diagnostic_abstention_reasons,diagnostic_lower_pct,diagnostic_upper_pct,diagnostic_width_pp,operational_issuance_status,operational_abstention_reasons,operational_lower_pct,operational_upper_pct,mechanistic_training_support_days,residual_support_horizon_days,training_state_sha256,calibration_state_sha256,prediction_state_sha256
naumann_calendar_v4_hybrid_development_v1,naumann_v4_fixed_7_train_6_calibration_4_test_v1,NAUMANN_LFP_CALENDAR_2021,NAUMANN_CAL_T40_SOC12.5,10,0.80000000000000004,10,9,136.94583333333333,40,0.125,161.36250000000001,24.416666666666686,False,hierarchical_activation_residual,none,True,True,True,False,-0.00573349290041385,98.356883662301428,0.147483125910951,1,2,,True,unavailable,insufficient_same_route_calibration,,,,abstained,calibration_unavailable;calibration_evidence_not_independent;insufficient_same_route_calibration;independent_long_term_evidence_missing;interval_width_invalid,,,136.94583333333333,748.09583333333319,2a5768f904973a75dd3010edd7c8a00774f2f38d18be799d4a8bddb192565a9f,22cfb027b76dc0bd04854831f8b3ac7e53d712b752a224e8052d991607f38041,1aa1b08067e5d3da867c2b433a94c892a1e3e2e67eeb9aaf5f66f4ad600fa5d9
naumann_calendar_v4_hybrid_development_v1,naumann_v4_fixed_7_train_6_calibration_4_test_v1,NAUMANN_LFP_CALENDAR_2021,NAUMANN_CAL_T40_SOC12.5,10,0.80000000000000004,11,9,136.94583333333333,40,0.125,186.79166666666663,49.845833333333303,False,hierarchical_activation_residual,none,True,True,True,False,-0.013669115931001109,98.159777069615274,0.15795658666208245,1,2,,True,unavailable,insufficient_same_route_calibration,,,,abstained,calibration_unavailable;calibration_evidence_not_independent;insufficient_same_route_calibration;independent_long_term_evidence_missing;interval_width_invalid,,,136.94583333333333,748.09583333333319,2a5768f904973a75dd3010edd7c8a00774f2f38d18be799d4a8bddb192565a9f,22cfb027b76dc0bd04854831f8b3ac7e53d712b752a224e8052d991607f38041,1aa1b08067e5d3da867c2b433a94c892a1e3e2e67eeb9aaf5f66f4ad600fa5d9
naumann_calendar_v4_hybrid_development_v1,naumann_v4_fixed_7_train_6_calibration_4_test_v1,NAUMANN_LFP_CALENDAR_2021,NAUMANN_CAL_T40_SOC12.5,10,0.80000000000000004,12,9,136.94583333333333,40,0.125,213.27500000000001,76.32916666666668,False,hierarchical_activation_residual,none,True,True,True,False,-0.023857808468873087,97.963841161846062,0.16990704805995541,1,2,,True,unavailable,insufficient_same_route_calibration,,,,abstained,calibration_unavailable;calibration_evidence_not_independent;insufficient_same_route_calibration;independent_long_term_evidence_missing;interval_width_invalid,,,136.94583333333333,748.09583333333319,2a5768f904973a75dd3010edd7c8a00774f2f38d18be799d4a8bddb192565a9f,22cfb027b76dc0bd04854831f8b3ac7e53d712b752a224e8052d991607f38041,1aa1b08067e5d3da867c2b433a94c892a1e3e2e67eeb9aaf5f66f4ad600fa5d9
naumann_calendar_v4_hybrid_development_v1,naumann_v4_fixed_7_train_6_calibration_4_test_v1,NAUMANN_LFP_CALENDAR_2021,NAUMANN_CAL_T40_SOC12.5,10,0.80000000000000004,13,9,136.94583333333333,40,0.125,239.71250000000001,102.76666666666668,False,hierarchical_activation_residual,none,True,True,True,False,-0.035792306536051803,97.775990262663299,0.18263373660777812,1,2,,True,unavailable,insufficient_same_route_calibration,,,,abstained,calibration_unavailable;calibration_evidence_not_independent;insufficient_same_route_calibration;independent_long_term_evidence_missing;interval_width_invalid,,,136.94583333333333,748.09583333333319,2a5768f904973a75dd3010edd7c8a00774f2f38d18be799d4a8bddb192565a9f,22cfb027b76dc0bd04854831f8b3ac7e53d712b752a224e8052d991607f38041,1aa1b08067e5d3da867c2b433a94c892a1e3e2e67eeb9aaf5f66f4ad600fa5d9
naumann_calendar_v4_hybrid_development_v1,naumann_v4_fixed_7_train_6_calibration_4_test_v1,NAUMANN_LFP_CALENDAR_2021,NAUMANN_CAL_T40_SOC12.5,10,0.80000000000000004,14,9,136.94583333333333,40,0.125,266.17083333333329,129.22499999999997,False,hierarchical_activation_residual,none,True,True,True,False,-0.049322616145604417,97.594451339378708,0.19596288620379948,1,2,,True,unavailable,insufficient_same_route_calibration,,,,abstained,calibration_unavailable;calibration_evidence_not_independent;insufficient_same_route_calibration;independent_long_term_evidence_missing;interval_width_invalid,,,136.94583333333333,748.09583333333319,2a5768f904973a75dd3010edd7c8a00774f2f38d18be799d4a8bddb192565a9f,22cfb027b76dc0bd04854831f8b3ac7e53d712b752a224e8052d991607f38041,1aa1b08067e5d3da867c2b433a94c892a1e3e2e67eeb9aaf5f66f4ad600fa5d9
naumann_calendar_v4_hybrid_development_v1,naumann_v4_fixed_7_train_6_calibration_4_test_v1,NAUMANN_LFP_CALENDAR_2021,NAUMANN_CAL_T40_SOC12.5,10,0.80000000000000004,15,9,136.94583333333333,40,0.125,292.77916666666664,155.83333333333331,False,hierarchical_activation_residual,none,True,True,True,False,-0.064368822361348957,97.417432395380416,0.20980931633865807,1,2,,True,unavailable,insufficient_same_route_calibration,,,,abstained,calibration_unavailable;calibration_evidence_not_independent;insufficient_same_route_calibration;independent_long_term_evidence_missing;interval_width_invalid,,,136.94583333333333,748.09583333333319,2a5768f904973a75dd3010edd7c8a00774f2f38d18be799d4a8bddb192565a9f,22cfb027b76dc0bd04854831f8b3ac7e53d712b752a224e8052d991607f38041,1aa1b08067e5d3da867c2b433a94c892a1e3e2e67eeb9aaf5f66f4ad600fa5d9
naumann_calendar_v4_hybrid_development_v1,naumann_v4_fixed_7_train_6_calibration_4_test_v1,NAUMANN_LFP_CALENDAR_2021,NAUMANN_CAL_T40_SOC12.5,10,0.80000000000000004,16,9,136.94583333333333,40,0.125,319.30833333333334,182.36250000000001,False,hierarchical_activation_residual,none,True,True,True,False,-0.080662065175002393,97.245740010970096,0.22393828949084829,1,2,,True,unavailable,insufficient_same_route_calibration,,,,abstained,calibration_unavailable;calibration_evidence_not_independent;insufficient_same_route_calibration;independent_long_term_evidence_missing;interval_width_invalid,,,136.94583333333333,748.09583333333319,2a5768f904973a75dd3010edd7c8a00774f2f38d18be799d4a8bddb192565a9f,22cfb027b76dc0bd04854831f8b3ac7e53d712b752a224e8052d991607f38041,1aa1b08067e5d3da867c2b433a94c892a1e3e2e67eeb9aaf5f66f4ad600fa5d9
naumann_calendar_v4_hybrid_development_v1,naumann_v4_fixed_7_train_6_calibration_4_test_v1,NAUMANN_LFP_CALENDAR_2021,NAUMANN_CAL_T40_SOC12.5,10,0.80000000000000004,17,9,136.94583333333333,40,0.125,345.83749999999998,208.89166666666665,False,hierarchical_activation_residual,none,True,True,True,False,-0.098114881748386049,97.078261627722043,0.23830226036804225,1,2,,True,unavailable,insufficient_same_route_calibration,,,,abstained,calibration_unavailable;calibration_evidence_not_independent;insufficient_same_route_calibration;independent_long_term_evidence_missing;interval_width_invalid,,,136.94583333333333,748.09583333333319,2a5768f904973a75dd3010edd7c8a00774f2f38d18be799d4a8bddb192565a9f,22cfb027b76dc0bd04854831f8b3ac7e53d712b752a224e8052d991607f38041,1aa1b08067e5d3da867c2b433a94c892a1e3e2e67eeb9aaf5f66f4ad600fa5d9
naumann_calendar_v4_hybrid_development_v1,naumann_v4_fixed_7_train_6_calibration_4_test_v1,NAUMANN_LFP_CALENDAR_2021,NAUMANN_CAL_T40_SOC12.5,10,0.80000000000000004,18,9,136.94583333333333,40,0.125,376.31666666666666,239.37083333333334,False,hierarchical_activation_residual,none,True,True,True,False,-0.11944664905184289,96.890455492586852,0.25500938974909154,1,2,,True,unavailable,insufficient_same_route_calibration,,,,abstained,calibration_unavailable;calibration_evidence_not_independent;insufficient_same_route_calibration;independent_long_term_evidence_missing;interval_width_invalid,,,136.94583333333333,748.09583333333319,2a5768f904973a75dd3010edd7c8a00774f2f38d18be799d4a8bddb192565a9f,22cfb027b76dc0bd04854831f8b3ac7e53d712b752a224e8052d991607f38041,1aa1b08067e5d3da867c2b433a94c892a1e3e2e67eeb9aaf5f66f4ad600fa5d9
naumann_calendar_v4_hybrid_development_v1,naumann_v4_fixed_7_train_6_calibration_4_test_v1,NAUMANN_LFP_CALENDAR_2021,NAUMANN_CAL_T40_SOC12.5,10,0.80000000000000004,19,9,136.94583333333333,40,0.125,402.74166666666662,265.79583333333329,False,hierarchical_activation_residual,none,True,True,True,False,-0.13893207019690001,96.731204894281888,0.26961537528188467,1,2,,True,unavailable,insufficient_same_route_calibration,,,,abstained,calibration_unavailable;calibration_evidence_not_independent;insufficient_same_route_calibration;independent_long_term_evidence_missing;interval_width_invalid,,,136.94583333333333,748.09583333333319,2a5768f904973a75dd3010edd7c8a00774f2f38d18be799d4a8bddb192565a9f,22cfb027b76dc0bd04854831f8b3ac7e53d712b752a224e8052d991607f38041,1aa1b08067e5d3da867c2b433a94c892a1e3e2e67eeb9aaf5f66f4ad600fa5d9
naumann_calendar_v4_hybrid_development_v1,naumann_v4_fixed_7_train_6_calibration_4_test_v1,NAUMANN_LFP_CALENDAR_2021,NAUMANN_CAL_T40_SOC12.5,10,0.80000000000000004,20,9,136.94583333333333,40,0.125,429.25,292.30416666666667,False,hierarchical_activation_residual,none,True,True,True,False,-0.15930607260464594,96.574471512023706,0.28434097012260745,1,2,,True,unavailable,insufficient_same_route_calibration,,,,abstained,calibration_unavailable;calibration_evidence_not_independent;insufficient_same_route_calibration;independent_long_term_evidence_missing;interval_width_invalid,,,136.94583333333333,748.09583333333319,2a5768f904973a75dd3010edd7c8a00774f2f38d18be799d4a8bddb192565a9f,22cfb027b76dc0bd04854831f8b3ac7e53d712b752a224e8052d991607f38041,1aa1b08067e5d3da867c2b433a94c892a1e3e2e67eeb9aaf5f66f4ad600fa5d9
naumann_calendar_v4_hybrid_development_v1,naumann_v4_fixed_7_train_6_calibration_4_test_v1,NAUMANN_LFP_CALENDAR_2021,NAUMANN_CAL_T40_SOC12.5,10,0.80000000000000004,21,9,136.94583333333333,40,0.125,455.79166666666663,318.8458333333333,False,hierarchical_activation_residual,none,True,True,True,False,-0.18045204180772445,96.420319581349389,0.29913006372230594,1,2,,True,unavailable,insufficient_same_route_calibration,,,,abstained,calibration_unavailable;calibration_evidence_not_independent;insufficient_same_route_calibration;independent_long_term_evidence_missing;interval_width_invalid,,,136.94583333333333,748.09583333333319,2a5768f904973a75dd3010edd7c8a00774f2f38d18be799d4a8bddb192565a9f,22cfb027b76dc0bd04854831f8b3ac7e53d712b752a224e8052d991607f38041,1aa1b08067e5d3da867c2b433a94c892a1e3e2e67eeb9aaf5f66f4ad600fa5d9
naumann_calendar_v4_hybrid_development_v1,naumann_v4_fixed_7_train_6_calibration_4_test_v1,NAUMANN_LFP_CALENDAR_2021,NAUMANN_CAL_T40_SOC12.5,10,0.80000000000000004,22,9,136.94583333333333,40,0.125,482.29166666666663,345.3458333333333,False,hierarchical_activation_residual,none,True,True,True,False,-0.20223471302996215,96.268970460283796,0.31391850537253357,1,2,,True,unavailable,insufficient_same_route_calibration,,,,abstained,calibration_unavailable;calibration_evidence_not_independent;insufficient_same_route_calibration;independent_long_term_evidence_missing;interval_width_invalid,,,136.94583333333333,748.09583333333319,2a5768f904973a75dd3010edd7c8a00774f2f38d18be799d4a8bddb192565a9f,22cfb027b76dc0bd04854831f8b3ac7e53d712b752a224e8052d991607f38041,1aa1b08067e5d3da867c2b433a94c892a1e3e2e67eeb9aaf5f66f4ad600fa5d9
naumann_calendar_v4_hybrid_development_v1,naumann_v4_fixed_7_train_6_calibration_4_test_v1,NAUMANN_LFP_CALENDAR_2021,NAUMANN_CAL_T40_SOC12.5,10,0.80000000000000004,23,9,136.94583333333333,40,0.125,508.79166666666663,371.8458333333333,False,hierarchical_activation_residual,none,True,True,True,False,-0.22461923706335629,96.119997780093911,0.32871210202644591,1,2,,True,unavailable,insufficient_same_route_calibration,,,,abstained,calibration_unavailable;calibration_evidence_not_independent;insufficient_same_route_calibration;independent_long_term_evidence_missing;interval_width_invalid,,,136.94583333333333,748.09583333333319,2a5768f904973a75dd3010edd7c8a00774f2f38d18be799d4a8bddb192565a9f,22cfb027b76dc0bd04854831f8b3ac7e53d712b752a224e8052d991607f38041,1aa1b08067e5d3da867c2b433a94c892a1e3e2e67eeb9aaf5f66f4ad600fa5d9
naumann_calendar_v4_hybrid_development_v1,naumann_v4_fixed_7_train_6_calibration_4_test_v1,NAUMANN_LFP_CALENDAR_2021,NAUMANN_CAL_T40_SOC12.5,10,0.80000000000000004,24,9,136.94583333333333,40,0.125,535.16666666666652,398.22083333333319,False,hierarchical_activation_residual,none,True,True,True,False,-0.24743561331938407,95.973930947385128,0.3434275525322335,1,2,,True,unavailable,insufficient_same_route_calibration,,,,abstained,calibration_unavailable;calibration_evidence_not_independent;insufficient_same_route_calibration;independent_long_term_evidence_missing;interval_width_invalid,,,136.94583333333333,748.09583333333319,2a5768f904973a75dd3010edd7c8a00774f2f38d18be799d4a8bddb192565a9f,22cfb027b76dc0bd04854831f8b3ac7e53d712b752a224e8052d991607f38041,1aa1b08067e5d3da867c2b433a94c892a1e3e2e67eeb9aaf5f66f4ad600fa5d9
naumann_calendar_v4_hybrid_development_v1,naumann_v4_fixed_7_train_6_calibration_4_test_v1,NAUMANN_LFP_CALENDAR_2021,NAUMANN_CAL_T40_SOC12.5,10,0.80000000000000004,25,9,136.94583333333333,40,0.125,561.70833333333337,424.76250000000005,False,hierarchical_activation_residual,none,True,True,True,False,-0.27088291678271975,95.829022036449302,0.35821690738846645,1,2,,True,unavailable,insufficient_same_route_calibration,,,,abstained,calibration_unavailable;calibration_evidence_not_independent;insufficient_same_route_calibration;independent_long_term_evidence_missing;interval_width_invalid,,,136.94583333333333,748.09583333333319,2a5768f904973a75dd3010edd7c8a00774f2f38d18be799d4a8bddb192565a9f,22cfb027b76dc0bd04854831f8b3ac7e53d712b752a224e8052d991607f38041,1aa1b08067e5d3da867c2b433a94c892a1e3e2e67eeb9aaf5f66f4ad600fa5d9
naumann_calendar_v4_hybrid_development_v1,naumann_v4_fixed_7_train_6_calibration_4_test_v1,NAUMANN_LFP_CALENDAR_2021,NAUMANN_CAL_T40_SOC12.5,10,0.80000000000000004,26,9,136.94583333333333,40,0.125,588.29166666666652,451.34583333333319,False,hierarchical_activation_residual,none,True,True,True,False,-0.29480712034140621,95.685855667078641,0.37300186063536528,1,2,,True,unavailable,insufficient_same_route_calibration,,,,abstained,calibration_unavailable;calibration_evidence_not_independent;insufficient_same_route_calibration;independent_long_term_evidence_missing;interval_width_invalid,,,136.94583333333333,748.09583333333319,2a5768f904973a75dd3010edd7c8a00774f2f38d18be799d4a8bddb192565a9f,22cfb027b76dc0bd04854831f8b3ac7e53d712b752a224e8052d991607f38041,1aa1b08067e5d3da867c2b433a94c892a1e3e2e67eeb9aaf5f66f4ad600fa5d9
naumann_calendar_v4_hybrid_development_v1,naumann_v4_fixed_7_train_6_calibration_4_test_v1,NAUMANN_LFP_CALENDAR_2021,NAUMANN_CAL_T40_SOC12.5,10,0.80000000000000004,27,9,136.94583333333333,40,0.125,612.29166666666652,475.34583333333319,False,hierarchical_activation_residual,none,True,True,True,False,-0.31674762685145985,95.558204566852368,0.38632073756804947,1,2,,True,unavailable,insufficient_same_route_calibration,,,,abstained,calibration_unavailable;calibration_evidence_not_independent;insufficient_same_route_calibration;independent_long_term_evidence_missing;interval_width_invalid,,,136.94583333333333,748.09583333333319,2a5768f904973a75dd3010edd7c8a00774f2f38d18be799d4a8bddb192565a9f,22cfb027b76dc0bd04854831f8b3ac7e53d712b752a224e8052d991607f38041,1aa1b08067e5d3da867c2b433a94c892a1e3e2e67eeb9aaf5f66f4ad600fa5d9
naumann_calendar_v4_hybrid_development_v1,naumann_v4_fixed_7_train_6_calibration_4_test_v1,NAUMANN_LFP_CALENDAR_2021,NAUMANN_CAL_T40_SOC12.5,10,0.80000000000000004,28,9,136.94583333333333,40,0.125,631.16666666666652,494.22083333333319,False,hierarchical_activation_residual,none,True,True,True,False,-0.33421016759725725,95.458831222560107,0.39677327947600549,1,2,,True,unavailable,insufficient_same_route_calibration,,,,abstained,calibration_unavailable;calibration_evidence_not_independent;insufficient_same_route_calibration;independent_long_term_evidence_missing;interval_width_invalid,,,136.94583333333333,748.09583333333319,2a5768f904973a75dd3010edd7c8a00774f2f38d18be799d4a8bddb192565a9f,22cfb027b76dc0bd04854831f8b3ac7e53d712b752a224e8052d991607f38041,1aa1b08067e5d3da867c2b433a94c892a1e3e2e67eeb9aaf5f66f4ad600fa5d9
naumann_calendar_v4_hybrid_development_v1,naumann_v4_fixed_7_train_6_calibration_4_test_v1,NAUMANN_LFP_CALENDAR_2021,NAUMANN_CAL_T40_SOC12.5,10,0.80000000000000004,29,9,136.94583333333333,40,0.125,658.79166666666652,521.84583333333319,False,hierarchical_activation_residual,none,True,True,True,False,-0.36006734008904301,95.314935906692952,0.41203269583938323,1,2,,True,unavailable,insufficient_same_route_calibration,,,,abstained,calibration_unavailable;calibration_evidence_not_independent;insufficient_same_route_calibration;independent_long_term_evidence_missing;interval_width_invalid,,,136.94583333333333,748.09583333333319,2a5768f904973a75dd3010edd7c8a00774f2f38d18be799d4a8bddb192565a9f,22cfb027b76dc0bd04854831f8b3ac7e53d712b752a224e8052d991607f38041,1aa1b08067e5d3da867c2b433a94c892a1e3e2e67eeb9aaf5f66f4ad600fa5d9
naumann_calendar_v4_hybrid_development_v1,naumann_v4_fixed_7_train_6_calibration_4_test_v1,NAUMANN_LFP_CALENDAR_2021,NAUMANN_CAL_T40_SOC12.5,10,0.80000000000000004,30,9,136.94583333333333,40,0.125,708.375,571.42916666666667,False,hierarchical_activation_residual,none,True,True,True,False,-0.407263437719598,95.061004413748876,0.4392955898505882,1,2,,True,unavailable,insufficient_same_route_calibration,,,,abstained,calibration_unavailable;calibration_evidence_not_independent;insufficient_same_route_calibration;independent_long_term_evidence_missing;interval_width_invalid,,,136.94583333333333,748.09583333333319,2a5768f904973a75dd3010edd7c8a00774f2f38d18be799d4a8bddb192565a9f,22cfb027b76dc0bd04854831f8b3ac7e53d712b752a224e8052d991607f38041,1aa1b08067e5d3da867c2b433a94c892a1e3e2e67eeb9aaf5f66f4ad600fa5d9
naumann_calendar_v4_hybrid_development_v1,naumann_v4_fixed_7_train_6_calibration_4_test_v1,NAUMANN_LFP_CALENDAR_2021,NAUMANN_CAL_T40_SOC12.5,10,0.80000000000000004,31,9,136.94583333333333,40,0.125,759.95833333333326,623.01249999999993,False,hierarchical_activation_residual,none,True,True,True,False,-0.45726624204898275,94.802326123209596,0.46747322351364051,1,2,,True,unavailable,insufficient_same_route_calibration,,,,abstained,calibration_unavailable;calibration_evidence_not_independent;insufficient_same_route_calibration;independent_long_term_evidence_missing;interval_width_invalid,,,136.94583333333333,748.09583333333319,2a5768f904973a75dd3010edd7c8a00774f2f38d18be799d4a8bddb192565a9f,22cfb027b76dc0bd04854831f8b3ac7e53d712b752a224e8052d991607f38041,1aa1b08067e5d3da867c2b433a94c892a1e3e2e67eeb9aaf5f66f4ad600fa5d9
naumann_calendar_v4_hybrid_development_v1,naumann_v4_fixed_7_train_6_calibration_4_test_v1,NAUMANN_LFP_CALENDAR_2021,NAUMANN_CAL_T40_SOC12.5,10,0.80000000000000004,32,9,136.94583333333333,40,0.125,799.58333333333326,662.63749999999993,False,hierarchical_activation_residual,none,True,True,True,False,-0.49619489681301732,94.607141925757617,0.48898402561659565,1,2,,True,unavailable,insufficient_same_route_calibration,,,,abstained,calibration_unavailable;calibration_evidence_not_independent;insufficient_same_route_calibration;independent_long_term_evidence_missing;interval_width_invalid,,,136.94583333333333,748.09583333333319,2a5768f904973a75dd3010edd7c8a00774f2f38d18be799d4a8bddb192565a9f,22cfb027b76dc0bd04854831f8b3ac7e53d712b752a224e8052d991607f38041,1aa1b08067e5d3da867c2b433a94c892a1e3e2e67eeb9aaf5f66f4ad600fa5d9
naumann_calendar_v4_hybrid_development_v1,naumann_v4_fixed_7_train_6_calibration_4_test_v1,NAUMANN_LFP_CALENDAR_2021,NAUMANN_CAL_T40_SOC12.5,10,0.80000000000000004,33,9,136.94583333333333,40,0.125,840.125,703.17916666666667,False,hierarchical_activation_residual,none,True,True,True,False,-0.53641428732577623,94.410406702528888,0.51086846272218067,1,2,,True,unavailable,insufficient_same_route_calibration,,,,abstained,calibration_unavailable;calibration_evidence_not_independent;insufficient_same_route_calibration;independent_long_term_evidence_missing;interval_width_invalid,,,136.94583333333333,748.09583333333319,2a5768f904973a75dd3010edd7c8a00774f2f38d18be799d4a8bddb192565a9f,22cfb027b76dc0bd04854831f8b3ac7e53d712b752a224e8052d991607f38041,1aa1b08067e5d3da867c2b433a94c892a1e3e2e67eeb9aaf5f66f4ad600fa5d9
naumann_calendar_v4_hybrid_development_v1,naumann_v4_fixed_7_train_6_calibration_4_test_v1,NAUMANN_LFP_CALENDAR_2021,NAUMANN_CAL_T40_SOC12.5,10,0.80000000000000004,34,9,136.94583333333333,40,0.125,885.04166666666652,748.09583333333319,True,hierarchical_activation_residual,none,True,True,True,False,-0.58136387919217858,94.195736570569522,0.53496659600174146,1,2,,True,unavailable,insufficient_same_route_calibration,,,,abstained,calibration_unavailable;calibration_evidence_not_independent;insufficient_same_route_calibration;independent_long_term_evidence_missing;interval_width_invalid,,,136.94583333333333,748.09583333333319,2a5768f904973a75dd3010edd7c8a00774f2f38d18be799d4a8bddb192565a9f,22cfb027b76dc0bd04854831f8b3ac7e53d712b752a224e8052d991607f38041,1aa1b08067e5d3da867c2b433a94c892a1e3e2e67eeb9aaf5f66f4ad600fa5d9
naumann_calendar_v4_hybrid_development_v1,naumann_v4_fixed_7_train_6_calibration_4_test_v1,NAUMANN_LFP_CALENDAR_2021,NAUMANN_CAL_T40_SOC12.5,10,0.90000000000000002,10,9,136.94583333333333,40,0.125,161.36250000000001,24.416666666666686,False,hierarchical_activation_residual,none,True,True,True,False,-0.00573349290041385,98.356883662301428,0.147483125910951,1,2,,True,unavailable,insufficient_same_route_calibration,,,,abstained,calibration_unavailable;calibration_evidence_not_independent;insufficient_same_route_calibration;independent_long_term_evidence_missing;interval_width_invalid,,,136.94583333333333,748.09583333333319,2a5768f904973a75dd3010edd7c8a00774f2f38d18be799d4a8bddb192565a9f,22cfb027b76dc0bd04854831f8b3ac7e53d712b752a224e8052d991607f38041,1aa1b08067e5d3da867c2b433a94c892a1e3e2e67eeb9aaf5f66f4ad600fa5d9
naumann_calendar_v4_hybrid_development_v1,naumann_v4_fixed_7_train_6_calibration_4_test_v1,NAUMANN_LFP_CALENDAR_2021,NAUMANN_CAL_T40_SOC12.5,10,0.90000000000000002,11,9,136.94583333333333,40,0.125,186.79166666666663,49.845833333333303,False,hierarchical_activation_residual,none,True,True,True,False,-0.013669115931001109,98.159777069615274,0.15795658666208245,1,2,,True,unavailable,insufficient_same_route_calibration,,,,abstained,calibration_unavailable;calibration_evidence_not_independent;insufficient_same_route_calibration;independent_long_term_evidence_missing;interval_width_invalid,,,136.94583333333333,748.09583333333319,2a5768f904973a75dd3010edd7c8a00774f2f38d18be799d4a8bddb192565a9f,22cfb027b76dc0bd04854831f8b3ac7e53d712b752a224e8052d991607f38041,1aa1b08067e5d3da867c2b433a94c892a1e3e2e67eeb9aaf5f66f4ad600fa5d9
naumann_calendar_v4_hybrid_development_v1,naumann_v4_fixed_7_train_6_calibration_4_test_v1,NAUMANN_LFP_CALENDAR_2021,NAUMANN_CAL_T40_SOC12.5,10,0.90000000000000002,12,9,136.94583333333333,40,0.125,213.27500000000001,76.32916666666668,False,hierarchical_activation_residual,none,True,True,True,False,-0.023857808468873087,97.963841161846062,0.16990704805995541,1,2,,True,unavailable,insufficient_same_route_calibration,,,,abstained,calibration_unavailable;calibration_evidence_not_independent;insufficient_same_route_calibration;independent_long_term_evidence_missing;interval_width_invalid,,,136.94583333333333,748.09583333333319,2a5768f904973a75dd3010edd7c8a00774f2f38d18be799d4a8bddb192565a9f,22cfb027b76dc0bd04854831f8b3ac7e53d712b752a224e8052d991607f38041,1aa1b08067e5d3da867c2b433a94c892a1e3e2e67eeb9aaf5f66f4ad600fa5d9
naumann_calendar_v4_hybrid_development_v1,naumann_v4_fixed_7_train_6_calibration_4_test_v1,NAUMANN_LFP_CALENDAR_2021,NAUMANN_CAL_T40_SOC12.5,10,0.90000000000000002,13,9,136.94583333333333,40,0.125,239.71250000000001,102.76666666666668,False,hierarchical_activation_residual,none,True,True,True,False,-0.035792306536051803,97.775990262663299,0.18263373660777812,1,2,,True,unavailable,insufficient_same_route_calibration,,,,abstained,calibration_unavailable;calibration_evidence_not_independent;insufficient_same_route_calibration;independent_long_term_evidence_missing;interval_width_invalid,,,136.94583333333333,748.09583333333319,2a5768f904973a75dd3010edd7c8a00774f2f38d18be799d4a8bddb192565a9f,22cfb027b76dc0bd04854831f8b3ac7e53d712b752a224e8052d991607f38041,1aa1b08067e5d3da867c2b433a94c892a1e3e2e67eeb9aaf5f66f4ad600fa5d9
naumann_calendar_v4_hybrid_development_v1,naumann_v4_fixed_7_train_6_calibration_4_test_v1,NAUMANN_LFP_CALENDAR_2021,NAUMANN_CAL_T40_SOC12.5,10,0.90000000000000002,14,9,136.94583333333333,40,0.125,266.17083333333329,129.22499999999997,False,hierarchical_activation_residual,none,True,True,True,False,-0.049322616145604417,97.594451339378708,0.19596288620379948,1,2,,True,unavailable,insufficient_same_route_calibration,,,,abstained,calibration_unavailable;calibration_evidence_not_independent;insufficient_same_route_calibration;independent_long_term_evidence_missing;interval_width_invalid,,,136.94583333333333,748.09583333333319,2a5768f904973a75dd3010edd7c8a00774f2f38d18be799d4a8bddb192565a9f,22cfb027b76dc0bd04854831f8b3ac7e53d712b752a224e8052d991607f38041,1aa1b08067e5d3da867c2b433a94c892a1e3e2e67eeb9aaf5f66f4ad600fa5d9
naumann_calendar_v4_hybrid_development_v1,naumann_v4_fixed_7_train_6_calibration_4_test_v1,NAUMANN_LFP_CALENDAR_2021,NAUMANN_CAL_T40_SOC12.5,10,0.90000000000000002,15,9,136.94583333333333,40,0.125,292.77916666666664,155.83333333333331,False,hierarchical_activation_residual,none,True,True,True,False,-0.064368822361348957,97.417432395380416,0.20980931633865807,1,2,,True,unavailable,insufficient_same_route_calibration,,,,abstained,calibration_unavailable;calibration_evidence_not_independent;insufficient_same_route_calibration;independent_long_term_evidence_missing;interval_width_invalid,,,136.94583333333333,748.09583333333319,2a5768f904973a75dd3010edd7c8a00774f2f38d18be799d4a8bddb192565a9f,22cfb027b76dc0bd04854831f8b3ac7e53d712b752a224e8052d991607f38041,1aa1b08067e5d3da867c2b433a94c892a1e3e2e67eeb9aaf5f66f4ad600fa5d9
naumann_calendar_v4_hybrid_development_v1,naumann_v4_fixed_7_train_6_calibration_4_test_v1,NAUMANN_LFP_CALENDAR_2021,NAUMANN_CAL_T40_SOC12.5,10,0.90000000000000002,16,9,136.94583333333333,40,0.125,319.30833333333334,182.36250000000001,False,hierarchical_activation_residual,none,True,True,True,False,-0.080662065175002393,97.245740010970096,0.22393828949084829,1,2,,True,unavailable,insufficient_same_route_calibration,,,,abstained,calibration_unavailable;calibration_evidence_not_independent;insufficient_same_route_calibration;independent_long_term_evidence_missing;interval_width_invalid,,,136.94583333333333,748.09583333333319,2a5768f904973a75dd3010edd7c8a00774f2f38d18be799d4a8bddb192565a9f,22cfb027b76dc0bd04854831f8b3ac7e53d712b752a224e8052d991607f38041,1aa1b08067e5d3da867c2b433a94c892a1e3e2e67eeb9aaf5f66f4ad600fa5d9
naumann_calendar_v4_hybrid_development_v1,naumann_v4_fixed_7_train_6_calibration_4_test_v1,NAUMANN_LFP_CALENDAR_2021,NAUMANN_CAL_T40_SOC12.5,10,0.90000000000000002,17,9,136.94583333333333,40,0.125,345.83749999999998,208.89166666666665,False,hierarchical_activation_residual,none,True,True,True,False,-0.098114881748386049,97.078261627722043,0.23830226036804225,1,2,,True,unavailable,insufficient_same_route_calibration,,,,abstained,calibration_unavailable;calibration_evidence_not_independent;insufficient_same_route_calibration;independent_long_term_evidence_missing;interval_width_invalid,,,136.94583333333333,748.09583333333319,2a5768f904973a75dd3010edd7c8a00774f2f38d18be799d4a8bddb192565a9f,22cfb027b76dc0bd04854831f8b3ac7e53d712b752a224e8052d991607f38041,1aa1b08067e5d3da867c2b433a94c892a1e3e2e67eeb9aaf5f66f4ad600fa5d9
naumann_calendar_v4_hybrid_development_v1,naumann_v4_fixed_7_train_6_calibration_4_test_v1,NAUMANN_LFP_CALENDAR_2021,NAUMANN_CAL_T40_SOC12.5,10,0.90000000000000002,18,9,136.94583333333333,40,0.125,376.31666666666666,239.37083333333334,False,hierarchical_activation_residual,none,True,True,True,False,-0.11944664905184289,96.890455492586852,0.25500938974909154,1,2,,True,unavailable,insufficient_same_route_calibration,,,,abstained,calibration_unavailable;calibration_evidence_not_independent;insufficient_same_route_calibration;independent_long_term_evidence_missing;interval_width_invalid,,,136.94583333333333,748.09583333333319,2a5768f904973a75dd3010edd7c8a00774f2f38d18be799d4a8bddb192565a9f,22cfb027b76dc0bd04854831f8b3ac7e53d712b752a224e8052d991607f38041,1aa1b08067e5d3da867c2b433a94c892a1e3e2e67eeb9aaf5f66f4ad600fa5d9
naumann_calendar_v4_hybrid_development_v1,naumann_v4_fixed_7_train_6_calibration_4_test_v1,NAUMANN_LFP_CALENDAR_2021,NAUMANN_CAL_T40_SOC12.5,10,0.90000000000000002,19,9,136.94583333333333,40,0.125,402.74166666666662,265.79583333333329,False,hierarchical_activation_residual,none,True,True,True,False,-0.13893207019690001,96.731204894281888,0.26961537528188467,1,2,,True,unavailable,insufficient_same_route_calibration,,,,abstained,calibration_unavailable;calibration_evidence_not_independent;insufficient_same_route_calibration;independent_long_term_evidence_missing;interval_width_invalid,,,136.94583333333333,748.09583333333319,2a5768f904973a75dd3010edd7c8a00774f2f38d18be799d4a8bddb192565a9f,22cfb027b76dc0bd04854831f8b3ac7e53d712b752a224e8052d991607f38041,1aa1b08067e5d3da867c2b433a94c892a1e3e2e67eeb9aaf5f66f4ad600fa5d9
naumann_calendar_v4_hybrid_development_v1,naumann_v4_fixed_7_train_6_calibration_4_test_v1,NAUMANN_LFP_CALENDAR_2021,NAUMANN_CAL_T40_SOC12.5,10,0.90000000000000002,20,9,136.94583333333333,40,0.125,429.25,292.30416666666667,False,hierarchical_activation_residual,none,True,True,True,False,-0.15930607260464594,96.574471512023706,0.28434097012260745,1,2,,True,unavailable,insufficient_same_route_calibration,,,,abstained,calibration_unavailable;calibration_evidence_not_independent;insufficient_same_route_calibration;independent_long_term_evidence_missing;interval_width_invalid,,,136.94583333333333,748.09583333333319,2a5768f904973a75dd3010edd7c8a00774f2f38d18be799d4a8bddb192565a9f,22cfb027b76dc0bd04854831f8b3ac7e53d712b752a224e8052d991607f38041,1aa1b08067e5d3da867c2b433a94c892a1e3e2e67eeb9aaf5f66f4ad600fa5d9
naumann_calendar_v4_hybrid_development_v1,naumann_v4_fixed_7_train_6_calibration_4_test_v1,NAUMANN_LFP_CALENDAR_2021,NAUMANN_CAL_T40_SOC12.5,10,0.90000000000000002,21,9,136.94583333333333,40,0.125,455.79166666666663,318.8458333333333,False,hierarchical_activation_residual,none,True,True,True,False,-0.18045204180772445,96.420319581349389,0.29913006372230594,1,2,,True,unavailable,insufficient_same_route_calibration,,,,abstained,calibration_unavailable;calibration_evidence_not_independent;insufficient_same_route_calibration;independent_long_term_evidence_missing;interval_width_invalid,,,136.94583333333333,748.09583333333319,2a5768f904973a75dd3010edd7c8a00774f2f38d18be799d4a8bddb192565a9f,22cfb027b76dc0bd04854831f8b3ac7e53d712b752a224e8052d991607f38041,1aa1b08067e5d3da867c2b433a94c892a1e3e2e67eeb9aaf5f66f4ad600fa5d9
naumann_calendar_v4_hybrid_development_v1,naumann_v4_fixed_7_train_6_calibration_4_test_v1,NAUMANN_LFP_CALENDAR_2021,NAUMANN_CAL_T40_SOC12.5,10,0.90000000000000002,22,9,136.94583333333333,40,0.125,482.29166666666663,345.3458333333333,False,hierarchical_activation_residual,none,True,True,True,False,-0.20223471302996215,96.268970460283796,0.31391850537253357,1,2,,True,unavailable,insufficient_same_route_calibration,,,,abstained,calibration_unavailable;calibration_evidence_not_independent;insufficient_same_route_calibration;independent_long_term_evidence_missing;interval_width_invalid,,,136.94583333333333,748.09583333333319,2a5768f904973a75dd3010edd7c8a00774f2f38d18be799d4a8bddb192565a9f,22cfb027b76dc0bd04854831f8b3ac7e53d712b752a224e8052d991607f38041,1aa1b08067e5d3da867c2b433a94c892a1e3e2e67eeb9aaf5f66f4ad600fa5d9
naumann_calendar_v4_hybrid_development_v1,naumann_v4_fixed_7_train_6_calibration_4_test_v1,NAUMANN_LFP_CALENDAR_2021,NAUMANN_CAL_T40_SOC12.5,10,0.90000000000000002,23,9,136.94583333333333,40,0.125,508.79166666666663,371.8458333333333,False,hierarchical_activation_residual,none,True,True,True,False,-0.22461923706335629,96.119997780093911,0.32871210202644591,1,2,,True,unavailable,insufficient_same_route_calibration,,,,abstained,calibration_unavailable;calibration_evidence_not_independent;insufficient_same_route_calibration;independent_long_term_evidence_missing;interval_width_invalid,,,136.94583333333333,748.09583333333319,2a5768f904973a75dd3010edd7c8a00774f2f38d18be799d4a8bddb192565a9f,22cfb027b76dc0bd04854831f8b3ac7e53d712b752a224e8052d991607f38041,1aa1b08067e5d3da867c2b433a94c892a1e3e2e67eeb9aaf5f66f4ad600fa5d9
naumann_calendar_v4_hybrid_development_v1,naumann_v4_fixed_7_train_6_calibration_4_test_v1,NAUMANN_LFP_CALENDAR_2021,NAUMANN_CAL_T40_SOC12.5,10,0.90000000000000002,24,9,136.94583333333333,40,0.125,535.16666666666652,398.22083333333319,False,hierarchical_activation_residual,none,True,True,True,False,-0.24743561331938407,95.973930947385128,0.3434275525322335,1,2,,True,unavailable,insufficient_same_route_calibration,,,,abstained,calibration_unavailable;calibration_evidence_not_independent;insufficient_same_route_calibration;independent_long_term_evidence_missing;interval_width_invalid,,,136.94583333333333,748.09583333333319,2a5768f904973a75dd3010edd7c8a00774f2f38d18be799d4a8bddb192565a9f,22cfb027b76dc0bd04854831f8b3ac7e53d712b752a224e8052d991607f38041,1aa1b08067e5d3da867c2b433a94c892a1e3e2e67eeb9aaf5f66f4ad600fa5d9
naumann_calendar_v4_hybrid_development_v1,naumann_v4_fixed_7_train_6_calibration_4_test_v1,NAUMANN_LFP_CALENDAR_2021,NAUMANN_CAL_T40_SOC12.5,10,0.90000000000000002,25,9,136.94583333333333,40,0.125,561.70833333333337,424.76250000000005,False,hierarchical_activation_residual,none,True,True,True,False,-0.27088291678271975,95.829022036449302,0.35821690738846645,1,2,,True,unavailable,insufficient_same_route_calibration,,,,abstained,calibration_unavailable;calibration_evidence_not_independent;insufficient_same_route_calibration;independent_long_term_evidence_missing;interval_width_invalid,,,136.94583333333333,748.09583333333319,2a5768f904973a75dd3010edd7c8a00774f2f38d18be799d4a8bddb192565a9f,22cfb027b76dc0bd04854831f8b3ac7e53d712b752a224e8052d991607f38041,1aa1b08067e5d3da867c2b433a94c892a1e3e2e67eeb9aaf5f66f4ad600fa5d9
naumann_calendar_v4_hybrid_development_v1,naumann_v4_fixed_7_train_6_calibration_4_test_v1,NAUMANN_LFP_CALENDAR_2021,NAUMANN_CAL_T40_SOC12.5,10,0.90000000000000002,26,9,136.94583333333333,40,0.125,588.29166666666652,451.34583333333319,False,hierarchical_activation_residual,none,True,True,True,False,-0.29480712034140621,95.685855667078641,0.37300186063536528,1,2,,True,unavailable,insufficient_same_route_calibration,,,,abstained,calibration_unavailable;calibration_evidence_not_independent;insufficient_same_route_calibration;independent_long_term_evidence_missing;interval_width_invalid,,,136.94583333333333,748.09583333333319,2a5768f904973a75dd3010edd7c8a00774f2f38d18be799d4a8bddb192565a9f,22cfb027b76dc0bd04854831f8b3ac7e53d712b752a224e8052d991607f38041,1aa1b08067e5d3da867c2b433a94c892a1e3e2e67eeb9aaf5f66f4ad600fa5d9
naumann_calendar_v4_hybrid_development_v1,naumann_v4_fixed_7_train_6_calibration_4_test_v1,NAUMANN_LFP_CALENDAR_2021,NAUMANN_CAL_T40_SOC12.5,10,0.90000000000000002,27,9,136.94583333333333,40,0.125,612.29166666666652,475.34583333333319,False,hierarchical_activation_residual,none,True,True,True,False,-0.31674762685145985,95.558204566852368,0.38632073756804947,1,2,,True,unavailable,insufficient_same_route_calibration,,,,abstained,calibration_unavailable;calibration_evidence_not_independent;insufficient_same_route_calibration;independent_long_term_evidence_missing;interval_width_invalid,,,136.94583333333333,748.09583333333319,2a5768f904973a75dd3010edd7c8a00774f2f38d18be799d4a8bddb192565a9f,22cfb027b76dc0bd04854831f8b3ac7e53d712b752a224e8052d991607f38041,1aa1b08067e5d3da867c2b433a94c892a1e3e2e67eeb9aaf5f66f4ad600fa5d9
naumann_calendar_v4_hybrid_development_v1,naumann_v4_fixed_7_train_6_calibration_4_test_v1,NAUMANN_LFP_CALENDAR_2021,NAUMANN_CAL_T40_SOC12.5,10,0.90000000000000002,28,9,136.94583333333333,40,0.125,631.16666666666652,494.22083333333319,False,hierarchical_activation_residual,none,True,True,True,False,-0.33421016759725725,95.458831222560107,0.39677327947600549,1,2,,True,unavailable,insufficient_same_route_calibration,,,,abstained,calibration_unavailable;calibration_evidence_not_independent;insufficient_same_route_calibration;independent_long_term_evidence_missing;interval_width_invalid,,,136.94583333333333,748.09583333333319,2a5768f904973a75dd3010edd7c8a00774f2f38d18be799d4a8bddb192565a9f,22cfb027b76dc0bd04854831f8b3ac7e53d712b752a224e8052d991607f38041,1aa1b08067e5d3da867c2b433a94c892a1e3e2e67eeb9aaf5f66f4ad600fa5d9
naumann_calendar_v4_hybrid_development_v1,naumann_v4_fixed_7_train_6_calibration_4_test_v1,NAUMANN_LFP_CALENDAR_2021,NAUMANN_CAL_T40_SOC12.5,10,0.90000000000000002,29,9,136.94583333333333,40,0.125,658.79166666666652,521.84583333333319,False,hierarchical_activation_residual,none,True,True,True,False,-0.36006734008904301,95.314935906692952,0.41203269583938323,1,2,,True,unavailable,insufficient_same_route_calibration,,,,abstained,calibration_unavailable;calibration_evidence_not_independent;insufficient_same_route_calibration;independent_long_term_evidence_missing;interval_width_invalid,,,136.94583333333333,748.09583333333319,2a5768f904973a75dd3010edd7c8a00774f2f38d18be799d4a8bddb192565a9f,22cfb027b76dc0bd04854831f8b3ac7e53d712b752a224e8052d991607f38041,1aa1b08067e5d3da867c2b433a94c892a1e3e2e67eeb9aaf5f66f4ad600fa5d9
naumann_calendar_v4_hybrid_development_v1,naumann_v4_fixed_7_train_6_calibration_4_test_v1,NAUMANN_LFP_CALENDAR_2021,NAUMANN_CAL_T40_SOC12.5,10,0.90000000000000002,30,9,136.94583333333333,40,0.125,708.375,571.42916666666667,False,hierarchical_activation_residual,none,True,True,True,False,-0.407263437719598,95.061004413748876,0.4392955898505882,1,2,,True,unavailable,insufficient_same_route_calibration,,,,abstained,calibration_unavailable;calibration_evidence_not_independent;insufficient_same_route_calibration;independent_long_term_evidence_missing;interval_width_invalid,,,136.94583333333333,748.09583333333319,2a5768f904973a75dd3010edd7c8a00774f2f38d18be799d4a8bddb192565a9f,22cfb027b76dc0bd04854831f8b3ac7e53d712b752a224e8052d991607f38041,1aa1b08067e5d3da867c2b433a94c892a1e3e2e67eeb9aaf5f66f4ad600fa5d9
naumann_calendar_v4_hybrid_development_v1,naumann_v4_fixed_7_train_6_calibration_4_test_v1,NAUMANN_LFP_CALENDAR_2021,NAUMANN_CAL_T40_SOC12.5,10,0.90000000000000002,31,9,136.94583333333333,40,0.125,759.95833333333326,623.01249999999993,False,hierarchical_activation_residual,none,True,True,True,False,-0.45726624204898275,94.802326123209596,0.46747322351364051,1,2,,True,unavailable,insufficient_same_route_calibration,,,,abstained,calibration_unavailable;calibration_evidence_not_independent;insufficient_same_route_calibration;independent_long_term_evidence_missing;interval_width_invalid,,,136.94583333333333,748.09583333333319,2a5768f904973a75dd3010edd7c8a00774f2f38d18be799d4a8bddb192565a9f,22cfb027b76dc0bd04854831f8b3ac7e53d712b752a224e8052d991607f38041,1aa1b08067e5d3da867c2b433a94c892a1e3e2e67eeb9aaf5f66f4ad600fa5d9
naumann_calendar_v4_hybrid_development_v1,naumann_v4_fixed_7_train_6_calibration_4_test_v1,NAUMANN_LFP_CALENDAR_2021,NAUMANN_CAL_T40_SOC12.5,10,0.90000000000000002,32,9,136.94583333333333,40,0.125,799.58333333333326,662.63749999999993,False,hierarchical_activation_residual,none,True,True,True,False,-0.49619489681301732,94.607141925757617,0.48898402561659565,1,2,,True,unavailable,insufficient_same_route_calibration,,,,abstained,calibration_unavailable;calibration_evidence_not_independent;insufficient_same_route_calibration;independent_long_term_evidence_missing;interval_width_invalid,,,136.94583333333333,748.09583333333319,2a5768f904973a75dd3010edd7c8a00774f2f38d18be799d4a8bddb192565a9f,22cfb027b76dc0bd04854831f8b3ac7e53d712b752a224e8052d991607f38041,1aa1b08067e5d3da867c2b433a94c892a1e3e2e67eeb9aaf5f66f4ad600fa5d9
naumann_calendar_v4_hybrid_development_v1,naumann_v4_fixed_7_train_6_calibration_4_test_v1,NAUMANN_LFP_CALENDAR_2021,NAUMANN_CAL_T40_SOC12.5,10,0.90000000000000002,33,9,136.94583333333333,40,0.125,840.125,703.17916666666667,False,hierarchical_activation_residual,none,True,True,True,False,-0.53641428732577623,94.410406702528888,0.51086846272218067,1,2,,True,unavailable,insufficient_same_route_calibration,,,,abstained,calibration_unavailable;calibration_evidence_not_independent;insufficient_same_route_calibration;independent_long_term_evidence_missing;interval_width_invalid,,,136.94583333333333,748.09583333333319,2a5768f904973a75dd3010edd7c8a00774f2f38d18be799d4a8bddb192565a9f,22cfb027b76dc0bd04854831f8b3ac7e53d712b752a224e8052d991607f38041,1aa1b08067e5d3da867c2b433a94c892a1e3e2e67eeb9aaf5f66f4ad600fa5d9
naumann_calendar_v4_hybrid_development_v1,naumann_v4_fixed_7_train_6_calibration_4_test_v1,NAUMANN_LFP_CALENDAR_2021,NAUMANN_CAL_T40_SOC12.5,10,0.90000000000000002,34,9,136.94583333333333,40,0.125,885.04166666666652,748.09583333333319,True,hierarchical_activation_residual,none,True,True,True,False,-0.58136387919217858,94.195736570569522,0.53496659600174146,1,2,,True,unavailable,insufficient_same_route_calibration,,,,abstained,calibration_unavailable;calibration_evidence_not_independent;insufficient_same_route_calibration;independent_long_term_evidence_missing;interval_width_invalid,,,136.94583333333333,748.09583333333319,2a5768f904973a75dd3010edd7c8a00774f2f38d18be799d4a8bddb192565a9f,22cfb027b76dc0bd04854831f8b3ac7e53d712b752a224e8052d991607f38041,1aa1b08067e5d3da867c2b433a94c892a1e3e2e67eeb9aaf5f66f4ad600fa5d9
naumann_calendar_v4_hybrid_development_v1,naumann_v4_fixed_7_train_6_calibration_4_test_v1,NAUMANN_LFP_CALENDAR_2021,NAUMANN_CAL_T40_SOC12.5,10,0.94999999999999996,10,9,136.94583333333333,40,0.125,161.36250000000001,24.416666666666686,False,hierarchical_activation_residual,none,True,True,True,False,-0.00573349290041385,98.356883662301428,0.147483125910951,1,2,,True,unavailable,insufficient_same_route_calibration,,,,abstained,calibration_unavailable;calibration_evidence_not_independent;insufficient_same_route_calibration;independent_long_term_evidence_missing;interval_width_invalid,,,136.94583333333333,748.09583333333319,2a5768f904973a75dd3010edd7c8a00774f2f38d18be799d4a8bddb192565a9f,22cfb027b76dc0bd04854831f8b3ac7e53d712b752a224e8052d991607f38041,1aa1b08067e5d3da867c2b433a94c892a1e3e2e67eeb9aaf5f66f4ad600fa5d9
naumann_calendar_v4_hybrid_development_v1,naumann_v4_fixed_7_train_6_calibration_4_test_v1,NAUMANN_LFP_CALENDAR_2021,NAUMANN_CAL_T40_SOC12.5,10,0.94999999999999996,11,9,136.94583333333333,40,0.125,186.79166666666663,49.845833333333303,False,hierarchical_activation_residual,none,True,True,True,False,-0.013669115931001109,98.159777069615274,0.15795658666208245,1,2,,True,unavailable,insufficient_same_route_calibration,,,,abstained,calibration_unavailable;calibration_evidence_not_independent;insufficient_same_route_calibration;independent_long_term_evidence_missing;interval_width_invalid,,,136.94583333333333,748.09583333333319,2a5768f904973a75dd3010edd7c8a00774f2f38d18be799d4a8bddb192565a9f,22cfb027b76dc0bd04854831f8b3ac7e53d712b752a224e8052d991607f38041,1aa1b08067e5d3da867c2b433a94c892a1e3e2e67eeb9aaf5f66f4ad600fa5d9
naumann_calendar_v4_hybrid_development_v1,naumann_v4_fixed_7_train_6_calibration_4_test_v1,NAUMANN_LFP_CALENDAR_2021,NAUMANN_CAL_T40_SOC12.5,10,0.94999999999999996,12,9,136.94583333333333,40,0.125,213.27500000000001,76.32916666666668,False,hierarchical_activation_residual,none,True,True,True,False,-0.023857808468873087,97.963841161846062,0.16990704805995541,1,2,,True,unavailable,insufficient_same_route_calibration,,,,abstained,calibration_unavailable;calibration_evidence_not_independent;insufficient_same_route_calibration;independent_long_term_evidence_missing;interval_width_invalid,,,136.94583333333333,748.09583333333319,2a5768f904973a75dd3010edd7c8a00774f2f38d18be799d4a8bddb192565a9f,22cfb027b76dc0bd04854831f8b3ac7e53d712b752a224e8052d991607f38041,1aa1b08067e5d3da867c2b433a94c892a1e3e2e67eeb9aaf5f66f4ad600fa5d9
naumann_calendar_v4_hybrid_development_v1,naumann_v4_fixed_7_train_6_calibration_4_test_v1,NAUMANN_LFP_CALENDAR_2021,NAUMANN_CAL_T40_SOC12.5,10,0.94999999999999996,13,9,136.94583333333333,40,0.125,239.71250000000001,102.76666666666668,False,hierarchical_activation_residual,none,True,True,True,False,-0.035792306536051803,97.775990262663299,0.18263373660777812,1,2,,True,unavailable,insufficient_same_route_calibration,,,,abstained,calibration_unavailable;calibration_evidence_not_independent;insufficient_same_route_calibration;independent_long_term_evidence_missing;interval_width_invalid,,,136.94583333333333,748.09583333333319,2a5768f904973a75dd3010edd7c8a00774f2f38d18be799d4a8bddb192565a9f,22cfb027b76dc0bd04854831f8b3ac7e53d712b752a224e8052d991607f38041,1aa1b08067e5d3da867c2b433a94c892a1e3e2e67eeb9aaf5f66f4ad600fa5d9
naumann_calendar_v4_hybrid_development_v1,naumann_v4_fixed_7_train_6_calibration_4_test_v1,NAUMANN_LFP_CALENDAR_2021,NAUMANN_CAL_T40_SOC12.5,10,0.94999999999999996,14,9,136.94583333333333,40,0.125,266.17083333333329,129.22499999999997,False,hierarchical_activation_residual,none,True,True,True,False,-0.049322616145604417,97.594451339378708,0.19596288620379948,1,2,,True,unavailable,insufficient_same_route_calibration,,,,abstained,calibration_unavailable;calibration_evidence_not_independent;insufficient_same_route_calibration;independent_long_term_evidence_missing;interval_width_invalid,,,136.94583333333333,748.09583333333319,2a5768f904973a75dd3010edd7c8a00774f2f38d18be799d4a8bddb192565a9f,22cfb027b76dc0bd04854831f8b3ac7e53d712b752a224e8052d991607f38041,1aa1b08067e5d3da867c2b433a94c892a1e3e2e67eeb9aaf5f66f4ad600fa5d9
naumann_calendar_v4_hybrid_development_v1,naumann_v4_fixed_7_train_6_calibration_4_test_v1,NAUMANN_LFP_CALENDAR_2021,NAUMANN_CAL_T40_SOC12.5,10,0.94999999999999996,15,9,136.94583333333333,40,0.125,292.77916666666664,155.83333333333331,False,hierarchical_activation_residual,none,True,True,True,False,-0.064368822361348957,97.417432395380416,0.20980931633865807,1,2,,True,unavailable,insufficient_same_route_calibration,,,,abstained,calibration_unavailable;calibration_evidence_not_independent;insufficient_same_route_calibration;independent_long_term_evidence_missing;interval_width_invalid,,,136.94583333333333,748.09583333333319,2a5768f904973a75dd3010edd7c8a00774f2f38d18be799d4a8bddb192565a9f,22cfb027b76dc0bd04854831f8b3ac7e53d712b752a224e8052d991607f38041,1aa1b08067e5d3da867c2b433a94c892a1e3e2e67eeb9aaf5f66f4ad600fa5d9
naumann_calendar_v4_hybrid_development_v1,naumann_v4_fixed_7_train_6_calibration_4_test_v1,NAUMANN_LFP_CALENDAR_2021,NAUMANN_CAL_T40_SOC12.5,10,0.94999999999999996,16,9,136.94583333333333,40,0.125,319.30833333333334,182.36250000000001,False,hierarchical_activation_residual,none,True,True,True,False,-0.080662065175002393,97.245740010970096,0.22393828949084829,1,2,,True,unavailable,insufficient_same_route_calibration,,,,abstained,calibration_unavailable;calibration_evidence_not_independent;insufficient_same_route_calibration;independent_long_term_evidence_missing;interval_width_invalid,,,136.94583333333333,748.09583333333319,2a5768f904973a75dd3010edd7c8a00774f2f38d18be799d4a8bddb192565a9f,22cfb027b76dc0bd04854831f8b3ac7e53d712b752a224e8052d991607f38041,1aa1b08067e5d3da867c2b433a94c892a1e3e2e67eeb9aaf5f66f4ad600fa5d9
naumann_calendar_v4_hybrid_development_v1,naumann_v4_fixed_7_train_6_calibration_4_test_v1,NAUMANN_LFP_CALENDAR_2021,NAUMANN_CAL_T40_SOC12.5,10,0.94999999999999996,17,9,136.94583333333333,40,0.125,345.83749999999998,208.89166666666665,False,hierarchical_activation_residual,none,True,True,True,False,-0.098114881748386049,97.078261627722043,0.23830226036804225,1,2,,True,unavailable,insufficient_same_route_calibration,,,,abstained,calibration_unavailable;calibration_evidence_not_independent;insufficient_same_route_calibration;independent_long_term_evidence_missing;interval_width_invalid,,,136.94583333333333,748.09583333333319,2a5768f904973a75dd3010edd7c8a00774f2f38d18be799d4a8bddb192565a9f,22cfb027b76dc0bd04854831f8b3ac7e53d712b752a224e8052d991607f38041,1aa1b08067e5d3da867c2b433a94c892a1e3e2e67eeb9aaf5f66f4ad600fa5d9
naumann_calendar_v4_hybrid_development_v1,naumann_v4_fixed_7_train_6_calibration_4_test_v1,NAUMANN_LFP_CALENDAR_2021,NAUMANN_CAL_T40_SOC12.5,10,0.94999999999999996,18,9,136.94583333333333,40,0.125,376.31666666666666,239.37083333333334,False,hierarchical_activation_residual,none,True,True,True,False,-0.11944664905184289,96.890455492586852,0.25500938974909154,1,2,,True,unavailable,insufficient_same_route_calibration,,,,abstained,calibration_unavailable;calibration_evidence_not_independent;insufficient_same_route_calibration;independent_long_term_evidence_missing;interval_width_invalid,,,136.94583333333333,748.09583333333319,2a5768f904973a75dd3010edd7c8a00774f2f38d18be799d4a8bddb192565a9f,22cfb027b76dc0bd04854831f8b3ac7e53d712b752a224e8052d991607f38041,1aa1b08067e5d3da867c2b433a94c892a1e3e2e67eeb9aaf5f66f4ad600fa5d9
naumann_calendar_v4_hybrid_development_v1,naumann_v4_fixed_7_train_6_calibration_4_test_v1,NAUMANN_LFP_CALENDAR_2021,NAUMANN_CAL_T40_SOC12.5,10,0.94999999999999996,19,9,136.94583333333333,40,0.125,402.74166666666662,265.79583333333329,False,hierarchical_activation_residual,none,True,True,True,False,-0.13893207019690001,96.731204894281888,0.26961537528188467,1,2,,True,unavailable,insufficient_same_route_calibration,,,,abstained,calibration_unavailable;calibration_evidence_not_independent;insufficient_same_route_calibration;independent_long_term_evidence_missing;interval_width_invalid,,,136.94583333333333,748.09583333333319,2a5768f904973a75dd3010edd7c8a00774f2f38d18be799d4a8bddb192565a9f,22cfb027b76dc0bd04854831f8b3ac7e53d712b752a224e8052d991607f38041,1aa1b08067e5d3da867c2b433a94c892a1e3e2e67eeb9aaf5f66f4ad600fa5d9
naumann_calendar_v4_hybrid_development_v1,naumann_v4_fixed_7_train_6_calibration_4_test_v1,NAUMANN_LFP_CALENDAR_2021,NAUMANN_CAL_T40_SOC12.5,10,0.94999999999999996,20,9,136.94583333333333,40,0.125,429.25,292.30416666666667,False,hierarchical_activation_residual,none,True,True,True,False,-0.15930607260464594,96.574471512023706,0.28434097012260745,1,2,,True,unavailable,insufficient_same_route_calibration,,,,abstained,calibration_unavailable;calibration_evidence_not_independent;insufficient_same_route_calibration;independent_long_term_evidence_missing;interval_width_invalid,,,136.94583333333333,748.09583333333319,2a5768f904973a75dd3010edd7c8a00774f2f38d18be799d4a8bddb192565a9f,22cfb027b76dc0bd04854831f8b3ac7e53d712b752a224e8052d991607f38041,1aa1b08067e5d3da867c2b433a94c892a1e3e2e67eeb9aaf5f66f4ad600fa5d9
naumann_calendar_v4_hybrid_development_v1,naumann_v4_fixed_7_train_6_calibration_4_test_v1,NAUMANN_LFP_CALENDAR_2021,NAUMANN_CAL_T40_SOC12.5,10,0.94999999999999996,21,9,136.94583333333333,40,0.125,455.79166666666663,318.8458333333333,False,hierarchical_activation_residual,none,True,True,True,False,-0.18045204180772445,96.420319581349389,0.29913006372230594,1,2,,True,unavailable,insufficient_same_route_calibration,,,,abstained,calibration_unavailable;calibration_evidence_not_independent;insufficient_same_route_calibration;independent_long_term_evidence_missing;interval_width_invalid,,,136.94583333333333,748.09583333333319,2a5768f904973a75dd3010edd7c8a00774f2f38d18be799d4a8bddb192565a9f,22cfb027b76dc0bd04854831f8b3ac7e53d712b752a224e8052d991607f38041,1aa1b08067e5d3da867c2b433a94c892a1e3e2e67eeb9aaf5f66f4ad600fa5d9
naumann_calendar_v4_hybrid_development_v1,naumann_v4_fixed_7_train_6_calibration_4_test_v1,NAUMANN_LFP_CALENDAR_2021,NAUMANN_CAL_T40_SOC12.5,10,0.94999999999999996,22,9,136.94583333333333,40,0.125,482.29166666666663,345.3458333333333,False,hierarchical_activation_residual,none,True,True,True,False,-0.20223471302996215,96.268970460283796,0.31391850537253357,1,2,,True,unavailable,insufficient_same_route_calibration,,,,abstained,calibration_unavailable;calibration_evidence_not_independent;insufficient_same_route_calibration;independent_long_term_evidence_missing;interval_width_invalid,,,136.94583333333333,748.09583333333319,2a5768f904973a75dd3010edd7c8a00774f2f38d18be799d4a8bddb192565a9f,22cfb027b76dc0bd04854831f8b3ac7e53d712b752a224e8052d991607f38041,1aa1b08067e5d3da867c2b433a94c892a1e3e2e67eeb9aaf5f66f4ad600fa5d9
naumann_calendar_v4_hybrid_development_v1,naumann_v4_fixed_7_train_6_calibration_4_test_v1,NAUMANN_LFP_CALENDAR_2021,NAUMANN_CAL_T40_SOC12.5,10,0.94999999999999996,23,9,136.94583333333333,40,0.125,508.79166666666663,371.8458333333333,False,hierarchical_activation_residual,none,True,True,True,False,-0.22461923706335629,96.119997780093911,0.32871210202644591,1,2,,True,unavailable,insufficient_same_route_calibration,,,,abstained,calibration_unavailable;calibration_evidence_not_independent;insufficient_same_route_calibration;independent_long_term_evidence_missing;interval_width_invalid,,,136.94583333333333,748.09583333333319,2a5768f904973a75dd3010edd7c8a00774f2f38d18be799d4a8bddb192565a9f,22cfb027b76dc0bd04854831f8b3ac7e53d712b752a224e8052d991607f38041,1aa1b08067e5d3da867c2b433a94c892a1e3e2e67eeb9aaf5f66f4ad600fa5d9
naumann_calendar_v4_hybrid_development_v1,naumann_v4_fixed_7_train_6_calibration_4_test_v1,NAUMANN_LFP_CALENDAR_2021,NAUMANN_CAL_T40_SOC12.5,10,0.94999999999999996,24,9,136.94583333333333,40,0.125,535.16666666666652,398.22083333333319,False,hierarchical_activation_residual,none,True,True,True,False,-0.24743561331938407,95.973930947385128,0.3434275525322335,1,2,,True,unavailable,insufficient_same_route_calibration,,,,abstained,calibration_unavailable;calibration_evidence_not_independent;insufficient_same_route_calibration;independent_long_term_evidence_missing;interval_width_invalid,,,136.94583333333333,748.09583333333319,2a5768f904973a75dd3010edd7c8a00774f2f38d18be799d4a8bddb192565a9f,22cfb027b76dc0bd04854831f8b3ac7e53d712b752a224e8052d991607f38041,1aa1b08067e5d3da867c2b433a94c892a1e3e2e67eeb9aaf5f66f4ad600fa5d9
naumann_calendar_v4_hybrid_development_v1,naumann_v4_fixed_7_train_6_calibration_4_test_v1,NAUMANN_LFP_CALENDAR_2021,NAUMANN_CAL_T40_SOC12.5,10,0.94999999999999996,25,9,136.94583333333333,40,0.125,561.70833333333337,424.76250000000005,False,hierarchical_activation_residual,none,True,True,True,False,-0.27088291678271975,95.829022036449302,0.35821690738846645,1,2,,True,unavailable,insufficient_same_route_calibration,,,,abstained,calibration_unavailable;calibration_evidence_not_independent;insufficient_same_route_calibration;independent_long_term_evidence_missing;interval_width_invalid,,,136.94583333333333,748.09583333333319,2a5768f904973a75dd3010edd7c8a00774f2f38d18be799d4a8bddb192565a9f,22cfb027b76dc0bd04854831f8b3ac7e53d712b752a224e8052d991607f38041,1aa1b08067e5d3da867c2b433a94c892a1e3e2e67eeb9aaf5f66f4ad600fa5d9
naumann_calendar_v4_hybrid_development_v1,naumann_v4_fixed_7_train_6_calibration_4_test_v1,NAUMANN_LFP_CALENDAR_2021,NAUMANN_CAL_T40_SOC12.5,10,0.94999999999999996,26,9,136.94583333333333,40,0.125,588.29166666666652,451.34583333333319,False,hierarchical_activation_residual,none,True,True,True,False,-0.29480712034140621,95.685855667078641,0.37300186063536528,1,2,,True,unavailable,insufficient_same_route_calibration,,,,abstained,calibration_unavailable;calibration_evidence_not_independent;insufficient_same_route_calibration;independent_long_term_evidence_missing;interval_width_invalid,,,136.94583333333333,748.09583333333319,2a5768f904973a75dd3010edd7c8a00774f2f38d18be799d4a8bddb192565a9f,22cfb027b76dc0bd04854831f8b3ac7e53d712b752a224e8052d991607f38041,1aa1b08067e5d3da867c2b433a94c892a1e3e2e67eeb9aaf5f66f4ad600fa5d9
naumann_calendar_v4_hybrid_development_v1,naumann_v4_fixed_7_train_6_calibration_4_test_v1,NAUMANN_LFP_CALENDAR_2021,NAUMANN_CAL_T40_SOC12.5,10,0.94999999999999996,27,9,136.94583333333333,40,0.125,612.29166666666652,475.34583333333319,False,hierarchical_activation_residual,none,True,True,True,False,-0.31674762685145985,95.558204566852368,0.38632073756804947,1,2,,True,unavailable,insufficient_same_route_calibration,,,,abstained,calibration_unavailable;calibration_evidence_not_independent;insufficient_same_route_calibration;independent_long_term_evidence_missing;interval_width_invalid,,,136.94583333333333,748.09583333333319,2a5768f904973a75dd3010edd7c8a00774f2f38d18be799d4a8bddb192565a9f,22cfb027b76dc0bd04854831f8b3ac7e53d712b752a224e8052d991607f38041,1aa1b08067e5d3da867c2b433a94c892a1e3e2e67eeb9aaf5f66f4ad600fa5d9
naumann_calendar_v4_hybrid_development_v1,naumann_v4_fixed_7_train_6_calibration_4_test_v1,NAUMANN_LFP_CALENDAR_2021,NAUMANN_CAL_T40_SOC12.5,10,0.94999999999999996,28,9,136.94583333333333,40,0.125,631.16666666666652,494.22083333333319,False,hierarchical_activation_residual,none,True,True,True,False,-0.33421016759725725,95.458831222560107,0.39677327947600549,1,2,,True,unavailable,insufficient_same_route_calibration,,,,abstained,calibration_unavailable;calibration_evidence_not_independent;insufficient_same_route_calibration;independent_long_term_evidence_missing;interval_width_invalid,,,136.94583333333333,748.09583333333319,2a5768f904973a75dd3010edd7c8a00774f2f38d18be799d4a8bddb192565a9f,22cfb027b76dc0bd04854831f8b3ac7e53d712b752a224e8052d991607f38041,1aa1b08067e5d3da867c2b433a94c892a1e3e2e67eeb9aaf5f66f4ad600fa5d9
naumann_calendar_v4_hybrid_development_v1,naumann_v4_fixed_7_train_6_calibration_4_test_v1,NAUMANN_LFP_CALENDAR_2021,NAUMANN_CAL_T40_SOC12.5,10,0.94999999999999996,29,9,136.94583333333333,40,0.125,658.79166666666652,521.84583333333319,False,hierarchical_activation_residual,none,True,True,True,False,-0.36006734008904301,95.314935906692952,0.41203269583938323,1,2,,True,unavailable,insufficient_same_route_calibration,,,,abstained,calibration_unavailable;calibration_evidence_not_independent;insufficient_same_route_calibration;independent_long_term_evidence_missing;interval_width_invalid,,,136.94583333333333,748.09583333333319,2a5768f904973a75dd3010edd7c8a00774f2f38d18be799d4a8bddb192565a9f,22cfb027b76dc0bd04854831f8b3ac7e53d712b752a224e8052d991607f38041,1aa1b08067e5d3da867c2b433a94c892a1e3e2e67eeb9aaf5f66f4ad600fa5d9
naumann_calendar_v4_hybrid_development_v1,naumann_v4_fixed_7_train_6_calibration_4_test_v1,NAUMANN_LFP_CALENDAR_2021,NAUMANN_CAL_T40_SOC12.5,10,0.94999999999999996,30,9,136.94583333333333,40,0.125,708.375,571.42916666666667,False,hierarchical_activation_residual,none,True,True,True,False,-0.407263437719598,95.061004413748876,0.4392955898505882,1,2,,True,unavailable,insufficient_same_route_calibration,,,,abstained,calibration_unavailable;calibration_evidence_not_independent;insufficient_same_route_calibration;independent_long_term_evidence_missing;interval_width_invalid,,,136.94583333333333,748.09583333333319,2a5768f904973a75dd3010edd7c8a00774f2f38d18be799d4a8bddb192565a9f,22cfb027b76dc0bd04854831f8b3ac7e53d712b752a224e8052d991607f38041,1aa1b08067e5d3da867c2b433a94c892a1e3e2e67eeb9aaf5f66f4ad600fa5d9
naumann_calendar_v4_hybrid_development_v1,naumann_v4_fixed_7_train_6_calibration_4_test_v1,NAUMANN_LFP_CALENDAR_2021,NAUMANN_CAL_T40_SOC12.5,10,0.94999999999999996,31,9,136.94583333333333,40,0.125,759.95833333333326,623.01249999999993,False,hierarchical_activation_residual,none,True,True,True,False,-0.45726624204898275,94.802326123209596,0.46747322351364051,1,2,,True,unavailable,insufficient_same_route_calibration,,,,abstained,calibration_unavailable;calibration_evidence_not_independent;insufficient_same_route_calibration;independent_long_term_evidence_missing;interval_width_invalid,,,136.94583333333333,748.09583333333319,2a5768f904973a75dd3010edd7c8a00774f2f38d18be799d4a8bddb192565a9f,22cfb027b76dc0bd04854831f8b3ac7e53d712b752a224e8052d991607f38041,1aa1b08067e5d3da867c2b433a94c892a1e3e2e67eeb9aaf5f66f4ad600fa5d9
naumann_calendar_v4_hybrid_development_v1,naumann_v4_fixed_7_train_6_calibration_4_test_v1,NAUMANN_LFP_CALENDAR_2021,NAUMANN_CAL_T40_SOC12.5,10,0.94999999999999996,32,9,136.94583333333333,40,0.125,799.58333333333326,662.63749999999993,False,hierarchical_activation_residual,none,True,True,True,False,-0.49619489681301732,94.607141925757617,0.48898402561659565,1,2,,True,unavailable,insufficient_same_route_calibration,,,,abstained,calibration_unavailable;calibration_evidence_not_independent;insufficient_same_route_calibration;independent_long_term_evidence_missing;interval_width_invalid,,,136.94583333333333,748.09583333333319,2a5768f904973a75dd3010edd7c8a00774f2f38d18be799d4a8bddb192565a9f,22cfb027b76dc0bd04854831f8b3ac7e53d712b752a224e8052d991607f38041,1aa1b08067e5d3da867c2b433a94c892a1e3e2e67eeb9aaf5f66f4ad600fa5d9
naumann_calendar_v4_hybrid_development_v1,naumann_v4_fixed_7_train_6_calibration_4_test_v1,NAUMANN_LFP_CALENDAR_2021,NAUMANN_CAL_T40_SOC12.5,10,0.94999999999999996,33,9,136.94583333333333,40,0.125,840.125,703.17916666666667,False,hierarchical_activation_residual,none,True,True,True,False,-0.53641428732577623,94.410406702528888,0.51086846272218067,1,2,,True,unavailable,insufficient_same_route_calibration,,,,abstained,calibration_unavailable;calibration_evidence_not_independent;insufficient_same_route_calibration;independent_long_term_evidence_missing;interval_width_invalid,,,136.94583333333333,748.09583333333319,2a5768f904973a75dd3010edd7c8a00774f2f38d18be799d4a8bddb192565a9f,22cfb027b76dc0bd04854831f8b3ac7e53d712b752a224e8052d991607f38041,1aa1b08067e5d3da867c2b433a94c892a1e3e2e67eeb9aaf5f66f4ad600fa5d9
naumann_calendar_v4_hybrid_development_v1,naumann_v4_fixed_7_train_6_calibration_4_test_v1,NAUMANN_LFP_CALENDAR_2021,NAUMANN_CAL_T40_SOC12.5,10,0.94999999999999996,34,9,136.94583333333333,40,0.125,885.04166666666652,748.09583333333319,True,hierarchical_activation_residual,none,True,True,True,False,-0.58136387919217858,94.195736570569522,0.53496659600174146,1,2,,True,unavailable,insufficient_same_route_calibration,,,,abstained,calibration_unavailable;calibration_evidence_not_independent;insufficient_same_route_calibration;independent_long_term_evidence_missing;interval_width_invalid,,,136.94583333333333,748.09583333333319,2a5768f904973a75dd3010edd7c8a00774f2f38d18be799d4a8bddb192565a9f,22cfb027b76dc0bd04854831f8b3ac7e53d712b752a224e8052d991607f38041,1aa1b08067e5d3da867c2b433a94c892a1e3e2e67eeb9aaf5f66f4ad600fa5d9
naumann_calendar_v4_hybrid_development_v1,naumann_v4_fixed_7_train_6_calibration_4_test_v1,NAUMANN_LFP_CALENDAR_2021,NAUMANN_CAL_T40_SOC37.5,10,0.80000000000000004,10,9,136.94583333333333,40,0.375,161.36250000000001,24.416666666666686,False,hierarchical_power_fallback,specialist_gate_not_ready,False,True,True,False,0,96.391288184435666,0.16345455726363695,5,5,2.1698424743004083,True,available,none,96.036617543467059,96.745958825404273,0.70934128193721335,abstained,calibration_evidence_not_independent;independent_long_term_evidence_missing,,,136.94583333333333,748.09583333333319,2a5768f904973a75dd3010edd7c8a00774f2f38d18be799d4a8bddb192565a9f,22cfb027b76dc0bd04854831f8b3ac7e53d712b752a224e8052d991607f38041,ab4e53f7ba72dbbe02ed18a345b31c07ed294adbf1dc184bebfd7cb79839453f
naumann_calendar_v4_hybrid_development_v1,naumann_v4_fixed_7_train_6_calibration_4_test_v1,NAUMANN_LFP_CALENDAR_2021,NAUMANN_CAL_T40_SOC37.5,10,0.80000000000000004,11,9,136.94583333333333,40,0.375,186.79166666666663,49.845833333333303,False,hierarchical_power_fallback,specialist_gate_not_ready,False,True,True,False,0,96.068568877284989,0.18069767586421012,5,5,2.1698424743004083,True,available,none,95.676483385187453,96.460654369382524,0.7841709841950717,abstained,calibration_evidence_not_independent;independent_long_term_evidence_missing,,,136.94583333333333,748.09583333333319,2a5768f904973a75dd3010edd7c8a00774f2f38d18be799d4a8bddb192565a9f,22cfb027b76dc0bd04854831f8b3ac7e53d712b752a224e8052d991607f38041,ab4e53f7ba72dbbe02ed18a345b31c07ed294adbf1dc184bebfd7cb79839453f
naumann_calendar_v4_hybrid_development_v1,naumann_v4_fixed_7_train_6_calibration_4_test_v1,NAUMANN_LFP_CALENDAR_2021,NAUMANN_CAL_T40_SOC37.5,10,0.80000000000000004,12,9,136.94583333333333,40,0.375,213.27500000000001,76.32916666666668,False,hierarchical_power_fallback,specialist_gate_not_ready,False,True,True,False,0,95.751325138284272,0.20064261629509222,5,5,2.1698424743004083,True,available,none,95.31596226729242,96.186688009276125,0.87072574198370489,abstained,calibration_evidence_not_independent;independent_long_term_evidence_missing,,,136.94583333333333,748.09583333333319,2a5768f904973a75dd3010edd7c8a00774f2f38d18be799d4a8bddb192565a9f,22cfb027b76dc0bd04854831f8b3ac7e53d712b752a224e8052d991607f38041,ab4e53f7ba72dbbe02ed18a345b31c07ed294adbf1dc184bebfd7cb79839453f
naumann_calendar_v4_hybrid_development_v1,naumann_v4_fixed_7_train_6_calibration_4_test_v1,NAUMANN_LFP_CALENDAR_2021,NAUMANN_CAL_T40_SOC37.5,10,0.80000000000000004,13,9,136.94583333333333,40,0.375,239.71250000000001,102.76666666666668,False,hierarchical_power_fallback,specialist_gate_not_ready,False,True,True,False,0,95.450562141316439,0.22196173494626473,5,5,2.1698424743004083,True,available,none,94.96894014116063,95.932184141472248,0.96324400031161872,abstained,calibration_evidence_not_independent;independent_long_term_evidence_missing,,,136.94583333333333,748.09583333333319,2a5768f904973a75dd3010edd7c8a00774f2f38d18be799d4a8bddb192565a9f,22cfb027b76dc0bd04854831f8b3ac7e53d712b752a224e8052d991607f38041,ab4e53f7ba72dbbe02ed18a345b31c07ed294adbf1dc184bebfd7cb79839453f
naumann_calendar_v4_hybrid_development_v1,naumann_v4_fixed_7_train_6_calibration_4_test_v1,NAUMANN_LFP_CALENDAR_2021,NAUMANN_CAL_T40_SOC37.5,10,0.80000000000000004,14,9,136.94583333333333,40,0.375,266.17083333333329,129.22499999999997,False,hierarchical_power_fallback,specialist_gate_not_ready,False,True,True,False,0,95.163056039302262,0.24426426199501422,5,5,2.1698424743004083,True,available,none,94.633041068671844,95.69307100993268,1.0600299412608365,abstained,calibration_evidence_not_independent;independent_long_term_evidence_missing,,,136.94583333333333,748.09583333333319,2a5768f904973a75dd3010edd7c8a00774f2f38d18be799d4a8bddb192565a9f,22cfb027b76dc0bd04854831f8b3ac7e53d712b752a224e8052d991607f38041,ab4e53f7ba72dbbe02ed18a345b31c07ed294adbf1dc184bebfd7cb79839453f
naumann_calendar_v4_hybrid_development_v1,naumann_v4_fixed_7_train_6_calibration_4_test_v1,NAUMANN_LFP_CALENDAR_2021,NAUMANN_CAL_T40_SOC37.5,10,0.80000000000000004,15,9,136.94583333333333,40,0.375,292.77916666666664,155.83333333333331,False,hierarchical_power_fallback,specialist_gate_not_ready,False,True,True,False,0,94.885649767788735,0.26735648647960147,5,5,2.1698424743004083,True,available,none,94.305528307645574,95.465771227931896,1.160242920286322,abstained,calibration_evidence_not_independent;independent_long_term_evidence_missing,,,136.94583333333333,748.09583333333319,2a5768f904973a75dd3010edd7c8a00774f2f38d18be799d4a8bddb192565a9f,22cfb027b76dc0bd04854831f8b3ac7e53d712b752a224e8052d991607f38041,ab4e53f7ba72dbbe02ed18a345b31c07ed294adbf1dc184bebfd7cb79839453f
naumann_calendar_v4_hybrid_development_v1,naumann_v4_fixed_7_train_6_calibration_4_test_v1,NAUMANN_LFP_CALENDAR_2021,NAUMANN_CAL_T40_SOC37.5,10,0.80000000000000004,16,9,136.94583333333333,40,0.375,319.30833333333334,182.36250000000001,False,hierarchical_power_fallback,specialist_gate_not_ready,False,True,True,False,0,94.619301667523615,0.29082467323031436,5,5,2.1698424743004083,True,available,none,93.988257938973945,95.250345396073286,1.2620874570993408,abstained,calibration_evidence_not_independent;independent_long_term_evidence_missing,,,136.94583333333333,748.09583333333319,2a5768f904973a75dd3010edd7c8a00774f2f38d18be799d4a8bddb192565a9f,22cfb027b76dc0bd04854831f8b3ac7e53d712b752a224e8052d991607f38041,ab4e53f7ba72dbbe02ed18a345b31c07ed294adbf1dc184bebfd7cb79839453f
naumann_calendar_v4_hybrid_development_v1,naumann_v4_fixed_7_train_6_calibration_4_test_v1,NAUMANN_LFP_CALENDAR_2021,NAUMANN_CAL_T40_SOC37.5,10,0.80000000000000004,17,9,136.94583333333333,40,0.375,345.83749999999998,208.89166666666665,False,hierarchical_power_fallback,specialist_gate_not_ready,False,True,True,False,0,94.361986617647077,0.314584136221223,5,5,2.1698424743004083,True,available,none,93.679388597133155,95.044584638160998,1.3651960410278434,abstained,calibration_evidence_not_independent;independent_long_term_evidence_missing,,,136.94583333333333,748.09583333333319,2a5768f904973a75dd3010edd7c8a00774f2f38d18be799d4a8bddb192565a9f,22cfb027b76dc0bd04854831f8b3ac7e53d712b752a224e8052d991607f38041,ab4e53f7ba72dbbe02ed18a345b31c07ed294adbf1dc184bebfd7cb79839453f
naumann_calendar_v4_hybrid_development_v1,naumann_v4_fixed_7_train_6_calibration_4_test_v1,NAUMANN_LFP_CALENDAR_2021,NAUMANN_CAL_T40_SOC37.5,10,0.80000000000000004,18,9,136.94583333333333,40,0.375,376.31666666666666,239.37083333333334,False,hierarchical_power_fallback,specialist_gate_not_ready,False,True,True,False,0,94.076265424200642,0.34210197312799956,5,5,2.1698424743004083,True,available,none,93.33395803236553,94.818572816035754,1.4846147836702244,abstained,calibration_evidence_not_independent;independent_long_term_evidence_missing,,,136.94583333333333,748.09583333333319,2a5768f904973a75dd3010edd7c8a00774f2f38d18be799d4a8bddb192565a9f,22cfb027b76dc0bd04854831f8b3ac7e53d712b752a224e8052d991607f38041,ab4e53f7ba72dbbe02ed18a345b31c07ed294adbf1dc184bebfd7cb79839453f
naumann_calendar_v4_hybrid_development_v1,naumann_v4_fixed_7_train_6_calibration_4_test_v1,NAUMANN_LFP_CALENDAR_2021,NAUMANN_CAL_T40_SOC37.5,10,0.80000000000000004,19,9,136.94583333333333,40,0.375,402.74166666666662,265.79583333333329,False,hierarchical_power_fallback,specialist_gate_not_ready,False,True,True,False,0,93.836234499050676,0.36606537906466863,5,5,2.1698424743004083,True,available,none,93.041930291185281,94.63053870691607,1.5886084157307891,abstained,calibration_evidence_not_independent;independent_long_term_evidence_missing,,,136.94583333333333,748.09583333333319,2a5768f904973a75dd3010edd7c8a00774f2f38d18be799d4a8bddb192565a9f,22cfb027b76dc0bd04854831f8b3ac7e53d712b752a224e8052d991607f38041,ab4e53f7ba72dbbe02ed18a345b31c07ed294adbf1dc184bebfd7cb79839453f
naumann_calendar_v4_hybrid_development_v1,naumann_v4_fixed_7_train_6_calibration_4_test_v1,NAUMANN_LFP_CALENDAR_2021,NAUMANN_CAL_T40_SOC37.5,10,0.80000000000000004,20,9,136.94583333333333,40,0.375,429.25,292.30416666666667,False,hierarchical_power_fallback,specialist_gate_not_ready,False,True,True,False,0,93.601925206943761,0.39014606375980759,5,5,2.1698424743004083,True,available,none,92.755369706616619,94.448480707270903,1.6931110006542838,abstained,calibration_evidence_not_independent;independent_long_term_evidence_missing,,,136.94583333333333,748.09583333333319,2a5768f904973a75dd3010edd7c8a00774f2f38d18be799d4a8bddb192565a9f,22cfb027b76dc0bd04854831f8b3ac7e53d712b752a224e8052d991607f38041,ab4e53f7ba72dbbe02ed18a345b31c07ed294adbf1dc184bebfd7cb79839453f
naumann_calendar_v4_hybrid_development_v1,naumann_v4_fixed_7_train_6_calibration_4_test_v1,NAUMANN_LFP_CALENDAR_2021,NAUMANN_CAL_T40_SOC37.5,10,0.80000000000000004,21,9,136.94583333333333,40,0.375,455.79166666666663,318.8458333333333,False,hierarchical_power_fallback,specialist_gate_not_ready,False,True,True,False,0,93.373261226589932,0.41425939336900164,5,5,2.1698424743004083,True,available,none,92.47438359947995,94.272138853699914,1.7977552542199646,abstained,calibration_evidence_not_independent;independent_long_term_evidence_missing,,,136.94583333333333,748.09583333333319,2a5768f904973a75dd3010edd7c8a00774f2f38d18be799d4a8bddb192565a9f,22cfb027b76dc0bd04854831f8b3ac7e53d712b752a224e8052d991607f38041,ab4e53f7ba72dbbe02ed18a345b31c07ed294adbf1dc184bebfd7cb79839453f
naumann_calendar_v4_hybrid_development_v1,naumann_v4_fixed_7_train_6_calibration_4_test_v1,NAUMANN_LFP_CALENDAR_2021,NAUMANN_CAL_T40_SOC37.5,10,0.80000000000000004,22,9,136.94583333333333,40,0.375,482.29166666666663,345.3458333333333,False,hierarchical_power_fallback,specialist_gate_not_ready,False,True,True,False,0,93.150403142811854,0.43830808928602372,5,5,2.1698424743004083,True,available,none,92.19934363384958,94.101462651774128,1.902119017924548,abstained,calibration_evidence_not_independent;independent_long_term_evidence_missing,,,136.94583333333333,748.09583333333319,2a5768f904973a75dd3010edd7c8a00774f2f38d18be799d4a8bddb192565a9f,22cfb027b76dc0bd04854831f8b3ac7e53d712b752a224e8052d991607f38041,ab4e53f7ba72dbbe02ed18a345b31c07ed294adbf1dc184bebfd7cb79839453f
naumann_calendar_v4_hybrid_development_v1,naumann_v4_fixed_7_train_6_calibration_4_test_v1,NAUMANN_LFP_CALENDAR_2021,NAUMANN_CAL_T40_SOC37.5,10,0.80000000000000004,23,9,136.94583333333333,40,0.375,508.79166666666663,371.8458333333333,False,hierarchical_power_fallback,specialist_gate_not_ready,False,True,True,False,0,92.932568767630812,0.46230843289889495,5,5,2.1698424743004083,True,available,none,91.929432293699534,93.93570524156209,2.0062729478625556,abstained,calibration_evidence_not_independent;independent_long_term_evidence_missing,,,136.94583333333333,748.09583333333319,2a5768f904973a75dd3010edd7c8a00774f2f38d18be799d4a8bddb192565a9f,22cfb027b76dc0bd04854831f8b3ac7e53d712b752a224e8052d991607f38041,ab4e53f7ba72dbbe02ed18a345b31c07ed294adbf1dc184bebfd7cb79839453f
naumann_calendar_v4_hybrid_development_v1,naumann_v4_fixed_7_train_6_calibration_4_test_v1,NAUMANN_LFP_CALENDAR_2021,NAUMANN_CAL_T40_SOC37.5,10,0.80000000000000004,24,9,136.94583333333333,40,0.375,535.16666666666652,398.22083333333319,False,hierarchical_power_fallback,specialist_gate_not_ready,False,True,True,False,0,92.720386708474649,0.48613164838373879,5,5,2.1698424743004083,True,available,none,91.665557609709936,93.775215807239363,2.1096581975294271,abstained,calibration_evidence_not_independent;independent_long_term_evidence_missing,,,136.94583333333333,748.09583333333319,2a5768f904973a75dd3010edd7c8a00774f2f38d18be799d4a8bddb192565a9f,22cfb027b76dc0bd04854831f8b3ac7e53d712b752a224e8052d991607f38041,ab4e53f7ba72dbbe02ed18a345b31c07ed294adbf1dc184bebfd7cb79839453f
naumann_calendar_v4_hybrid_development_v1,naumann_v4_fixed_7_train_6_calibration_4_test_v1,NAUMANN_LFP_CALENDAR_2021,NAUMANN_CAL_T40_SOC37.5,10,0.80000000000000004,25,9,136.94583333333333,40,0.375,561.70833333333337,424.76250000000005,False,hierarchical_power_fallback,specialist_gate_not_ready,False,True,True,False,0,92.511198685742471,0.51002912523437505,5,5,2.1698424743004083,True,available,none,91.404515826678647,93.617881544806295,2.2133657181276476,abstained,calibration_evidence_not_independent;independent_long_term_evidence_missing,,,136.94583333333333,748.09583333333319,2a5768f904973a75dd3010edd7c8a00774f2f38d18be799d4a8bddb192565a9f,22cfb027b76dc0bd04854831f8b3ac7e53d712b752a224e8052d991607f38041,ab4e53f7ba72dbbe02ed18a345b31c07ed294adbf1dc184bebfd7cb79839453f
naumann_calendar_v4_hybrid_development_v1,naumann_v4_fixed_7_train_6_calibration_4_test_v1,NAUMANN_LFP_CALENDAR_2021,NAUMANN_CAL_T40_SOC37.5,10,0.80000000000000004,26,9,136.94583333333333,40,0.375,588.29166666666652,451.34583333333319,False,hierarchical_power_fallback,specialist_gate_not_ready,False,True,True,False,0,92.305752731936963,0.53387855837216358,5,5,2.1698424743004083,True,available,none,91.147320359862775,93.46418510401115,2.3168647441483756,abstained,calibration_evidence_not_independent;independent_long_term_evidence_missing,,,136.94583333333333,748.09583333333319,2a5768f904973a75dd3010edd7c8a00774f2f38d18be799d4a8bddb192565a9f,22cfb027b76dc0bd04854831f8b3ac7e53d712b752a224e8052d991607f38041,ab4e53f7ba72dbbe02ed18a345b31c07ed294adbf1dc184bebfd7cb79839453f
naumann_calendar_v4_hybrid_development_v1,naumann_v4_fixed_7_train_6_calibration_4_test_v1,NAUMANN_LFP_CALENDAR_2021,NAUMANN_CAL_T40_SOC37.5,10,0.80000000000000004,27,9,136.94583333333333,40,0.375,612.29166666666652,475.34583333333319,False,hierarchical_power_fallback,specialist_gate_not_ready,False,True,True,False,0,92.123555817785544,0.5553313399119385,5,5,2.1698424743004083,True,available,none,90.918574289134469,93.328537346436619,2.40996305730215,abstained,calibration_evidence_not_independent;independent_long_term_evidence_missing,,,136.94583333333333,748.09583333333319,2a5768f904973a75dd3010edd7c8a00774f2f38d18be799d4a8bddb192565a9f,22cfb027b76dc0bd04854831f8b3ac7e53d712b752a224e8052d991607f38041,ab4e53f7ba72dbbe02ed18a345b31c07ed294adbf1dc184bebfd7cb79839453f
naumann_calendar_v4_hybrid_development_v1,naumann_v4_fixed_7_train_6_calibration_4_test_v1,NAUMANN_LFP_CALENDAR_2021,NAUMANN_CAL_T40_SOC37.5,10,0.80000000000000004,28,9,136.94583333333333,40,0.375,631.16666666666652,494.22083333333319,False,hierarchical_power_fallback,specialist_gate_not_ready,False,True,True,False,0,91.982337863074207,0.57214797281046048,5,5,2.1698424743004083,True,available,none,90.740866890085201,93.223808836063213,2.4829419459780127,abstained,calibration_evidence_not_independent;independent_long_term_evidence_missing,,,136.94583333333333,748.09583333333319,2a5768f904973a75dd3010edd7c8a00774f2f38d18be799d4a8bddb192565a9f,22cfb027b76dc0bd04854831f8b3ac7e53d712b752a224e8052d991607f38041,ab4e53f7ba72dbbe02ed18a345b31c07ed294adbf1dc184bebfd7cb79839453f
naumann_calendar_v4_hybrid_development_v1,naumann_v4_fixed_7_train_6_calibration_4_test_v1,NAUMANN_LFP_CALENDAR_2021,NAUMANN_CAL_T40_SOC37.5,10,0.80000000000000004,29,9,136.94583333333333,40,0.375,658.79166666666652,521.84583333333319,False,hierarchical_power_fallback,specialist_gate_not_ready,False,True,True,False,0,91.778773043608993,0.59667012079954207,5,5,2.1698424743004083,True,available,none,90.484092872352193,93.073453214865793,2.5893603425136007,abstained,calibration_evidence_not_independent;independent_long_term_evidence_missing,,,136.94583333333333,748.09583333333319,2a5768f904973a75dd3010edd7c8a00774f2f38d18be799d4a8bddb192565a9f,22cfb027b76dc0bd04854831f8b3ac7e53d712b752a224e8052d991607f38041,ab4e53f7ba72dbbe02ed18a345b31c07ed294adbf1dc184bebfd7cb79839453f
naumann_calendar_v4_hybrid_development_v1,naumann_v4_fixed_7_train_6_calibration_4_test_v1,NAUMANN_LFP_CALENDAR_2021,NAUMANN_CAL_T40_SOC37.5,10,0.80000000000000004,30,9,136.94583333333333,40,0.375,708.375,571.42916666666667,False,hierarchical_power_fallback,specialist_gate_not_ready,False,True,True,False,0,91.422073087912338,0.640407754298292,5,5,2.1698424743004083,True,available,none,90.032489141764557,92.811657034060119,2.7791678922955612,abstained,calibration_evidence_not_independent;independent_long_term_evidence_missing,,,136.94583333333333,748.09583333333319,2a5768f904973a75dd3010edd7c8a00774f2f38d18be799d4a8bddb192565a9f,22cfb027b76dc0bd04854831f8b3ac7e53d712b752a224e8052d991607f38041,ab4e53f7ba72dbbe02ed18a345b31c07ed294adbf1dc184bebfd7cb79839453f
naumann_calendar_v4_hybrid_development_v1,naumann_v4_fixed_7_train_6_calibration_4_test_v1,NAUMANN_LFP_CALENDAR_2021,NAUMANN_CAL_T40_SOC37.5,10,0.80000000000000004,31,9,136.94583333333333,40,0.375,759.95833333333326,623.01249999999993,False,hierarchical_power_fallback,specialist_gate_not_ready,False,True,True,False,0,91.061812988793733,0.68552578116999896,5,5,2.1698424743004083,True,available,none,89.574330031583102,92.549295946004364,2.9749659144212615,abstained,calibration_evidence_not_independent;independent_long_term_evidence_missing,,,136.94583333333333,748.09583333333319,2a5768f904973a75dd3010edd7c8a00774f2f38d18be799d4a8bddb192565a9f,22cfb027b76dc0bd04854831f8b3ac7e53d712b752a224e8052d991607f38041,ab4e53f7ba72dbbe02ed18a345b31c07ed294adbf1dc184bebfd7cb79839453f
naumann_calendar_v4_hybrid_development_v1,naumann_v4_fixed_7_train_6_calibration_4_test_v1,NAUMANN_LFP_CALENDAR_2021,NAUMANN_CAL_T40_SOC37.5,10,0.80000000000000004,32,9,136.94583333333333,40,0.375,799.58333333333326,662.63749999999993,False,hierarchical_power_fallback,specialist_gate_not_ready,False,True,True,False,0,90.79191647292123,0.71991731737680309,5,5,2.1698424743004083,True,available,none,89.229809299692633,92.354023646149827,3.1242143464571939,abstained,calibration_evidence_not_independent;independent_long_term_evidence_missing,,,136.94583333333333,748.09583333333319,2a5768f904973a75dd3010edd7c8a00774f2f38d18be799d4a8bddb192565a9f,22cfb027b76dc0bd04854831f8b3ac7e53d712b752a224e8052d991607f38041,ab4e53f7ba72dbbe02ed18a345b31c07ed294adbf1dc184bebfd7cb79839453f
naumann_calendar_v4_hybrid_development_v1,naumann_v4_fixed_7_train_6_calibration_4_test_v1,NAUMANN_LFP_CALENDAR_2021,NAUMANN_CAL_T40_SOC37.5,10,0.80000000000000004,33,9,136.94583333333333,40,0.375,840.125,703.17916666666667,False,hierarchical_power_fallback,specialist_gate_not_ready,False,True,True,False,0,90.521458234647568,0.75486588750121353,5,5,2.1698424743004083,True,available,none,88.88351816954696,92.159398299748176,3.2758801302012159,abstained,calibration_evidence_not_independent;independent_long_term_evidence_missing,,,136.94583333333333,748.09583333333319,2a5768f904973a75dd3010edd7c8a00774f2f38d18be799d4a8bddb192565a9f,22cfb027b76dc0bd04854831f8b3ac7e53d712b752a224e8052d991607f38041,ab4e53f7ba72dbbe02ed18a345b31c07ed294adbf1dc184bebfd7cb79839453f
naumann_calendar_v4_hybrid_development_v1,naumann_v4_fixed_7_train_6_calibration_4_test_v1,NAUMANN_LFP_CALENDAR_2021,NAUMANN_CAL_T40_SOC37.5,10,0.80000000000000004,34,9,136.94583333333333,40,0.375,885.04166666666652,748.09583333333319,True,hierarchical_power_fallback,specialist_gate_not_ready,False,True,True,False,0,90.228059144134647,0.7933076197033001,5,5,2.1698424743004083,True,available,none,88.506706575716265,91.949411712553029,3.4427051368367643,abstained,calibration_evidence_not_independent;independent_long_term_evidence_missing,,,136.94583333333333,748.09583333333319,2a5768f904973a75dd3010edd7c8a00774f2f38d18be799d4a8bddb192565a9f,22cfb027b76dc0bd04854831f8b3ac7e53d712b752a224e8052d991607f38041,ab4e53f7ba72dbbe02ed18a345b31c07ed294adbf1dc184bebfd7cb79839453f
naumann_calendar_v4_hybrid_development_v1,naumann_v4_fixed_7_train_6_calibration_4_test_v1,NAUMANN_LFP_CALENDAR_2021,NAUMANN_CAL_T40_SOC37.5,10,0.90000000000000002,10,9,136.94583333333333,40,0.375,161.36250000000001,24.416666666666686,False,hierarchical_power_fallback,specialist_gate_not_ready,False,True,True,False,0,96.391288184435666,0.16345455726363695,5,6,,True,unavailable,insufficient_same_route_calibration,,,,abstained,calibration_unavailable;calibration_evidence_not_independent;insufficient_same_route_calibration;independent_long_term_evidence_missing;interval_width_invalid,,,136.94583333333333,748.09583333333319,2a5768f904973a75dd3010edd7c8a00774f2f38d18be799d4a8bddb192565a9f,22cfb027b76dc0bd04854831f8b3ac7e53d712b752a224e8052d991607f38041,ab4e53f7ba72dbbe02ed18a345b31c07ed294adbf1dc184bebfd7cb79839453f
naumann_calendar_v4_hybrid_development_v1,naumann_v4_fixed_7_train_6_calibration_4_test_v1,NAUMANN_LFP_CALENDAR_2021,NAUMANN_CAL_T40_SOC37.5,10,0.90000000000000002,11,9,136.94583333333333,40,0.375,186.79166666666663,49.845833333333303,False,hierarchical_power_fallback,specialist_gate_not_ready,False,True,True,False,0,96.068568877284989,0.18069767586421012,5,6,,True,unavailable,insufficient_same_route_calibration,,,,abstained,calibration_unavailable;calibration_evidence_not_independent;insufficient_same_route_calibration;independent_long_term_evidence_missing;interval_width_invalid,,,136.94583333333333,748.09583333333319,2a5768f904973a75dd3010edd7c8a00774f2f38d18be799d4a8bddb192565a9f,22cfb027b76dc0bd04854831f8b3ac7e53d712b752a224e8052d991607f38041,ab4e53f7ba72dbbe02ed18a345b31c07ed294adbf1dc184bebfd7cb79839453f
naumann_calendar_v4_hybrid_development_v1,naumann_v4_fixed_7_train_6_calibration_4_test_v1,NAUMANN_LFP_CALENDAR_2021,NAUMANN_CAL_T40_SOC37.5,10,0.90000000000000002,12,9,136.94583333333333,40,0.375,213.27500000000001,76.32916666666668,False,hierarchical_power_fallback,specialist_gate_not_ready,False,True,True,False,0,95.751325138284272,0.20064261629509222,5,6,,True,unavailable,insufficient_same_route_calibration,,,,abstained,calibration_unavailable;calibration_evidence_not_independent;insufficient_same_route_calibration;independent_long_term_evidence_missing;interval_width_invalid,,,136.94583333333333,748.09583333333319,2a5768f904973a75dd3010edd7c8a00774f2f38d18be799d4a8bddb192565a9f,22cfb027b76dc0bd04854831f8b3ac7e53d712b752a224e8052d991607f38041,ab4e53f7ba72dbbe02ed18a345b31c07ed294adbf1dc184bebfd7cb79839453f
naumann_calendar_v4_hybrid_development_v1,naumann_v4_fixed_7_train_6_calibration_4_test_v1,NAUMANN_LFP_CALENDAR_2021,NAUMANN_CAL_T40_SOC37.5,10,0.90000000000000002,13,9,136.94583333333333,40,0.375,239.71250000000001,102.76666666666668,False,hierarchical_power_fallback,specialist_gate_not_ready,False,True,True,False,0,95.450562141316439,0.22196173494626473,5,6,,True,unavailable,insufficient_same_route_calibration,,,,abstained,calibration_unavailable;calibration_evidence_not_independent;insufficient_same_route_calibration;independent_long_term_evidence_missing;interval_width_invalid,,,136.94583333333333,748.09583333333319,2a5768f904973a75dd3010edd7c8a00774f2f38d18be799d4a8bddb192565a9f,22cfb027b76dc0bd04854831f8b3ac7e53d712b752a224e8052d991607f38041,ab4e53f7ba72dbbe02ed18a345b31c07ed294adbf1dc184bebfd7cb79839453f
naumann_calendar_v4_hybrid_development_v1,naumann_v4_fixed_7_train_6_calibration_4_test_v1,NAUMANN_LFP_CALENDAR_2021,NAUMANN_CAL_T40_SOC37.5,10,0.90000000000000002,14,9,136.94583333333333,40,0.375,266.17083333333329,129.22499999999997,False,hierarchical_power_fallback,specialist_gate_not_ready,False,True,True,False,0,95.163056039302262,0.24426426199501422,5,6,,True,unavailable,insufficient_same_route_calibration,,,,abstained,calibration_unavailable;calibration_evidence_not_independent;insufficient_same_route_calibration;independent_long_term_evidence_missing;interval_width_invalid,,,136.94583333333333,748.09583333333319,2a5768f904973a75dd3010edd7c8a00774f2f38d18be799d4a8bddb192565a9f,22cfb027b76dc0bd04854831f8b3ac7e53d712b752a224e8052d991607f38041,ab4e53f7ba72dbbe02ed18a345b31c07ed294adbf1dc184bebfd7cb79839453f
naumann_calendar_v4_hybrid_development_v1,naumann_v4_fixed_7_train_6_calibration_4_test_v1,NAUMANN_LFP_CALENDAR_2021,NAUMANN_CAL_T40_SOC37.5,10,0.90000000000000002,15,9,136.94583333333333,40,0.375,292.77916666666664,155.83333333333331,False,hierarchical_power_fallback,specialist_gate_not_ready,False,True,True,False,0,94.885649767788735,0.26735648647960147,5,6,,True,unavailable,insufficient_same_route_calibration,,,,abstained,calibration_unavailable;calibration_evidence_not_independent;insufficient_same_route_calibration;independent_long_term_evidence_missing;interval_width_invalid,,,136.94583333333333,748.09583333333319,2a5768f904973a75dd3010edd7c8a00774f2f38d18be799d4a8bddb192565a9f,22cfb027b76dc0bd04854831f8b3ac7e53d712b752a224e8052d991607f38041,ab4e53f7ba72dbbe02ed18a345b31c07ed294adbf1dc184bebfd7cb79839453f
naumann_calendar_v4_hybrid_development_v1,naumann_v4_fixed_7_train_6_calibration_4_test_v1,NAUMANN_LFP_CALENDAR_2021,NAUMANN_CAL_T40_SOC37.5,10,0.90000000000000002,16,9,136.94583333333333,40,0.375,319.30833333333334,182.36250000000001,False,hierarchical_power_fallback,specialist_gate_not_ready,False,True,True,False,0,94.619301667523615,0.29082467323031436,5,6,,True,unavailable,insufficient_same_route_calibration,,,,abstained,calibration_unavailable;calibration_evidence_not_independent;insufficient_same_route_calibration;independent_long_term_evidence_missing;interval_width_invalid,,,136.94583333333333,748.09583333333319,2a5768f904973a75dd3010edd7c8a00774f2f38d18be799d4a8bddb192565a9f,22cfb027b76dc0bd04854831f8b3ac7e53d712b752a224e8052d991607f38041,ab4e53f7ba72dbbe02ed18a345b31c07ed294adbf1dc184bebfd7cb79839453f
naumann_calendar_v4_hybrid_development_v1,naumann_v4_fixed_7_train_6_calibration_4_test_v1,NAUMANN_LFP_CALENDAR_2021,NAUMANN_CAL_T40_SOC37.5,10,0.90000000000000002,17,9,136.94583333333333,40,0.375,345.83749999999998,208.89166666666665,False,hierarchical_power_fallback,specialist_gate_not_ready,False,True,True,False,0,94.361986617647077,0.314584136221223,5,6,,True,unavailable,insufficient_same_route_calibration,,,,abstained,calibration_unavailable;calibration_evidence_not_independent;insufficient_same_route_calibration;independent_long_term_evidence_missing;interval_width_invalid,,,136.94583333333333,748.09583333333319,2a5768f904973a75dd3010edd7c8a00774f2f38d18be799d4a8bddb192565a9f,22cfb027b76dc0bd04854831f8b3ac7e53d712b752a224e8052d991607f38041,ab4e53f7ba72dbbe02ed18a345b31c07ed294adbf1dc184bebfd7cb79839453f
naumann_calendar_v4_hybrid_development_v1,naumann_v4_fixed_7_train_6_calibration_4_test_v1,NAUMANN_LFP_CALENDAR_2021,NAUMANN_CAL_T40_SOC37.5,10,0.90000000000000002,18,9,136.94583333333333,40,0.375,376.31666666666666,239.37083333333334,False,hierarchical_power_fallback,specialist_gate_not_ready,False,True,True,False,0,94.076265424200642,0.34210197312799956,5,6,,True,unavailable,insufficient_same_route_calibration,,,,abstained,calibration_unavailable;calibration_evidence_not_independent;insufficient_same_route_calibration;independent_long_term_evidence_missing;interval_width_invalid,,,136.94583333333333,748.09583333333319,2a5768f904973a75dd3010edd7c8a00774f2f38d18be799d4a8bddb192565a9f,22cfb027b76dc0bd04854831f8b3ac7e53d712b752a224e8052d991607f38041,ab4e53f7ba72dbbe02ed18a345b31c07ed294adbf1dc184bebfd7cb79839453f
naumann_calendar_v4_hybrid_development_v1,naumann_v4_fixed_7_train_6_calibration_4_test_v1,NAUMANN_LFP_CALENDAR_2021,NAUMANN_CAL_T40_SOC37.5,10,0.90000000000000002,19,9,136.94583333333333,40,0.375,402.74166666666662,265.79583333333329,False,hierarchical_power_fallback,specialist_gate_not_ready,False,True,True,False,0,93.836234499050676,0.36606537906466863,5,6,,True,unavailable,insufficient_same_route_calibration,,,,abstained,calibration_unavailable;calibration_evidence_not_independent;insufficient_same_route_calibration;independent_long_term_evidence_missing;interval_width_invalid,,,136.94583333333333,748.09583333333319,2a5768f904973a75dd3010edd7c8a00774f2f38d18be799d4a8bddb192565a9f,22cfb027b76dc0bd04854831f8b3ac7e53d712b752a224e8052d991607f38041,ab4e53f7ba72dbbe02ed18a345b31c07ed294adbf1dc184bebfd7cb79839453f
naumann_calendar_v4_hybrid_development_v1,naumann_v4_fixed_7_train_6_calibration_4_test_v1,NAUMANN_LFP_CALENDAR_2021,NAUMANN_CAL_T40_SOC37.5,10,0.90000000000000002,20,9,136.94583333333333,40,0.375,429.25,292.30416666666667,False,hierarchical_power_fallback,specialist_gate_not_ready,False,True,True,False,0,93.601925206943761,0.39014606375980759,5,6,,True,unavailable,insufficient_same_route_calibration,,,,abstained,calibration_unavailable;calibration_evidence_not_independent;insufficient_same_route_calibration;independent_long_term_evidence_missing;interval_width_invalid,,,136.94583333333333,748.09583333333319,2a5768f904973a75dd3010edd7c8a00774f2f38d18be799d4a8bddb192565a9f,22cfb027b76dc0bd04854831f8b3ac7e53d712b752a224e8052d991607f38041,ab4e53f7ba72dbbe02ed18a345b31c07ed294adbf1dc184bebfd7cb79839453f
naumann_calendar_v4_hybrid_development_v1,naumann_v4_fixed_7_train_6_calibration_4_test_v1,NAUMANN_LFP_CALENDAR_2021,NAUMANN_CAL_T40_SOC37.5,10,0.90000000000000002,21,9,136.94583333333333,40,0.375,455.79166666666663,318.8458333333333,False,hierarchical_power_fallback,specialist_gate_not_ready,False,True,True,False,0,93.373261226589932,0.41425939336900164,5,6,,True,unavailable,insufficient_same_route_calibration,,,,abstained,calibration_unavailable;calibration_evidence_not_independent;insufficient_same_route_calibration;independent_long_term_evidence_missing;interval_width_invalid,,,136.94583333333333,748.09583333333319,2a5768f904973a75dd3010edd7c8a00774f2f38d18be799d4a8bddb192565a9f,22cfb027b76dc0bd04854831f8b3ac7e53d712b752a224e8052d991607f38041,ab4e53f7ba72dbbe02ed18a345b31c07ed294adbf1dc184bebfd7cb79839453f
naumann_calendar_v4_hybrid_development_v1,naumann_v4_fixed_7_train_6_calibration_4_test_v1,NAUMANN_LFP_CALENDAR_2021,NAUMANN_CAL_T40_SOC37.5,10,0.90000000000000002,22,9,136.94583333333333,40,0.375,482.29166666666663,345.3458333333333,False,hierarchical_power_fallback,specialist_gate_not_ready,False,True,True,False,0,93.150403142811854,0.43830808928602372,5,6,,True,unavailable,insufficient_same_route_calibration,,,,abstained,calibration_unavailable;calibration_evidence_not_independent;insufficient_same_route_calibration;independent_long_term_evidence_missing;interval_width_invalid,,,136.94583333333333,748.09583333333319,2a5768f904973a75dd3010edd7c8a00774f2f38d18be799d4a8bddb192565a9f,22cfb027b76dc0bd04854831f8b3ac7e53d712b752a224e8052d991607f38041,ab4e53f7ba72dbbe02ed18a345b31c07ed294adbf1dc184bebfd7cb79839453f
naumann_calendar_v4_hybrid_development_v1,naumann_v4_fixed_7_train_6_calibration_4_test_v1,NAUMANN_LFP_CALENDAR_2021,NAUMANN_CAL_T40_SOC37.5,10,0.90000000000000002,23,9,136.94583333333333,40,0.375,508.79166666666663,371.8458333333333,False,hierarchical_power_fallback,specialist_gate_not_ready,False,True,True,False,0,92.932568767630812,0.46230843289889495,5,6,,True,unavailable,insufficient_same_route_calibration,,,,abstained,calibration_unavailable;calibration_evidence_not_independent;insufficient_same_route_calibration;independent_long_term_evidence_missing;interval_width_invalid,,,136.94583333333333,748.09583333333319,2a5768f904973a75dd3010edd7c8a00774f2f38d18be799d4a8bddb192565a9f,22cfb027b76dc0bd04854831f8b3ac7e53d712b752a224e8052d991607f38041,ab4e53f7ba72dbbe02ed18a345b31c07ed294adbf1dc184bebfd7cb79839453f
naumann_calendar_v4_hybrid_development_v1,naumann_v4_fixed_7_train_6_calibration_4_test_v1,NAUMANN_LFP_CALENDAR_2021,NAUMANN_CAL_T40_SOC37.5,10,0.90000000000000002,24,9,136.94583333333333,40,0.375,535.16666666666652,398.22083333333319,False,hierarchical_power_fallback,specialist_gate_not_ready,False,True,True,False,0,92.720386708474649,0.48613164838373879,5,6,,True,unavailable,insufficient_same_route_calibration,,,,abstained,calibration_unavailable;calibration_evidence_not_independent;insufficient_same_route_calibration;independent_long_term_evidence_missing;interval_width_invalid,,,136.94583333333333,748.09583333333319,2a5768f904973a75dd3010edd7c8a00774f2f38d18be799d4a8bddb192565a9f,22cfb027b76dc0bd04854831f8b3ac7e53d712b752a224e8052d991607f38041,ab4e53f7ba72dbbe02ed18a345b31c07ed294adbf1dc184bebfd7cb79839453f
naumann_calendar_v4_hybrid_development_v1,naumann_v4_fixed_7_train_6_calibration_4_test_v1,NAUMANN_LFP_CALENDAR_2021,NAUMANN_CAL_T40_SOC37.5,10,0.90000000000000002,25,9,136.94583333333333,40,0.375,561.70833333333337,424.76250000000005,False,hierarchical_power_fallback,specialist_gate_not_ready,False,True,True,False,0,92.511198685742471,0.51002912523437505,5,6,,True,unavailable,insufficient_same_route_calibration,,,,abstained,calibration_unavailable;calibration_evidence_not_independent;insufficient_same_route_calibration;independent_long_term_evidence_missing;interval_width_invalid,,,136.94583333333333,748.09583333333319,2a5768f904973a75dd3010edd7c8a00774f2f38d18be799d4a8bddb192565a9f,22cfb027b76dc0bd04854831f8b3ac7e53d712b752a224e8052d991607f38041,ab4e53f7ba72dbbe02ed18a345b31c07ed294adbf1dc184bebfd7cb79839453f
naumann_calendar_v4_hybrid_development_v1,naumann_v4_fixed_7_train_6_calibration_4_test_v1,NAUMANN_LFP_CALENDAR_2021,NAUMANN_CAL_T40_SOC37.5,10,0.90000000000000002,26,9,136.94583333333333,40,0.375,588.29166666666652,451.34583333333319,False,hierarchical_power_fallback,specialist_gate_not_ready,False,True,True,False,0,92.305752731936963,0.53387855837216358,5,6,,True,unavailable,insufficient_same_route_calibration,,,,abstained,calibration_unavailable;calibration_evidence_not_independent;insufficient_same_route_calibration;independent_long_term_evidence_missing;interval_width_invalid,,,136.94583333333333,748.09583333333319,2a5768f904973a75dd3010edd7c8a00774f2f38d18be799d4a8bddb192565a9f,22cfb027b76dc0bd04854831f8b3ac7e53d712b752a224e8052d991607f38041,ab4e53f7ba72dbbe02ed18a345b31c07ed294adbf1dc184bebfd7cb79839453f
naumann_calendar_v4_hybrid_development_v1,naumann_v4_fixed_7_train_6_calibration_4_test_v1,NAUMANN_LFP_CALENDAR_2021,NAUMANN_CAL_T40_SOC37.5,10,0.90000000000000002,27,9,136.94583333333333,40,0.375,612.29166666666652,475.34583333333319,False,hierarchical_power_fallback,specialist_gate_not_ready,False,True,True,False,0,92.123555817785544,0.5553313399119385,5,6,,True,unavailable,insufficient_same_route_calibration,,,,abstained,calibration_unavailable;calibration_evidence_not_independent;insufficient_same_route_calibration;independent_long_term_evidence_missing;interval_width_invalid,,,136.94583333333333,748.09583333333319,2a5768f904973a75dd3010edd7c8a00774f2f38d18be799d4a8bddb192565a9f,22cfb027b76dc0bd04854831f8b3ac7e53d712b752a224e8052d991607f38041,ab4e53f7ba72dbbe02ed18a345b31c07ed294adbf1dc184bebfd7cb79839453f
naumann_calendar_v4_hybrid_development_v1,naumann_v4_fixed_7_train_6_calibration_4_test_v1,NAUMANN_LFP_CALENDAR_2021,NAUMANN_CAL_T40_SOC37.5,10,0.90000000000000002,28,9,136.94583333333333,40,0.375,631.16666666666652,494.22083333333319,False,hierarchical_power_fallback,specialist_gate_not_ready,False,True,True,False,0,91.982337863074207,0.57214797281046048,5,6,,True,unavailable,insufficient_same_route_calibration,,,,abstained,calibration_unavailable;calibration_evidence_not_independent;insufficient_same_route_calibration;independent_long_term_evidence_missing;interval_width_invalid,,,136.94583333333333,748.09583333333319,2a5768f904973a75dd3010edd7c8a00774f2f38d18be799d4a8bddb192565a9f,22cfb027b76dc0bd04854831f8b3ac7e53d712b752a224e8052d991607f38041,ab4e53f7ba72dbbe02ed18a345b31c07ed294adbf1dc184bebfd7cb79839453f
naumann_calendar_v4_hybrid_development_v1,naumann_v4_fixed_7_train_6_calibration_4_test_v1,NAUMANN_LFP_CALENDAR_2021,NAUMANN_CAL_T40_SOC37.5,10,0.90000000000000002,29,9,136.94583333333333,40,0.375,658.79166666666652,521.84583333333319,False,hierarchical_power_fallback,specialist_gate_not_ready,False,True,True,False,0,91.778773043608993,0.59667012079954207,5,6,,True,unavailable,insufficient_same_route_calibration,,,,abstained,calibration_unavailable;calibration_evidence_not_independent;insufficient_same_route_calibration;independent_long_term_evidence_missing;interval_width_invalid,,,136.94583333333333,748.09583333333319,2a5768f904973a75dd3010edd7c8a00774f2f38d18be799d4a8bddb192565a9f,22cfb027b76dc0bd04854831f8b3ac7e53d712b752a224e8052d991607f38041,ab4e53f7ba72dbbe02ed18a345b31c07ed294adbf1dc184bebfd7cb79839453f
naumann_calendar_v4_hybrid_development_v1,naumann_v4_fixed_7_train_6_calibration_4_test_v1,NAUMANN_LFP_CALENDAR_2021,NAUMANN_CAL_T40_SOC37.5,10,0.90000000000000002,30,9,136.94583333333333,40,0.375,708.375,571.42916666666667,False,hierarchical_power_fallback,specialist_gate_not_ready,False,True,True,False,0,91.422073087912338,0.640407754298292,5,6,,True,unavailable,insufficient_same_route_calibration,,,,abstained,calibration_unavailable;calibration_evidence_not_independent;insufficient_same_route_calibration;independent_long_term_evidence_missing;interval_width_invalid,,,136.94583333333333,748.09583333333319,2a5768f904973a75dd3010edd7c8a00774f2f38d18be799d4a8bddb192565a9f,22cfb027b76dc0bd04854831f8b3ac7e53d712b752a224e8052d991607f38041,ab4e53f7ba72dbbe02ed18a345b31c07ed294adbf1dc184bebfd7cb79839453f
naumann_calendar_v4_hybrid_development_v1,naumann_v4_fixed_7_train_6_calibration_4_test_v1,NAUMANN_LFP_CALENDAR_2021,NAUMANN_CAL_T40_SOC37.5,10,0.90000000000000002,31,9,136.94583333333333,40,0.375,759.95833333333326,623.01249999999993,False,hierarchical_power_fallback,specialist_gate_not_ready,False,True,True,False,0,91.061812988793733,0.68552578116999896,5,6,,True,unavailable,insufficient_same_route_calibration,,,,abstained,calibration_unavailable;calibration_evidence_not_independent;insufficient_same_route_calibration;independent_long_term_evidence_missing;interval_width_invalid,,,136.94583333333333,748.09583333333319,2a5768f904973a75dd3010edd7c8a00774f2f38d18be799d4a8bddb192565a9f,22cfb027b76dc0bd04854831f8b3ac7e53d712b752a224e8052d991607f38041,ab4e53f7ba72dbbe02ed18a345b31c07ed294adbf1dc184bebfd7cb79839453f
naumann_calendar_v4_hybrid_development_v1,naumann_v4_fixed_7_train_6_calibration_4_test_v1,NAUMANN_LFP_CALENDAR_2021,NAUMANN_CAL_T40_SOC37.5,10,0.90000000000000002,32,9,136.94583333333333,40,0.375,799.58333333333326,662.63749999999993,False,hierarchical_power_fallback,specialist_gate_not_ready,False,True,True,False,0,90.79191647292123,0.71991731737680309,5,6,,True,unavailable,insufficient_same_route_calibration,,,,abstained,calibration_unavailable;calibration_evidence_not_independent;insufficient_same_route_calibration;independent_long_term_evidence_missing;interval_width_invalid,,,136.94583333333333,748.09583333333319,2a5768f904973a75dd3010edd7c8a00774f2f38d18be799d4a8bddb192565a9f,22cfb027b76dc0bd04854831f8b3ac7e53d712b752a224e8052d991607f38041,ab4e53f7ba72dbbe02ed18a345b31c07ed294adbf1dc184bebfd7cb79839453f
naumann_calendar_v4_hybrid_development_v1,naumann_v4_fixed_7_train_6_calibration_4_test_v1,NAUMANN_LFP_CALENDAR_2021,NAUMANN_CAL_T40_SOC37.5,10,0.90000000000000002,33,9,136.94583333333333,40,0.375,840.125,703.17916666666667,False,hierarchical_power_fallback,specialist_gate_not_ready,False,True,True,False,0,90.521458234647568,0.75486588750121353,5,6,,True,unavailable,insufficient_same_route_calibration,,,,abstained,calibration_unavailable;calibration_evidence_not_independent;insufficient_same_route_calibration;independent_long_term_evidence_missing;interval_width_invalid,,,136.94583333333333,748.09583333333319,2a5768f904973a75dd3010edd7c8a00774f2f38d18be799d4a8bddb192565a9f,22cfb027b76dc0bd04854831f8b3ac7e53d712b752a224e8052d991607f38041,ab4e53f7ba72dbbe02ed18a345b31c07ed294adbf1dc184bebfd7cb79839453f
naumann_calendar_v4_hybrid_development_v1,naumann_v4_fixed_7_train_6_calibration_4_test_v1,NAUMANN_LFP_CALENDAR_2021,NAUMANN_CAL_T40_SOC37.5,10,0.90000000000000002,34,9,136.94583333333333,40,0.375,885.04166666666652,748.09583333333319,True,hierarchical_power_fallback,specialist_gate_not_ready,False,True,True,False,0,90.228059144134647,0.7933076197033001,5,6,,True,unavailable,insufficient_same_route_calibration,,,,abstained,calibration_unavailable;calibration_evidence_not_independent;insufficient_same_route_calibration;independent_long_term_evidence_missing;interval_width_invalid,,,136.94583333333333,748.09583333333319,2a5768f904973a75dd3010edd7c8a00774f2f38d18be799d4a8bddb192565a9f,22cfb027b76dc0bd04854831f8b3ac7e53d712b752a224e8052d991607f38041,ab4e53f7ba72dbbe02ed18a345b31c07ed294adbf1dc184bebfd7cb79839453f
naumann_calendar_v4_hybrid_development_v1,naumann_v4_fixed_7_train_6_calibration_4_test_v1,NAUMANN_LFP_CALENDAR_2021,NAUMANN_CAL_T40_SOC37.5,10,0.94999999999999996,10,9,136.94583333333333,40,0.375,161.36250000000001,24.416666666666686,False,hierarchical_power_fallback,specialist_gate_not_ready,False,True,True,False,0,96.391288184435666,0.16345455726363695,5,6,,True,unavailable,insufficient_same_route_calibration,,,,abstained,calibration_unavailable;calibration_evidence_not_independent;insufficient_same_route_calibration;independent_long_term_evidence_missing;interval_width_invalid,,,136.94583333333333,748.09583333333319,2a5768f904973a75dd3010edd7c8a00774f2f38d18be799d4a8bddb192565a9f,22cfb027b76dc0bd04854831f8b3ac7e53d712b752a224e8052d991607f38041,ab4e53f7ba72dbbe02ed18a345b31c07ed294adbf1dc184bebfd7cb79839453f
naumann_calendar_v4_hybrid_development_v1,naumann_v4_fixed_7_train_6_calibration_4_test_v1,NAUMANN_LFP_CALENDAR_2021,NAUMANN_CAL_T40_SOC37.5,10,0.94999999999999996,11,9,136.94583333333333,40,0.375,186.79166666666663,49.845833333333303,False,hierarchical_power_fallback,specialist_gate_not_ready,False,True,True,False,0,96.068568877284989,0.18069767586421012,5,6,,True,unavailable,insufficient_same_route_calibration,,,,abstained,calibration_unavailable;calibration_evidence_not_independent;insufficient_same_route_calibration;independent_long_term_evidence_missing;interval_width_invalid,,,136.94583333333333,748.09583333333319,2a5768f904973a75dd3010edd7c8a00774f2f38d18be799d4a8bddb192565a9f,22cfb027b76dc0bd04854831f8b3ac7e53d712b752a224e8052d991607f38041,ab4e53f7ba72dbbe02ed18a345b31c07ed294adbf1dc184bebfd7cb79839453f
naumann_calendar_v4_hybrid_development_v1,naumann_v4_fixed_7_train_6_calibration_4_test_v1,NAUMANN_LFP_CALENDAR_2021,NAUMANN_CAL_T40_SOC37.5,10,0.94999999999999996,12,9,136.94583333333333,40,0.375,213.27500000000001,76.32916666666668,False,hierarchical_power_fallback,specialist_gate_not_ready,False,True,True,False,0,95.751325138284272,0.20064261629509222,5,6,,True,unavailable,insufficient_same_route_calibration,,,,abstained,calibration_unavailable;calibration_evidence_not_independent;insufficient_same_route_calibration;independent_long_term_evidence_missing;interval_width_invalid,,,136.94583333333333,748.09583333333319,2a5768f904973a75dd3010edd7c8a00774f2f38d18be799d4a8bddb192565a9f,22cfb027b76dc0bd04854831f8b3ac7e53d712b752a224e8052d991607f38041,ab4e53f7ba72dbbe02ed18a345b31c07ed294adbf1dc184bebfd7cb79839453f
naumann_calendar_v4_hybrid_development_v1,naumann_v4_fixed_7_train_6_calibration_4_test_v1,NAUMANN_LFP_CALENDAR_2021,NAUMANN_CAL_T40_SOC37.5,10,0.94999999999999996,13,9,136.94583333333333,40,0.375,239.71250000000001,102.76666666666668,False,hierarchical_power_fallback,specialist_gate_not_ready,False,True,True,False,0,95.450562141316439,0.22196173494626473,5,6,,True,unavailable,insufficient_same_route_calibration,,,,abstained,calibration_unavailable;calibration_evidence_not_independent;insufficient_same_route_calibration;independent_long_term_evidence_missing;interval_width_invalid,,,136.94583333333333,748.09583333333319,2a5768f904973a75dd3010edd7c8a00774f2f38d18be799d4a8bddb192565a9f,22cfb027b76dc0bd04854831f8b3ac7e53d712b752a224e8052d991607f38041,ab4e53f7ba72dbbe02ed18a345b31c07ed294adbf1dc184bebfd7cb79839453f
naumann_calendar_v4_hybrid_development_v1,naumann_v4_fixed_7_train_6_calibration_4_test_v1,NAUMANN_LFP_CALENDAR_2021,NAUMANN_CAL_T40_SOC37.5,10,0.94999999999999996,14,9,136.94583333333333,40,0.375,266.17083333333329,129.22499999999997,False,hierarchical_power_fallback,specialist_gate_not_ready,False,True,True,False,0,95.163056039302262,0.24426426199501422,5,6,,True,unavailable,insufficient_same_route_calibration,,,,abstained,calibration_unavailable;calibration_evidence_not_independent;insufficient_same_route_calibration;independent_long_term_evidence_missing;interval_width_invalid,,,136.94583333333333,748.09583333333319,2a5768f904973a75dd3010edd7c8a00774f2f38d18be799d4a8bddb192565a9f,22cfb027b76dc0bd04854831f8b3ac7e53d712b752a224e8052d991607f38041,ab4e53f7ba72dbbe02ed18a345b31c07ed294adbf1dc184bebfd7cb79839453f
naumann_calendar_v4_hybrid_development_v1,naumann_v4_fixed_7_train_6_calibration_4_test_v1,NAUMANN_LFP_CALENDAR_2021,NAUMANN_CAL_T40_SOC37.5,10,0.94999999999999996,15,9,136.94583333333333,40,0.375,292.77916666666664,155.83333333333331,False,hierarchical_power_fallback,specialist_gate_not_ready,False,True,True,False,0,94.885649767788735,0.26735648647960147,5,6,,True,unavailable,insufficient_same_route_calibration,,,,abstained,calibration_unavailable;calibration_evidence_not_independent;insufficient_same_route_calibration;independent_long_term_evidence_missing;interval_width_invalid,,,136.94583333333333,748.09583333333319,2a5768f904973a75dd3010edd7c8a00774f2f38d18be799d4a8bddb192565a9f,22cfb027b76dc0bd04854831f8b3ac7e53d712b752a224e8052d991607f38041,ab4e53f7ba72dbbe02ed18a345b31c07ed294adbf1dc184bebfd7cb79839453f
naumann_calendar_v4_hybrid_development_v1,naumann_v4_fixed_7_train_6_calibration_4_test_v1,NAUMANN_LFP_CALENDAR_2021,NAUMANN_CAL_T40_SOC37.5,10,0.94999999999999996,16,9,136.94583333333333,40,0.375,319.30833333333334,182.36250000000001,False,hierarchical_power_fallback,specialist_gate_not_ready,False,True,True,False,0,94.619301667523615,0.29082467323031436,5,6,,True,unavailable,insufficient_same_route_calibration,,,,abstained,calibration_unavailable;calibration_evidence_not_independent;insufficient_same_route_calibration;independent_long_term_evidence_missing;interval_width_invalid,,,136.94583333333333,748.09583333333319,2a5768f904973a75dd3010edd7c8a00774f2f38d18be799d4a8bddb192565a9f,22cfb027b76dc0bd04854831f8b3ac7e53d712b752a224e8052d991607f38041,ab4e53f7ba72dbbe02ed18a345b31c07ed294adbf1dc184bebfd7cb79839453f
naumann_calendar_v4_hybrid_development_v1,naumann_v4_fixed_7_train_6_calibration_4_test_v1,NAUMANN_LFP_CALENDAR_2021,NAUMANN_CAL_T40_SOC37.5,10,0.94999999999999996,17,9,136.94583333333333,40,0.375,345.83749999999998,208.89166666666665,False,hierarchical_power_fallback,specialist_gate_not_ready,False,True,True,False,0,94.361986617647077,0.314584136221223,5,6,,True,unavailable,insufficient_same_route_calibration,,,,abstained,calibration_unavailable;calibration_evidence_not_independent;insufficient_same_route_calibration;independent_long_term_evidence_missing;interval_width_invalid,,,136.94583333333333,748.09583333333319,2a5768f904973a75dd3010edd7c8a00774f2f38d18be799d4a8bddb192565a9f,22cfb027b76dc0bd04854831f8b3ac7e53d712b752a224e8052d991607f38041,ab4e53f7ba72dbbe02ed18a345b31c07ed294adbf1dc184bebfd7cb79839453f
naumann_calendar_v4_hybrid_development_v1,naumann_v4_fixed_7_train_6_calibration_4_test_v1,NAUMANN_LFP_CALENDAR_2021,NAUMANN_CAL_T40_SOC37.5,10,0.94999999999999996,18,9,136.94583333333333,40,0.375,376.31666666666666,239.37083333333334,False,hierarchical_power_fallback,specialist_gate_not_ready,False,True,True,False,0,94.076265424200642,0.34210197312799956,5,6,,True,unavailable,insufficient_same_route_calibration,,,,abstained,calibration_unavailable;calibration_evidence_not_independent;insufficient_same_route_calibration;independent_long_term_evidence_missing;interval_width_invalid,,,136.94583333333333,748.09583333333319,2a5768f904973a75dd3010edd7c8a00774f2f38d18be799d4a8bddb192565a9f,22cfb027b76dc0bd04854831f8b3ac7e53d712b752a224e8052d991607f38041,ab4e53f7ba72dbbe02ed18a345b31c07ed294adbf1dc184bebfd7cb79839453f
naumann_calendar_v4_hybrid_development_v1,naumann_v4_fixed_7_train_6_calibration_4_test_v1,NAUMANN_LFP_CALENDAR_2021,NAUMANN_CAL_T40_SOC37.5,10,0.94999999999999996,19,9,136.94583333333333,40,0.375,402.74166666666662,265.79583333333329,False,hierarchical_power_fallback,specialist_gate_not_ready,False,True,True,False,0,93.836234499050676,0.36606537906466863,5,6,,True,unavailable,insufficient_same_route_calibration,,,,abstained,calibration_unavailable;calibration_evidence_not_independent;insufficient_same_route_calibration;independent_long_term_evidence_missing;interval_width_invalid,,,136.94583333333333,748.09583333333319,2a5768f904973a75dd3010edd7c8a00774f2f38d18be799d4a8bddb192565a9f,22cfb027b76dc0bd04854831f8b3ac7e53d712b752a224e8052d991607f38041,ab4e53f7ba72dbbe02ed18a345b31c07ed294adbf1dc184bebfd7cb79839453f
naumann_calendar_v4_hybrid_development_v1,naumann_v4_fixed_7_train_6_calibration_4_test_v1,NAUMANN_LFP_CALENDAR_2021,NAUMANN_CAL_T40_SOC37.5,10,0.94999999999999996,20,9,136.94583333333333,40,0.375,429.25,292.30416666666667,False,hierarchical_power_fallback,specialist_gate_not_ready,False,True,True,False,0,93.601925206943761,0.39014606375980759,5,6,,True,unavailable,insufficient_same_route_calibration,,,,abstained,calibration_unavailable;calibration_evidence_not_independent;insufficient_same_route_calibration;independent_long_term_evidence_missing;interval_width_invalid,,,136.94583333333333,748.09583333333319,2a5768f904973a75dd3010edd7c8a00774f2f38d18be799d4a8bddb192565a9f,22cfb027b76dc0bd04854831f8b3ac7e53d712b752a224e8052d991607f38041,ab4e53f7ba72dbbe02ed18a345b31c07ed294adbf1dc184bebfd7cb79839453f
naumann_calendar_v4_hybrid_development_v1,naumann_v4_fixed_7_train_6_calibration_4_test_v1,NAUMANN_LFP_CALENDAR_2021,NAUMANN_CAL_T40_SOC37.5,10,0.94999999999999996,21,9,136.94583333333333,40,0.375,455.79166666666663,318.8458333333333,False,hierarchical_power_fallback,specialist_gate_not_ready,False,True,True,False,0,93.373261226589932,0.41425939336900164,5,6,,True,unavailable,insufficient_same_route_calibration,,,,abstained,calibration_unavailable;calibration_evidence_not_independent;insufficient_same_route_calibration;independent_long_term_evidence_missing;interval_width_invalid,,,136.94583333333333,748.09583333333319,2a5768f904973a75dd3010edd7c8a00774f2f38d18be799d4a8bddb192565a9f,22cfb027b76dc0bd04854831f8b3ac7e53d712b752a224e8052d991607f38041,ab4e53f7ba72dbbe02ed18a345b31c07ed294adbf1dc184bebfd7cb79839453f
naumann_calendar_v4_hybrid_development_v1,naumann_v4_fixed_7_train_6_calibration_4_test_v1,NAUMANN_LFP_CALENDAR_2021,NAUMANN_CAL_T40_SOC37.5,10,0.94999999999999996,22,9,136.94583333333333,40,0.375,482.29166666666663,345.3458333333333,False,hierarchical_power_fallback,specialist_gate_not_ready,False,True,True,False,0,93.150403142811854,0.43830808928602372,5,6,,True,unavailable,insufficient_same_route_calibration,,,,abstained,calibration_unavailable;calibration_evidence_not_independent;insufficient_same_route_calibration;independent_long_term_evidence_missing;interval_width_invalid,,,136.94583333333333,748.09583333333319,2a5768f904973a75dd3010edd7c8a00774f2f38d18be799d4a8bddb192565a9f,22cfb027b76dc0bd04854831f8b3ac7e53d712b752a224e8052d991607f38041,ab4e53f7ba72dbbe02ed18a345b31c07ed294adbf1dc184bebfd7cb79839453f
naumann_calendar_v4_hybrid_development_v1,naumann_v4_fixed_7_train_6_calibration_4_test_v1,NAUMANN_LFP_CALENDAR_2021,NAUMANN_CAL_T40_SOC37.5,10,0.94999999999999996,23,9,136.94583333333333,40,0.375,508.79166666666663,371.8458333333333,False,hierarchical_power_fallback,specialist_gate_not_ready,False,True,True,False,0,92.932568767630812,0.46230843289889495,5,6,,True,unavailable,insufficient_same_route_calibration,,,,abstained,calibration_unavailable;calibration_evidence_not_independent;insufficient_same_route_calibration;independent_long_term_evidence_missing;interval_width_invalid,,,136.94583333333333,748.09583333333319,2a5768f904973a75dd3010edd7c8a00774f2f38d18be799d4a8bddb192565a9f,22cfb027b76dc0bd04854831f8b3ac7e53d712b752a224e8052d991607f38041,ab4e53f7ba72dbbe02ed18a345b31c07ed294adbf1dc184bebfd7cb79839453f
naumann_calendar_v4_hybrid_development_v1,naumann_v4_fixed_7_train_6_calibration_4_test_v1,NAUMANN_LFP_CALENDAR_2021,NAUMANN_CAL_T40_SOC37.5,10,0.94999999999999996,24,9,136.94583333333333,40,0.375,535.16666666666652,398.22083333333319,False,hierarchical_power_fallback,specialist_gate_not_ready,False,True,True,False,0,92.720386708474649,0.48613164838373879,5,6,,True,unavailable,insufficient_same_route_calibration,,,,abstained,calibration_unavailable;calibration_evidence_not_independent;insufficient_same_route_calibration;independent_long_term_evidence_missing;interval_width_invalid,,,136.94583333333333,748.09583333333319,2a5768f904973a75dd3010edd7c8a00774f2f38d18be799d4a8bddb192565a9f,22cfb027b76dc0bd04854831f8b3ac7e53d712b752a224e8052d991607f38041,ab4e53f7ba72dbbe02ed18a345b31c07ed294adbf1dc184bebfd7cb79839453f
naumann_calendar_v4_hybrid_development_v1,naumann_v4_fixed_7_train_6_calibration_4_test_v1,NAUMANN_LFP_CALENDAR_2021,NAUMANN_CAL_T40_SOC37.5,10,0.94999999999999996,25,9,136.94583333333333,40,0.375,561.70833333333337,424.76250000000005,False,hierarchical_power_fallback,specialist_gate_not_ready,False,True,True,False,0,92.511198685742471,0.51002912523437505,5,6,,True,unavailable,insufficient_same_route_calibration,,,,abstained,calibration_unavailable;calibration_evidence_not_independent;insufficient_same_route_calibration;independent_long_term_evidence_missing;interval_width_invalid,,,136.94583333333333,748.09583333333319,2a5768f904973a75dd3010edd7c8a00774f2f38d18be799d4a8bddb192565a9f,22cfb027b76dc0bd04854831f8b3ac7e53d712b752a224e8052d991607f38041,ab4e53f7ba72dbbe02ed18a345b31c07ed294adbf1dc184bebfd7cb79839453f
naumann_calendar_v4_hybrid_development_v1,naumann_v4_fixed_7_train_6_calibration_4_test_v1,NAUMANN_LFP_CALENDAR_2021,NAUMANN_CAL_T40_SOC37.5,10,0.94999999999999996,26,9,136.94583333333333,40,0.375,588.29166666666652,451.34583333333319,False,hierarchical_power_fallback,specialist_gate_not_ready,False,True,True,False,0,92.305752731936963,0.53387855837216358,5,6,,True,unavailable,insufficient_same_route_calibration,,,,abstained,calibration_unavailable;calibration_evidence_not_independent;insufficient_same_route_calibration;independent_long_term_evidence_missing;interval_width_invalid,,,136.94583333333333,748.09583333333319,2a5768f904973a75dd3010edd7c8a00774f2f38d18be799d4a8bddb192565a9f,22cfb027b76dc0bd04854831f8b3ac7e53d712b752a224e8052d991607f38041,ab4e53f7ba72dbbe02ed18a345b31c07ed294adbf1dc184bebfd7cb79839453f
naumann_calendar_v4_hybrid_development_v1,naumann_v4_fixed_7_train_6_calibration_4_test_v1,NAUMANN_LFP_CALENDAR_2021,NAUMANN_CAL_T40_SOC37.5,10,0.94999999999999996,27,9,136.94583333333333,40,0.375,612.29166666666652,475.34583333333319,False,hierarchical_power_fallback,specialist_gate_not_ready,False,True,True,False,0,92.123555817785544,0.5553313399119385,5,6,,True,unavailable,insufficient_same_route_calibration,,,,abstained,calibration_unavailable;calibration_evidence_not_independent;insufficient_same_route_calibration;independent_long_term_evidence_missing;interval_width_invalid,,,136.94583333333333,748.09583333333319,2a5768f904973a75dd3010edd7c8a00774f2f38d18be799d4a8bddb192565a9f,22cfb027b76dc0bd04854831f8b3ac7e53d712b752a224e8052d991607f38041,ab4e53f7ba72dbbe02ed18a345b31c07ed294adbf1dc184bebfd7cb79839453f
naumann_calendar_v4_hybrid_development_v1,naumann_v4_fixed_7_train_6_calibration_4_test_v1,NAUMANN_LFP_CALENDAR_2021,NAUMANN_CAL_T40_SOC37.5,10,0.94999999999999996,28,9,136.94583333333333,40,0.375,631.16666666666652,494.22083333333319,False,hierarchical_power_fallback,specialist_gate_not_ready,False,True,True,False,0,91.982337863074207,0.57214797281046048,5,6,,True,unavailable,insufficient_same_route_calibration,,,,abstained,calibration_unavailable;calibration_evidence_not_independent;insufficient_same_route_calibration;independent_long_term_evidence_missing;interval_width_invalid,,,136.94583333333333,748.09583333333319,2a5768f904973a75dd3010edd7c8a00774f2f38d18be799d4a8bddb192565a9f,22cfb027b76dc0bd04854831f8b3ac7e53d712b752a224e8052d991607f38041,ab4e53f7ba72dbbe02ed18a345b31c07ed294adbf1dc184bebfd7cb79839453f
naumann_calendar_v4_hybrid_development_v1,naumann_v4_fixed_7_train_6_calibration_4_test_v1,NAUMANN_LFP_CALENDAR_2021,NAUMANN_CAL_T40_SOC37.5,10,0.94999999999999996,29,9,136.94583333333333,40,0.375,658.79166666666652,521.84583333333319,False,hierarchical_power_fallback,specialist_gate_not_ready,False,True,True,False,0,91.778773043608993,0.59667012079954207,5,6,,True,unavailable,insufficient_same_route_calibration,,,,abstained,calibration_unavailable;calibration_evidence_not_independent;insufficient_same_route_calibration;independent_long_term_evidence_missing;interval_width_invalid,,,136.94583333333333,748.09583333333319,2a5768f904973a75dd3010edd7c8a00774f2f38d18be799d4a8bddb192565a9f,22cfb027b76dc0bd04854831f8b3ac7e53d712b752a224e8052d991607f38041,ab4e53f7ba72dbbe02ed18a345b31c07ed294adbf1dc184bebfd7cb79839453f
naumann_calendar_v4_hybrid_development_v1,naumann_v4_fixed_7_train_6_calibration_4_test_v1,NAUMANN_LFP_CALENDAR_2021,NAUMANN_CAL_T40_SOC37.5,10,0.94999999999999996,30,9,136.94583333333333,40,0.375,708.375,571.42916666666667,False,hierarchical_power_fallback,specialist_gate_not_ready,False,True,True,False,0,91.422073087912338,0.640407754298292,5,6,,True,unavailable,insufficient_same_route_calibration,,,,abstained,calibration_unavailable;calibration_evidence_not_independent;insufficient_same_route_calibration;independent_long_term_evidence_missing;interval_width_invalid,,,136.94583333333333,748.09583333333319,2a5768f904973a75dd3010edd7c8a00774f2f38d18be799d4a8bddb192565a9f,22cfb027b76dc0bd04854831f8b3ac7e53d712b752a224e8052d991607f38041,ab4e53f7ba72dbbe02ed18a345b31c07ed294adbf1dc184bebfd7cb79839453f
naumann_calendar_v4_hybrid_development_v1,naumann_v4_fixed_7_train_6_calibration_4_test_v1,NAUMANN_LFP_CALENDAR_2021,NAUMANN_CAL_T40_SOC37.5,10,0.94999999999999996,31,9,136.94583333333333,40,0.375,759.95833333333326,623.01249999999993,False,hierarchical_power_fallback,specialist_gate_not_ready,False,True,True,False,0,91.061812988793733,0.68552578116999896,5,6,,True,unavailable,insufficient_same_route_calibration,,,,abstained,calibration_unavailable;calibration_evidence_not_independent;insufficient_same_route_calibration;independent_long_term_evidence_missing;interval_width_invalid,,,136.94583333333333,748.09583333333319,2a5768f904973a75dd3010edd7c8a00774f2f38d18be799d4a8bddb192565a9f,22cfb027b76dc0bd04854831f8b3ac7e53d712b752a224e8052d991607f38041,ab4e53f7ba72dbbe02ed18a345b31c07ed294adbf1dc184bebfd7cb79839453f
naumann_calendar_v4_hybrid_development_v1,naumann_v4_fixed_7_train_6_calibration_4_test_v1,NAUMANN_LFP_CALENDAR_2021,NAUMANN_CAL_T40_SOC37.5,10,0.94999999999999996,32,9,136.94583333333333,40,0.375,799.58333333333326,662.63749999999993,False,hierarchical_power_fallback,specialist_gate_not_ready,False,True,True,False,0,90.79191647292123,0.71991731737680309,5,6,,True,unavailable,insufficient_same_route_calibration,,,,abstained,calibration_unavailable;calibration_evidence_not_independent;insufficient_same_route_calibration;independent_long_term_evidence_missing;interval_width_invalid,,,136.94583333333333,748.09583333333319,2a5768f904973a75dd3010edd7c8a00774f2f38d18be799d4a8bddb192565a9f,22cfb027b76dc0bd04854831f8b3ac7e53d712b752a224e8052d991607f38041,ab4e53f7ba72dbbe02ed18a345b31c07ed294adbf1dc184bebfd7cb79839453f
naumann_calendar_v4_hybrid_development_v1,naumann_v4_fixed_7_train_6_calibration_4_test_v1,NAUMANN_LFP_CALENDAR_2021,NAUMANN_CAL_T40_SOC37.5,10,0.94999999999999996,33,9,136.94583333333333,40,0.375,840.125,703.17916666666667,False,hierarchical_power_fallback,specialist_gate_not_ready,False,True,True,False,0,90.521458234647568,0.75486588750121353,5,6,,True,unavailable,insufficient_same_route_calibration,,,,abstained,calibration_unavailable;calibration_evidence_not_independent;insufficient_same_route_calibration;independent_long_term_evidence_missing;interval_width_invalid,,,136.94583333333333,748.09583333333319,2a5768f904973a75dd3010edd7c8a00774f2f38d18be799d4a8bddb192565a9f,22cfb027b76dc0bd04854831f8b3ac7e53d712b752a224e8052d991607f38041,ab4e53f7ba72dbbe02ed18a345b31c07ed294adbf1dc184bebfd7cb79839453f
naumann_calendar_v4_hybrid_development_v1,naumann_v4_fixed_7_train_6_calibration_4_test_v1,NAUMANN_LFP_CALENDAR_2021,NAUMANN_CAL_T40_SOC37.5,10,0.94999999999999996,34,9,136.94583333333333,40,0.375,885.04166666666652,748.09583333333319,True,hierarchical_power_fallback,specialist_gate_not_ready,False,True,True,False,0,90.228059144134647,0.7933076197033001,5,6,,True,unavailable,insufficient_same_route_calibration,,,,abstained,calibration_unavailable;calibration_evidence_not_independent;insufficient_same_route_calibration;independent_long_term_evidence_missing;interval_width_invalid,,,136.94583333333333,748.09583333333319,2a5768f904973a75dd3010edd7c8a00774f2f38d18be799d4a8bddb192565a9f,22cfb027b76dc0bd04854831f8b3ac7e53d712b752a224e8052d991607f38041,ab4e53f7ba72dbbe02ed18a345b31c07ed294adbf1dc184bebfd7cb79839453f
naumann_calendar_v4_hybrid_development_v1,naumann_v4_fixed_7_train_6_calibration_4_test_v1,NAUMANN_LFP_CALENDAR_2021,NAUMANN_CAL_T40_SOC62.5,10,0.80000000000000004,10,9,136.94583333333333,40,0.625,161.36250000000001,24.416666666666686,False,hierarchical_power_fallback,specialist_gate_not_ready,False,True,True,False,0,96.075622866537245,0.16168917397675034,5,5,2.1698424743004083,True,available,none,95.724782829207939,96.42646290386655,0.70168007465861137,abstained,calibration_evidence_not_independent;independent_long_term_evidence_missing,,,136.94583333333333,748.09583333333319,2a5768f904973a75dd3010edd7c8a00774f2f38d18be799d4a8bddb192565a9f,22cfb027b76dc0bd04854831f8b3ac7e53d712b752a224e8052d991607f38041,d51c17336048cf277b32e36fc27ac46263706d9a818d34334bb4f5353c026160
naumann_calendar_v4_hybrid_development_v1,naumann_v4_fixed_7_train_6_calibration_4_test_v1,NAUMANN_LFP_CALENDAR_2021,NAUMANN_CAL_T40_SOC62.5,10,0.80000000000000004,11,9,136.94583333333333,40,0.625,186.79166666666663,49.845833333333303,False,hierarchical_power_fallback,specialist_gate_not_ready,False,True,True,False,0,95.750215645705481,0.17734222114510215,5,5,2.1698424743004083,True,available,none,95.365410961778068,96.135020329632894,0.76960936785482659,abstained,calibration_evidence_not_independent;independent_long_term_evidence_missing,,,136.94583333333333,748.09583333333319,2a5768f904973a75dd3010edd7c8a00774f2f38d18be799d4a8bddb192565a9f,22cfb027b76dc0bd04854831f8b3ac7e53d712b752a224e8052d991607f38041,d51c17336048cf277b32e36fc27ac46263706d9a818d34334bb4f5353c026160
naumann_calendar_v4_hybrid_development_v1,naumann_v4_fixed_7_train_6_calibration_4_test_v1,NAUMANN_LFP_CALENDAR_2021,NAUMANN_CAL_T40_SOC62.5,10,0.80000000000000004,12,9,136.94583333333333,40,0.625,213.27500000000001,76.32916666666668,False,hierarchical_power_fallback,specialist_gate_not_ready,False,True,True,False,0,95.43214875214106,0.19526057249903128,5,5,2.1698424743004083,True,available,none,95.008464068376455,95.855833435905666,0.8473693675292111,abstained,calibration_evidence_not_independent;independent_long_term_evidence_missing,,,136.94583333333333,748.09583333333319,2a5768f904973a75dd3010edd7c8a00774f2f38d18be799d4a8bddb192565a9f,22cfb027b76dc0bd04854831f8b3ac7e53d712b752a224e8052d991607f38041,d51c17336048cf277b32e36fc27ac46263706d9a818d34334bb4f5353c026160
naumann_calendar_v4_hybrid_development_v1,naumann_v4_fixed_7_train_6_calibration_4_test_v1,NAUMANN_LFP_CALENDAR_2021,NAUMANN_CAL_T40_SOC62.5,10,0.80000000000000004,13,9,136.94583333333333,40,0.625,239.71250000000001,102.76666666666668,False,hierarchical_power_fallback,specialist_gate_not_ready,False,True,True,False,0,95.132139122896504,0.21427118768158418,5,5,2.1698424743004083,True,available,none,94.667204398846209,95.597073846946799,0.92986944810058958,abstained,calibration_evidence_not_independent;independent_long_term_evidence_missing,,,136.94583333333333,748.09583333333319,2a5768f904973a75dd3010edd7c8a00774f2f38d18be799d4a8bddb192565a9f,22cfb027b76dc0bd04854831f8b3ac7e53d712b752a224e8052d991607f38041,d51c17336048cf277b32e36fc27ac46263706d9a818d34334bb4f5353c026160
naumann_calendar_v4_hybrid_development_v1,naumann_v4_fixed_7_train_6_calibration_4_test_v1,NAUMANN_LFP_CALENDAR_2021,NAUMANN_CAL_T40_SOC62.5,10,0.80000000000000004,14,9,136.94583333333333,40,0.625,266.17083333333329,129.22499999999997,False,hierarchical_power_fallback,specialist_gate_not_ready,False,True,True,False,0,94.846649587947766,0.23404684683486437,5,5,2.1698424743004083,True,available,none,94.33880479870939,95.354494377186143,1.0156895784767528,abstained,calibration_evidence_not_independent;independent_long_term_evidence_missing,,,136.94583333333333,748.09583333333319,2a5768f904973a75dd3010edd7c8a00774f2f38d18be799d4a8bddb192565a9f,22cfb027b76dc0bd04854831f8b3ac7e53d712b752a224e8052d991607f38041,d51c17336048cf277b32e36fc27ac46263706d9a818d34334bb4f5353c026160
naumann_calendar_v4_hybrid_development_v1,naumann_v4_fixed_7_train_6_calibration_4_test_v1,NAUMANN_LFP_CALENDAR_2021,NAUMANN_CAL_T40_SOC62.5,10,0.80000000000000004,15,9,136.94583333333333,40,0.625,292.77916666666664,155.83333333333331,False,hierarchical_power_fallback,specialist_gate_not_ready,False,True,True,False,0,94.57231351848003,0.2544290975048818,5,5,2.1698424743004083,True,available,none,94.020242456016021,95.124384580944039,1.1041421249280177,abstained,calibration_evidence_not_independent;independent_long_term_evidence_missing,,,136.94583333333333,748.09583333333319,2a5768f904973a75dd3010edd7c8a00774f2f38d18be799d4a8bddb192565a9f,22cfb027b76dc0bd04854831f8b3ac7e53d712b752a224e8052d991607f38041,d51c17336048cf277b32e36fc27ac46263706d9a818d34334bb4f5353c026160
naumann_calendar_v4_hybrid_development_v1,naumann_v4_fixed_7_train_6_calibration_4_test_v1,NAUMANN_LFP_CALENDAR_2021,NAUMANN_CAL_T40_SOC62.5,10,0.80000000000000004,16,9,136.94583333333333,40,0.625,319.30833333333334,182.36250000000001,False,hierarchical_power_fallback,specialist_gate_not_ready,False,True,True,False,0,94.309892172644979,0.27506224831090903,5,5,2.1698424743004083,True,available,none,93.713050423183404,94.906733922106554,1.19368349892315,abstained,calibration_evidence_not_independent;independent_long_term_evidence_missing,,,136.94583333333333,748.09583333333319,2a5768f904973a75dd3010edd7c8a00774f2f38d18be799d4a8bddb192565a9f,22cfb027b76dc0bd04854831f8b3ac7e53d712b752a224e8052d991607f38041,d51c17336048cf277b32e36fc27ac46263706d9a818d34334bb4f5353c026160
naumann_calendar_v4_hybrid_development_v1,naumann_v4_fixed_7_train_6_calibration_4_test_v1,NAUMANN_LFP_CALENDAR_2021,NAUMANN_CAL_T40_SOC62.5,10,0.80000000000000004,17,9,136.94583333333333,40,0.625,345.83749999999998,208.89166666666665,False,hierarchical_power_fallback,specialist_gate_not_ready,False,True,True,False,0,94.057233121840241,0.29587930771263315,5,5,2.1698424743004083,True,available,none,93.415221632698774,94.699244610981708,1.284022978282934,abstained,calibration_evidence_not_independent;independent_long_term_evidence_missing,,,136.94583333333333,748.09583333333319,2a5768f904973a75dd3010edd7c8a00774f2f38d18be799d4a8bddb192565a9f,22cfb027b76dc0bd04854831f8b3ac7e53d712b752a224e8052d991607f38041,d51c17336048cf277b32e36fc27ac46263706d9a818d34334bb4f5353c026160
naumann_calendar_v4_hybrid_development_v1,naumann_v4_fixed_7_train_6_calibration_4_test_v1,NAUMANN_LFP_CALENDAR_2021,NAUMANN_CAL_T40_SOC62.5,10,0.80000000000000004,18,9,136.94583333333333,40,0.625,376.31666666666666,239.37083333333334,False,hierarchical_power_fallback,specialist_gate_not_ready,False,True,True,False,0,93.777624292013584,0.3199083055310068,5,5,2.1698424743004083,True,available,none,93.083473662790936,94.471774921236232,1.3883012584452956,abstained,calibration_evidence_not_independent;independent_long_term_evidence_missing,,,136.94583333333333,748.09583333333319,2a5768f904973a75dd3010edd7c8a00774f2f38d18be799d4a8bddb192565a9f,22cfb027b76dc0bd04854831f8b3ac7e53d712b752a224e8052d991607f38041,d51c17336048cf277b32e36fc27ac46263706d9a818d34334bb4f5353c026160
naumann_calendar_v4_hybrid_development_v1,naumann_v4_fixed_7_train_6_calibration_4_test_v1,NAUMANN_LFP_CALENDAR_2021,NAUMANN_CAL_T40_SOC62.5,10,0.80000000000000004,19,9,136.94583333333333,40,0.625,402.74166666666662,265.79583333333329,False,hierarchical_power_fallback,specialist_gate_not_ready,False,True,True,False,0,93.543458547496186,0.34076887883115664,5,5,2.1698424743004083,True,available,none,92.804043760288607,94.282873334703766,1.4788295744151583,abstained,calibration_evidence_not_independent;independent_long_term_evidence_missing,,,136.94583333333333,748.09583333333319,2a5768f904973a75dd3010edd7c8a00774f2f38d18be799d4a8bddb192565a9f,22cfb027b76dc0bd04854831f8b3ac7e53d712b752a224e8052d991607f38041,d51c17336048cf277b32e36fc27ac46263706d9a818d34334bb4f5353c026160
naumann_calendar_v4_hybrid_development_v1,naumann_v4_fixed_7_train_6_calibration_4_test_v1,NAUMANN_LFP_CALENDAR_2021,NAUMANN_CAL_T40_SOC62.5,10,0.80000000000000004,20,9,136.94583333333333,40,0.625,429.25,292.30416666666667,False,hierarchical_power_fallback,specialist_gate_not_ready,False,True,True,False,0,93.3154894601808,0.36167535150241448,5,5,2.1698424743004083,True,available,none,92.530710920583331,94.100267999778268,1.5695570791949365,abstained,calibration_evidence_not_independent;independent_long_term_evidence_missing,,,136.94583333333333,748.09583333333319,2a5768f904973a75dd3010edd7c8a00774f2f38d18be799d4a8bddb192565a9f,22cfb027b76dc0bd04854831f8b3ac7e53d712b752a224e8052d991607f38041,d51c17336048cf277b32e36fc27ac46263706d9a818d34334bb4f5353c026160
naumann_calendar_v4_hybrid_development_v1,naumann_v4_fixed_7_train_6_calibration_4_test_v1,NAUMANN_LFP_CALENDAR_2021,NAUMANN_CAL_T40_SOC62.5,10,0.80000000000000004,21,9,136.94583333333333,40,0.625,455.79166666666663,318.8458333333333,False,hierarchical_power_fallback,specialist_gate_not_ready,False,True,True,False,0,93.093575623188158,0.38255711460000508,5,5,2.1698424743004083,True,available,none,92.263486947083265,93.923664299293051,1.6601773522097858,abstained,calibration_evidence_not_independent;independent_long_term_evidence_missing,,,136.94583333333333,748.09583333333319,2a5768f904973a75dd3010edd7c8a00774f2f38d18be799d4a8bddb192565a9f,22cfb027b76dc0bd04854831f8b3ac7e53d712b752a224e8052d991607f38041,d51c17336048cf277b32e36fc27ac46263706d9a818d34334bb4f5353c026160
naumann_calendar_v4_hybrid_development_v1,naumann_v4_fixed_7_train_6_calibration_4_test_v1,NAUMANN_LFP_CALENDAR_2021,NAUMANN_CAL_T40_SOC62.5,10,0.80000000000000004,22,9,136.94583333333333,40,0.625,482.29166666666663,345.3458333333333,False,hierarchical_power_fallback,specialist_gate_not_ready,False,True,True,False,0,92.877811399655712,0.40333286584882022,5,5,2.1698424743004083,True,available,none,92.002642616055638,93.752980183255787,1.7503375672001482,abstained,calibration_evidence_not_independent;independent_long_term_evidence_missing,,,136.94583333333333,748.09583333333319,2a5768f904973a75dd3010edd7c8a00774f2f38d18be799d4a8bddb192565a9f,22cfb027b76dc0bd04854831f8b3ac7e53d712b752a224e8052d991607f38041,d51c17336048cf277b32e36fc27ac46263706d9a818d34334bb4f5353c026160
naumann_calendar_v4_hybrid_development_v1,naumann_v4_fixed_7_train_6_calibration_4_test_v1,NAUMANN_LFP_CALENDAR_2021,NAUMANN_CAL_T40_SOC62.5,10,0.80000000000000004,23,9,136.94583333333333,40,0.625,508.79166666666663,371.8458333333333,False,hierarchical_power_fallback,specialist_gate_not_ready,False,True,True,False,0,92.667385269500159,0.42401944701256095,5,5,2.1698424743004083,True,available,none,91.747329863442928,93.587440675557389,1.8401108121144603,abstained,calibration_evidence_not_independent;independent_long_term_evidence_missing,,,136.94583333333333,748.09583333333319,2a5768f904973a75dd3010edd7c8a00774f2f38d18be799d4a8bddb192565a9f,22cfb027b76dc0bd04854831f8b3ac7e53d712b752a224e8052d991607f38041,d51c17336048cf277b32e36fc27ac46263706d9a818d34334bb4f5353c026160
naumann_calendar_v4_hybrid_development_v1,naumann_v4_fixed_7_train_6_calibration_4_test_v1,NAUMANN_LFP_CALENDAR_2021,NAUMANN_CAL_T40_SOC62.5,10,0.80000000000000004,24,9,136.94583333333333,40,0.625,535.16666666666652,398.22083333333319,False,hierarchical_power_fallback,specialist_gate_not_ready,False,True,True,False,0,92.462855176049217,0.44450862412657405,5,5,2.1698424743004083,True,available,none,91.49834148322654,93.427368868871895,1.9290273856453553,abstained,calibration_evidence_not_independent;independent_long_term_evidence_missing,,,136.94583333333333,748.09583333333319,2a5768f904973a75dd3010edd7c8a00774f2f38d18be799d4a8bddb192565a9f,22cfb027b76dc0bd04854831f8b3ac7e53d712b752a224e8052d991607f38041,d51c17336048cf277b32e36fc27ac46263706d9a818d34334bb4f5353c026160
naumann_calendar_v4_hybrid_development_v1,naumann_v4_fixed_7_train_6_calibration_4_test_v1,NAUMANN_LFP_CALENDAR_2021,NAUMANN_CAL_T40_SOC62.5,10,0.80000000000000004,25,9,136.94583333333333,40,0.625,561.70833333333337,424.76250000000005,False,hierarchical_power_fallback,specialist_gate_not_ready,False,True,True,False,0,92.261619115085466,0.46501876362693845,5,5,2.1698424743004083,True,available,none,91.25260165042107,93.270636579749862,2.0180349293287918,abstained,calibration_evidence_not_independent;independent_long_term_evidence_missing,,,136.94583333333333,748.09583333333319,2a5768f904973a75dd3010edd7c8a00774f2f38d18be799d4a8bddb192565a9f,22cfb027b76dc0bd04854831f8b3ac7e53d712b752a224e8052d991607f38041,d51c17336048cf277b32e36fc27ac46263706d9a818d34334bb4f5353c026160
naumann_calendar_v4_hybrid_development_v1,naumann_v4_fixed_7_train_6_calibration_4_test_v1,NAUMANN_LFP_CALENDAR_2021,NAUMANN_CAL_T40_SOC62.5,10,0.80000000000000004,26,9,136.94583333333333,40,0.625,588.29166666666652,451.34583333333319,False,hierarchical_power_fallback,specialist_gate_not_ready,False,True,True,False,0,92.064365376368514,0.48544650971178782,5,5,2.1698424743004083,True,available,none,91.011022920594996,93.117707832142031,2.1066849115470347,abstained,calibration_evidence_not_independent;independent_long_term_evidence_missing,,,136.94583333333333,748.09583333333319,2a5768f904973a75dd3010edd7c8a00774f2f38d18be799d4a8bddb192565a9f,22cfb027b76dc0bd04854831f8b3ac7e53d712b752a224e8052d991607f38041,d51c17336048cf277b32e36fc27ac46263706d9a818d34334bb4f5353c026160
naumann_calendar_v4_hybrid_development_v1,naumann_v4_fixed_7_train_6_calibration_4_test_v1,NAUMANN_LFP_CALENDAR_2021,NAUMANN_CAL_T40_SOC62.5,10,0.80000000000000004,27,9,136.94583333333333,40,0.625,612.29166666666652,475.34583333333319,False,hierarchical_power_fallback,specialist_gate_not_ready,False,True,True,False,0,91.889741968744303,0.50378759588731226,5,5,2.1698424743004083,True,available,none,90.796602245162319,92.982881692326288,2.1862794471639688,abstained,calibration_evidence_not_independent;independent_long_term_evidence_missing,,,136.94583333333333,748.09583333333319,2a5768f904973a75dd3010edd7c8a00774f2f38d18be799d4a8bddb192565a9f,22cfb027b76dc0bd04854831f8b3ac7e53d712b752a224e8052d991607f38041,d51c17336048cf277b32e36fc27ac46263706d9a818d34334bb4f5353c026160
naumann_calendar_v4_hybrid_development_v1,naumann_v4_fixed_7_train_6_calibration_4_test_v1,NAUMANN_LFP_CALENDAR_2021,NAUMANN_CAL_T40_SOC62.5,10,0.80000000000000004,28,9,136.94583333333333,40,0.625,631.16666666666652,494.22083333333319,False,hierarchical_power_fallback,specialist_gate_not_ready,False,True,True,False,0,91.754588732613314,0.5181432803868089,5,5,2.1698424743004083,True,available,none,90.630299435056671,92.878878030169957,2.2485785951132868,abstained,calibration_evidence_not_independent;independent_long_term_evidence_missing,,,136.94583333333333,748.09583333333319,2a5768f904973a75dd3010edd7c8a00774f2f38d18be799d4a8bddb192565a9f,22cfb027b76dc0bd04854831f8b3ac7e53d712b752a224e8052d991607f38041,d51c17336048cf277b32e36fc27ac46263706d9a818d34334bb4f5353c026160
naumann_calendar_v4_hybrid_development_v1,naumann_v4_fixed_7_train_6_calibration_4_test_v1,NAUMANN_LFP_CALENDAR_2021,NAUMANN_CAL_T40_SOC62.5,10,0.80000000000000004,29,9,136.94583333333333,40,0.625,658.79166666666652,521.84583333333319,False,hierarchical_power_fallback,specialist_gate_not_ready,False,True,True,False,0,91.560058251199081,0.53904367956017185,5,5,2.1698424743004083,True,available,none,90.39041837978624,92.729698122611921,2.3392797428256813,abstained,calibration_evidence_not_independent;independent_long_term_evidence_missing,,,136.94583333333333,748.09583333333319,2a5768f904973a75dd3010edd7c8a00774f2f38d18be799d4a8bddb192565a9f,22cfb027b76dc0bd04854831f8b3ac7e53d712b752a224e8052d991607f38041,d51c17336048cf277b32e36fc27ac46263706d9a818d34334bb4f5353c026160
naumann_calendar_v4_hybrid_development_v1,naumann_v4_fixed_7_train_6_calibration_4_test_v1,NAUMANN_LFP_CALENDAR_2021,NAUMANN_CAL_T40_SOC62.5,10,0.80000000000000004,30,9,136.94583333333333,40,0.625,708.375,571.42916666666667,False,hierarchical_power_fallback,specialist_gate_not_ready,False,True,True,False,0,91.219995524038637,0.57622768778926614,5,5,2.1698424743004083,True,available,none,89.969672212205566,92.470318835871709,2.5006466236661424,abstained,calibration_evidence_not_independent;independent_long_term_evidence_missing,,,136.94583333333333,748.09583333333319,2a5768f904973a75dd3010edd7c8a00774f2f38d18be799d4a8bddb192565a9f,22cfb027b76dc0bd04854831f8b3ac7e53d712b752a224e8052d991607f38041,d51c17336048cf277b32e36fc27ac46263706d9a818d34334bb4f5353c026160
naumann_calendar_v4_hybrid_development_v1,naumann_v4_fixed_7_train_6_calibration_4_test_v1,NAUMANN_LFP_CALENDAR_2021,NAUMANN_CAL_T40_SOC62.5,10,0.80000000000000004,31,9,136.94583333333333,40,0.625,759.95833333333326,623.01249999999993,False,hierarchical_power_fallback,specialist_gate_not_ready,False,True,True,False,0,90.877541528664707,0.61446541144107802,5,5,2.1698424743004083,True,available,none,89.544248379931375,92.21083467739804,2.6665862974666652,abstained,calibration_evidence_not_independent;independent_long_term_evidence_missing,,,136.94583333333333,748.09583333333319,2a5768f904973a75dd3010edd7c8a00774f2f38d18be799d4a8bddb192565a9f,22cfb027b76dc0bd04854831f8b3ac7e53d712b752a224e8052d991607f38041,d51c17336048cf277b32e36fc27ac46263706d9a818d34334bb4f5353c026160
naumann_calendar_v4_hybrid_development_v1,naumann_v4_fixed_7_train_6_calibration_4_test_v1,NAUMANN_LFP_CALENDAR_2021,NAUMANN_CAL_T40_SOC62.5,10,0.80000000000000004,32,9,136.94583333333333,40,0.625,799.58333333333326,662.63749999999993,False,hierarchical_power_fallback,specialist_gate_not_ready,False,True,True,False,0,90.621619048156518,0.64353483025873526,5,5,2.1698424743004083,True,available,none,89.225249839769404,92.017988256543632,2.7927384167742275,abstained,calibration_evidence_not_independent;independent_long_term_evidence_missing,,,136.94583333333333,748.09583333333319,2a5768f904973a75dd3010edd7c8a00774f2f38d18be799d4a8bddb192565a9f,22cfb027b76dc0bd04854831f8b3ac7e53d712b752a224e8052d991607f38041,d51c17336048cf277b32e36fc27ac46263706d9a818d34334bb4f5353c026160
naumann_calendar_v4_hybrid_development_v1,naumann_v4_fixed_7_train_6_calibration_4_test_v1,NAUMANN_LFP_CALENDAR_2021,NAUMANN_CAL_T40_SOC62.5,10,0.80000000000000004,33,9,136.94583333333333,40,0.625,840.125,703.17916666666667,False,hierarchical_power_fallback,specialist_gate_not_ready,False,True,True,False,0,90.3656898677241,0.67300946476830115,5,5,2.1698424743004083,True,available,none,88.90536534546365,91.82601438998455,2.9206490445208999,abstained,calibration_evidence_not_independent;independent_long_term_evidence_missing,,,136.94583333333333,748.09583333333319,2a5768f904973a75dd3010edd7c8a00774f2f38d18be799d4a8bddb192565a9f,22cfb027b76dc0bd04854831f8b3ac7e53d712b752a224e8052d991607f38041,d51c17336048cf277b32e36fc27ac46263706d9a818d34334bb4f5353c026160
naumann_calendar_v4_hybrid_development_v1,naumann_v4_fixed_7_train_6_calibration_4_test_v1,NAUMANN_LFP_CALENDAR_2021,NAUMANN_CAL_T40_SOC62.5,10,0.80000000000000004,34,9,136.94583333333333,40,0.625,885.04166666666652,748.09583333333319,True,hierarchical_power_fallback,specialist_gate_not_ready,False,True,True,False,0,90.088628946287557,0.70535686278165677,5,5,2.1698424743004083,True,available,none,88.558115665884628,91.619142226690485,3.0610265608058569,abstained,calibration_evidence_not_independent;independent_long_term_evidence_missing,,,136.94583333333333,748.09583333333319,2a5768f904973a75dd3010edd7c8a00774f2f38d18be799d4a8bddb192565a9f,22cfb027b76dc0bd04854831f8b3ac7e53d712b752a224e8052d991607f38041,d51c17336048cf277b32e36fc27ac46263706d9a818d34334bb4f5353c026160
naumann_calendar_v4_hybrid_development_v1,naumann_v4_fixed_7_train_6_calibration_4_test_v1,NAUMANN_LFP_CALENDAR_2021,NAUMANN_CAL_T40_SOC62.5,10,0.90000000000000002,10,9,136.94583333333333,40,0.625,161.36250000000001,24.416666666666686,False,hierarchical_power_fallback,specialist_gate_not_ready,False,True,True,False,0,96.075622866537245,0.16168917397675034,5,6,,True,unavailable,insufficient_same_route_calibration,,,,abstained,calibration_unavailable;calibration_evidence_not_independent;insufficient_same_route_calibration;independent_long_term_evidence_missing;interval_width_invalid,,,136.94583333333333,748.09583333333319,2a5768f904973a75dd3010edd7c8a00774f2f38d18be799d4a8bddb192565a9f,22cfb027b76dc0bd04854831f8b3ac7e53d712b752a224e8052d991607f38041,d51c17336048cf277b32e36fc27ac46263706d9a818d34334bb4f5353c026160
naumann_calendar_v4_hybrid_development_v1,naumann_v4_fixed_7_train_6_calibration_4_test_v1,NAUMANN_LFP_CALENDAR_2021,NAUMANN_CAL_T40_SOC62.5,10,0.90000000000000002,11,9,136.94583333333333,40,0.625,186.79166666666663,49.845833333333303,False,hierarchical_power_fallback,specialist_gate_not_ready,False,True,True,False,0,95.750215645705481,0.17734222114510215,5,6,,True,unavailable,insufficient_same_route_calibration,,,,abstained,calibration_unavailable;calibration_evidence_not_independent;insufficient_same_route_calibration;independent_long_term_evidence_missing;interval_width_invalid,,,136.94583333333333,748.09583333333319,2a5768f904973a75dd3010edd7c8a00774f2f38d18be799d4a8bddb192565a9f,22cfb027b76dc0bd04854831f8b3ac7e53d712b752a224e8052d991607f38041,d51c17336048cf277b32e36fc27ac46263706d9a818d34334bb4f5353c026160
naumann_calendar_v4_hybrid_development_v1,naumann_v4_fixed_7_train_6_calibration_4_test_v1,NAUMANN_LFP_CALENDAR_2021,NAUMANN_CAL_T40_SOC62.5,10,0.90000000000000002,12,9,136.94583333333333,40,0.625,213.27500000000001,76.32916666666668,False,hierarchical_power_fallback,specialist_gate_not_ready,False,True,True,False,0,95.43214875214106,0.19526057249903128,5,6,,True,unavailable,insufficient_same_route_calibration,,,,abstained,calibration_unavailable;calibration_evidence_not_independent;insufficient_same_route_calibration;independent_long_term_evidence_missing;interval_width_invalid,,,136.94583333333333,748.09583333333319,2a5768f904973a75dd3010edd7c8a00774f2f38d18be799d4a8bddb192565a9f,22cfb027b76dc0bd04854831f8b3ac7e53d712b752a224e8052d991607f38041,d51c17336048cf277b32e36fc27ac46263706d9a818d34334bb4f5353c026160
naumann_calendar_v4_hybrid_development_v1,naumann_v4_fixed_7_train_6_calibration_4_test_v1,NAUMANN_LFP_CALENDAR_2021,NAUMANN_CAL_T40_SOC62.5,10,0.90000000000000002,13,9,136.94583333333333,40,0.625,239.71250000000001,102.76666666666668,False,hierarchical_power_fallback,specialist_gate_not_ready,False,True,True,False,0,95.132139122896504,0.21427118768158418,5,6,,True,unavailable,insufficient_same_route_calibration,,,,abstained,calibration_unavailable;calibration_evidence_not_independent;insufficient_same_route_calibration;independent_long_term_evidence_missing;interval_width_invalid,,,136.94583333333333,748.09583333333319,2a5768f904973a75dd3010edd7c8a00774f2f38d18be799d4a8bddb192565a9f,22cfb027b76dc0bd04854831f8b3ac7e53d712b752a224e8052d991607f38041,d51c17336048cf277b32e36fc27ac46263706d9a818d34334bb4f5353c026160
naumann_calendar_v4_hybrid_development_v1,naumann_v4_fixed_7_train_6_calibration_4_test_v1,NAUMANN_LFP_CALENDAR_2021,NAUMANN_CAL_T40_SOC62.5,10,0.90000000000000002,14,9,136.94583333333333,40,0.625,266.17083333333329,129.22499999999997,False,hierarchical_power_fallback,specialist_gate_not_ready,False,True,True,False,0,94.846649587947766,0.23404684683486437,5,6,,True,unavailable,insufficient_same_route_calibration,,,,abstained,calibration_unavailable;calibration_evidence_not_independent;insufficient_same_route_calibration;independent_long_term_evidence_missing;interval_width_invalid,,,136.94583333333333,748.09583333333319,2a5768f904973a75dd3010edd7c8a00774f2f38d18be799d4a8bddb192565a9f,22cfb027b76dc0bd04854831f8b3ac7e53d712b752a224e8052d991607f38041,d51c17336048cf277b32e36fc27ac46263706d9a818d34334bb4f5353c026160
naumann_calendar_v4_hybrid_development_v1,naumann_v4_fixed_7_train_6_calibration_4_test_v1,NAUMANN_LFP_CALENDAR_2021,NAUMANN_CAL_T40_SOC62.5,10,0.90000000000000002,15,9,136.94583333333333,40,0.625,292.77916666666664,155.83333333333331,False,hierarchical_power_fallback,specialist_gate_not_ready,False,True,True,False,0,94.57231351848003,0.2544290975048818,5,6,,True,unavailable,insufficient_same_route_calibration,,,,abstained,calibration_unavailable;calibration_evidence_not_independent;insufficient_same_route_calibration;independent_long_term_evidence_missing;interval_width_invalid,,,136.94583333333333,748.09583333333319,2a5768f904973a75dd3010edd7c8a00774f2f38d18be799d4a8bddb192565a9f,22cfb027b76dc0bd04854831f8b3ac7e53d712b752a224e8052d991607f38041,d51c17336048cf277b32e36fc27ac46263706d9a818d34334bb4f5353c026160
naumann_calendar_v4_hybrid_development_v1,naumann_v4_fixed_7_train_6_calibration_4_test_v1,NAUMANN_LFP_CALENDAR_2021,NAUMANN_CAL_T40_SOC62.5,10,0.90000000000000002,16,9,136.94583333333333,40,0.625,319.30833333333334,182.36250000000001,False,hierarchical_power_fallback,specialist_gate_not_ready,False,True,True,False,0,94.309892172644979,0.27506224831090903,5,6,,True,unavailable,insufficient_same_route_calibration,,,,abstained,calibration_unavailable;calibration_evidence_not_independent;insufficient_same_route_calibration;independent_long_term_evidence_missing;interval_width_invalid,,,136.94583333333333,748.09583333333319,2a5768f904973a75dd3010edd7c8a00774f2f38d18be799d4a8bddb192565a9f,22cfb027b76dc0bd04854831f8b3ac7e53d712b752a224e8052d991607f38041,d51c17336048cf277b32e36fc27ac46263706d9a818d34334bb4f5353c026160
naumann_calendar_v4_hybrid_development_v1,naumann_v4_fixed_7_train_6_calibration_4_test_v1,NAUMANN_LFP_CALENDAR_2021,NAUMANN_CAL_T40_SOC62.5,10,0.90000000000000002,17,9,136.94583333333333,40,0.625,345.83749999999998,208.89166666666665,False,hierarchical_power_fallback,specialist_gate_not_ready,False,True,True,False,0,94.057233121840241,0.29587930771263315,5,6,,True,unavailable,insufficient_same_route_calibration,,,,abstained,calibration_unavailable;calibration_evidence_not_independent;insufficient_same_route_calibration;independent_long_term_evidence_missing;interval_width_invalid,,,136.94583333333333,748.09583333333319,2a5768f904973a75dd3010edd7c8a00774f2f38d18be799d4a8bddb192565a9f,22cfb027b76dc0bd04854831f8b3ac7e53d712b752a224e8052d991607f38041,d51c17336048cf277b32e36fc27ac46263706d9a818d34334bb4f5353c026160
naumann_calendar_v4_hybrid_development_v1,naumann_v4_fixed_7_train_6_calibration_4_test_v1,NAUMANN_LFP_CALENDAR_2021,NAUMANN_CAL_T40_SOC62.5,10,0.90000000000000002,18,9,136.94583333333333,40,0.625,376.31666666666666,239.37083333333334,False,hierarchical_power_fallback,specialist_gate_not_ready,False,True,True,False,0,93.777624292013584,0.3199083055310068,5,6,,True,unavailable,insufficient_same_route_calibration,,,,abstained,calibration_unavailable;calibration_evidence_not_independent;insufficient_same_route_calibration;independent_long_term_evidence_missing;interval_width_invalid,,,136.94583333333333,748.09583333333319,2a5768f904973a75dd3010edd7c8a00774f2f38d18be799d4a8bddb192565a9f,22cfb027b76dc0bd04854831f8b3ac7e53d712b752a224e8052d991607f38041,d51c17336048cf277b32e36fc27ac46263706d9a818d34334bb4f5353c026160
naumann_calendar_v4_hybrid_development_v1,naumann_v4_fixed_7_train_6_calibration_4_test_v1,NAUMANN_LFP_CALENDAR_2021,NAUMANN_CAL_T40_SOC62.5,10,0.90000000000000002,19,9,136.94583333333333,40,0.625,402.74166666666662,265.79583333333329,False,hierarchical_power_fallback,specialist_gate_not_ready,False,True,True,False,0,93.543458547496186,0.34076887883115664,5,6,,True,unavailable,insufficient_same_route_calibration,,,,abstained,calibration_unavailable;calibration_evidence_not_independent;insufficient_same_route_calibration;independent_long_term_evidence_missing;interval_width_invalid,,,136.94583333333333,748.09583333333319,2a5768f904973a75dd3010edd7c8a00774f2f38d18be799d4a8bddb192565a9f,22cfb027b76dc0bd04854831f8b3ac7e53d712b752a224e8052d991607f38041,d51c17336048cf277b32e36fc27ac46263706d9a818d34334bb4f5353c026160
naumann_calendar_v4_hybrid_development_v1,naumann_v4_fixed_7_train_6_calibration_4_test_v1,NAUMANN_LFP_CALENDAR_2021,NAUMANN_CAL_T40_SOC62.5,10,0.90000000000000002,20,9,136.94583333333333,40,0.625,429.25,292.30416666666667,False,hierarchical_power_fallback,specialist_gate_not_ready,False,True,True,False,0,93.3154894601808,0.36167535150241448,5,6,,True,unavailable,insufficient_same_route_calibration,,,,abstained,calibration_unavailable;calibration_evidence_not_independent;insufficient_same_route_calibration;independent_long_term_evidence_missing;interval_width_invalid,,,136.94583333333333,748.09583333333319,2a5768f904973a75dd3010edd7c8a00774f2f38d18be799d4a8bddb192565a9f,22cfb027b76dc0bd04854831f8b3ac7e53d712b752a224e8052d991607f38041,d51c17336048cf277b32e36fc27ac46263706d9a818d34334bb4f5353c026160
naumann_calendar_v4_hybrid_development_v1,naumann_v4_fixed_7_train_6_calibration_4_test_v1,NAUMANN_LFP_CALENDAR_2021,NAUMANN_CAL_T40_SOC62.5,10,0.90000000000000002,21,9,136.94583333333333,40,0.625,455.79166666666663,318.8458333333333,False,hierarchical_power_fallback,specialist_gate_not_ready,False,True,True,False,0,93.093575623188158,0.38255711460000508,5,6,,True,unavailable,insufficient_same_route_calibration,,,,abstained,calibration_unavailable;calibration_evidence_not_independent;insufficient_same_route_calibration;independent_long_term_evidence_missing;interval_width_invalid,,,136.94583333333333,748.09583333333319,2a5768f904973a75dd3010edd7c8a00774f2f38d18be799d4a8bddb192565a9f,22cfb027b76dc0bd04854831f8b3ac7e53d712b752a224e8052d991607f38041,d51c17336048cf277b32e36fc27ac46263706d9a818d34334bb4f5353c026160
naumann_calendar_v4_hybrid_development_v1,naumann_v4_fixed_7_train_6_calibration_4_test_v1,NAUMANN_LFP_CALENDAR_2021,NAUMANN_CAL_T40_SOC62.5,10,0.90000000000000002,22,9,136.94583333333333,40,0.625,482.29166666666663,345.3458333333333,False,hierarchical_power_fallback,specialist_gate_not_ready,False,True,True,False,0,92.877811399655712,0.40333286584882022,5,6,,True,unavailable,insufficient_same_route_calibration,,,,abstained,calibration_unavailable;calibration_evidence_not_independent;insufficient_same_route_calibration;independent_long_term_evidence_missing;interval_width_invalid,,,136.94583333333333,748.09583333333319,2a5768f904973a75dd3010edd7c8a00774f2f38d18be799d4a8bddb192565a9f,22cfb027b76dc0bd04854831f8b3ac7e53d712b752a224e8052d991607f38041,d51c17336048cf277b32e36fc27ac46263706d9a818d34334bb4f5353c026160
naumann_calendar_v4_hybrid_development_v1,naumann_v4_fixed_7_train_6_calibration_4_test_v1,NAUMANN_LFP_CALENDAR_2021,NAUMANN_CAL_T40_SOC62.5,10,0.90000000000000002,23,9,136.94583333333333,40,0.625,508.79166666666663,371.8458333333333,False,hierarchical_power_fallback,specialist_gate_not_ready,False,True,True,False,0,92.667385269500159,0.42401944701256095,5,6,,True,unavailable,insufficient_same_route_calibration,,,,abstained,calibration_unavailable;calibration_evidence_not_independent;insufficient_same_route_calibration;independent_long_term_evidence_missing;interval_width_invalid,,,136.94583333333333,748.09583333333319,2a5768f904973a75dd3010edd7c8a00774f2f38d18be799d4a8bddb192565a9f,22cfb027b76dc0bd04854831f8b3ac7e53d712b752a224e8052d991607f38041,d51c17336048cf277b32e36fc27ac46263706d9a818d34334bb4f5353c026160
naumann_calendar_v4_hybrid_development_v1,naumann_v4_fixed_7_train_6_calibration_4_test_v1,NAUMANN_LFP_CALENDAR_2021,NAUMANN_CAL_T40_SOC62.5,10,0.90000000000000002,24,9,136.94583333333333,40,0.625,535.16666666666652,398.22083333333319,False,hierarchical_power_fallback,specialist_gate_not_ready,False,True,True,False,0,92.462855176049217,0.44450862412657405,5,6,,True,unavailable,insufficient_same_route_calibration,,,,abstained,calibration_unavailable;calibration_evidence_not_independent;insufficient_same_route_calibration;independent_long_term_evidence_missing;interval_width_invalid,,,136.94583333333333,748.09583333333319,2a5768f904973a75dd3010edd7c8a00774f2f38d18be799d4a8bddb192565a9f,22cfb027b76dc0bd04854831f8b3ac7e53d712b752a224e8052d991607f38041,d51c17336048cf277b32e36fc27ac46263706d9a818d34334bb4f5353c026160
naumann_calendar_v4_hybrid_development_v1,naumann_v4_fixed_7_train_6_calibration_4_test_v1,NAUMANN_LFP_CALENDAR_2021,NAUMANN_CAL_T40_SOC62.5,10,0.90000000000000002,25,9,136.94583333333333,40,0.625,561.70833333333337,424.76250000000005,False,hierarchical_power_fallback,specialist_gate_not_ready,False,True,True,False,0,92.261619115085466,0.46501876362693845,5,6,,True,unavailable,insufficient_same_route_calibration,,,,abstained,calibration_unavailable;calibration_evidence_not_independent;insufficient_same_route_calibration;independent_long_term_evidence_missing;interval_width_invalid,,,136.94583333333333,748.09583333333319,2a5768f904973a75dd3010edd7c8a00774f2f38d18be799d4a8bddb192565a9f,22cfb027b76dc0bd04854831f8b3ac7e53d712b752a224e8052d991607f38041,d51c17336048cf277b32e36fc27ac46263706d9a818d34334bb4f5353c026160
naumann_calendar_v4_hybrid_development_v1,naumann_v4_fixed_7_train_6_calibration_4_test_v1,NAUMANN_LFP_CALENDAR_2021,NAUMANN_CAL_T40_SOC62.5,10,0.90000000000000002,26,9,136.94583333333333,40,0.625,588.29166666666652,451.34583333333319,False,hierarchical_power_fallback,specialist_gate_not_ready,False,True,True,False,0,92.064365376368514,0.48544650971178782,5,6,,True,unavailable,insufficient_same_route_calibration,,,,abstained,calibration_unavailable;calibration_evidence_not_independent;insufficient_same_route_calibration;independent_long_term_evidence_missing;interval_width_invalid,,,136.94583333333333,748.09583333333319,2a5768f904973a75dd3010edd7c8a00774f2f38d18be799d4a8bddb192565a9f,22cfb027b76dc0bd04854831f8b3ac7e53d712b752a224e8052d991607f38041,d51c17336048cf277b32e36fc27ac46263706d9a818d34334bb4f5353c026160
naumann_calendar_v4_hybrid_development_v1,naumann_v4_fixed_7_train_6_calibration_4_test_v1,NAUMANN_LFP_CALENDAR_2021,NAUMANN_CAL_T40_SOC62.5,10,0.90000000000000002,27,9,136.94583333333333,40,0.625,612.29166666666652,475.34583333333319,False,hierarchical_power_fallback,specialist_gate_not_ready,False,True,True,False,0,91.889741968744303,0.50378759588731226,5,6,,True,unavailable,insufficient_same_route_calibration,,,,abstained,calibration_unavailable;calibration_evidence_not_independent;insufficient_same_route_calibration;independent_long_term_evidence_missing;interval_width_invalid,,,136.94583333333333,748.09583333333319,2a5768f904973a75dd3010edd7c8a00774f2f38d18be799d4a8bddb192565a9f,22cfb027b76dc0bd04854831f8b3ac7e53d712b752a224e8052d991607f38041,d51c17336048cf277b32e36fc27ac46263706d9a818d34334bb4f5353c026160
naumann_calendar_v4_hybrid_development_v1,naumann_v4_fixed_7_train_6_calibration_4_test_v1,NAUMANN_LFP_CALENDAR_2021,NAUMANN_CAL_T40_SOC62.5,10,0.90000000000000002,28,9,136.94583333333333,40,0.625,631.16666666666652,494.22083333333319,False,hierarchical_power_fallback,specialist_gate_not_ready,False,True,True,False,0,91.754588732613314,0.5181432803868089,5,6,,True,unavailable,insufficient_same_route_calibration,,,,abstained,calibration_unavailable;calibration_evidence_not_independent;insufficient_same_route_calibration;independent_long_term_evidence_missing;interval_width_invalid,,,136.94583333333333,748.09583333333319,2a5768f904973a75dd3010edd7c8a00774f2f38d18be799d4a8bddb192565a9f,22cfb027b76dc0bd04854831f8b3ac7e53d712b752a224e8052d991607f38041,d51c17336048cf277b32e36fc27ac46263706d9a818d34334bb4f5353c026160
naumann_calendar_v4_hybrid_development_v1,naumann_v4_fixed_7_train_6_calibration_4_test_v1,NAUMANN_LFP_CALENDAR_2021,NAUMANN_CAL_T40_SOC62.5,10,0.90000000000000002,29,9,136.94583333333333,40,0.625,658.79166666666652,521.84583333333319,False,hierarchical_power_fallback,specialist_gate_not_ready,False,True,True,False,0,91.560058251199081,0.53904367956017185,5,6,,True,unavailable,insufficient_same_route_calibration,,,,abstained,calibration_unavailable;calibration_evidence_not_independent;insufficient_same_route_calibration;independent_long_term_evidence_missing;interval_width_invalid,,,136.94583333333333,748.09583333333319,2a5768f904973a75dd3010edd7c8a00774f2f38d18be799d4a8bddb192565a9f,22cfb027b76dc0bd04854831f8b3ac7e53d712b752a224e8052d991607f38041,d51c17336048cf277b32e36fc27ac46263706d9a818d34334bb4f5353c026160
naumann_calendar_v4_hybrid_development_v1,naumann_v4_fixed_7_train_6_calibration_4_test_v1,NAUMANN_LFP_CALENDAR_2021,NAUMANN_CAL_T40_SOC62.5,10,0.90000000000000002,30,9,136.94583333333333,40,0.625,708.375,571.42916666666667,False,hierarchical_power_fallback,specialist_gate_not_ready,False,True,True,False,0,91.219995524038637,0.57622768778926614,5,6,,True,unavailable,insufficient_same_route_calibration,,,,abstained,calibration_unavailable;calibration_evidence_not_independent;insufficient_same_route_calibration;independent_long_term_evidence_missing;interval_width_invalid,,,136.94583333333333,748.09583333333319,2a5768f904973a75dd3010edd7c8a00774f2f38d18be799d4a8bddb192565a9f,22cfb027b76dc0bd04854831f8b3ac7e53d712b752a224e8052d991607f38041,d51c17336048cf277b32e36fc27ac46263706d9a818d34334bb4f5353c026160
naumann_calendar_v4_hybrid_development_v1,naumann_v4_fixed_7_train_6_calibration_4_test_v1,NAUMANN_LFP_CALENDAR_2021,NAUMANN_CAL_T40_SOC62.5,10,0.90000000000000002,31,9,136.94583333333333,40,0.625,759.95833333333326,623.01249999999993,False,hierarchical_power_fallback,specialist_gate_not_ready,False,True,True,False,0,90.877541528664707,0.61446541144107802,5,6,,True,unavailable,insufficient_same_route_calibration,,,,abstained,calibration_unavailable;calibration_evidence_not_independent;insufficient_same_route_calibration;independent_long_term_evidence_missing;interval_width_invalid,,,136.94583333333333,748.09583333333319,2a5768f904973a75dd3010edd7c8a00774f2f38d18be799d4a8bddb192565a9f,22cfb027b76dc0bd04854831f8b3ac7e53d712b752a224e8052d991607f38041,d51c17336048cf277b32e36fc27ac46263706d9a818d34334bb4f5353c026160
naumann_calendar_v4_hybrid_development_v1,naumann_v4_fixed_7_train_6_calibration_4_test_v1,NAUMANN_LFP_CALENDAR_2021,NAUMANN_CAL_T40_SOC62.5,10,0.90000000000000002,32,9,136.94583333333333,40,0.625,799.58333333333326,662.63749999999993,False,hierarchical_power_fallback,specialist_gate_not_ready,False,True,True,False,0,90.621619048156518,0.64353483025873526,5,6,,True,unavailable,insufficient_same_route_calibration,,,,abstained,calibration_unavailable;calibration_evidence_not_independent;insufficient_same_route_calibration;independent_long_term_evidence_missing;interval_width_invalid,,,136.94583333333333,748.09583333333319,2a5768f904973a75dd3010edd7c8a00774f2f38d18be799d4a8bddb192565a9f,22cfb027b76dc0bd04854831f8b3ac7e53d712b752a224e8052d991607f38041,d51c17336048cf277b32e36fc27ac46263706d9a818d34334bb4f5353c026160
naumann_calendar_v4_hybrid_development_v1,naumann_v4_fixed_7_train_6_calibration_4_test_v1,NAUMANN_LFP_CALENDAR_2021,NAUMANN_CAL_T40_SOC62.5,10,0.90000000000000002,33,9,136.94583333333333,40,0.625,840.125,703.17916666666667,False,hierarchical_power_fallback,specialist_gate_not_ready,False,True,True,False,0,90.3656898677241,0.67300946476830115,5,6,,True,unavailable,insufficient_same_route_calibration,,,,abstained,calibration_unavailable;calibration_evidence_not_independent;insufficient_same_route_calibration;independent_long_term_evidence_missing;interval_width_invalid,,,136.94583333333333,748.09583333333319,2a5768f904973a75dd3010edd7c8a00774f2f38d18be799d4a8bddb192565a9f,22cfb027b76dc0bd04854831f8b3ac7e53d712b752a224e8052d991607f38041,d51c17336048cf277b32e36fc27ac46263706d9a818d34334bb4f5353c026160
naumann_calendar_v4_hybrid_development_v1,naumann_v4_fixed_7_train_6_calibration_4_test_v1,NAUMANN_LFP_CALENDAR_2021,NAUMANN_CAL_T40_SOC62.5,10,0.90000000000000002,34,9,136.94583333333333,40,0.625,885.04166666666652,748.09583333333319,True,hierarchical_power_fallback,specialist_gate_not_ready,False,True,True,False,0,90.088628946287557,0.70535686278165677,5,6,,True,unavailable,insufficient_same_route_calibration,,,,abstained,calibration_unavailable;calibration_evidence_not_independent;insufficient_same_route_calibration;independent_long_term_evidence_missing;interval_width_invalid,,,136.94583333333333,748.09583333333319,2a5768f904973a75dd3010edd7c8a00774f2f38d18be799d4a8bddb192565a9f,22cfb027b76dc0bd04854831f8b3ac7e53d712b752a224e8052d991607f38041,d51c17336048cf277b32e36fc27ac46263706d9a818d34334bb4f5353c026160
naumann_calendar_v4_hybrid_development_v1,naumann_v4_fixed_7_train_6_calibration_4_test_v1,NAUMANN_LFP_CALENDAR_2021,NAUMANN_CAL_T40_SOC62.5,10,0.94999999999999996,10,9,136.94583333333333,40,0.625,161.36250000000001,24.416666666666686,False,hierarchical_power_fallback,specialist_gate_not_ready,False,True,True,False,0,96.075622866537245,0.16168917397675034,5,6,,True,unavailable,insufficient_same_route_calibration,,,,abstained,calibration_unavailable;calibration_evidence_not_independent;insufficient_same_route_calibration;independent_long_term_evidence_missing;interval_width_invalid,,,136.94583333333333,748.09583333333319,2a5768f904973a75dd3010edd7c8a00774f2f38d18be799d4a8bddb192565a9f,22cfb027b76dc0bd04854831f8b3ac7e53d712b752a224e8052d991607f38041,d51c17336048cf277b32e36fc27ac46263706d9a818d34334bb4f5353c026160
naumann_calendar_v4_hybrid_development_v1,naumann_v4_fixed_7_train_6_calibration_4_test_v1,NAUMANN_LFP_CALENDAR_2021,NAUMANN_CAL_T40_SOC62.5,10,0.94999999999999996,11,9,136.94583333333333,40,0.625,186.79166666666663,49.845833333333303,False,hierarchical_power_fallback,specialist_gate_not_ready,False,True,True,False,0,95.750215645705481,0.17734222114510215,5,6,,True,unavailable,insufficient_same_route_calibration,,,,abstained,calibration_unavailable;calibration_evidence_not_independent;insufficient_same_route_calibration;independent_long_term_evidence_missing;interval_width_invalid,,,136.94583333333333,748.09583333333319,2a5768f904973a75dd3010edd7c8a00774f2f38d18be799d4a8bddb192565a9f,22cfb027b76dc0bd04854831f8b3ac7e53d712b752a224e8052d991607f38041,d51c17336048cf277b32e36fc27ac46263706d9a818d34334bb4f5353c026160
naumann_calendar_v4_hybrid_development_v1,naumann_v4_fixed_7_train_6_calibration_4_test_v1,NAUMANN_LFP_CALENDAR_2021,NAUMANN_CAL_T40_SOC62.5,10,0.94999999999999996,12,9,136.94583333333333,40,0.625,213.27500000000001,76.32916666666668,False,hierarchical_power_fallback,specialist_gate_not_ready,False,True,True,False,0,95.43214875214106,0.19526057249903128,5,6,,True,unavailable,insufficient_same_route_calibration,,,,abstained,calibration_unavailable;calibration_evidence_not_independent;insufficient_same_route_calibration;independent_long_term_evidence_missing;interval_width_invalid,,,136.94583333333333,748.09583333333319,2a5768f904973a75dd3010edd7c8a00774f2f38d18be799d4a8bddb192565a9f,22cfb027b76dc0bd04854831f8b3ac7e53d712b752a224e8052d991607f38041,d51c17336048cf277b32e36fc27ac46263706d9a818d34334bb4f5353c026160
naumann_calendar_v4_hybrid_development_v1,naumann_v4_fixed_7_train_6_calibration_4_test_v1,NAUMANN_LFP_CALENDAR_2021,NAUMANN_CAL_T40_SOC62.5,10,0.94999999999999996,13,9,136.94583333333333,40,0.625,239.71250000000001,102.76666666666668,False,hierarchical_power_fallback,specialist_gate_not_ready,False,True,True,False,0,95.132139122896504,0.21427118768158418,5,6,,True,unavailable,insufficient_same_route_calibration,,,,abstained,calibration_unavailable;calibration_evidence_not_independent;insufficient_same_route_calibration;independent_long_term_evidence_missing;interval_width_invalid,,,136.94583333333333,748.09583333333319,2a5768f904973a75dd3010edd7c8a00774f2f38d18be799d4a8bddb192565a9f,22cfb027b76dc0bd04854831f8b3ac7e53d712b752a224e8052d991607f38041,d51c17336048cf277b32e36fc27ac46263706d9a818d34334bb4f5353c026160
naumann_calendar_v4_hybrid_development_v1,naumann_v4_fixed_7_train_6_calibration_4_test_v1,NAUMANN_LFP_CALENDAR_2021,NAUMANN_CAL_T40_SOC62.5,10,0.94999999999999996,14,9,136.94583333333333,40,0.625,266.17083333333329,129.22499999999997,False,hierarchical_power_fallback,specialist_gate_not_ready,False,True,True,False,0,94.846649587947766,0.23404684683486437,5,6,,True,unavailable,insufficient_same_route_calibration,,,,abstained,calibration_unavailable;calibration_evidence_not_independent;insufficient_same_route_calibration;independent_long_term_evidence_missing;interval_width_invalid,,,136.94583333333333,748.09583333333319,2a5768f904973a75dd3010edd7c8a00774f2f38d18be799d4a8bddb192565a9f,22cfb027b76dc0bd04854831f8b3ac7e53d712b752a224e8052d991607f38041,d51c17336048cf277b32e36fc27ac46263706d9a818d34334bb4f5353c026160
naumann_calendar_v4_hybrid_development_v1,naumann_v4_fixed_7_train_6_calibration_4_test_v1,NAUMANN_LFP_CALENDAR_2021,NAUMANN_CAL_T40_SOC62.5,10,0.94999999999999996,15,9,136.94583333333333,40,0.625,292.77916666666664,155.83333333333331,False,hierarchical_power_fallback,specialist_gate_not_ready,False,True,True,False,0,94.57231351848003,0.2544290975048818,5,6,,True,unavailable,insufficient_same_route_calibration,,,,abstained,calibration_unavailable;calibration_evidence_not_independent;insufficient_same_route_calibration;independent_long_term_evidence_missing;interval_width_invalid,,,136.94583333333333,748.09583333333319,2a5768f904973a75dd3010edd7c8a00774f2f38d18be799d4a8bddb192565a9f,22cfb027b76dc0bd04854831f8b3ac7e53d712b752a224e8052d991607f38041,d51c17336048cf277b32e36fc27ac46263706d9a818d34334bb4f5353c026160
naumann_calendar_v4_hybrid_development_v1,naumann_v4_fixed_7_train_6_calibration_4_test_v1,NAUMANN_LFP_CALENDAR_2021,NAUMANN_CAL_T40_SOC62.5,10,0.94999999999999996,16,9,136.94583333333333,40,0.625,319.30833333333334,182.36250000000001,False,hierarchical_power_fallback,specialist_gate_not_ready,False,True,True,False,0,94.309892172644979,0.27506224831090903,5,6,,True,unavailable,insufficient_same_route_calibration,,,,abstained,calibration_unavailable;calibration_evidence_not_independent;insufficient_same_route_calibration;independent_long_term_evidence_missing;interval_width_invalid,,,136.94583333333333,748.09583333333319,2a5768f904973a75dd3010edd7c8a00774f2f38d18be799d4a8bddb192565a9f,22cfb027b76dc0bd04854831f8b3ac7e53d712b752a224e8052d991607f38041,d51c17336048cf277b32e36fc27ac46263706d9a818d34334bb4f5353c026160
naumann_calendar_v4_hybrid_development_v1,naumann_v4_fixed_7_train_6_calibration_4_test_v1,NAUMANN_LFP_CALENDAR_2021,NAUMANN_CAL_T40_SOC62.5,10,0.94999999999999996,17,9,136.94583333333333,40,0.625,345.83749999999998,208.89166666666665,False,hierarchical_power_fallback,specialist_gate_not_ready,False,True,True,False,0,94.057233121840241,0.29587930771263315,5,6,,True,unavailable,insufficient_same_route_calibration,,,,abstained,calibration_unavailable;calibration_evidence_not_independent;insufficient_same_route_calibration;independent_long_term_evidence_missing;interval_width_invalid,,,136.94583333333333,748.09583333333319,2a5768f904973a75dd3010edd7c8a00774f2f38d18be799d4a8bddb192565a9f,22cfb027b76dc0bd04854831f8b3ac7e53d712b752a224e8052d991607f38041,d51c17336048cf277b32e36fc27ac46263706d9a818d34334bb4f5353c026160
naumann_calendar_v4_hybrid_development_v1,naumann_v4_fixed_7_train_6_calibration_4_test_v1,NAUMANN_LFP_CALENDAR_2021,NAUMANN_CAL_T40_SOC62.5,10,0.94999999999999996,18,9,136.94583333333333,40,0.625,376.31666666666666,239.37083333333334,False,hierarchical_power_fallback,specialist_gate_not_ready,False,True,True,False,0,93.777624292013584,0.3199083055310068,5,6,,True,unavailable,insufficient_same_route_calibration,,,,abstained,calibration_unavailable;calibration_evidence_not_independent;insufficient_same_route_calibration;independent_long_term_evidence_missing;interval_width_invalid,,,136.94583333333333,748.09583333333319,2a5768f904973a75dd3010edd7c8a00774f2f38d18be799d4a8bddb192565a9f,22cfb027b76dc0bd04854831f8b3ac7e53d712b752a224e8052d991607f38041,d51c17336048cf277b32e36fc27ac46263706d9a818d34334bb4f5353c026160
naumann_calendar_v4_hybrid_development_v1,naumann_v4_fixed_7_train_6_calibration_4_test_v1,NAUMANN_LFP_CALENDAR_2021,NAUMANN_CAL_T40_SOC62.5,10,0.94999999999999996,19,9,136.94583333333333,40,0.625,402.74166666666662,265.79583333333329,False,hierarchical_power_fallback,specialist_gate_not_ready,False,True,True,False,0,93.543458547496186,0.34076887883115664,5,6,,True,unavailable,insufficient_same_route_calibration,,,,abstained,calibration_unavailable;calibration_evidence_not_independent;insufficient_same_route_calibration;independent_long_term_evidence_missing;interval_width_invalid,,,136.94583333333333,748.09583333333319,2a5768f904973a75dd3010edd7c8a00774f2f38d18be799d4a8bddb192565a9f,22cfb027b76dc0bd04854831f8b3ac7e53d712b752a224e8052d991607f38041,d51c17336048cf277b32e36fc27ac46263706d9a818d34334bb4f5353c026160
naumann_calendar_v4_hybrid_development_v1,naumann_v4_fixed_7_train_6_calibration_4_test_v1,NAUMANN_LFP_CALENDAR_2021,NAUMANN_CAL_T40_SOC62.5,10,0.94999999999999996,20,9,136.94583333333333,40,0.625,429.25,292.30416666666667,False,hierarchical_power_fallback,specialist_gate_not_ready,False,True,True,False,0,93.3154894601808,0.36167535150241448,5,6,,True,unavailable,insufficient_same_route_calibration,,,,abstained,calibration_unavailable;calibration_evidence_not_independent;insufficient_same_route_calibration;independent_long_term_evidence_missing;interval_width_invalid,,,136.94583333333333,748.09583333333319,2a5768f904973a75dd3010edd7c8a00774f2f38d18be799d4a8bddb192565a9f,22cfb027b76dc0bd04854831f8b3ac7e53d712b752a224e8052d991607f38041,d51c17336048cf277b32e36fc27ac46263706d9a818d34334bb4f5353c026160
naumann_calendar_v4_hybrid_development_v1,naumann_v4_fixed_7_train_6_calibration_4_test_v1,NAUMANN_LFP_CALENDAR_2021,NAUMANN_CAL_T40_SOC62.5,10,0.94999999999999996,21,9,136.94583333333333,40,0.625,455.79166666666663,318.8458333333333,False,hierarchical_power_fallback,specialist_gate_not_ready,False,True,True,False,0,93.093575623188158,0.38255711460000508,5,6,,True,unavailable,insufficient_same_route_calibration,,,,abstained,calibration_unavailable;calibration_evidence_not_independent;insufficient_same_route_calibration;independent_long_term_evidence_missing;interval_width_invalid,,,136.94583333333333,748.09583333333319,2a5768f904973a75dd3010edd7c8a00774f2f38d18be799d4a8bddb192565a9f,22cfb027b76dc0bd04854831f8b3ac7e53d712b752a224e8052d991607f38041,d51c17336048cf277b32e36fc27ac46263706d9a818d34334bb4f5353c026160
naumann_calendar_v4_hybrid_development_v1,naumann_v4_fixed_7_train_6_calibration_4_test_v1,NAUMANN_LFP_CALENDAR_2021,NAUMANN_CAL_T40_SOC62.5,10,0.94999999999999996,22,9,136.94583333333333,40,0.625,482.29166666666663,345.3458333333333,False,hierarchical_power_fallback,specialist_gate_not_ready,False,True,True,False,0,92.877811399655712,0.40333286584882022,5,6,,True,unavailable,insufficient_same_route_calibration,,,,abstained,calibration_unavailable;calibration_evidence_not_independent;insufficient_same_route_calibration;independent_long_term_evidence_missing;interval_width_invalid,,,136.94583333333333,748.09583333333319,2a5768f904973a75dd3010edd7c8a00774f2f38d18be799d4a8bddb192565a9f,22cfb027b76dc0bd04854831f8b3ac7e53d712b752a224e8052d991607f38041,d51c17336048cf277b32e36fc27ac46263706d9a818d34334bb4f5353c026160
naumann_calendar_v4_hybrid_development_v1,naumann_v4_fixed_7_train_6_calibration_4_test_v1,NAUMANN_LFP_CALENDAR_2021,NAUMANN_CAL_T40_SOC62.5,10,0.94999999999999996,23,9,136.94583333333333,40,0.625,508.79166666666663,371.8458333333333,False,hierarchical_power_fallback,specialist_gate_not_ready,False,True,True,False,0,92.667385269500159,0.42401944701256095,5,6,,True,unavailable,insufficient_same_route_calibration,,,,abstained,calibration_unavailable;calibration_evidence_not_independent;insufficient_same_route_calibration;independent_long_term_evidence_missing;interval_width_invalid,,,136.94583333333333,748.09583333333319,2a5768f904973a75dd3010edd7c8a00774f2f38d18be799d4a8bddb192565a9f,22cfb027b76dc0bd04854831f8b3ac7e53d712b752a224e8052d991607f38041,d51c17336048cf277b32e36fc27ac46263706d9a818d34334bb4f5353c026160
naumann_calendar_v4_hybrid_development_v1,naumann_v4_fixed_7_train_6_calibration_4_test_v1,NAUMANN_LFP_CALENDAR_2021,NAUMANN_CAL_T40_SOC62.5,10,0.94999999999999996,24,9,136.94583333333333,40,0.625,535.16666666666652,398.22083333333319,False,hierarchical_power_fallback,specialist_gate_not_ready,False,True,True,False,0,92.462855176049217,0.44450862412657405,5,6,,True,unavailable,insufficient_same_route_calibration,,,,abstained,calibration_unavailable;calibration_evidence_not_independent;insufficient_same_route_calibration;independent_long_term_evidence_missing;interval_width_invalid,,,136.94583333333333,748.09583333333319,2a5768f904973a75dd3010edd7c8a00774f2f38d18be799d4a8bddb192565a9f,22cfb027b76dc0bd04854831f8b3ac7e53d712b752a224e8052d991607f38041,d51c17336048cf277b32e36fc27ac46263706d9a818d34334bb4f5353c026160
naumann_calendar_v4_hybrid_development_v1,naumann_v4_fixed_7_train_6_calibration_4_test_v1,NAUMANN_LFP_CALENDAR_2021,NAUMANN_CAL_T40_SOC62.5,10,0.94999999999999996,25,9,136.94583333333333,40,0.625,561.70833333333337,424.76250000000005,False,hierarchical_power_fallback,specialist_gate_not_ready,False,True,True,False,0,92.261619115085466,0.46501876362693845,5,6,,True,unavailable,insufficient_same_route_calibration,,,,abstained,calibration_unavailable;calibration_evidence_not_independent;insufficient_same_route_calibration;independent_long_term_evidence_missing;interval_width_invalid,,,136.94583333333333,748.09583333333319,2a5768f904973a75dd3010edd7c8a00774f2f38d18be799d4a8bddb192565a9f,22cfb027b76dc0bd04854831f8b3ac7e53d712b752a224e8052d991607f38041,d51c17336048cf277b32e36fc27ac46263706d9a818d34334bb4f5353c026160
naumann_calendar_v4_hybrid_development_v1,naumann_v4_fixed_7_train_6_calibration_4_test_v1,NAUMANN_LFP_CALENDAR_2021,NAUMANN_CAL_T40_SOC62.5,10,0.94999999999999996,26,9,136.94583333333333,40,0.625,588.29166666666652,451.34583333333319,False,hierarchical_power_fallback,specialist_gate_not_ready,False,True,True,False,0,92.064365376368514,0.48544650971178782,5,6,,True,unavailable,insufficient_same_route_calibration,,,,abstained,calibration_unavailable;calibration_evidence_not_independent;insufficient_same_route_calibration;independent_long_term_evidence_missing;interval_width_invalid,,,136.94583333333333,748.09583333333319,2a5768f904973a75dd3010edd7c8a00774f2f38d18be799d4a8bddb192565a9f,22cfb027b76dc0bd04854831f8b3ac7e53d712b752a224e8052d991607f38041,d51c17336048cf277b32e36fc27ac46263706d9a818d34334bb4f5353c026160
naumann_calendar_v4_hybrid_development_v1,naumann_v4_fixed_7_train_6_calibration_4_test_v1,NAUMANN_LFP_CALENDAR_2021,NAUMANN_CAL_T40_SOC62.5,10,0.94999999999999996,27,9,136.94583333333333,40,0.625,612.29166666666652,475.34583333333319,False,hierarchical_power_fallback,specialist_gate_not_ready,False,True,True,False,0,91.889741968744303,0.50378759588731226,5,6,,True,unavailable,insufficient_same_route_calibration,,,,abstained,calibration_unavailable;calibration_evidence_not_independent;insufficient_same_route_calibration;independent_long_term_evidence_missing;interval_width_invalid,,,136.94583333333333,748.09583333333319,2a5768f904973a75dd3010edd7c8a00774f2f38d18be799d4a8bddb192565a9f,22cfb027b76dc0bd04854831f8b3ac7e53d712b752a224e8052d991607f38041,d51c17336048cf277b32e36fc27ac46263706d9a818d34334bb4f5353c026160
naumann_calendar_v4_hybrid_development_v1,naumann_v4_fixed_7_train_6_calibration_4_test_v1,NAUMANN_LFP_CALENDAR_2021,NAUMANN_CAL_T40_SOC62.5,10,0.94999999999999996,28,9,136.94583333333333,40,0.625,631.16666666666652,494.22083333333319,False,hierarchical_power_fallback,specialist_gate_not_ready,False,True,True,False,0,91.754588732613314,0.5181432803868089,5,6,,True,unavailable,insufficient_same_route_calibration,,,,abstained,calibration_unavailable;calibration_evidence_not_independent;insufficient_same_route_calibration;independent_long_term_evidence_missing;interval_width_invalid,,,136.94583333333333,748.09583333333319,2a5768f904973a75dd3010edd7c8a00774f2f38d18be799d4a8bddb192565a9f,22cfb027b76dc0bd04854831f8b3ac7e53d712b752a224e8052d991607f38041,d51c17336048cf277b32e36fc27ac46263706d9a818d34334bb4f5353c026160
naumann_calendar_v4_hybrid_development_v1,naumann_v4_fixed_7_train_6_calibration_4_test_v1,NAUMANN_LFP_CALENDAR_2021,NAUMANN_CAL_T40_SOC62.5,10,0.94999999999999996,29,9,136.94583333333333,40,0.625,658.79166666666652,521.84583333333319,False,hierarchical_power_fallback,specialist_gate_not_ready,False,True,True,False,0,91.560058251199081,0.53904367956017185,5,6,,True,unavailable,insufficient_same_route_calibration,,,,abstained,calibration_unavailable;calibration_evidence_not_independent;insufficient_same_route_calibration;independent_long_term_evidence_missing;interval_width_invalid,,,136.94583333333333,748.09583333333319,2a5768f904973a75dd3010edd7c8a00774f2f38d18be799d4a8bddb192565a9f,22cfb027b76dc0bd04854831f8b3ac7e53d712b752a224e8052d991607f38041,d51c17336048cf277b32e36fc27ac46263706d9a818d34334bb4f5353c026160
naumann_calendar_v4_hybrid_development_v1,naumann_v4_fixed_7_train_6_calibration_4_test_v1,NAUMANN_LFP_CALENDAR_2021,NAUMANN_CAL_T40_SOC62.5,10,0.94999999999999996,30,9,136.94583333333333,40,0.625,708.375,571.42916666666667,False,hierarchical_power_fallback,specialist_gate_not_ready,False,True,True,False,0,91.219995524038637,0.57622768778926614,5,6,,True,unavailable,insufficient_same_route_calibration,,,,abstained,calibration_unavailable;calibration_evidence_not_independent;insufficient_same_route_calibration;independent_long_term_evidence_missing;interval_width_invalid,,,136.94583333333333,748.09583333333319,2a5768f904973a75dd3010edd7c8a00774f2f38d18be799d4a8bddb192565a9f,22cfb027b76dc0bd04854831f8b3ac7e53d712b752a224e8052d991607f38041,d51c17336048cf277b32e36fc27ac46263706d9a818d34334bb4f5353c026160
naumann_calendar_v4_hybrid_development_v1,naumann_v4_fixed_7_train_6_calibration_4_test_v1,NAUMANN_LFP_CALENDAR_2021,NAUMANN_CAL_T40_SOC62.5,10,0.94999999999999996,31,9,136.94583333333333,40,0.625,759.95833333333326,623.01249999999993,False,hierarchical_power_fallback,specialist_gate_not_ready,False,True,True,False,0,90.877541528664707,0.61446541144107802,5,6,,True,unavailable,insufficient_same_route_calibration,,,,abstained,calibration_unavailable;calibration_evidence_not_independent;insufficient_same_route_calibration;independent_long_term_evidence_missing;interval_width_invalid,,,136.94583333333333,748.09583333333319,2a5768f904973a75dd3010edd7c8a00774f2f38d18be799d4a8bddb192565a9f,22cfb027b76dc0bd04854831f8b3ac7e53d712b752a224e8052d991607f38041,d51c17336048cf277b32e36fc27ac46263706d9a818d34334bb4f5353c026160
naumann_calendar_v4_hybrid_development_v1,naumann_v4_fixed_7_train_6_calibration_4_test_v1,NAUMANN_LFP_CALENDAR_2021,NAUMANN_CAL_T40_SOC62.5,10,0.94999999999999996,32,9,136.94583333333333,40,0.625,799.58333333333326,662.63749999999993,False,hierarchical_power_fallback,specialist_gate_not_ready,False,True,True,False,0,90.621619048156518,0.64353483025873526,5,6,,True,unavailable,insufficient_same_route_calibration,,,,abstained,calibration_unavailable;calibration_evidence_not_independent;insufficient_same_route_calibration;independent_long_term_evidence_missing;interval_width_invalid,,,136.94583333333333,748.09583333333319,2a5768f904973a75dd3010edd7c8a00774f2f38d18be799d4a8bddb192565a9f,22cfb027b76dc0bd04854831f8b3ac7e53d712b752a224e8052d991607f38041,d51c17336048cf277b32e36fc27ac46263706d9a818d34334bb4f5353c026160
naumann_calendar_v4_hybrid_development_v1,naumann_v4_fixed_7_train_6_calibration_4_test_v1,NAUMANN_LFP_CALENDAR_2021,NAUMANN_CAL_T40_SOC62.5,10,0.94999999999999996,33,9,136.94583333333333,40,0.625,840.125,703.17916666666667,False,hierarchical_power_fallback,specialist_gate_not_ready,False,True,True,False,0,90.3656898677241,0.67300946476830115,5,6,,True,unavailable,insufficient_same_route_calibration,,,,abstained,calibration_unavailable;calibration_evidence_not_independent;insufficient_same_route_calibration;independent_long_term_evidence_missing;interval_width_invalid,,,136.94583333333333,748.09583333333319,2a5768f904973a75dd3010edd7c8a00774f2f38d18be799d4a8bddb192565a9f,22cfb027b76dc0bd04854831f8b3ac7e53d712b752a224e8052d991607f38041,d51c17336048cf277b32e36fc27ac46263706d9a818d34334bb4f5353c026160
naumann_calendar_v4_hybrid_development_v1,naumann_v4_fixed_7_train_6_calibration_4_test_v1,NAUMANN_LFP_CALENDAR_2021,NAUMANN_CAL_T40_SOC62.5,10,0.94999999999999996,34,9,136.94583333333333,40,0.625,885.04166666666652,748.09583333333319,True,hierarchical_power_fallback,specialist_gate_not_ready,False,True,True,False,0,90.088628946287557,0.70535686278165677,5,6,,True,unavailable,insufficient_same_route_calibration,,,,abstained,calibration_unavailable;calibration_evidence_not_independent;insufficient_same_route_calibration;independent_long_term_evidence_missing;interval_width_invalid,,,136.94583333333333,748.09583333333319,2a5768f904973a75dd3010edd7c8a00774f2f38d18be799d4a8bddb192565a9f,22cfb027b76dc0bd04854831f8b3ac7e53d712b752a224e8052d991607f38041,d51c17336048cf277b32e36fc27ac46263706d9a818d34334bb4f5353c026160
naumann_calendar_v4_hybrid_development_v1,naumann_v4_fixed_7_train_6_calibration_4_test_v1,NAUMANN_LFP_CALENDAR_2021,NAUMANN_CAL_T40_SOC87.5,10,0.80000000000000004,10,9,136.94583333333333,40,0.875,161.36250000000001,24.416666666666686,False,hierarchical_power_fallback,specialist_gate_not_ready,False,True,True,False,0,93.708535381644225,0.15609163158862133,5,5,2.1698424743004083,True,available,none,93.36984112954039,94.04722963374806,0.67738850420766994,abstained,calibration_evidence_not_independent;independent_long_term_evidence_missing,,,136.94583333333333,748.09583333333319,2a5768f904973a75dd3010edd7c8a00774f2f38d18be799d4a8bddb192565a9f,22cfb027b76dc0bd04854831f8b3ac7e53d712b752a224e8052d991607f38041,6da8fd65ce09b09ccbef9849b5a84d78a220c1e66576ef321098cf7823f0f263
naumann_calendar_v4_hybrid_development_v1,naumann_v4_fixed_7_train_6_calibration_4_test_v1,NAUMANN_LFP_CALENDAR_2021,NAUMANN_CAL_T40_SOC87.5,10,0.80000000000000004,11,9,136.94583333333333,40,0.875,186.79166666666663,49.845833333333303,False,hierarchical_power_fallback,specialist_gate_not_ready,False,True,True,False,0,93.318648690733923,0.16721207175628469,5,5,2.1698424743004083,True,available,none,92.955824835221364,93.681472546246482,0.72564771102511827,abstained,calibration_evidence_not_independent;independent_long_term_evidence_missing,,,136.94583333333333,748.09583333333319,2a5768f904973a75dd3010edd7c8a00774f2f38d18be799d4a8bddb192565a9f,22cfb027b76dc0bd04854831f8b3ac7e53d712b752a224e8052d991607f38041,6da8fd65ce09b09ccbef9849b5a84d78a220c1e66576ef321098cf7823f0f263
naumann_calendar_v4_hybrid_development_v1,naumann_v4_fixed_7_train_6_calibration_4_test_v1,NAUMANN_LFP_CALENDAR_2021,NAUMANN_CAL_T40_SOC87.5,10,0.80000000000000004,12,9,136.94583333333333,40,0.875,213.27500000000001,76.32916666666668,False,hierarchical_power_fallback,specialist_gate_not_ready,False,True,True,False,0,92.944578115315579,0.17949478673891495,5,5,2.1698424743004083,True,available,none,92.555102703133983,93.334053527497176,0.77895082436319285,abstained,calibration_evidence_not_independent;independent_long_term_evidence_missing,,,136.94583333333333,748.09583333333319,2a5768f904973a75dd3010edd7c8a00774f2f38d18be799d4a8bddb192565a9f,22cfb027b76dc0bd04854831f8b3ac7e53d712b752a224e8052d991607f38041,6da8fd65ce09b09ccbef9849b5a84d78a220c1e66576ef321098cf7823f0f263
naumann_calendar_v4_hybrid_development_v1,naumann_v4_fixed_7_train_6_calibration_4_test_v1,NAUMANN_LFP_CALENDAR_2021,NAUMANN_CAL_T40_SOC87.5,10,0.80000000000000004,13,9,136.94583333333333,40,0.875,239.71250000000001,102.76666666666668,False,hierarchical_power_fallback,specialist_gate_not_ready,False,True,True,False,0,92.597562583537041,0.19218856813016771,5,5,2.1698424743004083,True,available,none,92.180543665333232,93.014581501740849,0.83403783640761731,abstained,calibration_evidence_not_independent;independent_long_term_evidence_missing,,,136.94583333333333,748.09583333333319,2a5768f904973a75dd3010edd7c8a00774f2f38d18be799d4a8bddb192565a9f,22cfb027b76dc0bd04854831f8b3ac7e53d712b752a224e8052d991607f38041,6da8fd65ce09b09ccbef9849b5a84d78a220c1e66576ef321098cf7823f0f263
naumann_calendar_v4_hybrid_development_v1,naumann_v4_fixed_7_train_6_calibration_4_test_v1,NAUMANN_LFP_CALENDAR_2021,NAUMANN_CAL_T40_SOC87.5,10,0.80000000000000004,14,9,136.94583333333333,40,0.875,266.17083333333329,129.22499999999997,False,hierarchical_power_fallback,specialist_gate_not_ready,False,True,True,False,0,92.272184615762711,0.20513148065339165,5,5,2.1698424743004083,True,available,none,91.827081616224845,92.717287615300577,0.89020599907573228,abstained,calibration_evidence_not_independent;independent_long_term_evidence_missing,,,136.94583333333333,748.09583333333319,2a5768f904973a75dd3010edd7c8a00774f2f38d18be799d4a8bddb192565a9f,22cfb027b76dc0bd04854831f8b3ac7e53d712b752a224e8052d991607f38041,6da8fd65ce09b09ccbef9849b5a84d78a220c1e66576ef321098cf7823f0f263
naumann_calendar_v4_hybrid_development_v1,naumann_v4_fixed_7_train_6_calibration_4_test_v1,NAUMANN_LFP_CALENDAR_2021,NAUMANN_CAL_T40_SOC87.5,10,0.80000000000000004,15,9,136.94583333333333,40,0.875,292.77916666666664,155.83333333333331,False,hierarchical_power_fallback,specialist_gate_not_ready,False,True,True,False,0,91.963660820414418,0.21825737849561602,5,5,2.1698424743004083,True,available,none,91.490076690225166,92.43724495060367,0.9471682603785041,abstained,calibration_evidence_not_independent;independent_long_term_evidence_missing,,,136.94583333333333,748.09583333333319,2a5768f904973a75dd3010edd7c8a00774f2f38d18be799d4a8bddb192565a9f,22cfb027b76dc0bd04854831f8b3ac7e53d712b752a224e8052d991607f38041,6da8fd65ce09b09ccbef9849b5a84d78a220c1e66576ef321098cf7823f0f263
naumann_calendar_v4_hybrid_development_v1,naumann_v4_fixed_7_train_6_calibration_4_test_v1,NAUMANN_LFP_CALENDAR_2021,NAUMANN_CAL_T40_SOC87.5,10,0.80000000000000004,16,9,136.94583333333333,40,0.875,319.30833333333334,182.36250000000001,False,hierarchical_power_fallback,specialist_gate_not_ready,False,True,True,False,0,91.672097741187031,0.23136491387201877,5,5,2.1698424743004083,True,available,none,91.170072324004664,92.174123158369397,1.0040508343647332,abstained,calibration_evidence_not_independent;independent_long_term_evidence_missing,,,136.94583333333333,748.09583333333319,2a5768f904973a75dd3010edd7c8a00774f2f38d18be799d4a8bddb192565a9f,22cfb027b76dc0bd04854831f8b3ac7e53d712b752a224e8052d991607f38041,6da8fd65ce09b09ccbef9849b5a84d78a220c1e66576ef321098cf7823f0f263
naumann_calendar_v4_hybrid_development_v1,naumann_v4_fixed_7_train_6_calibration_4_test_v1,NAUMANN_LFP_CALENDAR_2021,NAUMANN_CAL_T40_SOC87.5,10,0.80000000000000004,17,9,136.94583333333333,40,0.875,345.83749999999998,208.89166666666665,False,hierarchical_power_fallback,specialist_gate_not_ready,False,True,True,False,0,91.394482511031114,0.24443332124527595,5,5,2.1698424743004083,True,available,none,90.864100708458793,91.924864313603436,1.0607636051446434,abstained,calibration_evidence_not_independent;independent_long_term_evidence_missing,,,136.94583333333333,748.09583333333319,2a5768f904973a75dd3010edd7c8a00774f2f38d18be799d4a8bddb192565a9f,22cfb027b76dc0bd04854831f8b3ac7e53d712b752a224e8052d991607f38041,6da8fd65ce09b09ccbef9849b5a84d78a220c1e66576ef321098cf7823f0f263
naumann_calendar_v4_hybrid_development_v1,naumann_v4_fixed_7_train_6_calibration_4_test_v1,NAUMANN_LFP_CALENDAR_2021,NAUMANN_CAL_T40_SOC87.5,10,0.80000000000000004,18,9,136.94583333333333,40,0.875,376.31666666666666,239.37083333333334,False,hierarchical_power_fallback,specialist_gate_not_ready,False,True,True,False,0,91.090606838635964,0.25934790965701299,5,5,2.1698424743004083,True,available,none,90.527862728641153,91.653350948630774,1.1254882199896201,abstained,calibration_evidence_not_independent;independent_long_term_evidence_missing,,,136.94583333333333,748.09583333333319,2a5768f904973a75dd3010edd7c8a00774f2f38d18be799d4a8bddb192565a9f,22cfb027b76dc0bd04854831f8b3ac7e53d712b752a224e8052d991607f38041,6da8fd65ce09b09ccbef9849b5a84d78a220c1e66576ef321098cf7823f0f263
naumann_calendar_v4_hybrid_development_v1,naumann_v4_fixed_7_train_6_calibration_4_test_v1,NAUMANN_LFP_CALENDAR_2021,NAUMANN_CAL_T40_SOC87.5,10,0.80000000000000004,19,9,136.94583333333333,40,0.875,402.74166666666662,265.79583333333329,False,hierarchical_power_fallback,specialist_gate_not_ready,False,True,True,False,0,90.83868898892932,0.27216333520853381,5,5,2.1698424743004083,True,available,none,90.248137424246579,91.429240553612061,1.1811031293654821,abstained,calibration_evidence_not_independent;independent_long_term_evidence_missing,,,136.94583333333333,748.09583333333319,2a5768f904973a75dd3010edd7c8a00774f2f38d18be799d4a8bddb192565a9f,22cfb027b76dc0bd04854831f8b3ac7e53d712b752a224e8052d991607f38041,6da8fd65ce09b09ccbef9849b5a84d78a220c1e66576ef321098cf7823f0f263
naumann_calendar_v4_hybrid_development_v1,naumann_v4_fixed_7_train_6_calibration_4_test_v1,NAUMANN_LFP_CALENDAR_2021,NAUMANN_CAL_T40_SOC87.5,10,0.80000000000000004,20,9,136.94583333333333,40,0.875,429.25,292.30416666666667,False,hierarchical_power_fallback,specialist_gate_not_ready,False,True,True,False,0,90.595581686262676,0.2848941321816022,5,5,2.1698424743004083,True,available,none,89.977406297576081,91.213757074949271,1.2363507773731897,abstained,calibration_evidence_not_independent;independent_long_term_evidence_missing,,,136.94583333333333,748.09583333333319,2a5768f904973a75dd3010edd7c8a00774f2f38d18be799d4a8bddb192565a9f,22cfb027b76dc0bd04854831f8b3ac7e53d712b752a224e8052d991607f38041,6da8fd65ce09b09ccbef9849b5a84d78a220c1e66576ef321098cf7823f0f263
naumann_calendar_v4_hybrid_development_v1,naumann_v4_fixed_7_train_6_calibration_4_test_v1,NAUMANN_LFP_CALENDAR_2021,NAUMANN_CAL_T40_SOC87.5,10,0.80000000000000004,21,9,136.94583333333333,40,0.875,455.79166666666663,318.8458333333333,False,hierarchical_power_fallback,specialist_gate_not_ready,False,True,True,False,0,90.36087753351643,0.29750517353349282,5,5,2.1698424743004083,True,available,none,89.71533817165934,91.006416895373519,1.291078723714179,abstained,calibration_evidence_not_independent;independent_long_term_evidence_missing,,,136.94583333333333,748.09583333333319,2a5768f904973a75dd3010edd7c8a00774f2f38d18be799d4a8bddb192565a9f,22cfb027b76dc0bd04854831f8b3ac7e53d712b752a224e8052d991607f38041,6da8fd65ce09b09ccbef9849b5a84d78a220c1e66576ef321098cf7823f0f263
naumann_calendar_v4_hybrid_development_v1,naumann_v4_fixed_7_train_6_calibration_4_test_v1,NAUMANN_LFP_CALENDAR_2021,NAUMANN_CAL_T40_SOC87.5,10,0.80000000000000004,22,9,136.94583333333333,40,0.875,482.29166666666663,345.3458333333333,False,hierarchical_power_fallback,specialist_gate_not_ready,False,True,True,False,0,90.134444578326693,0.30995486516994181,5,5,2.1698424743004083,True,available,none,89.461891346764901,90.806997809888486,1.3451064631235852,abstained,calibration_evidence_not_independent;independent_long_term_evidence_missing,,,136.94583333333333,748.09583333333319,2a5768f904973a75dd3010edd7c8a00774f2f38d18be799d4a8bddb192565a9f,22cfb027b76dc0bd04854831f8b3ac7e53d712b752a224e8052d991607f38041,6da8fd65ce09b09ccbef9849b5a84d78a220c1e66576ef321098cf7823f0f263
naumann_calendar_v4_hybrid_development_v1,naumann_v4_fixed_7_train_6_calibration_4_test_v1,NAUMANN_LFP_CALENDAR_2021,NAUMANN_CAL_T40_SOC87.5,10,0.80000000000000004,23,9,136.94583333333333,40,0.875,508.79166666666663,371.8458333333333,False,hierarchical_power_fallback,specialist_gate_not_ready,False,True,True,False,0,89.915228647692047,0.32226009200179484,5,5,2.1698424743004083,True,available,none,89.215975012294592,90.614482283089501,1.3985072707949087,abstained,calibration_evidence_not_independent;independent_long_term_evidence_missing,,,136.94583333333333,748.09583333333319,2a5768f904973a75dd3010edd7c8a00774f2f38d18be799d4a8bddb192565a9f,22cfb027b76dc0bd04854831f8b3ac7e53d712b752a224e8052d991607f38041,6da8fd65ce09b09ccbef9849b5a84d78a220c1e66576ef321098cf7823f0f263
naumann_calendar_v4_hybrid_development_v1,naumann_v4_fixed_7_train_6_calibration_4_test_v1,NAUMANN_LFP_CALENDAR_2021,NAUMANN_CAL_T40_SOC87.5,10,0.80000000000000004,24,9,136.94583333333333,40,0.875,535.16666666666652,398.22083333333319,False,hierarchical_power_fallback,specialist_gate_not_ready,False,True,True,False,0,89.703628973580393,0.33436292055310268,5,5,2.1698424743004083,True,available,none,88.978114106733145,90.429143840427642,1.4510297336944973,abstained,calibration_evidence_not_independent;independent_long_term_evidence_missing,,,136.94583333333333,748.09583333333319,2a5768f904973a75dd3010edd7c8a00774f2f38d18be799d4a8bddb192565a9f,22cfb027b76dc0bd04854831f8b3ac7e53d712b752a224e8052d991607f38041,6da8fd65ce09b09ccbef9849b5a84d78a220c1e66576ef321098cf7823f0f263
naumann_calendar_v4_hybrid_development_v1,naumann_v4_fixed_7_train_6_calibration_4_test_v1,NAUMANN_LFP_CALENDAR_2021,NAUMANN_CAL_T40_SOC87.5,10,0.80000000000000004,25,9,136.94583333333333,40,0.875,561.70833333333337,424.76250000000005,False,hierarchical_power_fallback,specialist_gate_not_ready,False,True,True,False,0,89.496807277877892,0.34639740614022718,5,5,2.1698424743004083,True,available,none,88.745179473047344,90.24843508270844,1.5032556096610961,abstained,calibration_evidence_not_independent;independent_long_term_evidence_missing,,,136.94583333333333,748.09583333333319,2a5768f904973a75dd3010edd7c8a00774f2f38d18be799d4a8bddb192565a9f,22cfb027b76dc0bd04854831f8b3ac7e53d712b752a224e8052d991607f38041,6da8fd65ce09b09ccbef9849b5a84d78a220c1e66576ef321098cf7823f0f263
naumann_calendar_v4_hybrid_development_v1,naumann_v4_fixed_7_train_6_calibration_4_test_v1,NAUMANN_LFP_CALENDAR_2021,NAUMANN_CAL_T40_SOC87.5,10,0.80000000000000004,26,9,136.94583333333333,40,0.875,588.29166666666652,451.34583333333319,False,hierarchical_power_fallback,specialist_gate_not_ready,False,True,True,False,0,89.29535478390369,0.35830676530325029,5,5,2.1698424743004083,True,available,none,88.517885545719508,90.072824022087872,1.5549384763683634,abstained,calibration_evidence_not_independent;independent_long_term_evidence_missing,,,136.94583333333333,748.09583333333319,2a5768f904973a75dd3010edd7c8a00774f2f38d18be799d4a8bddb192565a9f,22cfb027b76dc0bd04854831f8b3ac7e53d712b752a224e8052d991607f38041,6da8fd65ce09b09ccbef9849b5a84d78a220c1e66576ef321098cf7823f0f263
naumann_calendar_v4_hybrid_development_v1,naumann_v4_fixed_7_train_6_calibration_4_test_v1,NAUMANN_LFP_CALENDAR_2021,NAUMANN_CAL_T40_SOC87.5,10,0.80000000000000004,27,9,136.94583333333333,40,0.875,612.29166666666652,475.34583333333319,False,hierarchical_power_fallback,specialist_gate_not_ready,False,True,True,False,0,89.118037212646769,0.36893690893503306,5,5,2.1698424743004083,True,available,none,88.317502237302435,89.918572187991103,1.6010699506886681,abstained,calibration_evidence_not_independent;independent_long_term_evidence_missing,,,136.94583333333333,748.09583333333319,2a5768f904973a75dd3010edd7c8a00774f2f38d18be799d4a8bddb192565a9f,22cfb027b76dc0bd04854831f8b3ac7e53d712b752a224e8052d991607f38041,6da8fd65ce09b09ccbef9849b5a84d78a220c1e66576ef321098cf7823f0f263
naumann_calendar_v4_hybrid_development_v1,naumann_v4_fixed_7_train_6_calibration_4_test_v1,NAUMANN_LFP_CALENDAR_2021,NAUMANN_CAL_T40_SOC87.5,10,0.80000000000000004,28,9,136.94583333333333,40,0.875,631.16666666666652,494.22083333333319,False,hierarchical_power_fallback,specialist_gate_not_ready,False,True,True,False,0,88.981441126364331,0.37721720933871034,5,5,2.1698424743004083,True,available,none,88.162939203504123,89.799943049224538,1.6370038457204146,abstained,calibration_evidence_not_independent;independent_long_term_evidence_missing,,,136.94583333333333,748.09583333333319,2a5768f904973a75dd3010edd7c8a00774f2f38d18be799d4a8bddb192565a9f,22cfb027b76dc0bd04854831f8b3ac7e53d712b752a224e8052d991607f38041,6da8fd65ce09b09ccbef9849b5a84d78a220c1e66576ef321098cf7823f0f263
naumann_calendar_v4_hybrid_development_v1,naumann_v4_fixed_7_train_6_calibration_4_test_v1,NAUMANN_LFP_CALENDAR_2021,NAUMANN_CAL_T40_SOC87.5,10,0.80000000000000004,29,9,136.94583333333333,40,0.875,658.79166666666652,521.84583333333319,False,hierarchical_power_fallback,specialist_gate_not_ready,False,True,True,False,0,88.785793024675499,0.38921176441970662,5,5,2.1698424743004083,True,available,none,87.941264806740222,89.630321242610776,1.6890564358705547,abstained,calibration_evidence_not_independent;independent_long_term_evidence_missing,,,136.94583333333333,748.09583333333319,2a5768f904973a75dd3010edd7c8a00774f2f38d18be799d4a8bddb192565a9f,22cfb027b76dc0bd04854831f8b3ac7e53d712b752a224e8052d991607f38041,6da8fd65ce09b09ccbef9849b5a84d78a220c1e66576ef321098cf7823f0f263
naumann_calendar_v4_hybrid_development_v1,naumann_v4_fixed_7_train_6_calibration_4_test_v1,NAUMANN_LFP_CALENDAR_2021,NAUMANN_CAL_T40_SOC87.5,10,0.80000000000000004,30,9,136.94583333333333,40,0.875,708.375,571.42916666666667,False,hierarchical_power_fallback,specialist_gate_not_ready,False,True,True,False,0,88.446406947520813,0.4103808252546603,5,5,2.1698424743004083,True,available,none,87.5559452022448,89.336868692796827,1.780923490552027,abstained,calibration_evidence_not_independent;independent_long_term_evidence_missing,,,136.94583333333333,748.09583333333319,2a5768f904973a75dd3010edd7c8a00774f2f38d18be799d4a8bddb192565a9f,22cfb027b76dc0bd04854831f8b3ac7e53d712b752a224e8052d991607f38041,6da8fd65ce09b09ccbef9849b5a84d78a220c1e66576ef321098cf7823f0f263
naumann_calendar_v4_hybrid_development_v1,naumann_v4_fixed_7_train_6_calibration_4_test_v1,NAUMANN_LFP_CALENDAR_2021,NAUMANN_CAL_T40_SOC87.5,10,0.80000000000000004,31,9,136.94583333333333,40,0.875,759.95833333333326,623.01249999999993,False,hierarchical_power_fallback,specialist_gate_not_ready,False,True,True,False,0,88.10787694298746,0.43193401382305402,5,5,2.1698424743004083,True,available,none,87.170648173699135,89.045105712275785,1.8744575385766495,abstained,calibration_evidence_not_independent;independent_long_term_evidence_missing,,,136.94583333333333,748.09583333333319,2a5768f904973a75dd3010edd7c8a00774f2f38d18be799d4a8bddb192565a9f,22cfb027b76dc0bd04854831f8b3ac7e53d712b752a224e8052d991607f38041,6da8fd65ce09b09ccbef9849b5a84d78a220c1e66576ef321098cf7823f0f263
naumann_calendar_v4_hybrid_development_v1,naumann_v4_fixed_7_train_6_calibration_4_test_v1,NAUMANN_LFP_CALENDAR_2021,NAUMANN_CAL_T40_SOC87.5,10,0.80000000000000004,32,9,136.94583333333333,40,0.875,799.58333333333326,662.63749999999993,False,hierarchical_power_fallback,specialist_gate_not_ready,False,True,True,False,0,87.856920631726481,0.44818088205034246,5,5,2.1698424743004083,True,available,none,86.884438717684233,88.82940254576873,1.9449638280844965,abstained,calibration_evidence_not_independent;independent_long_term_evidence_missing,,,136.94583333333333,748.09583333333319,2a5768f904973a75dd3010edd7c8a00774f2f38d18be799d4a8bddb192565a9f,22cfb027b76dc0bd04854831f8b3ac7e53d712b752a224e8052d991607f38041,6da8fd65ce09b09ccbef9849b5a84d78a220c1e66576ef321098cf7823f0f263
naumann_calendar_v4_hybrid_development_v1,naumann_v4_fixed_7_train_6_calibration_4_test_v1,NAUMANN_LFP_CALENDAR_2021,NAUMANN_CAL_T40_SOC87.5,10,0.80000000000000004,33,9,136.94583333333333,40,0.875,840.125,703.17916666666667,False,hierarchical_power_fallback,specialist_gate_not_ready,False,True,True,False,0,87.607631754163975,0.46453789046466193,5,5,2.1698424743004083,True,available,none,86.599657708511842,88.615605799816109,2.0159480913042671,abstained,calibration_evidence_not_independent;independent_long_term_evidence_missing,,,136.94583333333333,748.09583333333319,2a5768f904973a75dd3010edd7c8a00774f2f38d18be799d4a8bddb192565a9f,22cfb027b76dc0bd04854831f8b3ac7e53d712b752a224e8052d991607f38041,6da8fd65ce09b09ccbef9849b5a84d78a220c1e66576ef321098cf7823f0f263
naumann_calendar_v4_hybrid_development_v1,naumann_v4_fixed_7_train_6_calibration_4_test_v1,NAUMANN_LFP_CALENDAR_2021,NAUMANN_CAL_T40_SOC87.5,10,0.80000000000000004,34,9,136.94583333333333,40,0.875,885.04166666666652,748.09583333333319,True,hierarchical_power_fallback,specialist_gate_not_ready,False,True,True,False,0,87.339582614252492,0.48236006819959548,5,5,2.1698424743004083,True,available,none,86.292937250366563,88.386227978138422,2.0932907277718584,abstained,calibration_evidence_not_independent;independent_long_term_evidence_missing,,,136.94583333333333,748.09583333333319,2a5768f904973a75dd3010edd7c8a00774f2f38d18be799d4a8bddb192565a9f,22cfb027b76dc0bd04854831f8b3ac7e53d712b752a224e8052d991607f38041,6da8fd65ce09b09ccbef9849b5a84d78a220c1e66576ef321098cf7823f0f263
naumann_calendar_v4_hybrid_development_v1,naumann_v4_fixed_7_train_6_calibration_4_test_v1,NAUMANN_LFP_CALENDAR_2021,NAUMANN_CAL_T40_SOC87.5,10,0.90000000000000002,10,9,136.94583333333333,40,0.875,161.36250000000001,24.416666666666686,False,hierarchical_power_fallback,specialist_gate_not_ready,False,True,True,False,0,93.708535381644225,0.15609163158862133,5,6,,True,unavailable,insufficient_same_route_calibration,,,,abstained,calibration_unavailable;calibration_evidence_not_independent;insufficient_same_route_calibration;independent_long_term_evidence_missing;interval_width_invalid,,,136.94583333333333,748.09583333333319,2a5768f904973a75dd3010edd7c8a00774f2f38d18be799d4a8bddb192565a9f,22cfb027b76dc0bd04854831f8b3ac7e53d712b752a224e8052d991607f38041,6da8fd65ce09b09ccbef9849b5a84d78a220c1e66576ef321098cf7823f0f263
naumann_calendar_v4_hybrid_development_v1,naumann_v4_fixed_7_train_6_calibration_4_test_v1,NAUMANN_LFP_CALENDAR_2021,NAUMANN_CAL_T40_SOC87.5,10,0.90000000000000002,11,9,136.94583333333333,40,0.875,186.79166666666663,49.845833333333303,False,hierarchical_power_fallback,specialist_gate_not_ready,False,True,True,False,0,93.318648690733923,0.16721207175628469,5,6,,True,unavailable,insufficient_same_route_calibration,,,,abstained,calibration_unavailable;calibration_evidence_not_independent;insufficient_same_route_calibration;independent_long_term_evidence_missing;interval_width_invalid,,,136.94583333333333,748.09583333333319,2a5768f904973a75dd3010edd7c8a00774f2f38d18be799d4a8bddb192565a9f,22cfb027b76dc0bd04854831f8b3ac7e53d712b752a224e8052d991607f38041,6da8fd65ce09b09ccbef9849b5a84d78a220c1e66576ef321098cf7823f0f263
naumann_calendar_v4_hybrid_development_v1,naumann_v4_fixed_7_train_6_calibration_4_test_v1,NAUMANN_LFP_CALENDAR_2021,NAUMANN_CAL_T40_SOC87.5,10,0.90000000000000002,12,9,136.94583333333333,40,0.875,213.27500000000001,76.32916666666668,False,hierarchical_power_fallback,specialist_gate_not_ready,False,True,True,False,0,92.944578115315579,0.17949478673891495,5,6,,True,unavailable,insufficient_same_route_calibration,,,,abstained,calibration_unavailable;calibration_evidence_not_independent;insufficient_same_route_calibration;independent_long_term_evidence_missing;interval_width_invalid,,,136.94583333333333,748.09583333333319,2a5768f904973a75dd3010edd7c8a00774f2f38d18be799d4a8bddb192565a9f,22cfb027b76dc0bd04854831f8b3ac7e53d712b752a224e8052d991607f38041,6da8fd65ce09b09ccbef9849b5a84d78a220c1e66576ef321098cf7823f0f263
naumann_calendar_v4_hybrid_development_v1,naumann_v4_fixed_7_train_6_calibration_4_test_v1,NAUMANN_LFP_CALENDAR_2021,NAUMANN_CAL_T40_SOC87.5,10,0.90000000000000002,13,9,136.94583333333333,40,0.875,239.71250000000001,102.76666666666668,False,hierarchical_power_fallback,specialist_gate_not_ready,False,True,True,False,0,92.597562583537041,0.19218856813016771,5,6,,True,unavailable,insufficient_same_route_calibration,,,,abstained,calibration_unavailable;calibration_evidence_not_independent;insufficient_same_route_calibration;independent_long_term_evidence_missing;interval_width_invalid,,,136.94583333333333,748.09583333333319,2a5768f904973a75dd3010edd7c8a00774f2f38d18be799d4a8bddb192565a9f,22cfb027b76dc0bd04854831f8b3ac7e53d712b752a224e8052d991607f38041,6da8fd65ce09b09ccbef9849b5a84d78a220c1e66576ef321098cf7823f0f263
naumann_calendar_v4_hybrid_development_v1,naumann_v4_fixed_7_train_6_calibration_4_test_v1,NAUMANN_LFP_CALENDAR_2021,NAUMANN_CAL_T40_SOC87.5,10,0.90000000000000002,14,9,136.94583333333333,40,0.875,266.17083333333329,129.22499999999997,False,hierarchical_power_fallback,specialist_gate_not_ready,False,True,True,False,0,92.272184615762711,0.20513148065339165,5,6,,True,unavailable,insufficient_same_route_calibration,,,,abstained,calibration_unavailable;calibration_evidence_not_independent;insufficient_same_route_calibration;independent_long_term_evidence_missing;interval_width_invalid,,,136.94583333333333,748.09583333333319,2a5768f904973a75dd3010edd7c8a00774f2f38d18be799d4a8bddb192565a9f,22cfb027b76dc0bd04854831f8b3ac7e53d712b752a224e8052d991607f38041,6da8fd65ce09b09ccbef9849b5a84d78a220c1e66576ef321098cf7823f0f263
naumann_calendar_v4_hybrid_development_v1,naumann_v4_fixed_7_train_6_calibration_4_test_v1,NAUMANN_LFP_CALENDAR_2021,NAUMANN_CAL_T40_SOC87.5,10,0.90000000000000002,15,9,136.94583333333333,40,0.875,292.77916666666664,155.83333333333331,False,hierarchical_power_fallback,specialist_gate_not_ready,False,True,True,False,0,91.963660820414418,0.21825737849561602,5,6,,True,unavailable,insufficient_same_route_calibration,,,,abstained,calibration_unavailable;calibration_evidence_not_independent;insufficient_same_route_calibration;independent_long_term_evidence_missing;interval_width_invalid,,,136.94583333333333,748.09583333333319,2a5768f904973a75dd3010edd7c8a00774f2f38d18be799d4a8bddb192565a9f,22cfb027b76dc0bd04854831f8b3ac7e53d712b752a224e8052d991607f38041,6da8fd65ce09b09ccbef9849b5a84d78a220c1e66576ef321098cf7823f0f263
naumann_calendar_v4_hybrid_development_v1,naumann_v4_fixed_7_train_6_calibration_4_test_v1,NAUMANN_LFP_CALENDAR_2021,NAUMANN_CAL_T40_SOC87.5,10,0.90000000000000002,16,9,136.94583333333333,40,0.875,319.30833333333334,182.36250000000001,False,hierarchical_power_fallback,specialist_gate_not_ready,False,True,True,False,0,91.672097741187031,0.23136491387201877,5,6,,True,unavailable,insufficient_same_route_calibration,,,,abstained,calibration_unavailable;calibration_evidence_not_independent;insufficient_same_route_calibration;independent_long_term_evidence_missing;interval_width_invalid,,,136.94583333333333,748.09583333333319,2a5768f904973a75dd3010edd7c8a00774f2f38d18be799d4a8bddb192565a9f,22cfb027b76dc0bd04854831f8b3ac7e53d712b752a224e8052d991607f38041,6da8fd65ce09b09ccbef9849b5a84d78a220c1e66576ef321098cf7823f0f263
naumann_calendar_v4_hybrid_development_v1,naumann_v4_fixed_7_train_6_calibration_4_test_v1,NAUMANN_LFP_CALENDAR_2021,NAUMANN_CAL_T40_SOC87.5,10,0.90000000000000002,17,9,136.94583333333333,40,0.875,345.83749999999998,208.89166666666665,False,hierarchical_power_fallback,specialist_gate_not_ready,False,True,True,False,0,91.394482511031114,0.24443332124527595,5,6,,True,unavailable,insufficient_same_route_calibration,,,,abstained,calibration_unavailable;calibration_evidence_not_independent;insufficient_same_route_calibration;independent_long_term_evidence_missing;interval_width_invalid,,,136.94583333333333,748.09583333333319,2a5768f904973a75dd3010edd7c8a00774f2f38d18be799d4a8bddb192565a9f,22cfb027b76dc0bd04854831f8b3ac7e53d712b752a224e8052d991607f38041,6da8fd65ce09b09ccbef9849b5a84d78a220c1e66576ef321098cf7823f0f263
naumann_calendar_v4_hybrid_development_v1,naumann_v4_fixed_7_train_6_calibration_4_test_v1,NAUMANN_LFP_CALENDAR_2021,NAUMANN_CAL_T40_SOC87.5,10,0.90000000000000002,18,9,136.94583333333333,40,0.875,376.31666666666666,239.37083333333334,False,hierarchical_power_fallback,specialist_gate_not_ready,False,True,True,False,0,91.090606838635964,0.25934790965701299,5,6,,True,unavailable,insufficient_same_route_calibration,,,,abstained,calibration_unavailable;calibration_evidence_not_independent;insufficient_same_route_calibration;independent_long_term_evidence_missing;interval_width_invalid,,,136.94583333333333,748.09583333333319,2a5768f904973a75dd3010edd7c8a00774f2f38d18be799d4a8bddb192565a9f,22cfb027b76dc0bd04854831f8b3ac7e53d712b752a224e8052d991607f38041,6da8fd65ce09b09ccbef9849b5a84d78a220c1e66576ef321098cf7823f0f263
naumann_calendar_v4_hybrid_development_v1,naumann_v4_fixed_7_train_6_calibration_4_test_v1,NAUMANN_LFP_CALENDAR_2021,NAUMANN_CAL_T40_SOC87.5,10,0.90000000000000002,19,9,136.94583333333333,40,0.875,402.74166666666662,265.79583333333329,False,hierarchical_power_fallback,specialist_gate_not_ready,False,True,True,False,0,90.83868898892932,0.27216333520853381,5,6,,True,unavailable,insufficient_same_route_calibration,,,,abstained,calibration_unavailable;calibration_evidence_not_independent;insufficient_same_route_calibration;independent_long_term_evidence_missing;interval_width_invalid,,,136.94583333333333,748.09583333333319,2a5768f904973a75dd3010edd7c8a00774f2f38d18be799d4a8bddb192565a9f,22cfb027b76dc0bd04854831f8b3ac7e53d712b752a224e8052d991607f38041,6da8fd65ce09b09ccbef9849b5a84d78a220c1e66576ef321098cf7823f0f263
naumann_calendar_v4_hybrid_development_v1,naumann_v4_fixed_7_train_6_calibration_4_test_v1,NAUMANN_LFP_CALENDAR_2021,NAUMANN_CAL_T40_SOC87.5,10,0.90000000000000002,20,9,136.94583333333333,40,0.875,429.25,292.30416666666667,False,hierarchical_power_fallback,specialist_gate_not_ready,False,True,True,False,0,90.595581686262676,0.2848941321816022,5,6,,True,unavailable,insufficient_same_route_calibration,,,,abstained,calibration_unavailable;calibration_evidence_not_independent;insufficient_same_route_calibration;independent_long_term_evidence_missing;interval_width_invalid,,,136.94583333333333,748.09583333333319,2a5768f904973a75dd3010edd7c8a00774f2f38d18be799d4a8bddb192565a9f,22cfb027b76dc0bd04854831f8b3ac7e53d712b752a224e8052d991607f38041,6da8fd65ce09b09ccbef9849b5a84d78a220c1e66576ef321098cf7823f0f263
naumann_calendar_v4_hybrid_development_v1,naumann_v4_fixed_7_train_6_calibration_4_test_v1,NAUMANN_LFP_CALENDAR_2021,NAUMANN_CAL_T40_SOC87.5,10,0.90000000000000002,21,9,136.94583333333333,40,0.875,455.79166666666663,318.8458333333333,False,hierarchical_power_fallback,specialist_gate_not_ready,False,True,True,False,0,90.36087753351643,0.29750517353349282,5,6,,True,unavailable,insufficient_same_route_calibration,,,,abstained,calibration_unavailable;calibration_evidence_not_independent;insufficient_same_route_calibration;independent_long_term_evidence_missing;interval_width_invalid,,,136.94583333333333,748.09583333333319,2a5768f904973a75dd3010edd7c8a00774f2f38d18be799d4a8bddb192565a9f,22cfb027b76dc0bd04854831f8b3ac7e53d712b752a224e8052d991607f38041,6da8fd65ce09b09ccbef9849b5a84d78a220c1e66576ef321098cf7823f0f263
naumann_calendar_v4_hybrid_development_v1,naumann_v4_fixed_7_train_6_calibration_4_test_v1,NAUMANN_LFP_CALENDAR_2021,NAUMANN_CAL_T40_SOC87.5,10,0.90000000000000002,22,9,136.94583333333333,40,0.875,482.29166666666663,345.3458333333333,False,hierarchical_power_fallback,specialist_gate_not_ready,False,True,True,False,0,90.134444578326693,0.30995486516994181,5,6,,True,unavailable,insufficient_same_route_calibration,,,,abstained,calibration_unavailable;calibration_evidence_not_independent;insufficient_same_route_calibration;independent_long_term_evidence_missing;interval_width_invalid,,,136.94583333333333,748.09583333333319,2a5768f904973a75dd3010edd7c8a00774f2f38d18be799d4a8bddb192565a9f,22cfb027b76dc0bd04854831f8b3ac7e53d712b752a224e8052d991607f38041,6da8fd65ce09b09ccbef9849b5a84d78a220c1e66576ef321098cf7823f0f263
naumann_calendar_v4_hybrid_development_v1,naumann_v4_fixed_7_train_6_calibration_4_test_v1,NAUMANN_LFP_CALENDAR_2021,NAUMANN_CAL_T40_SOC87.5,10,0.90000000000000002,23,9,136.94583333333333,40,0.875,508.79166666666663,371.8458333333333,False,hierarchical_power_fallback,specialist_gate_not_ready,False,True,True,False,0,89.915228647692047,0.32226009200179484,5,6,,True,unavailable,insufficient_same_route_calibration,,,,abstained,calibration_unavailable;calibration_evidence_not_independent;insufficient_same_route_calibration;independent_long_term_evidence_missing;interval_width_invalid,,,136.94583333333333,748.09583333333319,2a5768f904973a75dd3010edd7c8a00774f2f38d18be799d4a8bddb192565a9f,22cfb027b76dc0bd04854831f8b3ac7e53d712b752a224e8052d991607f38041,6da8fd65ce09b09ccbef9849b5a84d78a220c1e66576ef321098cf7823f0f263
naumann_calendar_v4_hybrid_development_v1,naumann_v4_fixed_7_train_6_calibration_4_test_v1,NAUMANN_LFP_CALENDAR_2021,NAUMANN_CAL_T40_SOC87.5,10,0.90000000000000002,24,9,136.94583333333333,40,0.875,535.16666666666652,398.22083333333319,False,hierarchical_power_fallback,specialist_gate_not_ready,False,True,True,False,0,89.703628973580393,0.33436292055310268,5,6,,True,unavailable,insufficient_same_route_calibration,,,,abstained,calibration_unavailable;calibration_evidence_not_independent;insufficient_same_route_calibration;independent_long_term_evidence_missing;interval_width_invalid,,,136.94583333333333,748.09583333333319,2a5768f904973a75dd3010edd7c8a00774f2f38d18be799d4a8bddb192565a9f,22cfb027b76dc0bd04854831f8b3ac7e53d712b752a224e8052d991607f38041,6da8fd65ce09b09ccbef9849b5a84d78a220c1e66576ef321098cf7823f0f263
naumann_calendar_v4_hybrid_development_v1,naumann_v4_fixed_7_train_6_calibration_4_test_v1,NAUMANN_LFP_CALENDAR_2021,NAUMANN_CAL_T40_SOC87.5,10,0.90000000000000002,25,9,136.94583333333333,40,0.875,561.70833333333337,424.76250000000005,False,hierarchical_power_fallback,specialist_gate_not_ready,False,True,True,False,0,89.496807277877892,0.34639740614022718,5,6,,True,unavailable,insufficient_same_route_calibration,,,,abstained,calibration_unavailable;calibration_evidence_not_independent;insufficient_same_route_calibration;independent_long_term_evidence_missing;interval_width_invalid,,,136.94583333333333,748.09583333333319,2a5768f904973a75dd3010edd7c8a00774f2f38d18be799d4a8bddb192565a9f,22cfb027b76dc0bd04854831f8b3ac7e53d712b752a224e8052d991607f38041,6da8fd65ce09b09ccbef9849b5a84d78a220c1e66576ef321098cf7823f0f263
naumann_calendar_v4_hybrid_development_v1,naumann_v4_fixed_7_train_6_calibration_4_test_v1,NAUMANN_LFP_CALENDAR_2021,NAUMANN_CAL_T40_SOC87.5,10,0.90000000000000002,26,9,136.94583333333333,40,0.875,588.29166666666652,451.34583333333319,False,hierarchical_power_fallback,specialist_gate_not_ready,False,True,True,False,0,89.29535478390369,0.35830676530325029,5,6,,True,unavailable,insufficient_same_route_calibration,,,,abstained,calibration_unavailable;calibration_evidence_not_independent;insufficient_same_route_calibration;independent_long_term_evidence_missing;interval_width_invalid,,,136.94583333333333,748.09583333333319,2a5768f904973a75dd3010edd7c8a00774f2f38d18be799d4a8bddb192565a9f,22cfb027b76dc0bd04854831f8b3ac7e53d712b752a224e8052d991607f38041,6da8fd65ce09b09ccbef9849b5a84d78a220c1e66576ef321098cf7823f0f263
naumann_calendar_v4_hybrid_development_v1,naumann_v4_fixed_7_train_6_calibration_4_test_v1,NAUMANN_LFP_CALENDAR_2021,NAUMANN_CAL_T40_SOC87.5,10,0.90000000000000002,27,9,136.94583333333333,40,0.875,612.29166666666652,475.34583333333319,False,hierarchical_power_fallback,specialist_gate_not_ready,False,True,True,False,0,89.118037212646769,0.36893690893503306,5,6,,True,unavailable,insufficient_same_route_calibration,,,,abstained,calibration_unavailable;calibration_evidence_not_independent;insufficient_same_route_calibration;independent_long_term_evidence_missing;interval_width_invalid,,,136.94583333333333,748.09583333333319,2a5768f904973a75dd3010edd7c8a00774f2f38d18be799d4a8bddb192565a9f,22cfb027b76dc0bd04854831f8b3ac7e53d712b752a224e8052d991607f38041,6da8fd65ce09b09ccbef9849b5a84d78a220c1e66576ef321098cf7823f0f263
naumann_calendar_v4_hybrid_development_v1,naumann_v4_fixed_7_train_6_calibration_4_test_v1,NAUMANN_LFP_CALENDAR_2021,NAUMANN_CAL_T40_SOC87.5,10,0.90000000000000002,28,9,136.94583333333333,40,0.875,631.16666666666652,494.22083333333319,False,hierarchical_power_fallback,specialist_gate_not_ready,False,True,True,False,0,88.981441126364331,0.37721720933871034,5,6,,True,unavailable,insufficient_same_route_calibration,,,,abstained,calibration_unavailable;calibration_evidence_not_independent;insufficient_same_route_calibration;independent_long_term_evidence_missing;interval_width_invalid,,,136.94583333333333,748.09583333333319,2a5768f904973a75dd3010edd7c8a00774f2f38d18be799d4a8bddb192565a9f,22cfb027b76dc0bd04854831f8b3ac7e53d712b752a224e8052d991607f38041,6da8fd65ce09b09ccbef9849b5a84d78a220c1e66576ef321098cf7823f0f263
naumann_calendar_v4_hybrid_development_v1,naumann_v4_fixed_7_train_6_calibration_4_test_v1,NAUMANN_LFP_CALENDAR_2021,NAUMANN_CAL_T40_SOC87.5,10,0.90000000000000002,29,9,136.94583333333333,40,0.875,658.79166666666652,521.84583333333319,False,hierarchical_power_fallback,specialist_gate_not_ready,False,True,True,False,0,88.785793024675499,0.38921176441970662,5,6,,True,unavailable,insufficient_same_route_calibration,,,,abstained,calibration_unavailable;calibration_evidence_not_independent;insufficient_same_route_calibration;independent_long_term_evidence_missing;interval_width_invalid,,,136.94583333333333,748.09583333333319,2a5768f904973a75dd3010edd7c8a00774f2f38d18be799d4a8bddb192565a9f,22cfb027b76dc0bd04854831f8b3ac7e53d712b752a224e8052d991607f38041,6da8fd65ce09b09ccbef9849b5a84d78a220c1e66576ef321098cf7823f0f263
naumann_calendar_v4_hybrid_development_v1,naumann_v4_fixed_7_train_6_calibration_4_test_v1,NAUMANN_LFP_CALENDAR_2021,NAUMANN_CAL_T40_SOC87.5,10,0.90000000000000002,30,9,136.94583333333333,40,0.875,708.375,571.42916666666667,False,hierarchical_power_fallback,specialist_gate_not_ready,False,True,True,False,0,88.446406947520813,0.4103808252546603,5,6,,True,unavailable,insufficient_same_route_calibration,,,,abstained,calibration_unavailable;calibration_evidence_not_independent;insufficient_same_route_calibration;independent_long_term_evidence_missing;interval_width_invalid,,,136.94583333333333,748.09583333333319,2a5768f904973a75dd3010edd7c8a00774f2f38d18be799d4a8bddb192565a9f,22cfb027b76dc0bd04854831f8b3ac7e53d712b752a224e8052d991607f38041,6da8fd65ce09b09ccbef9849b5a84d78a220c1e66576ef321098cf7823f0f263
naumann_calendar_v4_hybrid_development_v1,naumann_v4_fixed_7_train_6_calibration_4_test_v1,NAUMANN_LFP_CALENDAR_2021,NAUMANN_CAL_T40_SOC87.5,10,0.90000000000000002,31,9,136.94583333333333,40,0.875,759.95833333333326,623.01249999999993,False,hierarchical_power_fallback,specialist_gate_not_ready,False,True,True,False,0,88.10787694298746,0.43193401382305402,5,6,,True,unavailable,insufficient_same_route_calibration,,,,abstained,calibration_unavailable;calibration_evidence_not_independent;insufficient_same_route_calibration;independent_long_term_evidence_missing;interval_width_invalid,,,136.94583333333333,748.09583333333319,2a5768f904973a75dd3010edd7c8a00774f2f38d18be799d4a8bddb192565a9f,22cfb027b76dc0bd04854831f8b3ac7e53d712b752a224e8052d991607f38041,6da8fd65ce09b09ccbef9849b5a84d78a220c1e66576ef321098cf7823f0f263
naumann_calendar_v4_hybrid_development_v1,naumann_v4_fixed_7_train_6_calibration_4_test_v1,NAUMANN_LFP_CALENDAR_2021,NAUMANN_CAL_T40_SOC87.5,10,0.90000000000000002,32,9,136.94583333333333,40,0.875,799.58333333333326,662.63749999999993,False,hierarchical_power_fallback,specialist_gate_not_ready,False,True,True,False,0,87.856920631726481,0.44818088205034246,5,6,,True,unavailable,insufficient_same_route_calibration,,,,abstained,calibration_unavailable;calibration_evidence_not_independent;insufficient_same_route_calibration;independent_long_term_evidence_missing;interval_width_invalid,,,136.94583333333333,748.09583333333319,2a5768f904973a75dd3010edd7c8a00774f2f38d18be799d4a8bddb192565a9f,22cfb027b76dc0bd04854831f8b3ac7e53d712b752a224e8052d991607f38041,6da8fd65ce09b09ccbef9849b5a84d78a220c1e66576ef321098cf7823f0f263
naumann_calendar_v4_hybrid_development_v1,naumann_v4_fixed_7_train_6_calibration_4_test_v1,NAUMANN_LFP_CALENDAR_2021,NAUMANN_CAL_T40_SOC87.5,10,0.90000000000000002,33,9,136.94583333333333,40,0.875,840.125,703.17916666666667,False,hierarchical_power_fallback,specialist_gate_not_ready,False,True,True,False,0,87.607631754163975,0.46453789046466193,5,6,,True,unavailable,insufficient_same_route_calibration,,,,abstained,calibration_unavailable;calibration_evidence_not_independent;insufficient_same_route_calibration;independent_long_term_evidence_missing;interval_width_invalid,,,136.94583333333333,748.09583333333319,2a5768f904973a75dd3010edd7c8a00774f2f38d18be799d4a8bddb192565a9f,22cfb027b76dc0bd04854831f8b3ac7e53d712b752a224e8052d991607f38041,6da8fd65ce09b09ccbef9849b5a84d78a220c1e66576ef321098cf7823f0f263
naumann_calendar_v4_hybrid_development_v1,naumann_v4_fixed_7_train_6_calibration_4_test_v1,NAUMANN_LFP_CALENDAR_2021,NAUMANN_CAL_T40_SOC87.5,10,0.90000000000000002,34,9,136.94583333333333,40,0.875,885.04166666666652,748.09583333333319,True,hierarchical_power_fallback,specialist_gate_not_ready,False,True,True,False,0,87.339582614252492,0.48236006819959548,5,6,,True,unavailable,insufficient_same_route_calibration,,,,abstained,calibration_unavailable;calibration_evidence_not_independent;insufficient_same_route_calibration;independent_long_term_evidence_missing;interval_width_invalid,,,136.94583333333333,748.09583333333319,2a5768f904973a75dd3010edd7c8a00774f2f38d18be799d4a8bddb192565a9f,22cfb027b76dc0bd04854831f8b3ac7e53d712b752a224e8052d991607f38041,6da8fd65ce09b09ccbef9849b5a84d78a220c1e66576ef321098cf7823f0f263
naumann_calendar_v4_hybrid_development_v1,naumann_v4_fixed_7_train_6_calibration_4_test_v1,NAUMANN_LFP_CALENDAR_2021,NAUMANN_CAL_T40_SOC87.5,10,0.94999999999999996,10,9,136.94583333333333,40,0.875,161.36250000000001,24.416666666666686,False,hierarchical_power_fallback,specialist_gate_not_ready,False,True,True,False,0,93.708535381644225,0.15609163158862133,5,6,,True,unavailable,insufficient_same_route_calibration,,,,abstained,calibration_unavailable;calibration_evidence_not_independent;insufficient_same_route_calibration;independent_long_term_evidence_missing;interval_width_invalid,,,136.94583333333333,748.09583333333319,2a5768f904973a75dd3010edd7c8a00774f2f38d18be799d4a8bddb192565a9f,22cfb027b76dc0bd04854831f8b3ac7e53d712b752a224e8052d991607f38041,6da8fd65ce09b09ccbef9849b5a84d78a220c1e66576ef321098cf7823f0f263
naumann_calendar_v4_hybrid_development_v1,naumann_v4_fixed_7_train_6_calibration_4_test_v1,NAUMANN_LFP_CALENDAR_2021,NAUMANN_CAL_T40_SOC87.5,10,0.94999999999999996,11,9,136.94583333333333,40,0.875,186.79166666666663,49.845833333333303,False,hierarchical_power_fallback,specialist_gate_not_ready,False,True,True,False,0,93.318648690733923,0.16721207175628469,5,6,,True,unavailable,insufficient_same_route_calibration,,,,abstained,calibration_unavailable;calibration_evidence_not_independent;insufficient_same_route_calibration;independent_long_term_evidence_missing;interval_width_invalid,,,136.94583333333333,748.09583333333319,2a5768f904973a75dd3010edd7c8a00774f2f38d18be799d4a8bddb192565a9f,22cfb027b76dc0bd04854831f8b3ac7e53d712b752a224e8052d991607f38041,6da8fd65ce09b09ccbef9849b5a84d78a220c1e66576ef321098cf7823f0f263
naumann_calendar_v4_hybrid_development_v1,naumann_v4_fixed_7_train_6_calibration_4_test_v1,NAUMANN_LFP_CALENDAR_2021,NAUMANN_CAL_T40_SOC87.5,10,0.94999999999999996,12,9,136.94583333333333,40,0.875,213.27500000000001,76.32916666666668,False,hierarchical_power_fallback,specialist_gate_not_ready,False,True,True,False,0,92.944578115315579,0.17949478673891495,5,6,,True,unavailable,insufficient_same_route_calibration,,,,abstained,calibration_unavailable;calibration_evidence_not_independent;insufficient_same_route_calibration;independent_long_term_evidence_missing;interval_width_invalid,,,136.94583333333333,748.09583333333319,2a5768f904973a75dd3010edd7c8a00774f2f38d18be799d4a8bddb192565a9f,22cfb027b76dc0bd04854831f8b3ac7e53d712b752a224e8052d991607f38041,6da8fd65ce09b09ccbef9849b5a84d78a220c1e66576ef321098cf7823f0f263
naumann_calendar_v4_hybrid_development_v1,naumann_v4_fixed_7_train_6_calibration_4_test_v1,NAUMANN_LFP_CALENDAR_2021,NAUMANN_CAL_T40_SOC87.5,10,0.94999999999999996,13,9,136.94583333333333,40,0.875,239.71250000000001,102.76666666666668,False,hierarchical_power_fallback,specialist_gate_not_ready,False,True,True,False,0,92.597562583537041,0.19218856813016771,5,6,,True,unavailable,insufficient_same_route_calibration,,,,abstained,calibration_unavailable;calibration_evidence_not_independent;insufficient_same_route_calibration;independent_long_term_evidence_missing;interval_width_invalid,,,136.94583333333333,748.09583333333319,2a5768f904973a75dd3010edd7c8a00774f2f38d18be799d4a8bddb192565a9f,22cfb027b76dc0bd04854831f8b3ac7e53d712b752a224e8052d991607f38041,6da8fd65ce09b09ccbef9849b5a84d78a220c1e66576ef321098cf7823f0f263
naumann_calendar_v4_hybrid_development_v1,naumann_v4_fixed_7_train_6_calibration_4_test_v1,NAUMANN_LFP_CALENDAR_2021,NAUMANN_CAL_T40_SOC87.5,10,0.94999999999999996,14,9,136.94583333333333,40,0.875,266.17083333333329,129.22499999999997,False,hierarchical_power_fallback,specialist_gate_not_ready,False,True,True,False,0,92.272184615762711,0.20513148065339165,5,6,,True,unavailable,insufficient_same_route_calibration,,,,abstained,calibration_unavailable;calibration_evidence_not_independent;insufficient_same_route_calibration;independent_long_term_evidence_missing;interval_width_invalid,,,136.94583333333333,748.09583333333319,2a5768f904973a75dd3010edd7c8a00774f2f38d18be799d4a8bddb192565a9f,22cfb027b76dc0bd04854831f8b3ac7e53d712b752a224e8052d991607f38041,6da8fd65ce09b09ccbef9849b5a84d78a220c1e66576ef321098cf7823f0f263
naumann_calendar_v4_hybrid_development_v1,naumann_v4_fixed_7_train_6_calibration_4_test_v1,NAUMANN_LFP_CALENDAR_2021,NAUMANN_CAL_T40_SOC87.5,10,0.94999999999999996,15,9,136.94583333333333,40,0.875,292.77916666666664,155.83333333333331,False,hierarchical_power_fallback,specialist_gate_not_ready,False,True,True,False,0,91.963660820414418,0.21825737849561602,5,6,,True,unavailable,insufficient_same_route_calibration,,,,abstained,calibration_unavailable;calibration_evidence_not_independent;insufficient_same_route_calibration;independent_long_term_evidence_missing;interval_width_invalid,,,136.94583333333333,748.09583333333319,2a5768f904973a75dd3010edd7c8a00774f2f38d18be799d4a8bddb192565a9f,22cfb027b76dc0bd04854831f8b3ac7e53d712b752a224e8052d991607f38041,6da8fd65ce09b09ccbef9849b5a84d78a220c1e66576ef321098cf7823f0f263
naumann_calendar_v4_hybrid_development_v1,naumann_v4_fixed_7_train_6_calibration_4_test_v1,NAUMANN_LFP_CALENDAR_2021,NAUMANN_CAL_T40_SOC87.5,10,0.94999999999999996,16,9,136.94583333333333,40,0.875,319.30833333333334,182.36250000000001,False,hierarchical_power_fallback,specialist_gate_not_ready,False,True,True,False,0,91.672097741187031,0.23136491387201877,5,6,,True,unavailable,insufficient_same_route_calibration,,,,abstained,calibration_unavailable;calibration_evidence_not_independent;insufficient_same_route_calibration;independent_long_term_evidence_missing;interval_width_invalid,,,136.94583333333333,748.09583333333319,2a5768f904973a75dd3010edd7c8a00774f2f38d18be799d4a8bddb192565a9f,22cfb027b76dc0bd04854831f8b3ac7e53d712b752a224e8052d991607f38041,6da8fd65ce09b09ccbef9849b5a84d78a220c1e66576ef321098cf7823f0f263
naumann_calendar_v4_hybrid_development_v1,naumann_v4_fixed_7_train_6_calibration_4_test_v1,NAUMANN_LFP_CALENDAR_2021,NAUMANN_CAL_T40_SOC87.5,10,0.94999999999999996,17,9,136.94583333333333,40,0.875,345.83749999999998,208.89166666666665,False,hierarchical_power_fallback,specialist_gate_not_ready,False,True,True,False,0,91.394482511031114,0.24443332124527595,5,6,,True,unavailable,insufficient_same_route_calibration,,,,abstained,calibration_unavailable;calibration_evidence_not_independent;insufficient_same_route_calibration;independent_long_term_evidence_missing;interval_width_invalid,,,136.94583333333333,748.09583333333319,2a5768f904973a75dd3010edd7c8a00774f2f38d18be799d4a8bddb192565a9f,22cfb027b76dc0bd04854831f8b3ac7e53d712b752a224e8052d991607f38041,6da8fd65ce09b09ccbef9849b5a84d78a220c1e66576ef321098cf7823f0f263
naumann_calendar_v4_hybrid_development_v1,naumann_v4_fixed_7_train_6_calibration_4_test_v1,NAUMANN_LFP_CALENDAR_2021,NAUMANN_CAL_T40_SOC87.5,10,0.94999999999999996,18,9,136.94583333333333,40,0.875,376.31666666666666,239.37083333333334,False,hierarchical_power_fallback,specialist_gate_not_ready,False,True,True,False,0,91.090606838635964,0.25934790965701299,5,6,,True,unavailable,insufficient_same_route_calibration,,,,abstained,calibration_unavailable;calibration_evidence_not_independent;insufficient_same_route_calibration;independent_long_term_evidence_missing;interval_width_invalid,,,136.94583333333333,748.09583333333319,2a5768f904973a75dd3010edd7c8a00774f2f38d18be799d4a8bddb192565a9f,22cfb027b76dc0bd04854831f8b3ac7e53d712b752a224e8052d991607f38041,6da8fd65ce09b09ccbef9849b5a84d78a220c1e66576ef321098cf7823f0f263
naumann_calendar_v4_hybrid_development_v1,naumann_v4_fixed_7_train_6_calibration_4_test_v1,NAUMANN_LFP_CALENDAR_2021,NAUMANN_CAL_T40_SOC87.5,10,0.94999999999999996,19,9,136.94583333333333,40,0.875,402.74166666666662,265.79583333333329,False,hierarchical_power_fallback,specialist_gate_not_ready,False,True,True,False,0,90.83868898892932,0.27216333520853381,5,6,,True,unavailable,insufficient_same_route_calibration,,,,abstained,calibration_unavailable;calibration_evidence_not_independent;insufficient_same_route_calibration;independent_long_term_evidence_missing;interval_width_invalid,,,136.94583333333333,748.09583333333319,2a5768f904973a75dd3010edd7c8a00774f2f38d18be799d4a8bddb192565a9f,22cfb027b76dc0bd04854831f8b3ac7e53d712b752a224e8052d991607f38041,6da8fd65ce09b09ccbef9849b5a84d78a220c1e66576ef321098cf7823f0f263
naumann_calendar_v4_hybrid_development_v1,naumann_v4_fixed_7_train_6_calibration_4_test_v1,NAUMANN_LFP_CALENDAR_2021,NAUMANN_CAL_T40_SOC87.5,10,0.94999999999999996,20,9,136.94583333333333,40,0.875,429.25,292.30416666666667,False,hierarchical_power_fallback,specialist_gate_not_ready,False,True,True,False,0,90.595581686262676,0.2848941321816022,5,6,,True,unavailable,insufficient_same_route_calibration,,,,abstained,calibration_unavailable;calibration_evidence_not_independent;insufficient_same_route_calibration;independent_long_term_evidence_missing;interval_width_invalid,,,136.94583333333333,748.09583333333319,2a5768f904973a75dd3010edd7c8a00774f2f38d18be799d4a8bddb192565a9f,22cfb027b76dc0bd04854831f8b3ac7e53d712b752a224e8052d991607f38041,6da8fd65ce09b09ccbef9849b5a84d78a220c1e66576ef321098cf7823f0f263
naumann_calendar_v4_hybrid_development_v1,naumann_v4_fixed_7_train_6_calibration_4_test_v1,NAUMANN_LFP_CALENDAR_2021,NAUMANN_CAL_T40_SOC87.5,10,0.94999999999999996,21,9,136.94583333333333,40,0.875,455.79166666666663,318.8458333333333,False,hierarchical_power_fallback,specialist_gate_not_ready,False,True,True,False,0,90.36087753351643,0.29750517353349282,5,6,,True,unavailable,insufficient_same_route_calibration,,,,abstained,calibration_unavailable;calibration_evidence_not_independent;insufficient_same_route_calibration;independent_long_term_evidence_missing;interval_width_invalid,,,136.94583333333333,748.09583333333319,2a5768f904973a75dd3010edd7c8a00774f2f38d18be799d4a8bddb192565a9f,22cfb027b76dc0bd04854831f8b3ac7e53d712b752a224e8052d991607f38041,6da8fd65ce09b09ccbef9849b5a84d78a220c1e66576ef321098cf7823f0f263
naumann_calendar_v4_hybrid_development_v1,naumann_v4_fixed_7_train_6_calibration_4_test_v1,NAUMANN_LFP_CALENDAR_2021,NAUMANN_CAL_T40_SOC87.5,10,0.94999999999999996,22,9,136.94583333333333,40,0.875,482.29166666666663,345.3458333333333,False,hierarchical_power_fallback,specialist_gate_not_ready,False,True,True,False,0,90.134444578326693,0.30995486516994181,5,6,,True,unavailable,insufficient_same_route_calibration,,,,abstained,calibration_unavailable;calibration_evidence_not_independent;insufficient_same_route_calibration;independent_long_term_evidence_missing;interval_width_invalid,,,136.94583333333333,748.09583333333319,2a5768f904973a75dd3010edd7c8a00774f2f38d18be799d4a8bddb192565a9f,22cfb027b76dc0bd04854831f8b3ac7e53d712b752a224e8052d991607f38041,6da8fd65ce09b09ccbef9849b5a84d78a220c1e66576ef321098cf7823f0f263
naumann_calendar_v4_hybrid_development_v1,naumann_v4_fixed_7_train_6_calibration_4_test_v1,NAUMANN_LFP_CALENDAR_2021,NAUMANN_CAL_T40_SOC87.5,10,0.94999999999999996,23,9,136.94583333333333,40,0.875,508.79166666666663,371.8458333333333,False,hierarchical_power_fallback,specialist_gate_not_ready,False,True,True,False,0,89.915228647692047,0.32226009200179484,5,6,,True,unavailable,insufficient_same_route_calibration,,,,abstained,calibration_unavailable;calibration_evidence_not_independent;insufficient_same_route_calibration;independent_long_term_evidence_missing;interval_width_invalid,,,136.94583333333333,748.09583333333319,2a5768f904973a75dd3010edd7c8a00774f2f38d18be799d4a8bddb192565a9f,22cfb027b76dc0bd04854831f8b3ac7e53d712b752a224e8052d991607f38041,6da8fd65ce09b09ccbef9849b5a84d78a220c1e66576ef321098cf7823f0f263
naumann_calendar_v4_hybrid_development_v1,naumann_v4_fixed_7_train_6_calibration_4_test_v1,NAUMANN_LFP_CALENDAR_2021,NAUMANN_CAL_T40_SOC87.5,10,0.94999999999999996,24,9,136.94583333333333,40,0.875,535.16666666666652,398.22083333333319,False,hierarchical_power_fallback,specialist_gate_not_ready,False,True,True,False,0,89.703628973580393,0.33436292055310268,5,6,,True,unavailable,insufficient_same_route_calibration,,,,abstained,calibration_unavailable;calibration_evidence_not_independent;insufficient_same_route_calibration;independent_long_term_evidence_missing;interval_width_invalid,,,136.94583333333333,748.09583333333319,2a5768f904973a75dd3010edd7c8a00774f2f38d18be799d4a8bddb192565a9f,22cfb027b76dc0bd04854831f8b3ac7e53d712b752a224e8052d991607f38041,6da8fd65ce09b09ccbef9849b5a84d78a220c1e66576ef321098cf7823f0f263
naumann_calendar_v4_hybrid_development_v1,naumann_v4_fixed_7_train_6_calibration_4_test_v1,NAUMANN_LFP_CALENDAR_2021,NAUMANN_CAL_T40_SOC87.5,10,0.94999999999999996,25,9,136.94583333333333,40,0.875,561.70833333333337,424.76250000000005,False,hierarchical_power_fallback,specialist_gate_not_ready,False,True,True,False,0,89.496807277877892,0.34639740614022718,5,6,,True,unavailable,insufficient_same_route_calibration,,,,abstained,calibration_unavailable;calibration_evidence_not_independent;insufficient_same_route_calibration;independent_long_term_evidence_missing;interval_width_invalid,,,136.94583333333333,748.09583333333319,2a5768f904973a75dd3010edd7c8a00774f2f38d18be799d4a8bddb192565a9f,22cfb027b76dc0bd04854831f8b3ac7e53d712b752a224e8052d991607f38041,6da8fd65ce09b09ccbef9849b5a84d78a220c1e66576ef321098cf7823f0f263
naumann_calendar_v4_hybrid_development_v1,naumann_v4_fixed_7_train_6_calibration_4_test_v1,NAUMANN_LFP_CALENDAR_2021,NAUMANN_CAL_T40_SOC87.5,10,0.94999999999999996,26,9,136.94583333333333,40,0.875,588.29166666666652,451.34583333333319,False,hierarchical_power_fallback,specialist_gate_not_ready,False,True,True,False,0,89.29535478390369,0.35830676530325029,5,6,,True,unavailable,insufficient_same_route_calibration,,,,abstained,calibration_unavailable;calibration_evidence_not_independent;insufficient_same_route_calibration;independent_long_term_evidence_missing;interval_width_invalid,,,136.94583333333333,748.09583333333319,2a5768f904973a75dd3010edd7c8a00774f2f38d18be799d4a8bddb192565a9f,22cfb027b76dc0bd04854831f8b3ac7e53d712b752a224e8052d991607f38041,6da8fd65ce09b09ccbef9849b5a84d78a220c1e66576ef321098cf7823f0f263
naumann_calendar_v4_hybrid_development_v1,naumann_v4_fixed_7_train_6_calibration_4_test_v1,NAUMANN_LFP_CALENDAR_2021,NAUMANN_CAL_T40_SOC87.5,10,0.94999999999999996,27,9,136.94583333333333,40,0.875,612.29166666666652,475.34583333333319,False,hierarchical_power_fallback,specialist_gate_not_ready,False,True,True,False,0,89.118037212646769,0.36893690893503306,5,6,,True,unavailable,insufficient_same_route_calibration,,,,abstained,calibration_unavailable;calibration_evidence_not_independent;insufficient_same_route_calibration;independent_long_term_evidence_missing;interval_width_invalid,,,136.94583333333333,748.09583333333319,2a5768f904973a75dd3010edd7c8a00774f2f38d18be799d4a8bddb192565a9f,22cfb027b76dc0bd04854831f8b3ac7e53d712b752a224e8052d991607f38041,6da8fd65ce09b09ccbef9849b5a84d78a220c1e66576ef321098cf7823f0f263
naumann_calendar_v4_hybrid_development_v1,naumann_v4_fixed_7_train_6_calibration_4_test_v1,NAUMANN_LFP_CALENDAR_2021,NAUMANN_CAL_T40_SOC87.5,10,0.94999999999999996,28,9,136.94583333333333,40,0.875,631.16666666666652,494.22083333333319,False,hierarchical_power_fallback,specialist_gate_not_ready,False,True,True,False,0,88.981441126364331,0.37721720933871034,5,6,,True,unavailable,insufficient_same_route_calibration,,,,abstained,calibration_unavailable;calibration_evidence_not_independent;insufficient_same_route_calibration;independent_long_term_evidence_missing;interval_width_invalid,,,136.94583333333333,748.09583333333319,2a5768f904973a75dd3010edd7c8a00774f2f38d18be799d4a8bddb192565a9f,22cfb027b76dc0bd04854831f8b3ac7e53d712b752a224e8052d991607f38041,6da8fd65ce09b09ccbef9849b5a84d78a220c1e66576ef321098cf7823f0f263
naumann_calendar_v4_hybrid_development_v1,naumann_v4_fixed_7_train_6_calibration_4_test_v1,NAUMANN_LFP_CALENDAR_2021,NAUMANN_CAL_T40_SOC87.5,10,0.94999999999999996,29,9,136.94583333333333,40,0.875,658.79166666666652,521.84583333333319,False,hierarchical_power_fallback,specialist_gate_not_ready,False,True,True,False,0,88.785793024675499,0.38921176441970662,5,6,,True,unavailable,insufficient_same_route_calibration,,,,abstained,calibration_unavailable;calibration_evidence_not_independent;insufficient_same_route_calibration;independent_long_term_evidence_missing;interval_width_invalid,,,136.94583333333333,748.09583333333319,2a5768f904973a75dd3010edd7c8a00774f2f38d18be799d4a8bddb192565a9f,22cfb027b76dc0bd04854831f8b3ac7e53d712b752a224e8052d991607f38041,6da8fd65ce09b09ccbef9849b5a84d78a220c1e66576ef321098cf7823f0f263
naumann_calendar_v4_hybrid_development_v1,naumann_v4_fixed_7_train_6_calibration_4_test_v1,NAUMANN_LFP_CALENDAR_2021,NAUMANN_CAL_T40_SOC87.5,10,0.94999999999999996,30,9,136.94583333333333,40,0.875,708.375,571.42916666666667,False,hierarchical_power_fallback,specialist_gate_not_ready,False,True,True,False,0,88.446406947520813,0.4103808252546603,5,6,,True,unavailable,insufficient_same_route_calibration,,,,abstained,calibration_unavailable;calibration_evidence_not_independent;insufficient_same_route_calibration;independent_long_term_evidence_missing;interval_width_invalid,,,136.94583333333333,748.09583333333319,2a5768f904973a75dd3010edd7c8a00774f2f38d18be799d4a8bddb192565a9f,22cfb027b76dc0bd04854831f8b3ac7e53d712b752a224e8052d991607f38041,6da8fd65ce09b09ccbef9849b5a84d78a220c1e66576ef321098cf7823f0f263
naumann_calendar_v4_hybrid_development_v1,naumann_v4_fixed_7_train_6_calibration_4_test_v1,NAUMANN_LFP_CALENDAR_2021,NAUMANN_CAL_T40_SOC87.5,10,0.94999999999999996,31,9,136.94583333333333,40,0.875,759.95833333333326,623.01249999999993,False,hierarchical_power_fallback,specialist_gate_not_ready,False,True,True,False,0,88.10787694298746,0.43193401382305402,5,6,,True,unavailable,insufficient_same_route_calibration,,,,abstained,calibration_unavailable;calibration_evidence_not_independent;insufficient_same_route_calibration;independent_long_term_evidence_missing;interval_width_invalid,,,136.94583333333333,748.09583333333319,2a5768f904973a75dd3010edd7c8a00774f2f38d18be799d4a8bddb192565a9f,22cfb027b76dc0bd04854831f8b3ac7e53d712b752a224e8052d991607f38041,6da8fd65ce09b09ccbef9849b5a84d78a220c1e66576ef321098cf7823f0f263
naumann_calendar_v4_hybrid_development_v1,naumann_v4_fixed_7_train_6_calibration_4_test_v1,NAUMANN_LFP_CALENDAR_2021,NAUMANN_CAL_T40_SOC87.5,10,0.94999999999999996,32,9,136.94583333333333,40,0.875,799.58333333333326,662.63749999999993,False,hierarchical_power_fallback,specialist_gate_not_ready,False,True,True,False,0,87.856920631726481,0.44818088205034246,5,6,,True,unavailable,insufficient_same_route_calibration,,,,abstained,calibration_unavailable;calibration_evidence_not_independent;insufficient_same_route_calibration;independent_long_term_evidence_missing;interval_width_invalid,,,136.94583333333333,748.09583333333319,2a5768f904973a75dd3010edd7c8a00774f2f38d18be799d4a8bddb192565a9f,22cfb027b76dc0bd04854831f8b3ac7e53d712b752a224e8052d991607f38041,6da8fd65ce09b09ccbef9849b5a84d78a220c1e66576ef321098cf7823f0f263
naumann_calendar_v4_hybrid_development_v1,naumann_v4_fixed_7_train_6_calibration_4_test_v1,NAUMANN_LFP_CALENDAR_2021,NAUMANN_CAL_T40_SOC87.5,10,0.94999999999999996,33,9,136.94583333333333,40,0.875,840.125,703.17916666666667,False,hierarchical_power_fallback,specialist_gate_not_ready,False,True,True,False,0,87.607631754163975,0.46453789046466193,5,6,,True,unavailable,insufficient_same_route_calibration,,,,abstained,calibration_unavailable;calibration_evidence_not_independent;insufficient_same_route_calibration;independent_long_term_evidence_missing;interval_width_invalid,,,136.94583333333333,748.09583333333319,2a5768f904973a75dd3010edd7c8a00774f2f38d18be799d4a8bddb192565a9f,22cfb027b76dc0bd04854831f8b3ac7e53d712b752a224e8052d991607f38041,6da8fd65ce09b09ccbef9849b5a84d78a220c1e66576ef321098cf7823f0f263
naumann_calendar_v4_hybrid_development_v1,naumann_v4_fixed_7_train_6_calibration_4_test_v1,NAUMANN_LFP_CALENDAR_2021,NAUMANN_CAL_T40_SOC87.5,10,0.94999999999999996,34,9,136.94583333333333,40,0.875,885.04166666666652,748.09583333333319,True,hierarchical_power_fallback,specialist_gate_not_ready,False,True,True,False,0,87.339582614252492,0.48236006819959548,5,6,,True,unavailable,insufficient_same_route_calibration,,,,abstained,calibration_unavailable;calibration_evidence_not_independent;insufficient_same_route_calibration;independent_long_term_evidence_missing;interval_width_invalid,,,136.94583333333333,748.09583333333319,2a5768f904973a75dd3010edd7c8a00774f2f38d18be799d4a8bddb192565a9f,22cfb027b76dc0bd04854831f8b3ac7e53d712b752a224e8052d991607f38041,6da8fd65ce09b09ccbef9849b5a84d78a220c1e66576ef321098cf7823f0f263
