dataset_id,condition_id,cell_id,test_id,source_cell_id,temperature_c,storage_soc_fraction,elapsed_time_s,elapsed_hours,elapsed_days,checkup_index,capacity_ah,capacity_retention_pct,capacity_loss_pct,resistance_dc_ohm,resistance_growth_pct,resistance_dc_pulse_duration_s,resistance_dc_soc_pct,nominal_capacity_ah,physical_replicates_aggregated,replicate_semantics,statistical_unit,evidence_role,source_doi,source_url,source_license,source_license_url
NAUMANN_LFP_CALENDAR_2021,NAUMANN_CAL_T0_SOC50,NAUMANN_CAL_T0_SOC50,NAUMANN_CAL_T0_SOC50_TEST,"TP_0°C,50%SOC",0,0.5,0,0,0,0,3.00315379838508,100,0,0.033460771873626907,0,10,50,3,3,published_mean_of_3_physical_cells,temperature_soc_condition_mean_trajectory,public_calendar_aging_method_validation,10.17632/kxh42bfgtj.1,https://data.mendeley.com/datasets/kxh42bfgtj/1,CC-BY-4.0,https://creativecommons.org/licenses/by/4.0/
NAUMANN_LFP_CALENDAR_2021,NAUMANN_CAL_T0_SOC50,NAUMANN_CAL_T0_SOC50,NAUMANN_CAL_T0_SOC50_TEST,"TP_0°C,50%SOC",0,0.5,577188,160.33000000000001,6.6804166666666669,1,2.9984333774710401,99.842817876441146,0.15718212355885441,0.033701776220673704,0.72025937703115162,10,50,3,3,published_mean_of_3_physical_cells,temperature_soc_condition_mean_trajectory,public_calendar_aging_method_validation,10.17632/kxh42bfgtj.1,https://data.mendeley.com/datasets/kxh42bfgtj/1,CC-BY-4.0,https://creativecommons.org/licenses/by/4.0/
NAUMANN_LFP_CALENDAR_2021,NAUMANN_CAL_T0_SOC50,NAUMANN_CAL_T0_SOC50,NAUMANN_CAL_T0_SOC50_TEST,"TP_0°C,50%SOC",0,0.5,997128.00000000012,276.98000000000002,11.540833333333335,2,2.9979191598447898,99.825695289295368,0.17430471070463227,0.033629601383204803,0.50455951887637962,10,50,3,3,published_mean_of_3_physical_cells,temperature_soc_condition_mean_trajectory,public_calendar_aging_method_validation,10.17632/kxh42bfgtj.1,https://data.mendeley.com/datasets/kxh42bfgtj/1,CC-BY-4.0,https://creativecommons.org/licenses/by/4.0/
NAUMANN_LFP_CALENDAR_2021,NAUMANN_CAL_T0_SOC50,NAUMANN_CAL_T0_SOC50,NAUMANN_CAL_T0_SOC50_TEST,"TP_0°C,50%SOC",0,0.5,1472364,408.99000000000001,17.041250000000002,3,2.9955840955657198,99.747941553195488,0.2520584468045115,0.033620047611766603,0.47600736391031351,10,50,3,3,published_mean_of_3_physical_cells,temperature_soc_condition_mean_trajectory,public_calendar_aging_method_validation,10.17632/kxh42bfgtj.1,https://data.mendeley.com/datasets/kxh42bfgtj/1,CC-BY-4.0,https://creativecommons.org/licenses/by/4.0/
NAUMANN_LFP_CALENDAR_2021,NAUMANN_CAL_T0_SOC50,NAUMANN_CAL_T0_SOC50,NAUMANN_CAL_T0_SOC50_TEST,"TP_0°C,50%SOC",0,0.5,2549196,708.11000000000001,29.504583333333333,4,2.9930236060455599,99.662681533494307,0.33731846650569253,0.033546878756316095,0.25733680924753255,10,50,3,3,published_mean_of_3_physical_cells,temperature_soc_condition_mean_trajectory,public_calendar_aging_method_validation,10.17632/kxh42bfgtj.1,https://data.mendeley.com/datasets/kxh42bfgtj/1,CC-BY-4.0,https://creativecommons.org/licenses/by/4.0/
NAUMANN_LFP_CALENDAR_2021,NAUMANN_CAL_T0_SOC50,NAUMANN_CAL_T0_SOC50,NAUMANN_CAL_T0_SOC50_TEST,"TP_0°C,50%SOC",0,0.5,3632760,1009.1,42.045833333333334,5,2.9894240526446301,99.542822423952018,0.45717757604798237,0.033653258902208404,0.57526177013629276,10,50,3,3,published_mean_of_3_physical_cells,temperature_soc_condition_mean_trajectory,public_calendar_aging_method_validation,10.17632/kxh42bfgtj.1,https://data.mendeley.com/datasets/kxh42bfgtj/1,CC-BY-4.0,https://creativecommons.org/licenses/by/4.0/
NAUMANN_LFP_CALENDAR_2021,NAUMANN_CAL_T0_SOC50,NAUMANN_CAL_T0_SOC50,NAUMANN_CAL_T0_SOC50_TEST,"TP_0°C,50%SOC",0,0.5,4628160,1285.5999999999999,53.56666666666667,6,2.98652927377801,99.44643112796922,0.55356887203078031,0.033588008439605195,0.38025592015280552,10,50,3,3,published_mean_of_3_physical_cells,temperature_soc_condition_mean_trajectory,public_calendar_aging_method_validation,10.17632/kxh42bfgtj.1,https://data.mendeley.com/datasets/kxh42bfgtj/1,CC-BY-4.0,https://creativecommons.org/licenses/by/4.0/
NAUMANN_LFP_CALENDAR_2021,NAUMANN_CAL_T0_SOC50,NAUMANN_CAL_T0_SOC50,NAUMANN_CAL_T0_SOC50_TEST,"TP_0°C,50%SOC",0,0.5,7002000,1945,81.041666666666671,7,2.9840553936869001,99.364055057438279,0.6359449425617214,0.033534650694297605,0.22079233841263424,10,50,3,3,published_mean_of_3_physical_cells,temperature_soc_condition_mean_trajectory,public_calendar_aging_method_validation,10.17632/kxh42bfgtj.1,https://data.mendeley.com/datasets/kxh42bfgtj/1,CC-BY-4.0,https://creativecommons.org/licenses/by/4.0/
NAUMANN_LFP_CALENDAR_2021,NAUMANN_CAL_T0_SOC50,NAUMANN_CAL_T0_SOC50,NAUMANN_CAL_T0_SOC50_TEST,"TP_0°C,50%SOC",0,0.5,9285120,2579.1999999999998,107.46666666666667,8,2.98162262399036,99.283047894307046,0.71695210569295398,0.033578274933526699,0.3511666148753978,10,50,3,3,published_mean_of_3_physical_cells,temperature_soc_condition_mean_trajectory,public_calendar_aging_method_validation,10.17632/kxh42bfgtj.1,https://data.mendeley.com/datasets/kxh42bfgtj/1,CC-BY-4.0,https://creativecommons.org/licenses/by/4.0/
NAUMANN_LFP_CALENDAR_2021,NAUMANN_CAL_T0_SOC50,NAUMANN_CAL_T0_SOC50,NAUMANN_CAL_T0_SOC50_TEST,"TP_0°C,50%SOC",0,0.5,11832120,3286.6999999999998,136.94583333333333,9,2.9794591070193199,99.211006396725281,0.78899360327471868,0.033535369297621104,0.22293993777529053,10,50,3,3,published_mean_of_3_physical_cells,temperature_soc_condition_mean_trajectory,public_calendar_aging_method_validation,10.17632/kxh42bfgtj.1,https://data.mendeley.com/datasets/kxh42bfgtj/1,CC-BY-4.0,https://creativecommons.org/licenses/by/4.0/
NAUMANN_LFP_CALENDAR_2021,NAUMANN_CAL_T0_SOC50,NAUMANN_CAL_T0_SOC50,NAUMANN_CAL_T0_SOC50_TEST,"TP_0°C,50%SOC",0,0.5,13941720,3872.6999999999998,161.36250000000001,10,2.9772333894959799,99.136893724755666,0.86310627524433414,0.033524276945161101,0.18978961924140947,10,50,3,3,published_mean_of_3_physical_cells,temperature_soc_condition_mean_trajectory,public_calendar_aging_method_validation,10.17632/kxh42bfgtj.1,https://data.mendeley.com/datasets/kxh42bfgtj/1,CC-BY-4.0,https://creativecommons.org/licenses/by/4.0/
NAUMANN_LFP_CALENDAR_2021,NAUMANN_CAL_T0_SOC50,NAUMANN_CAL_T0_SOC50,NAUMANN_CAL_T0_SOC50_TEST,"TP_0°C,50%SOC",0,0.5,16138800,4483,186.79166666666666,11,2.9745857897287,99.048733079479916,0.95126692052008366,0.033609633473789702,0.44488393969215334,10,50,3,3,published_mean_of_3_physical_cells,temperature_soc_condition_mean_trajectory,public_calendar_aging_method_validation,10.17632/kxh42bfgtj.1,https://data.mendeley.com/datasets/kxh42bfgtj/1,CC-BY-4.0,https://creativecommons.org/licenses/by/4.0/
NAUMANN_LFP_CALENDAR_2021,NAUMANN_CAL_T0_SOC50,NAUMANN_CAL_T0_SOC50,NAUMANN_CAL_T0_SOC50_TEST,"TP_0°C,50%SOC",0,0.5,18426960,5118.6000000000004,213.27500000000001,12,2.9727995969241099,98.989255845728152,1.0107441542718476,0.033650919184997401,0.56826935161158332,10,50,3,3,published_mean_of_3_physical_cells,temperature_soc_condition_mean_trajectory,public_calendar_aging_method_validation,10.17632/kxh42bfgtj.1,https://data.mendeley.com/datasets/kxh42bfgtj/1,CC-BY-4.0,https://creativecommons.org/licenses/by/4.0/
NAUMANN_LFP_CALENDAR_2021,NAUMANN_CAL_T0_SOC50,NAUMANN_CAL_T0_SOC50,NAUMANN_CAL_T0_SOC50_TEST,"TP_0°C,50%SOC",0,0.5,20711160,5753.1000000000004,239.71250000000001,13,2.9703946908161201,98.90917649350574,1.0908235064942602,0.033682824416045302,0.66362050241111081,10,50,3,3,published_mean_of_3_physical_cells,temperature_soc_condition_mean_trajectory,public_calendar_aging_method_validation,10.17632/kxh42bfgtj.1,https://data.mendeley.com/datasets/kxh42bfgtj/1,CC-BY-4.0,https://creativecommons.org/licenses/by/4.0/
NAUMANN_LFP_CALENDAR_2021,NAUMANN_CAL_T0_SOC50,NAUMANN_CAL_T0_SOC50,NAUMANN_CAL_T0_SOC50_TEST,"TP_0°C,50%SOC",0,0.5,22997160,6388.1000000000004,266.17083333333335,14,2.9676868052162799,98.819008430807898,1.180991569192102,0.0336986166998881,0.71081691468288799,10,50,3,3,published_mean_of_3_physical_cells,temperature_soc_condition_mean_trajectory,public_calendar_aging_method_validation,10.17632/kxh42bfgtj.1,https://data.mendeley.com/datasets/kxh42bfgtj/1,CC-BY-4.0,https://creativecommons.org/licenses/by/4.0/
NAUMANN_LFP_CALENDAR_2021,NAUMANN_CAL_T0_SOC50,NAUMANN_CAL_T0_SOC50,NAUMANN_CAL_T0_SOC50_TEST,"TP_0°C,50%SOC",0,0.5,25296120,7026.6999999999998,292.77916666666664,15,2.9666849979404599,98.785649923615935,1.2143500763840649,0.033607919687710201,0.43976216280674496,10,50,3,3,published_mean_of_3_physical_cells,temperature_soc_condition_mean_trajectory,public_calendar_aging_method_validation,10.17632/kxh42bfgtj.1,https://data.mendeley.com/datasets/kxh42bfgtj/1,CC-BY-4.0,https://creativecommons.org/licenses/by/4.0/
NAUMANN_LFP_CALENDAR_2021,NAUMANN_CAL_T0_SOC50,NAUMANN_CAL_T0_SOC50,NAUMANN_CAL_T0_SOC50_TEST,"TP_0°C,50%SOC",0,0.5,27588240,7663.3999999999996,319.30833333333334,16,2.9650010565955198,98.729577492498834,1.2704225075011664,0.033630197633980702,0.50634145857026969,10,50,3,3,published_mean_of_3_physical_cells,temperature_soc_condition_mean_trajectory,public_calendar_aging_method_validation,10.17632/kxh42bfgtj.1,https://data.mendeley.com/datasets/kxh42bfgtj/1,CC-BY-4.0,https://creativecommons.org/licenses/by/4.0/
NAUMANN_LFP_CALENDAR_2021,NAUMANN_CAL_T0_SOC50,NAUMANN_CAL_T0_SOC50,NAUMANN_CAL_T0_SOC50_TEST,"TP_0°C,50%SOC",0,0.5,29880360,8300.1000000000004,345.83749999999998,17,2.9638011234153701,98.689621723973261,1.3103782760267393,0.033661998890291304,0.60138187315099678,10,50,3,3,published_mean_of_3_physical_cells,temperature_soc_condition_mean_trajectory,public_calendar_aging_method_validation,10.17632/kxh42bfgtj.1,https://data.mendeley.com/datasets/kxh42bfgtj/1,CC-BY-4.0,https://creativecommons.org/licenses/by/4.0/
NAUMANN_LFP_CALENDAR_2021,NAUMANN_CAL_T0_SOC50,NAUMANN_CAL_T0_SOC50,NAUMANN_CAL_T0_SOC50_TEST,"TP_0°C,50%SOC",0,0.5,32513760,9031.6000000000004,376.31666666666666,18,2.95698458679776,98.462642452339693,1.5373575476603065,0.033577330531221,0.34834419849698595,10,50,3,3,published_mean_of_3_physical_cells,temperature_soc_condition_mean_trajectory,public_calendar_aging_method_validation,10.17632/kxh42bfgtj.1,https://data.mendeley.com/datasets/kxh42bfgtj/1,CC-BY-4.0,https://creativecommons.org/licenses/by/4.0/
NAUMANN_LFP_CALENDAR_2021,NAUMANN_CAL_T0_SOC50,NAUMANN_CAL_T0_SOC50,NAUMANN_CAL_T0_SOC50_TEST,"TP_0°C,50%SOC",0,0.5,34796880,9665.7999999999993,402.74166666666667,19,2.9577956354314101,98.489649015709389,1.5103509842906107,0.033598849545302602,0.41265536909065315,10,50,3,3,published_mean_of_3_physical_cells,temperature_soc_condition_mean_trajectory,public_calendar_aging_method_validation,10.17632/kxh42bfgtj.1,https://data.mendeley.com/datasets/kxh42bfgtj/1,CC-BY-4.0,https://creativecommons.org/licenses/by/4.0/
NAUMANN_LFP_CALENDAR_2021,NAUMANN_CAL_T0_SOC50,NAUMANN_CAL_T0_SOC50,NAUMANN_CAL_T0_SOC50_TEST,"TP_0°C,50%SOC",0,0.5,37087200,10302,429.25,20,2.95674529630389,98.45467447900451,1.5453255209954904,0.033566722558169407,0.31664148377283929,10,50,3,3,published_mean_of_3_physical_cells,temperature_soc_condition_mean_trajectory,public_calendar_aging_method_validation,10.17632/kxh42bfgtj.1,https://data.mendeley.com/datasets/kxh42bfgtj/1,CC-BY-4.0,https://creativecommons.org/licenses/by/4.0/
NAUMANN_LFP_CALENDAR_2021,NAUMANN_CAL_T0_SOC50,NAUMANN_CAL_T0_SOC50,NAUMANN_CAL_T0_SOC50_TEST,"TP_0°C,50%SOC",0,0.5,39380400,10939,455.79166666666669,21,2.9547274152447698,98.387482413776112,1.6125175862238876,0.033545229325833099,0.25240736383835838,10,50,3,3,published_mean_of_3_physical_cells,temperature_soc_condition_mean_trajectory,public_calendar_aging_method_validation,10.17632/kxh42bfgtj.1,https://data.mendeley.com/datasets/kxh42bfgtj/1,CC-BY-4.0,https://creativecommons.org/licenses/by/4.0/
NAUMANN_LFP_CALENDAR_2021,NAUMANN_CAL_T0_SOC50,NAUMANN_CAL_T0_SOC50,NAUMANN_CAL_T0_SOC50_TEST,"TP_0°C,50%SOC",0,0.5,41670000,11575,482.29166666666669,22,2.9534678738595201,98.345541791689854,1.654458208310146,0.033460771873626907,0,10,50,3,3,published_mean_of_3_physical_cells,temperature_soc_condition_mean_trajectory,public_calendar_aging_method_validation,10.17632/kxh42bfgtj.1,https://data.mendeley.com/datasets/kxh42bfgtj/1,CC-BY-4.0,https://creativecommons.org/licenses/by/4.0/
NAUMANN_LFP_CALENDAR_2021,NAUMANN_CAL_T0_SOC50,NAUMANN_CAL_T0_SOC50,NAUMANN_CAL_T0_SOC50_TEST,"TP_0°C,50%SOC",0,0.5,43959600,12211,508.79166666666669,23,2.9517360938757502,98.287876413889322,1.7121235861106783,0.0335239252196926,0.18873846157585472,10,50,3,3,published_mean_of_3_physical_cells,temperature_soc_condition_mean_trajectory,public_calendar_aging_method_validation,10.17632/kxh42bfgtj.1,https://data.mendeley.com/datasets/kxh42bfgtj/1,CC-BY-4.0,https://creativecommons.org/licenses/by/4.0/
NAUMANN_LFP_CALENDAR_2021,NAUMANN_CAL_T0_SOC50,NAUMANN_CAL_T0_SOC50,NAUMANN_CAL_T0_SOC50_TEST,"TP_0°C,50%SOC",0,0.5,46238400,12844,535.16666666666663,24,2.9499587345138401,98.22869331900867,1.77130668099133,0.033513414805501698,0.15732730874711276,10,50,3,3,published_mean_of_3_physical_cells,temperature_soc_condition_mean_trajectory,public_calendar_aging_method_validation,10.17632/kxh42bfgtj.1,https://data.mendeley.com/datasets/kxh42bfgtj/1,CC-BY-4.0,https://creativecommons.org/licenses/by/4.0/
NAUMANN_LFP_CALENDAR_2021,NAUMANN_CAL_T0_SOC50,NAUMANN_CAL_T0_SOC50,NAUMANN_CAL_T0_SOC50_TEST,"TP_0°C,50%SOC",0,0.5,48531600,13481,561.70833333333337,25,2.9488842087183298,98.19291340670155,1.8070865932984503,0.033524090773159002,0.18923323039659046,10,50,3,3,published_mean_of_3_physical_cells,temperature_soc_condition_mean_trajectory,public_calendar_aging_method_validation,10.17632/kxh42bfgtj.1,https://data.mendeley.com/datasets/kxh42bfgtj/1,CC-BY-4.0,https://creativecommons.org/licenses/by/4.0/
NAUMANN_LFP_CALENDAR_2021,NAUMANN_CAL_T0_SOC50,NAUMANN_CAL_T0_SOC50,NAUMANN_CAL_T0_SOC50_TEST,"TP_0°C,50%SOC",0,0.5,50828400,14119,588.29166666666663,26,2.9477823929318401,98.156224783325598,1.8437752166744019,0.0335776569672998,0.34931977694458993,10,50,3,3,published_mean_of_3_physical_cells,temperature_soc_condition_mean_trajectory,public_calendar_aging_method_validation,10.17632/kxh42bfgtj.1,https://data.mendeley.com/datasets/kxh42bfgtj/1,CC-BY-4.0,https://creativecommons.org/licenses/by/4.0/
NAUMANN_LFP_CALENDAR_2021,NAUMANN_CAL_T0_SOC50,NAUMANN_CAL_T0_SOC50,NAUMANN_CAL_T0_SOC50_TEST,"TP_0°C,50%SOC",0,0.5,52902000,14695,612.29166666666663,27,2.9444010959932401,98.043633249038606,1.9563667509613936,0.033714671139162398,0.75879679791728272,10,50,3,3,published_mean_of_3_physical_cells,temperature_soc_condition_mean_trajectory,public_calendar_aging_method_validation,10.17632/kxh42bfgtj.1,https://data.mendeley.com/datasets/kxh42bfgtj/1,CC-BY-4.0,https://creativecommons.org/licenses/by/4.0/
NAUMANN_LFP_CALENDAR_2021,NAUMANN_CAL_T0_SOC50,NAUMANN_CAL_T0_SOC50,NAUMANN_CAL_T0_SOC50_TEST,"TP_0°C,50%SOC",0,0.5,54532800,15148,631.16666666666663,28,2.9405286775678001,97.914688190429814,2.0853118095701859,0.033672597816172697,0.63305754973557171,10,50,3,3,published_mean_of_3_physical_cells,temperature_soc_condition_mean_trajectory,public_calendar_aging_method_validation,10.17632/kxh42bfgtj.1,https://data.mendeley.com/datasets/kxh42bfgtj/1,CC-BY-4.0,https://creativecommons.org/licenses/by/4.0/
NAUMANN_LFP_CALENDAR_2021,NAUMANN_CAL_T0_SOC50,NAUMANN_CAL_T0_SOC50,NAUMANN_CAL_T0_SOC50_TEST,"TP_0°C,50%SOC",0,0.5,56919600,15811,658.79166666666663,29,2.9411355865090001,97.934897243376966,2.065102756623034,0.033652144793732498,0.5719321742736927,10,50,3,3,published_mean_of_3_physical_cells,temperature_soc_condition_mean_trajectory,public_calendar_aging_method_validation,10.17632/kxh42bfgtj.1,https://data.mendeley.com/datasets/kxh42bfgtj/1,CC-BY-4.0,https://creativecommons.org/licenses/by/4.0/
NAUMANN_LFP_CALENDAR_2021,NAUMANN_CAL_T0_SOC50,NAUMANN_CAL_T0_SOC50,NAUMANN_CAL_T0_SOC50_TEST,"TP_0°C,50%SOC",0,0.5,61203600,17001,708.375,30,2.9398712276914201,97.892796208849191,2.107203791150809,0.0336508132880627,0.56795287076321088,10,50,3,3,published_mean_of_3_physical_cells,temperature_soc_condition_mean_trajectory,public_calendar_aging_method_validation,10.17632/kxh42bfgtj.1,https://data.mendeley.com/datasets/kxh42bfgtj/1,CC-BY-4.0,https://creativecommons.org/licenses/by/4.0/
NAUMANN_LFP_CALENDAR_2021,NAUMANN_CAL_T0_SOC50,NAUMANN_CAL_T0_SOC50,NAUMANN_CAL_T0_SOC50_TEST,"TP_0°C,50%SOC",0,0.5,65660400,18239,759.95833333333337,31,2.9376437551972798,97.818625099286365,2.1813749007136352,0.033639914391616003,0.53538070988221609,10,50,3,3,published_mean_of_3_physical_cells,temperature_soc_condition_mean_trajectory,public_calendar_aging_method_validation,10.17632/kxh42bfgtj.1,https://data.mendeley.com/datasets/kxh42bfgtj/1,CC-BY-4.0,https://creativecommons.org/licenses/by/4.0/
NAUMANN_LFP_CALENDAR_2021,NAUMANN_CAL_T0_SOC50,NAUMANN_CAL_T0_SOC50,NAUMANN_CAL_T0_SOC50_TEST,"TP_0°C,50%SOC",0,0.5,69084000,19190,799.58333333333337,32,2.9364360694079799,97.778411181839004,2.2215888181609955,0.033767508004413999,0.91670369095355753,10,50,3,3,published_mean_of_3_physical_cells,temperature_soc_condition_mean_trajectory,public_calendar_aging_method_validation,10.17632/kxh42bfgtj.1,https://data.mendeley.com/datasets/kxh42bfgtj/1,CC-BY-4.0,https://creativecommons.org/licenses/by/4.0/
NAUMANN_LFP_CALENDAR_2021,NAUMANN_CAL_T0_SOC50,NAUMANN_CAL_T0_SOC50,NAUMANN_CAL_T0_SOC50_TEST,"TP_0°C,50%SOC",0,0.5,72586800,20163,840.125,33,2.9242275895152199,97.371889214854662,2.6281107851453385,0.034107111914418398,1.9316351793454034,10,50,3,3,published_mean_of_3_physical_cells,temperature_soc_condition_mean_trajectory,public_calendar_aging_method_validation,10.17632/kxh42bfgtj.1,https://data.mendeley.com/datasets/kxh42bfgtj/1,CC-BY-4.0,https://creativecommons.org/licenses/by/4.0/
NAUMANN_LFP_CALENDAR_2021,NAUMANN_CAL_T0_SOC50,NAUMANN_CAL_T0_SOC50,NAUMANN_CAL_T0_SOC50_TEST,"TP_0°C,50%SOC",0,0.5,76467600,21241,885.04166666666663,34,2.9201245380079999,97.235264460257468,2.7647355397425315,0.033905631177231402,1.3294950435830399,10,50,3,3,published_mean_of_3_physical_cells,temperature_soc_condition_mean_trajectory,public_calendar_aging_method_validation,10.17632/kxh42bfgtj.1,https://data.mendeley.com/datasets/kxh42bfgtj/1,CC-BY-4.0,https://creativecommons.org/licenses/by/4.0/
NAUMANN_LFP_CALENDAR_2021,NAUMANN_CAL_T10_SOC50,NAUMANN_CAL_T10_SOC50,NAUMANN_CAL_T10_SOC50_TEST,"TP_10°C,50%SOC",10,0.5,0,0,0,0,2.9951430230374498,100,0,0.033231960690602302,0,10,50,3,3,published_mean_of_3_physical_cells,temperature_soc_condition_mean_trajectory,public_calendar_aging_method_validation,10.17632/kxh42bfgtj.1,https://data.mendeley.com/datasets/kxh42bfgtj/1,CC-BY-4.0,https://creativecommons.org/licenses/by/4.0/
NAUMANN_LFP_CALENDAR_2021,NAUMANN_CAL_T10_SOC50,NAUMANN_CAL_T10_SOC50,NAUMANN_CAL_T10_SOC50_TEST,"TP_10°C,50%SOC",10,0.5,577188,160.33000000000001,6.6804166666666669,1,2.98693362811535,99.725909752590908,0.2740902474090916,0.0333303092207691,0.29594561417078946,10,50,3,3,published_mean_of_3_physical_cells,temperature_soc_condition_mean_trajectory,public_calendar_aging_method_validation,10.17632/kxh42bfgtj.1,https://data.mendeley.com/datasets/kxh42bfgtj/1,CC-BY-4.0,https://creativecommons.org/licenses/by/4.0/
NAUMANN_LFP_CALENDAR_2021,NAUMANN_CAL_T10_SOC50,NAUMANN_CAL_T10_SOC50,NAUMANN_CAL_T10_SOC50_TEST,"TP_10°C,50%SOC",10,0.5,997128.00000000012,276.98000000000002,11.540833333333335,2,2.9849540685271099,99.659817430020183,0.34018256997981666,0.0333200987402857,0.26522073284807046,10,50,3,3,published_mean_of_3_physical_cells,temperature_soc_condition_mean_trajectory,public_calendar_aging_method_validation,10.17632/kxh42bfgtj.1,https://data.mendeley.com/datasets/kxh42bfgtj/1,CC-BY-4.0,https://creativecommons.org/licenses/by/4.0/
NAUMANN_LFP_CALENDAR_2021,NAUMANN_CAL_T10_SOC50,NAUMANN_CAL_T10_SOC50,NAUMANN_CAL_T10_SOC50_TEST,"TP_10°C,50%SOC",10,0.5,1472364,408.99000000000001,17.041250000000002,3,2.9829832536222098,99.594017069578584,0.4059829304214162,0.033287348867688402,0.16667140889392584,10,50,3,3,published_mean_of_3_physical_cells,temperature_soc_condition_mean_trajectory,public_calendar_aging_method_validation,10.17632/kxh42bfgtj.1,https://data.mendeley.com/datasets/kxh42bfgtj/1,CC-BY-4.0,https://creativecommons.org/licenses/by/4.0/
NAUMANN_LFP_CALENDAR_2021,NAUMANN_CAL_T10_SOC50,NAUMANN_CAL_T10_SOC50,NAUMANN_CAL_T10_SOC50_TEST,"TP_10°C,50%SOC",10,0.5,2549196,708.11000000000001,29.504583333333333,4,2.9791945496470502,99.467522142758114,0.53247785724188645,0.033256407439797298,0.073563968802803359,10,50,3,3,published_mean_of_3_physical_cells,temperature_soc_condition_mean_trajectory,public_calendar_aging_method_validation,10.17632/kxh42bfgtj.1,https://data.mendeley.com/datasets/kxh42bfgtj/1,CC-BY-4.0,https://creativecommons.org/licenses/by/4.0/
NAUMANN_LFP_CALENDAR_2021,NAUMANN_CAL_T10_SOC50,NAUMANN_CAL_T10_SOC50,NAUMANN_CAL_T10_SOC50_TEST,"TP_10°C,50%SOC",10,0.5,3632760,1009.1,42.045833333333334,5,2.97622507921279,99.368379283421504,0.63162071657849594,0.033246516726528903,0.043801315432823174,10,50,3,3,published_mean_of_3_physical_cells,temperature_soc_condition_mean_trajectory,public_calendar_aging_method_validation,10.17632/kxh42bfgtj.1,https://data.mendeley.com/datasets/kxh42bfgtj/1,CC-BY-4.0,https://creativecommons.org/licenses/by/4.0/
NAUMANN_LFP_CALENDAR_2021,NAUMANN_CAL_T10_SOC50,NAUMANN_CAL_T10_SOC50,NAUMANN_CAL_T10_SOC50_TEST,"TP_10°C,50%SOC",10,0.5,4628160,1285.5999999999999,53.56666666666667,6,2.9732933962061101,99.270498047562967,0.7295019524370332,0.033235517563634506,0.010703169353498687,10,50,3,3,published_mean_of_3_physical_cells,temperature_soc_condition_mean_trajectory,public_calendar_aging_method_validation,10.17632/kxh42bfgtj.1,https://data.mendeley.com/datasets/kxh42bfgtj/1,CC-BY-4.0,https://creativecommons.org/licenses/by/4.0/
NAUMANN_LFP_CALENDAR_2021,NAUMANN_CAL_T10_SOC50,NAUMANN_CAL_T10_SOC50,NAUMANN_CAL_T10_SOC50_TEST,"TP_10°C,50%SOC",10,0.5,7002000,1945,81.041666666666671,7,2.9693427411078601,99.138595995879186,0.86140400412081419,0.033255793168504397,0.071715533500960049,10,50,3,3,published_mean_of_3_physical_cells,temperature_soc_condition_mean_trajectory,public_calendar_aging_method_validation,10.17632/kxh42bfgtj.1,https://data.mendeley.com/datasets/kxh42bfgtj/1,CC-BY-4.0,https://creativecommons.org/licenses/by/4.0/
NAUMANN_LFP_CALENDAR_2021,NAUMANN_CAL_T10_SOC50,NAUMANN_CAL_T10_SOC50,NAUMANN_CAL_T10_SOC50_TEST,"TP_10°C,50%SOC",10,0.5,9285120,2579.1999999999998,107.46666666666667,8,2.9652114963808902,99.000664528326752,0.99933547167324832,0.033330011291802603,0.29504910081343816,10,50,3,3,published_mean_of_3_physical_cells,temperature_soc_condition_mean_trajectory,public_calendar_aging_method_validation,10.17632/kxh42bfgtj.1,https://data.mendeley.com/datasets/kxh42bfgtj/1,CC-BY-4.0,https://creativecommons.org/licenses/by/4.0/
NAUMANN_LFP_CALENDAR_2021,NAUMANN_CAL_T10_SOC50,NAUMANN_CAL_T10_SOC50,NAUMANN_CAL_T10_SOC50_TEST,"TP_10°C,50%SOC",10,0.5,11832120,3286.6999999999998,136.94583333333333,9,2.9627930372964402,98.919918498309215,1.0800815016907848,0.033329968584151902,0.29492058702789148,10,50,3,3,published_mean_of_3_physical_cells,temperature_soc_condition_mean_trajectory,public_calendar_aging_method_validation,10.17632/kxh42bfgtj.1,https://data.mendeley.com/datasets/kxh42bfgtj/1,CC-BY-4.0,https://creativecommons.org/licenses/by/4.0/
NAUMANN_LFP_CALENDAR_2021,NAUMANN_CAL_T10_SOC50,NAUMANN_CAL_T10_SOC50,NAUMANN_CAL_T10_SOC50_TEST,"TP_10°C,50%SOC",10,0.5,13941720,3872.6999999999998,161.36250000000001,10,2.95961372858907,98.813769687286964,1.186230312713036,0.033341672702916596,0.33014005202924857,10,50,3,3,published_mean_of_3_physical_cells,temperature_soc_condition_mean_trajectory,public_calendar_aging_method_validation,10.17632/kxh42bfgtj.1,https://data.mendeley.com/datasets/kxh42bfgtj/1,CC-BY-4.0,https://creativecommons.org/licenses/by/4.0/
NAUMANN_LFP_CALENDAR_2021,NAUMANN_CAL_T10_SOC50,NAUMANN_CAL_T10_SOC50,NAUMANN_CAL_T10_SOC50_TEST,"TP_10°C,50%SOC",10,0.5,16138800,4483,186.79166666666666,11,2.95630505321135,98.703301661143598,1.2966983388564017,0.033372315325470407,0.42234834163064061,10,50,3,3,published_mean_of_3_physical_cells,temperature_soc_condition_mean_trajectory,public_calendar_aging_method_validation,10.17632/kxh42bfgtj.1,https://data.mendeley.com/datasets/kxh42bfgtj/1,CC-BY-4.0,https://creativecommons.org/licenses/by/4.0/
NAUMANN_LFP_CALENDAR_2021,NAUMANN_CAL_T10_SOC50,NAUMANN_CAL_T10_SOC50,NAUMANN_CAL_T10_SOC50_TEST,"TP_10°C,50%SOC",10,0.5,18426960,5118.6000000000004,213.27500000000001,12,2.9538493781290698,98.621313086194363,1.3786869138056375,0.033448314519791196,0.65104142124865483,10,50,3,3,published_mean_of_3_physical_cells,temperature_soc_condition_mean_trajectory,public_calendar_aging_method_validation,10.17632/kxh42bfgtj.1,https://data.mendeley.com/datasets/kxh42bfgtj/1,CC-BY-4.0,https://creativecommons.org/licenses/by/4.0/
NAUMANN_LFP_CALENDAR_2021,NAUMANN_CAL_T10_SOC50,NAUMANN_CAL_T10_SOC50,NAUMANN_CAL_T10_SOC50_TEST,"TP_10°C,50%SOC",10,0.5,20711160,5753.1000000000004,239.71250000000001,13,2.9511177594024098,98.530111473929111,1.4698885260708892,0.033489018195930795,0.77352494401927707,10,50,3,3,published_mean_of_3_physical_cells,temperature_soc_condition_mean_trajectory,public_calendar_aging_method_validation,10.17632/kxh42bfgtj.1,https://data.mendeley.com/datasets/kxh42bfgtj/1,CC-BY-4.0,https://creativecommons.org/licenses/by/4.0/
NAUMANN_LFP_CALENDAR_2021,NAUMANN_CAL_T10_SOC50,NAUMANN_CAL_T10_SOC50,NAUMANN_CAL_T10_SOC50_TEST,"TP_10°C,50%SOC",10,0.5,22997160,6388.1000000000004,266.17083333333335,14,2.9470700914630399,98.394970416949974,1.6050295830500261,0.0333627892494439,0.39368293691619538,10,50,3,3,published_mean_of_3_physical_cells,temperature_soc_condition_mean_trajectory,public_calendar_aging_method_validation,10.17632/kxh42bfgtj.1,https://data.mendeley.com/datasets/kxh42bfgtj/1,CC-BY-4.0,https://creativecommons.org/licenses/by/4.0/
NAUMANN_LFP_CALENDAR_2021,NAUMANN_CAL_T10_SOC50,NAUMANN_CAL_T10_SOC50,NAUMANN_CAL_T10_SOC50_TEST,"TP_10°C,50%SOC",10,0.5,25296120,7026.6999999999998,292.77916666666664,15,2.9461928593076898,98.365681927265086,1.6343180727349136,0.033445532713809401,0.64267054597080264,10,50,3,3,published_mean_of_3_physical_cells,temperature_soc_condition_mean_trajectory,public_calendar_aging_method_validation,10.17632/kxh42bfgtj.1,https://data.mendeley.com/datasets/kxh42bfgtj/1,CC-BY-4.0,https://creativecommons.org/licenses/by/4.0/
NAUMANN_LFP_CALENDAR_2021,NAUMANN_CAL_T10_SOC50,NAUMANN_CAL_T10_SOC50,NAUMANN_CAL_T10_SOC50_TEST,"TP_10°C,50%SOC",10,0.5,27588240,7663.3999999999996,319.30833333333334,16,2.9441096486200999,98.296128965300781,1.703871034699219,0.033424520948119499,0.57944296248415572,10,50,3,3,published_mean_of_3_physical_cells,temperature_soc_condition_mean_trajectory,public_calendar_aging_method_validation,10.17632/kxh42bfgtj.1,https://data.mendeley.com/datasets/kxh42bfgtj/1,CC-BY-4.0,https://creativecommons.org/licenses/by/4.0/
NAUMANN_LFP_CALENDAR_2021,NAUMANN_CAL_T10_SOC50,NAUMANN_CAL_T10_SOC50,NAUMANN_CAL_T10_SOC50_TEST,"TP_10°C,50%SOC",10,0.5,29880360,8300.1000000000004,345.83749999999998,17,2.9431166926830001,98.262976760899761,1.7370232391002389,0.033424848969227199,0.58043002764938123,10,50,3,3,published_mean_of_3_physical_cells,temperature_soc_condition_mean_trajectory,public_calendar_aging_method_validation,10.17632/kxh42bfgtj.1,https://data.mendeley.com/datasets/kxh42bfgtj/1,CC-BY-4.0,https://creativecommons.org/licenses/by/4.0/
NAUMANN_LFP_CALENDAR_2021,NAUMANN_CAL_T10_SOC50,NAUMANN_CAL_T10_SOC50,NAUMANN_CAL_T10_SOC50_TEST,"TP_10°C,50%SOC",10,0.5,32513760,9031.6000000000004,376.31666666666666,18,2.93690629528863,98.055627818074598,1.9443721819254023,0.033414633493513105,0.5496901149213862,10,50,3,3,published_mean_of_3_physical_cells,temperature_soc_condition_mean_trajectory,public_calendar_aging_method_validation,10.17632/kxh42bfgtj.1,https://data.mendeley.com/datasets/kxh42bfgtj/1,CC-BY-4.0,https://creativecommons.org/licenses/by/4.0/
NAUMANN_LFP_CALENDAR_2021,NAUMANN_CAL_T10_SOC50,NAUMANN_CAL_T10_SOC50,NAUMANN_CAL_T10_SOC50_TEST,"TP_10°C,50%SOC",10,0.5,34796880,9665.7999999999993,402.74166666666667,19,2.9363117547502799,98.035777662880761,1.9642223371192387,0.033468038736311899,0.71039457439041609,10,50,3,3,published_mean_of_3_physical_cells,temperature_soc_condition_mean_trajectory,public_calendar_aging_method_validation,10.17632/kxh42bfgtj.1,https://data.mendeley.com/datasets/kxh42bfgtj/1,CC-BY-4.0,https://creativecommons.org/licenses/by/4.0/
NAUMANN_LFP_CALENDAR_2021,NAUMANN_CAL_T10_SOC50,NAUMANN_CAL_T10_SOC50,NAUMANN_CAL_T10_SOC50_TEST,"TP_10°C,50%SOC",10,0.5,37087200,10302,429.25,20,2.9347402484244598,97.98330917260391,2.01669082739609,0.033436643316879594,0.61592100503169434,10,50,3,3,published_mean_of_3_physical_cells,temperature_soc_condition_mean_trajectory,public_calendar_aging_method_validation,10.17632/kxh42bfgtj.1,https://data.mendeley.com/datasets/kxh42bfgtj/1,CC-BY-4.0,https://creativecommons.org/licenses/by/4.0/
NAUMANN_LFP_CALENDAR_2021,NAUMANN_CAL_T10_SOC50,NAUMANN_CAL_T10_SOC50,NAUMANN_CAL_T10_SOC50_TEST,"TP_10°C,50%SOC",10,0.5,39380400,10939,455.79166666666669,21,2.9332668313080501,97.934115624747378,2.0658843752526224,0.033489944447782798,0.77631217604758884,10,50,3,3,published_mean_of_3_physical_cells,temperature_soc_condition_mean_trajectory,public_calendar_aging_method_validation,10.17632/kxh42bfgtj.1,https://data.mendeley.com/datasets/kxh42bfgtj/1,CC-BY-4.0,https://creativecommons.org/licenses/by/4.0/
NAUMANN_LFP_CALENDAR_2021,NAUMANN_CAL_T10_SOC50,NAUMANN_CAL_T10_SOC50,NAUMANN_CAL_T10_SOC50_TEST,"TP_10°C,50%SOC",10,0.5,41670000,11575,482.29166666666669,22,2.9313922217606199,97.871527309831819,2.1284726901681807,0.033350559183411399,0.35688081697398122,10,50,3,3,published_mean_of_3_physical_cells,temperature_soc_condition_mean_trajectory,public_calendar_aging_method_validation,10.17632/kxh42bfgtj.1,https://data.mendeley.com/datasets/kxh42bfgtj/1,CC-BY-4.0,https://creativecommons.org/licenses/by/4.0/
NAUMANN_LFP_CALENDAR_2021,NAUMANN_CAL_T10_SOC50,NAUMANN_CAL_T10_SOC50,NAUMANN_CAL_T10_SOC50_TEST,"TP_10°C,50%SOC",10,0.5,43959600,12211,508.79166666666669,23,2.9298706990843102,97.820727643017676,2.1792723569823238,0.0334578207221361,0.67964702304690316,10,50,3,3,published_mean_of_3_physical_cells,temperature_soc_condition_mean_trajectory,public_calendar_aging_method_validation,10.17632/kxh42bfgtj.1,https://data.mendeley.com/datasets/kxh42bfgtj/1,CC-BY-4.0,https://creativecommons.org/licenses/by/4.0/
NAUMANN_LFP_CALENDAR_2021,NAUMANN_CAL_T10_SOC50,NAUMANN_CAL_T10_SOC50,NAUMANN_CAL_T10_SOC50_TEST,"TP_10°C,50%SOC",10,0.5,46238400,12844,535.16666666666663,24,2.92785132351599,97.753305968901032,2.2466940310989685,0.033457454114370899,0.67854384478844842,10,50,3,3,published_mean_of_3_physical_cells,temperature_soc_condition_mean_trajectory,public_calendar_aging_method_validation,10.17632/kxh42bfgtj.1,https://data.mendeley.com/datasets/kxh42bfgtj/1,CC-BY-4.0,https://creativecommons.org/licenses/by/4.0/
NAUMANN_LFP_CALENDAR_2021,NAUMANN_CAL_T10_SOC50,NAUMANN_CAL_T10_SOC50,NAUMANN_CAL_T10_SOC50_TEST,"TP_10°C,50%SOC",10,0.5,48531600,13481,561.70833333333337,25,2.92630124080085,97.70155275701039,2.2984472429896101,0.033456861489560306,0.67676054702845434,10,50,3,3,published_mean_of_3_physical_cells,temperature_soc_condition_mean_trajectory,public_calendar_aging_method_validation,10.17632/kxh42bfgtj.1,https://data.mendeley.com/datasets/kxh42bfgtj/1,CC-BY-4.0,https://creativecommons.org/licenses/by/4.0/
NAUMANN_LFP_CALENDAR_2021,NAUMANN_CAL_T10_SOC50,NAUMANN_CAL_T10_SOC50,NAUMANN_CAL_T10_SOC50_TEST,"TP_10°C,50%SOC",10,0.5,50828400,14119,588.29166666666663,26,2.9244068795817602,97.638304985384167,2.3616950146158331,0.033533060614193699,0.9060552472203165,10,50,3,3,published_mean_of_3_physical_cells,temperature_soc_condition_mean_trajectory,public_calendar_aging_method_validation,10.17632/kxh42bfgtj.1,https://data.mendeley.com/datasets/kxh42bfgtj/1,CC-BY-4.0,https://creativecommons.org/licenses/by/4.0/
NAUMANN_LFP_CALENDAR_2021,NAUMANN_CAL_T10_SOC50,NAUMANN_CAL_T10_SOC50,NAUMANN_CAL_T10_SOC50_TEST,"TP_10°C,50%SOC",10,0.5,52902000,14695,612.29166666666663,27,2.92175347081323,97.549714599278346,2.4502854007216541,0.033533366661407105,0.90697618961146365,10,50,3,3,published_mean_of_3_physical_cells,temperature_soc_condition_mean_trajectory,public_calendar_aging_method_validation,10.17632/kxh42bfgtj.1,https://data.mendeley.com/datasets/kxh42bfgtj/1,CC-BY-4.0,https://creativecommons.org/licenses/by/4.0/
NAUMANN_LFP_CALENDAR_2021,NAUMANN_CAL_T10_SOC50,NAUMANN_CAL_T10_SOC50,NAUMANN_CAL_T10_SOC50_TEST,"TP_10°C,50%SOC",10,0.5,54532800,15148,631.16666666666663,28,2.9178063744708198,97.417931365153947,2.5820686348460526,0.033541917289964203,0.93270632523814179,10,50,3,3,published_mean_of_3_physical_cells,temperature_soc_condition_mean_trajectory,public_calendar_aging_method_validation,10.17632/kxh42bfgtj.1,https://data.mendeley.com/datasets/kxh42bfgtj/1,CC-BY-4.0,https://creativecommons.org/licenses/by/4.0/
NAUMANN_LFP_CALENDAR_2021,NAUMANN_CAL_T10_SOC50,NAUMANN_CAL_T10_SOC50,NAUMANN_CAL_T10_SOC50_TEST,"TP_10°C,50%SOC",10,0.5,56919600,15811,658.79166666666663,29,2.9176415671752798,97.412428880154977,2.5875711198450233,0.033616369830353598,1.1567452890614449,10,50,3,3,published_mean_of_3_physical_cells,temperature_soc_condition_mean_trajectory,public_calendar_aging_method_validation,10.17632/kxh42bfgtj.1,https://data.mendeley.com/datasets/kxh42bfgtj/1,CC-BY-4.0,https://creativecommons.org/licenses/by/4.0/
NAUMANN_LFP_CALENDAR_2021,NAUMANN_CAL_T10_SOC50,NAUMANN_CAL_T10_SOC50,NAUMANN_CAL_T10_SOC50_TEST,"TP_10°C,50%SOC",10,0.5,61203600,17001,708.375,30,2.9156705912664398,97.346623144212487,2.6533768557875135,0.033626727414008802,1.1879128260949612,10,50,3,3,published_mean_of_3_physical_cells,temperature_soc_condition_mean_trajectory,public_calendar_aging_method_validation,10.17632/kxh42bfgtj.1,https://data.mendeley.com/datasets/kxh42bfgtj/1,CC-BY-4.0,https://creativecommons.org/licenses/by/4.0/
NAUMANN_LFP_CALENDAR_2021,NAUMANN_CAL_T10_SOC50,NAUMANN_CAL_T10_SOC50,NAUMANN_CAL_T10_SOC50_TEST,"TP_10°C,50%SOC",10,0.5,65660400,18239,759.95833333333337,31,2.9137333627209698,97.281944144559731,2.7180558554402694,0.033733983936809701,1.5106639384939058,10,50,3,3,published_mean_of_3_physical_cells,temperature_soc_condition_mean_trajectory,public_calendar_aging_method_validation,10.17632/kxh42bfgtj.1,https://data.mendeley.com/datasets/kxh42bfgtj/1,CC-BY-4.0,https://creativecommons.org/licenses/by/4.0/
NAUMANN_LFP_CALENDAR_2021,NAUMANN_CAL_T10_SOC50,NAUMANN_CAL_T10_SOC50,NAUMANN_CAL_T10_SOC50_TEST,"TP_10°C,50%SOC",10,0.5,69084000,19190,799.58333333333337,32,2.9117057687957302,97.214248080977981,2.7857519190220188,0.033701109423805907,1.411739552689939,10,50,3,3,published_mean_of_3_physical_cells,temperature_soc_condition_mean_trajectory,public_calendar_aging_method_validation,10.17632/kxh42bfgtj.1,https://data.mendeley.com/datasets/kxh42bfgtj/1,CC-BY-4.0,https://creativecommons.org/licenses/by/4.0/
NAUMANN_LFP_CALENDAR_2021,NAUMANN_CAL_T10_SOC50,NAUMANN_CAL_T10_SOC50,NAUMANN_CAL_T10_SOC50_TEST,"TP_10°C,50%SOC",10,0.5,72586800,20163,840.125,33,2.9091893918733098,97.130232830184767,2.8697671698152334,0.0338166651130705,1.759464113212994,10,50,3,3,published_mean_of_3_physical_cells,temperature_soc_condition_mean_trajectory,public_calendar_aging_method_validation,10.17632/kxh42bfgtj.1,https://data.mendeley.com/datasets/kxh42bfgtj/1,CC-BY-4.0,https://creativecommons.org/licenses/by/4.0/
NAUMANN_LFP_CALENDAR_2021,NAUMANN_CAL_T10_SOC50,NAUMANN_CAL_T10_SOC50,NAUMANN_CAL_T10_SOC50_TEST,"TP_10°C,50%SOC",10,0.5,76467600,21241,885.04166666666663,34,2.90412804555256,96.961247700532539,3.0387522994674612,0.033744540866122899,1.5424313367870202,10,50,3,3,published_mean_of_3_physical_cells,temperature_soc_condition_mean_trajectory,public_calendar_aging_method_validation,10.17632/kxh42bfgtj.1,https://data.mendeley.com/datasets/kxh42bfgtj/1,CC-BY-4.0,https://creativecommons.org/licenses/by/4.0/
NAUMANN_LFP_CALENDAR_2021,NAUMANN_CAL_T25_SOC0,NAUMANN_CAL_T25_SOC0,NAUMANN_CAL_T25_SOC0_TEST,"TP_25°C,0%SOC",25,0,0,0,0,0,2.9959675910601602,100,0,0.033452078297690299,0,10,0,3,3,published_mean_of_3_physical_cells,temperature_soc_condition_mean_trajectory,public_calendar_aging_method_validation,10.17632/kxh42bfgtj.1,https://data.mendeley.com/datasets/kxh42bfgtj/1,CC-BY-4.0,https://creativecommons.org/licenses/by/4.0/
NAUMANN_LFP_CALENDAR_2021,NAUMANN_CAL_T25_SOC0,NAUMANN_CAL_T25_SOC0,NAUMANN_CAL_T25_SOC0_TEST,"TP_25°C,0%SOC",25,0,577188,160.33000000000001,6.6804166666666669,1,3.0019796610107798,100.20067206229331,-0.20067206229330736,0.033385113591306304,-0.20018100456442589,10,0,3,3,published_mean_of_3_physical_cells,temperature_soc_condition_mean_trajectory,public_calendar_aging_method_validation,10.17632/kxh42bfgtj.1,https://data.mendeley.com/datasets/kxh42bfgtj/1,CC-BY-4.0,https://creativecommons.org/licenses/by/4.0/
NAUMANN_LFP_CALENDAR_2021,NAUMANN_CAL_T25_SOC0,NAUMANN_CAL_T25_SOC0,NAUMANN_CAL_T25_SOC0_TEST,"TP_25°C,0%SOC",25,0,997128.00000000012,276.98000000000002,11.540833333333335,2,2.9988867144278699,100.09743507828391,-0.097435078283908183,0.033406533791085206,-0.13614851131158456,10,0,3,3,published_mean_of_3_physical_cells,temperature_soc_condition_mean_trajectory,public_calendar_aging_method_validation,10.17632/kxh42bfgtj.1,https://data.mendeley.com/datasets/kxh42bfgtj/1,CC-BY-4.0,https://creativecommons.org/licenses/by/4.0/
NAUMANN_LFP_CALENDAR_2021,NAUMANN_CAL_T25_SOC0,NAUMANN_CAL_T25_SOC0,NAUMANN_CAL_T25_SOC0_TEST,"TP_25°C,0%SOC",25,0,1472364,408.99000000000001,17.041250000000002,3,2.9971876144818501,100.04072218355533,-0.040722183555331526,0.033427791337777304,-0.07260224520839742,10,0,3,3,published_mean_of_3_physical_cells,temperature_soc_condition_mean_trajectory,public_calendar_aging_method_validation,10.17632/kxh42bfgtj.1,https://data.mendeley.com/datasets/kxh42bfgtj/1,CC-BY-4.0,https://creativecommons.org/licenses/by/4.0/
NAUMANN_LFP_CALENDAR_2021,NAUMANN_CAL_T25_SOC0,NAUMANN_CAL_T25_SOC0,NAUMANN_CAL_T25_SOC0_TEST,"TP_25°C,0%SOC",25,0,2549196,708.11000000000001,29.504583333333333,4,2.9958770225293199,99.996976985628592,0.0030230143714078395,0.033523135057546297,0.21241358824901635,10,0,3,3,published_mean_of_3_physical_cells,temperature_soc_condition_mean_trajectory,public_calendar_aging_method_validation,10.17632/kxh42bfgtj.1,https://data.mendeley.com/datasets/kxh42bfgtj/1,CC-BY-4.0,https://creativecommons.org/licenses/by/4.0/
NAUMANN_LFP_CALENDAR_2021,NAUMANN_CAL_T25_SOC0,NAUMANN_CAL_T25_SOC0,NAUMANN_CAL_T25_SOC0_TEST,"TP_25°C,0%SOC",25,0,3632760,1009.1,42.045833333333334,5,2.99258445219199,99.887076920382398,0.11292307961760173,0.033563961768276897,0.33445895226880129,10,0,3,3,published_mean_of_3_physical_cells,temperature_soc_condition_mean_trajectory,public_calendar_aging_method_validation,10.17632/kxh42bfgtj.1,https://data.mendeley.com/datasets/kxh42bfgtj/1,CC-BY-4.0,https://creativecommons.org/licenses/by/4.0/
NAUMANN_LFP_CALENDAR_2021,NAUMANN_CAL_T25_SOC0,NAUMANN_CAL_T25_SOC0,NAUMANN_CAL_T25_SOC0_TEST,"TP_25°C,0%SOC",25,0,4628160,1285.5999999999999,53.56666666666667,6,2.9897563037222898,99.792678420273816,0.20732157972618381,0.033660491823374702,0.62302115829615534,10,0,3,3,published_mean_of_3_physical_cells,temperature_soc_condition_mean_trajectory,public_calendar_aging_method_validation,10.17632/kxh42bfgtj.1,https://data.mendeley.com/datasets/kxh42bfgtj/1,CC-BY-4.0,https://creativecommons.org/licenses/by/4.0/
NAUMANN_LFP_CALENDAR_2021,NAUMANN_CAL_T25_SOC0,NAUMANN_CAL_T25_SOC0,NAUMANN_CAL_T25_SOC0_TEST,"TP_25°C,0%SOC",25,0,7002000,1945,81.041666666666671,7,2.9863466584144498,99.678870603459842,0.32112939654015804,0.033638758597629707,0.55805292059327716,10,0,3,3,published_mean_of_3_physical_cells,temperature_soc_condition_mean_trajectory,public_calendar_aging_method_validation,10.17632/kxh42bfgtj.1,https://data.mendeley.com/datasets/kxh42bfgtj/1,CC-BY-4.0,https://creativecommons.org/licenses/by/4.0/
NAUMANN_LFP_CALENDAR_2021,NAUMANN_CAL_T25_SOC0,NAUMANN_CAL_T25_SOC0,NAUMANN_CAL_T25_SOC0_TEST,"TP_25°C,0%SOC",25,0,9285120,2579.1999999999998,107.46666666666667,8,2.9837205108734599,99.591214530382601,0.40878546961739914,0.0337243091767239,0.81379362026783308,10,0,3,3,published_mean_of_3_physical_cells,temperature_soc_condition_mean_trajectory,public_calendar_aging_method_validation,10.17632/kxh42bfgtj.1,https://data.mendeley.com/datasets/kxh42bfgtj/1,CC-BY-4.0,https://creativecommons.org/licenses/by/4.0/
NAUMANN_LFP_CALENDAR_2021,NAUMANN_CAL_T25_SOC0,NAUMANN_CAL_T25_SOC0,NAUMANN_CAL_T25_SOC0_TEST,"TP_25°C,0%SOC",25,0,11832120,3286.6999999999998,136.94583333333333,9,2.9813581772835001,99.512364091645921,0.48763590835407911,0.033744536785265199,0.87426103984424852,10,0,3,3,published_mean_of_3_physical_cells,temperature_soc_condition_mean_trajectory,public_calendar_aging_method_validation,10.17632/kxh42bfgtj.1,https://data.mendeley.com/datasets/kxh42bfgtj/1,CC-BY-4.0,https://creativecommons.org/licenses/by/4.0/
NAUMANN_LFP_CALENDAR_2021,NAUMANN_CAL_T25_SOC0,NAUMANN_CAL_T25_SOC0,NAUMANN_CAL_T25_SOC0_TEST,"TP_25°C,0%SOC",25,0,13941720,3872.6999999999998,161.36250000000001,10,2.9788407485348398,99.428336855965128,0.57166314403487206,0.033691311525671702,0.71515206275813981,10,0,3,3,published_mean_of_3_physical_cells,temperature_soc_condition_mean_trajectory,public_calendar_aging_method_validation,10.17632/kxh42bfgtj.1,https://data.mendeley.com/datasets/kxh42bfgtj/1,CC-BY-4.0,https://creativecommons.org/licenses/by/4.0/
NAUMANN_LFP_CALENDAR_2021,NAUMANN_CAL_T25_SOC0,NAUMANN_CAL_T25_SOC0,NAUMANN_CAL_T25_SOC0_TEST,"TP_25°C,0%SOC",25,0,16138800,4483,186.79166666666666,11,2.9762819190232102,99.342927737413078,0.65707226258692231,0.0337449385236347,0.8754619767962879,10,0,3,3,published_mean_of_3_physical_cells,temperature_soc_condition_mean_trajectory,public_calendar_aging_method_validation,10.17632/kxh42bfgtj.1,https://data.mendeley.com/datasets/kxh42bfgtj/1,CC-BY-4.0,https://creativecommons.org/licenses/by/4.0/
NAUMANN_LFP_CALENDAR_2021,NAUMANN_CAL_T25_SOC0,NAUMANN_CAL_T25_SOC0,NAUMANN_CAL_T25_SOC0_TEST,"TP_25°C,0%SOC",25,0,18426960,5118.6000000000004,213.27500000000001,12,2.9746594877131098,99.288773903608543,0.71122609639145651,0.033818954264752003,1.0967209983095083,10,0,3,3,published_mean_of_3_physical_cells,temperature_soc_condition_mean_trajectory,public_calendar_aging_method_validation,10.17632/kxh42bfgtj.1,https://data.mendeley.com/datasets/kxh42bfgtj/1,CC-BY-4.0,https://creativecommons.org/licenses/by/4.0/
NAUMANN_LFP_CALENDAR_2021,NAUMANN_CAL_T25_SOC0,NAUMANN_CAL_T25_SOC0,NAUMANN_CAL_T25_SOC0_TEST,"TP_25°C,0%SOC",25,0,20711160,5753.1000000000004,239.71250000000001,13,2.97273242259977,99.224451942346676,0.77554805765332446,0.033807705730405403,1.0630951821599011,10,0,3,3,published_mean_of_3_physical_cells,temperature_soc_condition_mean_trajectory,public_calendar_aging_method_validation,10.17632/kxh42bfgtj.1,https://data.mendeley.com/datasets/kxh42bfgtj/1,CC-BY-4.0,https://creativecommons.org/licenses/by/4.0/
NAUMANN_LFP_CALENDAR_2021,NAUMANN_CAL_T25_SOC0,NAUMANN_CAL_T25_SOC0,NAUMANN_CAL_T25_SOC0_TEST,"TP_25°C,0%SOC",25,0,22997160,6388.1000000000004,266.17083333333335,14,2.9742082757505299,99.273713261299648,0.72628673870035243,0.033735968192511498,0.84864650947800158,10,0,3,3,published_mean_of_3_physical_cells,temperature_soc_condition_mean_trajectory,public_calendar_aging_method_validation,10.17632/kxh42bfgtj.1,https://data.mendeley.com/datasets/kxh42bfgtj/1,CC-BY-4.0,https://creativecommons.org/licenses/by/4.0/
NAUMANN_LFP_CALENDAR_2021,NAUMANN_CAL_T25_SOC0,NAUMANN_CAL_T25_SOC0,NAUMANN_CAL_T25_SOC0_TEST,"TP_25°C,0%SOC",25,0,25296120,7026.6999999999998,292.77916666666664,15,2.96915371899428,99.105001264169488,0.89499873583051226,0.033828152946894695,1.1242190869509061,10,0,3,3,published_mean_of_3_physical_cells,temperature_soc_condition_mean_trajectory,public_calendar_aging_method_validation,10.17632/kxh42bfgtj.1,https://data.mendeley.com/datasets/kxh42bfgtj/1,CC-BY-4.0,https://creativecommons.org/licenses/by/4.0/
NAUMANN_LFP_CALENDAR_2021,NAUMANN_CAL_T25_SOC0,NAUMANN_CAL_T25_SOC0,NAUMANN_CAL_T25_SOC0_TEST,"TP_25°C,0%SOC",25,0,27588240,7663.3999999999996,319.30833333333334,16,2.96716279236208,99.038547720474938,0.96145227952506218,0.033796706422714498,1.0302143919350915,10,0,3,3,published_mean_of_3_physical_cells,temperature_soc_condition_mean_trajectory,public_calendar_aging_method_validation,10.17632/kxh42bfgtj.1,https://data.mendeley.com/datasets/kxh42bfgtj/1,CC-BY-4.0,https://creativecommons.org/licenses/by/4.0/
NAUMANN_LFP_CALENDAR_2021,NAUMANN_CAL_T25_SOC0,NAUMANN_CAL_T25_SOC0,NAUMANN_CAL_T25_SOC0_TEST,"TP_25°C,0%SOC",25,0,29880360,8300.1000000000004,345.83749999999998,17,2.9659106404519502,98.996753145865171,1.0032468541348294,0.033840555093166205,1.1612934539338537,10,0,3,3,published_mean_of_3_physical_cells,temperature_soc_condition_mean_trajectory,public_calendar_aging_method_validation,10.17632/kxh42bfgtj.1,https://data.mendeley.com/datasets/kxh42bfgtj/1,CC-BY-4.0,https://creativecommons.org/licenses/by/4.0/
NAUMANN_LFP_CALENDAR_2021,NAUMANN_CAL_T25_SOC0,NAUMANN_CAL_T25_SOC0,NAUMANN_CAL_T25_SOC0_TEST,"TP_25°C,0%SOC",25,0,32513760,9031.6000000000004,376.31666666666666,18,2.9607811096135999,98.825538648964184,1.1744613510358164,0.033807871379624897,1.0635903658014589,10,0,3,3,published_mean_of_3_physical_cells,temperature_soc_condition_mean_trajectory,public_calendar_aging_method_validation,10.17632/kxh42bfgtj.1,https://data.mendeley.com/datasets/kxh42bfgtj/1,CC-BY-4.0,https://creativecommons.org/licenses/by/4.0/
NAUMANN_LFP_CALENDAR_2021,NAUMANN_CAL_T25_SOC0,NAUMANN_CAL_T25_SOC0,NAUMANN_CAL_T25_SOC0_TEST,"TP_25°C,0%SOC",25,0,34796880,9665.7999999999993,402.74166666666667,19,2.9601243561552502,98.803617401874959,1.1963825981250409,0.033851855336200797,1.1950738454958643,10,0,3,3,published_mean_of_3_physical_cells,temperature_soc_condition_mean_trajectory,public_calendar_aging_method_validation,10.17632/kxh42bfgtj.1,https://data.mendeley.com/datasets/kxh42bfgtj/1,CC-BY-4.0,https://creativecommons.org/licenses/by/4.0/
NAUMANN_LFP_CALENDAR_2021,NAUMANN_CAL_T25_SOC0,NAUMANN_CAL_T25_SOC0,NAUMANN_CAL_T25_SOC0_TEST,"TP_25°C,0%SOC",25,0,37087200,10302,429.25,20,2.9583601292863499,98.744730687807518,1.2552693121924818,0.033744610429301297,0.87448118770903083,10,0,3,3,published_mean_of_3_physical_cells,temperature_soc_condition_mean_trajectory,public_calendar_aging_method_validation,10.17632/kxh42bfgtj.1,https://data.mendeley.com/datasets/kxh42bfgtj/1,CC-BY-4.0,https://creativecommons.org/licenses/by/4.0/
NAUMANN_LFP_CALENDAR_2021,NAUMANN_CAL_T25_SOC0,NAUMANN_CAL_T25_SOC0,NAUMANN_CAL_T25_SOC0_TEST,"TP_25°C,0%SOC",25,0,39380400,10939,455.79166666666669,21,2.9571845682342999,98.705492578037664,1.2945074219623365,0.033850947383376399,1.1923596559130445,10,0,3,3,published_mean_of_3_physical_cells,temperature_soc_condition_mean_trajectory,public_calendar_aging_method_validation,10.17632/kxh42bfgtj.1,https://data.mendeley.com/datasets/kxh42bfgtj/1,CC-BY-4.0,https://creativecommons.org/licenses/by/4.0/
NAUMANN_LFP_CALENDAR_2021,NAUMANN_CAL_T25_SOC0,NAUMANN_CAL_T25_SOC0,NAUMANN_CAL_T25_SOC0_TEST,"TP_25°C,0%SOC",25,0,41670000,11575,482.29166666666669,22,2.95570116737193,98.655979330070736,1.3440206699292645,0.033776827013708204,0.97078786294819697,10,0,3,3,published_mean_of_3_physical_cells,temperature_soc_condition_mean_trajectory,public_calendar_aging_method_validation,10.17632/kxh42bfgtj.1,https://data.mendeley.com/datasets/kxh42bfgtj/1,CC-BY-4.0,https://creativecommons.org/licenses/by/4.0/
NAUMANN_LFP_CALENDAR_2021,NAUMANN_CAL_T25_SOC0,NAUMANN_CAL_T25_SOC0,NAUMANN_CAL_T25_SOC0_TEST,"TP_25°C,0%SOC",25,0,43959600,12211,508.79166666666669,23,2.9542753817676299,98.608389175605964,1.3916108243940357,0.033722852168311598,0.80943811087514916,10,0,3,3,published_mean_of_3_physical_cells,temperature_soc_condition_mean_trajectory,public_calendar_aging_method_validation,10.17632/kxh42bfgtj.1,https://data.mendeley.com/datasets/kxh42bfgtj/1,CC-BY-4.0,https://creativecommons.org/licenses/by/4.0/
NAUMANN_LFP_CALENDAR_2021,NAUMANN_CAL_T25_SOC0,NAUMANN_CAL_T25_SOC0,NAUMANN_CAL_T25_SOC0_TEST,"TP_25°C,0%SOC",25,0,46238400,12844,535.16666666666663,24,2.9490946942046099,98.435467159410635,1.564532840589365,0.0338114419176678,1.0742639568744439,10,0,3,3,published_mean_of_3_physical_cells,temperature_soc_condition_mean_trajectory,public_calendar_aging_method_validation,10.17632/kxh42bfgtj.1,https://data.mendeley.com/datasets/kxh42bfgtj/1,CC-BY-4.0,https://creativecommons.org/licenses/by/4.0/
NAUMANN_LFP_CALENDAR_2021,NAUMANN_CAL_T25_SOC0,NAUMANN_CAL_T25_SOC0,NAUMANN_CAL_T25_SOC0_TEST,"TP_25°C,0%SOC",25,0,48531600,13481,561.70833333333337,25,2.95111811752761,98.503005384090969,1.4969946159090313,0.033765826560390101,0.93790364804169357,10,0,3,3,published_mean_of_3_physical_cells,temperature_soc_condition_mean_trajectory,public_calendar_aging_method_validation,10.17632/kxh42bfgtj.1,https://data.mendeley.com/datasets/kxh42bfgtj/1,CC-BY-4.0,https://creativecommons.org/licenses/by/4.0/
NAUMANN_LFP_CALENDAR_2021,NAUMANN_CAL_T25_SOC0,NAUMANN_CAL_T25_SOC0,NAUMANN_CAL_T25_SOC0_TEST,"TP_25°C,0%SOC",25,0,50828400,14119,588.29166666666663,26,2.94975208570381,98.457409703153814,1.5425902968461855,0.033787543565047103,1.0028233952207533,10,0,3,3,published_mean_of_3_physical_cells,temperature_soc_condition_mean_trajectory,public_calendar_aging_method_validation,10.17632/kxh42bfgtj.1,https://data.mendeley.com/datasets/kxh42bfgtj/1,CC-BY-4.0,https://creativecommons.org/licenses/by/4.0/
NAUMANN_LFP_CALENDAR_2021,NAUMANN_CAL_T25_SOC0,NAUMANN_CAL_T25_SOC0,NAUMANN_CAL_T25_SOC0_TEST,"TP_25°C,0%SOC",25,0,52902000,14695,612.29166666666663,27,2.94801419714693,98.399402114484786,1.6005978855152136,0.0338077830168537,1.0633262184728265,10,0,3,3,published_mean_of_3_physical_cells,temperature_soc_condition_mean_trajectory,public_calendar_aging_method_validation,10.17632/kxh42bfgtj.1,https://data.mendeley.com/datasets/kxh42bfgtj/1,CC-BY-4.0,https://creativecommons.org/licenses/by/4.0/
NAUMANN_LFP_CALENDAR_2021,NAUMANN_CAL_T25_SOC0,NAUMANN_CAL_T25_SOC0,NAUMANN_CAL_T25_SOC0_TEST,"TP_25°C,0%SOC",25,0,54532800,15148,631.16666666666663,28,2.9438477212929102,98.260332657710535,1.7396673422894651,0.033766509094026904,0.93994398057568596,10,0,3,3,published_mean_of_3_physical_cells,temperature_soc_condition_mean_trajectory,public_calendar_aging_method_validation,10.17632/kxh42bfgtj.1,https://data.mendeley.com/datasets/kxh42bfgtj/1,CC-BY-4.0,https://creativecommons.org/licenses/by/4.0/
NAUMANN_LFP_CALENDAR_2021,NAUMANN_CAL_T25_SOC0,NAUMANN_CAL_T25_SOC0,NAUMANN_CAL_T25_SOC0_TEST,"TP_25°C,0%SOC",25,0,56919600,15811,658.79166666666663,29,2.9437271759428798,98.256309071127362,1.7436909288726383,0.033988408930918805,1.6032804552700508,10,0,3,3,published_mean_of_3_physical_cells,temperature_soc_condition_mean_trajectory,public_calendar_aging_method_validation,10.17632/kxh42bfgtj.1,https://data.mendeley.com/datasets/kxh42bfgtj/1,CC-BY-4.0,https://creativecommons.org/licenses/by/4.0/
NAUMANN_LFP_CALENDAR_2021,NAUMANN_CAL_T25_SOC0,NAUMANN_CAL_T25_SOC0,NAUMANN_CAL_T25_SOC0_TEST,"TP_25°C,0%SOC",25,0,61203600,17001,708.375,30,2.9422891136810598,98.208309143954878,1.7916908560451219,0.033935271062170896,1.4444327200859197,10,0,3,3,published_mean_of_3_physical_cells,temperature_soc_condition_mean_trajectory,public_calendar_aging_method_validation,10.17632/kxh42bfgtj.1,https://data.mendeley.com/datasets/kxh42bfgtj/1,CC-BY-4.0,https://creativecommons.org/licenses/by/4.0/
NAUMANN_LFP_CALENDAR_2021,NAUMANN_CAL_T25_SOC0,NAUMANN_CAL_T25_SOC0,NAUMANN_CAL_T25_SOC0_TEST,"TP_25°C,0%SOC",25,0,65660400,18239,759.95833333333337,31,2.9406457306164699,98.153455978336737,1.8465440216632629,0.033956996691831699,1.509378250427762,10,0,3,3,published_mean_of_3_physical_cells,temperature_soc_condition_mean_trajectory,public_calendar_aging_method_validation,10.17632/kxh42bfgtj.1,https://data.mendeley.com/datasets/kxh42bfgtj/1,CC-BY-4.0,https://creativecommons.org/licenses/by/4.0/
NAUMANN_LFP_CALENDAR_2021,NAUMANN_CAL_T25_SOC0,NAUMANN_CAL_T25_SOC0,NAUMANN_CAL_T25_SOC0_TEST,"TP_25°C,0%SOC",25,0,69084000,19190,799.58333333333337,32,2.93902815468019,98.09946420816182,1.9005357918381804,0.033967799915694999,1.5416728772881916,10,0,3,3,published_mean_of_3_physical_cells,temperature_soc_condition_mean_trajectory,public_calendar_aging_method_validation,10.17632/kxh42bfgtj.1,https://data.mendeley.com/datasets/kxh42bfgtj/1,CC-BY-4.0,https://creativecommons.org/licenses/by/4.0/
NAUMANN_LFP_CALENDAR_2021,NAUMANN_CAL_T25_SOC0,NAUMANN_CAL_T25_SOC0,NAUMANN_CAL_T25_SOC0_TEST,"TP_25°C,0%SOC",25,0,72586800,20163,840.125,33,2.93753353572979,98.049576520629429,1.9504234793705706,0.033988244887858697,1.6027900730024802,10,0,3,3,published_mean_of_3_physical_cells,temperature_soc_condition_mean_trajectory,public_calendar_aging_method_validation,10.17632/kxh42bfgtj.1,https://data.mendeley.com/datasets/kxh42bfgtj/1,CC-BY-4.0,https://creativecommons.org/licenses/by/4.0/
NAUMANN_LFP_CALENDAR_2021,NAUMANN_CAL_T25_SOC0,NAUMANN_CAL_T25_SOC0,NAUMANN_CAL_T25_SOC0_TEST,"TP_25°C,0%SOC",25,0,76467600,21241,885.04166666666663,34,2.9322348687874999,97.872716565331487,2.127283434668513,0.034105301258415703,1.9527126383968474,10,0,3,3,published_mean_of_3_physical_cells,temperature_soc_condition_mean_trajectory,public_calendar_aging_method_validation,10.17632/kxh42bfgtj.1,https://data.mendeley.com/datasets/kxh42bfgtj/1,CC-BY-4.0,https://creativecommons.org/licenses/by/4.0/
NAUMANN_LFP_CALENDAR_2021,NAUMANN_CAL_T25_SOC100,NAUMANN_CAL_T25_SOC100,NAUMANN_CAL_T25_SOC100_TEST,"TP_25°C,100%SOC",25,1,0,0,0,0,2.9955504340574701,100,0,0.033620181809461996,0,10,100,3,3,published_mean_of_3_physical_cells,temperature_soc_condition_mean_trajectory,public_calendar_aging_method_validation,10.17632/kxh42bfgtj.1,https://data.mendeley.com/datasets/kxh42bfgtj/1,CC-BY-4.0,https://creativecommons.org/licenses/by/4.0/
NAUMANN_LFP_CALENDAR_2021,NAUMANN_CAL_T25_SOC100,NAUMANN_CAL_T25_SOC100,NAUMANN_CAL_T25_SOC100_TEST,"TP_25°C,100%SOC",25,1,577188,160.33000000000001,6.6804166666666669,1,2.9635754956890499,98.932585544049402,1.0674144559505976,0.033403139470792098,-0.64557157929709952,10,100,3,3,published_mean_of_3_physical_cells,temperature_soc_condition_mean_trajectory,public_calendar_aging_method_validation,10.17632/kxh42bfgtj.1,https://data.mendeley.com/datasets/kxh42bfgtj/1,CC-BY-4.0,https://creativecommons.org/licenses/by/4.0/
NAUMANN_LFP_CALENDAR_2021,NAUMANN_CAL_T25_SOC100,NAUMANN_CAL_T25_SOC100,NAUMANN_CAL_T25_SOC100_TEST,"TP_25°C,100%SOC",25,1,997128.00000000012,276.98000000000002,11.540833333333335,2,2.9529675740410002,98.578462925132882,1.4215370748671177,0.0333874800633382,-0.69214898194960295,10,100,3,3,published_mean_of_3_physical_cells,temperature_soc_condition_mean_trajectory,public_calendar_aging_method_validation,10.17632/kxh42bfgtj.1,https://data.mendeley.com/datasets/kxh42bfgtj/1,CC-BY-4.0,https://creativecommons.org/licenses/by/4.0/
NAUMANN_LFP_CALENDAR_2021,NAUMANN_CAL_T25_SOC100,NAUMANN_CAL_T25_SOC100,NAUMANN_CAL_T25_SOC100_TEST,"TP_25°C,100%SOC",25,1,1472364,408.99000000000001,17.041250000000002,3,2.9435720523257101,98.264813666937485,1.735186333062515,0.033291575241616696,-0.97740865801272392,10,100,3,3,published_mean_of_3_physical_cells,temperature_soc_condition_mean_trajectory,public_calendar_aging_method_validation,10.17632/kxh42bfgtj.1,https://data.mendeley.com/datasets/kxh42bfgtj/1,CC-BY-4.0,https://creativecommons.org/licenses/by/4.0/
NAUMANN_LFP_CALENDAR_2021,NAUMANN_CAL_T25_SOC100,NAUMANN_CAL_T25_SOC100,NAUMANN_CAL_T25_SOC100_TEST,"TP_25°C,100%SOC",25,1,2549196,708.11000000000001,29.504583333333333,4,2.9319100421036,97.875502571069404,2.1244974289305958,0.033244122559071901,-1.1185521021907729,10,100,3,3,published_mean_of_3_physical_cells,temperature_soc_condition_mean_trajectory,public_calendar_aging_method_validation,10.17632/kxh42bfgtj.1,https://data.mendeley.com/datasets/kxh42bfgtj/1,CC-BY-4.0,https://creativecommons.org/licenses/by/4.0/
NAUMANN_LFP_CALENDAR_2021,NAUMANN_CAL_T25_SOC100,NAUMANN_CAL_T25_SOC100,NAUMANN_CAL_T25_SOC100_TEST,"TP_25°C,100%SOC",25,1,3632760,1009.1,42.045833333333334,5,2.9151861535201902,97.317211567410439,2.682788432589561,0.033165523065403102,-1.3523387429479561,10,100,3,3,published_mean_of_3_physical_cells,temperature_soc_condition_mean_trajectory,public_calendar_aging_method_validation,10.17632/kxh42bfgtj.1,https://data.mendeley.com/datasets/kxh42bfgtj/1,CC-BY-4.0,https://creativecommons.org/licenses/by/4.0/
NAUMANN_LFP_CALENDAR_2021,NAUMANN_CAL_T25_SOC100,NAUMANN_CAL_T25_SOC100,NAUMANN_CAL_T25_SOC100_TEST,"TP_25°C,100%SOC",25,1,4628160,1285.5999999999999,53.56666666666667,6,2.9067771696911802,97.036495751932748,2.9635042480672524,0.033134292054247401,-1.4452323844300174,10,100,3,3,published_mean_of_3_physical_cells,temperature_soc_condition_mean_trajectory,public_calendar_aging_method_validation,10.17632/kxh42bfgtj.1,https://data.mendeley.com/datasets/kxh42bfgtj/1,CC-BY-4.0,https://creativecommons.org/licenses/by/4.0/
NAUMANN_LFP_CALENDAR_2021,NAUMANN_CAL_T25_SOC100,NAUMANN_CAL_T25_SOC100,NAUMANN_CAL_T25_SOC100_TEST,"TP_25°C,100%SOC",25,1,7002000,1945,81.041666666666671,7,2.8947021561720101,96.633397430439487,3.3666025695605128,0.033212596525074405,-1.2123232607650025,10,100,3,3,published_mean_of_3_physical_cells,temperature_soc_condition_mean_trajectory,public_calendar_aging_method_validation,10.17632/kxh42bfgtj.1,https://data.mendeley.com/datasets/kxh42bfgtj/1,CC-BY-4.0,https://creativecommons.org/licenses/by/4.0/
NAUMANN_LFP_CALENDAR_2021,NAUMANN_CAL_T25_SOC100,NAUMANN_CAL_T25_SOC100,NAUMANN_CAL_T25_SOC100_TEST,"TP_25°C,100%SOC",25,1,9285120,2579.1999999999998,107.46666666666667,8,2.87998004377818,96.141931413828672,3.8580685861713278,0.0334343667005879,-0.55268918510666953,10,100,3,3,published_mean_of_3_physical_cells,temperature_soc_condition_mean_trajectory,public_calendar_aging_method_validation,10.17632/kxh42bfgtj.1,https://data.mendeley.com/datasets/kxh42bfgtj/1,CC-BY-4.0,https://creativecommons.org/licenses/by/4.0/
NAUMANN_LFP_CALENDAR_2021,NAUMANN_CAL_T25_SOC100,NAUMANN_CAL_T25_SOC100,NAUMANN_CAL_T25_SOC100_TEST,"TP_25°C,100%SOC",25,1,11832120,3286.6999999999998,136.94583333333333,9,2.8643904377076201,95.621505989061447,4.3784940109385531,0.0334506888723572,-0.50414045368754046,10,100,3,3,published_mean_of_3_physical_cells,temperature_soc_condition_mean_trajectory,public_calendar_aging_method_validation,10.17632/kxh42bfgtj.1,https://data.mendeley.com/datasets/kxh42bfgtj/1,CC-BY-4.0,https://creativecommons.org/licenses/by/4.0/
NAUMANN_LFP_CALENDAR_2021,NAUMANN_CAL_T25_SOC100,NAUMANN_CAL_T25_SOC100,NAUMANN_CAL_T25_SOC100_TEST,"TP_25°C,100%SOC",25,1,13941720,3872.6999999999998,161.36250000000001,10,2.8517080193286501,95.198130764435646,4.8018692355643537,0.033371152091471699,-0.74071496520048408,10,100,3,3,published_mean_of_3_physical_cells,temperature_soc_condition_mean_trajectory,public_calendar_aging_method_validation,10.17632/kxh42bfgtj.1,https://data.mendeley.com/datasets/kxh42bfgtj/1,CC-BY-4.0,https://creativecommons.org/licenses/by/4.0/
NAUMANN_LFP_CALENDAR_2021,NAUMANN_CAL_T25_SOC100,NAUMANN_CAL_T25_SOC100,NAUMANN_CAL_T25_SOC100_TEST,"TP_25°C,100%SOC",25,1,16138800,4483,186.79166666666666,11,2.8422136371153899,94.88118126142227,5.1188187385777297,0.033618774219431505,-0.0041867412807872206,10,100,3,3,published_mean_of_3_physical_cells,temperature_soc_condition_mean_trajectory,public_calendar_aging_method_validation,10.17632/kxh42bfgtj.1,https://data.mendeley.com/datasets/kxh42bfgtj/1,CC-BY-4.0,https://creativecommons.org/licenses/by/4.0/
NAUMANN_LFP_CALENDAR_2021,NAUMANN_CAL_T25_SOC100,NAUMANN_CAL_T25_SOC100,NAUMANN_CAL_T25_SOC100_TEST,"TP_25°C,100%SOC",25,1,18426960,5118.6000000000004,213.27500000000001,12,2.8299838324487898,94.472915570831489,5.5270844291685108,0.033673163700600701,0.15758954380131751,10,100,3,3,published_mean_of_3_physical_cells,temperature_soc_condition_mean_trajectory,public_calendar_aging_method_validation,10.17632/kxh42bfgtj.1,https://data.mendeley.com/datasets/kxh42bfgtj/1,CC-BY-4.0,https://creativecommons.org/licenses/by/4.0/
NAUMANN_LFP_CALENDAR_2021,NAUMANN_CAL_T25_SOC100,NAUMANN_CAL_T25_SOC100,NAUMANN_CAL_T25_SOC100_TEST,"TP_25°C,100%SOC",25,1,20711160,5753.1000000000004,239.71250000000001,13,2.8175446829606599,94.057661354220585,5.9423386457794152,0.033753266554201501,0.39584778420813649,10,100,3,3,published_mean_of_3_physical_cells,temperature_soc_condition_mean_trajectory,public_calendar_aging_method_validation,10.17632/kxh42bfgtj.1,https://data.mendeley.com/datasets/kxh42bfgtj/1,CC-BY-4.0,https://creativecommons.org/licenses/by/4.0/
NAUMANN_LFP_CALENDAR_2021,NAUMANN_CAL_T25_SOC100,NAUMANN_CAL_T25_SOC100,NAUMANN_CAL_T25_SOC100_TEST,"TP_25°C,100%SOC",25,1,22997160,6388.1000000000004,266.17083333333335,14,2.8088661748037902,93.767948049507012,6.2320519504929877,0.033761707132230798,0.42095347244366366,10,100,3,3,published_mean_of_3_physical_cells,temperature_soc_condition_mean_trajectory,public_calendar_aging_method_validation,10.17632/kxh42bfgtj.1,https://data.mendeley.com/datasets/kxh42bfgtj/1,CC-BY-4.0,https://creativecommons.org/licenses/by/4.0/
NAUMANN_LFP_CALENDAR_2021,NAUMANN_CAL_T25_SOC100,NAUMANN_CAL_T25_SOC100,NAUMANN_CAL_T25_SOC100_TEST,"TP_25°C,100%SOC",25,1,25296120,7026.6999999999998,292.77916666666664,15,2.7985544617919702,93.423713717993749,6.5762862820062509,0.033847397684344499,0.67583178511709807,10,100,3,3,published_mean_of_3_physical_cells,temperature_soc_condition_mean_trajectory,public_calendar_aging_method_validation,10.17632/kxh42bfgtj.1,https://data.mendeley.com/datasets/kxh42bfgtj/1,CC-BY-4.0,https://creativecommons.org/licenses/by/4.0/
NAUMANN_LFP_CALENDAR_2021,NAUMANN_CAL_T25_SOC100,NAUMANN_CAL_T25_SOC100,NAUMANN_CAL_T25_SOC100_TEST,"TP_25°C,100%SOC",25,1,27588240,7663.3999999999996,319.30833333333334,16,2.7886681078485398,93.093679082922051,6.9063209170779487,0.033909500130189105,0.86054954243490744,10,100,3,3,published_mean_of_3_physical_cells,temperature_soc_condition_mean_trajectory,public_calendar_aging_method_validation,10.17632/kxh42bfgtj.1,https://data.mendeley.com/datasets/kxh42bfgtj/1,CC-BY-4.0,https://creativecommons.org/licenses/by/4.0/
NAUMANN_LFP_CALENDAR_2021,NAUMANN_CAL_T25_SOC100,NAUMANN_CAL_T25_SOC100,NAUMANN_CAL_T25_SOC100_TEST,"TP_25°C,100%SOC",25,1,29880360,8300.1000000000004,345.83749999999998,17,2.7814245912565001,92.851869881191192,7.1481301188088082,0.033863772904327905,0.72453830335132974,10,100,3,3,published_mean_of_3_physical_cells,temperature_soc_condition_mean_trajectory,public_calendar_aging_method_validation,10.17632/kxh42bfgtj.1,https://data.mendeley.com/datasets/kxh42bfgtj/1,CC-BY-4.0,https://creativecommons.org/licenses/by/4.0/
NAUMANN_LFP_CALENDAR_2021,NAUMANN_CAL_T25_SOC100,NAUMANN_CAL_T25_SOC100,NAUMANN_CAL_T25_SOC100_TEST,"TP_25°C,100%SOC",25,1,32513760,9031.6000000000004,376.31666666666666,18,2.76979493787247,92.463638948678479,7.5363610513215207,0.0338795031299799,0.77132634792866916,10,100,3,3,published_mean_of_3_physical_cells,temperature_soc_condition_mean_trajectory,public_calendar_aging_method_validation,10.17632/kxh42bfgtj.1,https://data.mendeley.com/datasets/kxh42bfgtj/1,CC-BY-4.0,https://creativecommons.org/licenses/by/4.0/
NAUMANN_LFP_CALENDAR_2021,NAUMANN_CAL_T25_SOC100,NAUMANN_CAL_T25_SOC100,NAUMANN_CAL_T25_SOC100_TEST,"TP_25°C,100%SOC",25,1,34796880,9665.7999999999993,402.74166666666667,19,2.76087888231205,92.165995635481337,7.8340043645186626,0.033814991716478199,0.57944334780895002,10,100,3,3,published_mean_of_3_physical_cells,temperature_soc_condition_mean_trajectory,public_calendar_aging_method_validation,10.17632/kxh42bfgtj.1,https://data.mendeley.com/datasets/kxh42bfgtj/1,CC-BY-4.0,https://creativecommons.org/licenses/by/4.0/
NAUMANN_LFP_CALENDAR_2021,NAUMANN_CAL_T25_SOC100,NAUMANN_CAL_T25_SOC100,NAUMANN_CAL_T25_SOC100_TEST,"TP_25°C,100%SOC",25,1,37087200,10302,429.25,20,2.75351670051921,91.920225051580061,8.0797749484199386,0.033927302504072797,0.91350099280058661,10,100,3,3,published_mean_of_3_physical_cells,temperature_soc_condition_mean_trajectory,public_calendar_aging_method_validation,10.17632/kxh42bfgtj.1,https://data.mendeley.com/datasets/kxh42bfgtj/1,CC-BY-4.0,https://creativecommons.org/licenses/by/4.0/
NAUMANN_LFP_CALENDAR_2021,NAUMANN_CAL_T25_SOC100,NAUMANN_CAL_T25_SOC100,NAUMANN_CAL_T25_SOC100_TEST,"TP_25°C,100%SOC",25,1,39380400,10939,455.79166666666669,21,2.74326559795092,91.578014069192932,8.4219859308070681,0.033927807059631804,0.91500174482468388,10,100,3,3,published_mean_of_3_physical_cells,temperature_soc_condition_mean_trajectory,public_calendar_aging_method_validation,10.17632/kxh42bfgtj.1,https://data.mendeley.com/datasets/kxh42bfgtj/1,CC-BY-4.0,https://creativecommons.org/licenses/by/4.0/
NAUMANN_LFP_CALENDAR_2021,NAUMANN_CAL_T25_SOC100,NAUMANN_CAL_T25_SOC100,NAUMANN_CAL_T25_SOC100_TEST,"TP_25°C,100%SOC",25,1,41670000,11575,482.29166666666669,22,2.73677113620812,91.361210450433518,8.6387895495664822,0.033942129155901099,0.95760144386993762,10,100,3,3,published_mean_of_3_physical_cells,temperature_soc_condition_mean_trajectory,public_calendar_aging_method_validation,10.17632/kxh42bfgtj.1,https://data.mendeley.com/datasets/kxh42bfgtj/1,CC-BY-4.0,https://creativecommons.org/licenses/by/4.0/
NAUMANN_LFP_CALENDAR_2021,NAUMANN_CAL_T25_SOC100,NAUMANN_CAL_T25_SOC100,NAUMANN_CAL_T25_SOC100_TEST,"TP_25°C,100%SOC",25,1,43959600,12211,508.79166666666669,23,2.72915108152826,91.106831335556166,8.8931686644438344,0.034037429854984307,1.2410642151996942,10,100,3,3,published_mean_of_3_physical_cells,temperature_soc_condition_mean_trajectory,public_calendar_aging_method_validation,10.17632/kxh42bfgtj.1,https://data.mendeley.com/datasets/kxh42bfgtj/1,CC-BY-4.0,https://creativecommons.org/licenses/by/4.0/
NAUMANN_LFP_CALENDAR_2021,NAUMANN_CAL_T25_SOC100,NAUMANN_CAL_T25_SOC100,NAUMANN_CAL_T25_SOC100_TEST,"TP_25°C,100%SOC",25,1,46238400,12844,535.16666666666663,24,2.7242918998037502,90.944618018455444,9.0553819815445564,0.034100016876634401,1.4272232966847431,10,100,3,3,published_mean_of_3_physical_cells,temperature_soc_condition_mean_trajectory,public_calendar_aging_method_validation,10.17632/kxh42bfgtj.1,https://data.mendeley.com/datasets/kxh42bfgtj/1,CC-BY-4.0,https://creativecommons.org/licenses/by/4.0/
NAUMANN_LFP_CALENDAR_2021,NAUMANN_CAL_T25_SOC100,NAUMANN_CAL_T25_SOC100,NAUMANN_CAL_T25_SOC100_TEST,"TP_25°C,100%SOC",25,1,48531600,13481,561.70833333333337,25,2.71689957775423,90.697841266995198,9.3021587330048021,0.034100653996820399,1.4291183494527626,10,100,3,3,published_mean_of_3_physical_cells,temperature_soc_condition_mean_trajectory,public_calendar_aging_method_validation,10.17632/kxh42bfgtj.1,https://data.mendeley.com/datasets/kxh42bfgtj/1,CC-BY-4.0,https://creativecommons.org/licenses/by/4.0/
NAUMANN_LFP_CALENDAR_2021,NAUMANN_CAL_T25_SOC100,NAUMANN_CAL_T25_SOC100,NAUMANN_CAL_T25_SOC100_TEST,"TP_25°C,100%SOC",25,1,50828400,14119,588.29166666666663,26,2.7109830279297,90.500329993031571,9.4996700069684294,0.034118319151946602,1.4816616558105844,10,100,3,3,published_mean_of_3_physical_cells,temperature_soc_condition_mean_trajectory,public_calendar_aging_method_validation,10.17632/kxh42bfgtj.1,https://data.mendeley.com/datasets/kxh42bfgtj/1,CC-BY-4.0,https://creativecommons.org/licenses/by/4.0/
NAUMANN_LFP_CALENDAR_2021,NAUMANN_CAL_T25_SOC100,NAUMANN_CAL_T25_SOC100,NAUMANN_CAL_T25_SOC100_TEST,"TP_25°C,100%SOC",25,1,52902000,14695,612.29166666666663,27,2.70508880710757,90.303564124725142,9.6964358752748581,0.034101236953681405,1.4308522986155259,10,100,3,3,published_mean_of_3_physical_cells,temperature_soc_condition_mean_trajectory,public_calendar_aging_method_validation,10.17632/kxh42bfgtj.1,https://data.mendeley.com/datasets/kxh42bfgtj/1,CC-BY-4.0,https://creativecommons.org/licenses/by/4.0/
NAUMANN_LFP_CALENDAR_2021,NAUMANN_CAL_T25_SOC100,NAUMANN_CAL_T25_SOC100,NAUMANN_CAL_T25_SOC100_TEST,"TP_25°C,100%SOC",25,1,54532800,15148,631.16666666666663,28,2.7013133572565202,90.17752886228638,9.8224711377136202,0.034213806422647999,1.7656793664897252,10,100,3,3,published_mean_of_3_physical_cells,temperature_soc_condition_mean_trajectory,public_calendar_aging_method_validation,10.17632/kxh42bfgtj.1,https://data.mendeley.com/datasets/kxh42bfgtj/1,CC-BY-4.0,https://creativecommons.org/licenses/by/4.0/
NAUMANN_LFP_CALENDAR_2021,NAUMANN_CAL_T25_SOC100,NAUMANN_CAL_T25_SOC100,NAUMANN_CAL_T25_SOC100_TEST,"TP_25°C,100%SOC",25,1,56919600,15811,658.79166666666663,29,2.6950830995467898,89.969545126179113,10.030454873820887,0.034339885507619301,2.1406894889389072,10,100,3,3,published_mean_of_3_physical_cells,temperature_soc_condition_mean_trajectory,public_calendar_aging_method_validation,10.17632/kxh42bfgtj.1,https://data.mendeley.com/datasets/kxh42bfgtj/1,CC-BY-4.0,https://creativecommons.org/licenses/by/4.0/
NAUMANN_LFP_CALENDAR_2021,NAUMANN_CAL_T25_SOC100,NAUMANN_CAL_T25_SOC100,NAUMANN_CAL_T25_SOC100_TEST,"TP_25°C,100%SOC",25,1,61203600,17001,708.375,30,2.6891428721405499,89.771243427142323,10.228756572857677,0.034261277231713003,1.9068767262602204,10,100,3,3,published_mean_of_3_physical_cells,temperature_soc_condition_mean_trajectory,public_calendar_aging_method_validation,10.17632/kxh42bfgtj.1,https://data.mendeley.com/datasets/kxh42bfgtj/1,CC-BY-4.0,https://creativecommons.org/licenses/by/4.0/
NAUMANN_LFP_CALENDAR_2021,NAUMANN_CAL_T25_SOC100,NAUMANN_CAL_T25_SOC100,NAUMANN_CAL_T25_SOC100_TEST,"TP_25°C,100%SOC",25,1,65660400,18239,759.95833333333337,31,2.6824975796060802,89.549404647233388,10.450595352766612,0.034356437080232095,2.1899205511223263,10,100,3,3,published_mean_of_3_physical_cells,temperature_soc_condition_mean_trajectory,public_calendar_aging_method_validation,10.17632/kxh42bfgtj.1,https://data.mendeley.com/datasets/kxh42bfgtj/1,CC-BY-4.0,https://creativecommons.org/licenses/by/4.0/
NAUMANN_LFP_CALENDAR_2021,NAUMANN_CAL_T25_SOC100,NAUMANN_CAL_T25_SOC100,NAUMANN_CAL_T25_SOC100_TEST,"TP_25°C,100%SOC",25,1,69084000,19190,799.58333333333337,32,2.6774391994053501,89.380541517999461,10.619458482000539,0.034420816460768201,2.3814108318738425,10,100,3,3,published_mean_of_3_physical_cells,temperature_soc_condition_mean_trajectory,public_calendar_aging_method_validation,10.17632/kxh42bfgtj.1,https://data.mendeley.com/datasets/kxh42bfgtj/1,CC-BY-4.0,https://creativecommons.org/licenses/by/4.0/
NAUMANN_LFP_CALENDAR_2021,NAUMANN_CAL_T25_SOC100,NAUMANN_CAL_T25_SOC100,NAUMANN_CAL_T25_SOC100_TEST,"TP_25°C,100%SOC",25,1,72586800,20163,840.125,33,2.6724327340412901,89.21341145378355,10.78658854621645,0.034418702491962001,2.3751230348054486,10,100,3,3,published_mean_of_3_physical_cells,temperature_soc_condition_mean_trajectory,public_calendar_aging_method_validation,10.17632/kxh42bfgtj.1,https://data.mendeley.com/datasets/kxh42bfgtj/1,CC-BY-4.0,https://creativecommons.org/licenses/by/4.0/
NAUMANN_LFP_CALENDAR_2021,NAUMANN_CAL_T25_SOC100,NAUMANN_CAL_T25_SOC100,NAUMANN_CAL_T25_SOC100_TEST,"TP_25°C,100%SOC",25,1,76467600,21241,885.04166666666663,34,2.6662833078771602,89.008126104746694,10.991873895253306,0.034499244466344697,2.6146873977799245,10,100,3,3,published_mean_of_3_physical_cells,temperature_soc_condition_mean_trajectory,public_calendar_aging_method_validation,10.17632/kxh42bfgtj.1,https://data.mendeley.com/datasets/kxh42bfgtj/1,CC-BY-4.0,https://creativecommons.org/licenses/by/4.0/
NAUMANN_LFP_CALENDAR_2021,NAUMANN_CAL_T25_SOC50,NAUMANN_CAL_T25_SOC50,NAUMANN_CAL_T25_SOC50_TEST,"TP_25°C,50%SOC",25,0.5,0,0,0,0,2.9931160207319598,100,0,0.033495060686888997,0,10,50,3,3,published_mean_of_3_physical_cells,temperature_soc_condition_mean_trajectory,public_calendar_aging_method_validation,10.17632/kxh42bfgtj.1,https://data.mendeley.com/datasets/kxh42bfgtj/1,CC-BY-4.0,https://creativecommons.org/licenses/by/4.0/
NAUMANN_LFP_CALENDAR_2021,NAUMANN_CAL_T25_SOC50,NAUMANN_CAL_T25_SOC50,NAUMANN_CAL_T25_SOC50_TEST,"TP_25°C,50%SOC",25,0.5,577188,160.33000000000001,6.6804166666666669,1,2.9857656957682299,99.754425658316705,0.24557434168329451,0.033620066130918197,0.37320560544060744,10,50,3,3,published_mean_of_3_physical_cells,temperature_soc_condition_mean_trajectory,public_calendar_aging_method_validation,10.17632/kxh42bfgtj.1,https://data.mendeley.com/datasets/kxh42bfgtj/1,CC-BY-4.0,https://creativecommons.org/licenses/by/4.0/
NAUMANN_LFP_CALENDAR_2021,NAUMANN_CAL_T25_SOC50,NAUMANN_CAL_T25_SOC50,NAUMANN_CAL_T25_SOC50_TEST,"TP_25°C,50%SOC",25,0.5,997128.00000000012,276.98000000000002,11.540833333333335,2,2.9845533176897798,99.713920109248349,0.28607989075165108,0.033567715698692199,0.21691261431762143,10,50,3,3,published_mean_of_3_physical_cells,temperature_soc_condition_mean_trajectory,public_calendar_aging_method_validation,10.17632/kxh42bfgtj.1,https://data.mendeley.com/datasets/kxh42bfgtj/1,CC-BY-4.0,https://creativecommons.org/licenses/by/4.0/
NAUMANN_LFP_CALENDAR_2021,NAUMANN_CAL_T25_SOC50,NAUMANN_CAL_T25_SOC50,NAUMANN_CAL_T25_SOC50_TEST,"TP_25°C,50%SOC",25,0.5,1472364,408.99000000000001,17.041250000000002,3,2.98078147099219,99.587902718961303,0.41209728103869736,0.033524464437302198,0.087785332554157769,10,50,3,3,published_mean_of_3_physical_cells,temperature_soc_condition_mean_trajectory,public_calendar_aging_method_validation,10.17632/kxh42bfgtj.1,https://data.mendeley.com/datasets/kxh42bfgtj/1,CC-BY-4.0,https://creativecommons.org/licenses/by/4.0/
NAUMANN_LFP_CALENDAR_2021,NAUMANN_CAL_T25_SOC50,NAUMANN_CAL_T25_SOC50,NAUMANN_CAL_T25_SOC50_TEST,"TP_25°C,50%SOC",25,0.5,2549196,708.11000000000001,29.504583333333333,4,2.9745397310394499,99.379366200179334,0.62063379982066635,0.033471449279499903,-0.070492206626560083,10,50,3,3,published_mean_of_3_physical_cells,temperature_soc_condition_mean_trajectory,public_calendar_aging_method_validation,10.17632/kxh42bfgtj.1,https://data.mendeley.com/datasets/kxh42bfgtj/1,CC-BY-4.0,https://creativecommons.org/licenses/by/4.0/
NAUMANN_LFP_CALENDAR_2021,NAUMANN_CAL_T25_SOC50,NAUMANN_CAL_T25_SOC50,NAUMANN_CAL_T25_SOC50_TEST,"TP_25°C,50%SOC",25,0.5,3632760,1009.1,42.045833333333334,5,2.96376912979603,99.019520435136585,0.98047956486341548,0.033640777662348596,0.43504018942301936,10,50,3,3,published_mean_of_3_physical_cells,temperature_soc_condition_mean_trajectory,public_calendar_aging_method_validation,10.17632/kxh42bfgtj.1,https://data.mendeley.com/datasets/kxh42bfgtj/1,CC-BY-4.0,https://creativecommons.org/licenses/by/4.0/
NAUMANN_LFP_CALENDAR_2021,NAUMANN_CAL_T25_SOC50,NAUMANN_CAL_T25_SOC50,NAUMANN_CAL_T25_SOC50_TEST,"TP_25°C,50%SOC",25,0.5,4628160,1285.5999999999999,53.56666666666667,6,2.9587201521965998,98.850834104086999,1.1491658959130007,0.033682471048923399,0.55951641284159859,10,50,3,3,published_mean_of_3_physical_cells,temperature_soc_condition_mean_trajectory,public_calendar_aging_method_validation,10.17632/kxh42bfgtj.1,https://data.mendeley.com/datasets/kxh42bfgtj/1,CC-BY-4.0,https://creativecommons.org/licenses/by/4.0/
NAUMANN_LFP_CALENDAR_2021,NAUMANN_CAL_T25_SOC50,NAUMANN_CAL_T25_SOC50,NAUMANN_CAL_T25_SOC50_TEST,"TP_25°C,50%SOC",25,0.5,7002000,1945,81.041666666666671,7,2.9527950526023701,98.652876539021378,1.3471234609786222,0.0336842790481316,0.56491422126805357,10,50,3,3,published_mean_of_3_physical_cells,temperature_soc_condition_mean_trajectory,public_calendar_aging_method_validation,10.17632/kxh42bfgtj.1,https://data.mendeley.com/datasets/kxh42bfgtj/1,CC-BY-4.0,https://creativecommons.org/licenses/by/4.0/
NAUMANN_LFP_CALENDAR_2021,NAUMANN_CAL_T25_SOC50,NAUMANN_CAL_T25_SOC50,NAUMANN_CAL_T25_SOC50_TEST,"TP_25°C,50%SOC",25,0.5,9285120,2579.1999999999998,107.46666666666667,8,2.9471282367946898,98.463548234724826,1.5364517652751744,0.033799706294820299,0.90952397662187323,10,50,3,3,published_mean_of_3_physical_cells,temperature_soc_condition_mean_trajectory,public_calendar_aging_method_validation,10.17632/kxh42bfgtj.1,https://data.mendeley.com/datasets/kxh42bfgtj/1,CC-BY-4.0,https://creativecommons.org/licenses/by/4.0/
NAUMANN_LFP_CALENDAR_2021,NAUMANN_CAL_T25_SOC50,NAUMANN_CAL_T25_SOC50,NAUMANN_CAL_T25_SOC50_TEST,"TP_25°C,50%SOC",25,0.5,11832120,3286.6999999999998,136.94583333333333,9,2.9419025025259802,98.288956463723864,1.7110435362761365,0.033874035673359303,1.1314354376394498,10,50,3,3,published_mean_of_3_physical_cells,temperature_soc_condition_mean_trajectory,public_calendar_aging_method_validation,10.17632/kxh42bfgtj.1,https://data.mendeley.com/datasets/kxh42bfgtj/1,CC-BY-4.0,https://creativecommons.org/licenses/by/4.0/
NAUMANN_LFP_CALENDAR_2021,NAUMANN_CAL_T25_SOC50,NAUMANN_CAL_T25_SOC50,NAUMANN_CAL_T25_SOC50_TEST,"TP_25°C,50%SOC",25,0.5,13941720,3872.6999999999998,161.36250000000001,10,2.9370209274241899,98.125863049770729,1.8741369502292713,0.033949089476649395,1.3555096794857224,10,50,3,3,published_mean_of_3_physical_cells,temperature_soc_condition_mean_trajectory,public_calendar_aging_method_validation,10.17632/kxh42bfgtj.1,https://data.mendeley.com/datasets/kxh42bfgtj/1,CC-BY-4.0,https://creativecommons.org/licenses/by/4.0/
NAUMANN_LFP_CALENDAR_2021,NAUMANN_CAL_T25_SOC50,NAUMANN_CAL_T25_SOC50,NAUMANN_CAL_T25_SOC50_TEST,"TP_25°C,50%SOC",25,0.5,16138800,4483,186.79166666666666,11,2.9326186190137502,97.978781934974407,2.0212180650255931,0.034074328242682597,1.7294118712265716,10,50,3,3,published_mean_of_3_physical_cells,temperature_soc_condition_mean_trajectory,public_calendar_aging_method_validation,10.17632/kxh42bfgtj.1,https://data.mendeley.com/datasets/kxh42bfgtj/1,CC-BY-4.0,https://creativecommons.org/licenses/by/4.0/
NAUMANN_LFP_CALENDAR_2021,NAUMANN_CAL_T25_SOC50,NAUMANN_CAL_T25_SOC50,NAUMANN_CAL_T25_SOC50_TEST,"TP_25°C,50%SOC",25,0.5,18426960,5118.6000000000004,213.27500000000001,12,2.9290131424586199,97.858322970799378,2.141677029200622,0.034085506435576798,1.7627845317471635,10,50,3,3,published_mean_of_3_physical_cells,temperature_soc_condition_mean_trajectory,public_calendar_aging_method_validation,10.17632/kxh42bfgtj.1,https://data.mendeley.com/datasets/kxh42bfgtj/1,CC-BY-4.0,https://creativecommons.org/licenses/by/4.0/
NAUMANN_LFP_CALENDAR_2021,NAUMANN_CAL_T25_SOC50,NAUMANN_CAL_T25_SOC50,NAUMANN_CAL_T25_SOC50_TEST,"TP_25°C,50%SOC",25,0.5,20711160,5753.1000000000004,239.71250000000001,13,2.9242961748823699,97.700729093930676,2.2992709060693244,0.0341806918817689,2.0469620917817233,10,50,3,3,published_mean_of_3_physical_cells,temperature_soc_condition_mean_trajectory,public_calendar_aging_method_validation,10.17632/kxh42bfgtj.1,https://data.mendeley.com/datasets/kxh42bfgtj/1,CC-BY-4.0,https://creativecommons.org/licenses/by/4.0/
NAUMANN_LFP_CALENDAR_2021,NAUMANN_CAL_T25_SOC50,NAUMANN_CAL_T25_SOC50,NAUMANN_CAL_T25_SOC50_TEST,"TP_25°C,50%SOC",25,0.5,22997160,6388.1000000000004,266.17083333333335,14,2.9184747555892798,97.506235487509556,2.4937645124904435,0.034164547524087402,1.9987628727015982,10,50,3,3,published_mean_of_3_physical_cells,temperature_soc_condition_mean_trajectory,public_calendar_aging_method_validation,10.17632/kxh42bfgtj.1,https://data.mendeley.com/datasets/kxh42bfgtj/1,CC-BY-4.0,https://creativecommons.org/licenses/by/4.0/
NAUMANN_LFP_CALENDAR_2021,NAUMANN_CAL_T25_SOC50,NAUMANN_CAL_T25_SOC50,NAUMANN_CAL_T25_SOC50_TEST,"TP_25°C,50%SOC",25,0.5,25296120,7026.6999999999998,292.77916666666664,15,2.9175986560479399,97.476965003663565,2.5230349963364347,0.034191152158028898,2.0781914015530534,10,50,3,3,published_mean_of_3_physical_cells,temperature_soc_condition_mean_trajectory,public_calendar_aging_method_validation,10.17632/kxh42bfgtj.1,https://data.mendeley.com/datasets/kxh42bfgtj/1,CC-BY-4.0,https://creativecommons.org/licenses/by/4.0/
NAUMANN_LFP_CALENDAR_2021,NAUMANN_CAL_T25_SOC50,NAUMANN_CAL_T25_SOC50,NAUMANN_CAL_T25_SOC50_TEST,"TP_25°C,50%SOC",25,0.5,27588240,7663.3999999999996,319.30833333333334,16,2.9144566842659199,97.371991732989898,2.6280082670101024,0.034340405088047296,2.523788235706026,10,50,3,3,published_mean_of_3_physical_cells,temperature_soc_condition_mean_trajectory,public_calendar_aging_method_validation,10.17632/kxh42bfgtj.1,https://data.mendeley.com/datasets/kxh42bfgtj/1,CC-BY-4.0,https://creativecommons.org/licenses/by/4.0/
NAUMANN_LFP_CALENDAR_2021,NAUMANN_CAL_T25_SOC50,NAUMANN_CAL_T25_SOC50,NAUMANN_CAL_T25_SOC50_TEST,"TP_25°C,50%SOC",25,0.5,29880360,8300.1000000000004,345.83749999999998,17,2.9121334183244998,97.294371422740383,2.7056285772596169,0.034318593141267797,2.4586683453932556,10,50,3,3,published_mean_of_3_physical_cells,temperature_soc_condition_mean_trajectory,public_calendar_aging_method_validation,10.17632/kxh42bfgtj.1,https://data.mendeley.com/datasets/kxh42bfgtj/1,CC-BY-4.0,https://creativecommons.org/licenses/by/4.0/
NAUMANN_LFP_CALENDAR_2021,NAUMANN_CAL_T25_SOC50,NAUMANN_CAL_T25_SOC50,NAUMANN_CAL_T25_SOC50_TEST,"TP_25°C,50%SOC",25,0.5,32513760,9031.6000000000004,376.31666666666666,18,2.9051393790203601,97.060700584199694,2.9392994158003063,0.034288426968348294,2.368606789149208,10,50,3,3,published_mean_of_3_physical_cells,temperature_soc_condition_mean_trajectory,public_calendar_aging_method_validation,10.17632/kxh42bfgtj.1,https://data.mendeley.com/datasets/kxh42bfgtj/1,CC-BY-4.0,https://creativecommons.org/licenses/by/4.0/
NAUMANN_LFP_CALENDAR_2021,NAUMANN_CAL_T25_SOC50,NAUMANN_CAL_T25_SOC50,NAUMANN_CAL_T25_SOC50_TEST,"TP_25°C,50%SOC",25,0.5,34796880,9665.7999999999993,402.74166666666667,19,2.9026461824210701,96.977402891025733,3.0225971089742671,0.034414896321600899,2.7461829172680252,10,50,3,3,published_mean_of_3_physical_cells,temperature_soc_condition_mean_trajectory,public_calendar_aging_method_validation,10.17632/kxh42bfgtj.1,https://data.mendeley.com/datasets/kxh42bfgtj/1,CC-BY-4.0,https://creativecommons.org/licenses/by/4.0/
NAUMANN_LFP_CALENDAR_2021,NAUMANN_CAL_T25_SOC50,NAUMANN_CAL_T25_SOC50,NAUMANN_CAL_T25_SOC50_TEST,"TP_25°C,50%SOC",25,0.5,37087200,10302,429.25,20,2.89980162529789,96.882366243482593,3.1176337565174066,0.034382816106810897,2.650406960657925,10,50,3,3,published_mean_of_3_physical_cells,temperature_soc_condition_mean_trajectory,public_calendar_aging_method_validation,10.17632/kxh42bfgtj.1,https://data.mendeley.com/datasets/kxh42bfgtj/1,CC-BY-4.0,https://creativecommons.org/licenses/by/4.0/
NAUMANN_LFP_CALENDAR_2021,NAUMANN_CAL_T25_SOC50,NAUMANN_CAL_T25_SOC50,NAUMANN_CAL_T25_SOC50_TEST,"TP_25°C,50%SOC",25,0.5,39380400,10939,455.79166666666669,21,2.89470837900982,96.712200895638034,3.2877991043619659,0.034625056641752305,3.3736196671696916,10,50,3,3,published_mean_of_3_physical_cells,temperature_soc_condition_mean_trajectory,public_calendar_aging_method_validation,10.17632/kxh42bfgtj.1,https://data.mendeley.com/datasets/kxh42bfgtj/1,CC-BY-4.0,https://creativecommons.org/licenses/by/4.0/
NAUMANN_LFP_CALENDAR_2021,NAUMANN_CAL_T25_SOC50,NAUMANN_CAL_T25_SOC50,NAUMANN_CAL_T25_SOC50_TEST,"TP_25°C,50%SOC",25,0.5,41670000,11575,482.29166666666669,22,2.89196664088605,96.620599430650415,3.3794005693495848,0.034520896178919999,3.0626470619667945,10,50,3,3,published_mean_of_3_physical_cells,temperature_soc_condition_mean_trajectory,public_calendar_aging_method_validation,10.17632/kxh42bfgtj.1,https://data.mendeley.com/datasets/kxh42bfgtj/1,CC-BY-4.0,https://creativecommons.org/licenses/by/4.0/
NAUMANN_LFP_CALENDAR_2021,NAUMANN_CAL_T25_SOC50,NAUMANN_CAL_T25_SOC50,NAUMANN_CAL_T25_SOC50_TEST,"TP_25°C,50%SOC",25,0.5,43959600,12211,508.79166666666669,23,2.8896068133300301,96.541757596933479,3.4582424030665209,0.034562212736222203,3.1859982560082933,10,50,3,3,published_mean_of_3_physical_cells,temperature_soc_condition_mean_trajectory,public_calendar_aging_method_validation,10.17632/kxh42bfgtj.1,https://data.mendeley.com/datasets/kxh42bfgtj/1,CC-BY-4.0,https://creativecommons.org/licenses/by/4.0/
NAUMANN_LFP_CALENDAR_2021,NAUMANN_CAL_T25_SOC50,NAUMANN_CAL_T25_SOC50,NAUMANN_CAL_T25_SOC50_TEST,"TP_25°C,50%SOC",25,0.5,46238400,12844,535.16666666666663,24,2.88676699536235,96.446879284565711,3.5531207154342894,0.034673240776231899,3.5174741146358768,10,50,3,3,published_mean_of_3_physical_cells,temperature_soc_condition_mean_trajectory,public_calendar_aging_method_validation,10.17632/kxh42bfgtj.1,https://data.mendeley.com/datasets/kxh42bfgtj/1,CC-BY-4.0,https://creativecommons.org/licenses/by/4.0/
NAUMANN_LFP_CALENDAR_2021,NAUMANN_CAL_T25_SOC50,NAUMANN_CAL_T25_SOC50,NAUMANN_CAL_T25_SOC50_TEST,"TP_25°C,50%SOC",25,0.5,48531600,13481,561.70833333333337,25,2.88399656395725,96.354319177108778,3.6456808228912223,0.034658263719176803,3.4727598888725675,10,50,3,3,published_mean_of_3_physical_cells,temperature_soc_condition_mean_trajectory,public_calendar_aging_method_validation,10.17632/kxh42bfgtj.1,https://data.mendeley.com/datasets/kxh42bfgtj/1,CC-BY-4.0,https://creativecommons.org/licenses/by/4.0/
NAUMANN_LFP_CALENDAR_2021,NAUMANN_CAL_T25_SOC50,NAUMANN_CAL_T25_SOC50,NAUMANN_CAL_T25_SOC50_TEST,"TP_25°C,50%SOC",25,0.5,50828400,14119,588.29166666666663,26,2.8810764411587799,96.256757880512069,3.7432421194879311,0.034752873395817195,3.7552184803789412,10,50,3,3,published_mean_of_3_physical_cells,temperature_soc_condition_mean_trajectory,public_calendar_aging_method_validation,10.17632/kxh42bfgtj.1,https://data.mendeley.com/datasets/kxh42bfgtj/1,CC-BY-4.0,https://creativecommons.org/licenses/by/4.0/
NAUMANN_LFP_CALENDAR_2021,NAUMANN_CAL_T25_SOC50,NAUMANN_CAL_T25_SOC50,NAUMANN_CAL_T25_SOC50_TEST,"TP_25°C,50%SOC",25,0.5,52902000,14695,612.29166666666663,27,2.87848479916891,96.170171127044483,3.8298288729555168,0.034848637427875501,4.0411234170903754,10,50,3,3,published_mean_of_3_physical_cells,temperature_soc_condition_mean_trajectory,public_calendar_aging_method_validation,10.17632/kxh42bfgtj.1,https://data.mendeley.com/datasets/kxh42bfgtj/1,CC-BY-4.0,https://creativecommons.org/licenses/by/4.0/
NAUMANN_LFP_CALENDAR_2021,NAUMANN_CAL_T25_SOC50,NAUMANN_CAL_T25_SOC50,NAUMANN_CAL_T25_SOC50_TEST,"TP_25°C,50%SOC",25,0.5,54532800,15148,631.16666666666663,28,2.8742077719050001,96.027275655092012,3.9727243449079879,0.034764157335975397,3.7889068509231461,10,50,3,3,published_mean_of_3_physical_cells,temperature_soc_condition_mean_trajectory,public_calendar_aging_method_validation,10.17632/kxh42bfgtj.1,https://data.mendeley.com/datasets/kxh42bfgtj/1,CC-BY-4.0,https://creativecommons.org/licenses/by/4.0/
NAUMANN_LFP_CALENDAR_2021,NAUMANN_CAL_T25_SOC50,NAUMANN_CAL_T25_SOC50,NAUMANN_CAL_T25_SOC50_TEST,"TP_25°C,50%SOC",25,0.5,56919600,15811,658.79166666666663,29,2.8722040948130698,95.960332807636334,4.039667192363666,0.0349753304544657,4.4193673252729049,10,50,3,3,published_mean_of_3_physical_cells,temperature_soc_condition_mean_trajectory,public_calendar_aging_method_validation,10.17632/kxh42bfgtj.1,https://data.mendeley.com/datasets/kxh42bfgtj/1,CC-BY-4.0,https://creativecommons.org/licenses/by/4.0/
NAUMANN_LFP_CALENDAR_2021,NAUMANN_CAL_T25_SOC50,NAUMANN_CAL_T25_SOC50,NAUMANN_CAL_T25_SOC50_TEST,"TP_25°C,50%SOC",25,0.5,61203600,17001,708.375,30,2.8682550403754101,95.828394907123737,4.1716050928762627,0.035081143228957501,4.7352729314186437,10,50,3,3,published_mean_of_3_physical_cells,temperature_soc_condition_mean_trajectory,public_calendar_aging_method_validation,10.17632/kxh42bfgtj.1,https://data.mendeley.com/datasets/kxh42bfgtj/1,CC-BY-4.0,https://creativecommons.org/licenses/by/4.0/
NAUMANN_LFP_CALENDAR_2021,NAUMANN_CAL_T25_SOC50,NAUMANN_CAL_T25_SOC50,NAUMANN_CAL_T25_SOC50_TEST,"TP_25°C,50%SOC",25,0.5,65660400,18239,759.95833333333337,31,2.8640293077780798,95.687213189874541,4.3127868101254592,0.035071979346430603,4.7079140243470485,10,50,3,3,published_mean_of_3_physical_cells,temperature_soc_condition_mean_trajectory,public_calendar_aging_method_validation,10.17632/kxh42bfgtj.1,https://data.mendeley.com/datasets/kxh42bfgtj/1,CC-BY-4.0,https://creativecommons.org/licenses/by/4.0/
NAUMANN_LFP_CALENDAR_2021,NAUMANN_CAL_T25_SOC50,NAUMANN_CAL_T25_SOC50,NAUMANN_CAL_T25_SOC50_TEST,"TP_25°C,50%SOC",25,0.5,69084000,19190,799.58333333333337,32,2.8608229830657401,95.580089887933312,4.4199101120666882,0.035175844790195698,5.0180058457532928,10,50,3,3,published_mean_of_3_physical_cells,temperature_soc_condition_mean_trajectory,public_calendar_aging_method_validation,10.17632/kxh42bfgtj.1,https://data.mendeley.com/datasets/kxh42bfgtj/1,CC-BY-4.0,https://creativecommons.org/licenses/by/4.0/
NAUMANN_LFP_CALENDAR_2021,NAUMANN_CAL_T25_SOC50,NAUMANN_CAL_T25_SOC50,NAUMANN_CAL_T25_SOC50_TEST,"TP_25°C,50%SOC",25,0.5,72586800,20163,840.125,33,2.8569618984129201,95.451091057748457,4.5489089422515434,0.035282870136974204,5.3375316044284915,10,50,3,3,published_mean_of_3_physical_cells,temperature_soc_condition_mean_trajectory,public_calendar_aging_method_validation,10.17632/kxh42bfgtj.1,https://data.mendeley.com/datasets/kxh42bfgtj/1,CC-BY-4.0,https://creativecommons.org/licenses/by/4.0/
NAUMANN_LFP_CALENDAR_2021,NAUMANN_CAL_T25_SOC50,NAUMANN_CAL_T25_SOC50,NAUMANN_CAL_T25_SOC50_TEST,"TP_25°C,50%SOC",25,0.5,76467600,21241,885.04166666666663,34,2.8516003881616498,95.271963011453778,4.7280369885462221,0.035345927868270101,5.5257913955820692,10,50,3,3,published_mean_of_3_physical_cells,temperature_soc_condition_mean_trajectory,public_calendar_aging_method_validation,10.17632/kxh42bfgtj.1,https://data.mendeley.com/datasets/kxh42bfgtj/1,CC-BY-4.0,https://creativecommons.org/licenses/by/4.0/
NAUMANN_LFP_CALENDAR_2021,NAUMANN_CAL_T40_SOC0,NAUMANN_CAL_T40_SOC0,NAUMANN_CAL_T40_SOC0_TEST,"TP_40°C,0%SOC",40,0,0,0,0,0,2.9948000000000001,100,0,0.033699,0,10,0,3,3,published_mean_of_3_physical_cells,temperature_soc_condition_mean_trajectory,public_calendar_aging_method_validation,10.17632/kxh42bfgtj.1,https://data.mendeley.com/datasets/kxh42bfgtj/1,CC-BY-4.0,https://creativecommons.org/licenses/by/4.0/
NAUMANN_LFP_CALENDAR_2021,NAUMANN_CAL_T40_SOC0,NAUMANN_CAL_T40_SOC0,NAUMANN_CAL_T40_SOC0_TEST,"TP_40°C,0%SOC",40,0,577188,160.33000000000001,6.6804166666666669,1,3.0011000000000001,100.21036463202886,-0.21036463202885614,0.033779000000000003,0.23739576842043419,10,0,3,3,published_mean_of_3_physical_cells,temperature_soc_condition_mean_trajectory,public_calendar_aging_method_validation,10.17632/kxh42bfgtj.1,https://data.mendeley.com/datasets/kxh42bfgtj/1,CC-BY-4.0,https://creativecommons.org/licenses/by/4.0/
NAUMANN_LFP_CALENDAR_2021,NAUMANN_CAL_T40_SOC0,NAUMANN_CAL_T40_SOC0,NAUMANN_CAL_T40_SOC0_TEST,"TP_40°C,0%SOC",40,0,997128.00000000012,276.98000000000002,11.540833333333335,2,3.0001000000000002,100.1769734205957,-0.17697342059570076,0.033793999999999998,0.2819074749992545,10,0,3,3,published_mean_of_3_physical_cells,temperature_soc_condition_mean_trajectory,public_calendar_aging_method_validation,10.17632/kxh42bfgtj.1,https://data.mendeley.com/datasets/kxh42bfgtj/1,CC-BY-4.0,https://creativecommons.org/licenses/by/4.0/
NAUMANN_LFP_CALENDAR_2021,NAUMANN_CAL_T40_SOC0,NAUMANN_CAL_T40_SOC0,NAUMANN_CAL_T40_SOC0_TEST,"TP_40°C,0%SOC",40,0,1472364,408.99000000000001,17.041250000000002,3,2.9973000000000001,100.08347802858289,-0.083478028582888442,0.033795000000000006,0.2848749221045388,10,0,3,3,published_mean_of_3_physical_cells,temperature_soc_condition_mean_trajectory,public_calendar_aging_method_validation,10.17632/kxh42bfgtj.1,https://data.mendeley.com/datasets/kxh42bfgtj/1,CC-BY-4.0,https://creativecommons.org/licenses/by/4.0/
NAUMANN_LFP_CALENDAR_2021,NAUMANN_CAL_T40_SOC0,NAUMANN_CAL_T40_SOC0,NAUMANN_CAL_T40_SOC0_TEST,"TP_40°C,0%SOC",40,0,2549196,708.11000000000001,29.504583333333333,4,2.9950220611674898,100.00741489139473,-0.0074148913947311712,0.033735866904824101,0.10940058999999724,10,0,3,3,published_mean_of_3_physical_cells,temperature_soc_condition_mean_trajectory,public_calendar_aging_method_validation,10.17632/kxh42bfgtj.1,https://data.mendeley.com/datasets/kxh42bfgtj/1,CC-BY-4.0,https://creativecommons.org/licenses/by/4.0/
NAUMANN_LFP_CALENDAR_2021,NAUMANN_CAL_T40_SOC0,NAUMANN_CAL_T40_SOC0,NAUMANN_CAL_T40_SOC0_TEST,"TP_40°C,0%SOC",40,0,3632760,1009.1,42.045833333333334,5,2.9909104921293701,99.870124620320894,0.12987537967910612,0.033767203486378697,0.20239023822279378,10,0,3,3,published_mean_of_3_physical_cells,temperature_soc_condition_mean_trajectory,public_calendar_aging_method_validation,10.17632/kxh42bfgtj.1,https://data.mendeley.com/datasets/kxh42bfgtj/1,CC-BY-4.0,https://creativecommons.org/licenses/by/4.0/
NAUMANN_LFP_CALENDAR_2021,NAUMANN_CAL_T40_SOC0,NAUMANN_CAL_T40_SOC0,NAUMANN_CAL_T40_SOC0_TEST,"TP_40°C,0%SOC",40,0,4628160,1285.5999999999999,53.56666666666667,6,2.9870012763255298,99.739591168877041,0.26040883112295887,0.0337870850127499,0.26138761610106087,10,0,3,3,published_mean_of_3_physical_cells,temperature_soc_condition_mean_trajectory,public_calendar_aging_method_validation,10.17632/kxh42bfgtj.1,https://data.mendeley.com/datasets/kxh42bfgtj/1,CC-BY-4.0,https://creativecommons.org/licenses/by/4.0/
NAUMANN_LFP_CALENDAR_2021,NAUMANN_CAL_T40_SOC0,NAUMANN_CAL_T40_SOC0,NAUMANN_CAL_T40_SOC0_TEST,"TP_40°C,0%SOC",40,0,7002000,1945,81.041666666666671,7,2.9828951318539398,99.602482030651117,0.39751796934888262,0.033830082317530902,0.38897984370722671,10,0,3,3,published_mean_of_3_physical_cells,temperature_soc_condition_mean_trajectory,public_calendar_aging_method_validation,10.17632/kxh42bfgtj.1,https://data.mendeley.com/datasets/kxh42bfgtj/1,CC-BY-4.0,https://creativecommons.org/licenses/by/4.0/
NAUMANN_LFP_CALENDAR_2021,NAUMANN_CAL_T40_SOC0,NAUMANN_CAL_T40_SOC0,NAUMANN_CAL_T40_SOC0_TEST,"TP_40°C,0%SOC",40,0,9285120,2579.1999999999998,107.46666666666667,8,2.9782681930797801,99.447982939754908,0.55201706024509178,0.033904964357000904,0.61118833496811575,10,0,3,3,published_mean_of_3_physical_cells,temperature_soc_condition_mean_trajectory,public_calendar_aging_method_validation,10.17632/kxh42bfgtj.1,https://data.mendeley.com/datasets/kxh42bfgtj/1,CC-BY-4.0,https://creativecommons.org/licenses/by/4.0/
NAUMANN_LFP_CALENDAR_2021,NAUMANN_CAL_T40_SOC0,NAUMANN_CAL_T40_SOC0,NAUMANN_CAL_T40_SOC0_TEST,"TP_40°C,0%SOC",40,0,11832120,3286.6999999999998,136.94583333333333,9,2.9740010299708399,99.305497194164545,0.69450280583545521,0.033903263353006204,0.60614069558801997,10,0,3,3,published_mean_of_3_physical_cells,temperature_soc_condition_mean_trajectory,public_calendar_aging_method_validation,10.17632/kxh42bfgtj.1,https://data.mendeley.com/datasets/kxh42bfgtj/1,CC-BY-4.0,https://creativecommons.org/licenses/by/4.0/
NAUMANN_LFP_CALENDAR_2021,NAUMANN_CAL_T40_SOC0,NAUMANN_CAL_T40_SOC0,NAUMANN_CAL_T40_SOC0_TEST,"TP_40°C,0%SOC",40,0,13941720,3872.6999999999998,161.36250000000001,10,2.9698742112776202,99.167697718632965,0.83230228136703488,0.0338731541644419,0.51679327114129148,10,0,3,3,published_mean_of_3_physical_cells,temperature_soc_condition_mean_trajectory,public_calendar_aging_method_validation,10.17632/kxh42bfgtj.1,https://data.mendeley.com/datasets/kxh42bfgtj/1,CC-BY-4.0,https://creativecommons.org/licenses/by/4.0/
NAUMANN_LFP_CALENDAR_2021,NAUMANN_CAL_T40_SOC0,NAUMANN_CAL_T40_SOC0,NAUMANN_CAL_T40_SOC0_TEST,"TP_40°C,0%SOC",40,0,16138800,4483,186.79166666666666,11,2.9661652396160401,99.043850661681574,0.95614933831842563,0.033924748732035701,0.66989742139440533,10,0,3,3,published_mean_of_3_physical_cells,temperature_soc_condition_mean_trajectory,public_calendar_aging_method_validation,10.17632/kxh42bfgtj.1,https://data.mendeley.com/datasets/kxh42bfgtj/1,CC-BY-4.0,https://creativecommons.org/licenses/by/4.0/
NAUMANN_LFP_CALENDAR_2021,NAUMANN_CAL_T40_SOC0,NAUMANN_CAL_T40_SOC0,NAUMANN_CAL_T40_SOC0_TEST,"TP_40°C,0%SOC",40,0,18426960,5118.6000000000004,213.27500000000001,12,2.9627957609327402,98.931339686548014,1.0686603134519856,0.034020782793173901,0.95487341812487969,10,0,3,3,published_mean_of_3_physical_cells,temperature_soc_condition_mean_trajectory,public_calendar_aging_method_validation,10.17632/kxh42bfgtj.1,https://data.mendeley.com/datasets/kxh42bfgtj/1,CC-BY-4.0,https://creativecommons.org/licenses/by/4.0/
NAUMANN_LFP_CALENDAR_2021,NAUMANN_CAL_T40_SOC0,NAUMANN_CAL_T40_SOC0,NAUMANN_CAL_T40_SOC0_TEST,"TP_40°C,0%SOC",40,0,20711160,5753.1000000000004,239.71250000000001,13,2.9590227945476801,98.805355768254316,1.1946442317456842,0.034031020096453098,0.98525207410635751,10,0,3,3,published_mean_of_3_physical_cells,temperature_soc_condition_mean_trajectory,public_calendar_aging_method_validation,10.17632/kxh42bfgtj.1,https://data.mendeley.com/datasets/kxh42bfgtj/1,CC-BY-4.0,https://creativecommons.org/licenses/by/4.0/
NAUMANN_LFP_CALENDAR_2021,NAUMANN_CAL_T40_SOC0,NAUMANN_CAL_T40_SOC0,NAUMANN_CAL_T40_SOC0_TEST,"TP_40°C,0%SOC",40,0,22997160,6388.1000000000004,266.17083333333335,14,2.95868926281518,98.794218739654724,1.205781260345276,0.0339419309272187,0.72088467675213153,10,0,3,3,published_mean_of_3_physical_cells,temperature_soc_condition_mean_trajectory,public_calendar_aging_method_validation,10.17632/kxh42bfgtj.1,https://data.mendeley.com/datasets/kxh42bfgtj/1,CC-BY-4.0,https://creativecommons.org/licenses/by/4.0/
NAUMANN_LFP_CALENDAR_2021,NAUMANN_CAL_T40_SOC0,NAUMANN_CAL_T40_SOC0,NAUMANN_CAL_T40_SOC0_TEST,"TP_40°C,0%SOC",40,0,25296120,7026.6999999999998,292.77916666666664,15,2.9526620338230201,98.592962262021501,1.4070377379784986,0.034106827433481104,1.2102063369272331,10,0,3,3,published_mean_of_3_physical_cells,temperature_soc_condition_mean_trajectory,public_calendar_aging_method_validation,10.17632/kxh42bfgtj.1,https://data.mendeley.com/datasets/kxh42bfgtj/1,CC-BY-4.0,https://creativecommons.org/licenses/by/4.0/
NAUMANN_LFP_CALENDAR_2021,NAUMANN_CAL_T40_SOC0,NAUMANN_CAL_T40_SOC0,NAUMANN_CAL_T40_SOC0_TEST,"TP_40°C,0%SOC",40,0,27588240,7663.3999999999996,319.30833333333334,16,2.9496714968391098,98.493104609293098,1.5068953907069016,0.034136259281117604,1.2975437879984675,10,0,3,3,published_mean_of_3_physical_cells,temperature_soc_condition_mean_trajectory,public_calendar_aging_method_validation,10.17632/kxh42bfgtj.1,https://data.mendeley.com/datasets/kxh42bfgtj/1,CC-BY-4.0,https://creativecommons.org/licenses/by/4.0/
NAUMANN_LFP_CALENDAR_2021,NAUMANN_CAL_T40_SOC0,NAUMANN_CAL_T40_SOC0,NAUMANN_CAL_T40_SOC0_TEST,"TP_40°C,0%SOC",40,0,29880360,8300.1000000000004,345.83749999999998,17,2.94678478001385,98.396713637433223,1.6032863625667773,0.034200492033225206,1.4881510823027577,10,0,3,3,published_mean_of_3_physical_cells,temperature_soc_condition_mean_trajectory,public_calendar_aging_method_validation,10.17632/kxh42bfgtj.1,https://data.mendeley.com/datasets/kxh42bfgtj/1,CC-BY-4.0,https://creativecommons.org/licenses/by/4.0/
NAUMANN_LFP_CALENDAR_2021,NAUMANN_CAL_T40_SOC0,NAUMANN_CAL_T40_SOC0,NAUMANN_CAL_T40_SOC0_TEST,"TP_40°C,0%SOC",40,0,32513760,9031.6000000000004,376.31666666666666,18,2.9392967650022599,98.146679744966605,1.8533202550333954,0.0341065255655476,1.2093105598017795,10,0,3,3,published_mean_of_3_physical_cells,temperature_soc_condition_mean_trajectory,public_calendar_aging_method_validation,10.17632/kxh42bfgtj.1,https://data.mendeley.com/datasets/kxh42bfgtj/1,CC-BY-4.0,https://creativecommons.org/licenses/by/4.0/
NAUMANN_LFP_CALENDAR_2021,NAUMANN_CAL_T40_SOC0,NAUMANN_CAL_T40_SOC0,NAUMANN_CAL_T40_SOC0_TEST,"TP_40°C,0%SOC",40,0,34796880,9665.7999999999993,402.74166666666667,19,2.9376702829052599,98.092369537373429,1.907630462626571,0.034190929415458302,1.4597745198916989,10,0,3,3,published_mean_of_3_physical_cells,temperature_soc_condition_mean_trajectory,public_calendar_aging_method_validation,10.17632/kxh42bfgtj.1,https://data.mendeley.com/datasets/kxh42bfgtj/1,CC-BY-4.0,https://creativecommons.org/licenses/by/4.0/
NAUMANN_LFP_CALENDAR_2021,NAUMANN_CAL_T40_SOC0,NAUMANN_CAL_T40_SOC0,NAUMANN_CAL_T40_SOC0_TEST,"TP_40°C,0%SOC",40,0,37087200,10302,429.25,20,2.9358492891396302,98.031564349526846,1.9684356504731539,0.034224026548963504,1.5579885129039628,10,0,3,3,published_mean_of_3_physical_cells,temperature_soc_condition_mean_trajectory,public_calendar_aging_method_validation,10.17632/kxh42bfgtj.1,https://data.mendeley.com/datasets/kxh42bfgtj/1,CC-BY-4.0,https://creativecommons.org/licenses/by/4.0/
NAUMANN_LFP_CALENDAR_2021,NAUMANN_CAL_T40_SOC0,NAUMANN_CAL_T40_SOC0,NAUMANN_CAL_T40_SOC0_TEST,"TP_40°C,0%SOC",40,0,39380400,10939,455.79166666666669,21,2.93317548636601,97.942282835782351,2.0577171642176495,0.034170064917468899,1.3978602257304296,10,0,3,3,published_mean_of_3_physical_cells,temperature_soc_condition_mean_trajectory,public_calendar_aging_method_validation,10.17632/kxh42bfgtj.1,https://data.mendeley.com/datasets/kxh42bfgtj/1,CC-BY-4.0,https://creativecommons.org/licenses/by/4.0/
NAUMANN_LFP_CALENDAR_2021,NAUMANN_CAL_T40_SOC0,NAUMANN_CAL_T40_SOC0,NAUMANN_CAL_T40_SOC0_TEST,"TP_40°C,0%SOC",40,0,41670000,11575,482.29166666666669,22,2.9304192624119598,97.850249178975545,2.1497508210244547,0.034148544906902403,1.3340007326698267,10,0,3,3,published_mean_of_3_physical_cells,temperature_soc_condition_mean_trajectory,public_calendar_aging_method_validation,10.17632/kxh42bfgtj.1,https://data.mendeley.com/datasets/kxh42bfgtj/1,CC-BY-4.0,https://creativecommons.org/licenses/by/4.0/
NAUMANN_LFP_CALENDAR_2021,NAUMANN_CAL_T40_SOC0,NAUMANN_CAL_T40_SOC0,NAUMANN_CAL_T40_SOC0_TEST,"TP_40°C,0%SOC",40,0,43959600,12211,508.79166666666669,23,2.9280276470208202,97.770390243783226,2.2296097562167745,0.034243893191692201,1.6169417243603768,10,0,3,3,published_mean_of_3_physical_cells,temperature_soc_condition_mean_trajectory,public_calendar_aging_method_validation,10.17632/kxh42bfgtj.1,https://data.mendeley.com/datasets/kxh42bfgtj/1,CC-BY-4.0,https://creativecommons.org/licenses/by/4.0/
NAUMANN_LFP_CALENDAR_2021,NAUMANN_CAL_T40_SOC0,NAUMANN_CAL_T40_SOC0,NAUMANN_CAL_T40_SOC0_TEST,"TP_40°C,0%SOC",40,0,46238400,12844,535.16666666666663,24,2.9240402077347598,97.637244815505525,2.3627551844944747,0.034391496258058298,2.0549460163752586,10,0,3,3,published_mean_of_3_physical_cells,temperature_soc_condition_mean_trajectory,public_calendar_aging_method_validation,10.17632/kxh42bfgtj.1,https://data.mendeley.com/datasets/kxh42bfgtj/1,CC-BY-4.0,https://creativecommons.org/licenses/by/4.0/
NAUMANN_LFP_CALENDAR_2021,NAUMANN_CAL_T40_SOC0,NAUMANN_CAL_T40_SOC0,NAUMANN_CAL_T40_SOC0_TEST,"TP_40°C,0%SOC",40,0,48531600,13481,561.70833333333337,25,2.9229185889948801,97.59979260701482,2.4002073929851804,0.034317301604135902,1.8347773053678296,10,0,3,3,published_mean_of_3_physical_cells,temperature_soc_condition_mean_trajectory,public_calendar_aging_method_validation,10.17632/kxh42bfgtj.1,https://data.mendeley.com/datasets/kxh42bfgtj/1,CC-BY-4.0,https://creativecommons.org/licenses/by/4.0/
NAUMANN_LFP_CALENDAR_2021,NAUMANN_CAL_T40_SOC0,NAUMANN_CAL_T40_SOC0,NAUMANN_CAL_T40_SOC0_TEST,"TP_40°C,0%SOC",40,0,50828400,14119,588.29166666666663,26,2.9200694410888102,97.504656106878926,2.4953438931210741,0.034329295146324004,1.8703675074156711,10,0,3,3,published_mean_of_3_physical_cells,temperature_soc_condition_mean_trajectory,public_calendar_aging_method_validation,10.17632/kxh42bfgtj.1,https://data.mendeley.com/datasets/kxh42bfgtj/1,CC-BY-4.0,https://creativecommons.org/licenses/by/4.0/
NAUMANN_LFP_CALENDAR_2021,NAUMANN_CAL_T40_SOC0,NAUMANN_CAL_T40_SOC0,NAUMANN_CAL_T40_SOC0_TEST,"TP_40°C,0%SOC",40,0,52902000,14695,612.29166666666663,27,2.91709105994244,97.405204352291975,2.5947956477080254,0.034434869336296303,2.1836533318386309,10,0,3,3,published_mean_of_3_physical_cells,temperature_soc_condition_mean_trajectory,public_calendar_aging_method_validation,10.17632/kxh42bfgtj.1,https://data.mendeley.com/datasets/kxh42bfgtj/1,CC-BY-4.0,https://creativecommons.org/licenses/by/4.0/
NAUMANN_LFP_CALENDAR_2021,NAUMANN_CAL_T40_SOC0,NAUMANN_CAL_T40_SOC0,NAUMANN_CAL_T40_SOC0_TEST,"TP_40°C,0%SOC",40,0,54532800,15148,631.16666666666663,28,2.9109301841697302,97.199485246752033,2.8005147532479668,0.034391461377463205,2.0548425100543222,10,0,3,3,published_mean_of_3_physical_cells,temperature_soc_condition_mean_trajectory,public_calendar_aging_method_validation,10.17632/kxh42bfgtj.1,https://data.mendeley.com/datasets/kxh42bfgtj/1,CC-BY-4.0,https://creativecommons.org/licenses/by/4.0/
NAUMANN_LFP_CALENDAR_2021,NAUMANN_CAL_T40_SOC0,NAUMANN_CAL_T40_SOC0,NAUMANN_CAL_T40_SOC0_TEST,"TP_40°C,0%SOC",40,0,56919600,15811,658.79166666666663,29,2.9096644642587401,97.15722132558902,2.8427786744109795,0.0346145645445304,2.716889357341179,10,0,3,3,published_mean_of_3_physical_cells,temperature_soc_condition_mean_trajectory,public_calendar_aging_method_validation,10.17632/kxh42bfgtj.1,https://data.mendeley.com/datasets/kxh42bfgtj/1,CC-BY-4.0,https://creativecommons.org/licenses/by/4.0/
NAUMANN_LFP_CALENDAR_2021,NAUMANN_CAL_T40_SOC0,NAUMANN_CAL_T40_SOC0,NAUMANN_CAL_T40_SOC0_TEST,"TP_40°C,0%SOC",40,0,61203600,17001,708.375,30,2.9068539654713001,97.063375366344999,2.9366246336550006,0.0346456979793743,2.8092761784453524,10,0,3,3,published_mean_of_3_physical_cells,temperature_soc_condition_mean_trajectory,public_calendar_aging_method_validation,10.17632/kxh42bfgtj.1,https://data.mendeley.com/datasets/kxh42bfgtj/1,CC-BY-4.0,https://creativecommons.org/licenses/by/4.0/
NAUMANN_LFP_CALENDAR_2021,NAUMANN_CAL_T40_SOC0,NAUMANN_CAL_T40_SOC0,NAUMANN_CAL_T40_SOC0_TEST,"TP_40°C,0%SOC",40,0,65660400,18239,759.95833333333337,31,2.9038273686943099,96.962313633441624,3.0376863665583755,0.034730766334367502,3.0617120222187655,10,0,3,3,published_mean_of_3_physical_cells,temperature_soc_condition_mean_trajectory,public_calendar_aging_method_validation,10.17632/kxh42bfgtj.1,https://data.mendeley.com/datasets/kxh42bfgtj/1,CC-BY-4.0,https://creativecommons.org/licenses/by/4.0/
NAUMANN_LFP_CALENDAR_2021,NAUMANN_CAL_T40_SOC0,NAUMANN_CAL_T40_SOC0,NAUMANN_CAL_T40_SOC0_TEST,"TP_40°C,0%SOC",40,0,69084000,19190,799.58333333333337,32,2.8996062605598798,96.821365719242678,3.178634280757322,0.034752647260606201,3.1266425134460984,10,0,3,3,published_mean_of_3_physical_cells,temperature_soc_condition_mean_trajectory,public_calendar_aging_method_validation,10.17632/kxh42bfgtj.1,https://data.mendeley.com/datasets/kxh42bfgtj/1,CC-BY-4.0,https://creativecommons.org/licenses/by/4.0/
NAUMANN_LFP_CALENDAR_2021,NAUMANN_CAL_T40_SOC0,NAUMANN_CAL_T40_SOC0,NAUMANN_CAL_T40_SOC0_TEST,"TP_40°C,0%SOC",40,0,72586800,20163,840.125,33,2.8966732924951399,96.723430362466274,3.2765696375337257,0.034836664674367801,3.3759597447039935,10,0,3,3,published_mean_of_3_physical_cells,temperature_soc_condition_mean_trajectory,public_calendar_aging_method_validation,10.17632/kxh42bfgtj.1,https://data.mendeley.com/datasets/kxh42bfgtj/1,CC-BY-4.0,https://creativecommons.org/licenses/by/4.0/
NAUMANN_LFP_CALENDAR_2021,NAUMANN_CAL_T40_SOC0,NAUMANN_CAL_T40_SOC0,NAUMANN_CAL_T40_SOC0_TEST,"TP_40°C,0%SOC",40,0,76467600,21241,885.04166666666663,34,2.8885075158870102,96.450765189228321,3.5492348107716793,0.034911527901189107,3.5981124104249584,10,0,3,3,published_mean_of_3_physical_cells,temperature_soc_condition_mean_trajectory,public_calendar_aging_method_validation,10.17632/kxh42bfgtj.1,https://data.mendeley.com/datasets/kxh42bfgtj/1,CC-BY-4.0,https://creativecommons.org/licenses/by/4.0/
NAUMANN_LFP_CALENDAR_2021,NAUMANN_CAL_T40_SOC100,NAUMANN_CAL_T40_SOC100,NAUMANN_CAL_T40_SOC100_TEST,"TP_40°C,100%SOC",40,1,0,0,0,0,2.9935374561022798,100,0,0.033179173383445303,0,10,100,3,3,published_mean_of_3_physical_cells,temperature_soc_condition_mean_trajectory,public_calendar_aging_method_validation,10.17632/kxh42bfgtj.1,https://data.mendeley.com/datasets/kxh42bfgtj/1,CC-BY-4.0,https://creativecommons.org/licenses/by/4.0/
NAUMANN_LFP_CALENDAR_2021,NAUMANN_CAL_T40_SOC100,NAUMANN_CAL_T40_SOC100,NAUMANN_CAL_T40_SOC100_TEST,"TP_40°C,100%SOC",40,1,577188,160.33000000000001,6.6804166666666669,1,2.9509643065260298,98.57783140513358,1.4221685948664202,0.032781302876778003,-1.1991573812559664,10,100,3,3,published_mean_of_3_physical_cells,temperature_soc_condition_mean_trajectory,public_calendar_aging_method_validation,10.17632/kxh42bfgtj.1,https://data.mendeley.com/datasets/kxh42bfgtj/1,CC-BY-4.0,https://creativecommons.org/licenses/by/4.0/
NAUMANN_LFP_CALENDAR_2021,NAUMANN_CAL_T40_SOC100,NAUMANN_CAL_T40_SOC100,NAUMANN_CAL_T40_SOC100_TEST,"TP_40°C,100%SOC",40,1,997128.00000000012,276.98000000000002,11.540833333333335,2,2.9356157005063102,98.065106702510192,1.9348932974898077,0.0326000111832178,-1.745559461455648,10,100,3,3,published_mean_of_3_physical_cells,temperature_soc_condition_mean_trajectory,public_calendar_aging_method_validation,10.17632/kxh42bfgtj.1,https://data.mendeley.com/datasets/kxh42bfgtj/1,CC-BY-4.0,https://creativecommons.org/licenses/by/4.0/
NAUMANN_LFP_CALENDAR_2021,NAUMANN_CAL_T40_SOC100,NAUMANN_CAL_T40_SOC100,NAUMANN_CAL_T40_SOC100_TEST,"TP_40°C,100%SOC",40,1,1472364,408.99000000000001,17.041250000000002,3,2.9224516964465699,97.625359271493238,2.3746407285067619,0.032549202941945903,-1.8986923942286071,10,100,3,3,published_mean_of_3_physical_cells,temperature_soc_condition_mean_trajectory,public_calendar_aging_method_validation,10.17632/kxh42bfgtj.1,https://data.mendeley.com/datasets/kxh42bfgtj/1,CC-BY-4.0,https://creativecommons.org/licenses/by/4.0/
NAUMANN_LFP_CALENDAR_2021,NAUMANN_CAL_T40_SOC100,NAUMANN_CAL_T40_SOC100,NAUMANN_CAL_T40_SOC100_TEST,"TP_40°C,100%SOC",40,1,2549196,708.11000000000001,29.504583333333333,4,2.9032769525884299,96.984821307986138,3.0151786920138619,0.032580304768896,-1.804953389369568,10,100,3,3,published_mean_of_3_physical_cells,temperature_soc_condition_mean_trajectory,public_calendar_aging_method_validation,10.17632/kxh42bfgtj.1,https://data.mendeley.com/datasets/kxh42bfgtj/1,CC-BY-4.0,https://creativecommons.org/licenses/by/4.0/
NAUMANN_LFP_CALENDAR_2021,NAUMANN_CAL_T40_SOC100,NAUMANN_CAL_T40_SOC100,NAUMANN_CAL_T40_SOC100_TEST,"TP_40°C,100%SOC",40,1,3632760,1009.1,42.045833333333334,5,2.8873520139535001,96.452844044682905,3.5471559553170948,0.032568425636165105,-1.8407563691292261,10,100,3,3,published_mean_of_3_physical_cells,temperature_soc_condition_mean_trajectory,public_calendar_aging_method_validation,10.17632/kxh42bfgtj.1,https://data.mendeley.com/datasets/kxh42bfgtj/1,CC-BY-4.0,https://creativecommons.org/licenses/by/4.0/
NAUMANN_LFP_CALENDAR_2021,NAUMANN_CAL_T40_SOC100,NAUMANN_CAL_T40_SOC100,NAUMANN_CAL_T40_SOC100_TEST,"TP_40°C,100%SOC",40,1,4628160,1285.5999999999999,53.56666666666667,6,2.8743567538477501,96.018733555126161,3.9812664448738389,0.032580840145478705,-1.8033397970822707,10,100,3,3,published_mean_of_3_physical_cells,temperature_soc_condition_mean_trajectory,public_calendar_aging_method_validation,10.17632/kxh42bfgtj.1,https://data.mendeley.com/datasets/kxh42bfgtj/1,CC-BY-4.0,https://creativecommons.org/licenses/by/4.0/
NAUMANN_LFP_CALENDAR_2021,NAUMANN_CAL_T40_SOC100,NAUMANN_CAL_T40_SOC100,NAUMANN_CAL_T40_SOC100_TEST,"TP_40°C,100%SOC",40,1,7002000,1945,81.041666666666671,7,2.8535091778128998,95.322314140284618,4.6776858597153819,0.032728345940789196,-1.3587663485343127,10,100,3,3,published_mean_of_3_physical_cells,temperature_soc_condition_mean_trajectory,public_calendar_aging_method_validation,10.17632/kxh42bfgtj.1,https://data.mendeley.com/datasets/kxh42bfgtj/1,CC-BY-4.0,https://creativecommons.org/licenses/by/4.0/
NAUMANN_LFP_CALENDAR_2021,NAUMANN_CAL_T40_SOC100,NAUMANN_CAL_T40_SOC100,NAUMANN_CAL_T40_SOC100_TEST,"TP_40°C,100%SOC",40,1,9285120,2579.1999999999998,107.46666666666667,8,2.8361524236988398,94.742506659383423,5.2574933406165769,0.0329192834902126,-0.78329224851145796,10,100,3,3,published_mean_of_3_physical_cells,temperature_soc_condition_mean_trajectory,public_calendar_aging_method_validation,10.17632/kxh42bfgtj.1,https://data.mendeley.com/datasets/kxh42bfgtj/1,CC-BY-4.0,https://creativecommons.org/licenses/by/4.0/
NAUMANN_LFP_CALENDAR_2021,NAUMANN_CAL_T40_SOC100,NAUMANN_CAL_T40_SOC100,NAUMANN_CAL_T40_SOC100_TEST,"TP_40°C,100%SOC",40,1,11832120,3286.6999999999998,136.94583333333333,9,2.82030632692463,94.213163131648116,5.7868368683518838,0.033036253529298801,-0.43075170226456461,10,100,3,3,published_mean_of_3_physical_cells,temperature_soc_condition_mean_trajectory,public_calendar_aging_method_validation,10.17632/kxh42bfgtj.1,https://data.mendeley.com/datasets/kxh42bfgtj/1,CC-BY-4.0,https://creativecommons.org/licenses/by/4.0/
NAUMANN_LFP_CALENDAR_2021,NAUMANN_CAL_T40_SOC100,NAUMANN_CAL_T40_SOC100,NAUMANN_CAL_T40_SOC100_TEST,"TP_40°C,100%SOC",40,1,13941720,3872.6999999999998,161.36250000000001,10,2.8087481777221002,93.827059754890001,6.1729402451099986,0.0330988286472274,-0.24215412267621916,10,100,3,3,published_mean_of_3_physical_cells,temperature_soc_condition_mean_trajectory,public_calendar_aging_method_validation,10.17632/kxh42bfgtj.1,https://data.mendeley.com/datasets/kxh42bfgtj/1,CC-BY-4.0,https://creativecommons.org/licenses/by/4.0/
NAUMANN_LFP_CALENDAR_2021,NAUMANN_CAL_T40_SOC100,NAUMANN_CAL_T40_SOC100,NAUMANN_CAL_T40_SOC100_TEST,"TP_40°C,100%SOC",40,1,16138800,4483,186.79166666666666,11,2.7973260613480901,93.445500594815812,6.5544994051841883,0.033279112284715605,0.30120973815510599,10,100,3,3,published_mean_of_3_physical_cells,temperature_soc_condition_mean_trajectory,public_calendar_aging_method_validation,10.17632/kxh42bfgtj.1,https://data.mendeley.com/datasets/kxh42bfgtj/1,CC-BY-4.0,https://creativecommons.org/licenses/by/4.0/
NAUMANN_LFP_CALENDAR_2021,NAUMANN_CAL_T40_SOC100,NAUMANN_CAL_T40_SOC100,NAUMANN_CAL_T40_SOC100_TEST,"TP_40°C,100%SOC",40,1,18426960,5118.6000000000004,213.27500000000001,12,2.78626992590091,93.076167135344903,6.9238328646550968,0.033405743311126501,0.68286790952496457,10,100,3,3,published_mean_of_3_physical_cells,temperature_soc_condition_mean_trajectory,public_calendar_aging_method_validation,10.17632/kxh42bfgtj.1,https://data.mendeley.com/datasets/kxh42bfgtj/1,CC-BY-4.0,https://creativecommons.org/licenses/by/4.0/
NAUMANN_LFP_CALENDAR_2021,NAUMANN_CAL_T40_SOC100,NAUMANN_CAL_T40_SOC100,NAUMANN_CAL_T40_SOC100_TEST,"TP_40°C,100%SOC",40,1,20711160,5753.1000000000004,239.71250000000001,13,2.7754711504788698,92.715430863278996,7.2845691367210037,0.033637529511193302,1.3814573450967815,10,100,3,3,published_mean_of_3_physical_cells,temperature_soc_condition_mean_trajectory,public_calendar_aging_method_validation,10.17632/kxh42bfgtj.1,https://data.mendeley.com/datasets/kxh42bfgtj/1,CC-BY-4.0,https://creativecommons.org/licenses/by/4.0/
NAUMANN_LFP_CALENDAR_2021,NAUMANN_CAL_T40_SOC100,NAUMANN_CAL_T40_SOC100,NAUMANN_CAL_T40_SOC100_TEST,"TP_40°C,100%SOC",40,1,22997160,6388.1000000000004,266.17083333333335,14,2.7658514912859902,92.394083315972694,7.6059166840273065,0.033703023618309798,1.5788525796301744,10,100,3,3,published_mean_of_3_physical_cells,temperature_soc_condition_mean_trajectory,public_calendar_aging_method_validation,10.17632/kxh42bfgtj.1,https://data.mendeley.com/datasets/kxh42bfgtj/1,CC-BY-4.0,https://creativecommons.org/licenses/by/4.0/
NAUMANN_LFP_CALENDAR_2021,NAUMANN_CAL_T40_SOC100,NAUMANN_CAL_T40_SOC100,NAUMANN_CAL_T40_SOC100_TEST,"TP_40°C,100%SOC",40,1,25296120,7026.6999999999998,292.77916666666664,15,2.7563519416635001,92.076748064224788,7.9232519357752125,0.033808572622382203,1.8969708246286077,10,100,3,3,published_mean_of_3_physical_cells,temperature_soc_condition_mean_trajectory,public_calendar_aging_method_validation,10.17632/kxh42bfgtj.1,https://data.mendeley.com/datasets/kxh42bfgtj/1,CC-BY-4.0,https://creativecommons.org/licenses/by/4.0/
NAUMANN_LFP_CALENDAR_2021,NAUMANN_CAL_T40_SOC100,NAUMANN_CAL_T40_SOC100,NAUMANN_CAL_T40_SOC100_TEST,"TP_40°C,100%SOC",40,1,27588240,7663.3999999999996,319.30833333333334,16,2.7478689283015298,91.793370505521537,8.206629494478463,0.033944829603714699,2.3076410356004162,10,100,3,3,published_mean_of_3_physical_cells,temperature_soc_condition_mean_trajectory,public_calendar_aging_method_validation,10.17632/kxh42bfgtj.1,https://data.mendeley.com/datasets/kxh42bfgtj/1,CC-BY-4.0,https://creativecommons.org/licenses/by/4.0/
NAUMANN_LFP_CALENDAR_2021,NAUMANN_CAL_T40_SOC100,NAUMANN_CAL_T40_SOC100,NAUMANN_CAL_T40_SOC100_TEST,"TP_40°C,100%SOC",40,1,29880360,8300.1000000000004,345.83749999999998,17,2.7404224926680798,91.544620131001565,8.4553798689984347,0.034021984478584004,2.5401811112003791,10,100,3,3,published_mean_of_3_physical_cells,temperature_soc_condition_mean_trajectory,public_calendar_aging_method_validation,10.17632/kxh42bfgtj.1,https://data.mendeley.com/datasets/kxh42bfgtj/1,CC-BY-4.0,https://creativecommons.org/licenses/by/4.0/
NAUMANN_LFP_CALENDAR_2021,NAUMANN_CAL_T40_SOC100,NAUMANN_CAL_T40_SOC100,NAUMANN_CAL_T40_SOC100_TEST,"TP_40°C,100%SOC",40,1,32513760,9031.6000000000004,376.31666666666666,18,2.7306715234703298,91.218886134325743,8.7811138656742571,0.034168561313059898,2.9819547285896197,10,100,3,3,published_mean_of_3_physical_cells,temperature_soc_condition_mean_trajectory,public_calendar_aging_method_validation,10.17632/kxh42bfgtj.1,https://data.mendeley.com/datasets/kxh42bfgtj/1,CC-BY-4.0,https://creativecommons.org/licenses/by/4.0/
NAUMANN_LFP_CALENDAR_2021,NAUMANN_CAL_T40_SOC100,NAUMANN_CAL_T40_SOC100,NAUMANN_CAL_T40_SOC100_TEST,"TP_40°C,100%SOC",40,1,34796880,9665.7999999999993,402.74166666666667,19,2.7223365802074802,90.940454900874528,9.0595450991254722,0.034306613334433002,3.3980350804948989,10,100,3,3,published_mean_of_3_physical_cells,temperature_soc_condition_mean_trajectory,public_calendar_aging_method_validation,10.17632/kxh42bfgtj.1,https://data.mendeley.com/datasets/kxh42bfgtj/1,CC-BY-4.0,https://creativecommons.org/licenses/by/4.0/
NAUMANN_LFP_CALENDAR_2021,NAUMANN_CAL_T40_SOC100,NAUMANN_CAL_T40_SOC100,NAUMANN_CAL_T40_SOC100_TEST,"TP_40°C,100%SOC",40,1,37087200,10302,429.25,20,2.7153125486302798,90.70581505820671,9.29418494179329,0.034316927574117403,3.4291215682901388,10,100,3,3,published_mean_of_3_physical_cells,temperature_soc_condition_mean_trajectory,public_calendar_aging_method_validation,10.17632/kxh42bfgtj.1,https://data.mendeley.com/datasets/kxh42bfgtj/1,CC-BY-4.0,https://creativecommons.org/licenses/by/4.0/
NAUMANN_LFP_CALENDAR_2021,NAUMANN_CAL_T40_SOC100,NAUMANN_CAL_T40_SOC100,NAUMANN_CAL_T40_SOC100_TEST,"TP_40°C,100%SOC",40,1,39380400,10939,455.79166666666669,21,2.7090211180768899,90.495647968412499,9.5043520315875014,0.034561581893667502,4.1664947292265886,10,100,3,3,published_mean_of_3_physical_cells,temperature_soc_condition_mean_trajectory,public_calendar_aging_method_validation,10.17632/kxh42bfgtj.1,https://data.mendeley.com/datasets/kxh42bfgtj/1,CC-BY-4.0,https://creativecommons.org/licenses/by/4.0/
NAUMANN_LFP_CALENDAR_2021,NAUMANN_CAL_T40_SOC100,NAUMANN_CAL_T40_SOC100,NAUMANN_CAL_T40_SOC100_TEST,"TP_40°C,100%SOC",40,1,41670000,11575,482.29166666666669,22,2.7015645354595401,90.24655863090814,9.7534413690918598,0.034477814546181498,3.9140250654470909,10,100,3,3,published_mean_of_3_physical_cells,temperature_soc_condition_mean_trajectory,public_calendar_aging_method_validation,10.17632/kxh42bfgtj.1,https://data.mendeley.com/datasets/kxh42bfgtj/1,CC-BY-4.0,https://creativecommons.org/licenses/by/4.0/
NAUMANN_LFP_CALENDAR_2021,NAUMANN_CAL_T40_SOC100,NAUMANN_CAL_T40_SOC100,NAUMANN_CAL_T40_SOC100_TEST,"TP_40°C,100%SOC",40,1,43959600,12211,508.79166666666669,23,2.6949621251015299,90.026003169190062,9.9739968308099378,0.034636322993356998,4.3917598340130315,10,100,3,3,published_mean_of_3_physical_cells,temperature_soc_condition_mean_trajectory,public_calendar_aging_method_validation,10.17632/kxh42bfgtj.1,https://data.mendeley.com/datasets/kxh42bfgtj/1,CC-BY-4.0,https://creativecommons.org/licenses/by/4.0/
NAUMANN_LFP_CALENDAR_2021,NAUMANN_CAL_T40_SOC100,NAUMANN_CAL_T40_SOC100,NAUMANN_CAL_T40_SOC100_TEST,"TP_40°C,100%SOC",40,1,46238400,12844,535.16666666666663,24,2.6873180483488199,89.770650534896888,10.229349465103112,0.034877619185495805,5.1190118042480748,10,100,3,3,published_mean_of_3_physical_cells,temperature_soc_condition_mean_trajectory,public_calendar_aging_method_validation,10.17632/kxh42bfgtj.1,https://data.mendeley.com/datasets/kxh42bfgtj/1,CC-BY-4.0,https://creativecommons.org/licenses/by/4.0/
NAUMANN_LFP_CALENDAR_2021,NAUMANN_CAL_T40_SOC100,NAUMANN_CAL_T40_SOC100,NAUMANN_CAL_T40_SOC100_TEST,"TP_40°C,100%SOC",40,1,48531600,13481,561.70833333333337,25,2.68103647244215,89.560812642477501,10.439187357522499,0.0349418164109511,5.3124983167460949,10,100,3,3,published_mean_of_3_physical_cells,temperature_soc_condition_mean_trajectory,public_calendar_aging_method_validation,10.17632/kxh42bfgtj.1,https://data.mendeley.com/datasets/kxh42bfgtj/1,CC-BY-4.0,https://creativecommons.org/licenses/by/4.0/
NAUMANN_LFP_CALENDAR_2021,NAUMANN_CAL_T40_SOC100,NAUMANN_CAL_T40_SOC100,NAUMANN_CAL_T40_SOC100_TEST,"TP_40°C,100%SOC",40,1,50828400,14119,588.29166666666663,26,2.6745506624716802,89.344152251031645,10.655847748968355,0.035142004102206102,5.9158517786948472,10,100,3,3,published_mean_of_3_physical_cells,temperature_soc_condition_mean_trajectory,public_calendar_aging_method_validation,10.17632/kxh42bfgtj.1,https://data.mendeley.com/datasets/kxh42bfgtj/1,CC-BY-4.0,https://creativecommons.org/licenses/by/4.0/
NAUMANN_LFP_CALENDAR_2021,NAUMANN_CAL_T40_SOC100,NAUMANN_CAL_T40_SOC100,NAUMANN_CAL_T40_SOC100_TEST,"TP_40°C,100%SOC",40,1,52902000,14695,612.29166666666663,27,2.6688343970304298,89.153198721133492,10.846801278866508,0.035195721584794004,6.0777529869229907,10,100,3,3,published_mean_of_3_physical_cells,temperature_soc_condition_mean_trajectory,public_calendar_aging_method_validation,10.17632/kxh42bfgtj.1,https://data.mendeley.com/datasets/kxh42bfgtj/1,CC-BY-4.0,https://creativecommons.org/licenses/by/4.0/
NAUMANN_LFP_CALENDAR_2021,NAUMANN_CAL_T40_SOC100,NAUMANN_CAL_T40_SOC100,NAUMANN_CAL_T40_SOC100_TEST,"TP_40°C,100%SOC",40,1,54532800,15148,631.16666666666663,28,2.6646472879869898,89.013327110878379,10.986672889121621,0.035344440065904301,6.525981396327829,10,100,3,3,published_mean_of_3_physical_cells,temperature_soc_condition_mean_trajectory,public_calendar_aging_method_validation,10.17632/kxh42bfgtj.1,https://data.mendeley.com/datasets/kxh42bfgtj/1,CC-BY-4.0,https://creativecommons.org/licenses/by/4.0/
NAUMANN_LFP_CALENDAR_2021,NAUMANN_CAL_T40_SOC100,NAUMANN_CAL_T40_SOC100,NAUMANN_CAL_T40_SOC100_TEST,"TP_40°C,100%SOC",40,1,56919600,15811,658.79166666666663,29,2.6578481504752101,88.786199920673369,11.213800079326631,0.035493019349569201,6.9737902731428214,10,100,3,3,published_mean_of_3_physical_cells,temperature_soc_condition_mean_trajectory,public_calendar_aging_method_validation,10.17632/kxh42bfgtj.1,https://data.mendeley.com/datasets/kxh42bfgtj/1,CC-BY-4.0,https://creativecommons.org/licenses/by/4.0/
NAUMANN_LFP_CALENDAR_2021,NAUMANN_CAL_T40_SOC100,NAUMANN_CAL_T40_SOC100,NAUMANN_CAL_T40_SOC100_TEST,"TP_40°C,100%SOC",40,1,61203600,17001,708.375,30,2.6184322681949199,87.469500769308439,12.530499230691561,0.035799379920283897,7.8971423023635134,10,100,3,3,published_mean_of_3_physical_cells,temperature_soc_condition_mean_trajectory,public_calendar_aging_method_validation,10.17632/kxh42bfgtj.1,https://data.mendeley.com/datasets/kxh42bfgtj/1,CC-BY-4.0,https://creativecommons.org/licenses/by/4.0/
NAUMANN_LFP_CALENDAR_2021,NAUMANN_CAL_T40_SOC100,NAUMANN_CAL_T40_SOC100,NAUMANN_CAL_T40_SOC100_TEST,"TP_40°C,100%SOC",40,1,65660400,18239,759.95833333333337,31,2.6076894203489598,87.110632774386204,12.889367225613796,0.036499438216307002,10.007075204948723,10,100,3,3,published_mean_of_3_physical_cells,temperature_soc_condition_mean_trajectory,public_calendar_aging_method_validation,10.17632/kxh42bfgtj.1,https://data.mendeley.com/datasets/kxh42bfgtj/1,CC-BY-4.0,https://creativecommons.org/licenses/by/4.0/
NAUMANN_LFP_CALENDAR_2021,NAUMANN_CAL_T40_SOC100,NAUMANN_CAL_T40_SOC100,NAUMANN_CAL_T40_SOC100_TEST,"TP_40°C,100%SOC",40,1,69084000,19190,799.58333333333337,32,2.6001573943662399,86.859023229051616,13.140976770948384,0.036857945889370795,11.087595412370966,10,100,3,3,published_mean_of_3_physical_cells,temperature_soc_condition_mean_trajectory,public_calendar_aging_method_validation,10.17632/kxh42bfgtj.1,https://data.mendeley.com/datasets/kxh42bfgtj/1,CC-BY-4.0,https://creativecommons.org/licenses/by/4.0/
NAUMANN_LFP_CALENDAR_2021,NAUMANN_CAL_T40_SOC100,NAUMANN_CAL_T40_SOC100,NAUMANN_CAL_T40_SOC100_TEST,"TP_40°C,100%SOC",40,1,72586800,20163,840.125,33,2.5934719048308899,86.6356924829565,13.3643075170435,0.036988302868249202,11.480483376672845,10,100,3,3,published_mean_of_3_physical_cells,temperature_soc_condition_mean_trajectory,public_calendar_aging_method_validation,10.17632/kxh42bfgtj.1,https://data.mendeley.com/datasets/kxh42bfgtj/1,CC-BY-4.0,https://creativecommons.org/licenses/by/4.0/
NAUMANN_LFP_CALENDAR_2021,NAUMANN_CAL_T40_SOC100,NAUMANN_CAL_T40_SOC100,NAUMANN_CAL_T40_SOC100_TEST,"TP_40°C,100%SOC",40,1,76467600,21241,885.04166666666663,34,2.5861176330101001,86.390020867730897,13.609979132269103,0.037252091797733602,12.27552708205948,10,100,3,3,published_mean_of_3_physical_cells,temperature_soc_condition_mean_trajectory,public_calendar_aging_method_validation,10.17632/kxh42bfgtj.1,https://data.mendeley.com/datasets/kxh42bfgtj/1,CC-BY-4.0,https://creativecommons.org/licenses/by/4.0/
NAUMANN_LFP_CALENDAR_2021,NAUMANN_CAL_T40_SOC12.5,NAUMANN_CAL_T40_SOC12.5,NAUMANN_CAL_T40_SOC12.5_TEST,"TP_40°C,12.5%SOC",40,0.125,0,0,0,0,2.99404225310133,100,0,0.033449299324698006,0,10,12.5,3,3,published_mean_of_3_physical_cells,temperature_soc_condition_mean_trajectory,public_calendar_aging_method_validation,10.17632/kxh42bfgtj.1,https://data.mendeley.com/datasets/kxh42bfgtj/1,CC-BY-4.0,https://creativecommons.org/licenses/by/4.0/
NAUMANN_LFP_CALENDAR_2021,NAUMANN_CAL_T40_SOC12.5,NAUMANN_CAL_T40_SOC12.5,NAUMANN_CAL_T40_SOC12.5_TEST,"TP_40°C,12.5%SOC",40,0.125,577188,160.33000000000001,6.6804166666666669,1,3.00065842053856,100.22097775775798,-0.22097775775797857,0.033307070347351905,-0.42520764326170468,10,12.5,3,3,published_mean_of_3_physical_cells,temperature_soc_condition_mean_trajectory,public_calendar_aging_method_validation,10.17632/kxh42bfgtj.1,https://data.mendeley.com/datasets/kxh42bfgtj/1,CC-BY-4.0,https://creativecommons.org/licenses/by/4.0/
NAUMANN_LFP_CALENDAR_2021,NAUMANN_CAL_T40_SOC12.5,NAUMANN_CAL_T40_SOC12.5,NAUMANN_CAL_T40_SOC12.5_TEST,"TP_40°C,12.5%SOC",40,0.125,997128.00000000012,276.98000000000002,11.540833333333335,2,2.99823369530128,100.13999275379659,-0.13999275379659082,0.033264445059249199,-0.55264017238266794,10,12.5,3,3,published_mean_of_3_physical_cells,temperature_soc_condition_mean_trajectory,public_calendar_aging_method_validation,10.17632/kxh42bfgtj.1,https://data.mendeley.com/datasets/kxh42bfgtj/1,CC-BY-4.0,https://creativecommons.org/licenses/by/4.0/
NAUMANN_LFP_CALENDAR_2021,NAUMANN_CAL_T40_SOC12.5,NAUMANN_CAL_T40_SOC12.5,NAUMANN_CAL_T40_SOC12.5_TEST,"TP_40°C,12.5%SOC",40,0.125,1472364,408.99000000000001,17.041250000000002,3,2.9927161764237198,99.955709486857231,0.044290513142769328,0.033286396071895506,-0.48701544155281828,10,12.5,3,3,published_mean_of_3_physical_cells,temperature_soc_condition_mean_trajectory,public_calendar_aging_method_validation,10.17632/kxh42bfgtj.1,https://data.mendeley.com/datasets/kxh42bfgtj/1,CC-BY-4.0,https://creativecommons.org/licenses/by/4.0/
NAUMANN_LFP_CALENDAR_2021,NAUMANN_CAL_T40_SOC12.5,NAUMANN_CAL_T40_SOC12.5,NAUMANN_CAL_T40_SOC12.5_TEST,"TP_40°C,12.5%SOC",40,0.125,2549196,708.11000000000001,29.504583333333333,4,2.98544013760405,99.712692247800788,0.28730775219921156,0.033241943539107505,-0.6199107000049997,10,12.5,3,3,published_mean_of_3_physical_cells,temperature_soc_condition_mean_trajectory,public_calendar_aging_method_validation,10.17632/kxh42bfgtj.1,https://data.mendeley.com/datasets/kxh42bfgtj/1,CC-BY-4.0,https://creativecommons.org/licenses/by/4.0/
NAUMANN_LFP_CALENDAR_2021,NAUMANN_CAL_T40_SOC12.5,NAUMANN_CAL_T40_SOC12.5,NAUMANN_CAL_T40_SOC12.5_TEST,"TP_40°C,12.5%SOC",40,0.125,3632760,1009.1,42.045833333333334,5,2.9797886475105102,99.523934387497192,0.47606561250280777,0.033275886649362298,-0.51843440322131285,10,12.5,3,3,published_mean_of_3_physical_cells,temperature_soc_condition_mean_trajectory,public_calendar_aging_method_validation,10.17632/kxh42bfgtj.1,https://data.mendeley.com/datasets/kxh42bfgtj/1,CC-BY-4.0,https://creativecommons.org/licenses/by/4.0/
NAUMANN_LFP_CALENDAR_2021,NAUMANN_CAL_T40_SOC12.5,NAUMANN_CAL_T40_SOC12.5,NAUMANN_CAL_T40_SOC12.5_TEST,"TP_40°C,12.5%SOC",40,0.125,4628160,1285.5999999999999,53.56666666666667,6,2.9738986327387198,99.327209883502988,0.67279011649701204,0.033380310607463402,-0.20624861694387153,10,12.5,3,3,published_mean_of_3_physical_cells,temperature_soc_condition_mean_trajectory,public_calendar_aging_method_validation,10.17632/kxh42bfgtj.1,https://data.mendeley.com/datasets/kxh42bfgtj/1,CC-BY-4.0,https://creativecommons.org/licenses/by/4.0/
NAUMANN_LFP_CALENDAR_2021,NAUMANN_CAL_T40_SOC12.5,NAUMANN_CAL_T40_SOC12.5,NAUMANN_CAL_T40_SOC12.5_TEST,"TP_40°C,12.5%SOC",40,0.125,7002000,1945,81.041666666666671,7,2.9654005893261202,99.043378103781208,0.95662189621879179,0.033411992569699997,-0.11153224656775818,10,12.5,3,3,published_mean_of_3_physical_cells,temperature_soc_condition_mean_trajectory,public_calendar_aging_method_validation,10.17632/kxh42bfgtj.1,https://data.mendeley.com/datasets/kxh42bfgtj/1,CC-BY-4.0,https://creativecommons.org/licenses/by/4.0/
NAUMANN_LFP_CALENDAR_2021,NAUMANN_CAL_T40_SOC12.5,NAUMANN_CAL_T40_SOC12.5,NAUMANN_CAL_T40_SOC12.5_TEST,"TP_40°C,12.5%SOC",40,0.125,9285120,2579.1999999999998,107.46666666666667,8,2.9574554184567599,98.778012080267999,1.2219879197320012,0.033519972211747004,0.21128360974909111,10,12.5,3,3,published_mean_of_3_physical_cells,temperature_soc_condition_mean_trajectory,public_calendar_aging_method_validation,10.17632/kxh42bfgtj.1,https://data.mendeley.com/datasets/kxh42bfgtj/1,CC-BY-4.0,https://creativecommons.org/licenses/by/4.0/
NAUMANN_LFP_CALENDAR_2021,NAUMANN_CAL_T40_SOC12.5,NAUMANN_CAL_T40_SOC12.5,NAUMANN_CAL_T40_SOC12.5_TEST,"TP_40°C,12.5%SOC",40,0.125,11832120,3286.6999999999998,136.94583333333333,9,2.9495887674138501,98.515268592437749,1.4847314075622506,0.033561504373642199,0.33544812958561376,10,12.5,3,3,published_mean_of_3_physical_cells,temperature_soc_condition_mean_trajectory,public_calendar_aging_method_validation,10.17632/kxh42bfgtj.1,https://data.mendeley.com/datasets/kxh42bfgtj/1,CC-BY-4.0,https://creativecommons.org/licenses/by/4.0/
NAUMANN_LFP_CALENDAR_2021,NAUMANN_CAL_T40_SOC12.5,NAUMANN_CAL_T40_SOC12.5,NAUMANN_CAL_T40_SOC12.5_TEST,"TP_40°C,12.5%SOC",40,0.125,13941720,3872.6999999999998,161.36250000000001,10,2.9429547813085701,98.293695697185242,1.7063043028147575,0.033677970371431901,0.68363478862185634,10,12.5,3,3,published_mean_of_3_physical_cells,temperature_soc_condition_mean_trajectory,public_calendar_aging_method_validation,10.17632/kxh42bfgtj.1,https://data.mendeley.com/datasets/kxh42bfgtj/1,CC-BY-4.0,https://creativecommons.org/licenses/by/4.0/
NAUMANN_LFP_CALENDAR_2021,NAUMANN_CAL_T40_SOC12.5,NAUMANN_CAL_T40_SOC12.5,NAUMANN_CAL_T40_SOC12.5_TEST,"TP_40°C,12.5%SOC",40,0.125,16138800,4483,186.79166666666666,11,2.9367755388246701,98.087311085294772,1.9126889147052282,0.033741052025348599,0.8722236535315675,10,12.5,3,3,published_mean_of_3_physical_cells,temperature_soc_condition_mean_trajectory,public_calendar_aging_method_validation,10.17632/kxh42bfgtj.1,https://data.mendeley.com/datasets/kxh42bfgtj/1,CC-BY-4.0,https://creativecommons.org/licenses/by/4.0/
NAUMANN_LFP_CALENDAR_2021,NAUMANN_CAL_T40_SOC12.5,NAUMANN_CAL_T40_SOC12.5,NAUMANN_CAL_T40_SOC12.5_TEST,"TP_40°C,12.5%SOC",40,0.125,18426960,5118.6000000000004,213.27500000000001,12,2.9306246183651901,97.881872419454012,2.1181275805459876,0.033804548014571903,1.0620512149609906,10,12.5,3,3,published_mean_of_3_physical_cells,temperature_soc_condition_mean_trajectory,public_calendar_aging_method_validation,10.17632/kxh42bfgtj.1,https://data.mendeley.com/datasets/kxh42bfgtj/1,CC-BY-4.0,https://creativecommons.org/licenses/by/4.0/
NAUMANN_LFP_CALENDAR_2021,NAUMANN_CAL_T40_SOC12.5,NAUMANN_CAL_T40_SOC12.5,NAUMANN_CAL_T40_SOC12.5_TEST,"TP_40°C,12.5%SOC",40,0.125,20711160,5753.1000000000004,239.71250000000001,13,2.9244433250141002,97.675419309292081,2.3245806907079185,0.033899297225794697,1.3453133852774801,10,12.5,3,3,published_mean_of_3_physical_cells,temperature_soc_condition_mean_trajectory,public_calendar_aging_method_validation,10.17632/kxh42bfgtj.1,https://data.mendeley.com/datasets/kxh42bfgtj/1,CC-BY-4.0,https://creativecommons.org/licenses/by/4.0/
NAUMANN_LFP_CALENDAR_2021,NAUMANN_CAL_T40_SOC12.5,NAUMANN_CAL_T40_SOC12.5,NAUMANN_CAL_T40_SOC12.5_TEST,"TP_40°C,12.5%SOC",40,0.125,22997160,6388.1000000000004,266.17083333333335,14,2.9175581661245,97.445457327878216,2.5545426721217837,0.0340762415620623,1.874306039353657,10,12.5,3,3,published_mean_of_3_physical_cells,temperature_soc_condition_mean_trajectory,public_calendar_aging_method_validation,10.17632/kxh42bfgtj.1,https://data.mendeley.com/datasets/kxh42bfgtj/1,CC-BY-4.0,https://creativecommons.org/licenses/by/4.0/
NAUMANN_LFP_CALENDAR_2021,NAUMANN_CAL_T40_SOC12.5,NAUMANN_CAL_T40_SOC12.5,NAUMANN_CAL_T40_SOC12.5_TEST,"TP_40°C,12.5%SOC",40,0.125,25296120,7026.6999999999998,292.77916666666664,15,2.9127143260475101,97.283674705339322,2.7163252946606775,0.034048496092589899,1.7913582047724974,10,12.5,3,3,published_mean_of_3_physical_cells,temperature_soc_condition_mean_trajectory,public_calendar_aging_method_validation,10.17632/kxh42bfgtj.1,https://data.mendeley.com/datasets/kxh42bfgtj/1,CC-BY-4.0,https://creativecommons.org/licenses/by/4.0/
NAUMANN_LFP_CALENDAR_2021,NAUMANN_CAL_T40_SOC12.5,NAUMANN_CAL_T40_SOC12.5,NAUMANN_CAL_T40_SOC12.5_TEST,"TP_40°C,12.5%SOC",40,0.125,27588240,7663.3999999999996,319.30833333333334,16,2.9071141175799702,97.096629634023486,2.9033703659765138,0.0342714140662954,2.4577936106134457,10,12.5,3,3,published_mean_of_3_physical_cells,temperature_soc_condition_mean_trajectory,public_calendar_aging_method_validation,10.17632/kxh42bfgtj.1,https://data.mendeley.com/datasets/kxh42bfgtj/1,CC-BY-4.0,https://creativecommons.org/licenses/by/4.0/
NAUMANN_LFP_CALENDAR_2021,NAUMANN_CAL_T40_SOC12.5,NAUMANN_CAL_T40_SOC12.5,NAUMANN_CAL_T40_SOC12.5_TEST,"TP_40°C,12.5%SOC",40,0.125,29880360,8300.1000000000004,345.83749999999998,17,2.9019452527926899,96.923991295939686,3.0760087040603139,0.034280923052330499,2.486221668082722,10,12.5,3,3,published_mean_of_3_physical_cells,temperature_soc_condition_mean_trajectory,public_calendar_aging_method_validation,10.17632/kxh42bfgtj.1,https://data.mendeley.com/datasets/kxh42bfgtj/1,CC-BY-4.0,https://creativecommons.org/licenses/by/4.0/
NAUMANN_LFP_CALENDAR_2021,NAUMANN_CAL_T40_SOC12.5,NAUMANN_CAL_T40_SOC12.5,NAUMANN_CAL_T40_SOC12.5_TEST,"TP_40°C,12.5%SOC",40,0.125,32513760,9031.6000000000004,376.31666666666666,18,2.8919486314316898,96.590107518893959,3.4098924811060414,0.034281481983297397,2.4878926476792573,10,12.5,3,3,published_mean_of_3_physical_cells,temperature_soc_condition_mean_trajectory,public_calendar_aging_method_validation,10.17632/kxh42bfgtj.1,https://data.mendeley.com/datasets/kxh42bfgtj/1,CC-BY-4.0,https://creativecommons.org/licenses/by/4.0/
NAUMANN_LFP_CALENDAR_2021,NAUMANN_CAL_T40_SOC12.5,NAUMANN_CAL_T40_SOC12.5,NAUMANN_CAL_T40_SOC12.5_TEST,"TP_40°C,12.5%SOC",40,0.125,34796880,9665.7999999999993,402.74166666666667,19,2.88847994468534,96.474254553133136,3.5257454468668641,0.034398010637157,2.8362666232547795,10,12.5,3,3,published_mean_of_3_physical_cells,temperature_soc_condition_mean_trajectory,public_calendar_aging_method_validation,10.17632/kxh42bfgtj.1,https://data.mendeley.com/datasets/kxh42bfgtj/1,CC-BY-4.0,https://creativecommons.org/licenses/by/4.0/
NAUMANN_LFP_CALENDAR_2021,NAUMANN_CAL_T40_SOC12.5,NAUMANN_CAL_T40_SOC12.5,NAUMANN_CAL_T40_SOC12.5_TEST,"TP_40°C,12.5%SOC",40,0.125,37087200,10302,429.25,20,2.8837217874242098,96.315333707704141,3.6846662922958586,0.034439549797424501,2.9604520654198607,10,12.5,3,3,published_mean_of_3_physical_cells,temperature_soc_condition_mean_trajectory,public_calendar_aging_method_validation,10.17632/kxh42bfgtj.1,https://data.mendeley.com/datasets/kxh42bfgtj/1,CC-BY-4.0,https://creativecommons.org/licenses/by/4.0/
NAUMANN_LFP_CALENDAR_2021,NAUMANN_CAL_T40_SOC12.5,NAUMANN_CAL_T40_SOC12.5,NAUMANN_CAL_T40_SOC12.5_TEST,"TP_40°C,12.5%SOC",40,0.125,39380400,10939,455.79166666666669,21,2.8786978677690298,96.147536488076526,3.8524635119234745,0.034588307366302903,3.4051775809960994,10,12.5,3,3,published_mean_of_3_physical_cells,temperature_soc_condition_mean_trajectory,public_calendar_aging_method_validation,10.17632/kxh42bfgtj.1,https://data.mendeley.com/datasets/kxh42bfgtj/1,CC-BY-4.0,https://creativecommons.org/licenses/by/4.0/
NAUMANN_LFP_CALENDAR_2021,NAUMANN_CAL_T40_SOC12.5,NAUMANN_CAL_T40_SOC12.5,NAUMANN_CAL_T40_SOC12.5_TEST,"TP_40°C,12.5%SOC",40,0.125,41670000,11575,482.29166666666669,22,2.8732516266744601,95.965633875014589,4.0343661249854108,0.034716785613829799,3.7892760527749481,10,12.5,3,3,published_mean_of_3_physical_cells,temperature_soc_condition_mean_trajectory,public_calendar_aging_method_validation,10.17632/kxh42bfgtj.1,https://data.mendeley.com/datasets/kxh42bfgtj/1,CC-BY-4.0,https://creativecommons.org/licenses/by/4.0/
NAUMANN_LFP_CALENDAR_2021,NAUMANN_CAL_T40_SOC12.5,NAUMANN_CAL_T40_SOC12.5,NAUMANN_CAL_T40_SOC12.5_TEST,"TP_40°C,12.5%SOC",40,0.125,43959600,12211,508.79166666666669,23,2.8683977786152801,95.803516989250809,4.1964830107491906,0.034778701099770104,3.9743785427831302,10,12.5,3,3,published_mean_of_3_physical_cells,temperature_soc_condition_mean_trajectory,public_calendar_aging_method_validation,10.17632/kxh42bfgtj.1,https://data.mendeley.com/datasets/kxh42bfgtj/1,CC-BY-4.0,https://creativecommons.org/licenses/by/4.0/
NAUMANN_LFP_CALENDAR_2021,NAUMANN_CAL_T40_SOC12.5,NAUMANN_CAL_T40_SOC12.5,NAUMANN_CAL_T40_SOC12.5_TEST,"TP_40°C,12.5%SOC",40,0.125,46238400,12844,535.16666666666663,24,2.8630793722994401,95.625884014621562,4.3741159853784382,0.034895061128077998,4.3222483955365876,10,12.5,3,3,published_mean_of_3_physical_cells,temperature_soc_condition_mean_trajectory,public_calendar_aging_method_validation,10.17632/kxh42bfgtj.1,https://data.mendeley.com/datasets/kxh42bfgtj/1,CC-BY-4.0,https://creativecommons.org/licenses/by/4.0/
NAUMANN_LFP_CALENDAR_2021,NAUMANN_CAL_T40_SOC12.5,NAUMANN_CAL_T40_SOC12.5,NAUMANN_CAL_T40_SOC12.5_TEST,"TP_40°C,12.5%SOC",40,0.125,48531600,13481,561.70833333333337,25,2.8591990032585901,95.496280999272315,4.5037190007276848,0.034962975870117506,4.5252862570482666,10,12.5,3,3,published_mean_of_3_physical_cells,temperature_soc_condition_mean_trajectory,public_calendar_aging_method_validation,10.17632/kxh42bfgtj.1,https://data.mendeley.com/datasets/kxh42bfgtj/1,CC-BY-4.0,https://creativecommons.org/licenses/by/4.0/
NAUMANN_LFP_CALENDAR_2021,NAUMANN_CAL_T40_SOC12.5,NAUMANN_CAL_T40_SOC12.5,NAUMANN_CAL_T40_SOC12.5_TEST,"TP_40°C,12.5%SOC",40,0.125,50828400,14119,588.29166666666663,26,2.8539606015989798,95.321320153139155,4.6786798468608453,0.035065348970448496,4.8313408004849956,10,12.5,3,3,published_mean_of_3_physical_cells,temperature_soc_condition_mean_trajectory,public_calendar_aging_method_validation,10.17632/kxh42bfgtj.1,https://data.mendeley.com/datasets/kxh42bfgtj/1,CC-BY-4.0,https://creativecommons.org/licenses/by/4.0/
NAUMANN_LFP_CALENDAR_2021,NAUMANN_CAL_T40_SOC12.5,NAUMANN_CAL_T40_SOC12.5,NAUMANN_CAL_T40_SOC12.5_TEST,"TP_40°C,12.5%SOC",40,0.125,52902000,14695,612.29166666666663,27,2.84883424129114,95.15010145031259,4.8498985496874099,0.035288738711237201,5.4991866008416102,10,12.5,3,3,published_mean_of_3_physical_cells,temperature_soc_condition_mean_trajectory,public_calendar_aging_method_validation,10.17632/kxh42bfgtj.1,https://data.mendeley.com/datasets/kxh42bfgtj/1,CC-BY-4.0,https://creativecommons.org/licenses/by/4.0/
NAUMANN_LFP_CALENDAR_2021,NAUMANN_CAL_T40_SOC12.5,NAUMANN_CAL_T40_SOC12.5,NAUMANN_CAL_T40_SOC12.5_TEST,"TP_40°C,12.5%SOC",40,0.125,54532800,15148,631.16666666666663,28,2.8415535048079499,94.90692731088123,5.0930726891187703,0.0353086216626484,5.5586286573648058,10,12.5,3,3,published_mean_of_3_physical_cells,temperature_soc_condition_mean_trajectory,public_calendar_aging_method_validation,10.17632/kxh42bfgtj.1,https://data.mendeley.com/datasets/kxh42bfgtj/1,CC-BY-4.0,https://creativecommons.org/licenses/by/4.0/
NAUMANN_LFP_CALENDAR_2021,NAUMANN_CAL_T40_SOC12.5,NAUMANN_CAL_T40_SOC12.5,NAUMANN_CAL_T40_SOC12.5_TEST,"TP_40°C,12.5%SOC",40,0.125,56919600,15811,658.79166666666663,29,2.8381126979286502,94.792005523263313,5.2079944767366868,0.035499778087210401,6.1301097598728482,10,12.5,3,3,published_mean_of_3_physical_cells,temperature_soc_condition_mean_trajectory,public_calendar_aging_method_validation,10.17632/kxh42bfgtj.1,https://data.mendeley.com/datasets/kxh42bfgtj/1,CC-BY-4.0,https://creativecommons.org/licenses/by/4.0/
NAUMANN_LFP_CALENDAR_2021,NAUMANN_CAL_T40_SOC12.5,NAUMANN_CAL_T40_SOC12.5,NAUMANN_CAL_T40_SOC12.5_TEST,"TP_40°C,12.5%SOC",40,0.125,61203600,17001,708.375,30,2.8305410328193799,94.539114465983559,5.4608855340164411,0.035657878038953497,6.6027652562059558,10,12.5,3,3,published_mean_of_3_physical_cells,temperature_soc_condition_mean_trajectory,public_calendar_aging_method_validation,10.17632/kxh42bfgtj.1,https://data.mendeley.com/datasets/kxh42bfgtj/1,CC-BY-4.0,https://creativecommons.org/licenses/by/4.0/
NAUMANN_LFP_CALENDAR_2021,NAUMANN_CAL_T40_SOC12.5,NAUMANN_CAL_T40_SOC12.5,NAUMANN_CAL_T40_SOC12.5_TEST,"TP_40°C,12.5%SOC",40,0.125,65660400,18239,759.95833333333337,31,2.8222294495014602,94.261510390446219,5.7384896095537812,0.035936262723393002,7.4350238985684713,10,12.5,3,3,published_mean_of_3_physical_cells,temperature_soc_condition_mean_trajectory,public_calendar_aging_method_validation,10.17632/kxh42bfgtj.1,https://data.mendeley.com/datasets/kxh42bfgtj/1,CC-BY-4.0,https://creativecommons.org/licenses/by/4.0/
NAUMANN_LFP_CALENDAR_2021,NAUMANN_CAL_T40_SOC12.5,NAUMANN_CAL_T40_SOC12.5,NAUMANN_CAL_T40_SOC12.5_TEST,"TP_40°C,12.5%SOC",40,0.125,69084000,19190,799.58333333333337,32,2.8156021769858701,94.040161726821808,5.9598382731781925,0.036081935836222601,7.8705281266705951,10,12.5,3,3,published_mean_of_3_physical_cells,temperature_soc_condition_mean_trajectory,public_calendar_aging_method_validation,10.17632/kxh42bfgtj.1,https://data.mendeley.com/datasets/kxh42bfgtj/1,CC-BY-4.0,https://creativecommons.org/licenses/by/4.0/
NAUMANN_LFP_CALENDAR_2021,NAUMANN_CAL_T40_SOC12.5,NAUMANN_CAL_T40_SOC12.5,NAUMANN_CAL_T40_SOC12.5_TEST,"TP_40°C,12.5%SOC",40,0.125,72586800,20163,840.125,33,2.8090337090309099,93.820777115660874,6.1792228843391257,0.036326798702152802,8.6025699657335863,10,12.5,3,3,published_mean_of_3_physical_cells,temperature_soc_condition_mean_trajectory,public_calendar_aging_method_validation,10.17632/kxh42bfgtj.1,https://data.mendeley.com/datasets/kxh42bfgtj/1,CC-BY-4.0,https://creativecommons.org/licenses/by/4.0/
NAUMANN_LFP_CALENDAR_2021,NAUMANN_CAL_T40_SOC12.5,NAUMANN_CAL_T40_SOC12.5,NAUMANN_CAL_T40_SOC12.5_TEST,"TP_40°C,12.5%SOC",40,0.125,76467600,21241,885.04166666666663,34,2.7992002665354399,93.492343457609323,6.5076565423906771,0.036445594772668698,8.9577226084323733,10,12.5,3,3,published_mean_of_3_physical_cells,temperature_soc_condition_mean_trajectory,public_calendar_aging_method_validation,10.17632/kxh42bfgtj.1,https://data.mendeley.com/datasets/kxh42bfgtj/1,CC-BY-4.0,https://creativecommons.org/licenses/by/4.0/
NAUMANN_LFP_CALENDAR_2021,NAUMANN_CAL_T40_SOC25,NAUMANN_CAL_T40_SOC25,NAUMANN_CAL_T40_SOC25_TEST,"TP_40°C,25%SOC",40,0.25,0,0,0,0,2.9991127913634101,100,0,0.033391934864382203,0,10,25,3,3,published_mean_of_3_physical_cells,temperature_soc_condition_mean_trajectory,public_calendar_aging_method_validation,10.17632/kxh42bfgtj.1,https://data.mendeley.com/datasets/kxh42bfgtj/1,CC-BY-4.0,https://creativecommons.org/licenses/by/4.0/
NAUMANN_LFP_CALENDAR_2021,NAUMANN_CAL_T40_SOC25,NAUMANN_CAL_T40_SOC25,NAUMANN_CAL_T40_SOC25_TEST,"TP_40°C,25%SOC",40,0.25,577188,160.33000000000001,6.6804166666666669,1,2.99060839208556,99.71643616397688,0.28356383602312007,0.033449644771350401,0.17282588506051244,10,25,3,3,published_mean_of_3_physical_cells,temperature_soc_condition_mean_trajectory,public_calendar_aging_method_validation,10.17632/kxh42bfgtj.1,https://data.mendeley.com/datasets/kxh42bfgtj/1,CC-BY-4.0,https://creativecommons.org/licenses/by/4.0/
NAUMANN_LFP_CALENDAR_2021,NAUMANN_CAL_T40_SOC25,NAUMANN_CAL_T40_SOC25,NAUMANN_CAL_T40_SOC25_TEST,"TP_40°C,25%SOC",40,0.25,997128.00000000012,276.98000000000002,11.540833333333335,2,2.9864162726909602,99.576657513214826,0.42334248678517383,0.033332906855540002,-0.1767732510318365,10,25,3,3,published_mean_of_3_physical_cells,temperature_soc_condition_mean_trajectory,public_calendar_aging_method_validation,10.17632/kxh42bfgtj.1,https://data.mendeley.com/datasets/kxh42bfgtj/1,CC-BY-4.0,https://creativecommons.org/licenses/by/4.0/
NAUMANN_LFP_CALENDAR_2021,NAUMANN_CAL_T40_SOC25,NAUMANN_CAL_T40_SOC25,NAUMANN_CAL_T40_SOC25_TEST,"TP_40°C,25%SOC",40,0.25,1472364,408.99000000000001,17.041250000000002,3,2.9806324387354901,99.383806014860852,0.61619398513914803,0.033323791046572099,-0.20407268427798941,10,25,3,3,published_mean_of_3_physical_cells,temperature_soc_condition_mean_trajectory,public_calendar_aging_method_validation,10.17632/kxh42bfgtj.1,https://data.mendeley.com/datasets/kxh42bfgtj/1,CC-BY-4.0,https://creativecommons.org/licenses/by/4.0/
NAUMANN_LFP_CALENDAR_2021,NAUMANN_CAL_T40_SOC25,NAUMANN_CAL_T40_SOC25,NAUMANN_CAL_T40_SOC25_TEST,"TP_40°C,25%SOC",40,0.25,2549196,708.11000000000001,29.504583333333333,4,2.9701928984446302,99.03571839638505,0.96428160361494974,0.033376223512890497,-0.047051336065173643,10,25,3,3,published_mean_of_3_physical_cells,temperature_soc_condition_mean_trajectory,public_calendar_aging_method_validation,10.17632/kxh42bfgtj.1,https://data.mendeley.com/datasets/kxh42bfgtj/1,CC-BY-4.0,https://creativecommons.org/licenses/by/4.0/
NAUMANN_LFP_CALENDAR_2021,NAUMANN_CAL_T40_SOC25,NAUMANN_CAL_T40_SOC25,NAUMANN_CAL_T40_SOC25_TEST,"TP_40°C,25%SOC",40,0.25,3632760,1009.1,42.045833333333334,5,2.96273916569936,98.787187138516572,1.2128128614834282,0.033480633435558099,0.26562872602662324,10,25,3,3,published_mean_of_3_physical_cells,temperature_soc_condition_mean_trajectory,public_calendar_aging_method_validation,10.17632/kxh42bfgtj.1,https://data.mendeley.com/datasets/kxh42bfgtj/1,CC-BY-4.0,https://creativecommons.org/licenses/by/4.0/
NAUMANN_LFP_CALENDAR_2021,NAUMANN_CAL_T40_SOC25,NAUMANN_CAL_T40_SOC25,NAUMANN_CAL_T40_SOC25_TEST,"TP_40°C,25%SOC",40,0.25,4628160,1285.5999999999999,53.56666666666667,6,2.9566448815156501,98.583984237936789,1.4160157620632106,0.0336095441065681,0.651682039599355,10,25,3,3,published_mean_of_3_physical_cells,temperature_soc_condition_mean_trajectory,public_calendar_aging_method_validation,10.17632/kxh42bfgtj.1,https://data.mendeley.com/datasets/kxh42bfgtj/1,CC-BY-4.0,https://creativecommons.org/licenses/by/4.0/
NAUMANN_LFP_CALENDAR_2021,NAUMANN_CAL_T40_SOC25,NAUMANN_CAL_T40_SOC25,NAUMANN_CAL_T40_SOC25_TEST,"TP_40°C,25%SOC",40,0.25,7002000,1945,81.041666666666671,7,2.9450610469074499,98.197742191903757,1.8022578080962433,0.033567178619262901,0.5248086269706409,10,25,3,3,published_mean_of_3_physical_cells,temperature_soc_condition_mean_trajectory,public_calendar_aging_method_validation,10.17632/kxh42bfgtj.1,https://data.mendeley.com/datasets/kxh42bfgtj/1,CC-BY-4.0,https://creativecommons.org/licenses/by/4.0/
NAUMANN_LFP_CALENDAR_2021,NAUMANN_CAL_T40_SOC25,NAUMANN_CAL_T40_SOC25,NAUMANN_CAL_T40_SOC25_TEST,"TP_40°C,25%SOC",40,0.25,9285120,2579.1999999999998,107.46666666666667,8,2.9351819936057302,97.868342999910425,2.1316570000895751,0.0337583648167726,1.0973606467508112,10,25,3,3,published_mean_of_3_physical_cells,temperature_soc_condition_mean_trajectory,public_calendar_aging_method_validation,10.17632/kxh42bfgtj.1,https://data.mendeley.com/datasets/kxh42bfgtj/1,CC-BY-4.0,https://creativecommons.org/licenses/by/4.0/
NAUMANN_LFP_CALENDAR_2021,NAUMANN_CAL_T40_SOC25,NAUMANN_CAL_T40_SOC25,NAUMANN_CAL_T40_SOC25_TEST,"TP_40°C,25%SOC",40,0.25,11832120,3286.6999999999998,136.94583333333333,9,2.9258239147443201,97.556314759813603,2.4436852401863973,0.033884186816247601,1.4741642072094052,10,25,3,3,published_mean_of_3_physical_cells,temperature_soc_condition_mean_trajectory,public_calendar_aging_method_validation,10.17632/kxh42bfgtj.1,https://data.mendeley.com/datasets/kxh42bfgtj/1,CC-BY-4.0,https://creativecommons.org/licenses/by/4.0/
NAUMANN_LFP_CALENDAR_2021,NAUMANN_CAL_T40_SOC25,NAUMANN_CAL_T40_SOC25,NAUMANN_CAL_T40_SOC25_TEST,"TP_40°C,25%SOC",40,0.25,13941720,3872.6999999999998,161.36250000000001,10,2.9181868723956899,97.301671374255619,2.6983286257443808,0.034044457400655703,1.9541321547363211,10,25,3,3,published_mean_of_3_physical_cells,temperature_soc_condition_mean_trajectory,public_calendar_aging_method_validation,10.17632/kxh42bfgtj.1,https://data.mendeley.com/datasets/kxh42bfgtj/1,CC-BY-4.0,https://creativecommons.org/licenses/by/4.0/
NAUMANN_LFP_CALENDAR_2021,NAUMANN_CAL_T40_SOC25,NAUMANN_CAL_T40_SOC25,NAUMANN_CAL_T40_SOC25_TEST,"TP_40°C,25%SOC",40,0.25,16138800,4483,186.79166666666666,11,2.9102559032258499,97.037227529640006,2.9627724703599938,0.034191044090735902,2.3931204633669712,10,25,3,3,published_mean_of_3_physical_cells,temperature_soc_condition_mean_trajectory,public_calendar_aging_method_validation,10.17632/kxh42bfgtj.1,https://data.mendeley.com/datasets/kxh42bfgtj/1,CC-BY-4.0,https://creativecommons.org/licenses/by/4.0/
NAUMANN_LFP_CALENDAR_2021,NAUMANN_CAL_T40_SOC25,NAUMANN_CAL_T40_SOC25,NAUMANN_CAL_T40_SOC25_TEST,"TP_40°C,25%SOC",40,0.25,18426960,5118.6000000000004,213.27500000000001,12,2.9032834517760602,96.804743727434612,3.1952562725653877,0.034298328695786001,2.7144094377430372,10,25,3,3,published_mean_of_3_physical_cells,temperature_soc_condition_mean_trajectory,public_calendar_aging_method_validation,10.17632/kxh42bfgtj.1,https://data.mendeley.com/datasets/kxh42bfgtj/1,CC-BY-4.0,https://creativecommons.org/licenses/by/4.0/
NAUMANN_LFP_CALENDAR_2021,NAUMANN_CAL_T40_SOC25,NAUMANN_CAL_T40_SOC25,NAUMANN_CAL_T40_SOC25_TEST,"TP_40°C,25%SOC",40,0.25,20711160,5753.1000000000004,239.71250000000001,13,2.8959985787813398,96.561842793008324,3.4381572069916757,0.034456665872183899,3.1885873404041698,10,25,3,3,published_mean_of_3_physical_cells,temperature_soc_condition_mean_trajectory,public_calendar_aging_method_validation,10.17632/kxh42bfgtj.1,https://data.mendeley.com/datasets/kxh42bfgtj/1,CC-BY-4.0,https://creativecommons.org/licenses/by/4.0/
NAUMANN_LFP_CALENDAR_2021,NAUMANN_CAL_T40_SOC25,NAUMANN_CAL_T40_SOC25,NAUMANN_CAL_T40_SOC25_TEST,"TP_40°C,25%SOC",40,0.25,22997160,6388.1000000000004,266.17083333333335,14,2.8880682929314498,96.297421732462453,3.7025782675375467,0.034539060619651903,3.4353377841943811,10,25,3,3,published_mean_of_3_physical_cells,temperature_soc_condition_mean_trajectory,public_calendar_aging_method_validation,10.17632/kxh42bfgtj.1,https://data.mendeley.com/datasets/kxh42bfgtj/1,CC-BY-4.0,https://creativecommons.org/licenses/by/4.0/
NAUMANN_LFP_CALENDAR_2021,NAUMANN_CAL_T40_SOC25,NAUMANN_CAL_T40_SOC25,NAUMANN_CAL_T40_SOC25_TEST,"TP_40°C,25%SOC",40,0.25,25296120,7026.6999999999998,292.77916666666664,15,2.8819225011899099,96.092501405383118,3.9074985946168823,0.034657320469467304,3.7894947094989639,10,25,3,3,published_mean_of_3_physical_cells,temperature_soc_condition_mean_trajectory,public_calendar_aging_method_validation,10.17632/kxh42bfgtj.1,https://data.mendeley.com/datasets/kxh42bfgtj/1,CC-BY-4.0,https://creativecommons.org/licenses/by/4.0/
NAUMANN_LFP_CALENDAR_2021,NAUMANN_CAL_T40_SOC25,NAUMANN_CAL_T40_SOC25,NAUMANN_CAL_T40_SOC25_TEST,"TP_40°C,25%SOC",40,0.25,27588240,7663.3999999999996,319.30833333333334,16,2.8769267131292802,95.925925874278846,4.0740741257211539,0.034827173430037703,4.2981593354340486,10,25,3,3,published_mean_of_3_physical_cells,temperature_soc_condition_mean_trajectory,public_calendar_aging_method_validation,10.17632/kxh42bfgtj.1,https://data.mendeley.com/datasets/kxh42bfgtj/1,CC-BY-4.0,https://creativecommons.org/licenses/by/4.0/
NAUMANN_LFP_CALENDAR_2021,NAUMANN_CAL_T40_SOC25,NAUMANN_CAL_T40_SOC25,NAUMANN_CAL_T40_SOC25_TEST,"TP_40°C,25%SOC",40,0.25,29880360,8300.1000000000004,345.83749999999998,17,2.8707944748983598,95.721457464535163,4.2785425354648368,0.034985929998134206,4.7735932051432339,10,25,3,3,published_mean_of_3_physical_cells,temperature_soc_condition_mean_trajectory,public_calendar_aging_method_validation,10.17632/kxh42bfgtj.1,https://data.mendeley.com/datasets/kxh42bfgtj/1,CC-BY-4.0,https://creativecommons.org/licenses/by/4.0/
NAUMANN_LFP_CALENDAR_2021,NAUMANN_CAL_T40_SOC25,NAUMANN_CAL_T40_SOC25,NAUMANN_CAL_T40_SOC25_TEST,"TP_40°C,25%SOC",40,0.25,32513760,9031.6000000000004,376.31666666666666,18,2.8596266932276202,95.349087952361444,4.6509120476385561,0.035059295853562704,4.9933045088651262,10,25,3,3,published_mean_of_3_physical_cells,temperature_soc_condition_mean_trajectory,public_calendar_aging_method_validation,10.17632/kxh42bfgtj.1,https://data.mendeley.com/datasets/kxh42bfgtj/1,CC-BY-4.0,https://creativecommons.org/licenses/by/4.0/
NAUMANN_LFP_CALENDAR_2021,NAUMANN_CAL_T40_SOC25,NAUMANN_CAL_T40_SOC25,NAUMANN_CAL_T40_SOC25_TEST,"TP_40°C,25%SOC",40,0.25,34796880,9665.7999999999993,402.74166666666667,19,2.8553396418788002,95.206143967021333,4.7938560329786668,0.035207939420165903,5.438452617852807,10,25,3,3,published_mean_of_3_physical_cells,temperature_soc_condition_mean_trajectory,public_calendar_aging_method_validation,10.17632/kxh42bfgtj.1,https://data.mendeley.com/datasets/kxh42bfgtj/1,CC-BY-4.0,https://creativecommons.org/licenses/by/4.0/
NAUMANN_LFP_CALENDAR_2021,NAUMANN_CAL_T40_SOC25,NAUMANN_CAL_T40_SOC25,NAUMANN_CAL_T40_SOC25_TEST,"TP_40°C,25%SOC",40,0.25,37087200,10302,429.25,20,2.8503572875001599,95.040016357783415,4.9599836422165851,0.035251140537194504,5.5678285201599342,10,25,3,3,published_mean_of_3_physical_cells,temperature_soc_condition_mean_trajectory,public_calendar_aging_method_validation,10.17632/kxh42bfgtj.1,https://data.mendeley.com/datasets/kxh42bfgtj/1,CC-BY-4.0,https://creativecommons.org/licenses/by/4.0/
NAUMANN_LFP_CALENDAR_2021,NAUMANN_CAL_T40_SOC25,NAUMANN_CAL_T40_SOC25,NAUMANN_CAL_T40_SOC25_TEST,"TP_40°C,25%SOC",40,0.25,39380400,10939,455.79166666666669,21,2.84488255150425,94.857471172698155,5.1425288273018452,0.035410356095443601,6.0446369437979541,10,25,3,3,published_mean_of_3_physical_cells,temperature_soc_condition_mean_trajectory,public_calendar_aging_method_validation,10.17632/kxh42bfgtj.1,https://data.mendeley.com/datasets/kxh42bfgtj/1,CC-BY-4.0,https://creativecommons.org/licenses/by/4.0/
NAUMANN_LFP_CALENDAR_2021,NAUMANN_CAL_T40_SOC25,NAUMANN_CAL_T40_SOC25,NAUMANN_CAL_T40_SOC25_TEST,"TP_40°C,25%SOC",40,0.25,41670000,11575,482.29166666666669,22,2.8387793944290101,94.653972421573656,5.3460275784263445,0.035505576554069503,6.3297969952074595,10,25,3,3,published_mean_of_3_physical_cells,temperature_soc_condition_mean_trajectory,public_calendar_aging_method_validation,10.17632/kxh42bfgtj.1,https://data.mendeley.com/datasets/kxh42bfgtj/1,CC-BY-4.0,https://creativecommons.org/licenses/by/4.0/
NAUMANN_LFP_CALENDAR_2021,NAUMANN_CAL_T40_SOC25,NAUMANN_CAL_T40_SOC25,NAUMANN_CAL_T40_SOC25_TEST,"TP_40°C,25%SOC",40,0.25,43959600,12211,508.79166666666669,23,2.8330817573820402,94.463995003472618,5.5360049965273816,0.035684983572422606,6.8670734935048827,10,25,3,3,published_mean_of_3_physical_cells,temperature_soc_condition_mean_trajectory,public_calendar_aging_method_validation,10.17632/kxh42bfgtj.1,https://data.mendeley.com/datasets/kxh42bfgtj/1,CC-BY-4.0,https://creativecommons.org/licenses/by/4.0/
NAUMANN_LFP_CALENDAR_2021,NAUMANN_CAL_T40_SOC25,NAUMANN_CAL_T40_SOC25,NAUMANN_CAL_T40_SOC25_TEST,"TP_40°C,25%SOC",40,0.25,46238400,12844,535.16666666666663,24,2.8285655085876602,94.313408843212656,5.6865911567873439,0.0358136466615568,7.2523853649395287,10,25,3,3,published_mean_of_3_physical_cells,temperature_soc_condition_mean_trajectory,public_calendar_aging_method_validation,10.17632/kxh42bfgtj.1,https://data.mendeley.com/datasets/kxh42bfgtj/1,CC-BY-4.0,https://creativecommons.org/licenses/by/4.0/
NAUMANN_LFP_CALENDAR_2021,NAUMANN_CAL_T40_SOC25,NAUMANN_CAL_T40_SOC25,NAUMANN_CAL_T40_SOC25_TEST,"TP_40°C,25%SOC",40,0.25,48531600,13481,561.70833333333337,25,2.8223477087328899,94.106087535635425,5.8939124643645755,0.035854615414993199,7.375075929600694,10,25,3,3,published_mean_of_3_physical_cells,temperature_soc_condition_mean_trajectory,public_calendar_aging_method_validation,10.17632/kxh42bfgtj.1,https://data.mendeley.com/datasets/kxh42bfgtj/1,CC-BY-4.0,https://creativecommons.org/licenses/by/4.0/
NAUMANN_LFP_CALENDAR_2021,NAUMANN_CAL_T40_SOC25,NAUMANN_CAL_T40_SOC25,NAUMANN_CAL_T40_SOC25_TEST,"TP_40°C,25%SOC",40,0.25,50828400,14119,588.29166666666663,26,2.8171808194363699,93.933806942808147,6.0661930571918532,0.0360346866006062,7.9143414329156281,10,25,3,3,published_mean_of_3_physical_cells,temperature_soc_condition_mean_trajectory,public_calendar_aging_method_validation,10.17632/kxh42bfgtj.1,https://data.mendeley.com/datasets/kxh42bfgtj/1,CC-BY-4.0,https://creativecommons.org/licenses/by/4.0/
NAUMANN_LFP_CALENDAR_2021,NAUMANN_CAL_T40_SOC25,NAUMANN_CAL_T40_SOC25,NAUMANN_CAL_T40_SOC25_TEST,"TP_40°C,25%SOC",40,0.25,52902000,14695,612.29166666666663,27,2.8121604432310598,93.766411564422654,6.2335884355773459,0.036267567288824999,8.6117574082540393,10,25,3,3,published_mean_of_3_physical_cells,temperature_soc_condition_mean_trajectory,public_calendar_aging_method_validation,10.17632/kxh42bfgtj.1,https://data.mendeley.com/datasets/kxh42bfgtj/1,CC-BY-4.0,https://creativecommons.org/licenses/by/4.0/
NAUMANN_LFP_CALENDAR_2021,NAUMANN_CAL_T40_SOC25,NAUMANN_CAL_T40_SOC25,NAUMANN_CAL_T40_SOC25_TEST,"TP_40°C,25%SOC",40,0.25,54532800,15148,631.16666666666663,28,2.80504648659831,93.529209527432386,6.4707904725676144,0.036268063678469999,8.6132439637561795,10,25,3,3,published_mean_of_3_physical_cells,temperature_soc_condition_mean_trajectory,public_calendar_aging_method_validation,10.17632/kxh42bfgtj.1,https://data.mendeley.com/datasets/kxh42bfgtj/1,CC-BY-4.0,https://creativecommons.org/licenses/by/4.0/
NAUMANN_LFP_CALENDAR_2021,NAUMANN_CAL_T40_SOC25,NAUMANN_CAL_T40_SOC25,NAUMANN_CAL_T40_SOC25_TEST,"TP_40°C,25%SOC",40,0.25,56919600,15811,658.79166666666663,29,2.8015447055073102,93.41244896073799,6.58755103926201,0.036499964597357298,9.3077257894699006,10,25,3,3,published_mean_of_3_physical_cells,temperature_soc_condition_mean_trajectory,public_calendar_aging_method_validation,10.17632/kxh42bfgtj.1,https://data.mendeley.com/datasets/kxh42bfgtj/1,CC-BY-4.0,https://creativecommons.org/licenses/by/4.0/
NAUMANN_LFP_CALENDAR_2021,NAUMANN_CAL_T40_SOC25,NAUMANN_CAL_T40_SOC25,NAUMANN_CAL_T40_SOC25_TEST,"TP_40°C,25%SOC",40,0.25,61203600,17001,708.375,30,2.7933887382664899,93.140502961764327,6.8594970382356735,0.036765389678277999,10.102603600530259,10,25,3,3,published_mean_of_3_physical_cells,temperature_soc_condition_mean_trajectory,public_calendar_aging_method_validation,10.17632/kxh42bfgtj.1,https://data.mendeley.com/datasets/kxh42bfgtj/1,CC-BY-4.0,https://creativecommons.org/licenses/by/4.0/
NAUMANN_LFP_CALENDAR_2021,NAUMANN_CAL_T40_SOC25,NAUMANN_CAL_T40_SOC25,NAUMANN_CAL_T40_SOC25_TEST,"TP_40°C,25%SOC",40,0.25,65660400,18239,759.95833333333337,31,2.7849649806202401,92.859627975318077,7.1403720246819233,0.036936127999331395,10.613919646595971,10,25,3,3,published_mean_of_3_physical_cells,temperature_soc_condition_mean_trajectory,public_calendar_aging_method_validation,10.17632/kxh42bfgtj.1,https://data.mendeley.com/datasets/kxh42bfgtj/1,CC-BY-4.0,https://creativecommons.org/licenses/by/4.0/
NAUMANN_LFP_CALENDAR_2021,NAUMANN_CAL_T40_SOC25,NAUMANN_CAL_T40_SOC25,NAUMANN_CAL_T40_SOC25_TEST,"TP_40°C,25%SOC",40,0.25,69084000,19190,799.58333333333337,32,2.77779506503256,92.620560088030629,7.3794399119693708,0.037241394803746095,11.528112866169815,10,25,3,3,published_mean_of_3_physical_cells,temperature_soc_condition_mean_trajectory,public_calendar_aging_method_validation,10.17632/kxh42bfgtj.1,https://data.mendeley.com/datasets/kxh42bfgtj/1,CC-BY-4.0,https://creativecommons.org/licenses/by/4.0/
NAUMANN_LFP_CALENDAR_2021,NAUMANN_CAL_T40_SOC25,NAUMANN_CAL_T40_SOC25,NAUMANN_CAL_T40_SOC25_TEST,"TP_40°C,25%SOC",40,0.25,72586800,20163,840.125,33,2.7713572351126001,92.405902275276844,7.5940977247231558,0.037473152602227305,12.222166084177321,10,25,3,3,published_mean_of_3_physical_cells,temperature_soc_condition_mean_trajectory,public_calendar_aging_method_validation,10.17632/kxh42bfgtj.1,https://data.mendeley.com/datasets/kxh42bfgtj/1,CC-BY-4.0,https://creativecommons.org/licenses/by/4.0/
NAUMANN_LFP_CALENDAR_2021,NAUMANN_CAL_T40_SOC25,NAUMANN_CAL_T40_SOC25,NAUMANN_CAL_T40_SOC25_TEST,"TP_40°C,25%SOC",40,0.25,76467600,21241,885.04166666666663,34,2.7608417784741301,92.05528336328554,7.9447166367144604,0.037606400388863002,12.621207910225628,10,25,3,3,published_mean_of_3_physical_cells,temperature_soc_condition_mean_trajectory,public_calendar_aging_method_validation,10.17632/kxh42bfgtj.1,https://data.mendeley.com/datasets/kxh42bfgtj/1,CC-BY-4.0,https://creativecommons.org/licenses/by/4.0/
NAUMANN_LFP_CALENDAR_2021,NAUMANN_CAL_T40_SOC37.5,NAUMANN_CAL_T40_SOC37.5,NAUMANN_CAL_T40_SOC37.5_TEST,"TP_40°C,37.5%SOC",40,0.375,0,0,0,0,2.99268902370095,100,0,0.033522127388121097,0,10,37.5,3,3,published_mean_of_3_physical_cells,temperature_soc_condition_mean_trajectory,public_calendar_aging_method_validation,10.17632/kxh42bfgtj.1,https://data.mendeley.com/datasets/kxh42bfgtj/1,CC-BY-4.0,https://creativecommons.org/licenses/by/4.0/
NAUMANN_LFP_CALENDAR_2021,NAUMANN_CAL_T40_SOC37.5,NAUMANN_CAL_T40_SOC37.5,NAUMANN_CAL_T40_SOC37.5_TEST,"TP_40°C,37.5%SOC",40,0.375,577188,160.33000000000001,6.6804166666666669,1,2.9798901471511399,99.572328549727416,0.4276714502725838,0.033426332513736202,-0.28576609496102634,10,37.5,3,3,published_mean_of_3_physical_cells,temperature_soc_condition_mean_trajectory,public_calendar_aging_method_validation,10.17632/kxh42bfgtj.1,https://data.mendeley.com/datasets/kxh42bfgtj/1,CC-BY-4.0,https://creativecommons.org/licenses/by/4.0/
NAUMANN_LFP_CALENDAR_2021,NAUMANN_CAL_T40_SOC37.5,NAUMANN_CAL_T40_SOC37.5,NAUMANN_CAL_T40_SOC37.5_TEST,"TP_40°C,37.5%SOC",40,0.375,997128.00000000012,276.98000000000002,11.540833333333335,2,2.9711339229918798,99.279741378460571,0.7202586215394291,0.033405480979882302,-0.34796839379630518,10,37.5,3,3,published_mean_of_3_physical_cells,temperature_soc_condition_mean_trajectory,public_calendar_aging_method_validation,10.17632/kxh42bfgtj.1,https://data.mendeley.com/datasets/kxh42bfgtj/1,CC-BY-4.0,https://creativecommons.org/licenses/by/4.0/
NAUMANN_LFP_CALENDAR_2021,NAUMANN_CAL_T40_SOC37.5,NAUMANN_CAL_T40_SOC37.5,NAUMANN_CAL_T40_SOC37.5_TEST,"TP_40°C,37.5%SOC",40,0.375,1472364,408.99000000000001,17.041250000000002,3,2.9634521157373199,99.023055595416537,0.97694440458346321,0.033511094550163899,-0.03291210557569979,10,37.5,3,3,published_mean_of_3_physical_cells,temperature_soc_condition_mean_trajectory,public_calendar_aging_method_validation,10.17632/kxh42bfgtj.1,https://data.mendeley.com/datasets/kxh42bfgtj/1,CC-BY-4.0,https://creativecommons.org/licenses/by/4.0/
NAUMANN_LFP_CALENDAR_2021,NAUMANN_CAL_T40_SOC37.5,NAUMANN_CAL_T40_SOC37.5,NAUMANN_CAL_T40_SOC37.5_TEST,"TP_40°C,37.5%SOC",40,0.375,2549196,708.11000000000001,29.504583333333333,4,2.9519050036038399,98.637211558764832,1.3627884412351676,0.0335531404433329,0.092515176178209479,10,37.5,3,3,published_mean_of_3_physical_cells,temperature_soc_condition_mean_trajectory,public_calendar_aging_method_validation,10.17632/kxh42bfgtj.1,https://data.mendeley.com/datasets/kxh42bfgtj/1,CC-BY-4.0,https://creativecommons.org/licenses/by/4.0/
NAUMANN_LFP_CALENDAR_2021,NAUMANN_CAL_T40_SOC37.5,NAUMANN_CAL_T40_SOC37.5,NAUMANN_CAL_T40_SOC37.5_TEST,"TP_40°C,37.5%SOC",40,0.375,3632760,1009.1,42.045833333333334,5,2.9419920624142999,98.305972959931694,1.6940270400683062,0.033648907669568601,0.37819879382843258,10,37.5,3,3,published_mean_of_3_physical_cells,temperature_soc_condition_mean_trajectory,public_calendar_aging_method_validation,10.17632/kxh42bfgtj.1,https://data.mendeley.com/datasets/kxh42bfgtj/1,CC-BY-4.0,https://creativecommons.org/licenses/by/4.0/
NAUMANN_LFP_CALENDAR_2021,NAUMANN_CAL_T40_SOC37.5,NAUMANN_CAL_T40_SOC37.5,NAUMANN_CAL_T40_SOC37.5_TEST,"TP_40°C,37.5%SOC",40,0.375,4628160,1285.5999999999999,53.56666666666667,6,2.9335998033413899,98.025547596439324,1.9744524035606759,0.0337662499081572,0.72824292208437669,10,37.5,3,3,published_mean_of_3_physical_cells,temperature_soc_condition_mean_trajectory,public_calendar_aging_method_validation,10.17632/kxh42bfgtj.1,https://data.mendeley.com/datasets/kxh42bfgtj/1,CC-BY-4.0,https://creativecommons.org/licenses/by/4.0/
NAUMANN_LFP_CALENDAR_2021,NAUMANN_CAL_T40_SOC37.5,NAUMANN_CAL_T40_SOC37.5,NAUMANN_CAL_T40_SOC37.5_TEST,"TP_40°C,37.5%SOC",40,0.375,7002000,1945,81.041666666666671,7,2.9196852785302498,97.56059702185766,2.4394029781423399,0.033988167157220701,1.3902452064088022,10,37.5,3,3,published_mean_of_3_physical_cells,temperature_soc_condition_mean_trajectory,public_calendar_aging_method_validation,10.17632/kxh42bfgtj.1,https://data.mendeley.com/datasets/kxh42bfgtj/1,CC-BY-4.0,https://creativecommons.org/licenses/by/4.0/
NAUMANN_LFP_CALENDAR_2021,NAUMANN_CAL_T40_SOC37.5,NAUMANN_CAL_T40_SOC37.5,NAUMANN_CAL_T40_SOC37.5_TEST,"TP_40°C,37.5%SOC",40,0.375,9285120,2579.1999999999998,107.46666666666667,8,2.9078691729975601,97.165764634024811,2.8342353659751893,0.0341152942225115,1.7694784925869511,10,37.5,3,3,published_mean_of_3_physical_cells,temperature_soc_condition_mean_trajectory,public_calendar_aging_method_validation,10.17632/kxh42bfgtj.1,https://data.mendeley.com/datasets/kxh42bfgtj/1,CC-BY-4.0,https://creativecommons.org/licenses/by/4.0/
NAUMANN_LFP_CALENDAR_2021,NAUMANN_CAL_T40_SOC37.5,NAUMANN_CAL_T40_SOC37.5,NAUMANN_CAL_T40_SOC37.5_TEST,"TP_40°C,37.5%SOC",40,0.375,11832120,3286.6999999999998,136.94583333333333,9,2.89647227871794,96.784940091636301,3.215059908363699,0.034348317964441898,2.4646126027597193,10,37.5,3,3,published_mean_of_3_physical_cells,temperature_soc_condition_mean_trajectory,public_calendar_aging_method_validation,10.17632/kxh42bfgtj.1,https://data.mendeley.com/datasets/kxh42bfgtj/1,CC-BY-4.0,https://creativecommons.org/licenses/by/4.0/
NAUMANN_LFP_CALENDAR_2021,NAUMANN_CAL_T40_SOC37.5,NAUMANN_CAL_T40_SOC37.5,NAUMANN_CAL_T40_SOC37.5_TEST,"TP_40°C,37.5%SOC",40,0.375,13941720,3872.6999999999998,161.36250000000001,10,2.8870073809690799,96.468672759016656,3.5313272409833445,0.034528319758538102,3.0015767160814555,10,37.5,3,3,published_mean_of_3_physical_cells,temperature_soc_condition_mean_trajectory,public_calendar_aging_method_validation,10.17632/kxh42bfgtj.1,https://data.mendeley.com/datasets/kxh42bfgtj/1,CC-BY-4.0,https://creativecommons.org/licenses/by/4.0/
NAUMANN_LFP_CALENDAR_2021,NAUMANN_CAL_T40_SOC37.5,NAUMANN_CAL_T40_SOC37.5,NAUMANN_CAL_T40_SOC37.5_TEST,"TP_40°C,37.5%SOC",40,0.375,16138800,4483,186.79166666666666,11,2.87825956198802,96.176366444802895,3.8236335551971052,0.034717912047803799,3.5671502761081886,10,37.5,3,3,published_mean_of_3_physical_cells,temperature_soc_condition_mean_trajectory,public_calendar_aging_method_validation,10.17632/kxh42bfgtj.1,https://data.mendeley.com/datasets/kxh42bfgtj/1,CC-BY-4.0,https://creativecommons.org/licenses/by/4.0/
NAUMANN_LFP_CALENDAR_2021,NAUMANN_CAL_T40_SOC37.5,NAUMANN_CAL_T40_SOC37.5,NAUMANN_CAL_T40_SOC37.5_TEST,"TP_40°C,37.5%SOC",40,0.375,18426960,5118.6000000000004,213.27500000000001,12,2.8697372216497898,95.891594446418281,4.1084055535817186,0.034963273895106096,4.2990902406023546,10,37.5,3,3,published_mean_of_3_physical_cells,temperature_soc_condition_mean_trajectory,public_calendar_aging_method_validation,10.17632/kxh42bfgtj.1,https://data.mendeley.com/datasets/kxh42bfgtj/1,CC-BY-4.0,https://creativecommons.org/licenses/by/4.0/
NAUMANN_LFP_CALENDAR_2021,NAUMANN_CAL_T40_SOC37.5,NAUMANN_CAL_T40_SOC37.5,NAUMANN_CAL_T40_SOC37.5_TEST,"TP_40°C,37.5%SOC",40,0.375,20711160,5753.1000000000004,239.71250000000001,13,2.8613512623859201,95.611379589563597,4.3886204104364026,0.035162845260127099,4.8944324237232273,10,37.5,3,3,published_mean_of_3_physical_cells,temperature_soc_condition_mean_trajectory,public_calendar_aging_method_validation,10.17632/kxh42bfgtj.1,https://data.mendeley.com/datasets/kxh42bfgtj/1,CC-BY-4.0,https://creativecommons.org/licenses/by/4.0/
NAUMANN_LFP_CALENDAR_2021,NAUMANN_CAL_T40_SOC37.5,NAUMANN_CAL_T40_SOC37.5,NAUMANN_CAL_T40_SOC37.5_TEST,"TP_40°C,37.5%SOC",40,0.375,22997160,6388.1000000000004,266.17083333333335,14,2.85395550707285,95.364252164879687,4.6357478351203127,0.035315251223994107,5.349075299166195,10,37.5,3,3,published_mean_of_3_physical_cells,temperature_soc_condition_mean_trajectory,public_calendar_aging_method_validation,10.17632/kxh42bfgtj.1,https://data.mendeley.com/datasets/kxh42bfgtj/1,CC-BY-4.0,https://creativecommons.org/licenses/by/4.0/
NAUMANN_LFP_CALENDAR_2021,NAUMANN_CAL_T40_SOC37.5,NAUMANN_CAL_T40_SOC37.5,NAUMANN_CAL_T40_SOC37.5_TEST,"TP_40°C,37.5%SOC",40,0.375,25296120,7026.6999999999998,292.77916666666664,15,2.8452487071416401,95.073316492571095,4.9266835074289048,0.035386295685646899,5.5610083332192861,10,37.5,3,3,published_mean_of_3_physical_cells,temperature_soc_condition_mean_trajectory,public_calendar_aging_method_validation,10.17632/kxh42bfgtj.1,https://data.mendeley.com/datasets/kxh42bfgtj/1,CC-BY-4.0,https://creativecommons.org/licenses/by/4.0/
NAUMANN_LFP_CALENDAR_2021,NAUMANN_CAL_T40_SOC37.5,NAUMANN_CAL_T40_SOC37.5,NAUMANN_CAL_T40_SOC37.5_TEST,"TP_40°C,37.5%SOC",40,0.375,27588240,7663.3999999999996,319.30833333333334,16,2.8380957373444802,94.834301688810612,5.1656983111893879,0.035683050495171099,6.4462588606943427,10,37.5,3,3,published_mean_of_3_physical_cells,temperature_soc_condition_mean_trajectory,public_calendar_aging_method_validation,10.17632/kxh42bfgtj.1,https://data.mendeley.com/datasets/kxh42bfgtj/1,CC-BY-4.0,https://creativecommons.org/licenses/by/4.0/
NAUMANN_LFP_CALENDAR_2021,NAUMANN_CAL_T40_SOC37.5,NAUMANN_CAL_T40_SOC37.5,NAUMANN_CAL_T40_SOC37.5_TEST,"TP_40°C,37.5%SOC",40,0.375,29880360,8300.1000000000004,345.83749999999998,17,2.83266275806325,94.652759963686393,5.3472400363136074,0.035778314240836599,6.7304405433260328,10,37.5,3,3,published_mean_of_3_physical_cells,temperature_soc_condition_mean_trajectory,public_calendar_aging_method_validation,10.17632/kxh42bfgtj.1,https://data.mendeley.com/datasets/kxh42bfgtj/1,CC-BY-4.0,https://creativecommons.org/licenses/by/4.0/
NAUMANN_LFP_CALENDAR_2021,NAUMANN_CAL_T40_SOC37.5,NAUMANN_CAL_T40_SOC37.5,NAUMANN_CAL_T40_SOC37.5_TEST,"TP_40°C,37.5%SOC",40,0.375,32513760,9031.6000000000004,376.31666666666666,18,2.8217450878241199,94.287948579921945,5.7120514200780548,0.035862529045457503,6.9816620831938847,10,37.5,3,3,published_mean_of_3_physical_cells,temperature_soc_condition_mean_trajectory,public_calendar_aging_method_validation,10.17632/kxh42bfgtj.1,https://data.mendeley.com/datasets/kxh42bfgtj/1,CC-BY-4.0,https://creativecommons.org/licenses/by/4.0/
NAUMANN_LFP_CALENDAR_2021,NAUMANN_CAL_T40_SOC37.5,NAUMANN_CAL_T40_SOC37.5,NAUMANN_CAL_T40_SOC37.5_TEST,"TP_40°C,37.5%SOC",40,0.375,34796880,9665.7999999999993,402.74166666666667,19,2.8161718940230802,94.101721619589554,5.8982783804104457,0.036053111866004697,7.5501905012761217,10,37.5,3,3,published_mean_of_3_physical_cells,temperature_soc_condition_mean_trajectory,public_calendar_aging_method_validation,10.17632/kxh42bfgtj.1,https://data.mendeley.com/datasets/kxh42bfgtj/1,CC-BY-4.0,https://creativecommons.org/licenses/by/4.0/
NAUMANN_LFP_CALENDAR_2021,NAUMANN_CAL_T40_SOC37.5,NAUMANN_CAL_T40_SOC37.5,NAUMANN_CAL_T40_SOC37.5_TEST,"TP_40°C,37.5%SOC",40,0.375,37087200,10302,429.25,20,2.8097921618428701,93.888544368973626,6.1114556310263737,0.036148667092334899,7.8352417011115616,10,37.5,3,3,published_mean_of_3_physical_cells,temperature_soc_condition_mean_trajectory,public_calendar_aging_method_validation,10.17632/kxh42bfgtj.1,https://data.mendeley.com/datasets/kxh42bfgtj/1,CC-BY-4.0,https://creativecommons.org/licenses/by/4.0/
NAUMANN_LFP_CALENDAR_2021,NAUMANN_CAL_T40_SOC37.5,NAUMANN_CAL_T40_SOC37.5,NAUMANN_CAL_T40_SOC37.5_TEST,"TP_40°C,37.5%SOC",40,0.375,39380400,10939,455.79166666666669,21,2.8037297602567701,93.685970645540024,6.3140293544599757,0.036329102415921598,8.3734990780900844,10,37.5,3,3,published_mean_of_3_physical_cells,temperature_soc_condition_mean_trajectory,public_calendar_aging_method_validation,10.17632/kxh42bfgtj.1,https://data.mendeley.com/datasets/kxh42bfgtj/1,CC-BY-4.0,https://creativecommons.org/licenses/by/4.0/
NAUMANN_LFP_CALENDAR_2021,NAUMANN_CAL_T40_SOC37.5,NAUMANN_CAL_T40_SOC37.5,NAUMANN_CAL_T40_SOC37.5_TEST,"TP_40°C,37.5%SOC",40,0.375,41670000,11575,482.29166666666669,22,2.7975630775848899,93.479912394146623,6.5200876058533765,0.036393008290586996,8.5641369631070283,10,37.5,3,3,published_mean_of_3_physical_cells,temperature_soc_condition_mean_trajectory,public_calendar_aging_method_validation,10.17632/kxh42bfgtj.1,https://data.mendeley.com/datasets/kxh42bfgtj/1,CC-BY-4.0,https://creativecommons.org/licenses/by/4.0/
NAUMANN_LFP_CALENDAR_2021,NAUMANN_CAL_T40_SOC37.5,NAUMANN_CAL_T40_SOC37.5,NAUMANN_CAL_T40_SOC37.5_TEST,"TP_40°C,37.5%SOC",40,0.375,43959600,12211,508.79166666666669,23,2.7916393447826802,93.281972255518923,6.718027744481077,0.036593314315853803,9.1616707143145515,10,37.5,3,3,published_mean_of_3_physical_cells,temperature_soc_condition_mean_trajectory,public_calendar_aging_method_validation,10.17632/kxh42bfgtj.1,https://data.mendeley.com/datasets/kxh42bfgtj/1,CC-BY-4.0,https://creativecommons.org/licenses/by/4.0/
NAUMANN_LFP_CALENDAR_2021,NAUMANN_CAL_T40_SOC37.5,NAUMANN_CAL_T40_SOC37.5,NAUMANN_CAL_T40_SOC37.5_TEST,"TP_40°C,37.5%SOC",40,0.375,46238400,12844,535.16666666666663,24,2.7835100968992399,93.010335349075916,6.9896646509240838,0.037173189280203703,10.891498173163061,10,37.5,3,3,published_mean_of_3_physical_cells,temperature_soc_condition_mean_trajectory,public_calendar_aging_method_validation,10.17632/kxh42bfgtj.1,https://data.mendeley.com/datasets/kxh42bfgtj/1,CC-BY-4.0,https://creativecommons.org/licenses/by/4.0/
NAUMANN_LFP_CALENDAR_2021,NAUMANN_CAL_T40_SOC37.5,NAUMANN_CAL_T40_SOC37.5,NAUMANN_CAL_T40_SOC37.5_TEST,"TP_40°C,37.5%SOC",40,0.375,48531600,13481,561.70833333333337,25,2.7789276093127699,92.857212603940084,7.1427873960599157,0.037049379525287397,10.52216076959429,10,37.5,3,3,published_mean_of_3_physical_cells,temperature_soc_condition_mean_trajectory,public_calendar_aging_method_validation,10.17632/kxh42bfgtj.1,https://data.mendeley.com/datasets/kxh42bfgtj/1,CC-BY-4.0,https://creativecommons.org/licenses/by/4.0/
NAUMANN_LFP_CALENDAR_2021,NAUMANN_CAL_T40_SOC37.5,NAUMANN_CAL_T40_SOC37.5,NAUMANN_CAL_T40_SOC37.5_TEST,"TP_40°C,37.5%SOC",40,0.375,50828400,14119,588.29166666666663,26,2.7732502850305001,92.667506148063524,7.3324938519364764,0.037197186046046903,10.963083026849008,10,37.5,3,3,published_mean_of_3_physical_cells,temperature_soc_condition_mean_trajectory,public_calendar_aging_method_validation,10.17632/kxh42bfgtj.1,https://data.mendeley.com/datasets/kxh42bfgtj/1,CC-BY-4.0,https://creativecommons.org/licenses/by/4.0/
NAUMANN_LFP_CALENDAR_2021,NAUMANN_CAL_T40_SOC37.5,NAUMANN_CAL_T40_SOC37.5,NAUMANN_CAL_T40_SOC37.5_TEST,"TP_40°C,37.5%SOC",40,0.375,52902000,14695,612.29166666666663,27,2.7671612536820498,92.464042597382928,7.5359574026170719,0.037431252637923004,11.661328067105735,10,37.5,3,3,published_mean_of_3_physical_cells,temperature_soc_condition_mean_trajectory,public_calendar_aging_method_validation,10.17632/kxh42bfgtj.1,https://data.mendeley.com/datasets/kxh42bfgtj/1,CC-BY-4.0,https://creativecommons.org/licenses/by/4.0/
NAUMANN_LFP_CALENDAR_2021,NAUMANN_CAL_T40_SOC37.5,NAUMANN_CAL_T40_SOC37.5,NAUMANN_CAL_T40_SOC37.5_TEST,"TP_40°C,37.5%SOC",40,0.375,54532800,15148,631.16666666666663,28,2.76504422374046,92.393302539701565,7.6066974602984345,0.037346023211442203,11.407079804476083,10,37.5,3,3,published_mean_of_3_physical_cells,temperature_soc_condition_mean_trajectory,public_calendar_aging_method_validation,10.17632/kxh42bfgtj.1,https://data.mendeley.com/datasets/kxh42bfgtj/1,CC-BY-4.0,https://creativecommons.org/licenses/by/4.0/
NAUMANN_LFP_CALENDAR_2021,NAUMANN_CAL_T40_SOC37.5,NAUMANN_CAL_T40_SOC37.5,NAUMANN_CAL_T40_SOC37.5_TEST,"TP_40°C,37.5%SOC",40,0.375,56919600,15811,658.79166666666663,29,2.7580791325334899,92.160565654852888,7.8394343451471116,0.037705869786894101,12.4805396457492,10,37.5,3,3,published_mean_of_3_physical_cells,temperature_soc_condition_mean_trajectory,public_calendar_aging_method_validation,10.17632/kxh42bfgtj.1,https://data.mendeley.com/datasets/kxh42bfgtj/1,CC-BY-4.0,https://creativecommons.org/licenses/by/4.0/
NAUMANN_LFP_CALENDAR_2021,NAUMANN_CAL_T40_SOC37.5,NAUMANN_CAL_T40_SOC37.5,NAUMANN_CAL_T40_SOC37.5_TEST,"TP_40°C,37.5%SOC",40,0.375,61203600,17001,708.375,30,2.74787023499246,91.819437744128479,8.1805622558715214,0.037917586221493702,13.112111837299988,10,37.5,3,3,published_mean_of_3_physical_cells,temperature_soc_condition_mean_trajectory,public_calendar_aging_method_validation,10.17632/kxh42bfgtj.1,https://data.mendeley.com/datasets/kxh42bfgtj/1,CC-BY-4.0,https://creativecommons.org/licenses/by/4.0/
NAUMANN_LFP_CALENDAR_2021,NAUMANN_CAL_T40_SOC37.5,NAUMANN_CAL_T40_SOC37.5,NAUMANN_CAL_T40_SOC37.5_TEST,"TP_40°C,37.5%SOC",40,0.375,65660400,18239,759.95833333333337,31,2.73897610386063,91.522242443801844,8.4777575561981564,0.038193181297537106,13.934240674329178,10,37.5,3,3,published_mean_of_3_physical_cells,temperature_soc_condition_mean_trajectory,public_calendar_aging_method_validation,10.17632/kxh42bfgtj.1,https://data.mendeley.com/datasets/kxh42bfgtj/1,CC-BY-4.0,https://creativecommons.org/licenses/by/4.0/
NAUMANN_LFP_CALENDAR_2021,NAUMANN_CAL_T40_SOC37.5,NAUMANN_CAL_T40_SOC37.5,NAUMANN_CAL_T40_SOC37.5_TEST,"TP_40°C,37.5%SOC",40,0.375,69084000,19190,799.58333333333337,32,2.7315052225332299,91.272604701014899,8.7273952989851011,0.038425992565505294,14.628740952526575,10,37.5,3,3,published_mean_of_3_physical_cells,temperature_soc_condition_mean_trajectory,public_calendar_aging_method_validation,10.17632/kxh42bfgtj.1,https://data.mendeley.com/datasets/kxh42bfgtj/1,CC-BY-4.0,https://creativecommons.org/licenses/by/4.0/
NAUMANN_LFP_CALENDAR_2021,NAUMANN_CAL_T40_SOC37.5,NAUMANN_CAL_T40_SOC37.5,NAUMANN_CAL_T40_SOC37.5_TEST,"TP_40°C,37.5%SOC",40,0.375,72586800,20163,840.125,33,2.7241198245765199,91.025823364958242,8.9741766350417578,0.038690733437180803,15.418490566595878,10,37.5,3,3,published_mean_of_3_physical_cells,temperature_soc_condition_mean_trajectory,public_calendar_aging_method_validation,10.17632/kxh42bfgtj.1,https://data.mendeley.com/datasets/kxh42bfgtj/1,CC-BY-4.0,https://creativecommons.org/licenses/by/4.0/
NAUMANN_LFP_CALENDAR_2021,NAUMANN_CAL_T40_SOC37.5,NAUMANN_CAL_T40_SOC37.5,NAUMANN_CAL_T40_SOC37.5_TEST,"TP_40°C,37.5%SOC",40,0.375,76467600,21241,885.04166666666663,34,2.7154414964590599,90.735839071610982,9.2641609283890176,0.038788507300769701,15.710160192621903,10,37.5,3,3,published_mean_of_3_physical_cells,temperature_soc_condition_mean_trajectory,public_calendar_aging_method_validation,10.17632/kxh42bfgtj.1,https://data.mendeley.com/datasets/kxh42bfgtj/1,CC-BY-4.0,https://creativecommons.org/licenses/by/4.0/
NAUMANN_LFP_CALENDAR_2021,NAUMANN_CAL_T40_SOC50,NAUMANN_CAL_T40_SOC50,NAUMANN_CAL_T40_SOC50_TEST,"TP_40°C,50%SOC",40,0.5,0,0,0,0,2.9896375686435701,100,0,0.033289968920370901,0,10,50,3,3,published_mean_of_3_physical_cells,temperature_soc_condition_mean_trajectory,public_calendar_aging_method_validation,10.17632/kxh42bfgtj.1,https://data.mendeley.com/datasets/kxh42bfgtj/1,CC-BY-4.0,https://creativecommons.org/licenses/by/4.0/
NAUMANN_LFP_CALENDAR_2021,NAUMANN_CAL_T40_SOC50,NAUMANN_CAL_T40_SOC50,NAUMANN_CAL_T40_SOC50_TEST,"TP_40°C,50%SOC",40,0.5,577188,160.33000000000001,6.6804166666666669,1,2.9824657305728599,99.760110116827178,0.23988988317282178,0.033418844058865096,0.38712904419484495,10,50,3,3,published_mean_of_3_physical_cells,temperature_soc_condition_mean_trajectory,public_calendar_aging_method_validation,10.17632/kxh42bfgtj.1,https://data.mendeley.com/datasets/kxh42bfgtj/1,CC-BY-4.0,https://creativecommons.org/licenses/by/4.0/
NAUMANN_LFP_CALENDAR_2021,NAUMANN_CAL_T40_SOC50,NAUMANN_CAL_T40_SOC50,NAUMANN_CAL_T40_SOC50_TEST,"TP_40°C,50%SOC",40,0.5,997128.00000000012,276.98000000000002,11.540833333333335,2,2.97447020062843,99.492668670804079,0.50733132919592094,0.033292296272633005,0.0069911518021381625,10,50,3,3,published_mean_of_3_physical_cells,temperature_soc_condition_mean_trajectory,public_calendar_aging_method_validation,10.17632/kxh42bfgtj.1,https://data.mendeley.com/datasets/kxh42bfgtj/1,CC-BY-4.0,https://creativecommons.org/licenses/by/4.0/
NAUMANN_LFP_CALENDAR_2021,NAUMANN_CAL_T40_SOC50,NAUMANN_CAL_T40_SOC50,NAUMANN_CAL_T40_SOC50_TEST,"TP_40°C,50%SOC",40,0.5,1472364,408.99000000000001,17.041250000000002,3,2.9655382914153501,99.193906395846028,0.80609360415397191,0.033440023119231499,0.45074899054284856,10,50,3,3,published_mean_of_3_physical_cells,temperature_soc_condition_mean_trajectory,public_calendar_aging_method_validation,10.17632/kxh42bfgtj.1,https://data.mendeley.com/datasets/kxh42bfgtj/1,CC-BY-4.0,https://creativecommons.org/licenses/by/4.0/
NAUMANN_LFP_CALENDAR_2021,NAUMANN_CAL_T40_SOC50,NAUMANN_CAL_T40_SOC50,NAUMANN_CAL_T40_SOC50_TEST,"TP_40°C,50%SOC",40,0.5,2549196,708.11000000000001,29.504583333333333,4,2.9535173800971899,98.791820489372284,1.2081795106277156,0.033620036659596002,0.99149308314050444,10,50,3,3,published_mean_of_3_physical_cells,temperature_soc_condition_mean_trajectory,public_calendar_aging_method_validation,10.17632/kxh42bfgtj.1,https://data.mendeley.com/datasets/kxh42bfgtj/1,CC-BY-4.0,https://creativecommons.org/licenses/by/4.0/
NAUMANN_LFP_CALENDAR_2021,NAUMANN_CAL_T40_SOC50,NAUMANN_CAL_T40_SOC50,NAUMANN_CAL_T40_SOC50_TEST,"TP_40°C,50%SOC",40,0.5,3632760,1009.1,42.045833333333334,5,2.9432505887113498,98.448407913429236,1.5515920865707642,0.033811358858296101,1.5662073436366164,10,50,3,3,published_mean_of_3_physical_cells,temperature_soc_condition_mean_trajectory,public_calendar_aging_method_validation,10.17632/kxh42bfgtj.1,https://data.mendeley.com/datasets/kxh42bfgtj/1,CC-BY-4.0,https://creativecommons.org/licenses/by/4.0/
NAUMANN_LFP_CALENDAR_2021,NAUMANN_CAL_T40_SOC50,NAUMANN_CAL_T40_SOC50,NAUMANN_CAL_T40_SOC50_TEST,"TP_40°C,50%SOC",40,0.5,4628160,1285.5999999999999,53.56666666666667,6,2.93419185873499,98.145403627178254,1.8545963728217458,0.033852775205796395,1.6906182362973032,10,50,3,3,published_mean_of_3_physical_cells,temperature_soc_condition_mean_trajectory,public_calendar_aging_method_validation,10.17632/kxh42bfgtj.1,https://data.mendeley.com/datasets/kxh42bfgtj/1,CC-BY-4.0,https://creativecommons.org/licenses/by/4.0/
NAUMANN_LFP_CALENDAR_2021,NAUMANN_CAL_T40_SOC50,NAUMANN_CAL_T40_SOC50,NAUMANN_CAL_T40_SOC50_TEST,"TP_40°C,50%SOC",40,0.5,7002000,1945,81.041666666666671,7,2.9200877193643602,97.673636095268705,2.326363904731295,0.0341278782049418,2.5170023035322231,10,50,3,3,published_mean_of_3_physical_cells,temperature_soc_condition_mean_trajectory,public_calendar_aging_method_validation,10.17632/kxh42bfgtj.1,https://data.mendeley.com/datasets/kxh42bfgtj/1,CC-BY-4.0,https://creativecommons.org/licenses/by/4.0/
NAUMANN_LFP_CALENDAR_2021,NAUMANN_CAL_T40_SOC50,NAUMANN_CAL_T40_SOC50,NAUMANN_CAL_T40_SOC50_TEST,"TP_40°C,50%SOC",40,0.5,9285120,2579.1999999999998,107.46666666666667,8,2.9080806240793402,97.272012319498884,2.7279876805011156,0.034415180922280297,3.3800332003940392,10,50,3,3,published_mean_of_3_physical_cells,temperature_soc_condition_mean_trajectory,public_calendar_aging_method_validation,10.17632/kxh42bfgtj.1,https://data.mendeley.com/datasets/kxh42bfgtj/1,CC-BY-4.0,https://creativecommons.org/licenses/by/4.0/
NAUMANN_LFP_CALENDAR_2021,NAUMANN_CAL_T40_SOC50,NAUMANN_CAL_T40_SOC50,NAUMANN_CAL_T40_SOC50_TEST,"TP_40°C,50%SOC",40,0.5,11832120,3286.6999999999998,136.94583333333333,9,2.8962259520974598,96.875486931063278,3.1245130689367215,0.034647190395336404,4.0769682849868483,10,50,3,3,published_mean_of_3_physical_cells,temperature_soc_condition_mean_trajectory,public_calendar_aging_method_validation,10.17632/kxh42bfgtj.1,https://data.mendeley.com/datasets/kxh42bfgtj/1,CC-BY-4.0,https://creativecommons.org/licenses/by/4.0/
NAUMANN_LFP_CALENDAR_2021,NAUMANN_CAL_T40_SOC50,NAUMANN_CAL_T40_SOC50,NAUMANN_CAL_T40_SOC50_TEST,"TP_40°C,50%SOC",40,0.5,13941720,3872.6999999999998,161.36250000000001,10,2.8871903981057701,96.573257855323206,3.4267421446767941,0.034901356971448402,4.8404612660706281,10,50,3,3,published_mean_of_3_physical_cells,temperature_soc_condition_mean_trajectory,public_calendar_aging_method_validation,10.17632/kxh42bfgtj.1,https://data.mendeley.com/datasets/kxh42bfgtj/1,CC-BY-4.0,https://creativecommons.org/licenses/by/4.0/
NAUMANN_LFP_CALENDAR_2021,NAUMANN_CAL_T40_SOC50,NAUMANN_CAL_T40_SOC50,NAUMANN_CAL_T40_SOC50_TEST,"TP_40°C,50%SOC",40,0.5,16138800,4483,186.79166666666666,11,2.87829752999192,96.275801461039094,3.7241985389609056,0.0351344097707856,5.5405304067017047,10,50,3,3,published_mean_of_3_physical_cells,temperature_soc_condition_mean_trajectory,public_calendar_aging_method_validation,10.17632/kxh42bfgtj.1,https://data.mendeley.com/datasets/kxh42bfgtj/1,CC-BY-4.0,https://creativecommons.org/licenses/by/4.0/
NAUMANN_LFP_CALENDAR_2021,NAUMANN_CAL_T40_SOC50,NAUMANN_CAL_T40_SOC50,NAUMANN_CAL_T40_SOC50_TEST,"TP_40°C,50%SOC",40,0.5,18426960,5118.6000000000004,213.27500000000001,12,2.8696797721515801,95.987547194678314,4.0124528053216864,0.035305224849086103,6.0536431666117219,10,50,3,3,published_mean_of_3_physical_cells,temperature_soc_condition_mean_trajectory,public_calendar_aging_method_validation,10.17632/kxh42bfgtj.1,https://data.mendeley.com/datasets/kxh42bfgtj/1,CC-BY-4.0,https://creativecommons.org/licenses/by/4.0/
NAUMANN_LFP_CALENDAR_2021,NAUMANN_CAL_T40_SOC50,NAUMANN_CAL_T40_SOC50,NAUMANN_CAL_T40_SOC50_TEST,"TP_40°C,50%SOC",40,0.5,20711160,5753.1000000000004,239.71250000000001,13,2.8608591723415602,95.692508093533291,4.3074919064667085,0.035505829430334201,6.6562408491987579,10,50,3,3,published_mean_of_3_physical_cells,temperature_soc_condition_mean_trajectory,public_calendar_aging_method_validation,10.17632/kxh42bfgtj.1,https://data.mendeley.com/datasets/kxh42bfgtj/1,CC-BY-4.0,https://creativecommons.org/licenses/by/4.0/
NAUMANN_LFP_CALENDAR_2021,NAUMANN_CAL_T40_SOC50,NAUMANN_CAL_T40_SOC50,NAUMANN_CAL_T40_SOC50_TEST,"TP_40°C,50%SOC",40,0.5,22997160,6388.1000000000004,266.17083333333335,14,2.8520620916600601,95.398255680673387,4.6017443193266132,0.035577405455919607,6.8712486365493985,10,50,3,3,published_mean_of_3_physical_cells,temperature_soc_condition_mean_trajectory,public_calendar_aging_method_validation,10.17632/kxh42bfgtj.1,https://data.mendeley.com/datasets/kxh42bfgtj/1,CC-BY-4.0,https://creativecommons.org/licenses/by/4.0/
NAUMANN_LFP_CALENDAR_2021,NAUMANN_CAL_T40_SOC50,NAUMANN_CAL_T40_SOC50,NAUMANN_CAL_T40_SOC50_TEST,"TP_40°C,50%SOC",40,0.5,25296120,7026.6999999999998,292.77916666666664,15,2.8450704886892999,95.164394458025839,4.8356055419741608,0.035813733132912501,7.5811552079799283,10,50,3,3,published_mean_of_3_physical_cells,temperature_soc_condition_mean_trajectory,public_calendar_aging_method_validation,10.17632/kxh42bfgtj.1,https://data.mendeley.com/datasets/kxh42bfgtj/1,CC-BY-4.0,https://creativecommons.org/licenses/by/4.0/
NAUMANN_LFP_CALENDAR_2021,NAUMANN_CAL_T40_SOC50,NAUMANN_CAL_T40_SOC50,NAUMANN_CAL_T40_SOC50_TEST,"TP_40°C,50%SOC",40,0.5,27588240,7663.3999999999996,319.30833333333334,16,2.8377468703331701,94.919427695735223,5.080572304264777,0.036035868357572401,8.2484289599958682,10,50,3,3,published_mean_of_3_physical_cells,temperature_soc_condition_mean_trajectory,public_calendar_aging_method_validation,10.17632/kxh42bfgtj.1,https://data.mendeley.com/datasets/kxh42bfgtj/1,CC-BY-4.0,https://creativecommons.org/licenses/by/4.0/
NAUMANN_LFP_CALENDAR_2021,NAUMANN_CAL_T40_SOC50,NAUMANN_CAL_T40_SOC50,NAUMANN_CAL_T40_SOC50_TEST,"TP_40°C,50%SOC",40,0.5,29880360,8300.1000000000004,345.83749999999998,17,2.8320053196502002,94.727379310232266,5.2726206897677343,0.036140621657549506,8.5630982233636956,10,50,3,3,published_mean_of_3_physical_cells,temperature_soc_condition_mean_trajectory,public_calendar_aging_method_validation,10.17632/kxh42bfgtj.1,https://data.mendeley.com/datasets/kxh42bfgtj/1,CC-BY-4.0,https://creativecommons.org/licenses/by/4.0/
NAUMANN_LFP_CALENDAR_2021,NAUMANN_CAL_T40_SOC50,NAUMANN_CAL_T40_SOC50,NAUMANN_CAL_T40_SOC50_TEST,"TP_40°C,50%SOC",40,0.5,32513760,9031.6000000000004,376.31666666666666,18,2.8206051369999798,94.346056076613934,5.6539439233860662,0.036331668428940506,9.1369851255953538,10,50,3,3,published_mean_of_3_physical_cells,temperature_soc_condition_mean_trajectory,public_calendar_aging_method_validation,10.17632/kxh42bfgtj.1,https://data.mendeley.com/datasets/kxh42bfgtj/1,CC-BY-4.0,https://creativecommons.org/licenses/by/4.0/
NAUMANN_LFP_CALENDAR_2021,NAUMANN_CAL_T40_SOC50,NAUMANN_CAL_T40_SOC50,NAUMANN_CAL_T40_SOC50_TEST,"TP_40°C,50%SOC",40,0.5,34796880,9665.7999999999993,402.74166666666667,19,2.8152572981409598,94.167176906940981,5.8328230930590195,0.036438660922014102,9.4583807187529132,10,50,3,3,published_mean_of_3_physical_cells,temperature_soc_condition_mean_trajectory,public_calendar_aging_method_validation,10.17632/kxh42bfgtj.1,https://data.mendeley.com/datasets/kxh42bfgtj/1,CC-BY-4.0,https://creativecommons.org/licenses/by/4.0/
NAUMANN_LFP_CALENDAR_2021,NAUMANN_CAL_T40_SOC50,NAUMANN_CAL_T40_SOC50,NAUMANN_CAL_T40_SOC50_TEST,"TP_40°C,50%SOC",40,0.5,37087200,10302,429.25,20,2.80893840283054,93.955816995736541,6.0441830042634592,0.036596859299719002,9.9335940723108926,10,50,3,3,published_mean_of_3_physical_cells,temperature_soc_condition_mean_trajectory,public_calendar_aging_method_validation,10.17632/kxh42bfgtj.1,https://data.mendeley.com/datasets/kxh42bfgtj/1,CC-BY-4.0,https://creativecommons.org/licenses/by/4.0/
NAUMANN_LFP_CALENDAR_2021,NAUMANN_CAL_T40_SOC50,NAUMANN_CAL_T40_SOC50,NAUMANN_CAL_T40_SOC50_TEST,"TP_40°C,50%SOC",40,0.5,39380400,10939,455.79166666666669,21,2.8023647885422101,93.73593702241547,6.2640629775845298,0.036851107128185706,10.697331127983301,10,50,3,3,published_mean_of_3_physical_cells,temperature_soc_condition_mean_trajectory,public_calendar_aging_method_validation,10.17632/kxh42bfgtj.1,https://data.mendeley.com/datasets/kxh42bfgtj/1,CC-BY-4.0,https://creativecommons.org/licenses/by/4.0/
NAUMANN_LFP_CALENDAR_2021,NAUMANN_CAL_T40_SOC50,NAUMANN_CAL_T40_SOC50,NAUMANN_CAL_T40_SOC50_TEST,"TP_40°C,50%SOC",40,0.5,41670000,11575,482.29166666666669,22,2.7947655616736302,93.481751466671753,6.5182485333282472,0.036639982101972002,10.063130997851877,10,50,3,3,published_mean_of_3_physical_cells,temperature_soc_condition_mean_trajectory,public_calendar_aging_method_validation,10.17632/kxh42bfgtj.1,https://data.mendeley.com/datasets/kxh42bfgtj/1,CC-BY-4.0,https://creativecommons.org/licenses/by/4.0/
NAUMANN_LFP_CALENDAR_2021,NAUMANN_CAL_T40_SOC50,NAUMANN_CAL_T40_SOC50,NAUMANN_CAL_T40_SOC50_TEST,"TP_40°C,50%SOC",40,0.5,43959600,12211,508.79166666666669,23,2.78920391550237,93.295720683890821,6.7042793161091794,0.036998261265399901,11.139368600490984,10,50,3,3,published_mean_of_3_physical_cells,temperature_soc_condition_mean_trajectory,public_calendar_aging_method_validation,10.17632/kxh42bfgtj.1,https://data.mendeley.com/datasets/kxh42bfgtj/1,CC-BY-4.0,https://creativecommons.org/licenses/by/4.0/
NAUMANN_LFP_CALENDAR_2021,NAUMANN_CAL_T40_SOC50,NAUMANN_CAL_T40_SOC50,NAUMANN_CAL_T40_SOC50_TEST,"TP_40°C,50%SOC",40,0.5,46238400,12844,535.16666666666663,24,2.7848794170744702,93.151071095818452,6.8489289041815482,0.036811916808470999,10.579607017731218,10,50,3,3,published_mean_of_3_physical_cells,temperature_soc_condition_mean_trajectory,public_calendar_aging_method_validation,10.17632/kxh42bfgtj.1,https://data.mendeley.com/datasets/kxh42bfgtj/1,CC-BY-4.0,https://creativecommons.org/licenses/by/4.0/
NAUMANN_LFP_CALENDAR_2021,NAUMANN_CAL_T40_SOC50,NAUMANN_CAL_T40_SOC50,NAUMANN_CAL_T40_SOC50_TEST,"TP_40°C,50%SOC",40,0.5,48531600,13481,561.70833333333337,25,2.7780072058435201,92.921203392019564,7.0787966079804363,0.037168127156461506,11.649630089373474,10,50,3,3,published_mean_of_3_physical_cells,temperature_soc_condition_mean_trajectory,public_calendar_aging_method_validation,10.17632/kxh42bfgtj.1,https://data.mendeley.com/datasets/kxh42bfgtj/1,CC-BY-4.0,https://creativecommons.org/licenses/by/4.0/
NAUMANN_LFP_CALENDAR_2021,NAUMANN_CAL_T40_SOC50,NAUMANN_CAL_T40_SOC50,NAUMANN_CAL_T40_SOC50_TEST,"TP_40°C,50%SOC",40,0.5,50828400,14119,588.29166666666663,26,2.7722585661810499,92.728917888159017,7.2710821118409825,0.037443163314584402,12.475813372334098,10,50,3,3,published_mean_of_3_physical_cells,temperature_soc_condition_mean_trajectory,public_calendar_aging_method_validation,10.17632/kxh42bfgtj.1,https://data.mendeley.com/datasets/kxh42bfgtj/1,CC-BY-4.0,https://creativecommons.org/licenses/by/4.0/
NAUMANN_LFP_CALENDAR_2021,NAUMANN_CAL_T40_SOC50,NAUMANN_CAL_T40_SOC50,NAUMANN_CAL_T40_SOC50_TEST,"TP_40°C,50%SOC",40,0.5,52902000,14695,612.29166666666663,27,2.7663484549080102,92.531231341300384,7.4687686586996165,0.0377412777934883,13.371321804970314,10,50,3,3,published_mean_of_3_physical_cells,temperature_soc_condition_mean_trajectory,public_calendar_aging_method_validation,10.17632/kxh42bfgtj.1,https://data.mendeley.com/datasets/kxh42bfgtj/1,CC-BY-4.0,https://creativecommons.org/licenses/by/4.0/
NAUMANN_LFP_CALENDAR_2021,NAUMANN_CAL_T40_SOC50,NAUMANN_CAL_T40_SOC50,NAUMANN_CAL_T40_SOC50_TEST,"TP_40°C,50%SOC",40,0.5,54532800,15148,631.16666666666663,28,2.77112745687444,92.691083559393775,7.3089164406062253,0.037241813299629896,11.870976475561591,10,50,3,3,published_mean_of_3_physical_cells,temperature_soc_condition_mean_trajectory,public_calendar_aging_method_validation,10.17632/kxh42bfgtj.1,https://data.mendeley.com/datasets/kxh42bfgtj/1,CC-BY-4.0,https://creativecommons.org/licenses/by/4.0/
NAUMANN_LFP_CALENDAR_2021,NAUMANN_CAL_T40_SOC50,NAUMANN_CAL_T40_SOC50,NAUMANN_CAL_T40_SOC50_TEST,"TP_40°C,50%SOC",40,0.5,56919600,15811,658.79166666666663,29,2.7585059458349601,92.268908270594252,7.7310917294057475,0.037867472577498604,13.750399311206984,10,50,3,3,published_mean_of_3_physical_cells,temperature_soc_condition_mean_trajectory,public_calendar_aging_method_validation,10.17632/kxh42bfgtj.1,https://data.mendeley.com/datasets/kxh42bfgtj/1,CC-BY-4.0,https://creativecommons.org/licenses/by/4.0/
NAUMANN_LFP_CALENDAR_2021,NAUMANN_CAL_T40_SOC50,NAUMANN_CAL_T40_SOC50,NAUMANN_CAL_T40_SOC50_TEST,"TP_40°C,50%SOC",40,0.5,61203600,17001,708.375,30,2.7471922867448901,91.890479152338187,8.1095208476618126,0.038217064329782606,14.800540731044975,10,50,3,3,published_mean_of_3_physical_cells,temperature_soc_condition_mean_trajectory,public_calendar_aging_method_validation,10.17632/kxh42bfgtj.1,https://data.mendeley.com/datasets/kxh42bfgtj/1,CC-BY-4.0,https://creativecommons.org/licenses/by/4.0/
NAUMANN_LFP_CALENDAR_2021,NAUMANN_CAL_T40_SOC50,NAUMANN_CAL_T40_SOC50,NAUMANN_CAL_T40_SOC50_TEST,"TP_40°C,50%SOC",40,0.5,65660400,18239,759.95833333333337,31,2.7376936213880199,91.572759524497812,8.4272404755021881,0.038493618850503099,15.631285035378827,10,50,3,3,published_mean_of_3_physical_cells,temperature_soc_condition_mean_trajectory,public_calendar_aging_method_validation,10.17632/kxh42bfgtj.1,https://data.mendeley.com/datasets/kxh42bfgtj/1,CC-BY-4.0,https://creativecommons.org/licenses/by/4.0/
NAUMANN_LFP_CALENDAR_2021,NAUMANN_CAL_T40_SOC50,NAUMANN_CAL_T40_SOC50,NAUMANN_CAL_T40_SOC50_TEST,"TP_40°C,50%SOC",40,0.5,69084000,19190,799.58333333333337,32,2.7299251997118401,91.312914593538366,8.6870854064616339,0.038746633001847199,16.391316238619979,10,50,3,3,published_mean_of_3_physical_cells,temperature_soc_condition_mean_trajectory,public_calendar_aging_method_validation,10.17632/kxh42bfgtj.1,https://data.mendeley.com/datasets/kxh42bfgtj/1,CC-BY-4.0,https://creativecommons.org/licenses/by/4.0/
NAUMANN_LFP_CALENDAR_2021,NAUMANN_CAL_T40_SOC50,NAUMANN_CAL_T40_SOC50,NAUMANN_CAL_T40_SOC50_TEST,"TP_40°C,50%SOC",40,0.5,72586800,20163,840.125,33,2.7222997178652801,91.057850838435101,8.9421491615648989,0.039043583773275103,17.283329001197821,10,50,3,3,published_mean_of_3_physical_cells,temperature_soc_condition_mean_trajectory,public_calendar_aging_method_validation,10.17632/kxh42bfgtj.1,https://data.mendeley.com/datasets/kxh42bfgtj/1,CC-BY-4.0,https://creativecommons.org/licenses/by/4.0/
NAUMANN_LFP_CALENDAR_2021,NAUMANN_CAL_T40_SOC50,NAUMANN_CAL_T40_SOC50,NAUMANN_CAL_T40_SOC50_TEST,"TP_40°C,50%SOC",40,0.5,76467600,21241,885.04166666666663,34,2.7132491293603,90.755118875206321,9.2448811247936789,0.0392131916842023,17.792815541521414,10,50,3,3,published_mean_of_3_physical_cells,temperature_soc_condition_mean_trajectory,public_calendar_aging_method_validation,10.17632/kxh42bfgtj.1,https://data.mendeley.com/datasets/kxh42bfgtj/1,CC-BY-4.0,https://creativecommons.org/licenses/by/4.0/
NAUMANN_LFP_CALENDAR_2021,NAUMANN_CAL_T40_SOC62.5,NAUMANN_CAL_T40_SOC62.5,NAUMANN_CAL_T40_SOC62.5_TEST,"TP_40°C,62.5%SOC",40,0.625,0,0,0,0,2.9952641561550601,100,0,0.033328021831773198,0,10,62.5,3,3,published_mean_of_3_physical_cells,temperature_soc_condition_mean_trajectory,public_calendar_aging_method_validation,10.17632/kxh42bfgtj.1,https://data.mendeley.com/datasets/kxh42bfgtj/1,CC-BY-4.0,https://creativecommons.org/licenses/by/4.0/
NAUMANN_LFP_CALENDAR_2021,NAUMANN_CAL_T40_SOC62.5,NAUMANN_CAL_T40_SOC62.5,NAUMANN_CAL_T40_SOC62.5_TEST,"TP_40°C,62.5%SOC",40,0.625,577188,160.33000000000001,6.6804166666666669,1,2.9774839543628699,99.40638952475517,0.59361047524483013,0.033490043542081897,0.48614259534069948,10,62.5,3,3,published_mean_of_3_physical_cells,temperature_soc_condition_mean_trajectory,public_calendar_aging_method_validation,10.17632/kxh42bfgtj.1,https://data.mendeley.com/datasets/kxh42bfgtj/1,CC-BY-4.0,https://creativecommons.org/licenses/by/4.0/
NAUMANN_LFP_CALENDAR_2021,NAUMANN_CAL_T40_SOC62.5,NAUMANN_CAL_T40_SOC62.5,NAUMANN_CAL_T40_SOC62.5_TEST,"TP_40°C,62.5%SOC",40,0.625,997128.00000000012,276.98000000000002,11.540833333333335,2,2.9691137380871901,99.126941174315704,0.87305882568429638,0.033299831035206305,-0.084585868039777079,10,62.5,3,3,published_mean_of_3_physical_cells,temperature_soc_condition_mean_trajectory,public_calendar_aging_method_validation,10.17632/kxh42bfgtj.1,https://data.mendeley.com/datasets/kxh42bfgtj/1,CC-BY-4.0,https://creativecommons.org/licenses/by/4.0/
NAUMANN_LFP_CALENDAR_2021,NAUMANN_CAL_T40_SOC62.5,NAUMANN_CAL_T40_SOC62.5,NAUMANN_CAL_T40_SOC62.5_TEST,"TP_40°C,62.5%SOC",40,0.625,1472364,408.99000000000001,17.041250000000002,3,2.96078878862629,98.849004103430232,1.1509958965697678,0.033394394198097102,0.19914883235172542,10,62.5,3,3,published_mean_of_3_physical_cells,temperature_soc_condition_mean_trajectory,public_calendar_aging_method_validation,10.17632/kxh42bfgtj.1,https://data.mendeley.com/datasets/kxh42bfgtj/1,CC-BY-4.0,https://creativecommons.org/licenses/by/4.0/
NAUMANN_LFP_CALENDAR_2021,NAUMANN_CAL_T40_SOC62.5,NAUMANN_CAL_T40_SOC62.5,NAUMANN_CAL_T40_SOC62.5_TEST,"TP_40°C,62.5%SOC",40,0.625,2549196,708.11000000000001,29.504583333333333,4,2.9474916644690099,98.405065824064934,1.5949341759350659,0.033320733837473596,-0.021867467371416982,10,62.5,3,3,published_mean_of_3_physical_cells,temperature_soc_condition_mean_trajectory,public_calendar_aging_method_validation,10.17632/kxh42bfgtj.1,https://data.mendeley.com/datasets/kxh42bfgtj/1,CC-BY-4.0,https://creativecommons.org/licenses/by/4.0/
NAUMANN_LFP_CALENDAR_2021,NAUMANN_CAL_T40_SOC62.5,NAUMANN_CAL_T40_SOC62.5,NAUMANN_CAL_T40_SOC62.5_TEST,"TP_40°C,62.5%SOC",40,0.625,3632760,1009.1,42.045833333333334,5,2.9372019966492302,98.061534593317376,1.9384654066826243,0.033436996946951,0.32697744777012705,10,62.5,3,3,published_mean_of_3_physical_cells,temperature_soc_condition_mean_trajectory,public_calendar_aging_method_validation,10.17632/kxh42bfgtj.1,https://data.mendeley.com/datasets/kxh42bfgtj/1,CC-BY-4.0,https://creativecommons.org/licenses/by/4.0/
NAUMANN_LFP_CALENDAR_2021,NAUMANN_CAL_T40_SOC62.5,NAUMANN_CAL_T40_SOC62.5,NAUMANN_CAL_T40_SOC62.5_TEST,"TP_40°C,62.5%SOC",40,0.625,4628160,1285.5999999999999,53.56666666666667,6,2.9286970739191598,97.777588928204892,2.2224110717951078,0.033627830825361402,0.89957032283980443,10,62.5,3,3,published_mean_of_3_physical_cells,temperature_soc_condition_mean_trajectory,public_calendar_aging_method_validation,10.17632/kxh42bfgtj.1,https://data.mendeley.com/datasets/kxh42bfgtj/1,CC-BY-4.0,https://creativecommons.org/licenses/by/4.0/
NAUMANN_LFP_CALENDAR_2021,NAUMANN_CAL_T40_SOC62.5,NAUMANN_CAL_T40_SOC62.5,NAUMANN_CAL_T40_SOC62.5_TEST,"TP_40°C,62.5%SOC",40,0.625,7002000,1945,81.041666666666671,7,2.9137152081264901,97.277403802232513,2.7225961977674871,0.033713660997132001,1.1571018745287542,10,62.5,3,3,published_mean_of_3_physical_cells,temperature_soc_condition_mean_trajectory,public_calendar_aging_method_validation,10.17632/kxh42bfgtj.1,https://data.mendeley.com/datasets/kxh42bfgtj/1,CC-BY-4.0,https://creativecommons.org/licenses/by/4.0/
NAUMANN_LFP_CALENDAR_2021,NAUMANN_CAL_T40_SOC62.5,NAUMANN_CAL_T40_SOC62.5,NAUMANN_CAL_T40_SOC62.5_TEST,"TP_40°C,62.5%SOC",40,0.625,9285120,2579.1999999999998,107.46666666666667,8,2.9014216141413098,96.866969418342947,3.1330305816570529,0.033988252837419602,1.9810086808601746,10,62.5,3,3,published_mean_of_3_physical_cells,temperature_soc_condition_mean_trajectory,public_calendar_aging_method_validation,10.17632/kxh42bfgtj.1,https://data.mendeley.com/datasets/kxh42bfgtj/1,CC-BY-4.0,https://creativecommons.org/licenses/by/4.0/
NAUMANN_LFP_CALENDAR_2021,NAUMANN_CAL_T40_SOC62.5,NAUMANN_CAL_T40_SOC62.5,NAUMANN_CAL_T40_SOC62.5_TEST,"TP_40°C,62.5%SOC",40,0.625,11832120,3286.6999999999998,136.94583333333333,9,2.88945996433231,96.467617335007674,3.5323826649923262,0.034189462784863602,2.5847347239467799,10,62.5,3,3,published_mean_of_3_physical_cells,temperature_soc_condition_mean_trajectory,public_calendar_aging_method_validation,10.17632/kxh42bfgtj.1,https://data.mendeley.com/datasets/kxh42bfgtj/1,CC-BY-4.0,https://creativecommons.org/licenses/by/4.0/
NAUMANN_LFP_CALENDAR_2021,NAUMANN_CAL_T40_SOC62.5,NAUMANN_CAL_T40_SOC62.5,NAUMANN_CAL_T40_SOC62.5_TEST,"TP_40°C,62.5%SOC",40,0.625,13941720,3872.6999999999998,161.36250000000001,10,2.8802124702768999,96.158880156137911,3.8411198438620886,0.034317997466749399,2.970400223491243,10,62.5,3,3,published_mean_of_3_physical_cells,temperature_soc_condition_mean_trajectory,public_calendar_aging_method_validation,10.17632/kxh42bfgtj.1,https://data.mendeley.com/datasets/kxh42bfgtj/1,CC-BY-4.0,https://creativecommons.org/licenses/by/4.0/
NAUMANN_LFP_CALENDAR_2021,NAUMANN_CAL_T40_SOC62.5,NAUMANN_CAL_T40_SOC62.5,NAUMANN_CAL_T40_SOC62.5_TEST,"TP_40°C,62.5%SOC",40,0.625,16138800,4483,186.79166666666666,11,2.8708210821556301,95.845338924658506,4.1546610753414939,0.034518231301215202,3.5711974609525798,10,62.5,3,3,published_mean_of_3_physical_cells,temperature_soc_condition_mean_trajectory,public_calendar_aging_method_validation,10.17632/kxh42bfgtj.1,https://data.mendeley.com/datasets/kxh42bfgtj/1,CC-BY-4.0,https://creativecommons.org/licenses/by/4.0/
NAUMANN_LFP_CALENDAR_2021,NAUMANN_CAL_T40_SOC62.5,NAUMANN_CAL_T40_SOC62.5,NAUMANN_CAL_T40_SOC62.5_TEST,"TP_40°C,62.5%SOC",40,0.625,18426960,5118.6000000000004,213.27500000000001,12,2.8622197642016101,95.558175005030748,4.4418249949692523,0.034750300768324902,4.2675168173220923,10,62.5,3,3,published_mean_of_3_physical_cells,temperature_soc_condition_mean_trajectory,public_calendar_aging_method_validation,10.17632/kxh42bfgtj.1,https://data.mendeley.com/datasets/kxh42bfgtj/1,CC-BY-4.0,https://creativecommons.org/licenses/by/4.0/
NAUMANN_LFP_CALENDAR_2021,NAUMANN_CAL_T40_SOC62.5,NAUMANN_CAL_T40_SOC62.5,NAUMANN_CAL_T40_SOC62.5_TEST,"TP_40°C,62.5%SOC",40,0.625,20711160,5753.1000000000004,239.71250000000001,13,2.8536219054408298,95.271126574156568,4.7288734258434317,0.035046744444626396,5.1569895793054821,10,62.5,3,3,published_mean_of_3_physical_cells,temperature_soc_condition_mean_trajectory,public_calendar_aging_method_validation,10.17632/kxh42bfgtj.1,https://data.mendeley.com/datasets/kxh42bfgtj/1,CC-BY-4.0,https://creativecommons.org/licenses/by/4.0/
NAUMANN_LFP_CALENDAR_2021,NAUMANN_CAL_T40_SOC62.5,NAUMANN_CAL_T40_SOC62.5,NAUMANN_CAL_T40_SOC62.5_TEST,"TP_40°C,62.5%SOC",40,0.625,22997160,6388.1000000000004,266.17083333333335,14,2.8454121427243502,94.997035132184436,5.0029648678155638,0.037416413345861405,12.267129248548869,10,62.5,3,3,published_mean_of_3_physical_cells,temperature_soc_condition_mean_trajectory,public_calendar_aging_method_validation,10.17632/kxh42bfgtj.1,https://data.mendeley.com/datasets/kxh42bfgtj/1,CC-BY-4.0,https://creativecommons.org/licenses/by/4.0/
NAUMANN_LFP_CALENDAR_2021,NAUMANN_CAL_T40_SOC62.5,NAUMANN_CAL_T40_SOC62.5,NAUMANN_CAL_T40_SOC62.5_TEST,"TP_40°C,62.5%SOC",40,0.625,25296120,7026.6999999999998,292.77916666666664,15,2.8381303452389299,94.753924771769093,5.2460752282309073,0.035228202082649297,5.7014492503259406,10,62.5,3,3,published_mean_of_3_physical_cells,temperature_soc_condition_mean_trajectory,public_calendar_aging_method_validation,10.17632/kxh42bfgtj.1,https://data.mendeley.com/datasets/kxh42bfgtj/1,CC-BY-4.0,https://creativecommons.org/licenses/by/4.0/
NAUMANN_LFP_CALENDAR_2021,NAUMANN_CAL_T40_SOC62.5,NAUMANN_CAL_T40_SOC62.5,NAUMANN_CAL_T40_SOC62.5_TEST,"TP_40°C,62.5%SOC",40,0.625,27588240,7663.3999999999996,319.30833333333334,16,2.8301480470144602,94.487427467747793,5.5125725322522072,0.035460543681047806,6.3985851306709529,10,62.5,3,3,published_mean_of_3_physical_cells,temperature_soc_condition_mean_trajectory,public_calendar_aging_method_validation,10.17632/kxh42bfgtj.1,https://data.mendeley.com/datasets/kxh42bfgtj/1,CC-BY-4.0,https://creativecommons.org/licenses/by/4.0/
NAUMANN_LFP_CALENDAR_2021,NAUMANN_CAL_T40_SOC62.5,NAUMANN_CAL_T40_SOC62.5,NAUMANN_CAL_T40_SOC62.5_TEST,"TP_40°C,62.5%SOC",40,0.625,29880360,8300.1000000000004,345.83749999999998,17,2.8243039101196201,94.292314897030749,5.7076851029692506,0.035556385819650205,6.6861573696900267,10,62.5,3,3,published_mean_of_3_physical_cells,temperature_soc_condition_mean_trajectory,public_calendar_aging_method_validation,10.17632/kxh42bfgtj.1,https://data.mendeley.com/datasets/kxh42bfgtj/1,CC-BY-4.0,https://creativecommons.org/licenses/by/4.0/
NAUMANN_LFP_CALENDAR_2021,NAUMANN_CAL_T40_SOC62.5,NAUMANN_CAL_T40_SOC62.5,NAUMANN_CAL_T40_SOC62.5_TEST,"TP_40°C,62.5%SOC",40,0.625,32513760,9031.6000000000004,376.31666666666666,18,2.8138777695256501,93.944227381191951,6.0557726188080494,0.035735468108203897,7.223489856621379,10,62.5,3,3,published_mean_of_3_physical_cells,temperature_soc_condition_mean_trajectory,public_calendar_aging_method_validation,10.17632/kxh42bfgtj.1,https://data.mendeley.com/datasets/kxh42bfgtj/1,CC-BY-4.0,https://creativecommons.org/licenses/by/4.0/
NAUMANN_LFP_CALENDAR_2021,NAUMANN_CAL_T40_SOC62.5,NAUMANN_CAL_T40_SOC62.5,NAUMANN_CAL_T40_SOC62.5_TEST,"TP_40°C,62.5%SOC",40,0.625,34796880,9665.7999999999993,402.74166666666667,19,2.8077635782908099,93.740098766282458,6.2599012337175424,0.035864057105823001,7.6093183293347355,10,62.5,3,3,published_mean_of_3_physical_cells,temperature_soc_condition_mean_trajectory,public_calendar_aging_method_validation,10.17632/kxh42bfgtj.1,https://data.mendeley.com/datasets/kxh42bfgtj/1,CC-BY-4.0,https://creativecommons.org/licenses/by/4.0/
NAUMANN_LFP_CALENDAR_2021,NAUMANN_CAL_T40_SOC62.5,NAUMANN_CAL_T40_SOC62.5,NAUMANN_CAL_T40_SOC62.5_TEST,"TP_40°C,62.5%SOC",40,0.625,37087200,10302,429.25,20,2.8017758403860702,93.540191926932891,6.4598080730671086,0.035959862164949397,7.8967793121976992,10,62.5,3,3,published_mean_of_3_physical_cells,temperature_soc_condition_mean_trajectory,public_calendar_aging_method_validation,10.17632/kxh42bfgtj.1,https://data.mendeley.com/datasets/kxh42bfgtj/1,CC-BY-4.0,https://creativecommons.org/licenses/by/4.0/
NAUMANN_LFP_CALENDAR_2021,NAUMANN_CAL_T40_SOC62.5,NAUMANN_CAL_T40_SOC62.5,NAUMANN_CAL_T40_SOC62.5_TEST,"TP_40°C,62.5%SOC",40,0.625,39380400,10939,455.79166666666669,21,2.7947749302942402,93.306459283438201,6.6935407165617988,0.036190183266570801,8.5878527361890065,10,62.5,3,3,published_mean_of_3_physical_cells,temperature_soc_condition_mean_trajectory,public_calendar_aging_method_validation,10.17632/kxh42bfgtj.1,https://data.mendeley.com/datasets/kxh42bfgtj/1,CC-BY-4.0,https://creativecommons.org/licenses/by/4.0/
NAUMANN_LFP_CALENDAR_2021,NAUMANN_CAL_T40_SOC62.5,NAUMANN_CAL_T40_SOC62.5,NAUMANN_CAL_T40_SOC62.5_TEST,"TP_40°C,62.5%SOC",40,0.625,41670000,11575,482.29166666666669,22,2.7892180665391,93.120937624397854,6.8790623756021461,0.036593847975360805,9.7990398592278325,10,62.5,3,3,published_mean_of_3_physical_cells,temperature_soc_condition_mean_trajectory,public_calendar_aging_method_validation,10.17632/kxh42bfgtj.1,https://data.mendeley.com/datasets/kxh42bfgtj/1,CC-BY-4.0,https://creativecommons.org/licenses/by/4.0/
NAUMANN_LFP_CALENDAR_2021,NAUMANN_CAL_T40_SOC62.5,NAUMANN_CAL_T40_SOC62.5,NAUMANN_CAL_T40_SOC62.5_TEST,"TP_40°C,62.5%SOC",40,0.625,43959600,12211,508.79166666666669,23,2.78225812798921,92.888572858319108,7.1114271416808919,0.036520096961697002,9.5777515570415481,10,62.5,3,3,published_mean_of_3_physical_cells,temperature_soc_condition_mean_trajectory,public_calendar_aging_method_validation,10.17632/kxh42bfgtj.1,https://data.mendeley.com/datasets/kxh42bfgtj/1,CC-BY-4.0,https://creativecommons.org/licenses/by/4.0/
NAUMANN_LFP_CALENDAR_2021,NAUMANN_CAL_T40_SOC62.5,NAUMANN_CAL_T40_SOC62.5,NAUMANN_CAL_T40_SOC62.5_TEST,"TP_40°C,62.5%SOC",40,0.625,46238400,12844,535.16666666666663,24,2.77654248433989,92.697750167853727,7.3022498321462734,0.036670176501485997,10.028061931136168,10,62.5,3,3,published_mean_of_3_physical_cells,temperature_soc_condition_mean_trajectory,public_calendar_aging_method_validation,10.17632/kxh42bfgtj.1,https://data.mendeley.com/datasets/kxh42bfgtj/1,CC-BY-4.0,https://creativecommons.org/licenses/by/4.0/
NAUMANN_LFP_CALENDAR_2021,NAUMANN_CAL_T40_SOC62.5,NAUMANN_CAL_T40_SOC62.5,NAUMANN_CAL_T40_SOC62.5_TEST,"TP_40°C,62.5%SOC",40,0.625,48531600,13481,561.70833333333337,25,2.76973592989104,92.470506289050491,7.5294937109495095,0.036731551374273204,10.212215893519549,10,62.5,3,3,published_mean_of_3_physical_cells,temperature_soc_condition_mean_trajectory,public_calendar_aging_method_validation,10.17632/kxh42bfgtj.1,https://data.mendeley.com/datasets/kxh42bfgtj/1,CC-BY-4.0,https://creativecommons.org/licenses/by/4.0/
NAUMANN_LFP_CALENDAR_2021,NAUMANN_CAL_T40_SOC62.5,NAUMANN_CAL_T40_SOC62.5,NAUMANN_CAL_T40_SOC62.5_TEST,"TP_40°C,62.5%SOC",40,0.625,50828400,14119,588.29166666666663,26,2.7638064810410699,92.272545490241299,7.7274545097587009,0.036921807613532004,10.783075574958589,10,62.5,3,3,published_mean_of_3_physical_cells,temperature_soc_condition_mean_trajectory,public_calendar_aging_method_validation,10.17632/kxh42bfgtj.1,https://data.mendeley.com/datasets/kxh42bfgtj/1,CC-BY-4.0,https://creativecommons.org/licenses/by/4.0/
NAUMANN_LFP_CALENDAR_2021,NAUMANN_CAL_T40_SOC62.5,NAUMANN_CAL_T40_SOC62.5,NAUMANN_CAL_T40_SOC62.5_TEST,"TP_40°C,62.5%SOC",40,0.625,52902000,14695,612.29166666666663,27,2.7586414158785,92.100104433516591,7.8998955664834085,0.037241220665110299,11.741467444690823,10,62.5,3,3,published_mean_of_3_physical_cells,temperature_soc_condition_mean_trajectory,public_calendar_aging_method_validation,10.17632/kxh42bfgtj.1,https://data.mendeley.com/datasets/kxh42bfgtj/1,CC-BY-4.0,https://creativecommons.org/licenses/by/4.0/
NAUMANN_LFP_CALENDAR_2021,NAUMANN_CAL_T40_SOC62.5,NAUMANN_CAL_T40_SOC62.5,NAUMANN_CAL_T40_SOC62.5_TEST,"TP_40°C,62.5%SOC",40,0.625,54532800,15148,631.16666666666663,28,2.7534361210868399,91.926320268905812,8.0736797310941881,0.037176217780688296,11.546427712809603,10,62.5,3,3,published_mean_of_3_physical_cells,temperature_soc_condition_mean_trajectory,public_calendar_aging_method_validation,10.17632/kxh42bfgtj.1,https://data.mendeley.com/datasets/kxh42bfgtj/1,CC-BY-4.0,https://creativecommons.org/licenses/by/4.0/
NAUMANN_LFP_CALENDAR_2021,NAUMANN_CAL_T40_SOC62.5,NAUMANN_CAL_T40_SOC62.5,NAUMANN_CAL_T40_SOC62.5_TEST,"TP_40°C,62.5%SOC",40,0.625,56919600,15811,658.79166666666663,29,2.7478810591951399,91.740858766944982,8.2591412330550185,0.037409669869719206,12.246895595989971,10,62.5,3,3,published_mean_of_3_physical_cells,temperature_soc_condition_mean_trajectory,public_calendar_aging_method_validation,10.17632/kxh42bfgtj.1,https://data.mendeley.com/datasets/kxh42bfgtj/1,CC-BY-4.0,https://creativecommons.org/licenses/by/4.0/
NAUMANN_LFP_CALENDAR_2021,NAUMANN_CAL_T40_SOC62.5,NAUMANN_CAL_T40_SOC62.5,NAUMANN_CAL_T40_SOC62.5_TEST,"TP_40°C,62.5%SOC",40,0.625,61203600,17001,708.375,30,2.7384241357847698,91.425129571877591,8.5748704281224093,0.037654707271472097,12.982124956405494,10,62.5,3,3,published_mean_of_3_physical_cells,temperature_soc_condition_mean_trajectory,public_calendar_aging_method_validation,10.17632/kxh42bfgtj.1,https://data.mendeley.com/datasets/kxh42bfgtj/1,CC-BY-4.0,https://creativecommons.org/licenses/by/4.0/
NAUMANN_LFP_CALENDAR_2021,NAUMANN_CAL_T40_SOC62.5,NAUMANN_CAL_T40_SOC62.5,NAUMANN_CAL_T40_SOC62.5_TEST,"TP_40°C,62.5%SOC",40,0.625,65660400,18239,759.95833333333337,31,2.7286387520836901,91.098434389385204,8.9015656106147958,0.0379931067995238,13.997485333207372,10,62.5,3,3,published_mean_of_3_physical_cells,temperature_soc_condition_mean_trajectory,public_calendar_aging_method_validation,10.17632/kxh42bfgtj.1,https://data.mendeley.com/datasets/kxh42bfgtj/1,CC-BY-4.0,https://creativecommons.org/licenses/by/4.0/
NAUMANN_LFP_CALENDAR_2021,NAUMANN_CAL_T40_SOC62.5,NAUMANN_CAL_T40_SOC62.5,NAUMANN_CAL_T40_SOC62.5_TEST,"TP_40°C,62.5%SOC",40,0.625,69084000,19190,799.58333333333337,32,2.7209488752919202,90.841699878141256,9.1583001218587441,0.038214328582179803,14.661256449815019,10,62.5,3,3,published_mean_of_3_physical_cells,temperature_soc_condition_mean_trajectory,public_calendar_aging_method_validation,10.17632/kxh42bfgtj.1,https://data.mendeley.com/datasets/kxh42bfgtj/1,CC-BY-4.0,https://creativecommons.org/licenses/by/4.0/
NAUMANN_LFP_CALENDAR_2021,NAUMANN_CAL_T40_SOC62.5,NAUMANN_CAL_T40_SOC62.5,NAUMANN_CAL_T40_SOC62.5_TEST,"TP_40°C,62.5%SOC",40,0.625,72586800,20163,840.125,33,2.7136965157963702,90.599572335545503,9.4004276644544973,0.038522185951965902,15.584975749268315,10,62.5,3,3,published_mean_of_3_physical_cells,temperature_soc_condition_mean_trajectory,public_calendar_aging_method_validation,10.17632/kxh42bfgtj.1,https://data.mendeley.com/datasets/kxh42bfgtj/1,CC-BY-4.0,https://creativecommons.org/licenses/by/4.0/
NAUMANN_LFP_CALENDAR_2021,NAUMANN_CAL_T40_SOC62.5,NAUMANN_CAL_T40_SOC62.5,NAUMANN_CAL_T40_SOC62.5_TEST,"TP_40°C,62.5%SOC",40,0.625,76467600,21241,885.04166666666663,34,2.7044078082109202,90.289459200236138,9.7105407997638622,0.0387116028860073,16.153317113773834,10,62.5,3,3,published_mean_of_3_physical_cells,temperature_soc_condition_mean_trajectory,public_calendar_aging_method_validation,10.17632/kxh42bfgtj.1,https://data.mendeley.com/datasets/kxh42bfgtj/1,CC-BY-4.0,https://creativecommons.org/licenses/by/4.0/
NAUMANN_LFP_CALENDAR_2021,NAUMANN_CAL_T40_SOC75,NAUMANN_CAL_T40_SOC75,NAUMANN_CAL_T40_SOC75_TEST,"TP_40°C,75%SOC",40,0.75,0,0,0,0,2.9966490086907802,100,0,0.033420274750695596,0,10,75,3,3,published_mean_of_3_physical_cells,temperature_soc_condition_mean_trajectory,public_calendar_aging_method_validation,10.17632/kxh42bfgtj.1,https://data.mendeley.com/datasets/kxh42bfgtj/1,CC-BY-4.0,https://creativecommons.org/licenses/by/4.0/
NAUMANN_LFP_CALENDAR_2021,NAUMANN_CAL_T40_SOC75,NAUMANN_CAL_T40_SOC75,NAUMANN_CAL_T40_SOC75_TEST,"TP_40°C,75%SOC",40,0.75,577188,160.33000000000001,6.6804166666666669,1,2.9612255052600198,98.817896145727232,1.1821038542727678,0.0332297522131954,-0.57008070376869391,10,75,3,3,published_mean_of_3_physical_cells,temperature_soc_condition_mean_trajectory,public_calendar_aging_method_validation,10.17632/kxh42bfgtj.1,https://data.mendeley.com/datasets/kxh42bfgtj/1,CC-BY-4.0,https://creativecommons.org/licenses/by/4.0/
NAUMANN_LFP_CALENDAR_2021,NAUMANN_CAL_T40_SOC75,NAUMANN_CAL_T40_SOC75,NAUMANN_CAL_T40_SOC75_TEST,"TP_40°C,75%SOC",40,0.75,997128.00000000012,276.98000000000002,11.540833333333335,2,2.9481486271238801,98.381512768888143,1.6184872311118568,0.033189008177337401,-0.6919948297354539,10,75,3,3,published_mean_of_3_physical_cells,temperature_soc_condition_mean_trajectory,public_calendar_aging_method_validation,10.17632/kxh42bfgtj.1,https://data.mendeley.com/datasets/kxh42bfgtj/1,CC-BY-4.0,https://creativecommons.org/licenses/by/4.0/
NAUMANN_LFP_CALENDAR_2021,NAUMANN_CAL_T40_SOC75,NAUMANN_CAL_T40_SOC75,NAUMANN_CAL_T40_SOC75_TEST,"TP_40°C,75%SOC",40,0.75,1472364,408.99000000000001,17.041250000000002,3,2.9392014123008501,98.082938768493648,1.9170612315063522,0.033124577513041702,-0.88478398175867445,10,75,3,3,published_mean_of_3_physical_cells,temperature_soc_condition_mean_trajectory,public_calendar_aging_method_validation,10.17632/kxh42bfgtj.1,https://data.mendeley.com/datasets/kxh42bfgtj/1,CC-BY-4.0,https://creativecommons.org/licenses/by/4.0/
NAUMANN_LFP_CALENDAR_2021,NAUMANN_CAL_T40_SOC75,NAUMANN_CAL_T40_SOC75,NAUMANN_CAL_T40_SOC75_TEST,"TP_40°C,75%SOC",40,0.75,2549196,708.11000000000001,29.504583333333333,4,2.9252483731524999,97.617317365790697,2.3826826342093028,0.033121637909763399,-0.89357984983645666,10,75,3,3,published_mean_of_3_physical_cells,temperature_soc_condition_mean_trajectory,public_calendar_aging_method_validation,10.17632/kxh42bfgtj.1,https://data.mendeley.com/datasets/kxh42bfgtj/1,CC-BY-4.0,https://creativecommons.org/licenses/by/4.0/
NAUMANN_LFP_CALENDAR_2021,NAUMANN_CAL_T40_SOC75,NAUMANN_CAL_T40_SOC75,NAUMANN_CAL_T40_SOC75_TEST,"TP_40°C,75%SOC",40,0.75,3632760,1009.1,42.045833333333334,5,2.9125759793219701,97.194431876239619,2.8055681237603807,0.033293309145985606,-0.37990592733636586,10,75,3,3,published_mean_of_3_physical_cells,temperature_soc_condition_mean_trajectory,public_calendar_aging_method_validation,10.17632/kxh42bfgtj.1,https://data.mendeley.com/datasets/kxh42bfgtj/1,CC-BY-4.0,https://creativecommons.org/licenses/by/4.0/
NAUMANN_LFP_CALENDAR_2021,NAUMANN_CAL_T40_SOC75,NAUMANN_CAL_T40_SOC75,NAUMANN_CAL_T40_SOC75_TEST,"TP_40°C,75%SOC",40,0.75,4628160,1285.5999999999999,53.56666666666667,6,2.9030630123341501,96.876978382012197,3.1230216179878028,0.033400508753034006,-0.059143731788680043,10,75,3,3,published_mean_of_3_physical_cells,temperature_soc_condition_mean_trajectory,public_calendar_aging_method_validation,10.17632/kxh42bfgtj.1,https://data.mendeley.com/datasets/kxh42bfgtj/1,CC-BY-4.0,https://creativecommons.org/licenses/by/4.0/
NAUMANN_LFP_CALENDAR_2021,NAUMANN_CAL_T40_SOC75,NAUMANN_CAL_T40_SOC75,NAUMANN_CAL_T40_SOC75_TEST,"TP_40°C,75%SOC",40,0.75,7002000,1945,81.041666666666671,7,2.8871452097747099,96.345791629300223,3.6542083706997772,0.033548023545139999,0.38224938423567778,10,75,3,3,published_mean_of_3_physical_cells,temperature_soc_condition_mean_trajectory,public_calendar_aging_method_validation,10.17632/kxh42bfgtj.1,https://data.mendeley.com/datasets/kxh42bfgtj/1,CC-BY-4.0,https://creativecommons.org/licenses/by/4.0/
NAUMANN_LFP_CALENDAR_2021,NAUMANN_CAL_T40_SOC75,NAUMANN_CAL_T40_SOC75,NAUMANN_CAL_T40_SOC75_TEST,"TP_40°C,75%SOC",40,0.75,9285120,2579.1999999999998,107.46666666666667,8,2.8738546289629601,95.902276864200772,4.0977231357992281,0.0337379036709635,0.9504078665938831,10,75,3,3,published_mean_of_3_physical_cells,temperature_soc_condition_mean_trajectory,public_calendar_aging_method_validation,10.17632/kxh42bfgtj.1,https://data.mendeley.com/datasets/kxh42bfgtj/1,CC-BY-4.0,https://creativecommons.org/licenses/by/4.0/
NAUMANN_LFP_CALENDAR_2021,NAUMANN_CAL_T40_SOC75,NAUMANN_CAL_T40_SOC75,NAUMANN_CAL_T40_SOC75_TEST,"TP_40°C,75%SOC",40,0.75,11832120,3286.6999999999998,136.94583333333333,9,2.8613650155814399,95.485490869401318,4.5145091305986824,0.0339518352293708,1.5905329403796742,10,75,3,3,published_mean_of_3_physical_cells,temperature_soc_condition_mean_trajectory,public_calendar_aging_method_validation,10.17632/kxh42bfgtj.1,https://data.mendeley.com/datasets/kxh42bfgtj/1,CC-BY-4.0,https://creativecommons.org/licenses/by/4.0/
NAUMANN_LFP_CALENDAR_2021,NAUMANN_CAL_T40_SOC75,NAUMANN_CAL_T40_SOC75,NAUMANN_CAL_T40_SOC75_TEST,"TP_40°C,75%SOC",40,0.75,13941720,3872.6999999999998,161.36250000000001,10,2.8515488589885298,95.157919753650305,4.8420802463496955,0.0340790696254544,1.9712431440890299,10,75,3,3,published_mean_of_3_physical_cells,temperature_soc_condition_mean_trajectory,public_calendar_aging_method_validation,10.17632/kxh42bfgtj.1,https://data.mendeley.com/datasets/kxh42bfgtj/1,CC-BY-4.0,https://creativecommons.org/licenses/by/4.0/
NAUMANN_LFP_CALENDAR_2021,NAUMANN_CAL_T40_SOC75,NAUMANN_CAL_T40_SOC75,NAUMANN_CAL_T40_SOC75_TEST,"TP_40°C,75%SOC",40,0.75,16138800,4483,186.79166666666666,11,2.8420276369941599,94.840190784833581,5.159809215166419,0.034268340923563401,2.5375798948216399,10,75,3,3,published_mean_of_3_physical_cells,temperature_soc_condition_mean_trajectory,public_calendar_aging_method_validation,10.17632/kxh42bfgtj.1,https://data.mendeley.com/datasets/kxh42bfgtj/1,CC-BY-4.0,https://creativecommons.org/licenses/by/4.0/
NAUMANN_LFP_CALENDAR_2021,NAUMANN_CAL_T40_SOC75,NAUMANN_CAL_T40_SOC75,NAUMANN_CAL_T40_SOC75_TEST,"TP_40°C,75%SOC",40,0.75,18426960,5118.6000000000004,213.27500000000001,12,2.8325088422585001,94.522542815116267,5.4774571848837326,0.034459465771582799,3.1094628294926707,10,75,3,3,published_mean_of_3_physical_cells,temperature_soc_condition_mean_trajectory,public_calendar_aging_method_validation,10.17632/kxh42bfgtj.1,https://data.mendeley.com/datasets/kxh42bfgtj/1,CC-BY-4.0,https://creativecommons.org/licenses/by/4.0/
NAUMANN_LFP_CALENDAR_2021,NAUMANN_CAL_T40_SOC75,NAUMANN_CAL_T40_SOC75,NAUMANN_CAL_T40_SOC75_TEST,"TP_40°C,75%SOC",40,0.75,20711160,5753.1000000000004,239.71250000000001,13,2.8233538668158702,94.21703571648446,5.7829642835155397,0.0346186488567806,3.585769761094082,10,75,3,3,published_mean_of_3_physical_cells,temperature_soc_condition_mean_trajectory,public_calendar_aging_method_validation,10.17632/kxh42bfgtj.1,https://data.mendeley.com/datasets/kxh42bfgtj/1,CC-BY-4.0,https://creativecommons.org/licenses/by/4.0/
NAUMANN_LFP_CALENDAR_2021,NAUMANN_CAL_T40_SOC75,NAUMANN_CAL_T40_SOC75,NAUMANN_CAL_T40_SOC75_TEST,"TP_40°C,75%SOC",40,0.75,22997160,6388.1000000000004,266.17083333333335,14,2.8168501226449498,94.000001817884453,5.9999981821155473,0.034799076421387097,4.1256443311041391,10,75,3,3,published_mean_of_3_physical_cells,temperature_soc_condition_mean_trajectory,public_calendar_aging_method_validation,10.17632/kxh42bfgtj.1,https://data.mendeley.com/datasets/kxh42bfgtj/1,CC-BY-4.0,https://creativecommons.org/licenses/by/4.0/
NAUMANN_LFP_CALENDAR_2021,NAUMANN_CAL_T40_SOC75,NAUMANN_CAL_T40_SOC75,NAUMANN_CAL_T40_SOC75_TEST,"TP_40°C,75%SOC",40,0.75,25296120,7026.6999999999998,292.77916666666664,15,2.80704420514774,93.672772386984434,6.327227613015566,0.034937275240370103,4.5391622330780868,10,75,3,3,published_mean_of_3_physical_cells,temperature_soc_condition_mean_trajectory,public_calendar_aging_method_validation,10.17632/kxh42bfgtj.1,https://data.mendeley.com/datasets/kxh42bfgtj/1,CC-BY-4.0,https://creativecommons.org/licenses/by/4.0/
NAUMANN_LFP_CALENDAR_2021,NAUMANN_CAL_T40_SOC75,NAUMANN_CAL_T40_SOC75,NAUMANN_CAL_T40_SOC75_TEST,"TP_40°C,75%SOC",40,0.75,27588240,7663.3999999999996,319.30833333333334,16,2.8018503863723101,93.499451495536462,6.5005485044635378,0.035254825938807799,5.4893360446536033,10,75,3,3,published_mean_of_3_physical_cells,temperature_soc_condition_mean_trajectory,public_calendar_aging_method_validation,10.17632/kxh42bfgtj.1,https://data.mendeley.com/datasets/kxh42bfgtj/1,CC-BY-4.0,https://creativecommons.org/licenses/by/4.0/
NAUMANN_LFP_CALENDAR_2021,NAUMANN_CAL_T40_SOC75,NAUMANN_CAL_T40_SOC75,NAUMANN_CAL_T40_SOC75_TEST,"TP_40°C,75%SOC",40,0.75,29880360,8300.1000000000004,345.83749999999998,17,2.7933101198497301,93.214457607436387,6.7855423925636131,0.035243459759260506,5.4553262119036328,10,75,3,3,published_mean_of_3_physical_cells,temperature_soc_condition_mean_trajectory,public_calendar_aging_method_validation,10.17632/kxh42bfgtj.1,https://data.mendeley.com/datasets/kxh42bfgtj/1,CC-BY-4.0,https://creativecommons.org/licenses/by/4.0/
NAUMANN_LFP_CALENDAR_2021,NAUMANN_CAL_T40_SOC75,NAUMANN_CAL_T40_SOC75,NAUMANN_CAL_T40_SOC75_TEST,"TP_40°C,75%SOC",40,0.75,32513760,9031.6000000000004,376.31666666666666,18,2.7878755502740602,93.033102715358325,6.966897284641675,0.035359905643139601,5.8037550765606349,10,75,3,3,published_mean_of_3_physical_cells,temperature_soc_condition_mean_trajectory,public_calendar_aging_method_validation,10.17632/kxh42bfgtj.1,https://data.mendeley.com/datasets/kxh42bfgtj/1,CC-BY-4.0,https://creativecommons.org/licenses/by/4.0/
NAUMANN_LFP_CALENDAR_2021,NAUMANN_CAL_T40_SOC75,NAUMANN_CAL_T40_SOC75,NAUMANN_CAL_T40_SOC75_TEST,"TP_40°C,75%SOC",40,0.75,34796880,9665.7999999999993,402.74166666666667,19,2.7804102858845701,92.783982302262231,7.2160176977377688,0.035561616948607502,6.4073147629264637,10,75,3,3,published_mean_of_3_physical_cells,temperature_soc_condition_mean_trajectory,public_calendar_aging_method_validation,10.17632/kxh42bfgtj.1,https://data.mendeley.com/datasets/kxh42bfgtj/1,CC-BY-4.0,https://creativecommons.org/licenses/by/4.0/
NAUMANN_LFP_CALENDAR_2021,NAUMANN_CAL_T40_SOC75,NAUMANN_CAL_T40_SOC75,NAUMANN_CAL_T40_SOC75_TEST,"TP_40°C,75%SOC",40,0.75,37087200,10302,429.25,20,2.77372172149623,92.560780840598142,7.4392191594018584,0.035626811410426402,6.6023893465593897,10,75,3,3,published_mean_of_3_physical_cells,temperature_soc_condition_mean_trajectory,public_calendar_aging_method_validation,10.17632/kxh42bfgtj.1,https://data.mendeley.com/datasets/kxh42bfgtj/1,CC-BY-4.0,https://creativecommons.org/licenses/by/4.0/
NAUMANN_LFP_CALENDAR_2021,NAUMANN_CAL_T40_SOC75,NAUMANN_CAL_T40_SOC75,NAUMANN_CAL_T40_SOC75_TEST,"TP_40°C,75%SOC",40,0.75,39380400,10939,455.79166666666669,21,2.7694576552735399,92.418486357316198,7.5815136426838023,0.035736480641016498,6.930541138871682,10,75,3,3,published_mean_of_3_physical_cells,temperature_soc_condition_mean_trajectory,public_calendar_aging_method_validation,10.17632/kxh42bfgtj.1,https://data.mendeley.com/datasets/kxh42bfgtj/1,CC-BY-4.0,https://creativecommons.org/licenses/by/4.0/
NAUMANN_LFP_CALENDAR_2021,NAUMANN_CAL_T40_SOC75,NAUMANN_CAL_T40_SOC75,NAUMANN_CAL_T40_SOC75_TEST,"TP_40°C,75%SOC",40,0.75,41670000,11575,482.29166666666669,22,2.7630960746006199,92.206196541109151,7.7938034588908494,0.035852465268171999,7.2775898331768785,10,75,3,3,published_mean_of_3_physical_cells,temperature_soc_condition_mean_trajectory,public_calendar_aging_method_validation,10.17632/kxh42bfgtj.1,https://data.mendeley.com/datasets/kxh42bfgtj/1,CC-BY-4.0,https://creativecommons.org/licenses/by/4.0/
NAUMANN_LFP_CALENDAR_2021,NAUMANN_CAL_T40_SOC75,NAUMANN_CAL_T40_SOC75,NAUMANN_CAL_T40_SOC75_TEST,"TP_40°C,75%SOC",40,0.75,43959600,12211,508.79166666666669,23,2.75671006528925,91.993091526379388,8.0069084736206122,0.035936959083643305,7.5304118584343049,10,75,3,3,published_mean_of_3_physical_cells,temperature_soc_condition_mean_trajectory,public_calendar_aging_method_validation,10.17632/kxh42bfgtj.1,https://data.mendeley.com/datasets/kxh42bfgtj/1,CC-BY-4.0,https://creativecommons.org/licenses/by/4.0/
NAUMANN_LFP_CALENDAR_2021,NAUMANN_CAL_T40_SOC75,NAUMANN_CAL_T40_SOC75,NAUMANN_CAL_T40_SOC75_TEST,"TP_40°C,75%SOC",40,0.75,46238400,12844,535.16666666666663,24,2.7508985784551001,91.799158676142483,8.2008413238575173,0.036179905433567,8.2573548645466168,10,75,3,3,published_mean_of_3_physical_cells,temperature_soc_condition_mean_trajectory,public_calendar_aging_method_validation,10.17632/kxh42bfgtj.1,https://data.mendeley.com/datasets/kxh42bfgtj/1,CC-BY-4.0,https://creativecommons.org/licenses/by/4.0/
NAUMANN_LFP_CALENDAR_2021,NAUMANN_CAL_T40_SOC75,NAUMANN_CAL_T40_SOC75,NAUMANN_CAL_T40_SOC75_TEST,"TP_40°C,75%SOC",40,0.75,48531600,13481,561.70833333333337,25,2.7421613152961801,91.50759089047321,8.4924091095267897,0.036314559007955098,8.6602647011430065,10,75,3,3,published_mean_of_3_physical_cells,temperature_soc_condition_mean_trajectory,public_calendar_aging_method_validation,10.17632/kxh42bfgtj.1,https://data.mendeley.com/datasets/kxh42bfgtj/1,CC-BY-4.0,https://creativecommons.org/licenses/by/4.0/
NAUMANN_LFP_CALENDAR_2021,NAUMANN_CAL_T40_SOC75,NAUMANN_CAL_T40_SOC75,NAUMANN_CAL_T40_SOC75_TEST,"TP_40°C,75%SOC",40,0.75,50828400,14119,588.29166666666663,26,2.7362329013290099,91.309756110691637,8.6902438893083627,0.036453206873014898,9.0751262368247829,10,75,3,3,published_mean_of_3_physical_cells,temperature_soc_condition_mean_trajectory,public_calendar_aging_method_validation,10.17632/kxh42bfgtj.1,https://data.mendeley.com/datasets/kxh42bfgtj/1,CC-BY-4.0,https://creativecommons.org/licenses/by/4.0/
NAUMANN_LFP_CALENDAR_2021,NAUMANN_CAL_T40_SOC75,NAUMANN_CAL_T40_SOC75,NAUMANN_CAL_T40_SOC75_TEST,"TP_40°C,75%SOC",40,0.75,52902000,14695,612.29166666666663,27,2.7302499703761902,91.110102065941362,8.8898979340586379,0.036695384284882206,9.7997684298464449,10,75,3,3,published_mean_of_3_physical_cells,temperature_soc_condition_mean_trajectory,public_calendar_aging_method_validation,10.17632/kxh42bfgtj.1,https://data.mendeley.com/datasets/kxh42bfgtj/1,CC-BY-4.0,https://creativecommons.org/licenses/by/4.0/
NAUMANN_LFP_CALENDAR_2021,NAUMANN_CAL_T40_SOC75,NAUMANN_CAL_T40_SOC75,NAUMANN_CAL_T40_SOC75_TEST,"TP_40°C,75%SOC",40,0.75,54532800,15148,631.16666666666663,28,2.7286760517584101,91.057579444399266,8.9424205556007337,0.036684284743583602,9.7665564308984987,10,75,3,3,published_mean_of_3_physical_cells,temperature_soc_condition_mean_trajectory,public_calendar_aging_method_validation,10.17632/kxh42bfgtj.1,https://data.mendeley.com/datasets/kxh42bfgtj/1,CC-BY-4.0,https://creativecommons.org/licenses/by/4.0/
NAUMANN_LFP_CALENDAR_2021,NAUMANN_CAL_T40_SOC75,NAUMANN_CAL_T40_SOC75,NAUMANN_CAL_T40_SOC75_TEST,"TP_40°C,75%SOC",40,0.75,56919600,15811,658.79166666666663,29,2.7217688101789199,90.827080591865723,9.1729194081342769,0.036960244325862396,10.592281486534215,10,75,3,3,published_mean_of_3_physical_cells,temperature_soc_condition_mean_trajectory,public_calendar_aging_method_validation,10.17632/kxh42bfgtj.1,https://data.mendeley.com/datasets/kxh42bfgtj/1,CC-BY-4.0,https://creativecommons.org/licenses/by/4.0/
NAUMANN_LFP_CALENDAR_2021,NAUMANN_CAL_T40_SOC75,NAUMANN_CAL_T40_SOC75,NAUMANN_CAL_T40_SOC75_TEST,"TP_40°C,75%SOC",40,0.75,61203600,17001,708.375,30,2.7120053415900101,90.501267706853355,9.4987322931466451,0.037118724863617406,11.066486258748753,10,75,3,3,published_mean_of_3_physical_cells,temperature_soc_condition_mean_trajectory,public_calendar_aging_method_validation,10.17632/kxh42bfgtj.1,https://data.mendeley.com/datasets/kxh42bfgtj/1,CC-BY-4.0,https://creativecommons.org/licenses/by/4.0/
NAUMANN_LFP_CALENDAR_2021,NAUMANN_CAL_T40_SOC75,NAUMANN_CAL_T40_SOC75,NAUMANN_CAL_T40_SOC75_TEST,"TP_40°C,75%SOC",40,0.75,65660400,18239,759.95833333333337,31,2.7022385736182701,90.175344719429233,9.8246552805707665,0.0374276750360579,11.990925614035831,10,75,3,3,published_mean_of_3_physical_cells,temperature_soc_condition_mean_trajectory,public_calendar_aging_method_validation,10.17632/kxh42bfgtj.1,https://data.mendeley.com/datasets/kxh42bfgtj/1,CC-BY-4.0,https://creativecommons.org/licenses/by/4.0/
NAUMANN_LFP_CALENDAR_2021,NAUMANN_CAL_T40_SOC75,NAUMANN_CAL_T40_SOC75,NAUMANN_CAL_T40_SOC75_TEST,"TP_40°C,75%SOC",40,0.75,69084000,19190,799.58333333333337,32,2.6947262887625199,89.924655204775931,10.075344795224069,0.037584068189809999,12.45888452496262,10,75,3,3,published_mean_of_3_physical_cells,temperature_soc_condition_mean_trajectory,public_calendar_aging_method_validation,10.17632/kxh42bfgtj.1,https://data.mendeley.com/datasets/kxh42bfgtj/1,CC-BY-4.0,https://creativecommons.org/licenses/by/4.0/
NAUMANN_LFP_CALENDAR_2021,NAUMANN_CAL_T40_SOC75,NAUMANN_CAL_T40_SOC75,NAUMANN_CAL_T40_SOC75_TEST,"TP_40°C,75%SOC",40,0.75,72586800,20163,840.125,33,2.6875510252088302,89.685212295950762,10.314787704049238,0.037849922505230699,13.254372645284441,10,75,3,3,published_mean_of_3_physical_cells,temperature_soc_condition_mean_trajectory,public_calendar_aging_method_validation,10.17632/kxh42bfgtj.1,https://data.mendeley.com/datasets/kxh42bfgtj/1,CC-BY-4.0,https://creativecommons.org/licenses/by/4.0/
NAUMANN_LFP_CALENDAR_2021,NAUMANN_CAL_T40_SOC75,NAUMANN_CAL_T40_SOC75,NAUMANN_CAL_T40_SOC75_TEST,"TP_40°C,75%SOC",40,0.75,76467600,21241,885.04166666666663,34,2.6796453521169101,89.421395176595368,10.578604823404632,0.038002637355473705,13.711325352532388,10,75,3,3,published_mean_of_3_physical_cells,temperature_soc_condition_mean_trajectory,public_calendar_aging_method_validation,10.17632/kxh42bfgtj.1,https://data.mendeley.com/datasets/kxh42bfgtj/1,CC-BY-4.0,https://creativecommons.org/licenses/by/4.0/
NAUMANN_LFP_CALENDAR_2021,NAUMANN_CAL_T40_SOC87.5,NAUMANN_CAL_T40_SOC87.5,NAUMANN_CAL_T40_SOC87.5_TEST,"TP_40°C,87.5%SOC",40,0.875,0,0,0,0,2.9931931792705,100,0,0.033435375032607406,0,10,87.5,3,3,published_mean_of_3_physical_cells,temperature_soc_condition_mean_trajectory,public_calendar_aging_method_validation,10.17632/kxh42bfgtj.1,https://data.mendeley.com/datasets/kxh42bfgtj/1,CC-BY-4.0,https://creativecommons.org/licenses/by/4.0/
NAUMANN_LFP_CALENDAR_2021,NAUMANN_CAL_T40_SOC87.5,NAUMANN_CAL_T40_SOC87.5,NAUMANN_CAL_T40_SOC87.5_TEST,"TP_40°C,87.5%SOC",40,0.875,577188,160.33000000000001,6.6804166666666669,1,2.9453007526807702,98.399955374701136,1.6000446252988638,0.033030826995545604,-1.2099401806238808,10,87.5,3,3,published_mean_of_3_physical_cells,temperature_soc_condition_mean_trajectory,public_calendar_aging_method_validation,10.17632/kxh42bfgtj.1,https://data.mendeley.com/datasets/kxh42bfgtj/1,CC-BY-4.0,https://creativecommons.org/licenses/by/4.0/
NAUMANN_LFP_CALENDAR_2021,NAUMANN_CAL_T40_SOC87.5,NAUMANN_CAL_T40_SOC87.5,NAUMANN_CAL_T40_SOC87.5_TEST,"TP_40°C,87.5%SOC",40,0.875,997128.00000000012,276.98000000000002,11.540833333333335,2,2.9302944582374999,97.898608032765537,2.1013919672344628,0.033040870958011802,-1.1799002529831681,10,87.5,3,3,published_mean_of_3_physical_cells,temperature_soc_condition_mean_trajectory,public_calendar_aging_method_validation,10.17632/kxh42bfgtj.1,https://data.mendeley.com/datasets/kxh42bfgtj/1,CC-BY-4.0,https://creativecommons.org/licenses/by/4.0/
NAUMANN_LFP_CALENDAR_2021,NAUMANN_CAL_T40_SOC87.5,NAUMANN_CAL_T40_SOC87.5,NAUMANN_CAL_T40_SOC87.5_TEST,"TP_40°C,87.5%SOC",40,0.875,1472364,408.99000000000001,17.041250000000002,3,2.91755299035328,97.472926590870586,2.5270734091294145,0.032998732984279001,-1.3059283704835778,10,87.5,3,3,published_mean_of_3_physical_cells,temperature_soc_condition_mean_trajectory,public_calendar_aging_method_validation,10.17632/kxh42bfgtj.1,https://data.mendeley.com/datasets/kxh42bfgtj/1,CC-BY-4.0,https://creativecommons.org/licenses/by/4.0/
NAUMANN_LFP_CALENDAR_2021,NAUMANN_CAL_T40_SOC87.5,NAUMANN_CAL_T40_SOC87.5,NAUMANN_CAL_T40_SOC87.5_TEST,"TP_40°C,87.5%SOC",40,0.875,2549196,708.11000000000001,29.504583333333333,4,2.8988594604182798,96.848391894464655,3.1516081055353453,0.033018560830123396,-1.2466263712535564,10,87.5,3,3,published_mean_of_3_physical_cells,temperature_soc_condition_mean_trajectory,public_calendar_aging_method_validation,10.17632/kxh42bfgtj.1,https://data.mendeley.com/datasets/kxh42bfgtj/1,CC-BY-4.0,https://creativecommons.org/licenses/by/4.0/
NAUMANN_LFP_CALENDAR_2021,NAUMANN_CAL_T40_SOC87.5,NAUMANN_CAL_T40_SOC87.5,NAUMANN_CAL_T40_SOC87.5_TEST,"TP_40°C,87.5%SOC",40,0.875,3632760,1009.1,42.045833333333334,5,2.8836198375225099,96.339249250370955,3.6607507496290452,0.033052042015616401,-1.14648935930034,10,87.5,3,3,published_mean_of_3_physical_cells,temperature_soc_condition_mean_trajectory,public_calendar_aging_method_validation,10.17632/kxh42bfgtj.1,https://data.mendeley.com/datasets/kxh42bfgtj/1,CC-BY-4.0,https://creativecommons.org/licenses/by/4.0/
NAUMANN_LFP_CALENDAR_2021,NAUMANN_CAL_T40_SOC87.5,NAUMANN_CAL_T40_SOC87.5,NAUMANN_CAL_T40_SOC87.5_TEST,"TP_40°C,87.5%SOC",40,0.875,4628160,1285.5999999999999,53.56666666666667,6,2.8713126275146799,95.928075989217476,4.0719240107825243,0.0331792550213297,-0.76601506945243036,10,87.5,3,3,published_mean_of_3_physical_cells,temperature_soc_condition_mean_trajectory,public_calendar_aging_method_validation,10.17632/kxh42bfgtj.1,https://data.mendeley.com/datasets/kxh42bfgtj/1,CC-BY-4.0,https://creativecommons.org/licenses/by/4.0/
NAUMANN_LFP_CALENDAR_2021,NAUMANN_CAL_T40_SOC87.5,NAUMANN_CAL_T40_SOC87.5,NAUMANN_CAL_T40_SOC87.5_TEST,"TP_40°C,87.5%SOC",40,0.875,7002000,1945,81.041666666666671,7,2.8510323203645802,95.250528435970608,4.7494715640293919,0.033347553829857199,-0.26265954147235426,10,87.5,3,3,published_mean_of_3_physical_cells,temperature_soc_condition_mean_trajectory,public_calendar_aging_method_validation,10.17632/kxh42bfgtj.1,https://data.mendeley.com/datasets/kxh42bfgtj/1,CC-BY-4.0,https://creativecommons.org/licenses/by/4.0/
NAUMANN_LFP_CALENDAR_2021,NAUMANN_CAL_T40_SOC87.5,NAUMANN_CAL_T40_SOC87.5,NAUMANN_CAL_T40_SOC87.5_TEST,"TP_40°C,87.5%SOC",40,0.875,9285120,2579.1999999999998,107.46666666666667,8,2.83421971266971,94.688833727747067,5.3111662722529331,0.033506051757117003,0.21138307687791347,10,87.5,3,3,published_mean_of_3_physical_cells,temperature_soc_condition_mean_trajectory,public_calendar_aging_method_validation,10.17632/kxh42bfgtj.1,https://data.mendeley.com/datasets/kxh42bfgtj/1,CC-BY-4.0,https://creativecommons.org/licenses/by/4.0/
NAUMANN_LFP_CALENDAR_2021,NAUMANN_CAL_T40_SOC87.5,NAUMANN_CAL_T40_SOC87.5,NAUMANN_CAL_T40_SOC87.5_TEST,"TP_40°C,87.5%SOC",40,0.875,11832120,3286.6999999999998,136.94583333333333,9,2.8187604214428501,94.17235215435835,5.8276478456416498,0.033697725607941105,0.78464971628955382,10,87.5,3,3,published_mean_of_3_physical_cells,temperature_soc_condition_mean_trajectory,public_calendar_aging_method_validation,10.17632/kxh42bfgtj.1,https://data.mendeley.com/datasets/kxh42bfgtj/1,CC-BY-4.0,https://creativecommons.org/licenses/by/4.0/
NAUMANN_LFP_CALENDAR_2021,NAUMANN_CAL_T40_SOC87.5,NAUMANN_CAL_T40_SOC87.5,NAUMANN_CAL_T40_SOC87.5_TEST,"TP_40°C,87.5%SOC",40,0.875,13941720,3872.6999999999998,161.36250000000001,10,2.8069820954062199,93.778848450080204,6.2211515499197958,0.033825598356345306,1.1670971937875363,10,87.5,3,3,published_mean_of_3_physical_cells,temperature_soc_condition_mean_trajectory,public_calendar_aging_method_validation,10.17632/kxh42bfgtj.1,https://data.mendeley.com/datasets/kxh42bfgtj/1,CC-BY-4.0,https://creativecommons.org/licenses/by/4.0/
NAUMANN_LFP_CALENDAR_2021,NAUMANN_CAL_T40_SOC87.5,NAUMANN_CAL_T40_SOC87.5,NAUMANN_CAL_T40_SOC87.5_TEST,"TP_40°C,87.5%SOC",40,0.875,16138800,4483,186.79166666666666,11,2.7954192962978999,93.392545314405623,6.6074546855943765,0.0340463859486001,1.8274385000820681,10,87.5,3,3,published_mean_of_3_physical_cells,temperature_soc_condition_mean_trajectory,public_calendar_aging_method_validation,10.17632/kxh42bfgtj.1,https://data.mendeley.com/datasets/kxh42bfgtj/1,CC-BY-4.0,https://creativecommons.org/licenses/by/4.0/
NAUMANN_LFP_CALENDAR_2021,NAUMANN_CAL_T40_SOC87.5,NAUMANN_CAL_T40_SOC87.5,NAUMANN_CAL_T40_SOC87.5_TEST,"TP_40°C,87.5%SOC",40,0.875,18426960,5118.6000000000004,213.27500000000001,12,2.78398294715964,93.010466763062425,6.9895332369375751,0.034289900696900001,2.5557531909219833,10,87.5,3,3,published_mean_of_3_physical_cells,temperature_soc_condition_mean_trajectory,public_calendar_aging_method_validation,10.17632/kxh42bfgtj.1,https://data.mendeley.com/datasets/kxh42bfgtj/1,CC-BY-4.0,https://creativecommons.org/licenses/by/4.0/
NAUMANN_LFP_CALENDAR_2021,NAUMANN_CAL_T40_SOC87.5,NAUMANN_CAL_T40_SOC87.5,NAUMANN_CAL_T40_SOC87.5_TEST,"TP_40°C,87.5%SOC",40,0.875,20711160,5753.1000000000004,239.71250000000001,13,2.7732180755515201,92.650821696293178,7.3491783037068217,0.0343964475058827,2.8744181045913919,10,87.5,3,3,published_mean_of_3_physical_cells,temperature_soc_condition_mean_trajectory,public_calendar_aging_method_validation,10.17632/kxh42bfgtj.1,https://data.mendeley.com/datasets/kxh42bfgtj/1,CC-BY-4.0,https://creativecommons.org/licenses/by/4.0/
NAUMANN_LFP_CALENDAR_2021,NAUMANN_CAL_T40_SOC87.5,NAUMANN_CAL_T40_SOC87.5,NAUMANN_CAL_T40_SOC87.5_TEST,"TP_40°C,87.5%SOC",40,0.875,22997160,6388.1000000000004,266.17083333333335,14,2.7648234069204398,92.37036306471478,7.6296369352852196,0.034474992392366899,3.1093336286661,10,87.5,3,3,published_mean_of_3_physical_cells,temperature_soc_condition_mean_trajectory,public_calendar_aging_method_validation,10.17632/kxh42bfgtj.1,https://data.mendeley.com/datasets/kxh42bfgtj/1,CC-BY-4.0,https://creativecommons.org/licenses/by/4.0/
NAUMANN_LFP_CALENDAR_2021,NAUMANN_CAL_T40_SOC87.5,NAUMANN_CAL_T40_SOC87.5,NAUMANN_CAL_T40_SOC87.5_TEST,"TP_40°C,87.5%SOC",40,0.875,25296120,7026.6999999999998,292.77916666666664,15,2.7536352747481301,91.996577227910336,8.0034227720896638,0.034723546486241805,3.8527202173689545,10,87.5,3,3,published_mean_of_3_physical_cells,temperature_soc_condition_mean_trajectory,public_calendar_aging_method_validation,10.17632/kxh42bfgtj.1,https://data.mendeley.com/datasets/kxh42bfgtj/1,CC-BY-4.0,https://creativecommons.org/licenses/by/4.0/
NAUMANN_LFP_CALENDAR_2021,NAUMANN_CAL_T40_SOC87.5,NAUMANN_CAL_T40_SOC87.5,NAUMANN_CAL_T40_SOC87.5_TEST,"TP_40°C,87.5%SOC",40,0.875,27588240,7663.3999999999996,319.30833333333334,16,2.7449155996721899,91.705260411597607,8.2947395884023933,0.0349145167244179,4.4238824609204475,10,87.5,3,3,published_mean_of_3_physical_cells,temperature_soc_condition_mean_trajectory,public_calendar_aging_method_validation,10.17632/kxh42bfgtj.1,https://data.mendeley.com/datasets/kxh42bfgtj/1,CC-BY-4.0,https://creativecommons.org/licenses/by/4.0/
NAUMANN_LFP_CALENDAR_2021,NAUMANN_CAL_T40_SOC87.5,NAUMANN_CAL_T40_SOC87.5,NAUMANN_CAL_T40_SOC87.5_TEST,"TP_40°C,87.5%SOC",40,0.875,29880360,8300.1000000000004,345.83749999999998,17,2.7375621283694298,91.45958728385942,8.5404127161405796,0.0350315001794375,4.773761757639905,10,87.5,3,3,published_mean_of_3_physical_cells,temperature_soc_condition_mean_trajectory,public_calendar_aging_method_validation,10.17632/kxh42bfgtj.1,https://data.mendeley.com/datasets/kxh42bfgtj/1,CC-BY-4.0,https://creativecommons.org/licenses/by/4.0/
NAUMANN_LFP_CALENDAR_2021,NAUMANN_CAL_T40_SOC87.5,NAUMANN_CAL_T40_SOC87.5,NAUMANN_CAL_T40_SOC87.5_TEST,"TP_40°C,87.5%SOC",40,0.875,32513760,9031.6000000000004,376.31666666666666,18,2.7293682031992601,91.185835318001779,8.8141646819982213,0.035201631953626002,5.282599400473531,10,87.5,3,3,published_mean_of_3_physical_cells,temperature_soc_condition_mean_trajectory,public_calendar_aging_method_validation,10.17632/kxh42bfgtj.1,https://data.mendeley.com/datasets/kxh42bfgtj/1,CC-BY-4.0,https://creativecommons.org/licenses/by/4.0/
NAUMANN_LFP_CALENDAR_2021,NAUMANN_CAL_T40_SOC87.5,NAUMANN_CAL_T40_SOC87.5,NAUMANN_CAL_T40_SOC87.5_TEST,"TP_40°C,87.5%SOC",40,0.875,34796880,9665.7999999999993,402.74166666666667,19,2.7202070162813698,90.879767972220819,9.1202320277791813,0.035330670409060197,5.6685333261685455,10,87.5,3,3,published_mean_of_3_physical_cells,temperature_soc_condition_mean_trajectory,public_calendar_aging_method_validation,10.17632/kxh42bfgtj.1,https://data.mendeley.com/datasets/kxh42bfgtj/1,CC-BY-4.0,https://creativecommons.org/licenses/by/4.0/
NAUMANN_LFP_CALENDAR_2021,NAUMANN_CAL_T40_SOC87.5,NAUMANN_CAL_T40_SOC87.5,NAUMANN_CAL_T40_SOC87.5_TEST,"TP_40°C,87.5%SOC",40,0.875,37087200,10302,429.25,20,2.7128119144607998,90.632704004823552,9.3672959951764483,0.035423324580594606,5.9456475246605578,10,87.5,3,3,published_mean_of_3_physical_cells,temperature_soc_condition_mean_trajectory,public_calendar_aging_method_validation,10.17632/kxh42bfgtj.1,https://data.mendeley.com/datasets/kxh42bfgtj/1,CC-BY-4.0,https://creativecommons.org/licenses/by/4.0/
NAUMANN_LFP_CALENDAR_2021,NAUMANN_CAL_T40_SOC87.5,NAUMANN_CAL_T40_SOC87.5,NAUMANN_CAL_T40_SOC87.5_TEST,"TP_40°C,87.5%SOC",40,0.875,39380400,10939,455.79166666666669,21,2.70498333282712,90.37115785110727,9.6288421488927298,0.035622914747081194,6.5425906314507287,10,87.5,3,3,published_mean_of_3_physical_cells,temperature_soc_condition_mean_trajectory,public_calendar_aging_method_validation,10.17632/kxh42bfgtj.1,https://data.mendeley.com/datasets/kxh42bfgtj/1,CC-BY-4.0,https://creativecommons.org/licenses/by/4.0/
NAUMANN_LFP_CALENDAR_2021,NAUMANN_CAL_T40_SOC87.5,NAUMANN_CAL_T40_SOC87.5,NAUMANN_CAL_T40_SOC87.5_TEST,"TP_40°C,87.5%SOC",40,0.875,41670000,11575,482.29166666666669,22,2.6978219059638402,90.131900762294009,9.8680992377059908,0.035611167669661402,6.5074569522013181,10,87.5,3,3,published_mean_of_3_physical_cells,temperature_soc_condition_mean_trajectory,public_calendar_aging_method_validation,10.17632/kxh42bfgtj.1,https://data.mendeley.com/datasets/kxh42bfgtj/1,CC-BY-4.0,https://creativecommons.org/licenses/by/4.0/
NAUMANN_LFP_CALENDAR_2021,NAUMANN_CAL_T40_SOC87.5,NAUMANN_CAL_T40_SOC87.5,NAUMANN_CAL_T40_SOC87.5_TEST,"TP_40°C,87.5%SOC",40,0.875,43959600,12211,508.79166666666669,23,2.6909927100813502,89.903743223723296,10.096256776276704,0.035792343249617997,7.049324898291065,10,87.5,3,3,published_mean_of_3_physical_cells,temperature_soc_condition_mean_trajectory,public_calendar_aging_method_validation,10.17632/kxh42bfgtj.1,https://data.mendeley.com/datasets/kxh42bfgtj/1,CC-BY-4.0,https://creativecommons.org/licenses/by/4.0/
NAUMANN_LFP_CALENDAR_2021,NAUMANN_CAL_T40_SOC87.5,NAUMANN_CAL_T40_SOC87.5,NAUMANN_CAL_T40_SOC87.5_TEST,"TP_40°C,87.5%SOC",40,0.875,46238400,12844,535.16666666666663,24,2.6847859639850702,89.69638119512905,10.30361880487095,0.035985541206903303,7.6271499027867451,10,87.5,3,3,published_mean_of_3_physical_cells,temperature_soc_condition_mean_trajectory,public_calendar_aging_method_validation,10.17632/kxh42bfgtj.1,https://data.mendeley.com/datasets/kxh42bfgtj/1,CC-BY-4.0,https://creativecommons.org/licenses/by/4.0/
NAUMANN_LFP_CALENDAR_2021,NAUMANN_CAL_T40_SOC87.5,NAUMANN_CAL_T40_SOC87.5,NAUMANN_CAL_T40_SOC87.5_TEST,"TP_40°C,87.5%SOC",40,0.875,48531600,13481,561.70833333333337,25,2.6784886236413201,89.485992490939736,10.514007509060264,0.036060042668281202,7.8499721720307392,10,87.5,3,3,published_mean_of_3_physical_cells,temperature_soc_condition_mean_trajectory,public_calendar_aging_method_validation,10.17632/kxh42bfgtj.1,https://data.mendeley.com/datasets/kxh42bfgtj/1,CC-BY-4.0,https://creativecommons.org/licenses/by/4.0/
NAUMANN_LFP_CALENDAR_2021,NAUMANN_CAL_T40_SOC87.5,NAUMANN_CAL_T40_SOC87.5,NAUMANN_CAL_T40_SOC87.5_TEST,"TP_40°C,87.5%SOC",40,0.875,50828400,14119,588.29166666666663,26,2.67214762660159,89.27414525422796,10.72585474577204,0.036291823726547795,8.5431932232094674,10,87.5,3,3,published_mean_of_3_physical_cells,temperature_soc_condition_mean_trajectory,public_calendar_aging_method_validation,10.17632/kxh42bfgtj.1,https://data.mendeley.com/datasets/kxh42bfgtj/1,CC-BY-4.0,https://creativecommons.org/licenses/by/4.0/
NAUMANN_LFP_CALENDAR_2021,NAUMANN_CAL_T40_SOC87.5,NAUMANN_CAL_T40_SOC87.5,NAUMANN_CAL_T40_SOC87.5_TEST,"TP_40°C,87.5%SOC",40,0.875,52902000,14695,612.29166666666663,27,2.6661808575429999,89.074800651283084,10.925199348716916,0.036449549009521402,9.0149249828197284,10,87.5,3,3,published_mean_of_3_physical_cells,temperature_soc_condition_mean_trajectory,public_calendar_aging_method_validation,10.17632/kxh42bfgtj.1,https://data.mendeley.com/datasets/kxh42bfgtj/1,CC-BY-4.0,https://creativecommons.org/licenses/by/4.0/
NAUMANN_LFP_CALENDAR_2021,NAUMANN_CAL_T40_SOC87.5,NAUMANN_CAL_T40_SOC87.5,NAUMANN_CAL_T40_SOC87.5_TEST,"TP_40°C,87.5%SOC",40,0.875,54532800,15148,631.16666666666663,28,2.6640877344020399,89.004871214203774,10.995128785796226,0.0364927177471807,9.1440359547086292,10,87.5,3,3,published_mean_of_3_physical_cells,temperature_soc_condition_mean_trajectory,public_calendar_aging_method_validation,10.17632/kxh42bfgtj.1,https://data.mendeley.com/datasets/kxh42bfgtj/1,CC-BY-4.0,https://creativecommons.org/licenses/by/4.0/
NAUMANN_LFP_CALENDAR_2021,NAUMANN_CAL_T40_SOC87.5,NAUMANN_CAL_T40_SOC87.5,NAUMANN_CAL_T40_SOC87.5_TEST,"TP_40°C,87.5%SOC",40,0.875,56919600,15811,658.79166666666663,29,2.6560721728172001,88.737078221745008,11.262921778254992,0.036671080958293106,9.6774925435414438,10,87.5,3,3,published_mean_of_3_physical_cells,temperature_soc_condition_mean_trajectory,public_calendar_aging_method_validation,10.17632/kxh42bfgtj.1,https://data.mendeley.com/datasets/kxh42bfgtj/1,CC-BY-4.0,https://creativecommons.org/licenses/by/4.0/
NAUMANN_LFP_CALENDAR_2021,NAUMANN_CAL_T40_SOC87.5,NAUMANN_CAL_T40_SOC87.5,NAUMANN_CAL_T40_SOC87.5_TEST,"TP_40°C,87.5%SOC",40,0.875,61203600,17001,708.375,30,2.6461829526543599,88.406687913784651,11.593312086215349,0.036876018367458303,10.290428420484155,10,87.5,3,3,published_mean_of_3_physical_cells,temperature_soc_condition_mean_trajectory,public_calendar_aging_method_validation,10.17632/kxh42bfgtj.1,https://data.mendeley.com/datasets/kxh42bfgtj/1,CC-BY-4.0,https://creativecommons.org/licenses/by/4.0/
NAUMANN_LFP_CALENDAR_2021,NAUMANN_CAL_T40_SOC87.5,NAUMANN_CAL_T40_SOC87.5,NAUMANN_CAL_T40_SOC87.5_TEST,"TP_40°C,87.5%SOC",40,0.875,65660400,18239,759.95833333333337,31,2.6367441341113498,88.091345135096702,11.908654864903298,0.037118496660597404,11.015643235340056,10,87.5,3,3,published_mean_of_3_physical_cells,temperature_soc_condition_mean_trajectory,public_calendar_aging_method_validation,10.17632/kxh42bfgtj.1,https://data.mendeley.com/datasets/kxh42bfgtj/1,CC-BY-4.0,https://creativecommons.org/licenses/by/4.0/
NAUMANN_LFP_CALENDAR_2021,NAUMANN_CAL_T40_SOC87.5,NAUMANN_CAL_T40_SOC87.5,NAUMANN_CAL_T40_SOC87.5_TEST,"TP_40°C,87.5%SOC",40,0.875,69084000,19190,799.58333333333337,32,2.6292529457479299,87.841070999257411,12.158929000742589,0.037403486463575102,11.868003356019919,10,87.5,3,3,published_mean_of_3_physical_cells,temperature_soc_condition_mean_trajectory,public_calendar_aging_method_validation,10.17632/kxh42bfgtj.1,https://data.mendeley.com/datasets/kxh42bfgtj/1,CC-BY-4.0,https://creativecommons.org/licenses/by/4.0/
NAUMANN_LFP_CALENDAR_2021,NAUMANN_CAL_T40_SOC87.5,NAUMANN_CAL_T40_SOC87.5,NAUMANN_CAL_T40_SOC87.5_TEST,"TP_40°C,87.5%SOC",40,0.875,72586800,20163,840.125,33,2.6221288049589901,87.603059605997586,12.396940394002414,0.0376266410055471,12.535423840325466,10,87.5,3,3,published_mean_of_3_physical_cells,temperature_soc_condition_mean_trajectory,public_calendar_aging_method_validation,10.17632/kxh42bfgtj.1,https://data.mendeley.com/datasets/kxh42bfgtj/1,CC-BY-4.0,https://creativecommons.org/licenses/by/4.0/
NAUMANN_LFP_CALENDAR_2021,NAUMANN_CAL_T40_SOC87.5,NAUMANN_CAL_T40_SOC87.5,NAUMANN_CAL_T40_SOC87.5_TEST,"TP_40°C,87.5%SOC",40,0.875,76467600,21241,885.04166666666663,34,2.6154866149146399,87.381149771030991,12.618850228969009,0.037826159608182398,13.132152910780693,10,87.5,3,3,published_mean_of_3_physical_cells,temperature_soc_condition_mean_trajectory,public_calendar_aging_method_validation,10.17632/kxh42bfgtj.1,https://data.mendeley.com/datasets/kxh42bfgtj/1,CC-BY-4.0,https://creativecommons.org/licenses/by/4.0/
NAUMANN_LFP_CALENDAR_2021,NAUMANN_CAL_T60_SOC0,NAUMANN_CAL_T60_SOC0,NAUMANN_CAL_T60_SOC0_TEST,"TP_60°C,0%SOC",60,0,0,0,0,0,2.99607084911234,100,0,0.033575864569591406,0,10,0,3,3,published_mean_of_3_physical_cells,temperature_soc_condition_mean_trajectory,public_calendar_aging_method_validation,10.17632/kxh42bfgtj.1,https://data.mendeley.com/datasets/kxh42bfgtj/1,CC-BY-4.0,https://creativecommons.org/licenses/by/4.0/
NAUMANN_LFP_CALENDAR_2021,NAUMANN_CAL_T60_SOC0,NAUMANN_CAL_T60_SOC0,NAUMANN_CAL_T60_SOC0_TEST,"TP_60°C,0%SOC",60,0,577188,160.33000000000001,6.6804166666666669,1,2.9950469906694801,99.965826627792751,0.034173372207249031,0.033577294666563506,0.0042593005137314677,10,0,3,3,published_mean_of_3_physical_cells,temperature_soc_condition_mean_trajectory,public_calendar_aging_method_validation,10.17632/kxh42bfgtj.1,https://data.mendeley.com/datasets/kxh42bfgtj/1,CC-BY-4.0,https://creativecommons.org/licenses/by/4.0/
NAUMANN_LFP_CALENDAR_2021,NAUMANN_CAL_T60_SOC0,NAUMANN_CAL_T60_SOC0,NAUMANN_CAL_T60_SOC0_TEST,"TP_60°C,0%SOC",60,0,997128.00000000012,276.98000000000002,11.540833333333335,2,2.9864044932861802,99.677365579354586,0.32263442064541437,0.033620350032627699,0.13249238286654474,10,0,3,3,published_mean_of_3_physical_cells,temperature_soc_condition_mean_trajectory,public_calendar_aging_method_validation,10.17632/kxh42bfgtj.1,https://data.mendeley.com/datasets/kxh42bfgtj/1,CC-BY-4.0,https://creativecommons.org/licenses/by/4.0/
NAUMANN_LFP_CALENDAR_2021,NAUMANN_CAL_T60_SOC0,NAUMANN_CAL_T60_SOC0,NAUMANN_CAL_T60_SOC0_TEST,"TP_60°C,0%SOC",60,0,1472364,408.99000000000001,17.041250000000002,3,2.97791644444513,99.394059567296651,0.60594043270334907,0.033789228091559105,0.63546694836544848,10,0,3,3,published_mean_of_3_physical_cells,temperature_soc_condition_mean_trajectory,public_calendar_aging_method_validation,10.17632/kxh42bfgtj.1,https://data.mendeley.com/datasets/kxh42bfgtj/1,CC-BY-4.0,https://creativecommons.org/licenses/by/4.0/
NAUMANN_LFP_CALENDAR_2021,NAUMANN_CAL_T60_SOC0,NAUMANN_CAL_T60_SOC0,NAUMANN_CAL_T60_SOC0_TEST,"TP_60°C,0%SOC",60,0,2549196,708.11000000000001,29.504583333333333,4,2.9672865834239399,99.039266187682841,0.96073381231715871,0.033887329777383304,0.92764612850499972,10,0,3,3,published_mean_of_3_physical_cells,temperature_soc_condition_mean_trajectory,public_calendar_aging_method_validation,10.17632/kxh42bfgtj.1,https://data.mendeley.com/datasets/kxh42bfgtj/1,CC-BY-4.0,https://creativecommons.org/licenses/by/4.0/
NAUMANN_LFP_CALENDAR_2021,NAUMANN_CAL_T60_SOC0,NAUMANN_CAL_T60_SOC0,NAUMANN_CAL_T60_SOC0_TEST,"TP_60°C,0%SOC",60,0,3632760,1009.1,42.045833333333334,5,2.9579377353640801,98.727229238936133,1.2727707610638674,0.034054329893700497,1.4250275614419161,10,0,3,3,published_mean_of_3_physical_cells,temperature_soc_condition_mean_trajectory,public_calendar_aging_method_validation,10.17632/kxh42bfgtj.1,https://data.mendeley.com/datasets/kxh42bfgtj/1,CC-BY-4.0,https://creativecommons.org/licenses/by/4.0/
NAUMANN_LFP_CALENDAR_2021,NAUMANN_CAL_T60_SOC0,NAUMANN_CAL_T60_SOC0,NAUMANN_CAL_T60_SOC0_TEST,"TP_60°C,0%SOC",60,0,4628160,1285.5999999999999,53.56666666666667,6,2.94910283760662,98.432346434009204,1.5676535659907955,0.034255870524759403,2.0252820407902661,10,0,3,3,published_mean_of_3_physical_cells,temperature_soc_condition_mean_trajectory,public_calendar_aging_method_validation,10.17632/kxh42bfgtj.1,https://data.mendeley.com/datasets/kxh42bfgtj/1,CC-BY-4.0,https://creativecommons.org/licenses/by/4.0/
NAUMANN_LFP_CALENDAR_2021,NAUMANN_CAL_T60_SOC0,NAUMANN_CAL_T60_SOC0,NAUMANN_CAL_T60_SOC0_TEST,"TP_60°C,0%SOC",60,0,7002000,1945,81.041666666666671,7,2.9393775147559298,98.107743868166295,1.8922561318337046,0.0344148678316143,2.4988284673472139,10,0,3,3,published_mean_of_3_physical_cells,temperature_soc_condition_mean_trajectory,public_calendar_aging_method_validation,10.17632/kxh42bfgtj.1,https://data.mendeley.com/datasets/kxh42bfgtj/1,CC-BY-4.0,https://creativecommons.org/licenses/by/4.0/
NAUMANN_LFP_CALENDAR_2021,NAUMANN_CAL_T60_SOC0,NAUMANN_CAL_T60_SOC0,NAUMANN_CAL_T60_SOC0_TEST,"TP_60°C,0%SOC",60,0,9285120,2579.1999999999998,107.46666666666667,8,2.93002665290599,97.795639705051798,2.2043602949482022,0.034743684666149501,3.4781534638895106,10,0,3,3,published_mean_of_3_physical_cells,temperature_soc_condition_mean_trajectory,public_calendar_aging_method_validation,10.17632/kxh42bfgtj.1,https://data.mendeley.com/datasets/kxh42bfgtj/1,CC-BY-4.0,https://creativecommons.org/licenses/by/4.0/
NAUMANN_LFP_CALENDAR_2021,NAUMANN_CAL_T60_SOC0,NAUMANN_CAL_T60_SOC0,NAUMANN_CAL_T60_SOC0_TEST,"TP_60°C,0%SOC",60,0,11832120,3286.6999999999998,136.94583333333333,9,2.92177408729632,97.520193428068225,2.4798065719317748,0.0349780210019211,4.1760843698410266,10,0,3,3,published_mean_of_3_physical_cells,temperature_soc_condition_mean_trajectory,public_calendar_aging_method_validation,10.17632/kxh42bfgtj.1,https://data.mendeley.com/datasets/kxh42bfgtj/1,CC-BY-4.0,https://creativecommons.org/licenses/by/4.0/
NAUMANN_LFP_CALENDAR_2021,NAUMANN_CAL_T60_SOC0,NAUMANN_CAL_T60_SOC0,NAUMANN_CAL_T60_SOC0_TEST,"TP_60°C,0%SOC",60,0,13941720,3872.6999999999998,161.36250000000001,10,2.9149719055733501,97.293156683426972,2.7068433165730283,0.0351042741520151,4.5521078965988115,10,0,3,3,published_mean_of_3_physical_cells,temperature_soc_condition_mean_trajectory,public_calendar_aging_method_validation,10.17632/kxh42bfgtj.1,https://data.mendeley.com/datasets/kxh42bfgtj/1,CC-BY-4.0,https://creativecommons.org/licenses/by/4.0/
NAUMANN_LFP_CALENDAR_2021,NAUMANN_CAL_T60_SOC0,NAUMANN_CAL_T60_SOC0,NAUMANN_CAL_T60_SOC0_TEST,"TP_60°C,0%SOC",60,0,16138800,4483,186.79166666666666,11,2.9085451122589498,97.078649295649271,2.9213507043507292,0.035273301945735802,5.0555284216916574,10,0,3,3,published_mean_of_3_physical_cells,temperature_soc_condition_mean_trajectory,public_calendar_aging_method_validation,10.17632/kxh42bfgtj.1,https://data.mendeley.com/datasets/kxh42bfgtj/1,CC-BY-4.0,https://creativecommons.org/licenses/by/4.0/
NAUMANN_LFP_CALENDAR_2021,NAUMANN_CAL_T60_SOC0,NAUMANN_CAL_T60_SOC0,NAUMANN_CAL_T60_SOC0_TEST,"TP_60°C,0%SOC",60,0,18426960,5118.6000000000004,213.27500000000001,12,2.9019058602090402,96.857050662496903,3.1429493375030972,0.035304797547400804,5.1493327125677002,10,0,3,3,published_mean_of_3_physical_cells,temperature_soc_condition_mean_trajectory,public_calendar_aging_method_validation,10.17632/kxh42bfgtj.1,https://data.mendeley.com/datasets/kxh42bfgtj/1,CC-BY-4.0,https://creativecommons.org/licenses/by/4.0/
NAUMANN_LFP_CALENDAR_2021,NAUMANN_CAL_T60_SOC0,NAUMANN_CAL_T60_SOC0,NAUMANN_CAL_T60_SOC0_TEST,"TP_60°C,0%SOC",60,0,20711160,5753.1000000000004,239.71250000000001,13,2.8940599191308198,96.595176311943902,3.4048236880560978,0.035675792942531107,6.2542793755534065,10,0,3,3,published_mean_of_3_physical_cells,temperature_soc_condition_mean_trajectory,public_calendar_aging_method_validation,10.17632/kxh42bfgtj.1,https://data.mendeley.com/datasets/kxh42bfgtj/1,CC-BY-4.0,https://creativecommons.org/licenses/by/4.0/
NAUMANN_LFP_CALENDAR_2021,NAUMANN_CAL_T60_SOC0,NAUMANN_CAL_T60_SOC0,NAUMANN_CAL_T60_SOC0_TEST,"TP_60°C,0%SOC",60,0,22997160,6388.1000000000004,266.17083333333335,14,2.8941980301393402,96.599786049679622,3.4002139503203779,0.035675332723078101,6.2529086902146869,10,0,3,3,published_mean_of_3_physical_cells,temperature_soc_condition_mean_trajectory,public_calendar_aging_method_validation,10.17632/kxh42bfgtj.1,https://data.mendeley.com/datasets/kxh42bfgtj/1,CC-BY-4.0,https://creativecommons.org/licenses/by/4.0/
NAUMANN_LFP_CALENDAR_2021,NAUMANN_CAL_T60_SOC0,NAUMANN_CAL_T60_SOC0,NAUMANN_CAL_T60_SOC0_TEST,"TP_60°C,0%SOC",60,0,25296120,7026.6999999999998,292.77916666666664,15,2.8765665069008501,96.011297855426349,3.9887021445736508,0.036080273423674598,7.4589556700540127,10,0,3,3,published_mean_of_3_physical_cells,temperature_soc_condition_mean_trajectory,public_calendar_aging_method_validation,10.17632/kxh42bfgtj.1,https://data.mendeley.com/datasets/kxh42bfgtj/1,CC-BY-4.0,https://creativecommons.org/licenses/by/4.0/
NAUMANN_LFP_CALENDAR_2021,NAUMANN_CAL_T60_SOC0,NAUMANN_CAL_T60_SOC0,NAUMANN_CAL_T60_SOC0_TEST,"TP_60°C,0%SOC",60,0,27588240,7663.3999999999996,319.30833333333334,16,2.86731880644848,95.702636915211599,4.297363084788401,0.036301549004053697,8.1179873382347889,10,0,3,3,published_mean_of_3_physical_cells,temperature_soc_condition_mean_trajectory,public_calendar_aging_method_validation,10.17632/kxh42bfgtj.1,https://data.mendeley.com/datasets/kxh42bfgtj/1,CC-BY-4.0,https://creativecommons.org/licenses/by/4.0/
NAUMANN_LFP_CALENDAR_2021,NAUMANN_CAL_T60_SOC0,NAUMANN_CAL_T60_SOC0,NAUMANN_CAL_T60_SOC0_TEST,"TP_60°C,0%SOC",60,0,29880360,8300.1000000000004,345.83749999999998,17,2.8584677535558898,95.407214899566924,4.5927851004330762,0.036322263789357205,8.1796828018335646,10,0,3,3,published_mean_of_3_physical_cells,temperature_soc_condition_mean_trajectory,public_calendar_aging_method_validation,10.17632/kxh42bfgtj.1,https://data.mendeley.com/datasets/kxh42bfgtj/1,CC-BY-4.0,https://creativecommons.org/licenses/by/4.0/
NAUMANN_LFP_CALENDAR_2021,NAUMANN_CAL_T60_SOC0,NAUMANN_CAL_T60_SOC0,NAUMANN_CAL_T60_SOC0_TEST,"TP_60°C,0%SOC",60,0,32513760,9031.6000000000004,376.31666666666666,18,2.8412109538652,94.831233871087491,5.1687661289125089,0.036661543826924603,9.1901706683907634,10,0,3,3,published_mean_of_3_physical_cells,temperature_soc_condition_mean_trajectory,public_calendar_aging_method_validation,10.17632/kxh42bfgtj.1,https://data.mendeley.com/datasets/kxh42bfgtj/1,CC-BY-4.0,https://creativecommons.org/licenses/by/4.0/
NAUMANN_LFP_CALENDAR_2021,NAUMANN_CAL_T60_SOC0,NAUMANN_CAL_T60_SOC0,NAUMANN_CAL_T60_SOC0_TEST,"TP_60°C,0%SOC",60,0,34796880,9665.7999999999993,402.74166666666667,19,2.8334308975282001,94.571558558692757,5.4284414413072426,0.036959060182661402,10.076272514316864,10,0,3,3,published_mean_of_3_physical_cells,temperature_soc_condition_mean_trajectory,public_calendar_aging_method_validation,10.17632/kxh42bfgtj.1,https://data.mendeley.com/datasets/kxh42bfgtj/1,CC-BY-4.0,https://creativecommons.org/licenses/by/4.0/
NAUMANN_LFP_CALENDAR_2021,NAUMANN_CAL_T60_SOC0,NAUMANN_CAL_T60_SOC0,NAUMANN_CAL_T60_SOC0_TEST,"TP_60°C,0%SOC",60,0,37087200,10302,429.25,20,2.8250979432403098,94.293429144952128,5.7065708550478718,0.037048356510527694,10.342226433928413,10,0,3,3,published_mean_of_3_physical_cells,temperature_soc_condition_mean_trajectory,public_calendar_aging_method_validation,10.17632/kxh42bfgtj.1,https://data.mendeley.com/datasets/kxh42bfgtj/1,CC-BY-4.0,https://creativecommons.org/licenses/by/4.0/
NAUMANN_LFP_CALENDAR_2021,NAUMANN_CAL_T60_SOC0,NAUMANN_CAL_T60_SOC0,NAUMANN_CAL_T60_SOC0_TEST,"TP_60°C,0%SOC",60,0,39380400,10939,455.79166666666669,21,2.8160783124704301,93.992380497435917,6.0076195025640828,0.037352690502922399,11.248633450682743,10,0,3,3,published_mean_of_3_physical_cells,temperature_soc_condition_mean_trajectory,public_calendar_aging_method_validation,10.17632/kxh42bfgtj.1,https://data.mendeley.com/datasets/kxh42bfgtj/1,CC-BY-4.0,https://creativecommons.org/licenses/by/4.0/
NAUMANN_LFP_CALENDAR_2021,NAUMANN_CAL_T60_SOC0,NAUMANN_CAL_T60_SOC0,NAUMANN_CAL_T60_SOC0_TEST,"TP_60°C,0%SOC",60,0,41670000,11575,482.29166666666669,22,2.8059909063869601,93.655692662218058,6.3443073377819417,0.037720425685685198,12.343870125826605,10,0,3,3,published_mean_of_3_physical_cells,temperature_soc_condition_mean_trajectory,public_calendar_aging_method_validation,10.17632/kxh42bfgtj.1,https://data.mendeley.com/datasets/kxh42bfgtj/1,CC-BY-4.0,https://creativecommons.org/licenses/by/4.0/
NAUMANN_LFP_CALENDAR_2021,NAUMANN_CAL_T60_SOC0,NAUMANN_CAL_T60_SOC0,NAUMANN_CAL_T60_SOC0_TEST,"TP_60°C,0%SOC",60,0,43959600,12211,508.79166666666669,23,2.7964858426361898,93.338441694885745,6.6615583051142551,0.037854813797584298,12.744122252232938,10,0,3,3,published_mean_of_3_physical_cells,temperature_soc_condition_mean_trajectory,public_calendar_aging_method_validation,10.17632/kxh42bfgtj.1,https://data.mendeley.com/datasets/kxh42bfgtj/1,CC-BY-4.0,https://creativecommons.org/licenses/by/4.0/
NAUMANN_LFP_CALENDAR_2021,NAUMANN_CAL_T60_SOC0,NAUMANN_CAL_T60_SOC0,NAUMANN_CAL_T60_SOC0_TEST,"TP_60°C,0%SOC",60,0,46238400,12844,535.16666666666663,24,2.7864749416140899,93.004307372759627,6.9956926272403734,0.038125811682583804,13.551243344938735,10,0,3,3,published_mean_of_3_physical_cells,temperature_soc_condition_mean_trajectory,public_calendar_aging_method_validation,10.17632/kxh42bfgtj.1,https://data.mendeley.com/datasets/kxh42bfgtj/1,CC-BY-4.0,https://creativecommons.org/licenses/by/4.0/
NAUMANN_LFP_CALENDAR_2021,NAUMANN_CAL_T60_SOC0,NAUMANN_CAL_T60_SOC0,NAUMANN_CAL_T60_SOC0_TEST,"TP_60°C,0%SOC",60,0,48531600,13481,561.70833333333337,25,2.77635672741564,92.666591253614854,7.3334087463851461,0.038255916944847597,13.938739732393257,10,0,3,3,published_mean_of_3_physical_cells,temperature_soc_condition_mean_trajectory,public_calendar_aging_method_validation,10.17632/kxh42bfgtj.1,https://data.mendeley.com/datasets/kxh42bfgtj/1,CC-BY-4.0,https://creativecommons.org/licenses/by/4.0/
NAUMANN_LFP_CALENDAR_2021,NAUMANN_CAL_T60_SOC0,NAUMANN_CAL_T60_SOC0,NAUMANN_CAL_T60_SOC0_TEST,"TP_60°C,0%SOC",60,0,50828400,14119,588.29166666666663,26,2.7656082718895001,92.30783953953825,7.6921604604617499,0.038655422962441399,15.128600433569739,10,0,3,3,published_mean_of_3_physical_cells,temperature_soc_condition_mean_trajectory,public_calendar_aging_method_validation,10.17632/kxh42bfgtj.1,https://data.mendeley.com/datasets/kxh42bfgtj/1,CC-BY-4.0,https://creativecommons.org/licenses/by/4.0/
NAUMANN_LFP_CALENDAR_2021,NAUMANN_CAL_T60_SOC0,NAUMANN_CAL_T60_SOC0,NAUMANN_CAL_T60_SOC0_TEST,"TP_60°C,0%SOC",60,0,52902000,14695,612.29166666666663,27,2.7556826902300098,91.976552925857831,8.0234470741421688,0.038972886787422396,16.07411242276364,10,0,3,3,published_mean_of_3_physical_cells,temperature_soc_condition_mean_trajectory,public_calendar_aging_method_validation,10.17632/kxh42bfgtj.1,https://data.mendeley.com/datasets/kxh42bfgtj/1,CC-BY-4.0,https://creativecommons.org/licenses/by/4.0/
NAUMANN_LFP_CALENDAR_2021,NAUMANN_CAL_T60_SOC0,NAUMANN_CAL_T60_SOC0,NAUMANN_CAL_T60_SOC0_TEST,"TP_60°C,0%SOC",60,0,54532800,15148,631.16666666666663,28,2.7387945361216701,91.412876198608771,8.587123801391229,0.0391726497356127,16.669072376144033,10,0,3,3,published_mean_of_3_physical_cells,temperature_soc_condition_mean_trajectory,public_calendar_aging_method_validation,10.17632/kxh42bfgtj.1,https://data.mendeley.com/datasets/kxh42bfgtj/1,CC-BY-4.0,https://creativecommons.org/licenses/by/4.0/
NAUMANN_LFP_CALENDAR_2021,NAUMANN_CAL_T60_SOC0,NAUMANN_CAL_T60_SOC0,NAUMANN_CAL_T60_SOC0_TEST,"TP_60°C,0%SOC",60,0,56919600,15811,658.79166666666663,29,2.7304185523354998,91.133310587246413,8.8666894127535869,0.039650433727218597,18.092070704647579,10,0,3,3,published_mean_of_3_physical_cells,temperature_soc_condition_mean_trajectory,public_calendar_aging_method_validation,10.17632/kxh42bfgtj.1,https://data.mendeley.com/datasets/kxh42bfgtj/1,CC-BY-4.0,https://creativecommons.org/licenses/by/4.0/
NAUMANN_LFP_CALENDAR_2021,NAUMANN_CAL_T60_SOC0,NAUMANN_CAL_T60_SOC0,NAUMANN_CAL_T60_SOC0_TEST,"TP_60°C,0%SOC",60,0,61203600,17001,708.375,30,2.7191686514302802,90.757822106773645,9.242177893226355,0.040034327915811699,19.235434229352698,10,0,3,3,published_mean_of_3_physical_cells,temperature_soc_condition_mean_trajectory,public_calendar_aging_method_validation,10.17632/kxh42bfgtj.1,https://data.mendeley.com/datasets/kxh42bfgtj/1,CC-BY-4.0,https://creativecommons.org/licenses/by/4.0/
NAUMANN_LFP_CALENDAR_2021,NAUMANN_CAL_T60_SOC0,NAUMANN_CAL_T60_SOC0,NAUMANN_CAL_T60_SOC0_TEST,"TP_60°C,0%SOC",60,0,65660400,18239,759.95833333333337,31,2.7053247688544202,90.295754176038244,9.7042458239617559,0.040553783041836398,20.782542941767378,10,0,3,3,published_mean_of_3_physical_cells,temperature_soc_condition_mean_trajectory,public_calendar_aging_method_validation,10.17632/kxh42bfgtj.1,https://data.mendeley.com/datasets/kxh42bfgtj/1,CC-BY-4.0,https://creativecommons.org/licenses/by/4.0/
NAUMANN_LFP_CALENDAR_2021,NAUMANN_CAL_T60_SOC0,NAUMANN_CAL_T60_SOC0,NAUMANN_CAL_T60_SOC0_TEST,"TP_60°C,0%SOC",60,0,69084000,19190,799.58333333333337,32,2.6902608613263101,89.792965414131189,10.207034585868811,0.041029767113442805,22.200180514792045,10,0,3,3,published_mean_of_3_physical_cells,temperature_soc_condition_mean_trajectory,public_calendar_aging_method_validation,10.17632/kxh42bfgtj.1,https://data.mendeley.com/datasets/kxh42bfgtj/1,CC-BY-4.0,https://creativecommons.org/licenses/by/4.0/
NAUMANN_LFP_CALENDAR_2021,NAUMANN_CAL_T60_SOC0,NAUMANN_CAL_T60_SOC0,NAUMANN_CAL_T60_SOC0_TEST,"TP_60°C,0%SOC",60,0,72586800,20163,840.125,33,2.6787205383416399,89.407783502024898,10.592216497975102,0.041348152460791501,23.148437101569709,10,0,3,3,published_mean_of_3_physical_cells,temperature_soc_condition_mean_trajectory,public_calendar_aging_method_validation,10.17632/kxh42bfgtj.1,https://data.mendeley.com/datasets/kxh42bfgtj/1,CC-BY-4.0,https://creativecommons.org/licenses/by/4.0/
NAUMANN_LFP_CALENDAR_2021,NAUMANN_CAL_T60_SOC0,NAUMANN_CAL_T60_SOC0,NAUMANN_CAL_T60_SOC0_TEST,"TP_60°C,0%SOC",60,0,76467600,21241,885.04166666666663,34,2.6514338742704302,88.497035210498538,11.502964789501462,0.042038683778550398,25.205067144044602,10,0,3,3,published_mean_of_3_physical_cells,temperature_soc_condition_mean_trajectory,public_calendar_aging_method_validation,10.17632/kxh42bfgtj.1,https://data.mendeley.com/datasets/kxh42bfgtj/1,CC-BY-4.0,https://creativecommons.org/licenses/by/4.0/
NAUMANN_LFP_CALENDAR_2021,NAUMANN_CAL_T60_SOC100,NAUMANN_CAL_T60_SOC100,NAUMANN_CAL_T60_SOC100_TEST,"TP_60°C,100%SOC",60,1,0,0,0,0,2.99094017096012,100,0,0.0332556287312991,0,10,100,3,3,published_mean_of_3_physical_cells,temperature_soc_condition_mean_trajectory,public_calendar_aging_method_validation,10.17632/kxh42bfgtj.1,https://data.mendeley.com/datasets/kxh42bfgtj/1,CC-BY-4.0,https://creativecommons.org/licenses/by/4.0/
NAUMANN_LFP_CALENDAR_2021,NAUMANN_CAL_T60_SOC100,NAUMANN_CAL_T60_SOC100,NAUMANN_CAL_T60_SOC100_TEST,"TP_60°C,100%SOC",60,1,577188,160.33000000000001,6.6804166666666669,1,2.9142490642809502,97.43588630010774,2.5641136998922605,0.032969065673468599,-0.8616979102872846,10,100,3,3,published_mean_of_3_physical_cells,temperature_soc_condition_mean_trajectory,public_calendar_aging_method_validation,10.17632/kxh42bfgtj.1,https://data.mendeley.com/datasets/kxh42bfgtj/1,CC-BY-4.0,https://creativecommons.org/licenses/by/4.0/
NAUMANN_LFP_CALENDAR_2021,NAUMANN_CAL_T60_SOC100,NAUMANN_CAL_T60_SOC100,NAUMANN_CAL_T60_SOC100_TEST,"TP_60°C,100%SOC",60,1,997128.00000000012,276.98000000000002,11.540833333333335,2,2.8802013330329799,96.297524136312234,3.7024758636877664,0.032988902147928101,-0.80204943808493967,10,100,3,3,published_mean_of_3_physical_cells,temperature_soc_condition_mean_trajectory,public_calendar_aging_method_validation,10.17632/kxh42bfgtj.1,https://data.mendeley.com/datasets/kxh42bfgtj/1,CC-BY-4.0,https://creativecommons.org/licenses/by/4.0/
NAUMANN_LFP_CALENDAR_2021,NAUMANN_CAL_T60_SOC100,NAUMANN_CAL_T60_SOC100,NAUMANN_CAL_T60_SOC100_TEST,"TP_60°C,100%SOC",60,1,1472364,408.99000000000001,17.041250000000002,3,2.8560880035979199,95.491311773083325,4.508688226916675,0.033211050094353295,-0.13404839615571706,10,100,3,3,published_mean_of_3_physical_cells,temperature_soc_condition_mean_trajectory,public_calendar_aging_method_validation,10.17632/kxh42bfgtj.1,https://data.mendeley.com/datasets/kxh42bfgtj/1,CC-BY-4.0,https://creativecommons.org/licenses/by/4.0/
NAUMANN_LFP_CALENDAR_2021,NAUMANN_CAL_T60_SOC100,NAUMANN_CAL_T60_SOC100,NAUMANN_CAL_T60_SOC100_TEST,"TP_60°C,100%SOC",60,1,2549196,708.11000000000001,29.504583333333333,4,2.8187979209246401,94.244543849226488,5.7554561507735116,0.033508257374568404,0.75965679467528968,10,100,3,3,published_mean_of_3_physical_cells,temperature_soc_condition_mean_trajectory,public_calendar_aging_method_validation,10.17632/kxh42bfgtj.1,https://data.mendeley.com/datasets/kxh42bfgtj/1,CC-BY-4.0,https://creativecommons.org/licenses/by/4.0/
NAUMANN_LFP_CALENDAR_2021,NAUMANN_CAL_T60_SOC100,NAUMANN_CAL_T60_SOC100,NAUMANN_CAL_T60_SOC100_TEST,"TP_60°C,100%SOC",60,1,3632760,1009.1,42.045833333333334,5,2.79327440080041,93.391182743175449,6.6088172568245511,0.033890885224601805,1.910222472218126,10,100,3,3,published_mean_of_3_physical_cells,temperature_soc_condition_mean_trajectory,public_calendar_aging_method_validation,10.17632/kxh42bfgtj.1,https://data.mendeley.com/datasets/kxh42bfgtj/1,CC-BY-4.0,https://creativecommons.org/licenses/by/4.0/
NAUMANN_LFP_CALENDAR_2021,NAUMANN_CAL_T60_SOC100,NAUMANN_CAL_T60_SOC100,NAUMANN_CAL_T60_SOC100_TEST,"TP_60°C,100%SOC",60,1,4628160,1285.5999999999999,53.56666666666667,6,2.7707452489651199,92.637936253859749,7.3620637461402509,0.034271741976480002,3.0554624403313912,10,100,3,3,published_mean_of_3_physical_cells,temperature_soc_condition_mean_trajectory,public_calendar_aging_method_validation,10.17632/kxh42bfgtj.1,https://data.mendeley.com/datasets/kxh42bfgtj/1,CC-BY-4.0,https://creativecommons.org/licenses/by/4.0/
NAUMANN_LFP_CALENDAR_2021,NAUMANN_CAL_T60_SOC100,NAUMANN_CAL_T60_SOC100,NAUMANN_CAL_T60_SOC100_TEST,"TP_60°C,100%SOC",60,1,7002000,1945,81.041666666666671,7,2.7322556577759101,91.351063598802455,8.6489364011975454,0.0349711766435859,5.1586693072267265,10,100,3,3,published_mean_of_3_physical_cells,temperature_soc_condition_mean_trajectory,public_calendar_aging_method_validation,10.17632/kxh42bfgtj.1,https://data.mendeley.com/datasets/kxh42bfgtj/1,CC-BY-4.0,https://creativecommons.org/licenses/by/4.0/
NAUMANN_LFP_CALENDAR_2021,NAUMANN_CAL_T60_SOC100,NAUMANN_CAL_T60_SOC100,NAUMANN_CAL_T60_SOC100_TEST,"TP_60°C,100%SOC",60,1,9285120,2579.1999999999998,107.46666666666667,8,2.7014986439596802,90.32272427878334,9.6772757212166596,0.035786603756592004,7.610666590437476,10,100,3,3,published_mean_of_3_physical_cells,temperature_soc_condition_mean_trajectory,public_calendar_aging_method_validation,10.17632/kxh42bfgtj.1,https://data.mendeley.com/datasets/kxh42bfgtj/1,CC-BY-4.0,https://creativecommons.org/licenses/by/4.0/
NAUMANN_LFP_CALENDAR_2021,NAUMANN_CAL_T60_SOC100,NAUMANN_CAL_T60_SOC100,NAUMANN_CAL_T60_SOC100_TEST,"TP_60°C,100%SOC",60,1,11832120,3286.6999999999998,136.94583333333333,9,2.6774562862875499,89.518884806982328,10.481115193017672,0.0365075394443111,9.7785272360567674,10,100,3,3,published_mean_of_3_physical_cells,temperature_soc_condition_mean_trajectory,public_calendar_aging_method_validation,10.17632/kxh42bfgtj.1,https://data.mendeley.com/datasets/kxh42bfgtj/1,CC-BY-4.0,https://creativecommons.org/licenses/by/4.0/
NAUMANN_LFP_CALENDAR_2021,NAUMANN_CAL_T60_SOC100,NAUMANN_CAL_T60_SOC100,NAUMANN_CAL_T60_SOC100_TEST,"TP_60°C,100%SOC",60,1,13941720,3872.6999999999998,161.36250000000001,10,2.65881581314737,88.895653579518608,11.104346420481392,0.037057507630122,11.432286935669023,10,100,3,3,published_mean_of_3_physical_cells,temperature_soc_condition_mean_trajectory,public_calendar_aging_method_validation,10.17632/kxh42bfgtj.1,https://data.mendeley.com/datasets/kxh42bfgtj/1,CC-BY-4.0,https://creativecommons.org/licenses/by/4.0/
NAUMANN_LFP_CALENDAR_2021,NAUMANN_CAL_T60_SOC100,NAUMANN_CAL_T60_SOC100,NAUMANN_CAL_T60_SOC100_TEST,"TP_60°C,100%SOC",60,1,16138800,4483,186.79166666666666,11,2.6415881225266702,88.319657750917017,11.680342249082983,0.037640169295196105,13.184356246347019,10,100,3,3,published_mean_of_3_physical_cells,temperature_soc_condition_mean_trajectory,public_calendar_aging_method_validation,10.17632/kxh42bfgtj.1,https://data.mendeley.com/datasets/kxh42bfgtj/1,CC-BY-4.0,https://creativecommons.org/licenses/by/4.0/
NAUMANN_LFP_CALENDAR_2021,NAUMANN_CAL_T60_SOC100,NAUMANN_CAL_T60_SOC100,NAUMANN_CAL_T60_SOC100_TEST,"TP_60°C,100%SOC",60,1,18426960,5118.6000000000004,213.27500000000001,12,2.6224239390154098,87.678916632210232,12.321083367789768,0.0377983761711451,13.660085865616246,10,100,3,3,published_mean_of_3_physical_cells,temperature_soc_condition_mean_trajectory,public_calendar_aging_method_validation,10.17632/kxh42bfgtj.1,https://data.mendeley.com/datasets/kxh42bfgtj/1,CC-BY-4.0,https://creativecommons.org/licenses/by/4.0/
NAUMANN_LFP_CALENDAR_2021,NAUMANN_CAL_T60_SOC100,NAUMANN_CAL_T60_SOC100,NAUMANN_CAL_T60_SOC100_TEST,"TP_60°C,100%SOC",60,1,20711160,5753.1000000000004,239.71250000000001,13,2.6009243078346,86.960091448425032,13.039908551574968,0.038763539103030799,16.562340216854277,10,100,3,3,published_mean_of_3_physical_cells,temperature_soc_condition_mean_trajectory,public_calendar_aging_method_validation,10.17632/kxh42bfgtj.1,https://data.mendeley.com/datasets/kxh42bfgtj/1,CC-BY-4.0,https://creativecommons.org/licenses/by/4.0/
NAUMANN_LFP_CALENDAR_2021,NAUMANN_CAL_T60_SOC100,NAUMANN_CAL_T60_SOC100,NAUMANN_CAL_T60_SOC100_TEST,"TP_60°C,100%SOC",60,1,22997160,6388.1000000000004,266.17083333333335,14,2.5791473497237698,86.231994032025028,13.768005967974972,0.039341620089702198,18.300635382891329,10,100,3,3,published_mean_of_3_physical_cells,temperature_soc_condition_mean_trajectory,public_calendar_aging_method_validation,10.17632/kxh42bfgtj.1,https://data.mendeley.com/datasets/kxh42bfgtj/1,CC-BY-4.0,https://creativecommons.org/licenses/by/4.0/
NAUMANN_LFP_CALENDAR_2021,NAUMANN_CAL_T60_SOC100,NAUMANN_CAL_T60_SOC100,NAUMANN_CAL_T60_SOC100_TEST,"TP_60°C,100%SOC",60,1,25296120,7026.6999999999998,292.77916666666664,15,2.5614658994082702,85.640827064287791,14.359172935712209,0.039994319430797905,20.263308668576062,10,100,3,3,published_mean_of_3_physical_cells,temperature_soc_condition_mean_trajectory,public_calendar_aging_method_validation,10.17632/kxh42bfgtj.1,https://data.mendeley.com/datasets/kxh42bfgtj/1,CC-BY-4.0,https://creativecommons.org/licenses/by/4.0/
NAUMANN_LFP_CALENDAR_2021,NAUMANN_CAL_T60_SOC100,NAUMANN_CAL_T60_SOC100,NAUMANN_CAL_T60_SOC100_TEST,"TP_60°C,100%SOC",60,1,27588240,7663.3999999999996,319.30833333333334,16,2.5436013253716299,85.043537482567217,14.956462517432783,0.0408515459805937,22.840997265962294,10,100,3,3,published_mean_of_3_physical_cells,temperature_soc_condition_mean_trajectory,public_calendar_aging_method_validation,10.17632/kxh42bfgtj.1,https://data.mendeley.com/datasets/kxh42bfgtj/1,CC-BY-4.0,https://creativecommons.org/licenses/by/4.0/
NAUMANN_LFP_CALENDAR_2021,NAUMANN_CAL_T60_SOC100,NAUMANN_CAL_T60_SOC100,NAUMANN_CAL_T60_SOC100_TEST,"TP_60°C,100%SOC",60,1,29880360,8300.1000000000004,345.83749999999998,17,2.5299158043700198,84.585971626369684,15.414028373630316,0.041444905816155501,24.625236079656275,10,100,3,3,published_mean_of_3_physical_cells,temperature_soc_condition_mean_trajectory,public_calendar_aging_method_validation,10.17632/kxh42bfgtj.1,https://data.mendeley.com/datasets/kxh42bfgtj/1,CC-BY-4.0,https://creativecommons.org/licenses/by/4.0/
NAUMANN_LFP_CALENDAR_2021,NAUMANN_CAL_T60_SOC100,NAUMANN_CAL_T60_SOC100,NAUMANN_CAL_T60_SOC100_TEST,"TP_60°C,100%SOC",60,1,32513760,9031.6000000000004,376.31666666666666,18,2.5115301629610598,83.971260520227489,16.028739479772511,0.042154692622490997,26.759571930198977,10,100,3,3,published_mean_of_3_physical_cells,temperature_soc_condition_mean_trajectory,public_calendar_aging_method_validation,10.17632/kxh42bfgtj.1,https://data.mendeley.com/datasets/kxh42bfgtj/1,CC-BY-4.0,https://creativecommons.org/licenses/by/4.0/
NAUMANN_LFP_CALENDAR_2021,NAUMANN_CAL_T60_SOC100,NAUMANN_CAL_T60_SOC100,NAUMANN_CAL_T60_SOC100_TEST,"TP_60°C,100%SOC",60,1,34796880,9665.7999999999993,402.74166666666667,19,2.4972993752274699,83.495464050884479,16.504535949115521,0.042769127853336898,28.607184663100369,10,100,3,3,published_mean_of_3_physical_cells,temperature_soc_condition_mean_trajectory,public_calendar_aging_method_validation,10.17632/kxh42bfgtj.1,https://data.mendeley.com/datasets/kxh42bfgtj/1,CC-BY-4.0,https://creativecommons.org/licenses/by/4.0/
NAUMANN_LFP_CALENDAR_2021,NAUMANN_CAL_T60_SOC100,NAUMANN_CAL_T60_SOC100,NAUMANN_CAL_T60_SOC100_TEST,"TP_60°C,100%SOC",60,1,37087200,10302,429.25,20,2.4846479246425401,83.072471618345503,16.927528381654497,0.043085054427627806,29.55717895382195,10,100,3,3,published_mean_of_3_physical_cells,temperature_soc_condition_mean_trajectory,public_calendar_aging_method_validation,10.17632/kxh42bfgtj.1,https://data.mendeley.com/datasets/kxh42bfgtj/1,CC-BY-4.0,https://creativecommons.org/licenses/by/4.0/
NAUMANN_LFP_CALENDAR_2021,NAUMANN_CAL_T60_SOC100,NAUMANN_CAL_T60_SOC100,NAUMANN_CAL_T60_SOC100_TEST,"TP_60°C,100%SOC",60,1,39380400,10939,455.79166666666669,21,2.4732118358950701,82.690113961762918,17.309886038237082,0.043851208292989906,31.861011100712091,10,100,3,3,published_mean_of_3_physical_cells,temperature_soc_condition_mean_trajectory,public_calendar_aging_method_validation,10.17632/kxh42bfgtj.1,https://data.mendeley.com/datasets/kxh42bfgtj/1,CC-BY-4.0,https://creativecommons.org/licenses/by/4.0/
NAUMANN_LFP_CALENDAR_2021,NAUMANN_CAL_T60_SOC100,NAUMANN_CAL_T60_SOC100,NAUMANN_CAL_T60_SOC100_TEST,"TP_60°C,100%SOC",60,1,41670000,11575,482.29166666666669,22,2.4601969678387601,82.254970919361909,17.745029080638091,0.044004599136406398,32.322258863176209,10,100,3,3,published_mean_of_3_physical_cells,temperature_soc_condition_mean_trajectory,public_calendar_aging_method_validation,10.17632/kxh42bfgtj.1,https://data.mendeley.com/datasets/kxh42bfgtj/1,CC-BY-4.0,https://creativecommons.org/licenses/by/4.0/
NAUMANN_LFP_CALENDAR_2021,NAUMANN_CAL_T60_SOC100,NAUMANN_CAL_T60_SOC100,NAUMANN_CAL_T60_SOC100_TEST,"TP_60°C,100%SOC",60,1,43959600,12211,508.79166666666669,23,2.44792990532979,81.844830234233058,18.155169765766942,0.044510741424047602,33.8442336594754,10,100,3,3,published_mean_of_3_physical_cells,temperature_soc_condition_mean_trajectory,public_calendar_aging_method_validation,10.17632/kxh42bfgtj.1,https://data.mendeley.com/datasets/kxh42bfgtj/1,CC-BY-4.0,https://creativecommons.org/licenses/by/4.0/
NAUMANN_LFP_CALENDAR_2021,NAUMANN_CAL_T60_SOC100,NAUMANN_CAL_T60_SOC100,NAUMANN_CAL_T60_SOC100_TEST,"TP_60°C,100%SOC",60,1,46238400,12844,535.16666666666663,24,2.4358440909181001,81.440749452911035,18.559250547088965,0.045153220842789901,35.776175538949232,10,100,3,3,published_mean_of_3_physical_cells,temperature_soc_condition_mean_trajectory,public_calendar_aging_method_validation,10.17632/kxh42bfgtj.1,https://data.mendeley.com/datasets/kxh42bfgtj/1,CC-BY-4.0,https://creativecommons.org/licenses/by/4.0/
NAUMANN_LFP_CALENDAR_2021,NAUMANN_CAL_T60_SOC100,NAUMANN_CAL_T60_SOC100,NAUMANN_CAL_T60_SOC100_TEST,"TP_60°C,100%SOC",60,1,48531600,13481,561.70833333333337,25,2.42411618686404,81.048635154941124,18.951364845058876,0.045469873967760602,36.728354574652379,10,100,3,3,published_mean_of_3_physical_cells,temperature_soc_condition_mean_trajectory,public_calendar_aging_method_validation,10.17632/kxh42bfgtj.1,https://data.mendeley.com/datasets/kxh42bfgtj/1,CC-BY-4.0,https://creativecommons.org/licenses/by/4.0/
NAUMANN_LFP_CALENDAR_2021,NAUMANN_CAL_T60_SOC100,NAUMANN_CAL_T60_SOC100,NAUMANN_CAL_T60_SOC100_TEST,"TP_60°C,100%SOC",60,1,50828400,14119,588.29166666666663,26,2.4127928559198,80.670047476919976,19.329952523080024,0.045955470161349904,38.188547065712619,10,100,3,3,published_mean_of_3_physical_cells,temperature_soc_condition_mean_trajectory,public_calendar_aging_method_validation,10.17632/kxh42bfgtj.1,https://data.mendeley.com/datasets/kxh42bfgtj/1,CC-BY-4.0,https://creativecommons.org/licenses/by/4.0/
NAUMANN_LFP_CALENDAR_2021,NAUMANN_CAL_T60_SOC100,NAUMANN_CAL_T60_SOC100,NAUMANN_CAL_T60_SOC100_TEST,"TP_60°C,100%SOC",60,1,52902000,14695,612.29166666666663,27,2.4022289765100999,80.316851531636019,19.683148468363981,0.047006605252926104,41.349320539788927,10,100,3,3,published_mean_of_3_physical_cells,temperature_soc_condition_mean_trajectory,public_calendar_aging_method_validation,10.17632/kxh42bfgtj.1,https://data.mendeley.com/datasets/kxh42bfgtj/1,CC-BY-4.0,https://creativecommons.org/licenses/by/4.0/
NAUMANN_LFP_CALENDAR_2021,NAUMANN_CAL_T60_SOC100,NAUMANN_CAL_T60_SOC100,NAUMANN_CAL_T60_SOC100_TEST,"TP_60°C,100%SOC",60,1,54532800,15148,631.16666666666663,28,2.3943562032338899,80.05363084428663,19.94636915571337,0.046911185929136803,41.062393702349539,10,100,3,3,published_mean_of_3_physical_cells,temperature_soc_condition_mean_trajectory,public_calendar_aging_method_validation,10.17632/kxh42bfgtj.1,https://data.mendeley.com/datasets/kxh42bfgtj/1,CC-BY-4.0,https://creativecommons.org/licenses/by/4.0/
NAUMANN_LFP_CALENDAR_2021,NAUMANN_CAL_T60_SOC100,NAUMANN_CAL_T60_SOC100,NAUMANN_CAL_T60_SOC100_TEST,"TP_60°C,100%SOC",60,1,56919600,15811,658.79166666666663,29,2.3836273373024399,79.694918689639763,20.305081310360237,0.047604268190943204,43.14649882454227,10,100,3,3,published_mean_of_3_physical_cells,temperature_soc_condition_mean_trajectory,public_calendar_aging_method_validation,10.17632/kxh42bfgtj.1,https://data.mendeley.com/datasets/kxh42bfgtj/1,CC-BY-4.0,https://creativecommons.org/licenses/by/4.0/
NAUMANN_LFP_CALENDAR_2021,NAUMANN_CAL_T60_SOC100,NAUMANN_CAL_T60_SOC100,NAUMANN_CAL_T60_SOC100_TEST,"TP_60°C,100%SOC",60,1,61203600,17001,708.375,30,2.3688128715365,79.1996073520952,20.8003926479048,0.048714080129064002,46.483714148564317,10,100,3,3,published_mean_of_3_physical_cells,temperature_soc_condition_mean_trajectory,public_calendar_aging_method_validation,10.17632/kxh42bfgtj.1,https://data.mendeley.com/datasets/kxh42bfgtj/1,CC-BY-4.0,https://creativecommons.org/licenses/by/4.0/
NAUMANN_LFP_CALENDAR_2021,NAUMANN_CAL_T60_SOC100,NAUMANN_CAL_T60_SOC100,NAUMANN_CAL_T60_SOC100_TEST,"TP_60°C,100%SOC",60,1,65660400,18239,759.95833333333337,31,2.3531195918948402,78.674913485128883,21.325086514871117,0.049340855512764702,48.368433841476929,10,100,3,3,published_mean_of_3_physical_cells,temperature_soc_condition_mean_trajectory,public_calendar_aging_method_validation,10.17632/kxh42bfgtj.1,https://data.mendeley.com/datasets/kxh42bfgtj/1,CC-BY-4.0,https://creativecommons.org/licenses/by/4.0/
NAUMANN_LFP_CALENDAR_2021,NAUMANN_CAL_T60_SOC100,NAUMANN_CAL_T60_SOC100,NAUMANN_CAL_T60_SOC100_TEST,"TP_60°C,100%SOC",60,1,69084000,19190,799.58333333333337,32,2.34114448877245,78.274534258601378,21.725465741398622,0.049922554829155502,50.117609360276624,10,100,3,3,published_mean_of_3_physical_cells,temperature_soc_condition_mean_trajectory,public_calendar_aging_method_validation,10.17632/kxh42bfgtj.1,https://data.mendeley.com/datasets/kxh42bfgtj/1,CC-BY-4.0,https://creativecommons.org/licenses/by/4.0/
NAUMANN_LFP_CALENDAR_2021,NAUMANN_CAL_T60_SOC100,NAUMANN_CAL_T60_SOC100,NAUMANN_CAL_T60_SOC100_TEST,"TP_60°C,100%SOC",60,1,72586800,20163,840.125,33,2.32904149612648,77.869879134989034,22.130120865010966,0.050874683601799198,52.980669867527183,10,100,3,3,published_mean_of_3_physical_cells,temperature_soc_condition_mean_trajectory,public_calendar_aging_method_validation,10.17632/kxh42bfgtj.1,https://data.mendeley.com/datasets/kxh42bfgtj/1,CC-BY-4.0,https://creativecommons.org/licenses/by/4.0/
NAUMANN_LFP_CALENDAR_2021,NAUMANN_CAL_T60_SOC100,NAUMANN_CAL_T60_SOC100,NAUMANN_CAL_T60_SOC100_TEST,"TP_60°C,100%SOC",60,1,76467600,21241,885.04166666666663,34,2.3161016672214201,77.437244974309522,22.562755025690478,0.051672479041168104,55.379648536115852,10,100,3,3,published_mean_of_3_physical_cells,temperature_soc_condition_mean_trajectory,public_calendar_aging_method_validation,10.17632/kxh42bfgtj.1,https://data.mendeley.com/datasets/kxh42bfgtj/1,CC-BY-4.0,https://creativecommons.org/licenses/by/4.0/
NAUMANN_LFP_CALENDAR_2021,NAUMANN_CAL_T60_SOC50,NAUMANN_CAL_T60_SOC50,NAUMANN_CAL_T60_SOC50_TEST,"TP_60°C,50%SOC",60,0.5,0,0,0,0,2.9908361533229799,100,0,0.0335918473450115,0,10,50,3,3,published_mean_of_3_physical_cells,temperature_soc_condition_mean_trajectory,public_calendar_aging_method_validation,10.17632/kxh42bfgtj.1,https://data.mendeley.com/datasets/kxh42bfgtj/1,CC-BY-4.0,https://creativecommons.org/licenses/by/4.0/
NAUMANN_LFP_CALENDAR_2021,NAUMANN_CAL_T60_SOC50,NAUMANN_CAL_T60_SOC50,NAUMANN_CAL_T60_SOC50_TEST,"TP_60°C,50%SOC",60,0.5,577188,160.33000000000001,6.6804166666666669,1,2.9471749487813299,98.540167287561374,1.4598327124386259,0.0336919816900587,0.2980912124860291,10,50,3,3,published_mean_of_3_physical_cells,temperature_soc_condition_mean_trajectory,public_calendar_aging_method_validation,10.17632/kxh42bfgtj.1,https://data.mendeley.com/datasets/kxh42bfgtj/1,CC-BY-4.0,https://creativecommons.org/licenses/by/4.0/
NAUMANN_LFP_CALENDAR_2021,NAUMANN_CAL_T60_SOC50,NAUMANN_CAL_T60_SOC50,NAUMANN_CAL_T60_SOC50_TEST,"TP_60°C,50%SOC",60,0.5,997128.00000000012,276.98000000000002,11.540833333333335,2,2.9233865342311698,97.744790565779738,2.2552094342202622,0.034019576523796703,1.2733124629679571,10,50,3,3,published_mean_of_3_physical_cells,temperature_soc_condition_mean_trajectory,public_calendar_aging_method_validation,10.17632/kxh42bfgtj.1,https://data.mendeley.com/datasets/kxh42bfgtj/1,CC-BY-4.0,https://creativecommons.org/licenses/by/4.0/
NAUMANN_LFP_CALENDAR_2021,NAUMANN_CAL_T60_SOC50,NAUMANN_CAL_T60_SOC50,NAUMANN_CAL_T60_SOC50_TEST,"TP_60°C,50%SOC",60,0.5,1472364,408.99000000000001,17.041250000000002,3,2.9045854122205501,97.116166293275526,2.8838337067244737,0.034463835252172899,2.5958319535257512,10,50,3,3,published_mean_of_3_physical_cells,temperature_soc_condition_mean_trajectory,public_calendar_aging_method_validation,10.17632/kxh42bfgtj.1,https://data.mendeley.com/datasets/kxh42bfgtj/1,CC-BY-4.0,https://creativecommons.org/licenses/by/4.0/
NAUMANN_LFP_CALENDAR_2021,NAUMANN_CAL_T60_SOC50,NAUMANN_CAL_T60_SOC50,NAUMANN_CAL_T60_SOC50_TEST,"TP_60°C,50%SOC",60,0.5,2549196,708.11000000000001,29.504583333333333,4,2.87269056820596,96.049747326153138,3.9502526738468617,0.035026541381431305,4.2709590267081987,10,50,3,3,published_mean_of_3_physical_cells,temperature_soc_condition_mean_trajectory,public_calendar_aging_method_validation,10.17632/kxh42bfgtj.1,https://data.mendeley.com/datasets/kxh42bfgtj/1,CC-BY-4.0,https://creativecommons.org/licenses/by/4.0/
NAUMANN_LFP_CALENDAR_2021,NAUMANN_CAL_T60_SOC50,NAUMANN_CAL_T60_SOC50,NAUMANN_CAL_T60_SOC50_TEST,"TP_60°C,50%SOC",60,0.5,3632760,1009.1,42.045833333333334,5,2.85139622106154,95.337760909887535,4.6622390901124646,0.035640806983918603,6.0995741551897131,10,50,3,3,published_mean_of_3_physical_cells,temperature_soc_condition_mean_trajectory,public_calendar_aging_method_validation,10.17632/kxh42bfgtj.1,https://data.mendeley.com/datasets/kxh42bfgtj/1,CC-BY-4.0,https://creativecommons.org/licenses/by/4.0/
NAUMANN_LFP_CALENDAR_2021,NAUMANN_CAL_T60_SOC50,NAUMANN_CAL_T60_SOC50,NAUMANN_CAL_T60_SOC50_TEST,"TP_60°C,50%SOC",60,0.5,4628160,1285.5999999999999,53.56666666666667,6,2.8320081096948302,94.689510374826682,5.310489625173318,0.036181400724423197,7.7088745754742005,10,50,3,3,published_mean_of_3_physical_cells,temperature_soc_condition_mean_trajectory,public_calendar_aging_method_validation,10.17632/kxh42bfgtj.1,https://data.mendeley.com/datasets/kxh42bfgtj/1,CC-BY-4.0,https://creativecommons.org/licenses/by/4.0/
NAUMANN_LFP_CALENDAR_2021,NAUMANN_CAL_T60_SOC50,NAUMANN_CAL_T60_SOC50,NAUMANN_CAL_T60_SOC50_TEST,"TP_60°C,50%SOC",60,0.5,7002000,1945,81.041666666666671,7,2.7993221978801301,93.596641687306487,6.4033583126935127,0.037103239585983099,10.453108472740947,10,50,3,3,published_mean_of_3_physical_cells,temperature_soc_condition_mean_trajectory,public_calendar_aging_method_validation,10.17632/kxh42bfgtj.1,https://data.mendeley.com/datasets/kxh42bfgtj/1,CC-BY-4.0,https://creativecommons.org/licenses/by/4.0/
NAUMANN_LFP_CALENDAR_2021,NAUMANN_CAL_T60_SOC50,NAUMANN_CAL_T60_SOC50,NAUMANN_CAL_T60_SOC50_TEST,"TP_60°C,50%SOC",60,0.5,9285120,2579.1999999999998,107.46666666666667,8,2.7731551855693599,92.721735441382677,7.2782645586173231,0.0380569496740382,13.292220231793195,10,50,3,3,published_mean_of_3_physical_cells,temperature_soc_condition_mean_trajectory,public_calendar_aging_method_validation,10.17632/kxh42bfgtj.1,https://data.mendeley.com/datasets/kxh42bfgtj/1,CC-BY-4.0,https://creativecommons.org/licenses/by/4.0/
NAUMANN_LFP_CALENDAR_2021,NAUMANN_CAL_T60_SOC50,NAUMANN_CAL_T60_SOC50,NAUMANN_CAL_T60_SOC50_TEST,"TP_60°C,50%SOC",60,0.5,11832120,3286.6999999999998,136.94583333333333,9,2.7532250741125299,92.055362880830131,7.9446371191698688,0.038937288083309603,15.91291090185285,10,50,3,3,published_mean_of_3_physical_cells,temperature_soc_condition_mean_trajectory,public_calendar_aging_method_validation,10.17632/kxh42bfgtj.1,https://data.mendeley.com/datasets/kxh42bfgtj/1,CC-BY-4.0,https://creativecommons.org/licenses/by/4.0/
NAUMANN_LFP_CALENDAR_2021,NAUMANN_CAL_T60_SOC50,NAUMANN_CAL_T60_SOC50,NAUMANN_CAL_T60_SOC50_TEST,"TP_60°C,50%SOC",60,0.5,13941720,3872.6999999999998,161.36250000000001,10,2.7363444040511999,91.490949813849682,8.5090501861503185,0.039581799668353498,17.831565682652251,10,50,3,3,published_mean_of_3_physical_cells,temperature_soc_condition_mean_trajectory,public_calendar_aging_method_validation,10.17632/kxh42bfgtj.1,https://data.mendeley.com/datasets/kxh42bfgtj/1,CC-BY-4.0,https://creativecommons.org/licenses/by/4.0/
NAUMANN_LFP_CALENDAR_2021,NAUMANN_CAL_T60_SOC50,NAUMANN_CAL_T60_SOC50,NAUMANN_CAL_T60_SOC50_TEST,"TP_60°C,50%SOC",60,0.5,16138800,4483,186.79166666666666,11,2.7233023080685599,91.0548812593035,8.9451187406965005,0.0402186928691168,19.727541197847831,10,50,3,3,published_mean_of_3_physical_cells,temperature_soc_condition_mean_trajectory,public_calendar_aging_method_validation,10.17632/kxh42bfgtj.1,https://data.mendeley.com/datasets/kxh42bfgtj/1,CC-BY-4.0,https://creativecommons.org/licenses/by/4.0/
NAUMANN_LFP_CALENDAR_2021,NAUMANN_CAL_T60_SOC50,NAUMANN_CAL_T60_SOC50,NAUMANN_CAL_T60_SOC50_TEST,"TP_60°C,50%SOC",60,0.5,18426960,5118.6000000000004,213.27500000000001,12,2.7045100816035599,90.426554413510871,9.5734455864891288,0.040440493047736198,20.387820986396999,10,50,3,3,published_mean_of_3_physical_cells,temperature_soc_condition_mean_trajectory,public_calendar_aging_method_validation,10.17632/kxh42bfgtj.1,https://data.mendeley.com/datasets/kxh42bfgtj/1,CC-BY-4.0,https://creativecommons.org/licenses/by/4.0/
NAUMANN_LFP_CALENDAR_2021,NAUMANN_CAL_T60_SOC50,NAUMANN_CAL_T60_SOC50,NAUMANN_CAL_T60_SOC50_TEST,"TP_60°C,50%SOC",60,0.5,20711160,5753.1000000000004,239.71250000000001,13,2.6839395418023,89.738768832933175,10.261231167066825,0.041490750829325899,23.514346809174256,10,50,3,3,published_mean_of_3_physical_cells,temperature_soc_condition_mean_trajectory,public_calendar_aging_method_validation,10.17632/kxh42bfgtj.1,https://data.mendeley.com/datasets/kxh42bfgtj/1,CC-BY-4.0,https://creativecommons.org/licenses/by/4.0/
NAUMANN_LFP_CALENDAR_2021,NAUMANN_CAL_T60_SOC50,NAUMANN_CAL_T60_SOC50,NAUMANN_CAL_T60_SOC50_TEST,"TP_60°C,50%SOC",60,0.5,22997160,6388.1000000000004,266.17083333333335,14,2.6631161468594402,89.042528922909227,10.957471077090773,0.042154423257457801,25.490041748828894,10,50,3,3,published_mean_of_3_physical_cells,temperature_soc_condition_mean_trajectory,public_calendar_aging_method_validation,10.17632/kxh42bfgtj.1,https://data.mendeley.com/datasets/kxh42bfgtj/1,CC-BY-4.0,https://creativecommons.org/licenses/by/4.0/
NAUMANN_LFP_CALENDAR_2021,NAUMANN_CAL_T60_SOC50,NAUMANN_CAL_T60_SOC50,NAUMANN_CAL_T60_SOC50_TEST,"TP_60°C,50%SOC",60,0.5,25296120,7026.6999999999998,292.77916666666664,15,2.6428918288281702,88.366319428490755,11.633680571509245,0.043405785766152498,29.215238805847932,10,50,3,3,published_mean_of_3_physical_cells,temperature_soc_condition_mean_trajectory,public_calendar_aging_method_validation,10.17632/kxh42bfgtj.1,https://data.mendeley.com/datasets/kxh42bfgtj/1,CC-BY-4.0,https://creativecommons.org/licenses/by/4.0/
NAUMANN_LFP_CALENDAR_2021,NAUMANN_CAL_T60_SOC50,NAUMANN_CAL_T60_SOC50,NAUMANN_CAL_T60_SOC50_TEST,"TP_60°C,50%SOC",60,0.5,27588240,7663.3999999999996,319.30833333333334,16,2.6246484602745199,87.756343902637198,12.243656097362802,0.044244101224374395,31.710830815456159,10,50,3,3,published_mean_of_3_physical_cells,temperature_soc_condition_mean_trajectory,public_calendar_aging_method_validation,10.17632/kxh42bfgtj.1,https://data.mendeley.com/datasets/kxh42bfgtj/1,CC-BY-4.0,https://creativecommons.org/licenses/by/4.0/
NAUMANN_LFP_CALENDAR_2021,NAUMANN_CAL_T60_SOC50,NAUMANN_CAL_T60_SOC50,NAUMANN_CAL_T60_SOC50_TEST,"TP_60°C,50%SOC",60,0.5,29880360,8300.1000000000004,345.83749999999998,17,2.6109574310459198,87.29857796272141,12.70142203727859,0.045103376596886,34.268818661990032,10,50,3,3,published_mean_of_3_physical_cells,temperature_soc_condition_mean_trajectory,public_calendar_aging_method_validation,10.17632/kxh42bfgtj.1,https://data.mendeley.com/datasets/kxh42bfgtj/1,CC-BY-4.0,https://creativecommons.org/licenses/by/4.0/
NAUMANN_LFP_CALENDAR_2021,NAUMANN_CAL_T60_SOC50,NAUMANN_CAL_T60_SOC50,NAUMANN_CAL_T60_SOC50_TEST,"TP_60°C,50%SOC",60,0.5,32513760,9031.6000000000004,376.31666666666666,18,2.5919074421571202,86.661632710216224,13.338367289783776,0.045950067625710099,36.789344014847217,10,50,3,3,published_mean_of_3_physical_cells,temperature_soc_condition_mean_trajectory,public_calendar_aging_method_validation,10.17632/kxh42bfgtj.1,https://data.mendeley.com/datasets/kxh42bfgtj/1,CC-BY-4.0,https://creativecommons.org/licenses/by/4.0/
NAUMANN_LFP_CALENDAR_2021,NAUMANN_CAL_T60_SOC50,NAUMANN_CAL_T60_SOC50,NAUMANN_CAL_T60_SOC50_TEST,"TP_60°C,50%SOC",60,0.5,34796880,9665.7999999999993,402.74166666666667,19,2.5778637296152902,86.192074639433017,13.807925360566983,0.046586617009307801,38.684296016325128,10,50,3,3,published_mean_of_3_physical_cells,temperature_soc_condition_mean_trajectory,public_calendar_aging_method_validation,10.17632/kxh42bfgtj.1,https://data.mendeley.com/datasets/kxh42bfgtj/1,CC-BY-4.0,https://creativecommons.org/licenses/by/4.0/
NAUMANN_LFP_CALENDAR_2021,NAUMANN_CAL_T60_SOC50,NAUMANN_CAL_T60_SOC50,NAUMANN_CAL_T60_SOC50_TEST,"TP_60°C,50%SOC",60,0.5,37087200,10302,429.25,20,2.5660833264769098,85.798191372865844,14.201808627134156,0.047137828666630299,40.325205048987641,10,50,3,3,published_mean_of_3_physical_cells,temperature_soc_condition_mean_trajectory,public_calendar_aging_method_validation,10.17632/kxh42bfgtj.1,https://data.mendeley.com/datasets/kxh42bfgtj/1,CC-BY-4.0,https://creativecommons.org/licenses/by/4.0/
NAUMANN_LFP_CALENDAR_2021,NAUMANN_CAL_T60_SOC50,NAUMANN_CAL_T60_SOC50,NAUMANN_CAL_T60_SOC50_TEST,"TP_60°C,50%SOC",60,0.5,39380400,10939,455.79166666666669,21,2.5550955122747898,85.430808686592258,14.569191313407742,0.047908161655875407,42.618419177205304,10,50,3,3,published_mean_of_3_physical_cells,temperature_soc_condition_mean_trajectory,public_calendar_aging_method_validation,10.17632/kxh42bfgtj.1,https://data.mendeley.com/datasets/kxh42bfgtj/1,CC-BY-4.0,https://creativecommons.org/licenses/by/4.0/
NAUMANN_LFP_CALENDAR_2021,NAUMANN_CAL_T60_SOC50,NAUMANN_CAL_T60_SOC50,NAUMANN_CAL_T60_SOC50_TEST,"TP_60°C,50%SOC",60,0.5,41670000,11575,482.29166666666669,22,2.5423652013071898,85.005164809261956,14.994835190738044,0.048378763582166799,44.019360070565462,10,50,3,3,published_mean_of_3_physical_cells,temperature_soc_condition_mean_trajectory,public_calendar_aging_method_validation,10.17632/kxh42bfgtj.1,https://data.mendeley.com/datasets/kxh42bfgtj/1,CC-BY-4.0,https://creativecommons.org/licenses/by/4.0/
NAUMANN_LFP_CALENDAR_2021,NAUMANN_CAL_T60_SOC50,NAUMANN_CAL_T60_SOC50,NAUMANN_CAL_T60_SOC50_TEST,"TP_60°C,50%SOC",60,0.5,43959600,12211,508.79166666666669,23,2.53182818267944,84.652854683010389,15.347145316989611,0.048796069722292702,45.261644056438243,10,50,3,3,published_mean_of_3_physical_cells,temperature_soc_condition_mean_trajectory,public_calendar_aging_method_validation,10.17632/kxh42bfgtj.1,https://data.mendeley.com/datasets/kxh42bfgtj/1,CC-BY-4.0,https://creativecommons.org/licenses/by/4.0/
NAUMANN_LFP_CALENDAR_2021,NAUMANN_CAL_T60_SOC50,NAUMANN_CAL_T60_SOC50,NAUMANN_CAL_T60_SOC50_TEST,"TP_60°C,50%SOC",60,0.5,46238400,12844,535.16666666666663,24,2.52053554799024,84.275280181757523,15.724719818242477,0.049478743450773702,47.293904210128112,10,50,3,3,published_mean_of_3_physical_cells,temperature_soc_condition_mean_trajectory,public_calendar_aging_method_validation,10.17632/kxh42bfgtj.1,https://data.mendeley.com/datasets/kxh42bfgtj/1,CC-BY-4.0,https://creativecommons.org/licenses/by/4.0/
NAUMANN_LFP_CALENDAR_2021,NAUMANN_CAL_T60_SOC50,NAUMANN_CAL_T60_SOC50,NAUMANN_CAL_T60_SOC50_TEST,"TP_60°C,50%SOC",60,0.5,48531600,13481,561.70833333333337,25,2.5097973470441999,83.916243430977659,16.083756569022341,0.050082619370149704,49.091590158071917,10,50,3,3,published_mean_of_3_physical_cells,temperature_soc_condition_mean_trajectory,public_calendar_aging_method_validation,10.17632/kxh42bfgtj.1,https://data.mendeley.com/datasets/kxh42bfgtj/1,CC-BY-4.0,https://creativecommons.org/licenses/by/4.0/
NAUMANN_LFP_CALENDAR_2021,NAUMANN_CAL_T60_SOC50,NAUMANN_CAL_T60_SOC50,NAUMANN_CAL_T60_SOC50_TEST,"TP_60°C,50%SOC",60,0.5,50828400,14119,588.29166666666663,26,2.4988469561529101,83.550112010534477,16.449887989465523,0.050494772316267401,50.318533534792451,10,50,3,3,published_mean_of_3_physical_cells,temperature_soc_condition_mean_trajectory,public_calendar_aging_method_validation,10.17632/kxh42bfgtj.1,https://data.mendeley.com/datasets/kxh42bfgtj/1,CC-BY-4.0,https://creativecommons.org/licenses/by/4.0/
NAUMANN_LFP_CALENDAR_2021,NAUMANN_CAL_T60_SOC50,NAUMANN_CAL_T60_SOC50,NAUMANN_CAL_T60_SOC50_TEST,"TP_60°C,50%SOC",60,0.5,52902000,14695,612.29166666666663,27,2.4882095896557601,83.194446706524701,16.805553293475299,0.051801764611014198,54.209335613413145,10,50,3,3,published_mean_of_3_physical_cells,temperature_soc_condition_mean_trajectory,public_calendar_aging_method_validation,10.17632/kxh42bfgtj.1,https://data.mendeley.com/datasets/kxh42bfgtj/1,CC-BY-4.0,https://creativecommons.org/licenses/by/4.0/
NAUMANN_LFP_CALENDAR_2021,NAUMANN_CAL_T60_SOC50,NAUMANN_CAL_T60_SOC50,NAUMANN_CAL_T60_SOC50_TEST,"TP_60°C,50%SOC",60,0.5,54532800,15148,631.16666666666663,28,2.4793427991755599,82.897981436424615,17.102018563575385,0.051460964154729602,53.19480237627279,10,50,3,3,published_mean_of_3_physical_cells,temperature_soc_condition_mean_trajectory,public_calendar_aging_method_validation,10.17632/kxh42bfgtj.1,https://data.mendeley.com/datasets/kxh42bfgtj/1,CC-BY-4.0,https://creativecommons.org/licenses/by/4.0/
NAUMANN_LFP_CALENDAR_2021,NAUMANN_CAL_T60_SOC50,NAUMANN_CAL_T60_SOC50,NAUMANN_CAL_T60_SOC50_TEST,"TP_60°C,50%SOC",60,0.5,56919600,15811,658.79166666666663,29,2.4659899050836702,82.45152120231738,17.54847879768262,0.052880176408484303,57.419673486153734,10,50,3,3,published_mean_of_3_physical_cells,temperature_soc_condition_mean_trajectory,public_calendar_aging_method_validation,10.17632/kxh42bfgtj.1,https://data.mendeley.com/datasets/kxh42bfgtj/1,CC-BY-4.0,https://creativecommons.org/licenses/by/4.0/
NAUMANN_LFP_CALENDAR_2021,NAUMANN_CAL_T60_SOC50,NAUMANN_CAL_T60_SOC50,NAUMANN_CAL_T60_SOC50_TEST,"TP_60°C,50%SOC",60,0.5,61203600,17001,708.375,30,2.4515274576868702,81.967962536600041,18.032037463399959,0.05351309070555,59.303804152041884,10,50,3,3,published_mean_of_3_physical_cells,temperature_soc_condition_mean_trajectory,public_calendar_aging_method_validation,10.17632/kxh42bfgtj.1,https://data.mendeley.com/datasets/kxh42bfgtj/1,CC-BY-4.0,https://creativecommons.org/licenses/by/4.0/
NAUMANN_LFP_CALENDAR_2021,NAUMANN_CAL_T60_SOC50,NAUMANN_CAL_T60_SOC50,NAUMANN_CAL_T60_SOC50_TEST,"TP_60°C,50%SOC",60,0.5,65660400,18239,759.95833333333337,31,2.4347840973842199,81.408140485363717,18.591859514636283,0.054454607994168805,62.106619010506712,10,50,3,3,published_mean_of_3_physical_cells,temperature_soc_condition_mean_trajectory,public_calendar_aging_method_validation,10.17632/kxh42bfgtj.1,https://data.mendeley.com/datasets/kxh42bfgtj/1,CC-BY-4.0,https://creativecommons.org/licenses/by/4.0/
NAUMANN_LFP_CALENDAR_2021,NAUMANN_CAL_T60_SOC50,NAUMANN_CAL_T60_SOC50,NAUMANN_CAL_T60_SOC50_TEST,"TP_60°C,50%SOC",60,0.5,69084000,19190,799.58333333333337,32,2.42107575990156,80.949795835910791,19.050204164089209,0.055195181497148298,64.311241743437392,10,50,3,3,published_mean_of_3_physical_cells,temperature_soc_condition_mean_trajectory,public_calendar_aging_method_validation,10.17632/kxh42bfgtj.1,https://data.mendeley.com/datasets/kxh42bfgtj/1,CC-BY-4.0,https://creativecommons.org/licenses/by/4.0/
NAUMANN_LFP_CALENDAR_2021,NAUMANN_CAL_T60_SOC50,NAUMANN_CAL_T60_SOC50,NAUMANN_CAL_T60_SOC50_TEST,"TP_60°C,50%SOC",60,0.5,72586800,20163,840.125,33,2.4075057137519602,80.496075021598628,19.503924978401372,0.056256048532737801,67.469350390138658,10,50,3,3,published_mean_of_3_physical_cells,temperature_soc_condition_mean_trajectory,public_calendar_aging_method_validation,10.17632/kxh42bfgtj.1,https://data.mendeley.com/datasets/kxh42bfgtj/1,CC-BY-4.0,https://creativecommons.org/licenses/by/4.0/
NAUMANN_LFP_CALENDAR_2021,NAUMANN_CAL_T60_SOC50,NAUMANN_CAL_T60_SOC50,NAUMANN_CAL_T60_SOC50_TEST,"TP_60°C,50%SOC",60,0.5,76467600,21241,885.04166666666663,34,2.3912833846102202,79.95367388993796,20.04632611006204,0.056919931663938696,69.445672574454264,10,50,3,3,published_mean_of_3_physical_cells,temperature_soc_condition_mean_trajectory,public_calendar_aging_method_validation,10.17632/kxh42bfgtj.1,https://data.mendeley.com/datasets/kxh42bfgtj/1,CC-BY-4.0,https://creativecommons.org/licenses/by/4.0/
