replicate,status,hard_eligible_count,random_expected_catastrophic_rate,issued_catastrophic_rate,risk_reduction_fraction
0,defined,768,0.39453125,0.318,0.19398019801980193
1,defined,772,0.43393782383419688,0.34000000000000002,0.21647761194029846
2,defined,803,0.44707347447073476,0.33000000000000002,0.26186629526462391
3,defined,776,0.42268041237113402,0.32400000000000001,0.23346341463414633
4,defined,796,0.4334170854271357,0.33200000000000002,0.23399420289855066
5,defined,781,0.43405889884763127,0.31,0.28581120943952809
6,defined,797,0.42785445420326224,0.34999999999999998,0.18196480938416426
7,defined,787,0.44726810673443457,0.34999999999999998,0.21747159090909096
8,defined,767,0.4041720990873533,0.31,0.23299999999999998
9,defined,767,0.40286831812255541,0.318,0.21066019417475723
10,defined,767,0.41460234680573665,0.33800000000000002,0.18476100628930814
11,defined,791,0.43742098609355246,0.34399999999999997,0.21357225433526017
12,defined,796,0.40326633165829145,0.28599999999999998,0.29079127725856702
13,defined,784,0.39923469387755101,0.29799999999999999,0.25357188498402561
14,defined,783,0.4342273307790549,0.35599999999999998,0.18015294117647063
15,defined,773,0.4424320827943079,0.34000000000000002,0.23152046783625724
16,defined,789,0.45500633713561472,0.35799999999999998,0.21319777158774378
17,defined,776,0.4175257731958763,0.34799999999999998,0.16651851851851862
18,defined,777,0.40669240669240669,0.33400000000000002,0.17874050632911387
19,defined,784,0.40306122448979592,0.32600000000000001,0.19118987341772153
20,defined,768,0.42838541666666669,0.34000000000000002,0.20632218844984795
21,defined,783,0.39080459770114945,0.31,0.20676470588235296
22,defined,801,0.46941323345817726,0.374,0.20326063829787233
23,defined,781,0.38540332906530089,0.29599999999999999,0.23197342192691028
24,defined,769,0.39921976592977892,0.32200000000000001,0.19342671009771983
25,defined,789,0.42078580481622307,0.32200000000000001,0.23476506024096389
26,defined,787,0.39135959339263027,0.32000000000000001,0.18233766233766235
27,defined,777,0.41184041184041181,0.318,0.22785624999999998
28,defined,777,0.40025740025740025,0.30199999999999999,0.24548553054662381
29,defined,795,0.38616352201257864,0.29799999999999999,0.22830618892508148
30,defined,792,0.43813131313131315,0.36599999999999999,0.16463400576368881
31,defined,753,0.41434262948207173,0.32600000000000001,0.21321153846153851
32,defined,770,0.39870129870129872,0.29199999999999998,0.26762214983713362
33,defined,793,0.39974779319041615,0.312,0.21950788643533126
34,defined,779,0.42490372272143773,0.32600000000000001,0.23276737160120842
35,defined,784,0.40816326530612246,0.314,0.23070000000000002
36,defined,795,0.40251572327044027,0.32800000000000001,0.18512499999999998
37,defined,797,0.44165621079046424,0.36199999999999999,0.18035795454545456
38,defined,802,0.39900249376558605,0.318,0.20301250000000004
39,defined,771,0.40856031128404668,0.30399999999999999,0.25592380952380955
40,defined,796,0.43969849246231157,0.318,0.27677714285714283
41,defined,790,0.39746835443037976,0.33000000000000002,0.16974522292993632
42,defined,773,0.40362225097024579,0.32800000000000001,0.18735897435897431
43,defined,787,0.39390088945362134,0.30399999999999999,0.22823225806451608
44,defined,775,0.44903225806451613,0.34399999999999997,0.23390804597701154
45,defined,791,0.40581542351453853,0.318,0.21639252336448589
46,defined,770,0.40389610389610392,0.32400000000000001,0.19781350482315119
47,defined,782,0.40792838874680309,0.34200000000000003,0.16161755485893414
48,defined,769,0.4447334200260078,0.34399999999999997,0.22650292397660821
49,defined,786,0.41348600508905853,0.30599999999999999,0.25995076923076921
50,defined,765,0.42352941176470588,0.34599999999999997,0.18305555555555564
51,defined,758,0.39182058047493401,0.30599999999999999,0.21903030303030302
52,defined,773,0.41655886157826649,0.32800000000000001,0.21259627329192543
53,defined,788,0.42766497461928932,0.32400000000000001,0.24239762611275961
54,defined,775,0.42709677419354841,0.32000000000000001,0.25075528700906347
55,defined,778,0.42930591259640105,0.33400000000000002,0.22199999999999998
56,defined,803,0.43088418430884184,0.35999999999999999,0.16450867052023121
57,defined,775,0.41032258064516131,0.312,0.23962264150943402
58,defined,792,0.44065656565656564,0.33800000000000002,0.23296275071633232
59,defined,767,0.41069100391134289,0.312,0.24030476190476191
60,defined,776,0.43170103092783507,0.35599999999999998,0.1753552238805971
61,defined,774,0.42764857881136953,0.34399999999999997,0.19560120845921458
62,defined,762,0.41469816272965881,0.34000000000000002,0.180126582278481
63,defined,794,0.42317380352644834,0.33200000000000002,0.21545238095238084
64,defined,755,0.43973509933774835,0.35199999999999998,0.19951807228915663
65,defined,780,0.43205128205128207,0.32200000000000001,0.25471810089020774
66,defined,773,0.42561448900388099,0.32800000000000001,0.22934954407294827
67,defined,779,0.40564826700898587,0.32200000000000001,0.20620886075949363
68,defined,776,0.40592783505154639,0.314,0.22646349206349203
69,defined,769,0.40312093628088425,0.308,0.23596129032258062
70,defined,781,0.41357234314980795,0.35599999999999998,0.13920743034055738
71,defined,783,0.39591315453384418,0.29399999999999998,0.25741290322580646
72,defined,770,0.42857142857142855,0.32000000000000001,0.2533333333333333
73,defined,788,0.41243654822335024,0.30199999999999999,0.26776615384615388
74,defined,760,0.40526315789473683,0.318,0.21532467532467525
75,defined,771,0.41245136186770426,0.314,0.23869811320754708
76,defined,799,0.40175219023779724,0.314,0.21842367601246104
77,defined,796,0.41834170854271358,0.32400000000000001,0.22551351351351345
78,defined,778,0.43059125964010281,0.35399999999999998,0.17787462686567168
79,defined,779,0.39409499358151479,0.30199999999999999,0.23368729641693819
80,defined,778,0.40102827763496146,0.316,0.21202564102564103
81,defined,770,0.40389610389610392,0.34399999999999997,0.14829581993569141
82,defined,771,0.39559014267185472,0.312,0.21130491803278684
83,defined,751,0.40878828229027964,0.32200000000000001,0.21230618892508146
84,defined,793,0.40353089533417402,0.33000000000000002,0.18221874999999998
85,defined,804,0.40920398009950248,0.32200000000000001,0.21310638297872342
86,defined,763,0.41153342070773263,0.32200000000000001,0.21756050955414008
87,defined,760,0.41052631578947368,0.32200000000000001,0.21564102564102561
88,defined,786,0.41857506361323155,0.34999999999999998,0.16382978723404262
89,defined,795,0.41132075471698115,0.32000000000000001,0.22201834862385328
90,defined,771,0.41374837872892345,0.33400000000000002,0.19274608150470207
91,defined,799,0.41677096370463079,0.33800000000000002,0.18900300300300299
92,defined,804,0.43283582089552236,0.33600000000000002,0.22372413793103441
93,defined,774,0.42506459948320413,0.35199999999999998,0.17189057750759884
94,defined,762,0.40682414698162728,0.32400000000000001,0.20358709677419351
95,defined,780,0.3923076923076923,0.28799999999999998,0.26588235294117657
96,defined,769,0.40312093628088425,0.33400000000000002,0.17146451612903213
97,defined,774,0.41472868217054265,0.314,0.24287850467289718
98,defined,789,0.42332065906210392,0.33400000000000002,0.21099999999999997
99,defined,781,0.4212548015364917,0.318,0.24511246200607906
100,defined,784,0.4375,0.35799999999999998,0.18171428571428572
101,defined,779,0.40179717586649549,0.29999999999999999,0.2533546325878594
102,defined,765,0.43006535947712421,0.33200000000000002,0.22802431610942253
103,defined,763,0.41153342070773263,0.32000000000000001,0.22242038216560511
104,defined,778,0.41516709511568123,0.318,0.23404334365325075
105,defined,769,0.40572171651495448,0.33200000000000002,0.18170512820512819
106,defined,779,0.43260590500641849,0.33600000000000002,0.22331157270029667
107,defined,788,0.42005076142131981,0.316,0.24770996978851967
108,defined,782,0.43094629156010228,0.33400000000000002,0.22496142433234412
109,defined,777,0.40283140283140284,0.32400000000000001,0.19569329073482422
110,defined,774,0.41989664082687339,0.32600000000000001,0.22361846153846154
111,defined,784,0.42091836734693877,0.316,0.24926060606060607
112,defined,773,0.40750323415265199,0.30599999999999999,0.24908571428571424
113,defined,784,0.42602040816326531,0.32400000000000001,0.23947305389221551
114,defined,805,0.39378881987577641,0.29799999999999999,0.24324921135646693
115,defined,771,0.43579766536964981,0.36599999999999999,0.16016071428571432
116,defined,771,0.42671854734111542,0.31,0.27352583586626134
117,defined,770,0.40909090909090912,0.32800000000000001,0.19822222222222219
118,defined,783,0.454661558109834,0.33800000000000002,0.25658988764044943
119,defined,783,0.38314176245210729,0.28399999999999997,0.2587600000000001
120,defined,772,0.42875647668393785,0.33200000000000002,0.22566767371601204
121,defined,795,0.42515723270440253,0.314,0.26144970414201185
122,defined,793,0.41361916771752838,0.32400000000000001,0.2166707317073171
123,defined,789,0.42458808618504434,0.32200000000000001,0.24161791044776115
124,defined,766,0.39947780678851175,0.30599999999999999,0.23399999999999999
125,defined,806,0.44168734491315137,0.34399999999999997,0.22116853932584279
126,defined,788,0.40736040609137059,0.32200000000000001,0.20954517133956385
127,defined,787,0.40025412960609913,0.30399999999999999,0.24048253968253974
128,defined,787,0.43583227445997458,0.36199999999999999,0.16940524781341104
129,defined,787,0.40533672172808133,0.34000000000000002,0.16119122257053287
130,defined,777,0.39768339768339767,0.32000000000000001,0.19533980582524268
131,defined,749,0.42323097463284381,0.32800000000000001,0.2250094637223975
132,defined,789,0.43599493029150826,0.34000000000000002,0.22017441860465115
133,defined,786,0.41603053435114506,0.34399999999999997,0.17313761467889921
134,defined,793,0.41488020176544765,0.32400000000000001,0.21905167173252271
135,defined,785,0.41528662420382167,0.33400000000000002,0.1957361963190184
136,defined,767,0.40026075619295959,0.318,0.2055179153094463
137,defined,796,0.42713567839195982,0.32600000000000001,0.23677647058823525
138,defined,783,0.43295019157088122,0.35599999999999998,0.17773451327433631
139,defined,765,0.41960784313725491,0.32400000000000001,0.22785046728971958
140,defined,789,0.44866920152091255,0.35399999999999998,0.21100000000000008
141,defined,765,0.4065359477124183,0.312,0.232540192926045
142,defined,774,0.42506459948320413,0.34200000000000003,0.19541641337386007
143,defined,802,0.42019950124688277,0.32200000000000001,0.2336973293768545
144,defined,781,0.38796414852752881,0.30599999999999999,0.21126732673267323
145,defined,774,0.41085271317829458,0.32600000000000001,0.20652830188679239
146,defined,792,0.44318181818181818,0.34000000000000002,0.23282051282051275
147,defined,782,0.42710997442455245,0.32200000000000001,0.24609580838323353
148,defined,795,0.42767295597484278,0.33800000000000002,0.20967647058823524
149,defined,782,0.39258312020460356,0.32800000000000001,0.16450814332247554
150,defined,789,0.41951837769328265,0.32800000000000001,0.21815105740181273
151,defined,781,0.40588988476312421,0.32200000000000001,0.20668138801261826
152,defined,773,0.4333764553686934,0.34599999999999997,0.20161791044776123
153,defined,788,0.42258883248730966,0.33800000000000002,0.20016816816816818
154,defined,780,0.43461538461538463,0.33400000000000002,0.23150442477876099
155,defined,774,0.3979328165374677,0.30599999999999999,0.23102597402597402
156,defined,776,0.46520618556701032,0.33600000000000002,0.27773961218836563
157,defined,779,0.39794608472400511,0.32400000000000001,0.18581935483870959
158,defined,778,0.42802056555269924,0.32600000000000001,0.23835435435435437
159,defined,801,0.40948813982521848,0.33000000000000002,0.19411585365853656
160,defined,777,0.41570141570141572,0.32000000000000001,0.23021671826625389
161,defined,781,0.41613316261203587,0.312,0.25024000000000002
162,defined,789,0.40811153358681873,0.28799999999999998,0.29431055900621117
163,defined,782,0.42455242966751916,0.33800000000000002,0.20386746987951798
164,defined,765,0.43790849673202614,0.34399999999999997,0.21444776119402986
165,defined,796,0.435929648241206,0.33400000000000002,0.23382132564841485
166,defined,782,0.41815856777493604,0.35199999999999998,0.15821406727828746
167,defined,791,0.40834386852085969,0.316,0.2261424148606811
168,defined,789,0.40304182509505704,0.318,0.21099999999999997
169,defined,790,0.45949367088607596,0.35399999999999998,0.22958677685950424
170,defined,786,0.39185750636132316,0.28399999999999997,0.2752467532467533
171,defined,777,0.38095238095238093,0.29599999999999999,0.22299999999999998
172,defined,770,0.37272727272727274,0.29399999999999998,0.21121951219512203
173,defined,776,0.41623711340206188,0.32800000000000001,0.21198761609907124
174,defined,794,0.39042821158690177,0.30199999999999999,0.22649032258064516
175,defined,783,0.37547892720306514,0.32000000000000001,0.14775510204081632
176,defined,779,0.39281129653401797,0.29599999999999999,0.24645751633986934
177,defined,776,0.43685567010309279,0.33600000000000002,0.23086725663716812
178,defined,806,0.4305210918114144,0.32000000000000001,0.25671469740634001
179,defined,766,0.41253263707571802,0.33200000000000002,0.19521518987341768
180,defined,774,0.39664082687338503,0.28799999999999998,0.27390228013029327
181,defined,792,0.43055555555555558,0.33200000000000002,0.22890322580645162
182,defined,778,0.41516709511568123,0.32400000000000001,0.21959133126934982
183,defined,782,0.42455242966751916,0.312,0.26510843373493975
184,defined,777,0.43758043758043758,0.35199999999999998,0.19557647058823535
185,defined,775,0.41935483870967744,0.33600000000000002,0.1987692307692307
186,defined,790,0.4088607594936709,0.30599999999999999,0.25157894736842112
187,defined,759,0.44532279314888013,0.36399999999999999,0.18261538461538462
188,defined,773,0.43596377749029752,0.35399999999999998,0.1880059347181009
189,defined,774,0.4263565891472868,0.34599999999999997,0.18847272727272735
190,defined,794,0.41057934508816119,0.314,0.23522699386503065
191,defined,796,0.41582914572864321,0.32800000000000001,0.21121450151057397
192,defined,780,0.43333333333333335,0.33400000000000002,0.22923076923076924
193,defined,766,0.41122715404699739,0.316,0.23156825396825398
194,defined,778,0.43958868894601544,0.33600000000000002,0.23564912280701755
195,defined,779,0.40436456996148906,0.29999999999999999,0.25809523809523804
196,defined,783,0.42656449553001274,0.30599999999999999,0.2826407185628742
197,defined,785,0.40891719745222932,0.30399999999999999,0.25657320872274147
198,defined,767,0.42894393741851367,0.35199999999999998,0.17937993920972639
199,defined,802,0.43017456359102246,0.33600000000000002,0.21892173913043478
200,defined,756,0.41798941798941797,0.34399999999999997,0.17701265822784817
201,defined,791,0.39570164348925413,0.32400000000000001,0.18120127795527163
202,defined,776,0.40979381443298968,0.29999999999999999,0.26792452830188684
203,defined,776,0.42139175257731959,0.318,0.24535779816513759
204,defined,780,0.40897435897435896,0.30399999999999999,0.25667711598746079
205,defined,781,0.41229193341869397,0.30599999999999999,0.25780745341614908
206,defined,773,0.38551099611901679,0.28599999999999998,0.25812751677852352
207,defined,803,0.41718555417185554,0.30199999999999999,0.27610149253731342
208,defined,771,0.38780804150453957,0.28399999999999997,0.26767892976588636
209,defined,771,0.383916990920882,0.28799999999999998,0.24983783783783797
210,defined,780,0.41410256410256413,0.314,0.24173374613003096
211,defined,782,0.4156010230179028,0.33000000000000002,0.20596923076923068
212,defined,791,0.41340075853350189,0.316,0.23560856269113151
213,defined,770,0.41038961038961042,0.312,0.23974683544303799
214,defined,783,0.39080459770114945,0.29799999999999999,0.23747058823529421
215,defined,790,0.40632911392405063,0.34200000000000003,0.15831775700934569
216,defined,785,0.40509554140127391,0.32600000000000001,0.19525157232704404
217,defined,806,0.42431761786600497,0.31,0.26941520467836255
218,defined,788,0.4137055837563452,0.312,0.245840490797546
219,defined,772,0.4106217616580311,0.314,0.23530599369085181
220,defined,791,0.4222503160556258,0.33200000000000002,0.21373652694610779
221,defined,803,0.43711083437110837,0.32800000000000001,0.24961823361823365
222,defined,812,0.40640394088669951,0.316,0.2224484848484849
223,defined,775,0.43483870967741933,0.32600000000000001,0.25029673590504442
224,defined,778,0.43187660668380462,0.312,0.27757142857142858
225,defined,800,0.41499999999999998,0.34000000000000002,0.18072289156626498
226,defined,772,0.38082901554404147,0.30399999999999999,0.20174149659863949
227,defined,767,0.42503259452411996,0.34200000000000003,0.19535582822085884
228,defined,778,0.40745501285347041,0.316,0.22445425867507884
229,defined,803,0.40722291407222916,0.308,0.2436574923547401
230,defined,763,0.40235910878112713,0.33000000000000002,0.17983713355048858
231,defined,774,0.41472868217054265,0.314,0.24287850467289718
232,defined,784,0.39923469387755101,0.316,0.20848562300319484
233,defined,780,0.39743589743589741,0.318,0.19987096774193547
234,defined,778,0.42930591259640105,0.33800000000000002,0.21268263473053894
235,defined,785,0.40636942675159238,0.312,0.23222570532915365
236,defined,767,0.41199478487614083,0.32200000000000001,0.2184367088607595
237,defined,761,0.40210249671484888,0.30199999999999999,0.24894771241830072
238,defined,775,0.39741935483870966,0.318,0.19983766233766231
239,defined,803,0.42092154420921546,0.30199999999999999,0.28252662721893496
240,defined,771,0.40337224383916992,0.32000000000000001,0.20668810289389072
241,defined,789,0.40937896070975921,0.32200000000000001,0.21344272445820434
242,defined,791,0.41719342604298354,0.32200000000000001,0.22817575757575748
243,defined,792,0.38510101010101011,0.312,0.18982295081967215
244,defined,785,0.41910828025477709,0.34599999999999997,0.17443768996960496
245,defined,780,0.42307692307692307,0.34000000000000002,0.1963636363636363
246,defined,773,0.4204398447606727,0.33600000000000002,0.20083692307692302
247,defined,782,0.41176470588235292,0.32000000000000001,0.22285714285714275
248,defined,783,0.45849297573435505,0.36799999999999999,0.19737047353760451
249,defined,796,0.42085427135678394,0.316,0.24914626865671641
250,defined,783,0.42528735632183906,0.35799999999999998,0.15821621621621618
251,defined,795,0.40000000000000002,0.30599999999999999,0.2350000000000001
252,defined,766,0.38903394255874674,0.33200000000000002,0.14660402684563756
253,defined,779,0.41591784338896021,0.32800000000000001,0.21138271604938264
254,defined,790,0.43670886075949367,0.34999999999999998,0.1985507246376812
255,defined,766,0.40731070496083549,0.314,0.22908974358974354
256,defined,776,0.38015463917525771,0.308,0.18980338983050848
257,defined,779,0.40693196405648269,0.29999999999999999,0.26277602523659316
258,defined,784,0.39030612244897961,0.29799999999999999,0.23649673202614385
259,defined,772,0.42098445595854922,0.32800000000000001,0.22087384615384609
260,defined,785,0.42802547770700639,0.32000000000000001,0.25238095238095237
261,defined,776,0.41494845360824745,0.32800000000000001,0.2095403726708075
262,defined,778,0.42544987146529561,0.32600000000000001,0.23375226586102715
263,defined,774,0.41602067183462532,0.32400000000000001,0.2211925465838509
264,defined,779,0.41591784338896021,0.32400000000000001,0.22099999999999997
265,defined,775,0.40387096774193548,0.32800000000000001,0.18785942492012775
266,defined,777,0.40926640926640928,0.318,0.22299999999999998
267,defined,787,0.40660736975857686,0.316,0.22283750000000002
268,defined,786,0.42748091603053434,0.32000000000000001,0.25142857142857145
269,defined,770,0.40649350649350652,0.29599999999999999,0.27182108626198087
270,defined,767,0.43155149934810949,0.35799999999999998,0.17043504531722053
271,defined,795,0.39622641509433965,0.28999999999999998,0.26809523809523816
272,defined,782,0.42199488491048592,0.32400000000000001,0.23221818181818177
273,defined,787,0.4078780177890724,0.318,0.22035514018691582
274,defined,793,0.43505674653215637,0.32400000000000001,0.2552695652173913
275,defined,777,0.40154440154440152,0.308,0.23296153846153844
276,defined,782,0.42327365728900257,0.35399999999999998,0.16366163141993961
277,defined,780,0.43076923076923079,0.36599999999999999,0.15035714285714297
278,defined,789,0.41064638783269963,0.34200000000000003,0.16716666666666657
279,defined,786,0.39058524173027992,0.308,0.21143973941368088
280,defined,775,0.40903225806451615,0.318,0.22255520504731863
281,defined,788,0.41878172588832485,0.33600000000000002,0.19767272727272722
282,defined,776,0.41237113402061853,0.30599999999999999,0.25795000000000001
283,defined,778,0.41388174807197942,0.32600000000000001,0.21233540372670801
284,defined,777,0.43114543114543114,0.35599999999999998,0.17429253731343286
285,defined,781,0.41869398207426378,0.318,0.24049541284403675
286,defined,799,0.42428035043804757,0.33600000000000002,0.20807079646017701
287,defined,798,0.39974937343358397,0.32200000000000001,0.19449529780564268
288,defined,795,0.39748427672955977,0.30399999999999999,0.23518987341772157
289,defined,767,0.38591916558018252,0.29599999999999999,0.23299999999999998
290,defined,782,0.41815856777493604,0.33800000000000002,0.19169418960244644
291,defined,790,0.41645569620253164,0.316,0.24121580547112464
292,defined,778,0.42287917737789205,0.33800000000000002,0.20071732522796348
293,defined,789,0.40811153358681873,0.30599999999999999,0.25020496894409938
294,defined,784,0.41836734693877553,0.36399999999999999,0.12995121951219524
295,defined,780,0.40897435897435896,0.318,0.22244514106583069
296,defined,755,0.4291390728476821,0.35199999999999998,0.17975308641975307
297,defined,770,0.39610389610389612,0.30399999999999999,0.23252459016393445
298,defined,779,0.41206675224646983,0.29199999999999998,0.29137694704049844
299,defined,780,0.42692307692307691,0.33000000000000002,0.22702702702702693
300,defined,775,0.40516129032258064,0.32800000000000001,0.19044585987261142
301,defined,767,0.39895697522816165,0.29999999999999999,0.24803921568627452
302,defined,794,0.38413098236775817,0.28199999999999997,0.26587540983606561
303,defined,790,0.42784810126582279,0.312,0.27076923076923076
304,defined,759,0.42292490118577075,0.33200000000000002,0.21499065420560748
305,defined,796,0.40452261306532661,0.32800000000000001,0.18916770186335397
306,defined,778,0.40616966580976865,0.32400000000000001,0.20230379746835447
307,defined,786,0.42111959287531808,0.32200000000000001,0.23537160120845924
308,defined,766,0.37859007832898173,0.30399999999999999,0.19702068965517239
309,defined,773,0.42690815006468308,0.34200000000000003,0.19889090909090912
310,defined,791,0.40581542351453853,0.35199999999999998,0.13261059190031155
311,defined,764,0.41492146596858637,0.30199999999999999,0.27215141955835964
312,defined,783,0.39591315453384418,0.308,0.22205161290322584
313,defined,789,0.41571609632446133,0.308,0.25910975609756093
314,defined,777,0.41698841698841699,0.32400000000000001,0.22299999999999998
315,defined,788,0.41751269035532995,0.33400000000000002,0.20002431610942251
316,defined,780,0.41666666666666669,0.29599999999999999,0.28960000000000008
317,defined,774,0.41989664082687339,0.33600000000000002,0.19980307692307686
318,defined,769,0.41092327698309494,0.32400000000000001,0.21153164556962023
319,defined,774,0.39147286821705424,0.30399999999999999,0.22344554455445542
320,defined,801,0.41323345817727841,0.33200000000000002,0.19658006042296072
321,defined,786,0.42239185750636132,0.32000000000000001,0.24240963855421682
322,defined,783,0.42784163473818648,0.33800000000000002,0.20998805970149248
323,defined,801,0.42696629213483145,0.32400000000000001,0.24115789473684202
324,defined,768,0.41536458333333331,0.32000000000000001,0.22959247648902814
325,defined,770,0.39480519480519483,0.29999999999999999,0.24013157894736847
326,defined,760,0.43815789473684208,0.33800000000000002,0.22858858858858844
327,defined,781,0.4353393085787452,0.34200000000000003,0.21440588235294111
328,defined,778,0.4473007712082262,0.35199999999999998,0.2130574712643678
329,defined,785,0.42547770700636944,0.33400000000000002,0.21499999999999997
330,defined,777,0.42471042471042469,0.314,0.26067272727272728
331,defined,786,0.43129770992366412,0.33000000000000002,0.23486725663716812
332,defined,779,0.40821566110397944,0.30399999999999999,0.25529559748427677
333,defined,775,0.42967741935483872,0.318,0.25990990990990992
334,defined,771,0.4150453955901427,0.33000000000000002,0.20490624999999996
335,defined,772,0.43523316062176165,0.33200000000000002,0.23719047619047617
336,defined,779,0.41720154043645702,0.33000000000000002,0.2090153846153846
337,defined,784,0.44132653061224492,0.34200000000000003,0.22506358381502889
338,defined,792,0.39646464646464646,0.314,0.20799999999999996
339,defined,780,0.39487179487179486,0.308,0.21999999999999997
340,defined,781,0.43277848911651728,0.33000000000000002,0.23748520710059173
341,defined,773,0.42820181112548511,0.35799999999999998,0.16394561933534746
342,defined,774,0.40826873385012918,0.33800000000000002,0.17211392405063286
343,defined,786,0.4020356234096692,0.29799999999999999,0.25877215189873415
344,defined,785,0.42165605095541403,0.32000000000000001,0.24108761329305139
345,defined,781,0.41485275288092188,0.314,0.24310493827160495
346,defined,774,0.42506459948320413,0.316,0.25658358662613978
347,defined,807,0.40768277571251549,0.30599999999999999,0.24941641337386022
348,defined,794,0.39546599496221663,0.316,0.2009426751592357
349,defined,791,0.41466498103666244,0.32400000000000001,0.21864634146341455
350,defined,788,0.39467005076142131,0.32800000000000001,0.16892604501607711
351,defined,775,0.41161290322580646,0.33600000000000002,0.18369905956112853
352,defined,786,0.4020356234096692,0.29799999999999999,0.25877215189873415
353,defined,786,0.41221374045801529,0.32600000000000001,0.20914814814814819
354,defined,784,0.40816326530612246,0.312,0.23560000000000003
355,defined,785,0.4229299363057325,0.33600000000000002,0.20554216867469877
356,defined,796,0.45979899497487436,0.35799999999999998,0.22139890710382515
357,defined,761,0.40210249671484888,0.32600000000000001,0.1892614379084967
358,defined,771,0.39299610894941633,0.314,0.20100990099009897
359,defined,797,0.43161856963613549,0.33800000000000002,0.2169011627906976
360,defined,783,0.45338441890166026,0.36799999999999999,0.18832676056338027
361,defined,780,0.43846153846153846,0.32600000000000001,0.25649122807017544
362,defined,780,0.41794871794871796,0.33000000000000002,0.21042944785276074
363,defined,761,0.3876478318002628,0.30399999999999999,0.21578305084745764
364,defined,792,0.42171717171717171,0.32000000000000001,0.24119760479041918
365,defined,789,0.41698352344740175,0.34200000000000003,0.17982370820668681
366,defined,753,0.40770252324037187,0.32400000000000001,0.20530293159609125
367,defined,777,0.40797940797940796,0.314,0.23035331230283906
368,defined,796,0.40326633165829145,0.32600000000000001,0.191601246105919
369,defined,787,0.42693773824650572,0.34200000000000003,0.19894642857142852
370,defined,767,0.43024771838331161,0.34599999999999997,0.19581212121212133
371,defined,781,0.4174135723431498,0.32800000000000001,0.21420858895705519
372,defined,778,0.42159383033419023,0.32200000000000001,0.2362317073170731
373,defined,782,0.4156010230179028,0.316,0.2396553846153846
374,defined,781,0.38156209987195905,0.29199999999999998,0.23472483221476514
375,defined,788,0.41243654822335024,0.312,0.24351999999999996
376,defined,810,0.42839506172839509,0.32600000000000001,0.2390201729106628
377,defined,785,0.41783439490445862,0.34599999999999997,0.17192073170731714
378,defined,779,0.44030808729139925,0.34799999999999998,0.20964431486880475
379,defined,783,0.41634738186462322,0.33000000000000002,0.20739263803680974
380,defined,782,0.43094629156010228,0.32600000000000001,0.24352522255192877
381,defined,760,0.41710526315789476,0.318,0.23760252365930601
382,defined,766,0.41644908616187992,0.33200000000000002,0.20278369905956117
383,defined,809,0.41038318912237332,0.32200000000000001,0.21536746987951805
384,defined,781,0.41613316261203587,0.34000000000000002,0.18295384615384613
385,defined,770,0.40000000000000002,0.32400000000000001,0.19000000000000006
386,defined,792,0.4128787878787879,0.31,0.24917431192660555
387,defined,782,0.44629156010230181,0.35599999999999998,0.20231518624641842
388,defined,786,0.41475826972010177,0.32000000000000001,0.22846625766871165
389,defined,778,0.43316195372750643,0.33600000000000002,0.2243086053412463
390,defined,791,0.41466498103666244,0.32600000000000001,0.21382317073170731
391,defined,771,0.41763942931258108,0.33000000000000002,0.2098447204968944
392,defined,786,0.42748091603053434,0.33200000000000002,0.22335714285714281
393,defined,788,0.43781725888324874,0.33400000000000002,0.23712463768115943
394,defined,776,0.36855670103092786,0.29799999999999999,0.19144055944055949
395,defined,796,0.4020100502512563,0.32800000000000001,0.18410000000000004
396,defined,800,0.41625000000000001,0.314,0.24564564564564562
397,defined,774,0.42248062015503873,0.318,0.2473027522935779
398,defined,782,0.39514066496163686,0.28599999999999998,0.27620711974110046
399,defined,790,0.43164556962025319,0.32600000000000001,0.24475073313782991
400,defined,791,0.45259165613147911,0.35599999999999998,0.21341899441340784
401,defined,789,0.42585551330798477,0.32200000000000001,0.24387499999999995
402,defined,768,0.40885416666666669,0.308,0.24667515923566885
403,defined,785,0.43312101910828027,0.33600000000000002,0.22423529411764709
404,defined,780,0.44615384615384618,0.36399999999999999,0.18413793103448284
405,defined,786,0.42239185750636132,0.32400000000000001,0.2329397590361445
406,defined,778,0.4241645244215938,0.32600000000000001,0.23143030303030299
407,defined,791,0.42351453855878635,0.33400000000000002,0.21136119402985065
408,defined,775,0.40903225806451615,0.34599999999999997,0.15410094637223981
409,defined,778,0.39588688946015427,0.312,0.21189610389610392
410,defined,784,0.42219387755102039,0.316,0.25152870090634438
411,defined,762,0.41601049868766404,0.33000000000000002,0.20675078864353313
412,defined,781,0.4174135723431498,0.316,0.24295705521472388
413,defined,774,0.4263565891472868,0.33600000000000002,0.21192727272727263
414,defined,754,0.4442970822281167,0.33000000000000002,0.25725373134328355
415,defined,788,0.40736040609137059,0.314,0.22918380062305299
416,defined,775,0.41548387096774192,0.32000000000000001,0.22981366459627328
417,defined,776,0.40206185567010311,0.30199999999999999,0.24887179487179489
418,defined,790,0.4417721518987342,0.33200000000000002,0.24848137535816617
419,defined,784,0.37882653061224492,0.28000000000000003,0.26087542087542082
420,defined,789,0.3929024081115336,0.26400000000000001,0.3280774193548387
421,defined,805,0.39751552795031053,0.30599999999999999,0.23021874999999992
422,defined,762,0.41076115485564302,0.32000000000000001,0.22095846645367401
423,defined,782,0.40153452685421998,0.28999999999999998,0.27777070063694276
424,defined,783,0.41890166028097064,0.32400000000000001,0.22654878048780491
425,defined,781,0.39692701664532648,0.30199999999999999,0.23915483870967735
426,defined,791,0.40202275600505688,0.32000000000000001,0.20402515723270431
427,defined,780,0.42948717948717946,0.32000000000000001,0.25492537313432828
428,defined,767,0.40677966101694918,0.312,0.2330000000000001
429,defined,799,0.40300375469336669,0.316,0.21588819875776388
430,defined,802,0.42144638403990026,0.34599999999999997,0.17901775147929
431,defined,767,0.41720990873533248,0.312,0.25217500000000004
432,defined,796,0.37562814070351758,0.27800000000000002,0.25990635451505006
433,defined,782,0.42199488491048592,0.33800000000000002,0.19904242424242413
434,defined,796,0.41834170854271358,0.308,0.26375975975975974
435,defined,779,0.39537869062901154,0.30199999999999999,0.23617532467532465
436,defined,769,0.45253576072821844,0.34599999999999997,0.23541954022988509
437,defined,809,0.41903584672435107,0.32000000000000001,0.23634218289085551
438,defined,802,0.39526184538653364,0.33200000000000002,0.16005047318611976
439,defined,788,0.44035532994923859,0.318,0.27785590778097979
440,defined,778,0.41773778920308485,0.34999999999999998,0.1621538461538462
441,defined,782,0.39641943734015345,0.30199999999999999,0.23818064516129034
442,defined,792,0.4128787878787879,0.34200000000000003,0.17166972477064213
443,defined,785,0.4229299363057325,0.32400000000000001,0.23391566265060237
444,defined,785,0.39872611464968155,0.33800000000000002,0.15230031948881784
445,defined,782,0.41304347826086957,0.33200000000000002,0.19621052631578939
446,defined,761,0.43495400788436267,0.34799999999999998,0.19991540785498496
447,defined,783,0.44061302681992337,0.34999999999999998,0.20565217391304358
448,defined,785,0.40636942675159238,0.32800000000000001,0.1928526645768025
449,defined,819,0.40415140415140416,0.33600000000000002,0.16862839879154079
450,defined,785,0.42038216560509556,0.308,0.26733333333333342
451,defined,776,0.39690721649484534,0.28999999999999998,0.26935064935064934
452,defined,791,0.41087231352718079,0.32200000000000001,0.21630153846153843
453,defined,792,0.42803030303030304,0.34599999999999997,0.19164601769911516
454,defined,776,0.39175257731958762,0.314,0.19847368421052636
455,defined,796,0.41582914572864321,0.34799999999999998,0.16311782477341397
456,defined,788,0.43654822335025378,0.34399999999999997,0.21199999999999997
457,defined,769,0.41352405721716518,0.32000000000000001,0.22616352201257861
458,defined,775,0.41806451612903228,0.314,0.24891975308641978
459,defined,784,0.38647959183673469,0.28199999999999997,0.27033663366336635
460,defined,766,0.39817232375979111,0.32600000000000001,0.18125901639344255
461,defined,773,0.43078913324708928,0.34200000000000003,0.20610810810810809
462,defined,778,0.42544987146529561,0.33400000000000002,0.21494864048338358
463,defined,785,0.4140127388535032,0.318,0.23190769230769237
464,defined,780,0.43333333333333335,0.35599999999999998,0.17846153846153856
465,defined,786,0.43384223918575066,0.35599999999999998,0.17942521994134908
466,defined,789,0.40811153358681873,0.31,0.24040372670807453
467,defined,794,0.41813602015113349,0.34399999999999997,0.17730120481927714
468,defined,796,0.41959798994974873,0.34399999999999997,0.1801676646706587
469,defined,765,0.44836601307189544,0.35999999999999999,0.19708454810495635
470,defined,768,0.390625,0.29199999999999998,0.25248000000000004
471,defined,785,0.39745222929936308,0.318,0.19990384615384615
472,defined,771,0.43190661478599224,0.32400000000000001,0.24983783783783786
473,defined,775,0.38709677419354838,0.27800000000000002,0.28183333333333327
474,defined,780,0.41153846153846152,0.32400000000000001,0.21271028037383166
475,defined,791,0.40455120101137798,0.31,0.23371874999999998
476,defined,807,0.39776951672862454,0.29999999999999999,0.24579439252336455
477,defined,791,0.4336283185840708,0.32400000000000001,0.25281632653061226
478,defined,784,0.42729591836734693,0.312,0.26982686567164182
479,defined,778,0.41516709511568123,0.32400000000000001,0.21959133126934982
480,defined,773,0.40362225097024579,0.32600000000000001,0.19231410256410253
481,defined,768,0.43489583333333331,0.34599999999999997,0.20440718562874249
482,defined,788,0.44416243654822335,0.35399999999999998,0.20299428571428579
483,defined,785,0.42802547770700639,0.32600000000000001,0.23836309523809529
484,defined,779,0.42875481386392811,0.314,0.26764670658682632
485,defined,769,0.40702210663198962,0.32000000000000001,0.2138019169329074
486,defined,751,0.43142476697736354,0.34200000000000003,0.20727777777777778
487,defined,765,0.42091503267973857,0.34399999999999997,0.18273291925465851
488,defined,783,0.38825031928480203,0.29799999999999999,0.23245394736842107
489,defined,783,0.42401021711366538,0.34000000000000002,0.19813253012048182
490,defined,788,0.41116751269035534,0.33000000000000002,0.19740740740740736
491,defined,764,0.42015706806282721,0.33600000000000002,0.20029906542056064
492,defined,787,0.42693773824650572,0.35399999999999998,0.17083928571428575
493,defined,789,0.43346007604562736,0.34000000000000002,0.21561403508771926
494,defined,788,0.40355329949238578,0.308,0.23677987421383651
495,defined,789,0.40177439797211661,0.312,0.22344479495268144
496,defined,791,0.41719342604298354,0.33200000000000002,0.2042060606060605
497,defined,775,0.41161290322580646,0.32000000000000001,0.22257053291536055
498,defined,765,0.4169934640522876,0.34999999999999998,0.16065830721003138
499,defined,787,0.41041931385006353,0.34000000000000002,0.17157894736842094
500,defined,782,0.42327365728900257,0.29999999999999999,0.29123867069486409
501,defined,771,0.44876783398184178,0.36599999999999999,0.18443352601156071
502,defined,774,0.42764857881136953,0.33200000000000002,0.22366163141993955
503,defined,781,0.39436619718309857,0.29999999999999999,0.23928571428571421
504,defined,775,0.38967741935483868,0.314,0.19420529801324493
505,defined,779,0.41206675224646983,0.318,0.22828037383177568
506,defined,793,0.41361916771752838,0.29799999999999999,0.2795304878048781
507,defined,782,0.37340153452685421,0.28799999999999998,0.22871232876712333
508,defined,778,0.4241645244215938,0.32000000000000001,0.24557575757575756
509,defined,759,0.39525691699604742,0.308,0.22075999999999996
510,defined,770,0.38961038961038963,0.30599999999999999,0.21460000000000001
511,defined,786,0.41730279898218831,0.314,0.24754878048780493
512,defined,781,0.40588988476312421,0.29999999999999999,0.26088328075709788
513,defined,788,0.39847715736040606,0.30199999999999999,0.24211464968152863
514,defined,783,0.40229885057471265,0.29799999999999999,0.25925714285714285
515,defined,777,0.42471042471042469,0.33200000000000002,0.21829090909090898
516,defined,777,0.44530244530244528,0.34599999999999997,0.22299999999999998
517,defined,787,0.40533672172808133,0.318,0.21546708463949849
518,defined,777,0.45302445302445304,0.35199999999999998,0.22300000000000009
519,defined,785,0.41146496815286626,0.33000000000000002,0.19798761609907123
520,defined,775,0.38967741935483868,0.308,0.20960264900662251
521,defined,780,0.3923076923076923,0.308,0.21490196078431367
522,defined,781,0.42637644046094753,0.34200000000000003,0.19789189189189182
523,defined,778,0.42159383033419023,0.33400000000000002,0.20776829268292674
524,defined,781,0.43149807938540335,0.32200000000000001,0.25376261127596444
525,defined,778,0.41388174807197942,0.33200000000000002,0.19783850931677016
526,defined,796,0.42211055276381909,0.32800000000000001,0.2229523809523809
527,defined,767,0.37940026075619299,0.29199999999999998,0.23036426116838493
528,defined,773,0.43984476067270373,0.34200000000000003,0.22245294117647052
529,defined,767,0.42372881355932202,0.316,0.25423999999999991
530,defined,758,0.39973614775725591,0.31,0.22448844884488439
531,defined,769,0.40572171651495448,0.316,0.22114102564102567
532,defined,779,0.41463414634146339,0.34799999999999998,0.16070588235294114
533,defined,772,0.40025906735751293,0.33200000000000002,0.17053721682847889
534,defined,778,0.41259640102827766,0.32600000000000001,0.20988161993769472
535,defined,778,0.40616966580976865,0.32200000000000001,0.20722784810126582
536,defined,787,0.40152477763659467,0.33800000000000002,0.15820886075949359
537,defined,768,0.4140625,0.31,0.25132075471698112
538,defined,793,0.42370744010088274,0.33800000000000002,0.20227976190476182
539,defined,772,0.40673575129533679,0.318,0.21816560509554139
540,defined,792,0.41666666666666669,0.33000000000000002,0.20799999999999996
541,defined,777,0.38352638352638352,0.318,0.17085234899328861
542,defined,769,0.42132639791937582,0.35199999999999998,0.16454320987654325
543,defined,782,0.38618925831202044,0.27200000000000002,0.29568211920529797
544,defined,789,0.41191381495564006,0.30599999999999999,0.25712615384615389
545,defined,778,0.4241645244215938,0.30399999999999999,0.28329696969696971
546,defined,793,0.40100882723833542,0.29999999999999999,0.25188679245283019
547,defined,802,0.43391521197007482,0.32200000000000001,0.25791954022988506
548,defined,778,0.42030848329048842,0.318,0.24341284403669716
549,defined,747,0.39625167336010708,0.316,0.20252702702702696
550,defined,778,0.39588688946015427,0.32800000000000001,0.17148051948051946
551,defined,797,0.44416562107904645,0.33800000000000002,0.2390225988700565
552,defined,772,0.43393782383419688,0.33200000000000002,0.23491343283582078
553,defined,767,0.38983050847457629,0.312,0.19965217391304346
554,defined,784,0.40943877551020408,0.318,0.22332710280373835
555,defined,784,0.41198979591836737,0.316,0.23299071207430344
556,defined,770,0.39480519480519483,0.33000000000000002,0.16414473684210529
557,defined,790,0.41772151898734178,0.32800000000000001,0.21478787878787875
558,defined,783,0.38314176245210729,0.29599999999999999,0.22744000000000009
559,defined,783,0.43167305236270753,0.316,0.26796449704142011
560,defined,783,0.43550446998722858,0.35199999999999998,0.19174193548387097
561,defined,780,0.40512820512820513,0.30599999999999999,0.24468354430379746
562,defined,771,0.39559014267185472,0.28799999999999998,0.27197377049180327
563,defined,771,0.39169909208819714,0.318,0.18815231788079467
564,defined,789,0.44740177439797213,0.34000000000000002,0.24005665722379599
565,defined,798,0.42230576441102757,0.32200000000000001,0.23751928783382792
566,defined,776,0.40206185567010311,0.30599999999999999,0.23892307692307702
567,defined,772,0.3950777202072539,0.29399999999999998,0.25584262295081972
568,defined,771,0.42801556420233461,0.35599999999999998,0.16825454545454543
569,defined,768,0.42708333333333331,0.32200000000000001,0.24604878048780487
570,defined,784,0.40433673469387754,0.29799999999999999,0.26299053627760249
571,defined,783,0.43295019157088122,0.34799999999999998,0.19621238938053098
572,defined,783,0.42528735632183906,0.35199999999999998,0.17232432432432432
573,defined,786,0.41221374045801529,0.32000000000000001,0.22370370370370374
574,defined,780,0.39743589743589741,0.29599999999999999,0.25522580645161286
575,defined,770,0.39480519480519483,0.308,0.2198684210526316
576,defined,768,0.41666666666666669,0.33400000000000002,0.19840000000000002
577,defined,779,0.43003851091142492,0.33800000000000002,0.21402388059701494
578,defined,780,0.43333333333333335,0.34200000000000003,0.21076923076923071
579,defined,763,0.39056356487549149,0.314,0.19603355704697989
580,defined,782,0.42199488491048592,0.34799999999999998,0.17534545454545458
581,defined,780,0.4217948717948718,0.34000000000000002,0.1939209726443768
582,defined,772,0.42098445595854922,0.33800000000000002,0.19711999999999996
583,defined,781,0.40332906530089629,0.34200000000000003,0.15205714285714278
584,defined,781,0.42253521126760563,0.35199999999999998,0.16693333333333338
585,defined,788,0.40609137055837563,0.33000000000000002,0.18737499999999996
586,defined,776,0.42268041237113402,0.33600000000000002,0.20507317073170728
587,defined,793,0.42749054224464061,0.314,0.26548082595870204
588,defined,759,0.39920948616600793,0.32000000000000001,0.19841584158415848
589,defined,788,0.39213197969543145,0.28999999999999998,0.26045307443365695
590,defined,800,0.44124999999999998,0.34000000000000002,0.22946175637393762
591,defined,784,0.42602040816326531,0.32400000000000001,0.23947305389221551
592,defined,787,0.41296060991105465,0.34000000000000002,0.17667692307692306
593,defined,801,0.42696629213483145,0.34000000000000002,0.20368421052631569
594,defined,781,0.40460947503201022,0.34200000000000003,0.15474050632911385
595,defined,771,0.39688715953307391,0.312,0.21388235294117641
596,defined,778,0.40616966580976865,0.30599999999999999,0.24662025316455705
597,defined,772,0.4106217616580311,0.32800000000000001,0.20121135646687693
598,defined,803,0.40224159402241594,0.316,0.21440247678018576
599,defined,767,0.39504563233376794,0.31,0.21528052805280529
600,defined,778,0.42030848329048842,0.34599999999999997,0.17679510703363921
601,defined,792,0.41540404040404039,0.316,0.23929483282674768
602,defined,765,0.42222222222222222,0.33000000000000002,0.21842105263157896
603,defined,775,0.38322580645161292,0.30599999999999999,0.20151515151515154
604,defined,803,0.40473225404732255,0.316,0.21923692307692311
605,defined,785,0.40764331210191085,0.32200000000000001,0.21009374999999997
606,defined,788,0.42258883248730966,0.33200000000000002,0.21436636636636641
607,defined,786,0.42493638676844786,0.32600000000000001,0.2328263473053892
608,defined,787,0.40025412960609913,0.30599999999999999,0.2354857142857143
609,defined,775,0.41935483870967744,0.32600000000000001,0.22261538461538466
610,defined,779,0.43003851091142492,0.34200000000000003,0.20472238805970144
611,defined,780,0.43076923076923079,0.34000000000000002,0.21071428571428574
612,defined,783,0.40229885057471265,0.316,0.21451428571428577
613,defined,776,0.41494845360824745,0.32800000000000001,0.2095403726708075
614,defined,794,0.41183879093198994,0.32200000000000001,0.21814067278287463
615,defined,777,0.40669240669240669,0.32000000000000001,0.2131645569620253
616,defined,777,0.40283140283140284,0.32400000000000001,0.19569329073482422
617,defined,780,0.42564102564102563,0.32800000000000001,0.22939759036144569
618,defined,775,0.44645161290322583,0.35399999999999998,0.20708092485549146
619,defined,803,0.45330012453300123,0.36199999999999999,0.20141208791208787
620,defined,791,0.44374209860935526,0.35399999999999998,0.20223931623931635
621,defined,773,0.43208279430789132,0.34599999999999997,0.19922754491017969
622,defined,779,0.42490372272143773,0.316,0.2563021148036253
623,defined,793,0.39092055485498106,0.32200000000000001,0.17630322580645152
624,defined,776,0.42912371134020616,0.34200000000000003,0.20302702702702691
625,defined,780,0.40512820512820513,0.33200000000000002,0.18050632911392406
626,defined,780,0.44358974358974357,0.33000000000000002,0.25606936416184967
627,defined,788,0.41878172588832485,0.34000000000000002,0.18812121212121202
628,defined,794,0.41309823677581864,0.32200000000000001,0.22052439024390247
629,defined,775,0.40000000000000002,0.29999999999999999,0.25000000000000011
630,defined,784,0.41581632653061223,0.30599999999999999,0.26409815950920246
631,defined,773,0.42302716688227682,0.33400000000000002,0.21045259938837912
632,defined,783,0.43933588761174969,0.36399999999999999,0.17147674418604653
633,defined,785,0.41528662420382167,0.316,0.23907975460122699
634,defined,805,0.40496894409937889,0.318,0.21475460122699386
635,defined,785,0.43312101910828027,0.33800000000000002,0.21961764705882347
636,defined,787,0.42312579415501905,0.314,0.25790390390390394
637,defined,764,0.43193717277486909,0.35599999999999998,0.17580606060606063
638,defined,781,0.40717029449423814,0.32000000000000001,0.21408805031446532
639,defined,796,0.40577889447236182,0.32400000000000001,0.20153560371517032
640,defined,765,0.43529411764705883,0.33000000000000002,0.24189189189189186
641,defined,766,0.44255874673629242,0.34599999999999997,0.21818289085545728
642,defined,808,0.43069306930693069,0.34200000000000003,0.20593103448275851
643,defined,793,0.39596469104665827,0.30199999999999999,0.23730573248407649
644,defined,790,0.40379746835443037,0.33600000000000002,0.16789968652037612
645,defined,775,0.39483870967741935,0.29399999999999998,0.25539215686274519
646,defined,783,0.40740740740740738,0.29999999999999999,0.26363636363636367
647,defined,791,0.4197218710493047,0.33800000000000002,0.19470481927710837
648,defined,803,0.41843088418430885,0.35399999999999998,0.15398214285714296
649,defined,786,0.4592875318066158,0.378,0.17698614958448755
650,defined,786,0.41221374045801529,0.32000000000000001,0.22370370370370374
651,defined,773,0.41655886157826649,0.316,0.24140372670807453
652,defined,779,0.41206675224646983,0.32200000000000001,0.21857320872274144
653,defined,764,0.38874345549738221,0.32000000000000001,0.17683501683501679
654,defined,784,0.4107142857142857,0.33600000000000002,0.18191304347826076
655,defined,788,0.39720812182741116,0.31,0.21955271565495205
656,defined,795,0.43773584905660379,0.36799999999999999,0.15931034482758621
657,defined,779,0.39794608472400511,0.30199999999999999,0.2411032258064516
658,defined,795,0.42138364779874216,0.32000000000000001,0.24059701492537311
659,defined,778,0.4241645244215938,0.34999999999999998,0.17484848484848481
660,defined,778,0.42287917737789205,0.33600000000000002,0.20544680851063823
661,defined,783,0.39335887611749681,0.318,0.19157792207792212
662,defined,776,0.40463917525773196,0.32600000000000001,0.19434394904458596
663,defined,781,0.41997439180537771,0.32200000000000001,0.23328658536585367
664,defined,775,0.42193548387096774,0.30399999999999999,0.27951070336391437
665,defined,780,0.41410256410256413,0.34799999999999998,0.15962848297213639
666,defined,768,0.42838541666666669,0.34399999999999997,0.19698480243161109
667,defined,777,0.41956241956241958,0.34999999999999998,0.16579754601227004
668,defined,777,0.39768339768339767,0.29999999999999999,0.24563106796116507
669,defined,789,0.4144486692015209,0.32200000000000001,0.22306422018348615
670,defined,791,0.4222503160556258,0.34200000000000003,0.19005389221556879
671,defined,791,0.45764854614412137,0.34999999999999998,0.23522099447513822
672,defined,769,0.3953185955786736,0.31,0.21582236842105262
673,defined,786,0.42111959287531808,0.29399999999999998,0.30186102719033236
674,defined,789,0.39163498098859317,0.308,0.21355339805825246
675,defined,800,0.40749999999999997,0.32800000000000001,0.19509202453987717
676,defined,774,0.43798449612403101,0.33600000000000002,0.23284955752212388
677,defined,763,0.39973787680209699,0.32800000000000001,0.1794622950819672
678,defined,787,0.40660736975857686,0.29199999999999998,0.28186250000000002
679,defined,785,0.37707006369426754,0.28000000000000003,0.25743243243243241
680,defined,786,0.4020356234096692,0.30399999999999999,0.24384810126582279
681,defined,792,0.40656565656565657,0.316,0.22275776397515534
682,defined,777,0.4144144144144144,0.316,0.23747826086956514
683,defined,789,0.44866920152091255,0.34399999999999997,0.23328813559322037
684,defined,786,0.42239185750636132,0.32400000000000001,0.2329397590361445
685,defined,793,0.41614123581336698,0.33000000000000002,0.20699999999999996
686,defined,756,0.39021164021164023,0.31,0.20555932203389837
687,defined,765,0.39869281045751637,0.33800000000000002,0.15222950819672132
688,defined,791,0.44627054361567636,0.34000000000000002,0.23813031161473086
689,defined,762,0.42388451443569553,0.33600000000000002,0.20733126934984514
690,defined,803,0.41594022415940224,0.33000000000000002,0.20661676646706584
691,defined,762,0.41863517060367456,0.33400000000000002,0.20216927899686521
692,defined,768,0.42578125,0.34599999999999997,0.18737614678899084
693,defined,800,0.40375,0.30199999999999999,0.25201238390092884
694,defined,771,0.41634241245136189,0.32600000000000001,0.21699065420560748
695,defined,792,0.41792929292929293,0.316,0.24389123867069484
696,defined,778,0.40102827763496146,0.30599999999999999,0.23696153846153856
697,defined,774,0.43798449612403101,0.34599999999999997,0.21001769911504431
698,defined,781,0.4212548015364917,0.33800000000000002,0.19763525835866258
699,defined,771,0.39429312581063553,0.31,0.21378289473684209
700,defined,770,0.41558441558441561,0.33000000000000002,0.2059375
701,defined,782,0.43606138107416881,0.34000000000000002,0.22029325513196474
702,defined,764,0.37172774869109948,0.31,0.16605633802816899
703,defined,783,0.41507024265644954,0.316,0.23868307692307689
704,defined,789,0.38910012674271227,0.32000000000000001,0.17758957654723118
705,defined,774,0.42377260981912146,0.35399999999999998,0.16464634146341472
706,defined,797,0.40903387703889588,0.34200000000000003,0.16388343558282203
707,defined,783,0.41251596424010217,0.312,0.24366563467492264
708,defined,769,0.40832249674902471,0.30199999999999999,0.26038853503184711
709,defined,787,0.38881829733163914,0.28599999999999998,0.2644379084967321
710,defined,764,0.39659685863874344,0.29999999999999999,0.24356435643564356
711,defined,764,0.42015706806282721,0.33200000000000002,0.20981931464174453
712,defined,779,0.39281129653401797,0.28799999999999998,0.26682352941176479
713,defined,791,0.44879898862199746,0.35399999999999998,0.21122816901408459
714,defined,791,0.4310998735777497,0.36799999999999999,0.1463695014662757
715,defined,789,0.40684410646387831,0.312,0.2331214953271028
716,defined,785,0.42929936305732486,0.318,0.25925816023738879
717,defined,793,0.41992433795712486,0.316,0.24748348348348348
718,defined,790,0.4341772151898734,0.35199999999999998,0.1892711370262391
719,defined,791,0.42604298356510745,0.31,0.27237388724035605
720,defined,774,0.38759689922480622,0.29999999999999999,0.22600000000000009
721,defined,770,0.40909090909090912,0.314,0.23244444444444445
722,defined,779,0.42233632862644416,0.32000000000000001,0.24231003039513677
723,defined,781,0.40460947503201022,0.34000000000000002,0.15968354430379739
724,defined,789,0.41191381495564006,0.32400000000000001,0.21342769230769232
725,defined,787,0.43710292249047011,0.33600000000000002,0.2313023255813953
726,defined,802,0.42394014962593518,0.33600000000000002,0.20743529411764705
727,defined,791,0.40455120101137798,0.33200000000000002,0.17933749999999993
728,defined,796,0.41080402010050249,0.33000000000000002,0.19669724770642194
729,defined,796,0.44346733668341709,0.35999999999999999,0.18821529745042498
730,defined,792,0.40277777777777779,0.32600000000000001,0.19062068965517243
731,defined,771,0.40077821011673154,0.32600000000000001,0.18658252427184463
732,defined,789,0.41951837769328265,0.318,0.24198791540785503
733,defined,779,0.43132220795892168,0.33200000000000002,0.23027380952380949
734,defined,773,0.41526520051746441,0.30399999999999999,0.26793769470404982
735,defined,778,0.42673521850899743,0.316,0.25949397590361445
736,defined,789,0.40557667934093788,0.29999999999999999,0.26031250000000006
737,defined,788,0.44543147208121825,0.35199999999999998,0.20975498575498575
738,defined,786,0.40712468193384221,0.32000000000000001,0.21399999999999997
739,defined,798,0.41353383458646614,0.316,0.23585454545454543
740,defined,787,0.39644218551461247,0.33000000000000002,0.16759615384615378
741,defined,769,0.42392717815344605,0.318,0.24987116564417178
742,defined,796,0.44472361809045224,0.36199999999999999,0.18601129943502825
743,defined,772,0.42098445595854922,0.32400000000000001,0.23037538461538454
744,defined,760,0.44210526315789472,0.36599999999999999,0.17214285714285715
745,defined,766,0.4177545691906005,0.31,0.25793749999999993
746,defined,760,0.42894736842105263,0.33400000000000002,0.22134969325153375
747,defined,789,0.41318124207858048,0.31,0.24972392638036811
748,defined,781,0.39820742637644047,0.28399999999999997,0.2868038585209004
749,defined,778,0.39203084832904883,0.312,0.20414426229508198
750,defined,766,0.39033942558746737,0.30199999999999999,0.22631438127090309
751,defined,780,0.39871794871794874,0.318,0.20244372990353698
752,defined,769,0.37321196358907671,0.25,0.33013937282229966
753,defined,776,0.40463917525773196,0.314,0.22399999999999998
754,defined,780,0.41025641025641024,0.314,0.23462499999999997
755,defined,791,0.42351453855878635,0.32200000000000001,0.23969552238805969
756,defined,785,0.42420382165605097,0.34200000000000003,0.1937837837837838
757,defined,786,0.40458015267175573,0.29999999999999999,0.2584905660377359
758,defined,793,0.41109709962168978,0.34200000000000003,0.16807975460122693
759,defined,800,0.41875000000000001,0.29599999999999999,0.29313432835820896
760,defined,788,0.42512690355329952,0.316,0.25669253731343289
761,defined,784,0.40561224489795916,0.31,0.23572327044025154
762,defined,805,0.43354037267080747,0.33800000000000002,0.22037249283667615
763,defined,783,0.43039591315453385,0.32600000000000001,0.24255786350148367
764,defined,787,0.39898348157560354,0.28799999999999998,0.27816560509554145
765,defined,784,0.39158163265306123,0.31,0.20833876221498371
766,defined,775,0.41290322580645161,0.32000000000000001,0.22499999999999998
767,defined,769,0.37971391417425226,0.29599999999999999,0.22046575342465757
768,defined,780,0.37564102564102564,0.27600000000000002,0.26525597269624568
769,defined,795,0.40251572327044027,0.34799999999999998,0.1354375000000001
770,defined,797,0.41028858218318698,0.33400000000000002,0.18593883792048926
771,defined,762,0.43963254593175854,0.34200000000000003,0.22207761194029851
772,defined,755,0.39205298013245032,0.316,0.19398648648648642
773,defined,777,0.40154440154440152,0.316,0.21303846153846151
774,defined,789,0.38022813688212925,0.28799999999999998,0.24256
775,defined,775,0.40387096774193548,0.33000000000000002,0.18290734824281141
776,defined,795,0.39245283018867927,0.28000000000000003,0.28653846153846152
777,defined,781,0.44046094750320103,0.35799999999999998,0.18721511627906984
778,defined,770,0.39090909090909093,0.29999999999999999,0.2325581395348838
779,defined,776,0.39304123711340205,0.33400000000000002,0.15021639344262283
780,defined,763,0.39449541284403672,0.314,0.20404651162790699
781,defined,763,0.42463958060288337,0.33600000000000002,0.20874074074074067
782,defined,794,0.42191435768261965,0.34999999999999998,0.17044776119402993
783,defined,780,0.41666666666666669,0.32600000000000001,0.21760000000000002
784,defined,764,0.4306282722513089,0.35399999999999998,0.17794528875379945
785,defined,773,0.39715394566623546,0.314,0.20937459283387627
786,defined,794,0.38413098236775817,0.318,0.17215737704918033
787,defined,792,0.40782828282828282,0.34000000000000002,0.16631578947368408
788,defined,769,0.40572171651495448,0.33000000000000002,0.18663461538461534
789,defined,785,0.4318471337579618,0.318,0.26362831858407076
790,defined,785,0.39108280254777072,0.32400000000000001,0.17153094462540719
791,defined,765,0.37777777777777777,0.28999999999999998,0.23235294117647065
792,defined,774,0.39405684754521964,0.308,0.21838688524590166
793,defined,787,0.3926302414231258,0.32400000000000001,0.17479611650485438
794,defined,789,0.38910012674271227,0.318,0.18272964169381101
795,defined,753,0.41301460823373176,0.32800000000000001,0.20583922829581991
796,defined,787,0.41296060991105465,0.33800000000000002,0.18152000000000001
797,defined,790,0.42278481012658226,0.32600000000000001,0.22892215568862273
798,defined,763,0.40498034076015726,0.31,0.23453074433656962
799,defined,774,0.40310077519379844,0.33200000000000002,0.17638461538461536
800,defined,792,0.42676767676767674,0.34000000000000002,0.20331360946745547
801,defined,799,0.40675844806007511,0.32400000000000001,0.20345846153846159
802,defined,786,0.38676844783715014,0.29799999999999999,0.22951315789473692
803,defined,779,0.37869062901155326,0.27800000000000002,0.26589152542372874
804,defined,780,0.40384615384615385,0.30599999999999999,0.24228571428571433
805,defined,784,0.41709183673469385,0.33800000000000002,0.18962691131498466
806,defined,784,0.39413265306122447,0.32200000000000001,0.18301618122977337
807,defined,791,0.40960809102402024,0.312,0.23829629629629634
808,defined,771,0.383916990920882,0.31,0.19253378378378383
809,defined,786,0.41094147582697199,0.32600000000000001,0.20669969040247671
810,defined,781,0.41613316261203587,0.34399999999999997,0.17334153846153855
811,defined,790,0.42405063291139239,0.32000000000000001,0.24537313432835817
812,defined,799,0.36921151439299121,0.28399999999999997,0.23079322033898308
813,defined,798,0.42857142857142855,0.33000000000000002,0.22999999999999987
814,defined,789,0.41318124207858048,0.314,0.2400429447852761
815,defined,776,0.42268041237113402,0.32600000000000001,0.22873170731707315
816,defined,795,0.45408805031446542,0.37,0.18518005540166205
817,defined,763,0.38794233289646135,0.316,0.18544594594594599
818,defined,765,0.396078431372549,0.31,0.2173267326732673
819,defined,788,0.40482233502538073,0.31,0.23423197492163017
820,defined,766,0.40992167101827676,0.314,0.23399999999999999
821,defined,771,0.38261997405966275,0.308,0.19502372881355923
822,defined,790,0.40632911392405063,0.33600000000000002,0.17308411214953268
823,defined,781,0.41485275288092188,0.312,0.24792592592592588
824,defined,804,0.39676616915422885,0.312,0.21364263322884014
825,defined,781,0.36363636363636365,0.28199999999999997,0.22450000000000014
826,defined,781,0.38924455825864279,0.316,0.18817105263157896
827,defined,794,0.44458438287153651,0.33400000000000002,0.24873654390934841
828,defined,791,0.4247787610619469,0.316,0.25608333333333333
829,defined,759,0.42951251646903821,0.33600000000000002,0.21771779141104286
830,defined,781,0.39308578745198464,0.31,0.21136807817589576
831,defined,792,0.40782828282828282,0.308,0.2447801857585139
832,defined,774,0.41602067183462532,0.316,0.24042236024844721
833,defined,792,0.43308080808080807,0.33600000000000002,0.22416326530612241
834,defined,788,0.42131979695431471,0.308,0.26896385542168677
835,defined,791,0.42604298356510745,0.34399999999999997,0.19256973293768553
836,defined,787,0.41296060991105465,0.316,0.23479384615384613
837,defined,761,0.43101182654402104,0.33800000000000002,0.21579878048780488
838,defined,771,0.39429312581063553,0.32200000000000001,0.1833486842105263
839,defined,811,0.41923551171393342,0.32800000000000001,0.21762352941176466
840,defined,795,0.41761006289308178,0.32400000000000001,0.22415662650602408
841,defined,799,0.44305381727158949,0.32800000000000001,0.25968361581920907
842,defined,793,0.39092055485498106,0.28799999999999998,0.26327741935483873
843,defined,786,0.40966921119592875,0.32000000000000001,0.21888198757763977
844,defined,792,0.42929292929292928,0.34200000000000003,0.20334117647058814
845,defined,777,0.42213642213642216,0.34200000000000003,0.18983536585365857
846,defined,788,0.43401015228426398,0.34200000000000003,0.21199999999999997
847,defined,768,0.42838541666666669,0.33400000000000002,0.22032826747720369
848,defined,794,0.39042821158690177,0.29599999999999999,0.24185806451612912
849,defined,802,0.42518703241895262,0.34000000000000002,0.20035190615835774
850,defined,774,0.44702842377260982,0.33000000000000002,0.26179190751445081
851,defined,771,0.41893644617380027,0.32200000000000001,0.23138699690402476
852,defined,773,0.4113842173350582,0.32200000000000001,0.21727672955974842
853,defined,780,0.42307692307692307,0.34399999999999997,0.18690909090909091
854,defined,804,0.4228855721393035,0.33600000000000002,0.20545882352941169
855,defined,780,0.4128205128205128,0.32600000000000001,0.2103105590062111
856,defined,784,0.38265306122448978,0.29599999999999999,0.22645333333333328
857,defined,772,0.42487046632124353,0.32800000000000001,0.22799999999999998
858,defined,768,0.42708333333333331,0.36599999999999999,0.14302439024390246
859,defined,776,0.38659793814432991,0.29599999999999999,0.2343466666666667
860,defined,764,0.3913612565445026,0.28399999999999997,0.27432775919732444
861,defined,763,0.41284403669724773,0.30399999999999999,0.26364444444444446
862,defined,780,0.41410256410256413,0.31,0.25139318885448925
863,defined,774,0.37984496124031009,0.30599999999999999,0.19440816326530619
864,defined,764,0.40445026178010474,0.30399999999999999,0.2483624595469256
865,defined,786,0.41475826972010177,0.314,0.24293251533742333
866,defined,782,0.41304347826086957,0.32600000000000001,0.21073684210526311
867,defined,780,0.38461538461538464,0.308,0.19920000000000004
868,defined,791,0.41719342604298354,0.32800000000000001,0.21379393939393931
869,defined,782,0.40664961636828645,0.34399999999999997,0.15406289308176113
870,defined,775,0.39612903225806451,0.27800000000000002,0.29820846905537446
871,defined,767,0.41590612777053454,0.34799999999999998,0.16327272727272735
872,defined,789,0.39670468948035487,0.314,0.20847923322683704
873,defined,776,0.43170103092783507,0.33600000000000002,0.22168358208955219
874,defined,773,0.39974126778783958,0.316,0.20948867313915853
875,defined,796,0.41331658291457285,0.32200000000000001,0.2209361702127659
876,defined,786,0.41475826972010177,0.30199999999999999,0.27186503067484658
877,defined,775,0.40774193548387094,0.32400000000000001,0.20537974683544291
878,defined,778,0.38046272493573263,0.29999999999999999,0.21148648648648649
879,defined,779,0.42490372272143773,0.34399999999999997,0.19040483383685802
880,defined,795,0.4037735849056604,0.32200000000000001,0.20252336448598129
881,defined,772,0.40025906735751293,0.32600000000000001,0.1855275080906148
882,defined,782,0.41176470588235292,0.32800000000000001,0.2034285714285714
883,defined,779,0.38254172015404364,0.31,0.18963087248322152
884,defined,792,0.43560606060606061,0.38200000000000001,0.12306086956521733
885,defined,778,0.40359897172236503,0.33000000000000002,0.18235668789808912
886,defined,796,0.41331658291457285,0.32800000000000001,0.20641945288753794
887,defined,779,0.43260590500641849,0.33400000000000002,0.22793471810089017
888,defined,778,0.41131105398457585,0.33000000000000002,0.19768750000000002
889,defined,784,0.38137755102040816,0.32000000000000001,0.16093645484949826
890,defined,777,0.41698841698841699,0.32200000000000001,0.22779629629629627
891,defined,772,0.41580310880829013,0.29999999999999999,0.27850467289719627
892,defined,773,0.43208279430789132,0.35999999999999999,0.16682634730538926
893,defined,773,0.4204398447606727,0.30199999999999999,0.28170461538461544
894,defined,780,0.4217948717948718,0.36799999999999999,0.12753799392097265
895,defined,800,0.42125000000000001,0.33400000000000002,0.20712166172106827
896,defined,780,0.41666666666666669,0.34200000000000003,0.17920000000000003
897,defined,779,0.41848523748395378,0.318,0.24011656441717788
898,defined,789,0.40937896070975921,0.316,0.22809907120743034
899,defined,774,0.42118863049095606,0.33200000000000002,0.21175460122699385
900,defined,791,0.4197218710493047,0.312,0.25665060240963855
901,defined,777,0.42985842985842987,0.33000000000000002,0.23230538922155686
902,defined,795,0.40628930817610065,0.34200000000000003,0.15823529411764703
903,defined,773,0.42820181112548511,0.32800000000000001,0.23400604229607247
904,defined,789,0.43092522179974652,0.33400000000000002,0.22492352941176463
905,defined,788,0.3870558375634518,0.30199999999999999,0.21975081967213117
906,defined,771,0.41893644617380027,0.33000000000000002,0.21229102167182656
907,defined,796,0.39195979899497485,0.34399999999999997,0.12235897435897436
908,defined,782,0.42838874680306904,0.312,0.27168955223880598
909,defined,767,0.42242503259452413,0.312,0.26140740740740742
910,defined,792,0.41414141414141414,0.33800000000000002,0.18385365853658531
911,defined,778,0.40874035989717222,0.32200000000000001,0.21221383647798742
912,defined,777,0.40540540540540543,0.32600000000000001,0.19586666666666663
913,defined,785,0.42675159235668791,0.33200000000000002,0.22202985074626869
914,defined,779,0.39922978177150192,0.29599999999999999,0.25857234726688105
915,defined,782,0.41176470588235292,0.318,0.22771428571428565
916,defined,780,0.43461538461538463,0.34399999999999997,0.20849557522123907
917,defined,785,0.39745222929936308,0.27600000000000002,0.30557692307692308
918,defined,773,0.4204398447606727,0.32600000000000001,0.22462153846153843
919,defined,781,0.41485275288092188,0.32600000000000001,0.21417901234567893
920,defined,760,0.39078947368421052,0.29799999999999999,0.23744107744107745
921,defined,762,0.39238845144356954,0.30599999999999999,0.2201605351170568
922,defined,802,0.38778054862842892,0.28399999999999997,0.26762700964630226
923,defined,805,0.43602484472049691,0.33000000000000002,0.24316239316239319
924,defined,774,0.41214470284237725,0.34200000000000003,0.17019435736677113
925,defined,776,0.42010309278350516,0.33200000000000002,0.20971779141104296
926,defined,788,0.39213197969543145,0.29999999999999999,0.2349514563106796
927,defined,785,0.42038216560509556,0.33800000000000002,0.1959696969696969
928,defined,769,0.40312093628088425,0.31,0.23099999999999998
929,defined,774,0.41860465116279072,0.32600000000000001,0.22122222222222221
930,defined,776,0.39561855670103091,0.318,0.19619543973941367
931,defined,778,0.40231362467866322,0.31,0.22945686900958462
932,defined,800,0.42625000000000002,0.34999999999999998,0.17888563049853379
933,defined,772,0.3950777202072539,0.29599999999999999,0.25078032786885252
934,defined,781,0.40973111395646605,0.32000000000000001,0.21899999999999997
935,defined,790,0.43291139240506327,0.34200000000000003,0.20999999999999985
936,defined,774,0.37984496124031009,0.30599999999999999,0.19440816326530619
937,defined,792,0.44191919191919193,0.372,0.15821714285714295
938,defined,790,0.43670886075949367,0.36599999999999999,0.16191304347826085
939,defined,780,0.41538461538461541,0.316,0.23925925925925928
940,defined,766,0.42950391644908614,0.34000000000000002,0.20838905775075978
941,defined,799,0.4305381727158949,0.32400000000000001,0.24745348837209302
942,defined,798,0.42857142857142855,0.312,0.27199999999999991
943,defined,785,0.4229299363057325,0.32400000000000001,0.23391566265060237
944,defined,775,0.4232258064516129,0.33600000000000002,0.20609756097560972
945,defined,764,0.42277486910994766,0.34599999999999997,0.18159752321981437
946,defined,796,0.42211055276381909,0.33800000000000002,0.19926190476190475
947,defined,770,0.41168831168831171,0.30599999999999999,0.25671924290220827
948,defined,773,0.44372574385510999,0.34399999999999997,0.22474635568513135
949,defined,772,0.41580310880829013,0.33800000000000002,0.18711526479750773
950,defined,794,0.42317380352644834,0.33600000000000002,0.20599999999999996
951,defined,777,0.42471042471042469,0.34000000000000002,0.19945454545454533
952,defined,800,0.42875000000000002,0.33800000000000002,0.21166180758017494
953,defined,782,0.38874680306905368,0.29399999999999998,0.24372368421052626
954,defined,792,0.39393939393939392,0.28799999999999998,0.26892307692307693
955,defined,783,0.40357598978288634,0.32200000000000001,0.20213291139240508
956,defined,799,0.42428035043804757,0.34200000000000003,0.19392920353982301
957,defined,782,0.4156010230179028,0.33000000000000002,0.20596923076923068
958,defined,772,0.39378238341968913,0.30599999999999999,0.22292105263157902
959,defined,784,0.42857142857142855,0.33000000000000002,0.22999999999999987
960,defined,787,0.38881829733163914,0.308,0.20785620915032677
961,defined,796,0.36432160804020103,0.26800000000000002,0.26438620689655168
962,defined,772,0.40284974093264247,0.32600000000000001,0.19076527331189708
963,defined,789,0.39797211660329529,0.316,0.20597452229299362
964,defined,770,0.40389610389610392,0.32800000000000001,0.18790996784565916
965,defined,778,0.38174807197943444,0.28999999999999998,0.2403367003367004
966,defined,789,0.41825095057034223,0.32800000000000001,0.21578181818181819
967,defined,796,0.40829145728643218,0.316,0.2260430769230769
968,defined,784,0.40051020408163263,0.30599999999999999,0.23597452229299354
969,defined,800,0.42875000000000002,0.32000000000000001,0.25364431486880468
970,defined,776,0.39432989690721648,0.31,0.21385620915032677
971,defined,791,0.40707964601769914,0.28999999999999998,0.28760869565217395
972,defined,784,0.39540816326530615,0.32800000000000001,0.17047741935483873
973,defined,765,0.41960784313725491,0.34200000000000003,0.18495327102803738
974,defined,785,0.4229299363057325,0.33800000000000002,0.20081325301204822
975,defined,771,0.4059662775616083,0.312,0.23146325878594254
976,defined,801,0.38576779026217228,0.28999999999999998,0.24825242718446605
977,defined,772,0.42616580310880831,0.374,0.12240729483282675
978,defined,768,0.390625,0.312,0.20128000000000001
979,defined,779,0.41463414634146339,0.314,0.2427058823529411
980,defined,787,0.37357052096569249,0.28999999999999998,0.22370748299319732
981,defined,768,0.42057291666666669,0.36799999999999999,0.12500309597523229
982,defined,773,0.39974126778783958,0.31,0.22449838187702265
983,defined,798,0.44611528822055135,0.37,0.17061797752808983
984,defined,780,0.41794871794871796,0.32000000000000001,0.23435582822085887
985,defined,784,0.43367346938775508,0.312,0.28056470588235294
986,defined,772,0.41321243523316065,0.312,0.24494043887147343
987,defined,784,0.42474489795918369,0.33200000000000002,0.21835435435435435
988,defined,777,0.42985842985842987,0.32800000000000001,0.2369580838323353
989,defined,778,0.37532133676092544,0.27000000000000002,0.28061643835616434
990,defined,781,0.41229193341869397,0.34999999999999998,0.1510869565217392
991,defined,784,0.40561224489795916,0.314,0.2258616352201257
992,defined,803,0.37235367372353673,0.30399999999999999,0.18357190635451504
993,defined,775,0.41290322580645161,0.32200000000000001,0.22015624999999994
994,defined,805,0.43850931677018634,0.34599999999999997,0.21096317280453269
995,defined,789,0.41318124207858048,0.32000000000000001,0.22552147239263798
996,defined,784,0.40816326530612246,0.30599999999999999,0.25030000000000008
997,defined,775,0.43870967741935485,0.32800000000000001,0.25235294117647056
998,defined,767,0.41199478487614083,0.308,0.25241772151898734
999,defined,780,0.4217948717948718,0.34999999999999998,0.17021276595744683
1000,defined,781,0.40332906530089629,0.308,0.23635555555555554
1001,defined,771,0.38002594033722437,0.28599999999999998,0.24741979522184299
1002,defined,792,0.40025252525252525,0.30199999999999999,0.24547634069400637
1003,defined,773,0.40362225097024579,0.312,0.22699999999999998
1004,defined,797,0.4604767879548306,0.34000000000000002,0.26163487738419611
1005,defined,807,0.42131350681536556,0.34999999999999998,0.16926470588235298
1006,defined,772,0.42875647668393785,0.34599999999999997,0.19301510574018133
1007,defined,785,0.42675159235668791,0.312,0.26889552238805969
1008,defined,782,0.40920716112531969,0.32800000000000001,0.1984499999999999
1009,defined,790,0.39113924050632909,0.312,0.20233009708737859
1010,defined,792,0.41540404040404039,0.32000000000000001,0.22966565349544066
1011,defined,786,0.41730279898218831,0.33200000000000002,0.20441463414634142
1012,defined,802,0.37281795511221943,0.318,0.14703678929765884
1013,defined,786,0.40712468193384221,0.30399999999999999,0.25329999999999997
1014,defined,778,0.41902313624678661,0.31,0.26018404907975456
1015,defined,763,0.39711664482306686,0.30599999999999999,0.22944554455445554
1016,defined,778,0.42544987146529561,0.35199999999999998,0.17264048338368587
1017,defined,766,0.35900783289817234,0.28199999999999997,0.21450181818181835
1018,defined,770,0.40259740259740262,0.30599999999999999,0.23993548387096775
1019,defined,761,0.4099868593955322,0.32800000000000001,0.199974358974359
1020,defined,770,0.42077922077922075,0.33800000000000002,0.19672839506172835
1021,defined,793,0.41235813366960911,0.32200000000000001,0.21912538226299694
1022,defined,791,0.4197218710493047,0.33400000000000002,0.20423493975903617
1023,defined,784,0.42091836734693877,0.34799999999999998,0.17323636363636363
1024,defined,775,0.39741935483870966,0.32000000000000001,0.19480519480519476
1025,defined,772,0.42746113989637308,0.35399999999999998,0.17185454545454548
1026,defined,790,0.41518987341772151,0.33800000000000002,0.18591463414634135
1027,defined,767,0.409387222946545,0.29999999999999999,0.26719745222929947
1028,defined,787,0.40406607369758579,0.32600000000000001,0.19320125786163522
1029,defined,781,0.40332906530089629,0.33800000000000002,0.1619746031746031
1030,defined,795,0.4088050314465409,0.318,0.22212307692307698
1031,defined,787,0.44472681067344344,0.33000000000000002,0.25797142857142852
1032,defined,794,0.41183879093198994,0.30399999999999999,0.26184709480122326
1033,defined,770,0.42337662337662335,0.29599999999999999,0.30085889570552149
1034,defined,786,0.4351145038167939,0.34200000000000003,0.21399999999999997
1035,defined,781,0.4174135723431498,0.33800000000000002,0.19025153374233117
1036,defined,784,0.40051020408163263,0.30599999999999999,0.23597452229299354
1037,defined,804,0.43532338308457713,0.34000000000000002,0.21897142857142859
1038,defined,783,0.41123882503192849,0.33000000000000002,0.19754658385093171
1039,defined,778,0.40231362467866322,0.29999999999999999,0.25431309904153354
1040,defined,803,0.41469489414694893,0.30599999999999999,0.26210810810810814
1041,defined,794,0.40931989924433249,0.30199999999999999,0.26219076923076923
1042,defined,773,0.4113842173350582,0.33200000000000002,0.19296855345911945
1043,defined,796,0.40829145728643218,0.32400000000000001,0.20644923076923083
1044,defined,785,0.44203821656050957,0.33600000000000002,0.23988472622478385
1045,defined,773,0.41914618369987061,0.31,0.26040123456790121
1046,defined,785,0.38471337579617837,0.30599999999999999,0.20460264900662262
1047,defined,765,0.44183006535947711,0.32600000000000001,0.26215976331360946
1048,defined,775,0.41161290322580646,0.30199999999999999,0.26630094043887154
1049,defined,782,0.40025575447570333,0.35199999999999998,0.12056230031948889
1050,defined,784,0.39795918367346939,0.314,0.21097435897435901
1051,defined,781,0.4212548015364917,0.33800000000000002,0.19763525835866258
1052,defined,773,0.39586028460543338,0.32000000000000001,0.19163398692810452
1053,defined,792,0.43434343434343436,0.31,0.28627906976744188
1054,defined,777,0.39382239382239381,0.30199999999999999,0.23315686274509806
1055,defined,801,0.42446941323345816,0.34999999999999998,0.17544117647058821
1056,defined,764,0.41753926701570682,0.33000000000000002,0.20965517241379306
1057,defined,782,0.43861892583120204,0.34799999999999998,0.2066005830903791
1058,defined,781,0.40460947503201022,0.32800000000000001,0.18934177215189862
1059,defined,787,0.43074968233799238,0.33600000000000002,0.21996460176991151
1060,defined,784,0.4107142857142857,0.32400000000000001,0.21113043478260862
1061,defined,794,0.40806045340050379,0.33800000000000002,0.17169135802469127
1062,defined,781,0.42765685019206146,0.35799999999999998,0.16288023952095809
1063,defined,781,0.41101152368758004,0.28599999999999998,0.30415576323987548
1064,defined,796,0.39824120603015073,0.308,0.22659936908517342
1065,defined,784,0.39668367346938777,0.312,0.21347909967845657
1066,defined,763,0.41284403669724773,0.314,0.23942222222222231
1067,defined,769,0.43563068920676201,0.34999999999999998,0.19656716417910447
1068,defined,771,0.37743190661478598,0.29599999999999999,0.21575257731958764
1069,defined,781,0.39820742637644047,0.29799999999999999,0.25164630225080387
1070,defined,793,0.40100882723833542,0.30399999999999999,0.24191194968553453
1071,defined,789,0.40050697084917619,0.32200000000000001,0.19601898734177214
1072,defined,786,0.40330788804071249,0.28399999999999997,0.29582334384858056
1073,defined,785,0.42802547770700639,0.34599999999999997,0.19163690476190487
1074,defined,781,0.39692701664532648,0.312,0.2139612903225806
1075,defined,785,0.46369426751592357,0.35599999999999998,0.23225274725274725
1076,defined,770,0.41688311688311686,0.32400000000000001,0.22280373831775691
1077,defined,787,0.41423125794155019,0.29799999999999999,0.28059509202453992
1078,defined,776,0.41365979381443296,0.32000000000000001,0.22641744548286602
1079,defined,791,0.39317319848293297,0.29199999999999998,0.25732475884244377
1080,defined,785,0.42675159235668791,0.34000000000000002,0.20328358208955222
1081,defined,765,0.40784313725490196,0.318,0.22028846153846149
1082,defined,773,0.41526520051746441,0.32200000000000001,0.22459190031152643
1083,defined,785,0.43566878980891721,0.34799999999999998,0.20122807017543864
1084,defined,765,0.40261437908496733,0.314,0.22009740259740262
1085,defined,781,0.41869398207426378,0.33800000000000002,0.19272782874617733
1086,defined,791,0.40455120101137798,0.32400000000000001,0.19911249999999991
1087,defined,781,0.39308578745198464,0.30399999999999999,0.2266319218241043
1088,defined,767,0.43285528031290743,0.33600000000000002,0.22375903614457826
1089,defined,772,0.40414507772020725,0.32800000000000001,0.18841025641025633
1090,defined,767,0.40547588005215124,0.30399999999999999,0.25026366559485536
1091,defined,765,0.4169934640522876,0.35399999999999998,0.15106583072100321
1092,defined,793,0.41361916771752838,0.32200000000000001,0.22150609756097561
1093,defined,790,0.4088607594936709,0.29799999999999999,0.27114551083591332
1094,defined,778,0.41902313624678661,0.318,0.24109202453987721
1095,defined,776,0.41237113402061853,0.316,0.23369999999999991
1096,defined,772,0.40414507772020725,0.314,0.223051282051282
1097,defined,771,0.39299610894941633,0.32000000000000001,0.18574257425742569
1098,defined,769,0.41612483745123535,0.32800000000000001,0.21177499999999994
1099,defined,770,0.39350649350649353,0.30399999999999999,0.22745874587458748
1100,defined,784,0.4107142857142857,0.32000000000000001,0.22086956521739121
1101,defined,782,0.46291560102301788,0.37,0.20071823204419881
1102,defined,775,0.41935483870967744,0.30599999999999999,0.27030769230769236
1103,defined,766,0.42297650130548303,0.33000000000000002,0.2198148148148148
1104,defined,784,0.4107142857142857,0.318,0.22573913043478255
1105,defined,783,0.42017879948914433,0.29599999999999999,0.29553799392097269
1106,defined,765,0.41176470588235292,0.33600000000000002,0.18399999999999994
1107,defined,794,0.41939546599496219,0.316,0.24653453453453444
1108,defined,787,0.43202033036848791,0.34399999999999997,0.20374117647058831
1109,defined,773,0.41526520051746441,0.312,0.24867289719626162
1110,defined,767,0.43415906127770537,0.34000000000000002,0.21687687687687685
1111,defined,783,0.41379310344827586,0.30399999999999999,0.26533333333333331
1112,defined,781,0.43918053777208704,0.378,0.13930612244897955
1113,defined,783,0.43550446998722858,0.35399999999999998,0.18714956011730199
1114,defined,797,0.42032622333751568,0.34399999999999997,0.18158805970149261
1115,defined,795,0.39622641509433965,0.314,0.20752380952380955
1116,defined,787,0.41804320203303685,0.312,0.25366565349544079
1117,defined,790,0.42658227848101266,0.34799999999999998,0.18421364985163213
1118,defined,788,0.38071065989847713,0.29799999999999999,0.2172533333333333
1119,defined,783,0.42401021711366538,0.312,0.26416867469879513
1120,defined,781,0.41229193341869397,0.318,0.22870186335403719
1121,defined,780,0.40000000000000002,0.28999999999999998,0.27500000000000013
1122,defined,786,0.43129770992366412,0.32600000000000001,0.24414159292035398
1123,defined,779,0.40693196405648269,0.316,0.22345741324921142
1124,defined,753,0.40504648074369187,0.31,0.23465573770491799
1125,defined,771,0.40077821011673154,0.33200000000000002,0.17161165048543692
1126,defined,783,0.42273307790549169,0.32800000000000001,0.22409667673716005
1127,defined,779,0.43260590500641849,0.34799999999999998,0.19557270029673601
1128,defined,810,0.4345679012345679,0.34000000000000002,0.21761363636363629
1129,defined,805,0.40993788819875776,0.34399999999999997,0.16084848484848491
1130,defined,786,0.39694656488549618,0.312,0.21399999999999997
1131,defined,778,0.44601542416452444,0.34599999999999997,0.224242074927954
1132,defined,773,0.42690815006468308,0.32600000000000001,0.23636969696969701
1133,defined,785,0.38853503184713378,0.318,0.18154098360655746
1134,defined,791,0.40455120101137798,0.32600000000000001,0.19416874999999989
1135,defined,756,0.39285714285714285,0.28999999999999998,0.26181818181818184
1136,defined,776,0.40463917525773196,0.30599999999999999,0.24377070063694273
1137,defined,792,0.39772727272727271,0.31,0.22057142857142853
1138,defined,784,0.39668367346938777,0.29999999999999999,0.24372990353697754
1139,defined,785,0.40382165605095544,0.29799999999999999,0.26205047318611996
1140,defined,784,0.42602040816326531,0.34399999999999997,0.19252694610778454
1141,defined,775,0.38967741935483868,0.314,0.19420529801324493
1142,defined,783,0.42656449553001274,0.32400000000000001,0.24044311377245497
1143,defined,791,0.41719342604298354,0.314,0.2473515151515151
1144,defined,771,0.39559014267185472,0.32200000000000001,0.18602622950819669
1145,defined,791,0.41213653603034134,0.32400000000000001,0.2138527607361963
1146,defined,791,0.43489254108723135,0.33400000000000002,0.23199418604651156
1147,defined,782,0.41815856777493604,0.35199999999999998,0.15821406727828746
1148,defined,776,0.40206185567010311,0.316,0.2140512820512821
1149,defined,770,0.37662337662337664,0.28000000000000003,0.25655172413793104
1150,defined,761,0.41787122207621552,0.33600000000000002,0.19592452830188678
1151,defined,763,0.43643512450851901,0.35999999999999999,0.17513513513513523
1152,defined,782,0.41432225063938621,0.32000000000000001,0.22765432098765437
1153,defined,802,0.42892768079800497,0.36399999999999999,0.15137209302325583
1154,defined,778,0.41773778920308485,0.316,0.24354461538461536
1155,defined,772,0.41321243523316065,0.33800000000000002,0.18201880877742949
1156,defined,780,0.42307692307692307,0.32800000000000001,0.22472727272727266
1157,defined,760,0.40131578947368424,0.308,0.23252459016393445
1158,defined,789,0.41191381495564006,0.318,0.2279938461538461
1159,defined,773,0.39974126778783958,0.312,0.21949514563106798
1160,defined,781,0.42765685019206146,0.33400000000000002,0.21899999999999997
1161,defined,779,0.4274711168164313,0.32400000000000001,0.242054054054054
1162,defined,767,0.42372881355932202,0.35399999999999998,0.16456000000000004
1163,defined,770,0.42467532467532465,0.33600000000000002,0.20880733944954122
1164,defined,774,0.39147286821705424,0.312,0.20300990099009897
1165,defined,782,0.41943734015345269,0.32200000000000001,0.23230487804878042
1166,defined,784,0.42857142857142855,0.312,0.27199999999999991
1167,defined,781,0.42381562099871961,0.34399999999999997,0.18832628398791551
1168,defined,800,0.41499999999999998,0.314,0.24337349397590358
1169,defined,780,0.41923076923076924,0.33800000000000002,0.19376146788990822
1170,defined,767,0.40026075619295959,0.30199999999999999,0.24549185667752449
1171,defined,779,0.40051347881899874,0.32000000000000001,0.20102564102564102
1172,defined,786,0.41730279898218831,0.33800000000000002,0.19003658536585366
1173,defined,765,0.40522875816993464,0.31,0.23499999999999999
1174,defined,786,0.43384223918575066,0.32400000000000001,0.25318475073313784
1175,defined,761,0.41524310118265439,0.31,0.25344936708860755
1176,defined,780,0.42692307692307691,0.33600000000000002,0.21297297297297291
1177,defined,771,0.40077821011673154,0.314,0.21652427184466028
1178,defined,778,0.42673521850899743,0.33200000000000002,0.22199999999999998
1179,defined,769,0.40832249674902471,0.32400000000000001,0.20650955414012739
1180,defined,776,0.42912371134020616,0.34000000000000002,0.20768768768768753
1181,defined,773,0.37904269081500647,0.28199999999999997,0.2560204778156997
1182,defined,791,0.41087231352718079,0.318,0.22603692307692302
1183,defined,773,0.40362225097024579,0.33400000000000002,0.17249358974358964
1184,defined,782,0.40153452685421998,0.28399999999999997,0.2927133757961784
1185,defined,796,0.39949748743718594,0.312,0.21901886792452829
1186,defined,771,0.4150453955901427,0.34000000000000002,0.18081250000000004
1187,defined,801,0.43320848938826467,0.34200000000000003,0.21054178674351576
1188,defined,786,0.42111959287531808,0.35199999999999998,0.16413293051359523
1189,defined,772,0.43005181347150256,0.34200000000000003,0.20474698795180712
1190,defined,776,0.43041237113402064,0.32400000000000001,0.24723353293413175
1191,defined,759,0.40843214756258234,0.29599999999999999,0.27527741935483874
1192,defined,776,0.37371134020618557,0.31,0.17048275862068962
1193,defined,792,0.42803030303030304,0.32000000000000001,0.25238938053097348
1194,defined,784,0.40816326530612246,0.34200000000000003,0.16209999999999991
1195,defined,778,0.42287917737789205,0.32600000000000001,0.2290942249240121
1196,defined,782,0.39130434782608697,0.31,0.20777777777777784
1197,defined,783,0.46104725415070241,0.372,0.19314127423822713
1198,defined,754,0.41114058355437666,0.32800000000000001,0.20221935483870968
1199,defined,773,0.40620957309184996,0.32200000000000001,0.20730573248407647
1200,defined,765,0.42222222222222222,0.34999999999999998,0.17105263157894746
1201,defined,782,0.42327365728900257,0.32400000000000001,0.23453776435045315
1202,defined,778,0.41131105398457585,0.29599999999999999,0.2803500000000001
1203,defined,782,0.42199488491048592,0.32400000000000001,0.23221818181818177
1204,defined,784,0.40943877551020408,0.316,0.22821183800623046
1205,defined,788,0.3895939086294416,0.31,0.20429967426710094
1206,defined,780,0.42435897435897435,0.33400000000000002,0.21293051359516613
1207,defined,793,0.39848675914249687,0.30399999999999999,0.23711392405063303
1208,defined,783,0.3946360153256705,0.30199999999999999,0.23473786407766994
1209,defined,786,0.38931297709923662,0.32000000000000001,0.17803921568627445
1210,defined,789,0.38022813688212925,0.28399999999999997,0.25307999999999997
1211,defined,782,0.44245524296675193,0.36799999999999999,0.1682774566473989
1212,defined,779,0.46084724005134786,0.35999999999999999,0.21883008356545963
1213,defined,773,0.3984476067270375,0.32600000000000001,0.18182467532467528
1214,defined,799,0.39799749687108887,0.308,0.22612578616352208
1215,defined,784,0.41581632653061223,0.308,0.25928834355828223
1216,defined,761,0.41392904073587383,0.32000000000000001,0.22692063492063486
1217,defined,789,0.45373891001267425,0.35999999999999999,0.20659217877094971
1218,defined,787,0.42058449809402798,0.314,0.25341993957703934
1219,defined,793,0.42118537200504413,0.33800000000000002,0.19750299401197602
1220,defined,773,0.40750323415265199,0.33200000000000002,0.1852825396825396
1221,defined,769,0.38621586475942782,0.28599999999999998,0.25948148148148154
1222,defined,776,0.40463917525773196,0.32800000000000001,0.18940127388535033
1223,defined,783,0.42273307790549169,0.32800000000000001,0.22409667673716005
1224,defined,776,0.41108247422680411,0.32200000000000001,0.21670219435736671
1225,defined,781,0.39308578745198464,0.316,0.19610423452768733
1226,defined,791,0.40960809102402024,0.32000000000000001,0.21876543209876542
1227,defined,785,0.38598726114649684,0.31,0.19686468646864697
1228,defined,784,0.4107142857142857,0.312,0.24034782608695648
1229,defined,755,0.40662251655629139,0.32800000000000001,0.19335504885993482
1230,defined,784,0.41326530612244899,0.32400000000000001,0.21599999999999997
1231,defined,783,0.40102171136653897,0.308,0.23196178343949048
1232,defined,783,0.45338441890166026,0.36199999999999999,0.20156056338028172
1233,defined,773,0.42561448900388099,0.32000000000000001,0.24814589665653497
1234,defined,782,0.41304347826086957,0.32800000000000001,0.20589473684210524
1235,defined,786,0.39694656488549618,0.32200000000000001,0.18880769230769223
1236,defined,775,0.4258064516129032,0.32000000000000001,0.24848484848484842
1237,defined,785,0.41656050955414015,0.316,0.24140672782874617
1238,defined,815,0.43067484662576688,0.33000000000000002,0.23376068376068371
1239,defined,794,0.4345088161209068,0.33400000000000002,0.23131594202898542
1240,defined,791,0.38179519595448796,0.28599999999999998,0.25090728476821189
1241,defined,771,0.40337224383916992,0.28199999999999997,0.30089389067524119
1242,defined,779,0.44159178433889601,0.314,0.28893604651162785
1243,defined,784,0.38137755102040816,0.28599999999999998,0.25008695652173918
1244,defined,766,0.38120104438642299,0.30199999999999999,0.20776712328767133
1245,defined,792,0.40530303030303028,0.32400000000000001,0.20059813084112144
1246,defined,773,0.38551099611901679,0.32200000000000001,0.16474496644295289
1247,defined,783,0.42273307790549169,0.34599999999999997,0.18151661631419946
1248,defined,787,0.43583227445997458,0.33600000000000002,0.22906122448979582
1249,defined,778,0.42930591259640105,0.33000000000000002,0.23131736526946112
1250,defined,790,0.39746835443037976,0.28799999999999998,0.27541401273885358
1251,defined,772,0.42875647668393785,0.32800000000000001,0.2349969788519638
1252,defined,801,0.40823970037453183,0.30199999999999999,0.26023853211009174
1253,defined,791,0.39949431099873578,0.28999999999999998,0.27408227848101274
1254,defined,778,0.40488431876606684,0.30399999999999999,0.24916825396825404
1255,defined,780,0.40641025641025641,0.314,0.2273817034700315
1256,defined,773,0.4023285899094437,0.318,0.20960128617363338
1257,defined,771,0.4150453955901427,0.33400000000000002,0.19526874999999999
1258,defined,774,0.40310077519379844,0.316,0.21607692307692306
1259,defined,777,0.43371943371943372,0.32800000000000001,0.24375074183976253
1260,defined,782,0.40409207161125321,0.28199999999999997,0.30213924050632923
1261,defined,781,0.4353393085787452,0.32600000000000001,0.25115882352941177
1262,defined,776,0.42783505154639173,0.32200000000000001,0.24737349397590358
1263,defined,773,0.4204398447606727,0.33600000000000002,0.20083692307692302
1264,defined,782,0.38491048593350385,0.308,0.19981395348837216
1265,defined,758,0.39577836411609496,0.31,0.21673333333333333
1266,defined,781,0.41357234314980795,0.316,0.2359256965944273
1267,defined,777,0.40411840411840411,0.33000000000000002,0.1834076433121018
1268,defined,768,0.40494791666666669,0.30599999999999999,0.24434726688102903
1269,defined,787,0.43456162642947904,0.35799999999999998,0.17618128654970766
1270,defined,777,0.42471042471042469,0.29399999999999998,0.30776363636363635
1271,defined,810,0.42345679012345677,0.36399999999999999,0.14040816326530614
1272,defined,785,0.43949044585987262,0.34000000000000002,0.22637681159420286
1273,defined,769,0.4096228868660598,0.32400000000000001,0.20902857142857134
1274,defined,795,0.42264150943396228,0.33400000000000002,0.20973214285714281
1275,defined,780,0.42564102564102563,0.34599999999999997,0.18710843373493979
1276,defined,794,0.42317380352644834,0.34200000000000003,0.19182142857142848
1277,defined,784,0.43622448979591838,0.33200000000000002,0.23892397660818709
1278,defined,769,0.42132639791937582,0.312,0.25948148148148154
1279,defined,798,0.47368421052631576,0.376,0.2062222222222222
1280,defined,786,0.41730279898218831,0.34000000000000002,0.18524390243902433
1281,defined,798,0.46240601503759399,0.376,0.18686178861788616
1282,defined,780,0.4128205128205128,0.29999999999999999,0.27329192546583847
1283,defined,768,0.38151041666666669,0.30399999999999999,0.20316723549488058
1284,defined,791,0.41466498103666244,0.33000000000000002,0.20417682926829261
1285,defined,791,0.39443742098609358,0.314,0.20392948717948722
1286,defined,789,0.42332065906210392,0.32200000000000001,0.23934730538922155
1287,defined,767,0.42112125162972619,0.29599999999999999,0.29711455108359131
1288,defined,782,0.42071611253196933,0.314,0.25365349544072957
1289,defined,769,0.41872561768530558,0.34999999999999998,0.16413043478260869
1290,defined,789,0.44106463878326996,0.34599999999999997,0.21553448275862075
1291,defined,784,0.40433673469387754,0.318,0.21352681388012618
1292,defined,778,0.41002570694087404,0.33400000000000002,0.18541692789968645
1293,defined,796,0.43969849246231157,0.35199999999999998,0.19945142857142861
1294,defined,784,0.41836734693877553,0.316,0.24468292682926829
1295,defined,805,0.39751552795031053,0.316,0.20506249999999993
1296,defined,762,0.42519685039370081,0.34599999999999997,0.18625925925925935
1297,defined,786,0.42493638676844786,0.32200000000000001,0.24223952095808388
1298,defined,767,0.4041720990873533,0.29999999999999999,0.25774193548387092
1299,defined,787,0.42058449809402798,0.32000000000000001,0.23915407854984894
1300,defined,780,0.42820512820512818,0.34599999999999997,0.19197604790419165
1301,defined,785,0.37834394904458601,0.27800000000000002,0.26521885521885524
1302,defined,786,0.38167938931297712,0.308,0.1930400000000001
1303,defined,780,0.41794871794871796,0.312,0.25349693251533745
1304,defined,784,0.39795918367346939,0.312,0.21599999999999997
1305,defined,777,0.40797940797940796,0.29199999999999998,0.2842776025236593
1306,defined,793,0.42370744010088274,0.30199999999999999,0.28724404761904765
1307,defined,782,0.41815856777493604,0.308,0.26343730886850147
1308,defined,781,0.40973111395646605,0.314,0.23364374999999993
1309,defined,777,0.37966537966537967,0.318,0.16242033898305086
1310,defined,807,0.43618339529120198,0.35999999999999999,0.17465909090909093
1311,defined,774,0.42118863049095606,0.32000000000000001,0.2402453987730061
1312,defined,779,0.43003851091142492,0.33200000000000002,0.22797611940298501
1313,defined,757,0.41083223249669748,0.32200000000000001,0.21622508038585209
1314,defined,782,0.42966751918158569,0.34599999999999997,0.19472619047619055
1315,defined,778,0.41131105398457585,0.32600000000000001,0.2074125
1316,defined,777,0.43629343629343631,0.34599999999999997,0.20695575221238949
1317,defined,772,0.41709844559585491,0.32200000000000001,0.22799999999999998
1318,defined,773,0.40620957309184996,0.33600000000000002,0.17284076433121021
1319,defined,768,0.40104166666666669,0.30599999999999999,0.23698701298701308
1320,defined,794,0.38539042821158692,0.32800000000000001,0.1489150326797386
1321,defined,771,0.3748378728923476,0.29599999999999999,0.21032525951557102
1322,defined,782,0.44245524296675193,0.34999999999999998,0.20895953757225438
1323,defined,775,0.41290322580645161,0.308,0.25406249999999997
1324,defined,779,0.43517329910141206,0.33200000000000002,0.23708554572271379
1325,defined,792,0.4128787878787879,0.30599999999999999,0.25886238532110095
1326,defined,785,0.4229299363057325,0.33400000000000002,0.21027108433734942
1327,defined,759,0.41370223978919629,0.33800000000000002,0.18298726114649677
1328,defined,799,0.41677096370463079,0.33800000000000002,0.18900300300300299
1329,defined,802,0.41022443890274313,0.32400000000000001,0.21018844984802432
1330,defined,802,0.42144638403990026,0.34000000000000002,0.19325443786982244
1331,defined,767,0.40677966101694918,0.34000000000000002,0.16416666666666668
1332,defined,774,0.42506459948320413,0.35199999999999998,0.17189057750759884
1333,defined,790,0.42025316455696204,0.312,0.25759036144578318
1334,defined,774,0.45090439276485789,0.34599999999999997,0.23265329512893984
1335,defined,769,0.42262678803641091,0.33000000000000002,0.21916923076923067
1336,defined,776,0.39561855670103091,0.32600000000000001,0.17597394136807809
1337,defined,778,0.38046272493573263,0.29599999999999999,0.22199999999999998
1338,defined,755,0.41986754966887418,0.32000000000000001,0.23785488958990542
1339,defined,791,0.40075853350189633,0.32200000000000001,0.19652365930599369
1340,defined,788,0.42512690355329952,0.33200000000000002,0.21905671641791047
1341,defined,781,0.43277848911651728,0.35599999999999998,0.17740828402366871
1342,defined,790,0.43164556962025319,0.32000000000000001,0.25865102639296189
1343,defined,782,0.42838874680306904,0.35599999999999998,0.168979104477612
1344,defined,786,0.40330788804071249,0.308,0.23631545741324922
1345,defined,768,0.41276041666666669,0.32200000000000001,0.21988643533123031
1346,defined,786,0.3931297709923664,0.31,0.21145631067961168
1347,defined,795,0.42012578616352203,0.312,0.25736526946107785
1348,defined,787,0.44091486658195678,0.34599999999999997,0.21526801152737751
1349,defined,775,0.40387096774193548,0.318,0.21261980830670923
1350,defined,766,0.40469973890339428,0.318,0.21423225806451618
1351,defined,762,0.40551181102362205,0.32800000000000001,0.19114563106796112
1352,defined,766,0.40600522193211486,0.32400000000000001,0.20198070739549834
1353,defined,777,0.40669240669240669,0.33800000000000002,0.16890506329113919
1354,defined,774,0.40826873385012918,0.32800000000000001,0.19660759493670876
1355,defined,773,0.41655886157826649,0.33600000000000002,0.19339130434782603
1356,defined,774,0.40439276485788112,0.31,0.23341853035143767
1357,defined,776,0.40335051546391754,0.29999999999999999,0.25623003194888183
1358,defined,783,0.36526181353767562,0.26600000000000001,0.27175524475524471
1359,defined,757,0.4134742404227213,0.34200000000000003,0.17286261980830675
1360,defined,767,0.40547588005215124,0.316,0.22066881028938901
1361,defined,771,0.42282749675745784,0.35399999999999998,0.16277914110429448
1362,defined,785,0.41019108280254779,0.30599999999999999,0.25400621118012423
1363,defined,791,0.42098609355246525,0.33400000000000002,0.20662462462462461
1364,defined,787,0.40914866581956799,0.312,0.23744099378881989
1365,defined,768,0.39583333333333331,0.314,0.20673684210526311
1366,defined,800,0.44,0.33400000000000002,0.24090909090909085
1367,defined,779,0.45314505776636715,0.34999999999999998,0.22762039660056665
1368,defined,764,0.39659685863874344,0.30199999999999999,0.23852145214521447
1369,defined,789,0.41825095057034223,0.316,0.24447272727272729
1370,defined,772,0.43652849740932642,0.32000000000000001,0.26694362017804152
1371,defined,787,0.43074968233799238,0.34000000000000002,0.21067846607669616
1372,defined,772,0.42098445595854922,0.34399999999999997,0.1828676923076924
1373,defined,776,0.39175257731958762,0.308,0.21378947368421053
1374,defined,787,0.39898348157560354,0.312,0.21801273885350314
1375,defined,770,0.42597402597402595,0.29799999999999999,0.30042682926829267
1376,defined,787,0.42566709021601018,0.32200000000000001,0.24354029850746273
1377,defined,781,0.42893725992317544,0.34200000000000003,0.20268059701492536
1378,defined,778,0.41388174807197942,0.32000000000000001,0.22683229813664596
1379,defined,799,0.42177722152690866,0.33000000000000002,0.21759643916913951
1380,defined,777,0.42342342342342343,0.33800000000000002,0.20174468085106378
1381,defined,784,0.39795918367346939,0.29799999999999999,0.25117948717948724
1382,defined,787,0.39517153748411687,0.30199999999999999,0.23577491961414787
1383,defined,768,0.453125,0.36799999999999999,0.18786206896551727
1384,defined,787,0.42058449809402798,0.32800000000000001,0.22013293051359517
1385,defined,789,0.4144486692015209,0.31,0.25201834862385319
1386,defined,768,0.40494791666666669,0.35199999999999998,0.13075241157556283
1387,defined,771,0.39429312581063553,0.28799999999999998,0.26957894736842103
1388,defined,795,0.42138364779874216,0.32600000000000001,0.22635820895522385
1389,defined,790,0.40759493670886077,0.34399999999999997,0.15602484472049694
1390,defined,789,0.41825095057034223,0.316,0.24447272727272729
1391,defined,785,0.41910828025477709,0.32000000000000001,0.23647416413373867
1392,defined,769,0.40702210663198962,0.32400000000000001,0.20397444089456873
1393,defined,784,0.40433673469387754,0.33000000000000002,0.18384858044164032
1394,defined,774,0.43798449612403101,0.34999999999999998,0.20088495575221244
1395,defined,787,0.42312579415501905,0.33200000000000002,0.21536336336336326
1396,defined,784,0.41326530612244899,0.33400000000000002,0.19180246913580246
1397,defined,762,0.42388451443569553,0.32600000000000001,0.23092260061919501
1398,defined,802,0.43391521197007482,0.32200000000000001,0.25791954022988506
1399,defined,772,0.40673575129533679,0.32000000000000001,0.2132484076433121
1400,defined,757,0.41875825627476881,0.32200000000000001,0.23105993690851734
1401,defined,784,0.41326530612244899,0.314,0.24019753086419759
1402,defined,785,0.41783439490445862,0.32200000000000001,0.22935975609756099
1403,defined,789,0.39670468948035487,0.32400000000000001,0.18327156549520762
1404,defined,784,0.40816326530612246,0.308,0.24540000000000006
1405,defined,756,0.41666666666666669,0.33600000000000002,0.19359999999999999
1406,defined,778,0.44087403598971725,0.34799999999999998,0.21065889212828004
1407,defined,784,0.42091836734693877,0.33200000000000002,0.2112484848484848
1408,defined,797,0.45545796737766625,0.34200000000000003,0.2491074380165289
1409,defined,799,0.43804755944931162,0.34599999999999997,0.21013142857142864
1410,defined,780,0.42435897435897435,0.33000000000000002,0.22235649546827785
1411,defined,767,0.42372881355932202,0.32200000000000001,0.24007999999999996
1412,defined,780,0.43974358974358974,0.34799999999999998,0.20862973760932946
1413,defined,789,0.41951837769328265,0.31,0.26105740181268888
1414,defined,783,0.45849297573435505,0.35399999999999998,0.22790529247910862
1415,defined,793,0.41992433795712486,0.34000000000000002,0.19033033033033031
1416,defined,790,0.41645569620253164,0.33000000000000002,0.20759878419452882
1417,defined,769,0.38101430429128741,0.28399999999999997,0.2546211604095564
1418,defined,775,0.40258064516129033,0.32600000000000001,0.19022435897435896
1419,defined,780,0.41410256410256413,0.33600000000000002,0.18860681114551081
1420,defined,780,0.3923076923076923,0.32800000000000001,0.16392156862745089
1421,defined,787,0.42693773824650572,0.34200000000000003,0.19894642857142852
1422,defined,771,0.40466926070038911,0.32200000000000001,0.20428846153846147
1423,defined,782,0.41432225063938621,0.30599999999999999,0.26144444444444448
1424,defined,772,0.41839378238341968,0.32000000000000001,0.23517027863777085
1425,defined,785,0.40764331210191085,0.308,0.24443750000000009
1426,defined,790,0.43164556962025319,0.34599999999999997,0.19841642228739009
1427,defined,779,0.42105263157894735,0.32200000000000001,0.23524999999999996
1428,defined,776,0.39304123711340205,0.29199999999999998,0.25707540983606558
1429,defined,771,0.4059662775616083,0.32000000000000001,0.21175718849840253
1430,defined,780,0.41410256410256413,0.32000000000000001,0.22724458204334363
1431,defined,773,0.41914618369987061,0.30199999999999999,0.27948765432098766
1432,defined,783,0.41762452107279696,0.34000000000000002,0.18587155963302748
1433,defined,778,0.45501285347043702,0.35599999999999998,0.2176045197740113
1434,defined,771,0.39299610894941633,0.308,0.21627722772277225
1435,defined,779,0.40821566110397944,0.314,0.23079874213836471
1436,defined,772,0.43393782383419688,0.33800000000000002,0.22108656716417907
1437,defined,782,0.40664961636828645,0.33800000000000002,0.16881761006289309
1438,defined,771,0.41115434500648507,0.33800000000000002,0.17792429022082012
1439,defined,806,0.42307692307692307,0.33400000000000002,0.21054545454545448
1440,defined,776,0.42396907216494845,0.32800000000000001,0.22635866261398174
1441,defined,779,0.41206675224646983,0.312,0.24284112149532711
1442,defined,765,0.40392156862745099,0.33000000000000002,0.18300970873786404
1443,defined,783,0.41634738186462322,0.30399999999999999,0.26984049079754602
1444,defined,779,0.38639281129653402,0.316,0.18217940199335547
1445,defined,796,0.38190954773869346,0.30199999999999999,0.20923684210526317
1446,defined,779,0.40051347881899874,0.33600000000000002,0.16107692307692312
1447,defined,794,0.41687657430730479,0.34200000000000003,0.17961329305135942
1448,defined,775,0.40129032258064518,0.312,0.22250803858520907
1449,defined,768,0.40755208333333331,0.32600000000000001,0.2001022364217252
1450,defined,769,0.42522756827048114,0.34200000000000003,0.19572477064220173
1451,defined,788,0.40101522842639592,0.31,0.22696202531645571
1452,defined,789,0.40304182509505704,0.308,0.235811320754717
1453,defined,781,0.4174135723431498,0.31,0.25733128834355823
1454,defined,760,0.42763157894736842,0.318,0.25636923076923079
1455,defined,789,0.41571609632446133,0.31,0.25429878048780485
1456,defined,780,0.40000000000000002,0.33200000000000002,0.17000000000000004
1457,defined,754,0.39787798408488062,0.31,0.22086666666666666
1458,defined,787,0.42693773824650572,0.32400000000000001,0.24110714285714285
1459,defined,758,0.42216358839050133,0.318,0.24673750000000005
1460,defined,788,0.41243654822335024,0.31,0.24836923076923079
1461,defined,802,0.41645885286783041,0.312,0.25082634730538922
1462,defined,778,0.42930591259640105,0.318,0.25926946107784432
1463,defined,756,0.42460317460317459,0.34000000000000002,0.19925233644859808
1464,defined,782,0.40920716112531969,0.35599999999999998,0.13002500000000006
1465,defined,789,0.41571609632446133,0.33200000000000002,0.20137804878048771
1466,defined,786,0.39821882951653942,0.32600000000000001,0.18135463258785933
1467,defined,788,0.40736040609137059,0.31,0.23900311526479756
1468,defined,788,0.42766497461928932,0.33800000000000002,0.20966172106824921
1469,defined,763,0.41415465268676277,0.33600000000000002,0.18870886075949356
1470,defined,793,0.41992433795712486,0.33000000000000002,0.21414414414414418
1471,defined,800,0.40500000000000003,0.318,0.2148148148148149
1472,defined,770,0.43246753246753245,0.34799999999999998,0.19531531531531532
1473,defined,773,0.41009055627425617,0.33000000000000002,0.19529968454258673
1474,defined,786,0.40839694656488551,0.30399999999999999,0.25562616822429907
1475,defined,770,0.43506493506493504,0.308,0.29205970149253724
1476,defined,776,0.40335051546391754,0.30599999999999999,0.2413546325878595
1477,defined,791,0.39317319848293297,0.29399999999999998,0.25223794212218653
1478,defined,795,0.39496855345911952,0.316,0.19993630573248411
1479,defined,790,0.4012658227848101,0.30399999999999999,0.24239747634069397
1480,defined,777,0.39768339768339767,0.32400000000000001,0.18528155339805819
1481,defined,775,0.40774193548387094,0.33600000000000002,0.17594936708860753
1482,defined,792,0.42929292929292928,0.32200000000000001,0.24992941176470584
1483,defined,785,0.40636942675159238,0.33000000000000002,0.18793103448275861
1484,defined,762,0.40682414698162728,0.32000000000000001,0.21341935483870966
1485,defined,781,0.41485275288092188,0.29999999999999999,0.2768518518518519
1486,defined,778,0.39074550128534702,0.30599999999999999,0.21688157894736837
1487,defined,785,0.40382165605095544,0.312,0.22738170347003162
1488,defined,789,0.40937896070975921,0.33000000000000002,0.1939009287925697
1489,defined,791,0.39696586599241468,0.29599999999999999,0.25434394904458602
1490,defined,770,0.40389610389610392,0.32800000000000001,0.18790996784565916
1491,defined,778,0.43316195372750643,0.34000000000000002,0.2150741839762611
1492,defined,776,0.42010309278350516,0.34399999999999997,0.18115337423312894
1493,defined,778,0.38817480719794345,0.30599999999999999,0.21169536423841062
1494,defined,792,0.43055555555555558,0.318,0.26141935483870971
1495,defined,786,0.40330788804071249,0.34599999999999997,0.14209463722397486
1496,defined,801,0.41073657927590512,0.32800000000000001,0.20143465045592701
1497,defined,799,0.44180225281602004,0.376,0.14894050991501417
1498,defined,796,0.42462311557788945,0.33000000000000002,0.22284023668639052
1499,defined,766,0.42036553524804177,0.33000000000000002,0.21496894409937883
1500,defined,793,0.44010088272383352,0.35799999999999998,0.18655014326647568
1501,defined,774,0.41602067183462532,0.32200000000000001,0.22599999999999998
1502,defined,770,0.42727272727272725,0.32600000000000001,0.23702127659574457
1503,defined,762,0.40682414698162728,0.318,0.21833548387096768
1504,defined,781,0.4212548015364917,0.33600000000000002,0.20238297872340427
1505,defined,788,0.42639593908629442,0.33600000000000002,0.21199999999999997
1506,defined,776,0.39175257731958762,0.29799999999999999,0.23931578947368426
1507,defined,798,0.41228070175438597,0.35599999999999998,0.13651063829787236
1508,defined,787,0.39898348157560354,0.318,0.20297452229299362
1509,defined,780,0.42307692307692307,0.34399999999999997,0.18690909090909091
1510,defined,791,0.42351453855878635,0.34399999999999997,0.18774925373134332
1511,defined,788,0.42005076142131981,0.34999999999999998,0.16676737160120858
1512,defined,782,0.40409207161125321,0.32600000000000001,0.19325316455696206
1513,defined,786,0.4262086513994911,0.32600000000000001,0.23511641791044779
1514,defined,777,0.40669240669240669,0.30399999999999999,0.25250632911392412
1515,defined,779,0.42490372272143773,0.34999999999999998,0.17628398791540789
1516,defined,798,0.40350877192982454,0.32600000000000001,0.19208695652173902
1517,defined,799,0.39924906132665833,0.34000000000000002,0.14840125391849524
1518,defined,784,0.42219387755102039,0.34200000000000003,0.18994561933534737
1519,defined,788,0.39593908629441626,0.30599999999999999,0.22715384615384626
1520,defined,758,0.42348284960422161,0.33200000000000002,0.21602492211837998
1521,defined,776,0.3904639175257732,0.27600000000000002,0.29314851485148508
1522,defined,781,0.44174135723431496,0.35199999999999998,0.2031536231884058
1523,defined,775,0.40000000000000002,0.33800000000000002,0.15500000000000003
1524,defined,763,0.4089121887287025,0.308,0.24678205128205133
1525,defined,794,0.45465994962216627,0.37,0.18620498614958458
1526,defined,774,0.42118863049095606,0.32800000000000001,0.2212515337423312
1527,defined,777,0.39253539253539255,0.33200000000000002,0.15421639344262295
1528,defined,768,0.40885416666666669,0.308,0.24667515923566885
1529,defined,785,0.39745222929936308,0.32200000000000001,0.18983974358974365
1530,defined,786,0.43638676844783714,0.33200000000000002,0.23920699708454807
1531,defined,774,0.39405684754521964,0.29199999999999998,0.25899016393442631
1532,defined,786,0.40712468193384221,0.29599999999999999,0.27295000000000003
1533,defined,765,0.41960784313725491,0.34200000000000003,0.18495327102803738
1534,defined,784,0.41836734693877553,0.34799999999999998,0.16819512195121966
1535,defined,787,0.43329097839898351,0.33600000000000002,0.22453958944281527
1536,defined,782,0.37979539641943733,0.27600000000000002,0.27329292929292925
1537,defined,788,0.40989847715736039,0.29999999999999999,0.2681114551083591
1538,defined,776,0.42268041237113402,0.34000000000000002,0.19560975609756093
1539,defined,783,0.40357598978288634,0.308,0.23682278481012664
1540,defined,779,0.40179717586649549,0.30399999999999999,0.24339936102236426
1541,defined,771,0.42542153047989623,0.33800000000000002,0.20549390243902432
1542,defined,777,0.42728442728442728,0.33400000000000002,0.21831927710843368
1543,defined,782,0.38618925831202044,0.32000000000000001,0.17139072847682113
1544,defined,797,0.42158092848180678,0.35199999999999998,0.16504761904761911
1545,defined,785,0.42675159235668791,0.33000000000000002,0.22671641791044772
1546,defined,798,0.42105263157894735,0.32400000000000001,0.23049999999999993
1547,defined,783,0.40357598978288634,0.34000000000000002,0.15753164556962018
1548,defined,757,0.40422721268163803,0.30199999999999999,0.25289542483660132
1549,defined,786,0.41857506361323155,0.32200000000000001,0.23072340425531912
1550,defined,789,0.41064638783269963,0.32200000000000001,0.21587037037037038
1551,defined,772,0.39119170984455959,0.32400000000000001,0.17176158940397346
1552,defined,782,0.43222506393861893,0.33600000000000002,0.22262721893491122
1553,defined,764,0.4306282722513089,0.33400000000000002,0.22438905775075979
1554,defined,775,0.42709677419354841,0.34999999999999998,0.18051359516616328
1555,defined,781,0.40332906530089629,0.29599999999999999,0.26610793650793652
1556,defined,786,0.39949109414758271,0.31,0.22401273885350326
1557,defined,769,0.39141742522756828,0.33200000000000002,0.15180066445182727
1558,defined,770,0.42597402597402595,0.32600000000000001,0.23469512195121944
1559,defined,776,0.40335051546391754,0.32000000000000001,0.20664536741214057
1560,defined,802,0.4314214463840399,0.33400000000000002,0.22581502890173411
1561,defined,788,0.42131979695431471,0.32600000000000001,0.22624096385542158
1562,defined,791,0.44753476611883691,0.35599999999999998,0.2045310734463277
1563,defined,780,0.42435897435897435,0.34799999999999998,0.17993957703927499
1564,defined,784,0.41581632653061223,0.308,0.25928834355828223
1565,defined,793,0.42244640605296341,0.34399999999999997,0.18569552238805975
1566,defined,784,0.40051020408163263,0.30199999999999999,0.24596178343949038
1567,defined,791,0.41213653603034134,0.33400000000000002,0.18958895705521472
1568,defined,785,0.40382165605095544,0.32600000000000001,0.19271293375394327
1569,defined,783,0.40229885057471265,0.30199999999999999,0.24931428571428571
1570,defined,780,0.41538461538461541,0.31,0.25370370370370376
1571,defined,769,0.40312093628088425,0.29199999999999998,0.27565161290322582
1572,defined,767,0.41851368970013036,0.30199999999999999,0.27839875389408097
1573,defined,790,0.42658227848101266,0.33000000000000002,0.22640949554896139
1574,defined,794,0.41561712846347609,0.32800000000000001,0.21081212121212123
1575,defined,769,0.39011703511053314,0.31,0.20536666666666659
1576,defined,778,0.41902313624678661,0.33800000000000002,0.19336196319018395
1577,defined,778,0.42802056555269924,0.32800000000000001,0.23368168168168169
1578,defined,781,0.4174135723431498,0.32800000000000001,0.21420858895705519
1579,defined,792,0.40656565656565657,0.34799999999999998,0.14404968944099383
1580,defined,785,0.41910828025477709,0.32800000000000001,0.21738601823708203
1581,defined,771,0.39169909208819714,0.29399999999999998,0.24942384105960269
1582,defined,784,0.43239795918367346,0.33200000000000002,0.23218879056047192
1583,defined,783,0.41762452107279696,0.34000000000000002,0.18587155963302748
1584,defined,779,0.41591784338896021,0.318,0.23542592592592593
1585,defined,800,0.41125,0.316,0.23161094224924017
1586,defined,773,0.4023285899094437,0.32000000000000001,0.20463022508038575
1587,defined,792,0.41035353535353536,0.32000000000000001,0.22018461538461542
1588,defined,791,0.39317319848293297,0.29999999999999999,0.23697749196141482
1589,defined,769,0.45123537061118335,0.36399999999999999,0.19332564841498556
1590,defined,787,0.39135959339263027,0.31,0.2078896103896104
1591,defined,781,0.41101152368758004,0.32800000000000001,0.20196884735202492
1592,defined,773,0.40362225097024579,0.33000000000000002,0.18240384615384608
1593,defined,791,0.38179519595448796,0.29399999999999998,0.22995364238410598
1594,defined,769,0.42652795838751628,0.35999999999999999,0.1559756097560977
1595,defined,783,0.41379310344827586,0.34000000000000002,0.17833333333333323
1596,defined,779,0.41206675224646983,0.32200000000000001,0.21857320872274144
1597,defined,777,0.41312741312741313,0.34399999999999997,0.16732710280373841
1598,defined,783,0.40485312899106002,0.33000000000000002,0.18488958990536275
1599,defined,798,0.40476190476190477,0.29999999999999999,0.25882352941176479
1600,defined,788,0.41116751269035534,0.33200000000000002,0.19254320987654316
1601,defined,775,0.41419354838709677,0.34200000000000003,0.17429906542056062
1602,defined,779,0.40564826700898587,0.29199999999999998,0.28016455696202536
1603,defined,783,0.41251596424010217,0.318,0.22912074303405572
1604,defined,774,0.38501291989664083,0.314,0.18444295302013425
1605,defined,768,0.40494791666666669,0.30199999999999999,0.25422508038585212
1606,defined,766,0.42036553524804177,0.312,0.2577888198757764
1607,defined,781,0.39180537772087065,0.32200000000000001,0.17816339869281039
1608,defined,788,0.43274111675126903,0.33000000000000002,0.23741935483870957
1609,defined,788,0.39720812182741116,0.34399999999999997,0.13395527156549525
1610,defined,798,0.41854636591478694,0.33600000000000002,0.19722155688622744
1611,defined,770,0.40779220779220782,0.318,0.22019108280254784
1612,defined,782,0.39258312020460356,0.29599999999999999,0.24601954397394132
1613,defined,759,0.40052700922266138,0.32200000000000001,0.1960592105263157
1614,defined,785,0.39363057324840767,0.31,0.21245954692556634
1615,defined,782,0.39514066496163686,0.28999999999999998,0.26608414239482214
1616,defined,776,0.40850515463917525,0.308,0.24603154574132491
1617,defined,770,0.42727272727272725,0.34599999999999997,0.19021276595744685
1618,defined,780,0.39743589743589741,0.30399999999999999,0.23509677419354835
1619,defined,768,0.41927083333333331,0.33000000000000002,0.21291925465838502
1620,defined,763,0.40366972477064222,0.29799999999999999,0.26177272727272738
1621,defined,767,0.42242503259452413,0.34599999999999997,0.18091975308641983
1622,defined,783,0.42145593869731801,0.33000000000000002,0.21699999999999997
1623,defined,768,0.40234375,0.33200000000000002,0.17483495145631067
1624,defined,786,0.40330788804071249,0.308,0.23631545741324922
1625,defined,768,0.44140625,0.34599999999999997,0.21614159292035406
1626,defined,775,0.39612903225806451,0.31,0.21742671009771986
1627,defined,791,0.43994943109987356,0.34000000000000002,0.22718390804597688
1628,defined,777,0.42084942084942084,0.32800000000000001,0.22062385321100908
1629,defined,780,0.42948717948717946,0.34200000000000003,0.20370149253731329
1630,defined,778,0.42159383033419023,0.318,0.24571951219512189
1631,defined,790,0.41898734177215191,0.316,0.24580060422960726
1632,defined,771,0.45525291828793774,0.372,0.18287179487179483
1633,defined,777,0.41698841698841699,0.318,0.23738888888888887
1634,defined,763,0.39580602883355176,0.33600000000000002,0.15109933774834428
1635,defined,799,0.4305381727158949,0.32800000000000001,0.23816279069767443
1636,defined,780,0.41794871794871796,0.312,0.25349693251533745
1637,defined,779,0.41335044929396664,0.32200000000000001,0.22099999999999997
1638,defined,775,0.4258064516129032,0.33200000000000002,0.22030303030303022
1639,defined,799,0.38798498122653319,0.29599999999999999,0.23708387096774197
1640,defined,790,0.42278481012658226,0.35199999999999998,0.16742514970059885
1641,defined,768,0.39973958333333331,0.29999999999999999,0.24951140065146582
1642,defined,772,0.42487046632124353,0.34200000000000003,0.19504878048780483
1643,defined,777,0.42213642213642216,0.34200000000000003,0.18983536585365857
1644,defined,795,0.43396226415094341,0.34799999999999998,0.19808695652173924
1645,defined,787,0.40914866581956799,0.33400000000000002,0.18367080745341613
1646,defined,778,0.38817480719794345,0.29599999999999999,0.23745695364238417
1647,defined,783,0.40102171136653897,0.28799999999999998,0.28183439490445872
1648,defined,778,0.38946015424164526,0.35599999999999998,0.085914191419142028
1649,defined,781,0.43149807938540335,0.34399999999999997,0.20277744807121678
1650,defined,771,0.383916990920882,0.312,0.18732432432432433
1651,defined,788,0.42131979695431471,0.32200000000000001,0.23573493975903614
1652,defined,787,0.43456162642947904,0.34000000000000002,0.21760233918128646
1653,defined,790,0.39113924050632909,0.31,0.2074433656957928
1654,defined,788,0.42766497461928932,0.33200000000000002,0.22369139465875365
1655,defined,783,0.39080459770114945,0.29599999999999999,0.24258823529411777
1656,defined,771,0.40856031128404668,0.316,0.22655238095238095
1657,defined,783,0.40996168582375481,0.33600000000000002,0.18041121495327106
1658,defined,793,0.41109709962168978,0.30399999999999999,0.2605153374233129
1659,defined,770,0.41558441558441561,0.32000000000000001,0.22999999999999998
1660,defined,787,0.40025412960609913,0.32800000000000001,0.18052063492063497
1661,defined,769,0.45123537061118335,0.34799999999999998,0.2287838616714698
1662,defined,782,0.38491048593350385,0.29599999999999999,0.23099003322259148
1663,defined,789,0.42458808618504434,0.32800000000000001,0.22748656716417903
1664,defined,782,0.39130434782608697,0.312,0.20266666666666666
1665,defined,770,0.37532467532467534,0.29399999999999998,0.21667820069204158
1666,defined,776,0.4329896907216495,0.33600000000000002,0.22399999999999998
1667,defined,794,0.39042821158690177,0.29999999999999999,0.23161290322580652
1668,defined,779,0.40693196405648269,0.32800000000000001,0.19396845425867504
1669,defined,776,0.43943298969072164,0.36599999999999999,0.16710850439882696
1670,defined,776,0.41365979381443296,0.32600000000000001,0.21191277258566965
1671,defined,782,0.41048593350383633,0.314,0.23505295950155769
1672,defined,767,0.40808344198174706,0.316,0.22564856230031949
1673,defined,788,0.40989847715736039,0.33000000000000002,0.19492260061919497
1674,defined,787,0.43329097839898351,0.33600000000000002,0.22453958944281527
1675,defined,788,0.44543147208121825,0.34200000000000003,0.23220512820512806
1676,defined,772,0.41580310880829013,0.34799999999999998,0.16306542056074769
1677,defined,780,0.40256410256410258,0.29599999999999999,0.26471337579617837
1678,defined,776,0.40721649484536082,0.29999999999999999,0.2632911392405064
1679,defined,793,0.41866330390920553,0.34200000000000003,0.18311445783132518
1680,defined,774,0.41602067183462532,0.34399999999999997,0.17311801242236036
1681,defined,775,0.40645161290322579,0.314,0.22746031746031747
1682,defined,767,0.42633637548891784,0.32000000000000001,0.24941896024464827
1683,defined,772,0.4015544041450777,0.316,0.21305806451612896
1684,defined,780,0.41923076923076924,0.33000000000000002,0.21284403669724772
1685,defined,794,0.41435768261964734,0.30599999999999999,0.26150759878419449
1686,defined,791,0.39443742098609358,0.314,0.20392948717948722
1687,defined,777,0.42213642213642216,0.32800000000000001,0.22299999999999998
1688,defined,806,0.42431761786600497,0.30399999999999999,0.28355555555555556
1689,defined,801,0.42072409488139823,0.34200000000000003,0.18711572700296719
1690,defined,762,0.40419947506561682,0.314,0.22315584415584422
1691,defined,762,0.41994750656167978,0.32600000000000001,0.22371249999999998
1692,defined,781,0.39692701664532648,0.32600000000000001,0.1786903225806451
1693,defined,784,0.39668367346938777,0.308,0.22356270096463027
1694,defined,795,0.42012578616352203,0.30599999999999999,0.27164670658682644
1695,defined,796,0.42211055276381909,0.33200000000000002,0.21347619047619038
1696,defined,777,0.42985842985842987,0.33200000000000002,0.22765269461077842
1697,defined,786,0.41094147582697199,0.33400000000000002,0.18723219814241476
1698,defined,787,0.43329097839898351,0.34599999999999997,0.20146041055718489
1699,defined,801,0.41947565543071164,0.34799999999999998,0.17039285714285723
1700,defined,793,0.44388398486759145,0.35799999999999998,0.19348295454545461
1701,defined,784,0.42984693877551022,0.34399999999999997,0.19971513353115733
1702,defined,789,0.42078580481622307,0.33200000000000002,0.21099999999999997
1703,defined,766,0.40078328981723238,0.318,0.20655374592833875
1704,defined,776,0.41108247422680411,0.33200000000000002,0.19237617554858921
1705,defined,793,0.38839848675914251,0.28799999999999998,0.25849350649350655
1706,defined,786,0.40585241730279897,0.34200000000000003,0.15732915360501554
1707,defined,788,0.40862944162436549,0.33400000000000002,0.18263354037267077
1708,defined,757,0.40554821664464996,0.29599999999999999,0.27012377850162872
1709,defined,800,0.42125000000000001,0.33800000000000002,0.19762611275964392
1710,defined,793,0.41361916771752838,0.318,0.23117682926829264
1711,defined,788,0.39847715736040606,0.32400000000000001,0.18690445859872606
1712,defined,792,0.44696969696969696,0.35799999999999998,0.19905084745762713
1713,defined,777,0.40411840411840411,0.316,0.21805095541401276
1714,defined,779,0.41078305519897307,0.29399999999999998,0.28429375000000012
1715,defined,779,0.37355584082156612,0.28599999999999998,0.23438487972508604
1716,defined,775,0.41032258064516131,0.33600000000000002,0.18113207547169807
1717,defined,775,0.39870967741935481,0.32200000000000001,0.1923948220064724
1718,defined,770,0.41688311688311686,0.34399999999999997,0.1748286604361371
1719,defined,788,0.37563451776649748,0.29599999999999999,0.21200000000000008
1720,defined,771,0.39429312581063553,0.33000000000000002,0.16305921052631567
1721,defined,785,0.41019108280254779,0.32200000000000001,0.21499999999999997
1722,defined,798,0.40852130325814534,0.29999999999999999,0.26564417177914113
1723,defined,783,0.41634738186462322,0.34000000000000002,0.18337423312883427
1724,defined,767,0.42894393741851367,0.36599999999999999,0.14674164133738599
1725,defined,754,0.39920424403183025,0.32600000000000001,0.18337541528239198
1726,defined,778,0.42287917737789205,0.34200000000000003,0.19125835866261398
1727,defined,796,0.42839195979899497,0.36599999999999999,0.1456422287390029
1728,defined,779,0.41591784338896021,0.32800000000000001,0.21138271604938264
1729,defined,774,0.40568475452196384,0.33000000000000002,0.18656050955414016
1730,defined,788,0.42258883248730966,0.32000000000000001,0.24276276276276276
1731,defined,789,0.43726235741444869,0.35199999999999998,0.19499130434782619
1732,defined,785,0.42038216560509556,0.34200000000000003,0.18645454545454543
1733,defined,782,0.41176470588235292,0.312,0.24228571428571422
1734,defined,801,0.41448189762796506,0.35199999999999998,0.1507469879518073
1735,defined,802,0.42394014962593518,0.34599999999999997,0.18384705882352947
1736,defined,776,0.42912371134020616,0.32800000000000001,0.23565165165165158
1737,defined,776,0.375,0.29799999999999999,0.20533333333333337
1738,defined,801,0.40074906367041196,0.32600000000000001,0.18652336448598128
1739,defined,796,0.43844221105527637,0.35799999999999998,0.18347277936962747
1740,defined,781,0.39948783610755439,0.30199999999999999,0.2440320512820513
1741,defined,789,0.40557667934093788,0.31,0.23565625000000001
1742,defined,795,0.4037735849056604,0.32400000000000001,0.19757009345794396
1743,defined,780,0.40641025641025641,0.32600000000000001,0.19785488958990538
1744,defined,766,0.39295039164490864,0.30399999999999999,0.22636544850498341
1745,defined,784,0.40688775510204084,0.34799999999999998,0.14472727272727282
1746,defined,786,0.42748091603053434,0.34000000000000002,0.20464285714285702
1747,defined,783,0.42145593869731801,0.32600000000000001,0.22649090909090908
1748,defined,776,0.41237113402061853,0.308,0.25309999999999999
1749,defined,777,0.39897039897039899,0.314,0.21297419354838709
1750,defined,768,0.42447916666666669,0.32800000000000001,0.2272883435582822
1751,defined,782,0.38107416879795397,0.26600000000000001,0.30197315436241612
1752,defined,788,0.42766497461928932,0.35599999999999998,0.16757270029673588
1753,defined,776,0.42396907216494845,0.32800000000000001,0.22635866261398174
1754,defined,778,0.42030848329048842,0.30599999999999999,0.27196330275229352
1755,defined,779,0.42490372272143773,0.32800000000000001,0.22806042296072504
1756,defined,788,0.36675126903553301,0.27200000000000002,0.25835294117647056
1757,defined,772,0.42616580310880831,0.34200000000000003,0.19749544072948322
1758,defined,742,0.39218328840970351,0.29399999999999998,0.25035051546391762
1759,defined,767,0.44589308996088656,0.35599999999999998,0.20160233918128656
1760,defined,789,0.43219264892268694,0.34399999999999997,0.20405865102639298
1761,defined,771,0.41374837872892345,0.308,0.25558620689655165
1762,defined,779,0.43517329910141206,0.34799999999999998,0.2003185840707965
1763,defined,778,0.45372750642673521,0.34599999999999997,0.2374277620396601
1764,defined,781,0.40204865556978231,0.30599999999999999,0.23889808917197453
1765,defined,778,0.4241645244215938,0.33000000000000002,0.22199999999999986
1766,defined,785,0.4229299363057325,0.34200000000000003,0.19135542168674691
1767,defined,784,0.41581632653061223,0.32200000000000001,0.22561963190184042
1768,defined,780,0.41410256410256413,0.33600000000000002,0.18860681114551081
1769,defined,774,0.41731266149870799,0.32800000000000001,0.21401857585139317
1770,defined,784,0.40561224489795916,0.32200000000000001,0.20613836477987413
1771,defined,772,0.40414507772020725,0.29799999999999999,0.26264102564102565
1772,defined,793,0.4098360655737705,0.29599999999999999,0.27776000000000001
1773,defined,777,0.38996138996138996,0.29199999999999998,0.25120792079207921
1774,defined,779,0.3774069319640565,0.28999999999999998,0.23159863945578241
1775,defined,774,0.40568475452196384,0.30599999999999999,0.24571974522292994
1776,defined,788,0.43147208121827413,0.34799999999999998,0.19345882352941191
1777,defined,784,0.42219387755102039,0.314,0.25626586102719029
1778,defined,772,0.38730569948186527,0.308,0.20476254180602005
1779,defined,797,0.39021329987452946,0.314,0.1953118971061093
1780,defined,768,0.43359375,0.35799999999999998,0.17434234234234236
1781,defined,783,0.41123882503192849,0.32000000000000001,0.22186335403726709
1782,defined,778,0.42287917737789205,0.32800000000000001,0.22436474164133735
1783,defined,773,0.40620957309184996,0.33200000000000002,0.18268789808917196
1784,defined,771,0.43579766536964981,0.34000000000000002,0.2198214285714285
1785,defined,760,0.44078947368421051,0.33800000000000002,0.23319402985074622
1786,defined,809,0.45611866501854142,0.37,0.18880758807588083
1787,defined,806,0.43424317617866004,0.35199999999999998,0.18939428571428574
1788,defined,781,0.41997439180537771,0.34200000000000003,0.18566463414634138
1789,defined,772,0.40932642487046633,0.33200000000000002,0.18891139240506327
1790,defined,794,0.37783375314861462,0.28399999999999997,0.24834666666666672
1791,defined,779,0.42490372272143773,0.314,0.26100906344410868
1792,defined,792,0.42803030303030304,0.33600000000000002,0.21500884955752209
1793,defined,767,0.42503259452411996,0.33200000000000002,0.21888343558282208
1794,defined,785,0.39490445859872614,0.29799999999999999,0.24538709677419368
1795,defined,779,0.39794608472400511,0.308,0.22602580645161285
1796,defined,772,0.43264248704663211,0.33800000000000002,0.21875449101796396
1797,defined,774,0.40310077519379844,0.32800000000000001,0.18630769230769229
1798,defined,783,0.39080459770114945,0.29799999999999999,0.23747058823529421
1799,defined,779,0.40693196405648269,0.312,0.23328706624605677
1800,defined,778,0.41645244215938304,0.34799999999999998,0.16437037037037039
1801,defined,775,0.39741935483870966,0.30399999999999999,0.23506493506493509
1802,defined,763,0.39973787680209699,0.29399999999999998,0.26451803278688535
1803,defined,772,0.39378238341968913,0.29399999999999998,0.25339473684210534
1804,defined,808,0.40222772277227725,0.32600000000000001,0.18951384615384614
1805,defined,783,0.42656449553001274,0.34799999999999998,0.18417964071856285
1806,defined,785,0.40764331210191085,0.33200000000000002,0.18556249999999996
1807,defined,783,0.3946360153256705,0.29799999999999999,0.24487378640776702
1808,defined,779,0.41335044929396664,0.32000000000000001,0.22583850931677019
1809,defined,772,0.41321243523316065,0.35399999999999998,0.14329780564263328
1810,defined,777,0.42728442728442728,0.35599999999999998,0.16683132530120481
1811,defined,793,0.41992433795712486,0.33000000000000002,0.21414414414414418
1812,defined,791,0.4247787610619469,0.35199999999999998,0.17133333333333334
1813,defined,770,0.39610389610389612,0.318,0.19718032786885253
1814,defined,795,0.42012578616352203,0.33600000000000002,0.20023952095808384
1815,defined,780,0.39743589743589741,0.316,0.20490322580645159
1816,defined,772,0.41968911917098445,0.35399999999999998,0.1565185185185185
1817,defined,794,0.38413098236775817,0.32000000000000001,0.1669508196721311
1818,defined,782,0.43222506393861893,0.35799999999999998,0.1717278106508876
1819,defined,778,0.40359897172236503,0.33800000000000002,0.16253503184713369
1820,defined,786,0.39185750636132316,0.29599999999999999,0.24462337662337663
1821,defined,779,0.4338896020539153,0.32800000000000001,0.24404733727810657
1822,defined,791,0.40075853350189633,0.28599999999999998,0.28635331230283911
1823,defined,772,0.39248704663212436,0.30599999999999999,0.22035643564356433
1824,defined,780,0.41025641025641024,0.33800000000000002,0.17612499999999986
1825,defined,753,0.39707835325365204,0.314,0.20922408026755845
1826,defined,779,0.4338896020539153,0.34799999999999998,0.1979526627218936
1827,defined,763,0.41677588466579291,0.33400000000000002,0.1986100628930817
1828,defined,775,0.40903225806451615,0.29599999999999999,0.27634069400630923
1829,defined,773,0.41526520051746441,0.32600000000000001,0.21495950155763233
1830,defined,764,0.3900523560209424,0.29599999999999999,0.24112751677852351
1831,defined,793,0.4073139974779319,0.32200000000000001,0.20945510835913306
1832,defined,776,0.42912371134020616,0.36399999999999999,0.15175975975975975
1833,defined,776,0.40592783505154639,0.29799999999999999,0.26587936507936516
1834,defined,798,0.42731829573934837,0.33600000000000002,0.21370087976539587
1835,defined,800,0.38124999999999998,0.32800000000000001,0.13967213114754085
1836,defined,780,0.40000000000000002,0.32800000000000001,0.18000000000000005
1837,defined,747,0.40160642570281124,0.32600000000000001,0.18825999999999998
1838,defined,786,0.43129770992366412,0.32200000000000001,0.25341592920353984
1839,defined,782,0.43606138107416881,0.33200000000000002,0.23863929618768331
1840,defined,776,0.40979381443298968,0.29799999999999999,0.27280503144654089
1841,defined,786,0.42748091603053434,0.33200000000000002,0.22335714285714281
1842,defined,792,0.39393939393939392,0.29199999999999998,0.25876923076923075
1843,defined,777,0.40797940797940796,0.32200000000000001,0.21074447949526809
1844,defined,781,0.40845070422535212,0.31,0.24103448275862072
1845,defined,764,0.45549738219895286,0.374,0.17891954022988499
1846,defined,781,0.42381562099871961,0.34000000000000002,0.1977643504531722
1847,defined,791,0.38938053097345132,0.33200000000000002,0.14736363636363625
1848,defined,776,0.39948453608247425,0.30599999999999999,0.23401290322580648
1849,defined,765,0.4169934640522876,0.32000000000000001,0.23260188087774292
1850,defined,771,0.40077821011673154,0.29599999999999999,0.26143689320388352
1851,defined,777,0.41312741312741313,0.312,0.24478504672897194
1852,defined,795,0.40628930817610065,0.29799999999999999,0.2665325077399382
1853,defined,795,0.41132075471698115,0.33400000000000002,0.18798165137614675
1854,defined,773,0.40491591203104788,0.33200000000000002,0.18007667731629395
1855,defined,780,0.38589743589743591,0.31,0.19667774086378742
1856,defined,775,0.42709677419354841,0.34799999999999998,0.18519637462235661
1857,defined,783,0.40996168582375481,0.32600000000000001,0.204803738317757
1858,defined,788,0.41243654822335024,0.30399999999999999,0.26291692307692305
1859,defined,785,0.41146496815286626,0.32800000000000001,0.2028482972136223
1860,defined,777,0.40411840411840411,0.32800000000000001,0.18835668789808913
1861,defined,780,0.4012820512820513,0.29999999999999999,0.25239616613418536
1862,defined,774,0.39018087855297157,0.29999999999999999,0.23112582781456958
1863,defined,775,0.44645161290322583,0.35199999999999998,0.21156069364161856
1864,defined,774,0.43023255813953487,0.34599999999999997,0.1957837837837838
1865,defined,780,0.39615384615384613,0.34799999999999998,0.12155339805825249
1866,defined,778,0.39203084832904883,0.29199999999999998,0.25516065573770497
1867,defined,788,0.42005076142131981,0.33400000000000002,0.20485800604229609
1868,defined,792,0.44065656565656564,0.34399999999999997,0.21934670487106023
1869,defined,771,0.43450064850843062,0.34399999999999997,0.20828656716417915
1870,defined,795,0.39245283018867927,0.29599999999999999,0.24576923076923085
1871,defined,769,0.42262678803641091,0.35199999999999998,0.16711384615384617
1872,defined,775,0.41806451612903228,0.32800000000000001,0.21543209876543212
1873,defined,766,0.38120104438642299,0.30399999999999999,0.20252054794520558
1874,defined,783,0.41379310344827586,0.32400000000000001,0.21699999999999997
1875,defined,784,0.40306122448979592,0.28999999999999998,0.28050632911392415
1876,defined,797,0.40777917189460477,0.30199999999999999,0.25940307692307696
1877,defined,786,0.37531806615776081,0.27600000000000002,0.26462372881355922
1878,defined,796,0.41331658291457285,0.33000000000000002,0.20158054711246198
1879,defined,784,0.43494897959183676,0.33200000000000002,0.236692082111437
1880,defined,776,0.40979381443298968,0.33200000000000002,0.18983647798742131
1881,defined,779,0.41463414634146339,0.32800000000000001,0.20894117647058819
1882,defined,777,0.41698841698841699,0.32200000000000001,0.22779629629629627
1883,defined,783,0.44316730523627074,0.372,0.16058789625360226
1884,defined,779,0.40693196405648269,0.32600000000000001,0.19888328075709782
1885,defined,784,0.4017857142857143,0.312,0.2234666666666667
1886,defined,770,0.42337662337662335,0.33600000000000002,0.20638036809815941
1887,defined,783,0.41251596424010217,0.318,0.22912074303405572
1888,defined,772,0.41709844559585491,0.34799999999999998,0.165664596273292
1889,defined,791,0.39949431099873578,0.314,0.21400632911392403
1890,defined,781,0.4174135723431498,0.33200000000000002,0.20462576687116563
1891,defined,770,0.41688311688311686,0.36799999999999999,0.11725856697819315
1892,defined,778,0.41902313624678661,0.30199999999999999,0.27927607361963191
1893,defined,787,0.41041931385006353,0.29399999999999998,0.2836594427244582
1894,defined,778,0.39331619537275064,0.318,0.19149019607843132
1895,defined,787,0.43710292249047011,0.32000000000000001,0.26790697674418595
1896,defined,789,0.43346007604562736,0.32600000000000001,0.24791228070175431
1897,defined,776,0.40335051546391754,0.308,0.23639616613418535
1898,defined,772,0.38860103626943004,0.28199999999999997,0.27432000000000001
1899,defined,798,0.38596491228070173,0.27400000000000002,0.29009090909090895
1900,defined,783,0.39719029374201786,0.32200000000000001,0.18930546623794209
1901,defined,786,0.39694656488549618,0.29799999999999999,0.2492692307692308
1902,defined,790,0.39493670886075949,0.32600000000000001,0.17455128205128201
1903,defined,790,0.41012658227848103,0.33200000000000002,0.19049382716049379
1904,defined,778,0.40102827763496146,0.32600000000000001,0.18708974358974362
1905,defined,764,0.40706806282722513,0.34000000000000002,0.16475884244372985
1906,defined,782,0.41943734015345269,0.316,0.24660975609756097
1907,defined,777,0.42857142857142855,0.34599999999999997,0.19266666666666665
1908,defined,780,0.41923076923076924,0.32600000000000001,0.22238532110091747
1909,defined,775,0.40129032258064518,0.30199999999999999,0.24742765273311906
1910,defined,791,0.4197218710493047,0.34399999999999997,0.18040963855421699
1911,defined,779,0.43260590500641849,0.33200000000000002,0.23255786350148366
1912,defined,790,0.41645569620253164,0.32600000000000001,0.21720364741641329
1913,defined,786,0.39567430025445294,0.29199999999999998,0.26201929260450163
1914,defined,785,0.39872611464968155,0.312,0.21750798722044729
1915,defined,798,0.42857142857142855,0.34599999999999997,0.19266666666666665
1916,defined,783,0.40357598978288634,0.32800000000000001,0.18726582278481008
1917,defined,758,0.41820580474934038,0.33400000000000002,0.20135015772870657
1918,defined,788,0.43908629441624364,0.34799999999999998,0.20744508670520234
1919,defined,782,0.39130434782608697,0.29799999999999999,0.23844444444444446
1920,defined,781,0.40973111395646605,0.33000000000000002,0.1945937499999999
1921,defined,793,0.41109709962168978,0.318,0.22646012269938642
1922,defined,791,0.4361567635903919,0.33600000000000002,0.22963478260869563
1923,defined,781,0.45710627400768244,0.32600000000000001,0.28681792717086829
1924,defined,788,0.42512690355329952,0.34599999999999997,0.18612537313432842
1925,defined,764,0.41492146596858637,0.34799999999999998,0.16128706624605682
1926,defined,801,0.39575530586766544,0.32000000000000001,0.19141955835962143
1927,defined,779,0.38382541720154045,0.26400000000000001,0.31218729096989961
1928,defined,765,0.40000000000000002,0.29199999999999998,0.27000000000000013
1929,defined,787,0.4078780177890724,0.312,0.23506542056074764
1930,defined,780,0.42692307692307691,0.32200000000000001,0.2457657657657657
1931,defined,789,0.43092522179974652,0.34399999999999997,0.20171764705882356
1932,defined,795,0.42012578616352203,0.32000000000000001,0.23832335329341314
1933,defined,786,0.42748091603053434,0.33600000000000002,0.21399999999999997
1934,defined,778,0.41002570694087404,0.312,0.23907210031347959
1935,defined,776,0.41623711340206188,0.34599999999999997,0.16874303405572766
1936,defined,787,0.42058449809402798,0.314,0.25341993957703934
1937,defined,797,0.42534504391468003,0.318,0.25237168141592914
1938,defined,805,0.42608695652173911,0.32800000000000001,0.23020408163265305
1939,defined,772,0.43652849740932642,0.34599999999999997,0.20738278931750742
1940,defined,785,0.43566878980891721,0.35599999999999998,0.18286549707602351
1941,defined,798,0.40601503759398494,0.316,0.22170370370370363
1942,defined,776,0.41881443298969073,0.32600000000000001,0.22161230769230766
1943,defined,811,0.41060419235511714,0.30199999999999999,0.26449849849849849
1944,defined,762,0.38582677165354329,0.26200000000000001,0.320938775510204
1945,defined,781,0.40076824583866838,0.316,0.21151437699680509
1946,defined,789,0.39670468948035487,0.27200000000000002,0.31435143769968044
1947,defined,780,0.40384615384615385,0.308,0.2373333333333334
1948,defined,772,0.37694300518134716,0.30199999999999999,0.19881786941580759
1949,defined,777,0.40669240669240669,0.318,0.21808227848101269
1950,defined,786,0.38804071246819338,0.28199999999999997,0.27327213114754101
1951,defined,803,0.42216687422166876,0.33200000000000002,0.21358112094395276
1952,defined,805,0.42608695652173911,0.34799999999999998,0.18326530612244896
1953,defined,779,0.4274711168164313,0.33400000000000002,0.21866066066066059
1954,defined,775,0.41032258064516131,0.33000000000000002,0.19575471698113212
1955,defined,779,0.43902439024390244,0.35199999999999998,0.1982222222222223
1956,defined,788,0.42766497461928932,0.33000000000000002,0.22836795252225517
1957,defined,796,0.40954773869346733,0.32200000000000001,0.21376687116564419
1958,defined,763,0.37090432503276538,0.28000000000000003,0.24508833922261475
1959,defined,801,0.39950062421972532,0.314,0.21401874999999992
1960,defined,788,0.40736040609137059,0.33400000000000002,0.18008722741433025
1961,defined,779,0.39794608472400511,0.312,0.21597419354838709
1962,defined,776,0.41623711340206188,0.30399999999999999,0.26964705882352946
1963,defined,777,0.42213642213642216,0.33800000000000002,0.19931097560975608
1964,defined,768,0.421875,0.33000000000000002,0.21777777777777774
1965,defined,782,0.40153452685421998,0.31,0.22796178343949047
1966,defined,772,0.41321243523316065,0.34999999999999998,0.15297805642633244
1967,defined,796,0.42085427135678394,0.34000000000000002,0.19211940298507457
1968,defined,786,0.39567430025445294,0.314,0.20641800643086816
1969,defined,776,0.4175257731958763,0.314,0.24795061728395063
1970,defined,774,0.41731266149870799,0.32600000000000001,0.2188111455108358
1971,defined,793,0.45271122320302648,0.35799999999999998,0.20920891364902505
1972,defined,799,0.40801001251564456,0.30399999999999999,0.254920245398773
1973,defined,774,0.41085271317829458,0.32800000000000001,0.20166037735849052
1974,defined,788,0.40228426395939088,0.35999999999999999,0.10511041009463729
1975,defined,787,0.37738246505717915,0.28199999999999997,0.25274747474747483
1976,defined,779,0.38382541720154045,0.29399999999999998,0.23402675585284294
1977,defined,774,0.39147286821705424,0.30199999999999999,0.22855445544554454
1978,defined,780,0.42948717948717946,0.36199999999999999,0.15713432835820895
1979,defined,800,0.39374999999999999,0.28199999999999997,0.28380952380952384
1980,defined,781,0.42509603072983354,0.35399999999999998,0.16724698795180726
1981,defined,765,0.40000000000000002,0.32000000000000001,0.20000000000000007
1982,defined,762,0.43307086614173229,0.32400000000000001,0.25185454545454544
1983,defined,787,0.39898348157560354,0.29999999999999999,0.24808917197452229
1984,defined,778,0.39588688946015427,0.312,0.21189610389610392
1985,defined,815,0.42208588957055215,0.32400000000000001,0.23238372093023252
1986,defined,780,0.40897435897435896,0.28799999999999998,0.29579937304075243
1987,defined,782,0.38618925831202044,0.30399999999999999,0.21282119205298011
1988,defined,791,0.41340075853350189,0.34599999999999997,0.16303975535168203
1989,defined,786,0.41730279898218831,0.31,0.25713414634146348
1990,defined,787,0.43329097839898351,0.33800000000000002,0.21992375366568917
1991,defined,772,0.40803108808290156,0.32400000000000001,0.20594285714285709
1992,defined,778,0.41131105398457585,0.32800000000000001,0.20255000000000001
1993,defined,779,0.41976893453145059,0.318,0.24244036697247706
1994,defined,775,0.40258064516129033,0.318,0.21009615384615388
1995,defined,781,0.42765685019206146,0.33200000000000002,0.22367664670658682
1996,defined,765,0.4287581699346405,0.34599999999999997,0.19301829268292681
1997,defined,780,0.40384615384615385,0.318,0.21257142857142852
1998,defined,803,0.41095890410958902,0.32600000000000001,0.20673333333333321
1999,defined,768,0.41145833333333331,0.28999999999999998,0.29518987341772152
2000,defined,805,0.46086956521739131,0.34000000000000002,0.26226415094339617
2001,defined,768,0.40364583333333331,0.33200000000000002,0.17749677419354826
2002,defined,778,0.42802056555269924,0.34399999999999997,0.19630030030030043
2003,defined,782,0.39386189258312021,0.32000000000000001,0.18753246753246755
2004,defined,782,0.41176470588235292,0.33000000000000002,0.19857142857142851
2005,defined,775,0.41161290322580646,0.33200000000000002,0.19341692789968645
2006,defined,780,0.39871794871794874,0.29199999999999998,0.2676527331189712
2007,defined,769,0.41092327698309494,0.30599999999999999,0.25533544303797473
2008,defined,768,0.41927083333333331,0.34000000000000002,0.18906832298136633
2009,defined,771,0.43579766536964981,0.33200000000000002,0.23817857142857135
2010,defined,806,0.4292803970223325,0.34799999999999998,0.18934104046242783
2011,defined,791,0.40202275600505688,0.29399999999999998,0.26869811320754722
2012,defined,756,0.41798941798941797,0.34399999999999997,0.17701265822784817
2013,defined,783,0.39974457215836529,0.31,0.22450479233226839
2014,defined,786,0.42748091603053434,0.35799999999999998,0.16253571428571434
2015,defined,767,0.41851368970013036,0.35599999999999998,0.14937071651090339
2016,defined,784,0.40816326530612246,0.32800000000000001,0.19640000000000002
2017,defined,784,0.4017857142857143,0.30199999999999999,0.24835555555555566
2018,defined,784,0.4017857142857143,0.314,0.21848888888888895
2019,defined,756,0.41402116402116401,0.318,0.23192332268370608
2020,defined,775,0.42709677419354841,0.34799999999999998,0.18519637462235661
2021,defined,771,0.40207522697795073,0.316,0.2140774193548387
2022,defined,761,0.41261498028909332,0.308,0.25354140127388536
2023,defined,791,0.42983565107458915,0.34000000000000002,0.20899999999999996
2024,defined,782,0.40409207161125321,0.318,0.21305063291139237
2025,defined,787,0.40406607369758579,0.29399999999999998,0.27239622641509442
2026,defined,770,0.40909090909090912,0.32400000000000001,0.20800000000000007
2027,defined,783,0.43167305236270753,0.30599999999999999,0.29113017751479286
2028,defined,781,0.4353393085787452,0.35199999999999998,0.19143529411764715
2029,defined,778,0.43444730077120824,0.32200000000000001,0.25882840236686389
2030,defined,768,0.41796875,0.32600000000000001,0.22003738317757005
2031,defined,779,0.45699614890885754,0.38,0.16848314606741577
2032,defined,752,0.40292553191489361,0.29399999999999998,0.27033663366336635
2033,defined,775,0.38580645161290322,0.27800000000000002,0.27943143812709026
2034,defined,786,0.41348600508905853,0.32200000000000001,0.22125538461538463
2035,defined,781,0.43405889884763127,0.34200000000000003,0.21208849557522125
2036,defined,772,0.41968911917098445,0.34000000000000002,0.18987654320987646
2037,defined,794,0.43702770780856426,0.35999999999999999,0.1762536023054756
2038,defined,780,0.39487179487179486,0.31,0.21493506493506487
2039,defined,789,0.4144486692015209,0.318,0.23271559633027517
2040,defined,762,0.38188976377952755,0.29599999999999999,0.22490721649484535
2041,defined,761,0.42575558475689884,0.32200000000000001,0.24369753086419754
2042,defined,776,0.39561855670103091,0.29999999999999999,0.24169381107491861
2043,defined,794,0.4244332493702771,0.33600000000000002,0.20835608308605336
2044,defined,770,0.42207792207792205,0.33800000000000002,0.19919999999999993
2045,defined,794,0.42065491183879095,0.34399999999999997,0.18222754491017978
2046,defined,798,0.41604010025062654,0.32800000000000001,0.21161445783132526
2047,defined,795,0.4088050314465409,0.32800000000000001,0.19766153846153844
2048,defined,778,0.41645244215938304,0.34000000000000002,0.18358024691358021
2049,defined,792,0.3888888888888889,0.28999999999999998,0.25428571428571434
2050,defined,791,0.42983565107458915,0.35399999999999998,0.17642941176470595
2051,defined,785,0.44968152866242039,0.36799999999999999,0.18164305949008497
2052,defined,791,0.42857142857142855,0.33800000000000002,0.21133333333333326
2053,defined,796,0.43844221105527637,0.35199999999999998,0.19715759312320924
2054,defined,789,0.39543726235741444,0.29999999999999999,0.24134615384615388
2055,defined,776,0.39948453608247425,0.32400000000000001,0.18895483870967744
2056,defined,749,0.4152202937249666,0.32600000000000001,0.2148745980707395
2057,defined,775,0.42451612903225805,0.318,0.25091185410334338
2058,defined,793,0.40605296343001263,0.34399999999999997,0.15281987577639766
2059,defined,769,0.43302990897269183,0.32400000000000001,0.25178378378378385
2060,defined,778,0.40616966580976865,0.32600000000000001,0.19737974683544302
2061,defined,792,0.41540404040404039,0.316,0.23929483282674768
2062,defined,762,0.41469816272965881,0.32000000000000001,0.2283544303797469
2063,defined,778,0.40745501285347041,0.314,0.22936277602523658
2064,defined,785,0.44840764331210192,0.35399999999999998,0.21053977272727276
2065,defined,782,0.39130434782608697,0.29999999999999999,0.23333333333333339
2066,defined,775,0.41290322580645161,0.316,0.23468749999999994
2067,defined,774,0.42377260981912146,0.33800000000000002,0.20240243902439026
2068,defined,798,0.43107769423558895,0.36199999999999999,0.16024418604651158
2069,defined,773,0.41526520051746441,0.32800000000000001,0.21014330218068533
2070,defined,783,0.4061302681992337,0.32600000000000001,0.19730188679245275
2071,defined,761,0.39947437582128775,0.29799999999999999,0.25401973684210521
2072,defined,758,0.40105540897097625,0.312,0.22205263157894739
2073,defined,795,0.42012578616352203,0.35199999999999998,0.16215568862275453
2074,defined,773,0.40750323415265199,0.312,0.23436190476190477
2075,defined,805,0.43975155279503103,0.33000000000000002,0.24957627118644055
2076,defined,787,0.42185514612452352,0.33400000000000002,0.2082590361445783
2077,defined,794,0.40050377833753148,0.28599999999999998,0.2858993710691824
2078,defined,765,0.396078431372549,0.30199999999999999,0.23752475247524751
2079,defined,774,0.40956072351421191,0.318,0.2235583596214511
2080,defined,778,0.41388174807197942,0.312,0.24616149068322979
2081,defined,793,0.38587641866330391,0.30199999999999999,0.2173660130718954
2082,defined,782,0.45140664961636828,0.34599999999999997,0.23350708215297455
2083,defined,792,0.40151515151515149,0.30199999999999999,0.24784905660377354
2084,defined,799,0.41426783479349188,0.29399999999999998,0.29031419939577041
2085,defined,775,0.4258064516129032,0.32200000000000001,0.24378787878787878
2086,defined,781,0.42893725992317544,0.32400000000000001,0.24464477611940305
2087,defined,789,0.40557667934093788,0.33800000000000002,0.16661874999999993
2088,defined,787,0.43074968233799238,0.33400000000000002,0.22460766961651912
2089,defined,786,0.43638676844783714,0.34000000000000002,0.22087463556851306
2090,defined,803,0.39476961394769616,0.318,0.19446687697160892
2091,defined,777,0.40669240669240669,0.314,0.22791772151898737
2092,defined,792,0.45580808080808083,0.33600000000000002,0.2628476454293629
2093,defined,777,0.39124839124839123,0.28799999999999998,0.26389473684210529
2094,defined,784,0.4017857142857143,0.32000000000000001,0.2035555555555556
2095,defined,779,0.40564826700898587,0.32800000000000001,0.19141772151898728
2096,defined,760,0.39868421052631581,0.308,0.22745874587458748
2097,defined,780,0.42692307692307691,0.34000000000000002,0.20360360360360352
2098,defined,779,0.41078305519897307,0.29799999999999999,0.27455625000000006
2099,defined,776,0.40721649484536082,0.31,0.23873417721518986
2100,defined,769,0.42912873862158646,0.33800000000000002,0.21235757575757563
2101,defined,791,0.38432364096080912,0.312,0.18818421052631584
2102,defined,765,0.38692810457516341,0.31,0.19881756756756763
2103,defined,782,0.40664961636828645,0.308,0.24259119496855353
2104,defined,802,0.40024937655860349,0.30199999999999999,0.24547040498442374
2105,defined,767,0.41981747066492831,0.33200000000000002,0.20918012422360244
2106,defined,792,0.41414141414141414,0.31,0.25146341463414634
2107,defined,765,0.40000000000000002,0.33800000000000002,0.15500000000000003
2108,defined,776,0.41494845360824745,0.33000000000000002,0.20472049689440996
2109,defined,777,0.38867438867438869,0.318,0.1818344370860927
2110,defined,777,0.41956241956241958,0.33000000000000002,0.21346625766871163
2111,defined,790,0.42405063291139239,0.318,0.25008955223880591
2112,defined,780,0.42948717948717946,0.34399999999999997,0.19904477611940297
2113,defined,767,0.39634941329856582,0.29399999999999998,0.25823026315789477
2114,defined,788,0.43654822335025378,0.35599999999999998,0.18451162790697673
2115,defined,807,0.43742255266418834,0.34000000000000002,0.22271954674220951
2116,defined,756,0.41269841269841268,0.32400000000000001,0.21492307692307688
2117,defined,792,0.40909090909090912,0.33000000000000002,0.19333333333333336
2118,defined,784,0.42984693877551022,0.33600000000000002,0.21832640949554893
2119,defined,770,0.41558441558441561,0.28999999999999998,0.30218750000000005
2120,defined,781,0.42765685019206146,0.32800000000000001,0.23302994011976041
2121,defined,787,0.42693773824650572,0.318,0.2551607142857143
2122,defined,795,0.40628930817610065,0.316,0.22222910216718272
2123,defined,780,0.41153846153846152,0.31,0.24672897196261678
2124,defined,782,0.4156010230179028,0.28999999999999998,0.30221538461538466
2125,defined,793,0.41866330390920553,0.34000000000000002,0.18789156626506009
2126,defined,766,0.41122715404699739,0.34000000000000002,0.17320634920634914
2127,defined,784,0.45790816326530615,0.36599999999999999,0.20071309192200559
2128,defined,786,0.40966921119592875,0.30199999999999999,0.26281987577639754
2129,defined,778,0.42030848329048842,0.33400000000000002,0.20534556574923546
2130,defined,777,0.41698841698841699,0.318,0.23738888888888887
2131,defined,783,0.42911877394636017,0.33000000000000002,0.2309821428571428
2132,defined,780,0.42820512820512818,0.34999999999999998,0.18263473053892221
2133,defined,790,0.42025316455696204,0.32200000000000001,0.23379518072289163
2134,defined,788,0.41116751269035534,0.29799999999999999,0.27523456790123457
2135,defined,772,0.42227979274611399,0.32400000000000001,0.23273619631901843
2136,defined,786,0.38549618320610685,0.28999999999999998,0.24772277227722772
2137,defined,782,0.42838874680306904,0.33200000000000002,0.22500298507462679
2138,defined,755,0.40397350993377484,0.32200000000000001,0.20291803278688525
2139,defined,801,0.40074906367041196,0.29999999999999999,0.25140186915887852
2140,defined,791,0.40075853350189633,0.316,0.21149526813880126
2141,defined,777,0.37709137709137708,0.29599999999999999,0.21504436860068266
2142,defined,794,0.39420654911838793,0.30599999999999999,0.22375718849840265
2143,defined,809,0.42768850432632882,0.34999999999999998,0.18164739884393077
2144,defined,758,0.41952506596306066,0.31,0.26106918238993704
2145,defined,770,0.39870129870129872,0.316,0.20742671009771996
2146,defined,789,0.41064638783269963,0.33800000000000002,0.1769074074074074
2147,defined,786,0.39185750636132316,0.29799999999999999,0.23951948051948058
2148,defined,799,0.42052565707133915,0.32200000000000001,0.23429166666666656
2149,defined,777,0.42857142857142855,0.35199999999999998,0.17866666666666664
2150,defined,790,0.4088607594936709,0.32200000000000001,0.21244582043343652
2151,defined,766,0.41906005221932113,0.32400000000000001,0.22684112149532709
2152,defined,771,0.40337224383916992,0.28000000000000003,0.3058520900321543
2153,defined,775,0.41161290322580646,0.308,0.25172413793103454
2154,defined,769,0.41222366710013003,0.312,0.24312933753943211
2155,defined,792,0.42045454545454547,0.32400000000000001,0.22940540540540544
2156,defined,783,0.42401021711366538,0.318,0.25001807228915662
2157,defined,772,0.42875647668393785,0.30599999999999999,0.28630815709969792
2158,defined,780,0.41410256410256413,0.32400000000000001,0.21758513931888546
2159,defined,777,0.39124839124839123,0.32200000000000001,0.17699342105263149
2160,defined,780,0.41538461538461541,0.316,0.23925925925925928
2161,defined,769,0.41612483745123535,0.318,0.23580625
2162,defined,778,0.40488431876606684,0.29999999999999999,0.25904761904761908
2163,defined,793,0.45271122320302648,0.36599999999999999,0.19153760445682455
2164,defined,801,0.4044943820224719,0.32000000000000001,0.2088888888888889
2165,defined,780,0.4012820512820513,0.314,0.21750798722044729
2166,defined,773,0.44501940491591202,0.34999999999999998,0.21351744186046517
2167,defined,787,0.37102922490470142,0.29199999999999998,0.21300000000000008
2168,defined,770,0.40259740259740262,0.32200000000000001,0.2001935483870968
2169,defined,774,0.4289405684754522,0.32600000000000001,0.23998795180722887
2170,defined,789,0.42965779467680609,0.34399999999999997,0.1993628318584072
2171,defined,756,0.39814814814814814,0.32200000000000001,0.19125581395348834
2172,defined,770,0.38441558441558443,0.29599999999999999,0.23000000000000009
2173,defined,793,0.39848675914249687,0.33200000000000002,0.16684810126582283
2174,defined,771,0.40726329442282749,0.34000000000000002,0.16515923566878976
2175,defined,789,0.40050697084917619,0.29999999999999999,0.25094936708860771
2176,defined,796,0.42587939698492461,0.32200000000000001,0.24391740412979346
2177,defined,772,0.41191709844559588,0.34200000000000003,0.16973584905660377
2178,defined,788,0.41116751269035534,0.32000000000000001,0.22172839506172837
2179,defined,788,0.42258883248730966,0.33200000000000002,0.21436636636636641
2180,defined,771,0.42153047989623865,0.35399999999999998,0.160203076923077
2181,defined,791,0.44247787610619471,0.32800000000000001,0.25871999999999995
2182,defined,792,0.40404040404040403,0.32000000000000001,0.20799999999999996
2183,defined,766,0.37728459530026109,0.29999999999999999,0.20484429065743948
2184,defined,786,0.45038167938931295,0.34200000000000003,0.24064406779661007
2185,defined,802,0.41396508728179549,0.32200000000000001,0.22215662650602408
2186,defined,778,0.41902313624678661,0.312,0.25541104294478523
2187,defined,777,0.42471042471042469,0.32000000000000001,0.24654545454545451
2188,defined,799,0.42928660826032539,0.33600000000000002,0.21730612244897951
2189,defined,760,0.42105263157894735,0.33400000000000002,0.20674999999999988
2190,defined,776,0.42268041237113402,0.318,0.24765853658536585
2191,defined,786,0.41475826972010177,0.33800000000000002,0.18506748466257661
2192,defined,775,0.40000000000000002,0.28399999999999997,0.29000000000000015
2193,defined,773,0.41785252263906858,0.31,0.2581114551083592
2194,defined,804,0.4079601990049751,0.32400000000000001,0.20580487804878045
2195,defined,772,0.45595854922279794,0.34799999999999998,0.23677272727272736
2196,defined,770,0.44155844155844154,0.34399999999999997,0.22094117647058831
2197,defined,786,0.4351145038167939,0.34599999999999997,0.20480701754385966
2198,defined,783,0.40229885057471265,0.32000000000000001,0.20457142857142863
2199,defined,785,0.42929936305732486,0.35399999999999998,0.17540059347181014
2200,defined,786,0.41857506361323155,0.316,0.24505775075987846
2201,defined,778,0.42544987146529561,0.32800000000000001,0.22905135951661626
2202,defined,769,0.4174252275682705,0.33600000000000002,0.1950654205607476
2203,defined,764,0.4306282722513089,0.33000000000000002,0.23367781155015188
2204,defined,781,0.40845070422535212,0.318,0.22144827586206894
2205,defined,787,0.39517153748411687,0.314,0.2054083601286173
2206,defined,779,0.39794608472400511,0.30199999999999999,0.2411032258064516
2207,defined,770,0.42987012987012985,0.33800000000000002,0.21371601208459201
2208,defined,793,0.43253467843631777,0.34999999999999998,0.19081632653061231
2209,defined,772,0.43523316062176165,0.32800000000000001,0.24638095238095237
2210,defined,775,0.40774193548387094,0.308,0.24462025316455693
2211,defined,775,0.39612903225806451,0.31,0.21742671009771986
2212,defined,778,0.43830334190231363,0.35199999999999998,0.1969032258064517
2213,defined,785,0.4229299363057325,0.33200000000000002,0.21499999999999997
2214,defined,756,0.42063492063492064,0.318,0.24399999999999999
2215,defined,787,0.40406607369758579,0.33200000000000002,0.17835220125786166
2216,defined,784,0.41964285714285715,0.34399999999999997,0.18025531914893622
2217,defined,803,0.41220423412204232,0.34799999999999998,0.15575830815709968
2218,defined,800,0.41249999999999998,0.29399999999999998,0.28727272727272724
2219,defined,785,0.43439490445859874,0.376,0.1344281524926686
2220,defined,775,0.44258064516129031,0.36399999999999999,0.17755102040816328
2221,defined,788,0.39467005076142131,0.29999999999999999,0.23987138263665597
2222,defined,791,0.39190897597977242,0.29799999999999999,0.23961935483870966
2223,defined,795,0.42893081761006291,0.34799999999999998,0.18868035190615839
2224,defined,786,0.41475826972010177,0.33000000000000002,0.20435582822085885
2225,defined,800,0.44874999999999998,0.34000000000000002,0.24233983286908067
2226,defined,767,0.39374185136897,0.32200000000000001,0.18220529801324503
2227,defined,800,0.38874999999999998,0.29399999999999998,0.24372990353697754
2228,defined,792,0.39772727272727271,0.33200000000000002,0.16525714285714277
2229,defined,773,0.43467011642949549,0.36399999999999999,0.16258333333333341
2230,defined,796,0.41582914572864321,0.32000000000000001,0.23045317220543804
2231,defined,806,0.38957816377171217,0.318,0.18373248407643317
2232,defined,785,0.40000000000000002,0.30599999999999999,0.2350000000000001
2233,defined,784,0.42602040816326531,0.33200000000000002,0.2206946107784431
2234,defined,764,0.40314136125654448,0.33200000000000002,0.17646753246753244
2235,defined,798,0.41478696741854637,0.318,0.2333413897280967
2236,defined,775,0.42193548387096774,0.34599999999999997,0.17996941896024476
2237,defined,774,0.43798449612403101,0.34200000000000003,0.21915044247787607
2238,defined,805,0.4124223602484472,0.314,0.23864457831325303
2239,defined,792,0.39267676767676768,0.29599999999999999,0.24619935691318329
2240,defined,785,0.42420382165605097,0.33000000000000002,0.22207207207207202
2241,defined,777,0.43629343629343631,0.33600000000000002,0.22987610619469023
2242,defined,765,0.40392156862745099,0.29799999999999999,0.26223300970873786
2243,defined,785,0.40764331210191085,0.29399999999999998,0.27878125000000009
2244,defined,791,0.40707964601769914,0.30599999999999999,0.24830434782608701
2245,defined,781,0.40204865556978231,0.32200000000000001,0.19910191082802542
2246,defined,779,0.44030808729139925,0.34599999999999997,0.21418658892128295
2247,defined,775,0.42967741935483872,0.33200000000000002,0.2273273273273273
2248,defined,793,0.42244640605296341,0.33200000000000002,0.21410149253731336
2249,defined,803,0.41843088418430885,0.32400000000000001,0.2256785714285714
2250,defined,767,0.42112125162972619,0.33200000000000002,0.2116284829721361
2251,defined,762,0.4120734908136483,0.33400000000000002,0.18946496815286618
2252,defined,778,0.42159383033419023,0.35199999999999998,0.16507317073170735
2253,defined,761,0.41524310118265439,0.32400000000000001,0.21973417721518984
2254,defined,787,0.41804320203303685,0.33800000000000002,0.19147112462006077
2255,defined,780,0.40256410256410258,0.312,0.22496815286624205
2256,defined,774,0.41343669250645992,0.34200000000000003,0.17278749999999987
2257,defined,785,0.39872611464968155,0.33200000000000002,0.16734824281150162
2258,defined,788,0.42766497461928932,0.316,0.26110385756676557
2259,defined,780,0.40897435897435896,0.308,0.24689655172413794
2260,defined,776,0.38917525773195877,0.29999999999999999,0.2291390728476822
2261,defined,774,0.41989664082687339,0.312,0.25695999999999997
2262,defined,794,0.39042821158690177,0.34399999999999997,0.11891612903225812
2263,defined,768,0.41276041666666669,0.34000000000000002,0.17627760252365932
2264,defined,768,0.42578125,0.33000000000000002,0.22495412844036689
2265,defined,781,0.42637644046094753,0.32200000000000001,0.24479879879879884
2266,defined,781,0.42765685019206146,0.33000000000000002,0.22835329341317356
2267,defined,787,0.41550190597204573,0.316,0.23947400611620795
2268,defined,783,0.41890166028097064,0.34200000000000003,0.1835792682926829
2269,defined,770,0.42337662337662335,0.34599999999999997,0.18276073619631905
2270,defined,780,0.42820512820512818,0.31,0.27604790419161673
2271,defined,783,0.44061302681992337,0.33000000000000002,0.25104347826086948
2272,defined,770,0.43896103896103894,0.34599999999999997,0.2117751479289941
2273,defined,775,0.37290322580645163,0.316,0.15259515570934257
2274,defined,784,0.41198979591836737,0.29799999999999999,0.27668111455108368
2275,defined,772,0.39119170984455959,0.28199999999999997,0.27912582781456963
2276,defined,811,0.41800246609124536,0.316,0.24402359882005897
2277,defined,777,0.40669240669240669,0.308,0.24267088607594933
2278,defined,772,0.41450777202072536,0.312,0.24729999999999996
2279,defined,774,0.39018087855297157,0.312,0.20037086092715228
2280,defined,773,0.44501940491591202,0.34999999999999998,0.21351744186046517
2281,defined,781,0.40588988476312421,0.314,0.22639116719242902
2282,defined,782,0.42327365728900257,0.35199999999999998,0.16838670694864055
2283,defined,803,0.41095890410958902,0.32200000000000001,0.21646666666666659
2284,defined,767,0.40808344198174706,0.308,0.24525239616613415
2285,defined,798,0.42230576441102757,0.32800000000000001,0.22331157270029667
2286,defined,795,0.38490566037735852,0.30399999999999999,0.21019607843137267
2287,defined,779,0.40436456996148906,0.29399999999999998,0.27293333333333336
2288,defined,790,0.42784810126582279,0.33200000000000002,0.22402366863905321
2289,defined,782,0.40792838874680309,0.32200000000000001,0.21064576802507839
2290,defined,786,0.38422391857506361,0.31,0.1931788079470198
2291,defined,810,0.41851851851851851,0.32400000000000001,0.22584070796460176
2292,defined,775,0.40774193548387094,0.314,0.22990506329113924
2293,defined,777,0.40025740025740025,0.312,0.22050160771704175
2294,defined,770,0.42727272727272725,0.34000000000000002,0.20425531914893602
2295,defined,762,0.41469816272965881,0.33200000000000002,0.19941772151898729
2296,defined,797,0.39021329987452946,0.29999999999999999,0.23118971061093241
2297,defined,785,0.4318471337579618,0.34599999999999997,0.19879056047197652
2298,defined,775,0.41419354838709677,0.318,0.23224299065420562
2299,defined,802,0.41147132169576062,0.34799999999999998,0.15425454545454553
2300,defined,779,0.43774069319640563,0.33800000000000002,0.22785337243401749
2301,defined,785,0.40254777070063696,0.32800000000000001,0.18518987341772153
2302,defined,786,0.41730279898218831,0.32200000000000001,0.22837804878048784
2303,defined,792,0.40530303030303028,0.32200000000000001,0.20553271028037379
2304,defined,791,0.42857142857142855,0.35799999999999998,0.16466666666666663
2305,defined,782,0.42199488491048592,0.32400000000000001,0.23221818181818177
2306,defined,784,0.41581632653061223,0.314,0.24485889570552144
2307,defined,797,0.42032622333751568,0.33600000000000002,0.20062089552238804
2308,defined,786,0.38931297709923662,0.30199999999999999,0.22427450980392161
2309,defined,796,0.435929648241206,0.35399999999999998,0.18794236311239187
2310,defined,780,0.43205128205128207,0.33200000000000002,0.23157270029673593
2311,defined,777,0.42985842985842987,0.33000000000000002,0.23230538922155686
2312,defined,793,0.40100882723833542,0.32800000000000001,0.18206289308176093
2313,defined,770,0.41818181818181815,0.32200000000000001,0.22999999999999998
2314,defined,794,0.39672544080604533,0.32600000000000001,0.17827301587301581
2315,defined,777,0.40283140283140284,0.32200000000000001,0.20065814696485618
2316,defined,791,0.42857142857142855,0.34599999999999997,0.19266666666666665
2317,defined,800,0.39874999999999999,0.32200000000000001,0.19247648902821313
2318,defined,795,0.42641509433962266,0.33400000000000002,0.21672566371681412
2319,defined,765,0.40392156862745099,0.32000000000000001,0.20776699029126211
2320,defined,800,0.40000000000000002,0.32400000000000001,0.19000000000000006
2321,defined,780,0.43076923076923079,0.33800000000000002,0.2153571428571428
2322,defined,802,0.44264339152119703,0.34000000000000002,0.23188732394366196
2323,defined,789,0.42458808618504434,0.33600000000000002,0.20864477611940291
2324,defined,780,0.39487179487179486,0.29999999999999999,0.24025974025974028
2325,defined,793,0.44514501891551073,0.35199999999999998,0.20924645892351279
2326,defined,780,0.4217948717948718,0.32200000000000001,0.23659574468085109
2327,defined,770,0.38961038961038963,0.29999999999999999,0.23000000000000009
2328,defined,787,0.42312579415501905,0.33000000000000002,0.22009009009009006
2329,defined,782,0.42327365728900257,0.32400000000000001,0.23453776435045315
2330,defined,788,0.43020304568527917,0.32600000000000001,0.24221828908554566
2331,defined,793,0.39218158890290039,0.312,0.20445016077170419
2332,defined,779,0.41591784338896021,0.28799999999999998,0.30755555555555558
2333,defined,777,0.41956241956241958,0.32600000000000001,0.22299999999999998
2334,defined,771,0.36446173800259402,0.28799999999999998,0.20979359430604982
2335,defined,784,0.43367346938775508,0.34000000000000002,0.21599999999999986
2336,defined,784,0.4375,0.34200000000000003,0.21828571428571419
2337,defined,780,0.39358974358974358,0.29399999999999998,0.25302931596091205
2338,defined,811,0.44266337854500615,0.34999999999999998,0.20933147632311977
2339,defined,793,0.42622950819672129,0.34000000000000002,0.20230769230769219
2340,defined,764,0.40183246073298429,0.33600000000000002,0.16383061889250805
2341,defined,793,0.40353089533417402,0.316,0.21691249999999995
2342,defined,765,0.43660130718954249,0.34599999999999997,0.20751497005988029
2343,defined,787,0.4434561626429479,0.33600000000000002,0.24231518624641835
2344,defined,771,0.42023346303501946,0.33800000000000002,0.19568518518518518
2345,defined,796,0.41834170854271358,0.33600000000000002,0.19682882882882879
2346,defined,774,0.39018087855297157,0.30599999999999999,0.21574834437086088
2347,defined,788,0.43274111675126903,0.33000000000000002,0.23741935483870957
2348,defined,786,0.43002544529262088,0.34200000000000003,0.20469822485207101
2349,defined,779,0.41463414634146339,0.316,0.23788235294117643
2350,defined,792,0.4128787878787879,0.312,0.2443302752293578
2351,defined,773,0.40491591203104788,0.32400000000000001,0.19983386581469653
2352,defined,781,0.37900128040973113,0.318,0.16095270270270279
2353,defined,794,0.4282115869017632,0.34399999999999997,0.19665882352941177
2354,defined,803,0.43586550435865506,0.32400000000000001,0.25665142857142853
2355,defined,776,0.41108247422680411,0.316,0.23129780564263314
2356,defined,757,0.43593130779392336,0.372,0.14665454545454537
2357,defined,796,0.41959798994974873,0.34000000000000002,0.18970059880239509
2358,defined,794,0.41309823677581864,0.308,0.25441463414634147
2359,defined,779,0.43517329910141206,0.34999999999999998,0.19572271386430684
2360,defined,778,0.45115681233933164,0.376,0.16658689458689457
2361,defined,769,0.45383615084525358,0.33600000000000002,0.25964469914040111
2362,defined,785,0.42165605095541403,0.312,0.26006042296072507
2363,defined,793,0.41235813366960911,0.30199999999999999,0.26762691131498473
2364,defined,777,0.39253539253539255,0.318,0.18988196721311479
2365,defined,782,0.40664961636828645,0.318,0.21799999999999997
2366,defined,774,0.41989664082687339,0.32000000000000001,0.23790769230769226
2367,defined,794,0.43198992443324935,0.34399999999999997,0.20368513119533527
2368,defined,775,0.40903225806451615,0.30599999999999999,0.25189274447949528
2369,defined,784,0.42346938775510207,0.34999999999999998,0.17349397590361459
2370,defined,790,0.42151898734177218,0.34000000000000002,0.19339339339339334
2371,defined,789,0.43346007604562736,0.34799999999999998,0.19715789473684209
2372,defined,785,0.38980891719745225,0.308,0.20986928104575164
2373,defined,777,0.39768339768339767,0.30599999999999999,0.23054368932038838
2374,defined,775,0.44129032258064516,0.33800000000000002,0.23406432748538009
2375,defined,753,0.41168658698539179,0.33000000000000002,0.19841935483870965
2376,defined,779,0.41720154043645702,0.35399999999999998,0.15148923076923082
2377,defined,789,0.40430925221799746,0.30399999999999999,0.2481003134796238
2378,defined,790,0.42151898734177218,0.32800000000000001,0.22186186186186185
2379,defined,795,0.40125786163522015,0.30399999999999999,0.24238244514106588
2380,defined,779,0.42618741976893454,0.33000000000000002,0.22569277108433727
2381,defined,761,0.41918528252299608,0.32800000000000001,0.21752978056426331
2382,defined,778,0.43059125964010281,0.33200000000000002,0.22896716417910445
2383,defined,779,0.39152759948652116,0.29199999999999998,0.25420327868852455
2384,defined,781,0.39052496798975672,0.312,0.20107540983606553
2385,defined,757,0.42668428005284015,0.35599999999999998,0.16565944272445821
2386,defined,782,0.38746803069053709,0.32000000000000001,0.17412541254125413
2387,defined,772,0.41450777202072536,0.33200000000000002,0.19904999999999995
2388,defined,789,0.44106463878326996,0.38400000000000001,0.12937931034482753
2389,defined,768,0.39453125,0.30399999999999999,0.22946534653465345
2390,defined,791,0.40075853350189633,0.308,0.23145741324921132
2391,defined,772,0.39766839378238344,0.32800000000000001,0.17519218241042345
2392,defined,804,0.41791044776119401,0.308,0.26300000000000001
2393,defined,778,0.38303341902313626,0.316,0.17500671140939594
2394,defined,786,0.41984732824427479,0.35999999999999999,0.14254545454545453
2395,defined,771,0.40985732814526588,0.32200000000000001,0.21436075949367084
2396,defined,778,0.39588688946015427,0.29799999999999999,0.24725974025974029
2397,defined,770,0.41038961038961042,0.30199999999999999,0.26411392405063294
2398,defined,772,0.4015544041450777,0.29799999999999999,0.2578838709677419
2399,defined,789,0.39797211660329529,0.316,0.20597452229299362
2400,defined,786,0.40712468193384221,0.33200000000000002,0.18452499999999994
2401,defined,782,0.41815856777493604,0.32800000000000001,0.21560856269113138
2402,defined,788,0.41751269035532995,0.33600000000000002,0.19523404255319143
2403,defined,781,0.41485275288092188,0.31,0.25274691358024692
2404,defined,793,0.4098360655737705,0.30599999999999999,0.25336000000000003
2405,defined,779,0.43774069319640563,0.33600000000000002,0.23242228739002924
2406,defined,766,0.44516971279373369,0.36199999999999999,0.18682697947214078
2407,defined,797,0.43914680050188204,0.35999999999999999,0.1802285714285714
2408,defined,802,0.4314214463840399,0.33400000000000002,0.22581502890173411
2409,defined,804,0.40422885572139305,0.308,0.23805538461538467
2410,defined,789,0.42332065906210392,0.34799999999999998,0.17792814371257493
2411,defined,772,0.41191709844559588,0.318,0.22799999999999998
2412,defined,783,0.44316730523627074,0.34200000000000003,0.2282824207492794
2413,defined,810,0.42592592592592593,0.33800000000000002,0.20643478260869563
2414,defined,758,0.43799472295514513,0.35199999999999998,0.1963373493975904
2415,defined,779,0.41206675224646983,0.314,0.23798753894080993
2416,defined,786,0.41348600508905853,0.32800000000000001,0.2067446153846153
2417,defined,779,0.41848523748395378,0.32200000000000001,0.23055828220858887
2418,defined,781,0.42637644046094753,0.32800000000000001,0.23072672672672678
2419,defined,784,0.41709183673469385,0.33200000000000002,0.20401223241590205
2420,defined,791,0.4247787610619469,0.35199999999999998,0.17133333333333334
2421,defined,779,0.41078305519897307,0.318,0.22586875000000006
2422,defined,773,0.40750323415265199,0.32000000000000001,0.21473015873015866
2423,defined,781,0.41997439180537771,0.35199999999999998,0.1618536585365854
2424,defined,791,0.38432364096080912,0.30599999999999999,0.20379605263157896
2425,defined,791,0.40707964601769914,0.312,0.23356521739130442
2426,defined,790,0.38481012658227848,0.28999999999999998,0.24638157894736845
2427,defined,771,0.39299610894941633,0.314,0.20100990099009897
2428,defined,755,0.4013245033112583,0.30599999999999999,0.23752475247524762
2429,defined,780,0.39102564102564102,0.316,0.19186885245901641
2430,defined,786,0.39058524173027992,0.29799999999999999,0.23704234527687307
2431,defined,800,0.42375000000000002,0.33600000000000002,0.20707964601769913
2432,defined,791,0.42983565107458915,0.33800000000000002,0.2136529411764706
2433,defined,788,0.42385786802030456,0.33600000000000002,0.20728143712574842
2434,defined,768,0.43619791666666669,0.35799999999999998,0.17927164179104482
2435,defined,782,0.41815856777493604,0.33200000000000002,0.20604281345565745
2436,defined,790,0.39620253164556962,0.29799999999999999,0.2478594249201278
2437,defined,777,0.4646074646074646,0.34999999999999998,0.24667590027700836
2438,defined,800,0.42249999999999999,0.34599999999999997,0.18106508875739646
2439,defined,798,0.39849624060150374,0.29999999999999999,0.24716981132075466
2440,defined,787,0.42439644218551459,0.35199999999999998,0.17058682634730538
2441,defined,775,0.39870967741935481,0.312,0.21747572815533978
2442,defined,780,0.39487179487179486,0.31,0.21493506493506487
2443,defined,784,0.40306122448979592,0.30599999999999999,0.24081012658227852
2444,defined,772,0.41321243523316065,0.32400000000000001,0.21589968652037617
2445,defined,780,0.40384615384615385,0.28599999999999998,0.29180952380952385
2446,defined,786,0.44020356234096691,0.32800000000000001,0.25489017341040454
2447,defined,788,0.45050761421319796,0.35999999999999999,0.20090140845070426
2448,defined,795,0.40754716981132078,0.32200000000000001,0.20990740740740743
2449,defined,769,0.41352405721716518,0.34000000000000002,0.17779874213836477
2450,defined,798,0.42105263157894735,0.32800000000000001,0.22099999999999997
2451,defined,758,0.42744063324538256,0.35599999999999998,0.16713580246913584
2452,defined,787,0.43710292249047011,0.36599999999999999,0.16266860465116273
2453,defined,770,0.43636363636363634,0.34000000000000002,0.22083333333333321
2454,defined,776,0.42139175257731959,0.32200000000000001,0.23586544342507643
2455,defined,794,0.4244332493702771,0.32400000000000001,0.23662908011869432
2456,defined,778,0.42030848329048842,0.312,0.2576880733944954
2457,defined,775,0.44258064516129031,0.34999999999999998,0.20918367346938782
2458,defined,773,0.39197930142302717,0.30199999999999999,0.22955115511551161
2459,defined,764,0.40052356020942409,0.32400000000000001,0.19105882352941173
2460,defined,761,0.44546649145860712,0.36599999999999999,0.17838938053097353
2461,defined,799,0.41176470588235292,0.32600000000000001,0.20828571428571419
2462,defined,775,0.43870967741935485,0.35199999999999998,0.19764705882352951
2463,defined,767,0.41069100391134289,0.33600000000000002,0.18186666666666662
2464,defined,780,0.40897435897435896,0.30599999999999999,0.25178683385579936
2465,defined,781,0.44174135723431496,0.35199999999999998,0.2031536231884058
2466,defined,781,0.40717029449423814,0.308,0.24355974842767292
2467,defined,783,0.42401021711366538,0.36199999999999999,0.14624698795180724
2468,defined,790,0.41265822784810124,0.314,0.23907975460122699
2469,defined,772,0.42227979274611399,0.33600000000000002,0.20431901840490796
2470,defined,785,0.40891719745222932,0.30199999999999999,0.26146417445482872
2471,defined,774,0.41731266149870799,0.318,0.23798142414860679
2472,defined,790,0.41772151898734178,0.32000000000000001,0.23393939393939389
2473,defined,777,0.42728442728442728,0.33800000000000002,0.2089578313253011
2474,defined,784,0.41709183673469385,0.32200000000000001,0.22798776758409778
2475,defined,784,0.42346938775510207,0.33600000000000002,0.20655421686746989
2476,defined,782,0.40281329923273657,0.316,0.21551746031746033
2477,defined,783,0.39846743295019155,0.32000000000000001,0.19692307692307687
2478,defined,784,0.43367346938775508,0.34000000000000002,0.21599999999999986
2479,defined,787,0.41041931385006353,0.318,0.22518266253869967
2480,defined,775,0.40516129032258064,0.308,0.23980891719745223
2481,defined,806,0.42679900744416871,0.34799999999999998,0.18462790697674425
2482,defined,781,0.43149807938540335,0.34000000000000002,0.21204747774480714
2483,defined,768,0.41145833333333331,0.316,0.23199999999999998
2484,defined,768,0.41145833333333331,0.33800000000000002,0.1785316455696202
2485,defined,784,0.42219387755102039,0.29599999999999999,0.29890030211480367
2486,defined,782,0.40792838874680309,0.32600000000000001,0.20084012539184959
2487,defined,781,0.39052496798975672,0.29599999999999999,0.24204590163934425
2488,defined,767,0.43024771838331161,0.35399999999999998,0.17721818181818183
2489,defined,778,0.40102827763496146,0.318,0.20703846153846162
2490,defined,761,0.40078843626806832,0.308,0.23151475409836064
2491,defined,766,0.43342036553524804,0.34799999999999998,0.19708433734939768
2492,defined,790,0.40632911392405063,0.30599999999999999,0.24691588785046725
2493,defined,769,0.41612483745123535,0.33800000000000002,0.18774374999999988
2494,defined,755,0.41589403973509936,0.314,0.245
2495,defined,783,0.38952745849297571,0.31,0.20416393442622949
2496,defined,783,0.39080459770114945,0.28999999999999998,0.25794117647058834
2497,defined,783,0.40740740740740738,0.30599999999999999,0.24890909090909086
2498,defined,771,0.4059662775616083,0.318,0.21668370607028753
2499,defined,791,0.41466498103666244,0.314,0.24276219512195119
2500,defined,788,0.40862944162436549,0.33400000000000002,0.18263354037267077
2501,defined,754,0.40053050397877982,0.314,0.21603973509933772
2502,defined,795,0.42264150943396228,0.34799999999999998,0.17660714285714296
2503,defined,787,0.40406607369758579,0.32600000000000001,0.19320125786163522
2504,defined,783,0.41507024265644954,0.316,0.23868307692307689
2505,defined,797,0.41279799247176913,0.33400000000000002,0.19088753799392089
2506,defined,766,0.40992167101827676,0.29599999999999999,0.27791082802547773
2507,defined,776,0.41881443298969073,0.32800000000000001,0.21683692307692304
2508,defined,760,0.38947368421052631,0.30399999999999999,0.21945945945945944
2509,defined,787,0.40406607369758579,0.33000000000000002,0.18330188679245285
2510,defined,760,0.40921052631578947,0.33600000000000002,0.1789067524115755
2511,defined,766,0.40600522193211486,0.308,0.24138906752411571
2512,defined,769,0.40832249674902471,0.30399999999999999,0.25549044585987268
2513,defined,788,0.40228426395939088,0.30199999999999999,0.24928706624605679
2514,defined,782,0.40664961636828645,0.29799999999999999,0.26718238993710697
2515,defined,775,0.41548387096774192,0.318,0.23462732919254659
2516,defined,773,0.43208279430789132,0.314,0.27328742514970061
2517,defined,781,0.41869398207426378,0.314,0.25004892966360859
2518,defined,774,0.39018087855297157,0.29199999999999998,0.25162913907284767
2519,defined,769,0.42132639791937582,0.35599999999999998,0.1550493827160494
2520,defined,776,0.40979381443298968,0.32000000000000001,0.21911949685534582
2521,defined,767,0.42633637548891784,0.33600000000000002,0.2118899082568807
2522,defined,754,0.4244031830238727,0.30399999999999999,0.28370000000000006
2523,defined,763,0.40629095674967236,0.28799999999999998,0.29114838709677426
2524,defined,775,0.3793548387096774,0.29399999999999998,0.22499999999999998
2525,defined,787,0.39644218551461247,0.318,0.19786538461538461
2526,defined,773,0.42302716688227682,0.32800000000000001,0.22463608562691129
2527,defined,793,0.40605296343001263,0.32400000000000001,0.20207453416149068
2528,defined,802,0.4077306733167082,0.32200000000000001,0.21026299694189599
2529,defined,783,0.4061302681992337,0.29799999999999999,0.26624528301886796
2530,defined,782,0.4156010230179028,0.34000000000000002,0.18190769230769221
2531,defined,777,0.42857142857142855,0.308,0.28133333333333332
2532,defined,786,0.40966921119592875,0.30399999999999999,0.25793788819875774
2533,defined,787,0.43837357052096571,0.34000000000000002,0.22440579710144926
2534,defined,778,0.39845758354755784,0.316,0.20694193548387096
2535,defined,774,0.39664082687338503,0.308,0.22347882736156355
2536,defined,787,0.4078780177890724,0.32200000000000001,0.21054828660436131
2537,defined,780,0.39743589743589741,0.314,0.20993548387096772
2538,defined,774,0.41343669250645992,0.312,0.24534999999999996
2539,defined,771,0.40337224383916992,0.318,0.21164630225080383
2540,defined,768,0.40494791666666669,0.308,0.23940836012861744
2541,defined,781,0.41997439180537771,0.30199999999999999,0.28090853658536585
2542,defined,769,0.44343302990897271,0.32600000000000001,0.26482697947214073
2543,defined,794,0.40428211586901763,0.32400000000000001,0.19857943925233645
2544,defined,774,0.41731266149870799,0.316,0.24277399380804954
2545,defined,782,0.4156010230179028,0.33600000000000002,0.19153230769230767
2546,defined,774,0.39405684754521964,0.29399999999999998,0.25391475409836073
2547,defined,798,0.42731829573934837,0.33000000000000002,0.22774193548387089
2548,defined,778,0.38817480719794345,0.32000000000000001,0.17562913907284772
2549,defined,761,0.40473061760841,0.32000000000000001,0.2093506493506494
2550,defined,781,0.40973111395646605,0.32200000000000001,0.21411874999999991
2551,defined,781,0.41229193341869397,0.314,0.23840372670807453
2552,defined,785,0.39490445859872614,0.31,0.21500000000000008
2553,defined,786,0.41094147582697199,0.29799999999999999,0.27483591331269352
2554,defined,790,0.40000000000000002,0.316,0.21000000000000008
2555,defined,767,0.40156453715775747,0.34200000000000003,0.1483311688311687
2556,defined,787,0.38500635324015248,0.27800000000000002,0.27793399339933988
2557,defined,793,0.43883984867591425,0.33000000000000002,0.24801724137931025
2558,defined,785,0.39745222929936308,0.31,0.22003205128205128
2559,defined,776,0.40850515463917525,0.32200000000000001,0.21176025236593055
2560,defined,777,0.42985842985842987,0.34399999999999997,0.19973652694610788
2561,defined,778,0.39331619537275064,0.30399999999999999,0.22708496732026151
2562,defined,786,0.43002544529262088,0.34399999999999997,0.20004733727810664
2563,defined,791,0.42351453855878635,0.34799999999999998,0.17830447761194035
2564,defined,767,0.40808344198174706,0.32200000000000001,0.2109456869009585
2565,defined,784,0.42984693877551022,0.35199999999999998,0.18110385756676561
2566,defined,796,0.4020100502512563,0.32200000000000001,0.19902500000000001
2567,defined,783,0.438058748403576,0.374,0.14623323615160355
2568,defined,793,0.39344262295081966,0.30199999999999999,0.23241666666666672
2569,defined,791,0.40707964601769914,0.314,0.22865217391304349
2570,defined,761,0.39290407358738499,0.32800000000000001,0.16519063545150492
2571,defined,792,0.44696969696969696,0.34999999999999998,0.2169491525423729
2572,defined,808,0.45173267326732675,0.378,0.16322191780821915
2573,defined,780,0.45000000000000001,0.35999999999999999,0.20000000000000007
2574,defined,759,0.40974967061923584,0.316,0.22879742765273314
2575,defined,791,0.4247787610619469,0.34399999999999997,0.19016666666666671
2576,defined,796,0.4020100502512563,0.308,0.23385
2577,defined,792,0.42929292929292928,0.35799999999999998,0.16607058823529408
2578,defined,796,0.39572864321608042,0.33200000000000002,0.16104126984126987
2579,defined,765,0.39738562091503266,0.316,0.20480263157894729
2580,defined,779,0.38767650834403083,0.30199999999999999,0.22100000000000009
2581,defined,785,0.43821656050955415,0.34200000000000003,0.2195639534883721
2582,defined,773,0.40879689521345408,0.33800000000000002,0.17318354430379745
2583,defined,789,0.41825095057034223,0.29999999999999999,0.28272727272727283
2584,defined,789,0.41951837769328265,0.30399999999999999,0.27535951661631419
2585,defined,777,0.40669240669240669,0.29399999999999998,0.27709493670886076
2586,defined,776,0.39175257731958762,0.316,0.19336842105263152
2587,defined,796,0.37939698492462309,0.29599999999999999,0.21981456953642386
2588,defined,781,0.44686299615877079,0.35599999999999998,0.20333524355300858
2589,defined,770,0.37402597402597404,0.27600000000000002,0.26208333333333333
2590,defined,772,0.4015544041450777,0.30399999999999999,0.242941935483871
2591,defined,815,0.40368098159509203,0.34200000000000003,0.15279635258358659
2592,defined,781,0.43277848911651728,0.32200000000000001,0.25597041420118338
2593,defined,785,0.43312101910828027,0.33600000000000002,0.22423529411764709
2594,defined,789,0.44106463878326996,0.35799999999999998,0.1883275862068966
2595,defined,776,0.4329896907216495,0.35999999999999999,0.16857142857142859
2596,defined,757,0.39101717305151917,0.29599999999999999,0.2430000000000001
2597,defined,786,0.4262086513994911,0.33600000000000002,0.21165373134328358
2598,defined,787,0.40152477763659467,0.32200000000000001,0.19805696202531642
2599,defined,793,0.38209331651954603,0.29999999999999999,0.21485148514851493
2600,defined,769,0.40182054616384916,0.33400000000000002,0.1687831715210355
2601,defined,765,0.41830065359477125,0.316,0.24456250000000002
2602,defined,784,0.42474489795918369,0.35599999999999998,0.16184984984984996
2603,defined,754,0.44827586206896552,0.35199999999999998,0.21476923076923082
2604,defined,780,0.4358974358974359,0.34399999999999997,0.21082352941176474
2605,defined,770,0.41428571428571431,0.312,0.24689655172413794
2606,defined,778,0.42930591259640105,0.32200000000000001,0.24995209580838329
2607,defined,810,0.42592592592592593,0.32000000000000001,0.24869565217391298
2608,defined,768,0.40494791666666669,0.33600000000000002,0.17026366559485528
2609,defined,798,0.40476190476190477,0.32000000000000001,0.2094117647058823
2610,defined,783,0.42911877394636017,0.32600000000000001,0.24030357142857139
2611,defined,778,0.44601542416452444,0.34200000000000003,0.23321037463976946
2612,defined,784,0.42219387755102039,0.32400000000000001,0.23258006042296064
2613,defined,765,0.44052287581699345,0.35999999999999999,0.18278931750741845
2614,defined,775,0.40516129032258064,0.314,0.22499999999999998
2615,defined,771,0.42153047989623865,0.34399999999999997,0.18392615384615396
2616,defined,759,0.4176548089591568,0.33200000000000002,0.20508517350157729
2617,defined,778,0.39974293059125965,0.314,0.21449517684887465
2618,defined,787,0.41804320203303685,0.32000000000000001,0.23452887537993916
2619,defined,779,0.44159178433889601,0.34999999999999998,0.20741279069767449
2620,defined,783,0.4061302681992337,0.32200000000000001,0.20715094339622642
2621,defined,782,0.42710997442455245,0.316,0.26014371257485036
2622,defined,781,0.44558258642765686,0.34399999999999997,0.22797701149425298
2623,defined,793,0.4098360655737705,0.32800000000000001,0.19967999999999997
2624,defined,775,0.41677419354838707,0.33200000000000002,0.20340557275541782
2625,defined,776,0.39561855670103091,0.316,0.20125081433224756
2626,defined,784,0.4017857142857143,0.32000000000000001,0.2035555555555556
2627,defined,801,0.38451935081148564,0.32200000000000001,0.16259090909090901
2628,defined,786,0.41475826972010177,0.33800000000000002,0.18506748466257661
2629,defined,770,0.40000000000000002,0.33200000000000002,0.17000000000000004
2630,defined,776,0.39175257731958762,0.29599999999999999,0.24442105263157898
2631,defined,784,0.42219387755102039,0.34599999999999997,0.18047129909365567
2632,defined,786,0.38676844783715014,0.29999999999999999,0.2243421052631579
2633,defined,754,0.43236074270557029,0.372,0.13960736196319024
2634,defined,796,0.3907035175879397,0.30399999999999999,0.2219163987138264
2635,defined,779,0.39794608472400511,0.31,0.22099999999999997
2636,defined,784,0.40306122448979592,0.28599999999999998,0.2904303797468355
2637,defined,783,0.42273307790549169,0.34799999999999998,0.17678549848942604
2638,defined,787,0.39008894536213468,0.28399999999999997,0.27196091205211725
2639,defined,773,0.39327296248382926,0.29799999999999999,0.24225657894736852
2640,defined,775,0.39483870967741935,0.34000000000000002,0.13888888888888884
2641,defined,776,0.39304123711340205,0.29399999999999998,0.25198688524590163
2642,defined,788,0.40862944162436549,0.29999999999999999,0.26583850931677022
2643,defined,780,0.42435897435897435,0.33600000000000002,0.20821752265861015
2644,defined,778,0.39845758354755784,0.31,0.22199999999999998
2645,defined,769,0.3953185955786736,0.29599999999999999,0.2512368421052632
2646,defined,767,0.4367666232073012,0.33400000000000002,0.23528955223880599
2647,defined,770,0.38831168831168833,0.29599999999999999,0.23772575250836125
2648,defined,767,0.42764015645371578,0.33600000000000002,0.21429268292682924
2649,defined,797,0.42785445420326224,0.33400000000000002,0.21936070381231665
2650,defined,786,0.41348600508905853,0.29599999999999999,0.28413538461538468
2651,defined,785,0.40764331210191085,0.31,0.23953125000000008
2652,defined,770,0.38441558441558443,0.28000000000000003,0.27162162162162162
2653,defined,792,0.42929292929292928,0.32400000000000001,0.24527058823529413
2654,defined,785,0.40891719745222932,0.35599999999999998,0.12940809968847355
2655,defined,768,0.421875,0.32200000000000001,0.2367407407407407
2656,defined,786,0.41348600508905853,0.32600000000000001,0.21158153846153849
2657,defined,773,0.41526520051746441,0.312,0.24867289719626162
2658,defined,779,0.40693196405648269,0.312,0.23328706624605677
2659,defined,785,0.43057324840764333,0.33400000000000002,0.22428994082840237
2660,defined,775,0.40645161290322579,0.33800000000000002,0.16841269841269835
2661,defined,773,0.42820181112548511,0.33200000000000002,0.22466465256797574
2662,defined,767,0.41981747066492831,0.32200000000000001,0.23299999999999998
2663,defined,783,0.38441890166028098,0.31,0.19358803986710971
2664,defined,792,0.40277777777777779,0.312,0.22537931034482761
2665,defined,786,0.42748091603053434,0.32400000000000001,0.24207142857142849
2666,defined,784,0.40433673469387754,0.33600000000000002,0.16900946372239745
2667,defined,785,0.41910828025477709,0.30599999999999999,0.2698784194528876
2668,defined,790,0.40632911392405063,0.32800000000000001,0.19277258566978195
2669,defined,800,0.40749999999999997,0.32200000000000001,0.2098159509202453
2670,defined,790,0.38101265822784808,0.30599999999999999,0.19687707641196006
2671,defined,793,0.43001261034047922,0.33200000000000002,0.2279296187683284
2672,defined,775,0.41677419354838707,0.32400000000000001,0.22260061919504637
2673,defined,787,0.39644218551461247,0.28799999999999998,0.27353846153846162
2674,defined,770,0.39220779220779223,0.308,0.21470198675496699
2675,defined,772,0.41450777202072536,0.34999999999999998,0.15562500000000001
2676,defined,791,0.39823008849557523,0.30199999999999999,0.24164444444444444
2677,defined,782,0.40792838874680309,0.30199999999999999,0.25967398119122265
2678,defined,795,0.42138364779874216,0.32000000000000001,0.24059701492537311
2679,defined,776,0.40077319587628868,0.33000000000000002,0.1765916398713826
2680,defined,768,0.38671875,0.28999999999999998,0.25010101010101016
2681,defined,778,0.41902313624678661,0.31,0.26018404907975456
2682,defined,794,0.44584382871536526,0.34799999999999998,0.21945762711864414
2683,defined,782,0.40920716112531969,0.29799999999999999,0.27176250000000002
2684,defined,780,0.40512820512820513,0.31,0.23481012658227851
2685,defined,788,0.42005076142131981,0.32800000000000001,0.21914199395770395
2686,defined,765,0.42483660130718953,0.34399999999999997,0.19027692307692312
2687,defined,781,0.39948783610755439,0.316,0.20898717948717949
2688,defined,773,0.42561448900388099,0.34999999999999998,0.17765957446808522
2689,defined,768,0.4375,0.38,0.13142857142857145
2690,defined,776,0.42010309278350516,0.32600000000000001,0.22399999999999998
2691,defined,778,0.38946015424164526,0.29599999999999999,0.239973597359736
2692,defined,766,0.37989556135770236,0.30199999999999999,0.20504467353951894
2693,defined,790,0.44303797468354428,0.34399999999999997,0.22354285714285715
2694,defined,777,0.40797940797940796,0.33800000000000002,0.17152681388012614
2695,defined,798,0.38972431077694236,0.27800000000000002,0.28667524115755627
2696,defined,808,0.4183168316831683,0.32400000000000001,0.22546745562130177
2697,defined,776,0.43556701030927836,0.33000000000000002,0.24236686390532547
2698,defined,800,0.42125000000000001,0.32200000000000001,0.23560830860534121
2699,defined,799,0.42553191489361702,0.33800000000000002,0.20569999999999999
2700,defined,794,0.41561712846347609,0.32400000000000001,0.22043636363636365
2701,defined,771,0.42412451361867703,0.316,0.25493577981651372
2702,defined,787,0.40660736975857686,0.34799999999999998,0.14413750000000003
2703,defined,773,0.4243208279430789,0.32000000000000001,0.24585365853658536
2704,defined,793,0.44514501891551073,0.34999999999999998,0.21373937677053834
2705,defined,779,0.4338896020539153,0.37,0.14724852071005923
2706,defined,786,0.39949109414758271,0.28999999999999998,0.27407643312101915
2707,defined,785,0.40636942675159238,0.29999999999999999,0.26175548589341702
2708,defined,780,0.44230769230769229,0.32400000000000001,0.26747826086956517
2709,defined,775,0.42064516129032259,0.32200000000000001,0.23450920245398776
2710,defined,784,0.41581632653061223,0.30599999999999999,0.26409815950920246
2711,defined,763,0.41153342070773263,0.318,0.22728025477707003
2712,defined,774,0.41214470284237725,0.33400000000000002,0.18960501567398114
2713,defined,746,0.41689008042895442,0.318,0.23720900321543403
2714,defined,772,0.40673575129533679,0.33200000000000002,0.18374522292993622
2715,defined,777,0.45045045045045046,0.36399999999999999,0.19191999999999998
2716,defined,765,0.41437908496732029,0.32800000000000001,0.20845425867507883
2717,defined,789,0.41571609632446133,0.35199999999999998,0.15326829268292685
2718,defined,779,0.40564826700898587,0.33200000000000002,0.18155696202531635
2719,defined,776,0.40463917525773196,0.308,0.23882802547770698
2720,defined,789,0.39163498098859317,0.28599999999999998,0.26972815533980588
2721,defined,785,0.42547770700636944,0.308,0.27610778443113781
2722,defined,781,0.43149807938540335,0.34000000000000002,0.21204747774480714
2723,defined,767,0.42242503259452413,0.32600000000000001,0.22826543209876538
2724,defined,797,0.43663739021329989,0.33600000000000002,0.23048275862068968
2725,defined,794,0.4357682619647355,0.32400000000000001,0.25648554913294797
2726,defined,797,0.43036386449184444,0.33600000000000002,0.21926530612244899
2727,defined,766,0.41906005221932113,0.33400000000000002,0.20297819314641741
2728,defined,767,0.4041720990873533,0.30399999999999999,0.24784516129032252
2729,defined,785,0.42038216560509556,0.33600000000000002,0.20072727272727275
2730,defined,772,0.38989637305699482,0.28799999999999998,0.26134219269102998
2731,defined,777,0.40540540540540543,0.318,0.21560000000000001
2732,defined,789,0.40557667934093788,0.28999999999999998,0.28496874999999999
2733,defined,774,0.43410852713178294,0.34799999999999998,0.1983571428571429
2734,defined,797,0.41279799247176913,0.318,0.22964741641337383
2735,defined,787,0.42312579415501905,0.33000000000000002,0.22009009009009006
2736,defined,782,0.40153452685421998,0.32600000000000001,0.18811464968152869
2737,defined,791,0.42098609355246525,0.314,0.25413213213213215
2738,defined,791,0.42604298356510745,0.32600000000000001,0.23481899109792281
2739,defined,783,0.41123882503192849,0.29999999999999999,0.27049689440993796
2740,defined,782,0.38746803069053709,0.32000000000000001,0.17412541254125413
2741,defined,784,0.4107142857142857,0.30399999999999999,0.25982608695652176
2742,defined,757,0.43196829590488772,0.32400000000000001,0.24994495412844031
2743,defined,778,0.40745501285347041,0.318,0.21954574132492111
2744,defined,792,0.39772727272727271,0.32400000000000001,0.18537142857142852
2745,defined,779,0.41463414634146339,0.316,0.23788235294117643
2746,defined,775,0.42193548387096774,0.32600000000000001,0.22737003058103977
2747,defined,762,0.40288713910761154,0.32000000000000001,0.20573289902280123
2748,defined,768,0.42838541666666669,0.35399999999999998,0.17364133738601828
2749,defined,789,0.4512040557667934,0.35599999999999998,0.21099999999999997
2750,defined,785,0.40764331210191085,0.308,0.24443750000000009
2751,defined,778,0.41002570694087404,0.314,0.23419435736677119
2752,defined,792,0.40656565656565657,0.33600000000000002,0.17356521739130426
2753,defined,771,0.40337224383916992,0.30399999999999999,0.24635369774919613
2754,defined,766,0.39817232375979111,0.28999999999999998,0.27167213114754096
2755,defined,759,0.40843214756258234,0.33200000000000002,0.18713548387096768
2756,defined,771,0.383916990920882,0.25,0.34881756756756765
2757,defined,773,0.39715394566623546,0.30399999999999999,0.23455374592833877
2758,defined,776,0.40463917525773196,0.29999999999999999,0.25859872611464974
2759,defined,788,0.42258883248730966,0.34999999999999998,0.17177177177177183
2760,defined,778,0.42930591259640105,0.35199999999999998,0.18007185628742528
2761,defined,803,0.38729763387297633,0.30599999999999999,0.20990996784565918
2762,defined,778,0.36760925449871468,0.28199999999999997,0.23288111888111895
2763,defined,782,0.39514066496163686,0.32000000000000001,0.19016181229773466
2764,defined,783,0.3946360153256705,0.33200000000000002,0.15871844660194168
2765,defined,769,0.41092327698309494,0.33600000000000002,0.1823291139240506
2766,defined,793,0.41992433795712486,0.34399999999999997,0.18080480480480488
2767,defined,779,0.46598202824133506,0.36799999999999999,0.21026997245179069
2768,defined,781,0.40332906530089629,0.28199999999999997,0.30081904761904765
2769,defined,784,0.41709183673469385,0.318,0.23757798165137611
2770,defined,787,0.42312579415501905,0.33000000000000002,0.22009009009009006
2771,defined,783,0.4061302681992337,0.28799999999999998,0.2908679245283019
2772,defined,778,0.43316195372750643,0.32400000000000001,0.2520118694362018
2773,defined,757,0.42932628797886396,0.33400000000000002,0.22203692307692313
2774,defined,777,0.40411840411840411,0.32000000000000001,0.20815286624203821
2775,defined,778,0.41259640102827766,0.30199999999999999,0.26804984423676015
2776,defined,777,0.39897039897039899,0.316,0.20796129032258071
2777,defined,777,0.3963963963963964,0.30599999999999999,0.22804545454545455
2778,defined,783,0.42911877394636017,0.33400000000000002,0.22166071428571421
2779,defined,794,0.39168765743073047,0.314,0.19834083601286168
2780,defined,780,0.41153846153846152,0.32000000000000001,0.22242990654205608
2781,defined,779,0.38510911424903721,0.30399999999999999,0.21061333333333332
2782,defined,786,0.39185750636132316,0.30199999999999999,0.22931168831168836
2783,defined,782,0.43606138107416881,0.34399999999999997,0.21112023460410567
2784,defined,775,0.43483870967741933,0.33000000000000002,0.2410979228486646
2785,defined,782,0.42071611253196933,0.34000000000000002,0.19185410334346509
2786,defined,783,0.41890166028097064,0.316,0.24564634146341469
2787,defined,778,0.42802056555269924,0.33000000000000002,0.229009009009009
2788,defined,767,0.4367666232073012,0.35199999999999998,0.1940776119402986
2789,defined,795,0.40628930817610065,0.32200000000000001,0.20746130030959753
2790,defined,791,0.41213653603034134,0.308,0.25267484662576689
2791,defined,786,0.39694656488549618,0.308,0.22407692307692306
2792,defined,797,0.42910915934755334,0.34799999999999998,0.1890175438596492
2793,defined,794,0.41309823677581864,0.30399999999999999,0.26409756097560977
2794,defined,806,0.40818858560794047,0.314,0.23074772036474167
2795,defined,769,0.40312093628088425,0.32000000000000001,0.20619354838709669
2796,defined,794,0.43702770780856426,0.33600000000000002,0.23117002881844384
2797,defined,775,0.43612903225806454,0.33800000000000002,0.22499999999999998
2798,defined,779,0.40821566110397944,0.30399999999999999,0.25529559748427677
2799,defined,768,0.40234375,0.318,0.20963106796116504
2800,defined,801,0.4044943820224719,0.30199999999999999,0.25338888888888889
2801,defined,782,0.41432225063938621,0.34999999999999998,0.155246913580247
2802,defined,784,0.42346938775510207,0.318,0.24906024096385548
2803,defined,790,0.42658227848101266,0.30199999999999999,0.2920474777448071
2804,defined,782,0.40025575447570333,0.316,0.21050479233226838
2805,defined,776,0.41494845360824745,0.34399999999999997,0.17098136645962747
2806,defined,779,0.43517329910141206,0.33400000000000002,0.23248967551622413
2807,defined,778,0.43830334190231363,0.33800000000000002,0.2288445747800586
2808,defined,800,0.38750000000000001,0.28399999999999997,0.26709677419354849
2809,defined,759,0.43610013175230566,0.33600000000000002,0.22953474320241685
2810,defined,794,0.42191435768261965,0.34999999999999998,0.17044776119402993
2811,defined,790,0.39367088607594936,0.316,0.19729903536977489
2812,defined,747,0.39491298527443108,0.29999999999999999,0.24033898305084755
2813,defined,787,0.42566709021601018,0.32400000000000001,0.2388417910447761
2814,defined,792,0.41540404040404039,0.32600000000000001,0.21522188449848023
2815,defined,773,0.4294954721862872,0.32200000000000001,0.25028313253012047
2816,defined,784,0.41964285714285715,0.318,0.24221276595744679
2817,defined,746,0.38873994638069703,0.29799999999999999,0.23342068965517238
2818,defined,780,0.39487179487179486,0.316,0.19974025974025966
2819,defined,770,0.38441558441558443,0.26200000000000001,0.318445945945946
2820,defined,784,0.41709183673469385,0.33200000000000002,0.20401223241590205
2821,defined,770,0.41428571428571431,0.31,0.25172413793103454
2822,defined,797,0.4617314930991217,0.36199999999999999,0.21599456521739135
2823,defined,772,0.39896373056994816,0.29399999999999998,0.26309090909090904
2824,defined,766,0.41644908616187992,0.32600000000000001,0.21719122257053292
2825,defined,775,0.38967741935483868,0.308,0.20960264900662251
2826,defined,782,0.41687979539641945,0.35399999999999998,0.15083435582822091
2827,defined,774,0.3888888888888889,0.28599999999999998,0.26457142857142868
2828,defined,768,0.40104166666666669,0.33200000000000002,0.17215584415584417
2829,defined,790,0.3721518987341772,0.30599999999999999,0.17775510204081635
2830,defined,785,0.41019108280254779,0.29599999999999999,0.27838509316770188
2831,defined,786,0.44910941475826971,0.36799999999999999,0.180600566572238
2832,defined,778,0.41388174807197942,0.32800000000000001,0.20750310559006202
2833,defined,777,0.40797940797940796,0.32800000000000001,0.1960378548895898
2834,defined,765,0.41307189542483658,0.34200000000000003,0.1720569620253164
2835,defined,781,0.40717029449423814,0.33200000000000002,0.18461635220125783
2836,defined,775,0.41419354838709677,0.33600000000000002,0.18878504672897189
2837,defined,781,0.42765685019206146,0.33200000000000002,0.22367664670658682
2838,defined,790,0.4379746835443038,0.35799999999999998,0.18260115606936422
2839,defined,779,0.40821566110397944,0.33000000000000002,0.19160377358490555
2840,defined,788,0.41243654822335024,0.33400000000000002,0.19017846153846152
2841,defined,784,0.39923469387755101,0.28799999999999998,0.27861980830670929
2842,defined,774,0.40697674418604651,0.316,0.22354285714285715
2843,defined,777,0.42599742599742602,0.34999999999999998,0.17839879154078564
2844,defined,783,0.39719029374201786,0.29999999999999999,0.24469453376205785
2845,defined,775,0.44645161290322583,0.36399999999999999,0.1846820809248555
2846,defined,771,0.40466926070038911,0.30399999999999999,0.24876923076923085
2847,defined,790,0.41265822784810124,0.30399999999999999,0.26331288343558279
2848,defined,781,0.39948783610755439,0.29999999999999999,0.24903846153846154
2849,defined,781,0.41357234314980795,0.32800000000000001,0.20691021671826626
2850,defined,772,0.43005181347150256,0.32800000000000001,0.23730120481927708
2851,defined,784,0.42729591836734693,0.33200000000000002,0.22302089552238802
2852,defined,794,0.42317380352644834,0.34999999999999998,0.17291666666666672
2853,defined,794,0.42191435768261965,0.35399999999999998,0.1609671641791045
2854,defined,775,0.41290322580645161,0.32800000000000001,0.20562499999999995
2855,defined,783,0.42656449553001274,0.34599999999999997,0.18886826347305385
2856,defined,785,0.38089171974522296,0.29399999999999998,0.22812709030100342
2857,defined,774,0.44186046511627908,0.33600000000000002,0.239578947368421
2858,defined,780,0.38846153846153847,0.312,0.1968316831683169
2859,defined,781,0.42637644046094753,0.33600000000000002,0.211963963963964
2860,defined,784,0.42474489795918369,0.31,0.2701501501501502
2861,defined,774,0.3863049095607235,0.30399999999999999,0.21305685618729098
2862,defined,790,0.43037974683544306,0.34399999999999997,0.20070588235294129
2863,defined,776,0.38917525773195877,0.29799999999999999,0.23427814569536431
2864,defined,791,0.41213653603034134,0.30199999999999999,0.26723312883435579
2865,defined,768,0.40755208333333331,0.33200000000000002,0.18538019169329067
2866,defined,776,0.43685567010309279,0.35999999999999999,0.175929203539823
2867,defined,793,0.43253467843631777,0.34200000000000003,0.20931195335276964
2868,defined,787,0.397712833545108,0.34000000000000002,0.14511182108626186
2869,defined,797,0.41907151819322458,0.33800000000000002,0.19345508982035919
2870,defined,781,0.44174135723431496,0.34399999999999997,0.22126376811594206
2871,defined,777,0.40797940797940796,0.32800000000000001,0.1960378548895898
2872,defined,770,0.41428571428571431,0.33200000000000002,0.19862068965517243
2873,defined,769,0.42262678803641091,0.33000000000000002,0.21916923076923067
2874,defined,778,0.39460154241645246,0.31,0.21439739413680781
2875,defined,787,0.43074968233799238,0.35799999999999998,0.16889085545722715
2876,defined,770,0.40909090909090912,0.30199999999999999,0.26177777777777789
2877,defined,778,0.44987146529562982,0.38,0.15531428571428574
2878,defined,783,0.42401021711366538,0.32600000000000001,0.23115060240963847
2879,defined,777,0.41312741312741313,0.33800000000000002,0.18185046728971954
2880,defined,782,0.41304347826086957,0.33200000000000002,0.19621052631578939
2881,defined,774,0.4315245478036176,0.32800000000000001,0.23990419161676646
2882,defined,775,0.39612903225806451,0.30599999999999999,0.22752442996742672
2883,defined,775,0.41935483870967744,0.316,0.24646153846153851
2884,defined,784,0.39923469387755101,0.318,0.20347603833865813
2885,defined,781,0.42509603072983354,0.32200000000000001,0.24252409638554218
2886,defined,779,0.39922978177150192,0.30399999999999999,0.2385337620578778
2887,defined,781,0.4212548015364917,0.32400000000000001,0.23086930091185409
2888,defined,777,0.43371943371943372,0.35599999999999998,0.17919287833827902
2889,defined,779,0.41976893453145059,0.33000000000000002,0.21385321100917432
2890,defined,777,0.42084942084942084,0.34000000000000002,0.19211009174311922
2891,defined,783,0.42911877394636017,0.34000000000000002,0.20767857142857138
2892,defined,774,0.3863049095607235,0.28000000000000003,0.27518394648829425
2893,defined,775,0.42838709677419357,0.374,0.12695783132530125
2894,defined,784,0.43494897959183676,0.312,0.28267448680351914
2895,defined,772,0.40673575129533679,0.32800000000000001,0.19357961783439492
2896,defined,784,0.40816326530612246,0.30399999999999999,0.25519999999999998
2897,defined,784,0.42602040816326531,0.34999999999999998,0.17844311377245514
2898,defined,767,0.40677966101694918,0.32600000000000001,0.19858333333333333
2899,defined,776,0.41881443298969073,0.32800000000000001,0.21683692307692304
2900,defined,788,0.42385786802030456,0.32400000000000001,0.23559281437125745
2901,defined,786,0.43893129770992367,0.33000000000000002,0.24817391304347824
2902,defined,796,0.4120603015075377,0.316,0.23312195121951218
2903,defined,786,0.42748091603053434,0.34000000000000002,0.20464285714285702
2904,defined,771,0.4293125810635538,0.35199999999999998,0.18008459214501515
2905,defined,788,0.40736040609137059,0.314,0.22918380062305299
2906,defined,784,0.40943877551020408,0.33400000000000002,0.1842492211838006
2907,defined,795,0.44150943396226416,0.35999999999999999,0.18461538461538463
2908,defined,775,0.4232258064516129,0.34799999999999998,0.17774390243902438
2909,defined,781,0.38796414852752881,0.29399999999999998,0.24219801980198019
2910,defined,783,0.40868454661558112,0.29199999999999998,0.28551250000000006
2911,defined,764,0.42670157068062825,0.32400000000000001,0.2406871165644171
2912,defined,788,0.42893401015228427,0.34200000000000003,0.20267455621301766
2913,defined,772,0.38989637305699482,0.308,0.210046511627907
2914,defined,788,0.40609137055837563,0.31,0.23662499999999997
2915,defined,781,0.41869398207426378,0.33800000000000002,0.19272782874617733
2916,defined,789,0.39036755386565275,0.312,0.20075324675324679
2917,defined,771,0.38261997405966275,0.27600000000000002,0.27865762711864395
2918,defined,783,0.42401021711366538,0.32200000000000001,0.24058433734939755
2919,defined,790,0.44556962025316454,0.34999999999999998,0.21448863636363635
2920,defined,787,0.42058449809402798,0.32200000000000001,0.23439879154078558
2921,defined,791,0.4222503160556258,0.33600000000000002,0.20426347305389214
2922,defined,799,0.42428035043804757,0.32800000000000001,0.22692625368731567
2923,defined,781,0.41869398207426378,0.32800000000000001,0.21661162079510698
2924,defined,782,0.37851662404092073,0.28799999999999998,0.23913513513513518
2925,defined,787,0.44726810673443457,0.36799999999999999,0.17722727272727279
2926,defined,784,0.41326530612244899,0.34399999999999997,0.16760493827160505
2927,defined,769,0.40442132639791939,0.32000000000000001,0.20874598070739547
2928,defined,792,0.39015151515151514,0.28799999999999998,0.26182524271844665
2929,defined,767,0.42764015645371578,0.33000000000000002,0.22832317073170727
2930,defined,790,0.42531645569620252,0.33200000000000002,0.21940476190476188
2931,defined,777,0.40926640926640928,0.314,0.23277358490566036
2932,defined,781,0.40332906530089629,0.29999999999999999,0.25619047619047619
2933,defined,785,0.41528662420382167,0.32800000000000001,0.21018404907975463
2934,defined,772,0.42616580310880831,0.32200000000000001,0.24442553191489358
2935,defined,768,0.39192708333333331,0.32800000000000001,0.16310963455149496
2936,defined,790,0.41392405063291138,0.32400000000000001,0.21724770642201829
2937,defined,790,0.42151898734177218,0.32600000000000001,0.22660660660660659
2938,defined,762,0.41076115485564302,0.33600000000000002,0.18200638977635775
2939,defined,781,0.40588988476312421,0.316,0.22146372239747636
2940,defined,776,0.40206185567010311,0.32200000000000001,0.19912820512820517
2941,defined,767,0.409387222946545,0.32400000000000001,0.20857324840764335
2942,defined,781,0.37772087067861715,0.28999999999999998,0.2322372881355933
2943,defined,755,0.3933774834437086,0.312,0.20686868686868687
2944,defined,770,0.42987012987012985,0.34000000000000002,0.20906344410876121
2945,defined,766,0.4216710182767624,0.33400000000000002,0.20791331269349844
2946,defined,796,0.41457286432160806,0.32200000000000001,0.22329696969696966
2947,defined,782,0.41815856777493604,0.32200000000000001,0.2299571865443425
2948,defined,794,0.40176322418136018,0.33000000000000002,0.1786206896551723
2949,defined,778,0.38817480719794345,0.31,0.20139072847682116
2950,defined,790,0.42405063291139239,0.36399999999999999,0.14161194029850743
2951,defined,776,0.43041237113402064,0.34200000000000003,0.20541317365269463
2952,defined,767,0.40677966101694918,0.31,0.23791666666666678
2953,defined,779,0.44030808729139925,0.38600000000000001,0.12334110787172015
2954,defined,769,0.38881664499349805,0.312,0.19756521739130439
2955,defined,788,0.4137055837563452,0.30399999999999999,0.26517791411042946
2956,defined,766,0.4255874673629243,0.29999999999999999,0.29509202453987737
2957,defined,782,0.4156010230179028,0.32600000000000001,0.21559384615384614
2958,defined,799,0.42678347934918648,0.32000000000000001,0.25020527859237529
2959,defined,786,0.39821882951653942,0.32600000000000001,0.18135463258785933
2960,defined,785,0.40636942675159238,0.28999999999999998,0.28636363636363649
2961,defined,765,0.44444444444444442,0.35999999999999999,0.18999999999999995
2962,defined,769,0.39661898569570869,0.316,0.2032655737704917
2963,defined,788,0.42131979695431471,0.32400000000000001,0.23098795180722886
2964,defined,783,0.40868454661558112,0.32400000000000001,0.20721250000000002
2965,defined,770,0.38831168831168833,0.29599999999999999,0.23772575250836125
2966,defined,794,0.42317380352644834,0.29799999999999999,0.29579761904761903
2967,defined,775,0.40258064516129033,0.314,0.22003205128205128
2968,defined,783,0.43167305236270753,0.33400000000000002,0.22626627218934903
2969,defined,780,0.40512820512820513,0.30599999999999999,0.24468354430379746
2970,defined,783,0.40740740740740738,0.31,0.23909090909090902
2971,defined,788,0.42258883248730966,0.35799999999999998,0.15284084084084093
2972,defined,788,0.3870558375634518,0.32000000000000001,0.17324590163934428
2973,defined,782,0.40409207161125321,0.33200000000000002,0.17840506329113925
2974,defined,778,0.41902313624678661,0.33200000000000002,0.20768098159509196
2975,defined,787,0.43456162642947904,0.34799999999999998,0.19919298245614037
2976,defined,768,0.43098958333333331,0.33400000000000002,0.22503927492447118
2977,defined,802,0.40523690773067333,0.32200000000000001,0.20540307692307691
2978,defined,777,0.41827541827541825,0.34000000000000002,0.18713846153846148
2979,defined,770,0.43376623376623374,0.34200000000000003,0.21155688622754476
2980,defined,767,0.39374185136897,0.29799999999999999,0.24315894039735098
2981,defined,772,0.38082901554404147,0.30399999999999999,0.20174149659863949
2982,defined,805,0.41987577639751555,0.34999999999999998,0.16642011834319537
2983,defined,810,0.41851851851851851,0.32400000000000001,0.22584070796460176
2984,defined,781,0.4174135723431498,0.33200000000000002,0.20462576687116563
2985,defined,765,0.41176470588235292,0.30199999999999999,0.26657142857142857
2986,defined,769,0.37971391417425226,0.31,0.18359589041095892
2987,defined,796,0.42336683417085424,0.33600000000000002,0.2063620178041542
2988,defined,783,0.40485312899106002,0.34000000000000002,0.1601892744479495
2989,defined,782,0.41304347826086957,0.33200000000000002,0.19621052631578939
2990,defined,780,0.40769230769230769,0.33000000000000002,0.19056603773584901
2991,defined,800,0.41625000000000001,0.33600000000000002,0.19279279279279271
2992,defined,764,0.40575916230366493,0.30199999999999999,0.25571612903225815
2993,defined,798,0.42982456140350878,0.33800000000000002,0.21363265306122448
2994,defined,780,0.42692307692307691,0.33200000000000002,0.22234234234234229
2995,defined,768,0.40755208333333331,0.29999999999999999,0.26389776357827477
2996,defined,762,0.42650918635170604,0.316,0.25910153846153849
2997,defined,794,0.39294710327455917,0.318,0.19073076923076915
2998,defined,773,0.41009055627425617,0.33400000000000002,0.18554574132492119
2999,defined,773,0.39068564036222508,0.32600000000000001,0.16556953642384098
3000,defined,781,0.43277848911651728,0.32400000000000001,0.25134911242603553
3001,defined,784,0.40051020408163263,0.318,0.20601273885350313
3002,defined,783,0.40229885057471265,0.29999999999999999,0.25428571428571434
3003,defined,804,0.44029850746268656,0.38,0.13694915254237283
3004,defined,788,0.40609137055837563,0.32000000000000001,0.21199999999999997
3005,defined,773,0.4113842173350582,0.33200000000000002,0.19296855345911945
3006,defined,786,0.40585241730279897,0.312,0.23124764890282135
3007,defined,773,0.45019404915912031,0.36199999999999999,0.19590229885057475
3008,defined,762,0.40419947506561682,0.28599999999999998,0.29242857142857148
3009,defined,773,0.40103492884864167,0.30599999999999999,0.23697419354838711
3010,defined,797,0.41781681304893348,0.33000000000000002,0.21018018018018014
3011,defined,778,0.4241645244215938,0.32400000000000001,0.23614545454545444
3012,defined,769,0.42912873862158646,0.33400000000000002,0.22167878787878781
3013,defined,789,0.4220532319391635,0.34399999999999997,0.18493693693693702
3014,defined,790,0.40759493670886077,0.314,0.22962732919254658
3015,defined,770,0.37532467532467534,0.28999999999999998,0.22733564013840835
3016,defined,772,0.39378238341968913,0.28999999999999998,0.26355263157894748
3017,defined,778,0.39845758354755784,0.32000000000000001,0.19690322580645159
3018,defined,790,0.40759493670886077,0.34599999999999997,0.15111801242236034
3019,defined,781,0.43277848911651728,0.33200000000000002,0.23286390532544377
3020,defined,796,0.44095477386934673,0.34799999999999998,0.2108034188034188
3021,defined,778,0.40745501285347041,0.32200000000000001,0.20972870662460563
3022,defined,771,0.39688715953307391,0.33400000000000002,0.15845098039215677
3023,defined,802,0.43017456359102246,0.34799999999999998,0.19102608695652179
3024,defined,790,0.44430379746835441,0.35399999999999998,0.20324786324786326
3025,defined,791,0.4247787610619469,0.34599999999999997,0.18545833333333339
3026,defined,777,0.43114543114543114,0.33200000000000002,0.22995820895522379
3027,defined,787,0.397712833545108,0.32800000000000001,0.17528434504792323
3028,defined,780,0.4217948717948718,0.35199999999999998,0.16547112462006086
3029,defined,775,0.40516129032258064,0.31,0.23487261146496818
3030,defined,771,0.40856031128404668,0.33600000000000002,0.17759999999999998
3031,defined,774,0.40956072351421191,0.33400000000000002,0.18449211356466877
3032,defined,796,0.44597989949748745,0.34200000000000003,0.23314929577464782
3033,defined,787,0.38881829733163914,0.314,0.19242483660130716
3034,defined,763,0.41022280471821754,0.318,0.22481150159744401
3035,defined,782,0.42199488491048592,0.32600000000000001,0.22747878787878784
3036,defined,762,0.40944881889763779,0.312,0.23799999999999999
3037,defined,771,0.39299610894941633,0.29999999999999999,0.23663366336633662
3038,defined,771,0.41634241245136189,0.28599999999999998,0.31306542056074771
3039,defined,793,0.39470365699873894,0.312,0.20953354632587851
3040,defined,781,0.41613316261203587,0.33400000000000002,0.19737230769230762
3041,defined,775,0.39741935483870966,0.29599999999999999,0.2551948051948052
3042,defined,785,0.40127388535031849,0.32800000000000001,0.18260317460317466
3043,defined,788,0.39467005076142131,0.29199999999999998,0.26014147909967844
3044,defined,787,0.40660736975857686,0.33400000000000002,0.17856874999999994
3045,defined,779,0.43003851091142492,0.33400000000000002,0.22332537313432832
3046,defined,785,0.40127388535031849,0.318,0.20752380952380955
3047,defined,788,0.42893401015228427,0.33400000000000002,0.22132544378698227
3048,defined,764,0.39528795811518325,0.33000000000000002,0.16516556291390727
3049,defined,797,0.41907151819322458,0.33200000000000002,0.20777245508982034
3050,defined,786,0.41094147582697199,0.32200000000000001,0.21643343653250768
3051,defined,767,0.41590612777053454,0.33000000000000002,0.20655172413793099
3052,defined,768,0.390625,0.318,0.18591999999999997
3053,defined,779,0.38510911424903721,0.314,0.18464666666666663
3054,defined,770,0.42337662337662335,0.318,0.24889570552147233
3055,defined,776,0.39304123711340205,0.29399999999999998,0.25198688524590163
3056,defined,784,0.42091836734693877,0.32400000000000001,0.23025454545454538
3057,defined,765,0.40130718954248368,0.314,0.21755700325732907
3058,defined,777,0.41312741312741313,0.33000000000000002,0.20121495327102801
3059,defined,777,0.41698841698841699,0.32200000000000001,0.22779629629629627
3060,defined,789,0.40811153358681873,0.34999999999999998,0.1423913043478261
3061,defined,786,0.41603053435114506,0.32600000000000001,0.21640366972477065
3062,defined,775,0.42967741935483872,0.34799999999999998,0.19009009009009015
3063,defined,778,0.43444730077120824,0.33000000000000002,0.24041420118343193
3064,defined,785,0.39872611464968155,0.28199999999999997,0.29274760383386589
3065,defined,751,0.41278295605858856,0.316,0.2344645161290323
3066,defined,771,0.41374837872892345,0.35199999999999998,0.14924137931034487
3067,defined,777,0.45045045045045046,0.34999999999999998,0.22300000000000009
3068,defined,765,0.41045751633986927,0.308,0.24961783439490448
3069,defined,777,0.41312741312741313,0.34399999999999997,0.16732710280373841
3070,defined,784,0.43239795918367346,0.32800000000000001,0.2414395280235988
3071,defined,778,0.43573264781491,0.33200000000000002,0.23806489675516218
3072,defined,792,0.41792929292929293,0.318,0.23910574018126884
3073,defined,773,0.43725743855109961,0.34399999999999997,0.2132781065088758
3074,defined,772,0.40544041450777202,0.314,0.22553354632587863
3075,defined,787,0.43329097839898351,0.32600000000000001,0.24761876832844576
3076,defined,786,0.42239185750636132,0.34399999999999997,0.18559036144578323
3077,defined,763,0.41284403669724773,0.33400000000000002,0.1909777777777778
3078,defined,774,0.45090439276485789,0.34599999999999997,0.23265329512893984
3079,defined,783,0.43039591315453385,0.34399999999999997,0.20073590504451044
3080,defined,793,0.40605296343001263,0.29999999999999999,0.26118012422360259
3081,defined,781,0.38412291933418696,0.29999999999999999,0.21900000000000008
3082,defined,773,0.39715394566623546,0.30199999999999999,0.23958957654723134
3083,defined,782,0.40792838874680309,0.312,0.23515987460815047
3084,defined,788,0.38071065989847713,0.31,0.18573333333333331
3085,defined,797,0.40401505646173147,0.30599999999999999,0.24260248447204968
3086,defined,770,0.43246753246753245,0.34599999999999997,0.19993993993993997
3087,defined,790,0.4050632911392405,0.318,0.2149375
3088,defined,786,0.42111959287531808,0.314,0.25436858006042296
3089,defined,791,0.38558786346396967,0.314,0.18565901639344262
3090,defined,777,0.42342342342342343,0.32000000000000001,0.24425531914893617
3091,defined,796,0.41080402010050249,0.312,0.24051376146788983
3092,defined,783,0.41251596424010217,0.33400000000000002,0.1903343653250773
3093,defined,786,0.40966921119592875,0.32000000000000001,0.21888198757763977
3094,defined,794,0.42317380352644834,0.32600000000000001,0.22963095238095232
3095,defined,786,0.39949109414758271,0.32600000000000001,0.18396178343949043
3096,defined,765,0.41437908496732029,0.32000000000000001,0.22776025236593067
3097,defined,770,0.40259740259740262,0.33000000000000002,0.18032258064516127
3098,defined,779,0.41463414634146339,0.32000000000000001,0.22823529411764698
3099,defined,779,0.41335044929396664,0.30199999999999999,0.26938509316770187
3100,defined,774,0.4289405684754522,0.33200000000000002,0.22599999999999998
3101,defined,781,0.42381562099871961,0.33200000000000002,0.2166404833836858
3102,defined,768,0.43359375,0.34399999999999997,0.2066306306306307
3103,defined,771,0.40207522697795073,0.30599999999999999,0.23894838709677424
3104,defined,798,0.41478696741854637,0.32400000000000001,0.21887613293051356
3105,defined,791,0.427307206068268,0.32200000000000001,0.24644378698224845
3106,defined,775,0.41290322580645161,0.32800000000000001,0.20562499999999995
3107,defined,773,0.3984476067270375,0.30199999999999999,0.24205844155844158
3108,defined,773,0.40620957309184996,0.312,0.23192356687898097
3109,defined,785,0.40000000000000002,0.27400000000000002,0.31499999999999995
3110,defined,785,0.41656050955414015,0.32600000000000001,0.21740061162079516
3111,defined,763,0.41415465268676277,0.32600000000000001,0.21285443037974683
3112,defined,801,0.3945068664169788,0.28799999999999998,0.26997468354430387
3113,defined,770,0.39090909090909093,0.28199999999999997,0.27860465116279076
3114,defined,784,0.41326530612244899,0.32200000000000001,0.22083950617283954
3115,defined,780,0.36923076923076925,0.27800000000000002,0.24708333333333332
3116,defined,785,0.40764331210191085,0.34399999999999997,0.15612500000000007
3117,defined,774,0.40568475452196384,0.318,0.21614012738853505
3118,defined,776,0.39690721649484534,0.29799999999999999,0.24919480519480519
3119,defined,793,0.42118537200504413,0.34799999999999998,0.17376047904191627
3120,defined,787,0.42693773824650572,0.318,0.2551607142857143
3121,defined,788,0.41751269035532995,0.32000000000000001,0.23355623100303946
3122,defined,760,0.43552631578947371,0.34799999999999998,0.20096676737160135
3123,defined,768,0.41927083333333331,0.316,0.24631055900621113
3124,defined,757,0.41743725231175693,0.34599999999999997,0.17113291139240516
3125,defined,788,0.4137055837563452,0.33000000000000002,0.20233128834355829
3126,defined,782,0.4053708439897698,0.318,0.21553312302839112
3127,defined,752,0.42021276595744683,0.35399999999999998,0.15756962025316468
3128,defined,773,0.39715394566623546,0.33400000000000002,0.15901628664495115
3129,defined,782,0.41815856777493604,0.34599999999999997,0.17256269113149847
3130,defined,788,0.40228426395939088,0.30199999999999999,0.24928706624605679
3131,defined,790,0.41772151898734178,0.33800000000000002,0.19084848484848482
3132,defined,786,0.41603053435114506,0.34200000000000003,0.17794495412844036
3133,defined,761,0.4375821287779238,0.34000000000000002,0.22300300300300302
3134,defined,803,0.42216687422166876,0.34599999999999997,0.18041887905604725
3135,defined,775,0.43096774193548387,0.32600000000000001,0.24356287425149703
3136,defined,783,0.41379310344827586,0.30399999999999999,0.26533333333333331
3137,defined,780,0.4217948717948718,0.318,0.24607902735562304
3138,defined,788,0.43274111675126903,0.35399999999999998,0.18195894428152493
3139,defined,769,0.41222366710013003,0.314,0.23827760252365926
3140,defined,776,0.42268041237113402,0.33600000000000002,0.20507317073170728
3141,defined,780,0.4128205128205128,0.32200000000000001,0.21999999999999997
3142,defined,779,0.41720154043645702,0.32800000000000001,0.21380923076923075
3143,defined,766,0.40208877284595301,0.308,0.23399999999999999
3144,defined,775,0.39612903225806451,0.29999999999999999,0.24267100977198697
3145,defined,796,0.41457286432160806,0.32600000000000001,0.21364848484848487
3146,defined,782,0.40920716112531969,0.34799999999999998,0.14957500000000001
3147,defined,794,0.42191435768261965,0.34999999999999998,0.17044776119402993
3148,defined,784,0.4017857142857143,0.32200000000000001,0.19857777777777774
3149,defined,796,0.38693467336683418,0.30199999999999999,0.21950649350649354
3150,defined,762,0.41994750656167978,0.34599999999999997,0.17608750000000006
3151,defined,786,0.41857506361323155,0.33000000000000002,0.21161094224924004
3152,defined,782,0.39002557544757033,0.29199999999999998,0.25133114754098362
3153,defined,763,0.44298820445609438,0.35799999999999998,0.19185207100591728
3154,defined,786,0.39949109414758271,0.318,0.20398726114649679
3155,defined,793,0.42118537200504413,0.29999999999999999,0.28772455089820359
3156,defined,792,0.4116161616161616,0.30199999999999999,0.26630674846625768
3157,defined,775,0.42709677419354841,0.34000000000000002,0.20392749244712993
3158,defined,778,0.44601542416452444,0.376,0.15697982708933722
3159,defined,795,0.42515723270440253,0.33600000000000002,0.20970414201183429
3160,defined,774,0.43798449612403101,0.35199999999999998,0.1963185840707965
3161,defined,781,0.39564660691421255,0.32000000000000001,0.19119741100323628
3162,defined,788,0.43908629441624364,0.36399999999999999,0.17100578034682079
3163,defined,798,0.42857142857142855,0.35399999999999998,0.17400000000000004
3164,defined,782,0.43094629156010228,0.35399999999999998,0.17855192878338277
3165,defined,785,0.41146496815286626,0.33000000000000002,0.19798761609907123
3166,defined,810,0.4148148148148148,0.33000000000000002,0.20446428571428565
3167,defined,798,0.39974937343358397,0.30599999999999999,0.23452037617554866
3168,defined,786,0.38676844783715014,0.29199999999999998,0.24502631578947376
3169,defined,779,0.43003851091142492,0.34200000000000003,0.20472238805970144
3170,defined,765,0.38954248366013072,0.316,0.18879194630872487
3171,defined,791,0.40202275600505688,0.32600000000000001,0.18910062893081758
3172,defined,790,0.39367088607594936,0.28999999999999998,0.26334405144694539
3173,defined,755,0.43046357615894038,0.32600000000000001,0.24267692307692301
3174,defined,787,0.40914866581956799,0.312,0.23744099378881989
3175,defined,789,0.43472750316856779,0.34799999999999998,0.1994985422740525
3176,defined,780,0.40512820512820513,0.29599999999999999,0.26936708860759495
3177,defined,798,0.44736842105263158,0.35399999999999998,0.20870588235294119
3178,defined,782,0.43606138107416881,0.35599999999999998,0.18360117302052792
3179,defined,768,0.40625,0.32800000000000001,0.19261538461538463
3180,defined,758,0.38522427440633245,0.29399999999999998,0.23680821917808226
3181,defined,770,0.41818181818181815,0.34399999999999997,0.17739130434782613
3182,defined,800,0.39874999999999999,0.30599999999999999,0.23260188087774292
3183,defined,778,0.39845758354755784,0.30399999999999999,0.2370580645161291
3184,defined,781,0.40845070422535212,0.32600000000000001,0.20186206896551728
3185,defined,774,0.43281653746770027,0.34000000000000002,0.21444776119402986
3186,defined,778,0.41645244215938304,0.33000000000000002,0.20759259259259255
3187,defined,774,0.41860465116279072,0.33400000000000002,0.20211111111111113
3188,defined,761,0.41392904073587383,0.30199999999999999,0.27040634920634921
3189,defined,772,0.40025906735751293,0.32200000000000001,0.19552103559870548
3190,defined,778,0.40874035989717222,0.32600000000000001,0.20242767295597475
3191,defined,791,0.43236409608091025,0.318,0.26450877192982458
3192,defined,769,0.4096228868660598,0.32400000000000001,0.20902857142857134
3193,defined,788,0.4479695431472081,0.35799999999999998,0.20083852691218129
3194,defined,776,0.40463917525773196,0.32200000000000001,0.20422929936305734
3195,defined,787,0.44091486658195678,0.34200000000000003,0.22434005763688747
3196,defined,769,0.42392717815344605,0.33000000000000002,0.22156441717791409
3197,defined,769,0.40442132639791939,0.308,0.23841800643086819
3198,defined,781,0.42893725992317544,0.308,0.28194626865671646
3199,defined,782,0.42710997442455245,0.32800000000000001,0.23204790419161681
3200,defined,767,0.42242503259452413,0.32600000000000001,0.22826543209876538
3201,defined,786,0.41603053435114506,0.32400000000000001,0.22121100917431191
3202,defined,785,0.40000000000000002,0.308,0.23000000000000009
3203,defined,789,0.38656527249683142,0.32200000000000001,0.16702295081967211
3204,defined,772,0.42227979274611399,0.312,0.26115337423312879
3205,defined,776,0.40335051546391754,0.316,0.21656230031948887
3206,defined,770,0.38701298701298703,0.28199999999999997,0.27134228187919474
3207,defined,790,0.43037974683544306,0.30599999999999999,0.28900000000000003
3208,defined,788,0.42893401015228427,0.35599999999999998,0.17003550295857994
3209,defined,787,0.44472681067344344,0.34200000000000003,0.23098857142857132
3210,defined,778,0.40616966580976865,0.30399999999999999,0.25154430379746839
3211,defined,759,0.3702239789196311,0.30599999999999999,0.17347330960854102
3212,defined,782,0.4053708439897698,0.34200000000000003,0.15632807570977902
3213,defined,789,0.39416983523447402,0.28599999999999998,0.27442443729903543
3214,defined,779,0.41720154043645702,0.32600000000000001,0.2186030769230769
3215,defined,780,0.40256410256410258,0.312,0.22496815286624205
3216,defined,768,0.42578125,0.32400000000000001,0.23904587155963297
3217,defined,754,0.43368700265251992,0.34599999999999997,0.20218960244648332
3218,defined,769,0.43433029908972692,0.33800000000000002,0.22179041916167663
3219,defined,797,0.41781681304893348,0.33600000000000002,0.19581981981981977
3220,defined,791,0.38685208596713022,0.30399999999999999,0.21416993464052292
3221,defined,774,0.39276485788113696,0.30199999999999999,0.23109210526315793
3222,defined,782,0.45268542199488493,0.36399999999999999,0.19590960451977402
3223,defined,789,0.43599493029150826,0.33600000000000002,0.22934883720930233
3224,defined,785,0.44840764331210192,0.314,0.29974431818181824
3225,defined,785,0.39872611464968155,0.314,0.21249201277955276
3226,defined,773,0.39974126778783958,0.33000000000000002,0.17446601941747564
3227,defined,780,0.42435897435897435,0.31,0.2694864048338369
3228,defined,773,0.4113842173350582,0.33200000000000002,0.19296855345911945
3229,defined,759,0.42819499341238471,0.32400000000000001,0.24333538461538462
3230,defined,784,0.4375,0.34200000000000003,0.21828571428571419
3231,defined,790,0.42405063291139239,0.33800000000000002,0.20292537313432824
3232,defined,791,0.41340075853350189,0.32400000000000001,0.21625688073394489
3233,defined,796,0.42211055276381909,0.32200000000000001,0.23716666666666664
3234,defined,776,0.3904639175257732,0.314,0.19582838283828385
3235,defined,787,0.4027954256670902,0.32000000000000001,0.20555205047318603
3236,defined,792,0.39898989898989901,0.33600000000000002,0.15787341772151897
3237,defined,763,0.41677588466579291,0.314,0.24659748427672956
3238,defined,793,0.38713745271122318,0.30399999999999999,0.21474918566775247
3239,defined,767,0.38852672750977835,0.32200000000000001,0.17122818791946304
3240,defined,758,0.41820580474934038,0.32000000000000001,0.23482649842271297
3241,defined,783,0.41634738186462322,0.33600000000000002,0.19298159509202439
3242,defined,773,0.41526520051746441,0.30199999999999999,0.27275389408099693
3243,defined,756,0.4060846560846561,0.312,0.23168729641693819
3244,defined,780,0.4128205128205128,0.316,0.23453416149068318
3245,defined,806,0.42431761786600497,0.308,0.27412865497076022
3246,defined,795,0.44402515723270441,0.35799999999999998,0.19373937677053832
3247,defined,770,0.41558441558441561,0.32600000000000001,0.21556249999999999
3248,defined,791,0.43742098609355246,0.32000000000000001,0.26843930635838142
3249,defined,772,0.39637305699481867,0.28999999999999998,0.26836601307189556
3250,defined,789,0.41571609632446133,0.33600000000000002,0.19175609756097556
3251,defined,767,0.41460234680573665,0.308,0.25711949685534596
3252,defined,777,0.41827541827541825,0.34000000000000002,0.18713846153846148
3253,defined,793,0.39722572509457754,0.32600000000000001,0.17930793650793642
3254,defined,783,0.41507024265644954,0.35399999999999998,0.14713230769230767
3255,defined,764,0.43586387434554974,0.35399999999999998,0.18781981981981988
3256,defined,769,0.4174252275682705,0.32000000000000001,0.23339563862928348
3257,defined,770,0.40259740259740262,0.32800000000000001,0.18529032258064515
3258,defined,759,0.40316205533596838,0.32200000000000001,0.2013137254901961
3259,defined,798,0.42731829573934837,0.312,0.26986510263929619
3260,defined,789,0.41191381495564006,0.312,0.24256
3261,defined,776,0.40979381443298968,0.34999999999999998,0.14591194968553467
3262,defined,788,0.42005076142131981,0.38600000000000001,0.081063444108761318
3263,defined,790,0.41645569620253164,0.34799999999999998,0.16437689969604874
3264,defined,776,0.40850515463917525,0.30199999999999999,0.26071924290220816
3265,defined,771,0.39559014267185472,0.29999999999999999,0.24163934426229505
3266,defined,766,0.4177545691906005,0.318,0.23878749999999993
3267,defined,799,0.40675844806007511,0.28399999999999997,0.30179692307692318
3268,defined,778,0.46915167095115679,0.36799999999999999,0.21560547945205477
3269,defined,782,0.38746803069053709,0.31,0.19993399339933993
3270,defined,788,0.42893401015228427,0.34999999999999998,0.18402366863905328
3271,defined,768,0.42838541666666669,0.33600000000000002,0.21565957446808515
3272,defined,779,0.43260590500641849,0.34000000000000002,0.21406528189910978
3273,defined,791,0.38938053097345132,0.29399999999999998,0.24495454545454554
3274,defined,768,0.41666666666666669,0.318,0.23680000000000001
3275,defined,779,0.41720154043645702,0.318,0.23777846153846161
3276,defined,795,0.45031446540880504,0.36199999999999999,0.1961173184357542
3277,defined,781,0.38156209987195905,0.28799999999999998,0.2452080536912753
3278,defined,786,0.38931297709923662,0.28399999999999997,0.27050980392156865
3279,defined,778,0.42802056555269924,0.32600000000000001,0.23835435435435437
3280,defined,797,0.43036386449184444,0.33800000000000002,0.2146180758017493
3281,defined,778,0.44215938303341901,0.36599999999999999,0.17224418604651159
3282,defined,752,0.39760638297872342,0.28799999999999998,0.27566555183946495
3283,defined,776,0.43170103092783507,0.33800000000000002,0.21705074626865672
3284,defined,775,0.40516129032258064,0.33600000000000002,0.17070063694267512
3285,defined,774,0.42118863049095606,0.318,0.24499386503067477
3286,defined,768,0.43619791666666669,0.34200000000000003,0.21595223880597014
3287,defined,787,0.39390088945362134,0.314,0.2028451612903226
3288,defined,786,0.41857506361323155,0.316,0.24505775075987846
3289,defined,787,0.40660736975857686,0.316,0.22283750000000002
3290,defined,793,0.38713745271122318,0.308,0.20441693811074912
3291,defined,772,0.3704663212435233,0.28799999999999998,0.2226013986013986
3292,defined,778,0.39845758354755784,0.316,0.20694193548387096
3293,defined,768,0.40494791666666669,0.30399999999999999,0.24928617363344052
3294,defined,782,0.41432225063938621,0.316,0.23730864197530865
3295,defined,779,0.41463414634146339,0.32800000000000001,0.20894117647058819
3296,defined,788,0.42893401015228427,0.34399999999999997,0.19801183431952674
3297,defined,782,0.41687979539641945,0.314,0.24678527607361966
3298,defined,777,0.42599742599742602,0.36399999999999999,0.14553474320241699
3299,defined,793,0.44640605296343,0.38600000000000001,0.13531638418079095
3300,defined,782,0.36828644501278773,0.28999999999999998,0.21256944444444448
3301,defined,784,0.42474489795918369,0.32000000000000001,0.2466066066066066
3302,defined,788,0.40862944162436549,0.33000000000000002,0.19242236024844717
3303,defined,791,0.40707964601769914,0.29399999999999998,0.2777826086956523
3304,defined,795,0.43522012578616354,0.34000000000000002,0.21878612716763002
3305,defined,755,0.39072847682119205,0.316,0.19125423728813562
3306,defined,767,0.38722294654498046,0.316,0.18393265993265995
3307,defined,767,0.42112125162972619,0.32200000000000001,0.23537461300309592
3308,defined,779,0.44030808729139925,0.34999999999999998,0.20510204081632666
3309,defined,792,0.40404040404040403,0.30199999999999999,0.25255000000000005
3310,defined,772,0.40803108808290156,0.35799999999999998,0.12261587301587307
3311,defined,775,0.40645161290322579,0.32000000000000001,0.21269841269841261
3312,defined,778,0.43059125964010281,0.32200000000000001,0.25219104477611931
3313,defined,789,0.41191381495564006,0.30599999999999999,0.25712615384615389
3314,defined,793,0.42875157629255989,0.32800000000000001,0.23498823529411761
3315,defined,780,0.42820512820512818,0.33800000000000002,0.21065868263473042
3316,defined,795,0.39119496855345914,0.30399999999999999,0.22289389067524124
3317,defined,802,0.42144638403990026,0.33000000000000002,0.21698224852071002
3318,defined,785,0.41910828025477709,0.32000000000000001,0.23647416413373867
3319,defined,783,0.44955300127713921,0.34799999999999998,0.22589772727272728
3320,defined,794,0.45340050377833752,0.34399999999999997,0.24128888888888889
3321,defined,782,0.37468030690537085,0.30599999999999999,0.18330375426621159
3322,defined,781,0.43661971830985913,0.33600000000000002,0.23045161290322569
3323,defined,792,0.38131313131313133,0.29799999999999999,0.21849006622516565
3324,defined,774,0.44186046511627908,0.34399999999999997,0.22147368421052638
3325,defined,801,0.42696629213483145,0.34599999999999997,0.18963157894736848
3326,defined,783,0.40740740740740738,0.318,0.21945454545454535
3327,defined,813,0.42558425584255843,0.35399999999999998,0.16820231213872838
3328,defined,784,0.42602040816326531,0.34399999999999997,0.19252694610778454
3329,defined,798,0.39724310776942356,0.29399999999999998,0.25989905362776033
3330,defined,791,0.4361567635903919,0.34999999999999998,0.197536231884058
3331,defined,791,0.42098609355246525,0.32000000000000001,0.23987987987987991
3332,defined,765,0.4169934640522876,0.34200000000000003,0.17984326018808772
3333,defined,765,0.39738562091503266,0.32200000000000001,0.189703947368421
3334,defined,772,0.39119170984455959,0.29799999999999999,0.23822516556291395
3335,defined,769,0.40442132639791939,0.33400000000000002,0.17412861736334406
3336,defined,788,0.42005076142131981,0.35999999999999999,0.14296072507552871
3337,defined,759,0.42028985507246375,0.32600000000000001,0.22434482758620677
3338,defined,777,0.39382239382239381,0.30599999999999999,0.22299999999999998
3339,defined,769,0.39921976592977892,0.30199999999999999,0.24352442996742674
3340,defined,779,0.40949935815147626,0.34000000000000002,0.16971786833855795
3341,defined,773,0.41267787839586029,0.34799999999999998,0.15672727272727283
3342,defined,790,0.4088607594936709,0.30399999999999999,0.25647058823529412
3343,defined,767,0.4041720990873533,0.30199999999999999,0.25279354838709678
3344,defined,768,0.42317708333333331,0.33000000000000002,0.22018461538461531
3345,defined,760,0.40526315789473683,0.33800000000000002,0.16597402597402588
3346,defined,785,0.43566878980891721,0.35399999999999998,0.18745614035087721
3347,defined,788,0.37436548223350252,0.25600000000000001,0.31617627118644065
3348,defined,789,0.39543726235741444,0.316,0.20088461538461533
3349,defined,769,0.41092327698309494,0.32600000000000001,0.20666455696202535
3350,defined,806,0.43548387096774194,0.34000000000000002,0.21925925925925915
3351,defined,766,0.44516971279373369,0.36599999999999999,0.17784164222873899
3352,defined,790,0.41772151898734178,0.33200000000000002,0.20521212121212118
3353,defined,785,0.37707006369426754,0.30199999999999999,0.1990878378378379
3354,defined,789,0.38403041825095058,0.32600000000000001,0.15110891089108913
3355,defined,783,0.39335887611749681,0.30199999999999999,0.23225324675324677
3356,defined,790,0.45063291139240508,0.34799999999999998,0.22775280898876415
3357,defined,760,0.43815789473684208,0.35999999999999999,0.17837837837837833
3358,defined,786,0.41348600508905853,0.34799999999999998,0.1583753846153847
3359,defined,783,0.41890166028097064,0.34399999999999997,0.17880487804878054
3360,defined,783,0.42145593869731801,0.314,0.25496363636363639
3361,defined,785,0.39490445859872614,0.32000000000000001,0.18967741935483873
3362,defined,794,0.44458438287153651,0.33600000000000002,0.24423796033994327
3363,defined,798,0.42105263157894735,0.34000000000000002,0.19249999999999989
3364,defined,768,0.37369791666666669,0.316,0.15439721254355399
3365,defined,803,0.41718555417185554,0.316,0.24254328358208954
3366,defined,773,0.38551099611901679,0.27600000000000002,0.28406711409395957
3367,defined,800,0.39874999999999999,0.31,0.22257053291536044
3368,defined,767,0.409387222946545,0.316,0.22811464968152873
3369,defined,751,0.43142476697736354,0.33000000000000002,0.23509259259259263
3370,defined,782,0.45012787723785164,0.35599999999999998,0.20911363636363633
3371,defined,784,0.44897959183673469,0.34999999999999998,0.22045454545454546
3372,defined,784,0.40943877551020408,0.318,0.22332710280373835
3373,defined,786,0.39694656488549618,0.28799999999999998,0.27446153846153853
3374,defined,778,0.42802056555269924,0.34399999999999997,0.19630030030030043
3375,defined,780,0.39871794871794874,0.29399999999999998,0.26263665594855312
3376,defined,793,0.39974779319041615,0.29799999999999999,0.25452996845425868
3377,defined,801,0.41073657927590512,0.33600000000000002,0.18195744680851056
3378,defined,777,0.42857142857142855,0.33400000000000002,0.22066666666666657
3379,defined,776,0.39561855670103091,0.30399999999999999,0.23158306188925082
3380,defined,800,0.42249999999999999,0.32400000000000001,0.2331360946745562
3381,defined,777,0.40669240669240669,0.33400000000000002,0.17874050632911387
3382,defined,773,0.41397153945666237,0.316,0.2366625
3383,defined,784,0.37755102040816324,0.308,0.1842162162162162
3384,defined,789,0.37896070975918883,0.29399999999999998,0.22419397993311041
3385,defined,774,0.38501291989664083,0.29599999999999999,0.23119463087248326
3386,defined,773,0.39327296248382926,0.30599999999999999,0.22191447368421058
3387,defined,794,0.41309823677581864,0.318,0.23020731707317077
3388,defined,770,0.42337662337662335,0.36199999999999999,0.14496932515337424
3389,defined,776,0.41881443298969073,0.33200000000000002,0.20728615384615379
3390,defined,782,0.40281329923273657,0.29799999999999999,0.26020317460317466
3391,defined,789,0.43599493029150826,0.34999999999999998,0.19723837209302331
3392,defined,774,0.41989664082687339,0.30599999999999999,0.2712492307692308
3393,defined,784,0.43622448979591838,0.33600000000000002,0.22975438596491227
3394,defined,785,0.41146496815286626,0.30399999999999999,0.26117647058823534
3395,defined,786,0.40839694656488551,0.318,0.22134579439252333
3396,defined,803,0.43088418430884184,0.36199999999999999,0.15986705202312146
3397,defined,786,0.39058524173027992,0.29399999999999998,0.24728338762214996
3398,defined,783,0.40357598978288634,0.28599999999999998,0.29133544303797476
3399,defined,767,0.45241199478487615,0.36599999999999999,0.19100288184438041
3400,defined,773,0.39715394566623546,0.318,0.19930293159609125
3401,defined,787,0.42693773824650572,0.33200000000000002,0.22236904761904752
3402,defined,768,0.40234375,0.31,0.22951456310679608
3403,defined,794,0.43702770780856426,0.33800000000000002,0.22659365994236313
3404,defined,788,0.41624365482233505,0.33600000000000002,0.192780487804878
3405,defined,802,0.43640897755610975,0.34599999999999997,0.2071657142857144
3406,defined,789,0.43726235741444869,0.33600000000000002,0.23158260869565217
3407,defined,788,0.41751269035532995,0.34000000000000002,0.1856534954407294
3408,defined,796,0.43969849246231157,0.33400000000000002,0.2403885714285714
3409,defined,775,0.42193548387096774,0.34999999999999998,0.1704892966360857
3410,defined,784,0.42602040816326531,0.32200000000000001,0.24416766467065865
3411,defined,777,0.40025740025740025,0.312,0.22050160771704175
3412,defined,795,0.40251572327044027,0.28399999999999997,0.29443750000000013
3413,defined,799,0.44180225281602004,0.32400000000000001,0.26664022662889519
3414,defined,779,0.41463414634146339,0.32000000000000001,0.22823529411764698
3415,defined,784,0.41326530612244899,0.34200000000000003,0.1724444444444444
3416,defined,777,0.40283140283140284,0.32400000000000001,0.19569329073482422
3417,defined,766,0.4177545691906005,0.33600000000000002,0.19569999999999987
3418,defined,780,0.42051282051282052,0.34399999999999997,0.18195121951219517
3419,defined,800,0.41625000000000001,0.32800000000000001,0.21201201201201203
3420,defined,786,0.41730279898218831,0.28199999999999997,0.32423170731707329
3421,defined,791,0.39190897597977242,0.34399999999999997,0.12224516129032259
3422,defined,787,0.41931385006353239,0.30399999999999999,0.27500606060606059
3423,defined,776,0.4175257731958763,0.32800000000000001,0.2144197530864197
3424,defined,783,0.39335887611749681,0.312,0.20683116883116881
3425,defined,805,0.41614906832298137,0.33000000000000002,0.20701492537313426
3426,defined,775,0.41290322580645161,0.34200000000000003,0.17171874999999992
3427,defined,762,0.40419947506561682,0.29999999999999999,0.25779220779220791
3428,defined,753,0.39840637450199201,0.312,0.21687999999999996
3429,defined,782,0.37851662404092073,0.27800000000000002,0.26555405405405408
3430,defined,777,0.39124839124839123,0.29399999999999998,0.2485592105263158
3431,defined,784,0.41836734693877553,0.32400000000000001,0.22556097560975608
3432,defined,776,0.42783505154639173,0.33600000000000002,0.21465060240963851
3433,defined,794,0.37279596977329976,0.27200000000000002,0.2703783783783783
3434,defined,766,0.3877284595300261,0.30199999999999999,0.22110437710437714
3435,defined,765,0.41045751633986927,0.30599999999999999,0.25449044585987257
3436,defined,782,0.4373401534526854,0.32400000000000001,0.25915789473684203
3437,defined,776,0.40206185567010311,0.30599999999999999,0.23892307692307702
3438,defined,778,0.40616966580976865,0.35599999999999998,0.12351898734177225
3439,defined,797,0.39648682559598497,0.28999999999999998,0.26857594936708873
3440,defined,780,0.4012820512820513,0.32200000000000001,0.19757188498402556
3441,defined,796,0.435929648241206,0.34000000000000002,0.22005763688760793
3442,defined,794,0.42317380352644834,0.32600000000000001,0.22963095238095232
3443,defined,795,0.4188679245283019,0.32400000000000001,0.2264864864864865
3444,defined,786,0.39058524173027992,0.312,0.20119869706840399
3445,defined,792,0.42424242424242425,0.33000000000000002,0.22214285714285709
3446,defined,782,0.38746803069053709,0.318,0.17928712871287134
3447,defined,778,0.41259640102827766,0.33400000000000002,0.19049221183800624
3448,defined,773,0.37904269081500647,0.28999999999999998,0.23491467576791814
3449,defined,791,0.42604298356510745,0.33800000000000002,0.20665281899109789
3450,defined,788,0.44035532994923859,0.34999999999999998,0.20518731988472627
3451,defined,781,0.38028169014084506,0.29599999999999999,0.22162962962962962
3452,defined,797,0.42659974905897113,0.32400000000000001,0.24050588235294112
3453,defined,790,0.42784810126582279,0.34399999999999997,0.19597633136094683
3454,defined,775,0.41032258064516131,0.32800000000000001,0.20062893081761002
3455,defined,783,0.39080459770114945,0.316,0.19141176470588239
3456,defined,797,0.42659974905897113,0.32600000000000001,0.23581764705882347
3457,defined,777,0.4144144144144144,0.29999999999999999,0.27608695652173909
3458,defined,789,0.40430925221799746,0.33400000000000002,0.17389968652037613
3459,defined,790,0.42025316455696204,0.32200000000000001,0.23379518072289163
3460,defined,796,0.41959798994974873,0.34799999999999998,0.1706347305389222
3461,defined,778,0.39588688946015427,0.32800000000000001,0.17148051948051946
3462,defined,779,0.40693196405648269,0.34799999999999998,0.14482018927444806
3463,defined,787,0.42566709021601018,0.33800000000000002,0.20595223880597013
3464,defined,795,0.41509433962264153,0.34799999999999998,0.16163636363636369
3465,defined,758,0.41029023746701848,0.33200000000000002,0.19081672025723473
3466,defined,774,0.4005167958656331,0.32000000000000001,0.20103225806451619
3467,defined,780,0.40897435897435896,0.33200000000000002,0.18821316614420058
3468,defined,768,0.38541666666666669,0.29599999999999999,0.2320000000000001
3469,defined,793,0.37200504413619168,0.29799999999999999,0.19893559322033905
3470,defined,770,0.44545454545454544,0.35599999999999998,0.20081632653061221
3471,defined,771,0.39948119325551235,0.31,0.22399350649350658
3472,defined,775,0.38193548387096776,0.29799999999999999,0.21976351351351364
3473,defined,787,0.41550190597204573,0.32600000000000001,0.21540672782874615
3474,defined,792,0.39393939393939392,0.318,0.19276923076923069
3475,defined,770,0.41688311688311686,0.32200000000000001,0.22760124610591892
3476,defined,770,0.41558441558441561,0.34200000000000003,0.17706250000000001
3477,defined,795,0.41761006289308178,0.32200000000000001,0.22894578313253011
3478,defined,767,0.42242503259452413,0.33600000000000002,0.20459259259259255
3479,defined,771,0.42671854734111542,0.32200000000000001,0.24540425531914889
3480,defined,790,0.42025316455696204,0.316,0.24807228915662649
3481,defined,769,0.4174252275682705,0.33000000000000002,0.20943925233644856
3482,defined,787,0.41931385006353239,0.33400000000000002,0.20346060606060601
3483,defined,781,0.41357234314980795,0.29799999999999999,0.27944891640866876
3484,defined,766,0.39295039164490864,0.28999999999999998,0.26199335548172764
3485,defined,780,0.41794871794871796,0.308,0.26306748466257668
3486,defined,786,0.42748091603053434,0.32000000000000001,0.25142857142857145
3487,defined,799,0.4455569461827284,0.34399999999999997,0.22793258426966301
3488,defined,796,0.42587939698492461,0.29999999999999999,0.29557522123893809
3489,defined,765,0.42352941176470588,0.36199999999999999,0.14527777777777784
3490,defined,798,0.41729323308270677,0.32000000000000001,0.2331531531531531
3491,defined,785,0.43312101910828027,0.34999999999999998,0.19191176470588245
3492,defined,785,0.38089171974522296,0.27800000000000002,0.270133779264214
3493,defined,767,0.40808344198174706,0.314,0.23054952076677315
3494,defined,795,0.40628930817610065,0.32400000000000001,0.2025386996904025
3495,defined,783,0.40868454661558112,0.32400000000000001,0.20721250000000002
3496,defined,749,0.46194926568758343,0.372,0.19471676300578034
3497,defined,777,0.42213642213642216,0.33400000000000002,0.20878658536585371
3498,defined,774,0.41731266149870799,0.318,0.23798142414860679
3499,defined,785,0.43821656050955415,0.34999999999999998,0.2013081395348838
3500,defined,802,0.42269326683291769,0.34799999999999998,0.17670796460176996
3501,defined,776,0.4265463917525773,0.33000000000000002,0.22634441087613288
3502,defined,752,0.41888297872340424,0.34799999999999998,0.1692190476190476
3503,defined,772,0.41709844559585491,0.34599999999999997,0.17045962732919262
3504,defined,786,0.41984732824427479,0.32200000000000001,0.2330545454545454
3505,defined,774,0.41214470284237725,0.34000000000000002,0.17504702194357358
3506,defined,790,0.41772151898734178,0.32600000000000001,0.21957575757575754
3507,defined,791,0.40834386852085969,0.33200000000000002,0.18695975232198137
3508,defined,773,0.40620957309184996,0.318,0.21715286624203822
3509,defined,780,0.40512820512820513,0.32400000000000001,0.20025316455696196
3510,defined,781,0.40076824583866838,0.314,0.21650479233226838
3511,defined,782,0.40409207161125321,0.32400000000000001,0.19820253164556967
3512,defined,782,0.39514066496163686,0.32400000000000001,0.18003883495145634
3513,defined,792,0.41666666666666669,0.33200000000000002,0.20320000000000005
3514,defined,783,0.41507024265644954,0.33400000000000002,0.19531692307692305
3515,defined,801,0.45692883895131087,0.34599999999999997,0.24277049180327881
3516,defined,785,0.41656050955414015,0.32000000000000001,0.23180428134556574
3517,defined,803,0.41967621419676215,0.33000000000000002,0.21367952522255196
3518,defined,807,0.42503097893432468,0.34000000000000002,0.20005830903790089
3519,defined,777,0.42857142857142855,0.32200000000000001,0.24866666666666659
3520,defined,798,0.40100250626566414,0.34000000000000002,0.15212499999999984
3521,defined,772,0.43005181347150256,0.316,0.26520481927710837
3522,defined,801,0.42821473158551809,0.32600000000000001,0.23869970845481048
3523,defined,783,0.39719029374201786,0.32400000000000001,0.1842700964630225
3524,defined,799,0.41301627033792238,0.33400000000000002,0.19131515151515144
3525,defined,763,0.41284403669724773,0.32800000000000001,0.20551111111111109
3526,defined,782,0.40792838874680309,0.33600000000000002,0.17632601880877741
3527,defined,777,0.42342342342342343,0.34399999999999997,0.18757446808510647
3528,defined,793,0.41614123581336698,0.318,0.23583636363636362
3529,defined,778,0.41516709511568123,0.33600000000000002,0.19068730650154797
3530,defined,787,0.40152477763659467,0.30399999999999999,0.24288607594936706
3531,defined,801,0.40074906367041196,0.32200000000000001,0.1965046728971962
3532,defined,786,0.40330788804071249,0.314,0.2214384858044165
3533,defined,789,0.42078580481622307,0.32600000000000001,0.22525903614457832
3534,defined,776,0.40979381443298968,0.30599999999999999,0.25328301886792448
3535,defined,797,0.42158092848180678,0.35199999999999998,0.16504761904761911
3536,defined,784,0.41709183673469385,0.34399999999999997,0.17524159021406727
3537,defined,787,0.3875476493011436,0.29799999999999999,0.23106229508196729
3538,defined,784,0.43622448979591838,0.32600000000000001,0.25267836257309939
3539,defined,773,0.39586028460543338,0.30599999999999999,0.22699999999999998
3540,defined,784,0.40433673469387754,0.32400000000000001,0.19868769716088319
3541,defined,786,0.40712468193384221,0.32200000000000001,0.20908749999999998
3542,defined,773,0.39586028460543338,0.34200000000000003,0.13605882352941168
3543,defined,794,0.42317380352644834,0.32600000000000001,0.22963095238095232
3544,defined,767,0.39374185136897,0.30199999999999999,0.23299999999999998
3545,defined,773,0.37257438551099614,0.29999999999999999,0.1947916666666667
3546,defined,763,0.42070773263433814,0.33600000000000002,0.20134579439252331
3547,defined,788,0.41751269035532995,0.34000000000000002,0.1856534954407294
3548,defined,768,0.4140625,0.33400000000000002,0.19335849056603771
3549,defined,775,0.40000000000000002,0.31,0.22500000000000009
3550,defined,786,0.44274809160305345,0.37,0.16431034482758622
3551,defined,773,0.41914618369987061,0.29999999999999999,0.28425925925925921
3552,defined,776,0.42396907216494845,0.35399999999999998,0.16503343465045595
3553,defined,755,0.42251655629139073,0.34399999999999997,0.18583072100313491
3554,defined,769,0.42392717815344605,0.34000000000000002,0.1979754601226994
3555,defined,803,0.43212951432129515,0.32600000000000001,0.24559654178674351
3556,defined,782,0.40153452685421998,0.28999999999999998,0.27777070063694276
3557,defined,774,0.3863049095607235,0.28399999999999997,0.26482943143812709
3558,defined,792,0.41666666666666669,0.31,0.25600000000000001
3559,defined,779,0.39666238767650835,0.32400000000000001,0.18318446601941751
3560,defined,790,0.38354430379746834,0.27800000000000002,0.27518151815181513
3561,defined,791,0.40455120101137798,0.32600000000000001,0.19416874999999989
3562,defined,760,0.42499999999999999,0.33000000000000002,0.22352941176470587
3563,defined,790,0.39493670886075949,0.308,0.22012820512820508
3564,defined,791,0.40960809102402024,0.33800000000000002,0.17482098765432097
3565,defined,782,0.4475703324808184,0.34599999999999997,0.22693714285714284
3566,defined,783,0.41123882503192849,0.316,0.23159006211180122
3567,defined,789,0.41064638783269963,0.30199999999999999,0.26457407407407407
3568,defined,786,0.42748091603053434,0.32600000000000001,0.23739285714285707
3569,defined,795,0.39622641509433965,0.318,0.19742857142857151
3570,defined,796,0.39572864321608042,0.316,0.20147301587301591
3571,defined,775,0.39612903225806451,0.29999999999999999,0.24267100977198697
3572,defined,761,0.42444152431011828,0.32800000000000001,0.22721981424148607
3573,defined,783,0.42911877394636017,0.33800000000000002,0.21233928571428573
3574,defined,791,0.39696586599241468,0.33000000000000002,0.16869426751592353
3575,defined,776,0.42139175257731959,0.33400000000000002,0.20738837920489295
3576,defined,767,0.41460234680573665,0.32200000000000001,0.2233522012578617
3577,defined,779,0.41078305519897307,0.32600000000000001,0.20639375000000004
3578,defined,789,0.42332065906210392,0.314,0.25824550898203591
3579,defined,773,0.39068564036222508,0.28999999999999998,0.25771523178807954
3580,defined,787,0.39898348157560354,0.32000000000000001,0.19796178343949034
3581,defined,773,0.41914618369987061,0.318,0.24131481481481476
3582,defined,788,0.38578680203045684,0.29599999999999999,0.23273684210526313
3583,defined,782,0.40153452685421998,0.32200000000000001,0.19807643312101919
3584,defined,785,0.42038216560509556,0.33000000000000002,0.21499999999999997
3585,defined,782,0.42071611253196933,0.30399999999999999,0.27742249240121586
3586,defined,781,0.40717029449423814,0.32200000000000001,0.20917610062893077
3587,defined,785,0.4318471337579618,0.33400000000000002,0.2265781710914454
3588,defined,779,0.41848523748395378,0.314,0.24967484662576689
3589,defined,788,0.41878172588832485,0.33000000000000002,0.21199999999999997
3590,defined,774,0.3979328165374677,0.33200000000000002,0.16568831168831166
3591,defined,778,0.39460154241645246,0.32200000000000001,0.18398697068403913
3592,defined,781,0.39436619718309857,0.308,0.21899999999999997
3593,defined,781,0.41101152368758004,0.34000000000000002,0.17277258566978193
3594,defined,771,0.40726329442282749,0.318,0.21917834394904456
3595,defined,790,0.4012658227848101,0.308,0.23242902208201888
3596,defined,801,0.41198501872659177,0.316,0.23298181818181818
3597,defined,778,0.43059125964010281,0.34599999999999997,0.19645373134328359
3598,defined,797,0.40652446675031367,0.32400000000000001,0.20299999999999996
3599,defined,787,0.3926302414231258,0.31,0.21045307443365702
3600,defined,785,0.41910828025477709,0.32400000000000001,0.2269300911854103
3601,defined,776,0.41365979381443296,0.318,0.23125233644859811
3602,defined,778,0.43573264781491,0.35999999999999999,0.17380530973451325
3603,defined,808,0.41460396039603958,0.34799999999999998,0.16064477611940298
3604,defined,791,0.40581542351453853,0.30599999999999999,0.24596261682242992
3605,defined,786,0.4351145038167939,0.32200000000000001,0.25996491228070173
3606,defined,783,0.3946360153256705,0.314,0.20433009708737859
3607,defined,780,0.41153846153846152,0.29999999999999999,0.2710280373831776
3608,defined,774,0.40180878552971577,0.32800000000000001,0.18369131832797425
3609,defined,787,0.44218551461245237,0.33600000000000002,0.24013793103448278
3610,defined,782,0.40920716112531969,0.32800000000000001,0.1984499999999999
3611,defined,785,0.45222929936305734,0.38200000000000001,0.15529577464788735
3612,defined,798,0.40601503759398494,0.318,0.21677777777777774
3613,defined,790,0.4088607594936709,0.316,0.22712074303405572
3614,defined,771,0.383916990920882,0.29999999999999999,0.21858108108108121
3615,defined,774,0.42248062015503873,0.32200000000000001,0.23783486238532103
3616,defined,791,0.41087231352718079,0.33000000000000002,0.19683076923076925
3617,defined,769,0.42652795838751628,0.34399999999999997,0.19348780487804884
3618,defined,796,0.41080402010050249,0.32600000000000001,0.20643425076452593
3619,defined,775,0.42064516129032259,0.33200000000000002,0.21073619631901841
3620,defined,785,0.44458598726114651,0.36399999999999999,0.18126074498567335
3621,defined,764,0.41361256544502617,0.32000000000000001,0.22632911392405064
3622,defined,772,0.41450777202072536,0.33200000000000002,0.19904999999999995
3623,defined,763,0.41546526867627787,0.29799999999999999,0.28273186119873828
3624,defined,779,0.40564826700898587,0.30599999999999999,0.24565189873417725
3625,defined,770,0.42467532467532465,0.32400000000000001,0.23706422018348616
3626,defined,770,0.40909090909090912,0.318,0.22266666666666668
3627,defined,775,0.3935483870967742,0.30199999999999999,0.23262295081967221
3628,defined,772,0.41450777202072536,0.34599999999999997,0.16527500000000006
3629,defined,790,0.42025316455696204,0.34799999999999998,0.17192771084337355
3630,defined,776,0.41108247422680411,0.34599999999999997,0.15831974921630099
3631,defined,781,0.42253521126760563,0.33200000000000002,0.21426666666666661
3632,defined,780,0.41153846153846152,0.34399999999999997,0.16411214953271036
3633,defined,793,0.41992433795712486,0.33800000000000002,0.19509309309309308
3634,defined,789,0.41064638783269963,0.32400000000000001,0.21099999999999997
3635,defined,759,0.4268774703557312,0.36399999999999999,0.14729629629629626
3636,defined,771,0.41374837872892345,0.33000000000000002,0.2024137931034482
3637,defined,781,0.43149807938540335,0.32000000000000001,0.25839762611275963
3638,defined,785,0.43439490445859874,0.35199999999999998,0.18967741935483884
3639,defined,778,0.41645244215938304,0.31,0.25561728395061734
3640,defined,774,0.41343669250645992,0.32600000000000001,0.21148749999999994
3641,defined,775,0.38967741935483868,0.31,0.20447019867549665
3642,defined,769,0.41222366710013003,0.316,0.23342586750788641
3643,defined,787,0.41550190597204573,0.308,0.25872782874617739
3644,defined,787,0.43202033036848791,0.34200000000000003,0.20837058823529409
3645,defined,785,0.40127388535031849,0.30399999999999999,0.24241269841269852
3646,defined,776,0.40592783505154639,0.32600000000000001,0.19690158730158724
3647,defined,782,0.40920716112531969,0.316,0.22777499999999995
3648,defined,764,0.40445026178010474,0.29199999999999998,0.27803236245954699
3649,defined,794,0.41687657430730479,0.312,0.25157703927492447
3650,defined,783,0.42656449553001274,0.34399999999999997,0.19355688622754497
3651,defined,770,0.40000000000000002,0.32600000000000001,0.18500000000000005
3652,defined,768,0.40234375,0.33200000000000002,0.17483495145631067
3653,defined,786,0.43002544529262088,0.32000000000000001,0.25585798816568051
3654,defined,785,0.40254777070063696,0.308,0.23487341772151904
3655,defined,778,0.41645244215938304,0.31,0.25561728395061734
3656,defined,775,0.42838709677419357,0.32000000000000001,0.25301204819277112
3657,defined,792,0.40530303030303028,0.29999999999999999,0.25981308411214954
3658,defined,792,0.42803030303030304,0.35599999999999998,0.16828318584070801
3659,defined,776,0.41108247422680411,0.32800000000000001,0.20210658307210028
3660,defined,766,0.42950391644908614,0.34799999999999998,0.18976291793313071
3661,defined,775,0.42064516129032259,0.314,0.25352760736196323
3662,defined,780,0.43205128205128207,0.32000000000000001,0.25934718100890208
3663,defined,773,0.4385510996119017,0.34399999999999997,0.21559882005899711
3664,defined,772,0.42357512953367876,0.32800000000000001,0.22563914373088678
3665,defined,780,0.46410256410256412,0.34000000000000002,0.2674033149171271
3666,defined,780,0.41923076923076924,0.32400000000000001,0.22715596330275234
3667,defined,789,0.42965779467680609,0.32800000000000001,0.23660176991150439
3668,defined,781,0.44046094750320103,0.36399999999999999,0.17359302325581394
3669,defined,776,0.39819587628865977,0.30599999999999999,0.23153398058252428
3670,defined,786,0.4020356234096692,0.30399999999999999,0.24384810126582279
3671,defined,785,0.3923566878980892,0.29599999999999999,0.24558441558441568
3672,defined,803,0.42714819427148193,0.34399999999999997,0.19465889212827991
3673,defined,781,0.45966709346991036,0.378,0.17766573816155984
3674,defined,778,0.37146529562982006,0.28799999999999998,0.22469204152249145
3675,defined,782,0.45652173913043476,0.38200000000000001,0.16323809523809518
3676,defined,760,0.4118421052631579,0.314,0.23757188498402559
3677,defined,779,0.42105263157894735,0.35599999999999998,0.15449999999999997
3678,defined,799,0.42052565707133915,0.32600000000000001,0.22477976190476179
3679,defined,778,0.40616966580976865,0.32200000000000001,0.20722784810126582
3680,defined,777,0.42857142857142855,0.32600000000000001,0.23933333333333329
3681,defined,792,0.40277777777777779,0.28999999999999998,0.28000000000000003
3682,defined,777,0.42084942084942084,0.30399999999999999,0.27765137614678903
3683,defined,780,0.4358974358974359,0.34799999999999998,0.20164705882352951
3684,defined,773,0.41397153945666237,0.32600000000000001,0.21250625000000001
3685,defined,763,0.40498034076015726,0.32400000000000001,0.19996116504854367
3686,defined,789,0.44993662864385298,0.37,0.17766197183098598
3687,defined,789,0.41064638783269963,0.34000000000000002,0.17203703703703699
3688,defined,775,0.41032258064516131,0.314,0.23474842767295601
3689,defined,795,0.43144654088050316,0.32600000000000001,0.24440233236151598
3690,defined,768,0.40364583333333331,0.33800000000000002,0.16263225806451609
3691,defined,783,0.41890166028097064,0.31,0.25996951219512199
3692,defined,764,0.41753926701570682,0.32800000000000001,0.21444514106583068
3693,defined,785,0.40254777070063696,0.32600000000000001,0.19015822784810132
3694,defined,779,0.42105263157894735,0.33800000000000002,0.19724999999999993
3695,defined,787,0.43329097839898351,0.34799999999999998,0.19684457478005879
3696,defined,772,0.39119170984455959,0.29199999999999998,0.2535629139072848
3697,defined,792,0.42929292929292928,0.33600000000000002,0.2173176470588235
3698,defined,776,0.4329896907216495,0.32000000000000001,0.26095238095238094
3699,defined,787,0.42566709021601018,0.35799999999999998,0.1589671641791045
3700,defined,780,0.41410256410256413,0.308,0.25622291021671828
3701,defined,786,0.40966921119592875,0.316,0.22864596273291926
3702,defined,783,0.41634738186462322,0.32800000000000001,0.21219631901840486
3703,defined,796,0.43969849246231157,0.33600000000000002,0.23583999999999994
3704,defined,803,0.41469489414694893,0.30199999999999999,0.27175375375375377
3705,defined,777,0.39124839124839123,0.29599999999999999,0.24344736842105263
3706,defined,774,0.43410852713178294,0.34000000000000002,0.21678571428571425
3707,defined,768,0.40625,0.318,0.21723076923076923
3708,defined,777,0.42857142857142855,0.35999999999999999,0.16000000000000003
3709,defined,801,0.44694132334581771,0.35799999999999998,0.19899999999999995
3710,defined,791,0.43236409608091025,0.372,0.1396140350877193
3711,defined,787,0.37992376111817028,0.29599999999999999,0.22089632107023416
3712,defined,794,0.40806045340050379,0.34399999999999997,0.15698765432098771
3713,defined,771,0.3981841763942931,0.32200000000000001,0.19132899022801297
3714,defined,769,0.40182054616384916,0.29999999999999999,0.25339805825242723
3715,defined,789,0.4144486692015209,0.31,0.25201834862385319
3716,defined,777,0.39510939510939513,0.33200000000000002,0.15972638436482089
3717,defined,791,0.44500632111251581,0.34200000000000003,0.23147159090909086
3718,defined,768,0.42057291666666669,0.33200000000000002,0.21060061919504647
3719,defined,774,0.38113695090439276,0.28999999999999998,0.23911864406779659
3720,defined,785,0.38598726114649684,0.29799999999999999,0.22795379537953808
3721,defined,770,0.40259740259740262,0.316,0.21509677419354845
3722,defined,792,0.41035353535353536,0.34799999999999998,0.15195076923076933
3723,defined,803,0.43586550435865506,0.35199999999999998,0.19241142857142868
3724,defined,759,0.40316205533596838,0.316,0.21619607843137256
3725,defined,780,0.4217948717948718,0.35599999999999998,0.15598784194528881
3726,defined,776,0.42010309278350516,0.34999999999999998,0.16687116564417181
3727,defined,798,0.44862155388471175,0.34200000000000003,0.23766480446927363
3728,defined,778,0.43187660668380462,0.308,0.28683333333333338
3729,defined,804,0.4079601990049751,0.312,0.23521951219512194
3730,defined,790,0.40759493670886077,0.34000000000000002,0.16583850931677013
3731,defined,793,0.39974779319041615,0.308,0.2295141955835962
3732,defined,770,0.41688311688311686,0.32000000000000001,0.23239875389408093
3733,defined,795,0.42138364779874216,0.314,0.25483582089552237
3734,defined,791,0.42983565107458915,0.34999999999999998,0.18573529411764711
3735,defined,774,0.4289405684754522,0.35599999999999998,0.17004819277108441
3736,defined,782,0.4053708439897698,0.32400000000000001,0.20073186119873809
3737,defined,789,0.41191381495564006,0.32400000000000001,0.21342769230769232
3738,defined,794,0.40806045340050379,0.29399999999999998,0.27951851851851861
3739,defined,799,0.41802252816020025,0.30199999999999999,0.2775508982035928
3740,defined,775,0.40645161290322579,0.32200000000000001,0.20777777777777773
3741,defined,781,0.43149807938540335,0.32400000000000001,0.24912759643916915
3742,defined,789,0.40811153358681873,0.34200000000000003,0.16199378881987569
3743,defined,787,0.41550190597204573,0.32400000000000001,0.22022018348623851
3744,defined,797,0.41907151819322458,0.32200000000000001,0.23163473053892214
3745,defined,778,0.44087403598971725,0.36599999999999999,0.16983090379008758
3746,defined,751,0.38615179760319573,0.28799999999999998,0.25417931034482766
3747,defined,798,0.41979949874686717,0.32000000000000001,0.23773134328358203
3748,defined,778,0.41002570694087404,0.33000000000000002,0.19517241379310346
3749,defined,780,0.44230769230769229,0.33800000000000002,0.23582608695652163
3750,defined,770,0.41818181818181815,0.32800000000000001,0.21565217391304337
3751,defined,782,0.40153452685421998,0.29599999999999999,0.26282802547770712
3752,defined,776,0.43427835051546393,0.35199999999999998,0.18945994065281901
3753,defined,779,0.41463414634146339,0.32800000000000001,0.20894117647058819
3754,defined,778,0.37789203084832906,0.31,0.17965986394557831
3755,defined,764,0.40183246073298429,0.34799999999999998,0.13396742671009776
3756,defined,788,0.42512690355329952,0.32200000000000001,0.242579104477612
3757,defined,787,0.39517153748411687,0.30399999999999999,0.23071382636655946
3758,defined,789,0.42839036755386567,0.32400000000000001,0.24368047337278109
3759,defined,779,0.41720154043645702,0.34000000000000002,0.18504615384615386
3760,defined,775,0.43096774193548387,0.34599999999999997,0.19715568862275457
3761,defined,775,0.41161290322580646,0.33600000000000002,0.18369905956112853
3762,defined,788,0.39467005076142131,0.29199999999999998,0.26014147909967844
3763,defined,789,0.41698352344740175,0.33800000000000002,0.18941641337386006
3764,defined,777,0.41312741312741313,0.32000000000000001,0.22542056074766359
3765,defined,785,0.39490445859872614,0.29399999999999998,0.25551612903225818
3766,defined,776,0.39561855670103091,0.312,0.21136156351791524
3767,defined,776,0.4265463917525773,0.33400000000000002,0.21696676737160114
3768,defined,771,0.41115434500648507,0.32400000000000001,0.21197476340693999
3769,defined,781,0.38796414852752881,0.314,0.19064686468646863
3770,defined,783,0.42273307790549169,0.34799999999999998,0.17678549848942604
3771,defined,797,0.38770388958594731,0.32200000000000001,0.16946925566343041
3772,defined,786,0.36895674300254455,0.28999999999999998,0.21400000000000008
3773,defined,785,0.38980891719745225,0.312,0.19960784313725499
3774,defined,804,0.42164179104477612,0.33000000000000002,0.21734513274336276
3775,defined,770,0.42337662337662335,0.32800000000000001,0.22527607361963187
3776,defined,790,0.42658227848101266,0.32400000000000001,0.24047477744807122
3777,defined,787,0.4027954256670902,0.316,0.21548264984227128
3778,defined,813,0.40836408364083643,0.308,0.2457710843373494
3779,defined,768,0.38151041666666669,0.30199999999999999,0.20840955631399327
3780,defined,778,0.39845758354755784,0.33800000000000002,0.15172903225806444
3781,defined,804,0.42661691542288555,0.32000000000000001,0.24991253644314859
3782,defined,781,0.39308578745198464,0.32200000000000001,0.18084039087947879
3783,defined,773,0.41267787839586029,0.33000000000000002,0.20034482758620686
3784,defined,791,0.40960809102402024,0.34599999999999997,0.15529012345679016
3785,defined,786,0.41730279898218831,0.32800000000000001,0.21399999999999997
3786,defined,775,0.3935483870967742,0.30399999999999999,0.22754098360655739
3787,defined,783,0.45083014048531289,0.35999999999999999,0.20147308781869688
3788,defined,795,0.42641509433962266,0.34999999999999998,0.17920353982300896
3789,defined,788,0.37563451776649748,0.314,0.1640810810810811
3790,defined,792,0.44191919191919193,0.33200000000000002,0.2487314285714286
3791,defined,790,0.41645569620253164,0.33600000000000002,0.19319148936170205
3792,defined,767,0.37940026075619299,0.29799999999999999,0.21454982817869428
3793,defined,762,0.42913385826771655,0.34399999999999997,0.19838532110091756
3794,defined,779,0.40693196405648269,0.316,0.22345741324921142
3795,defined,791,0.41340075853350189,0.33200000000000002,0.19690519877675838
3796,defined,766,0.40600522193211486,0.32000000000000001,0.21183279742765271
3797,defined,777,0.43500643500643499,0.35799999999999998,0.17702366863905328
3798,defined,786,0.40330788804071249,0.29999999999999999,0.25615141955835974
3799,defined,777,0.44272844272844275,0.33600000000000002,0.24106976744186048
3800,defined,785,0.44968152866242039,0.35799999999999998,0.20388101983002838
3801,defined,786,0.43638676844783714,0.34599999999999997,0.20712536443148688
3802,defined,792,0.4255050505050505,0.33000000000000002,0.22445103857566762
3803,defined,788,0.41243654822335024,0.32600000000000001,0.20957538461538461
3804,defined,773,0.41914618369987061,0.33800000000000002,0.19359876543209864
3805,defined,777,0.40926640926640928,0.33000000000000002,0.19367924528301883
3806,defined,785,0.41783439490445862,0.33000000000000002,0.21021341463414633
3807,defined,791,0.45006321112515801,0.35199999999999998,0.2178876404494382
3808,defined,767,0.39634941329856582,0.318,0.19767763157894735
3809,defined,780,0.37692307692307692,0.28399999999999997,0.24653061224489803
3810,defined,785,0.42675159235668791,0.32800000000000001,0.23140298507462687
3811,defined,780,0.4358974358974359,0.318,0.27047058823529413
3812,defined,777,0.41184041184041181,0.32200000000000001,0.21814374999999997
3813,defined,781,0.38796414852752881,0.30399999999999999,0.21642244224422447
3814,defined,767,0.42112125162972619,0.32600000000000001,0.22587616099071206
3815,defined,781,0.39436619718309857,0.32000000000000001,0.1885714285714285
3816,defined,788,0.43274111675126903,0.35199999999999998,0.18658064516129036
3817,defined,781,0.41869398207426378,0.33800000000000002,0.19272782874617733
3818,defined,776,0.38273195876288657,0.30599999999999999,0.20048484848484849
3819,defined,796,0.41582914572864321,0.31,0.25450151057401815
3820,defined,777,0.41184041184041181,0.33600000000000002,0.18414999999999992
3821,defined,770,0.42857142857142855,0.34399999999999997,0.19733333333333336
3822,defined,784,0.43494897959183676,0.33200000000000002,0.236692082111437
3823,defined,767,0.43415906127770537,0.32000000000000001,0.26294294294294296
3824,defined,787,0.42820838627700125,0.34200000000000003,0.20132344213649844
3825,defined,785,0.42675159235668791,0.34999999999999998,0.17985074626865682
3826,defined,789,0.42839036755386567,0.33800000000000002,0.21099999999999997
3827,defined,767,0.39634941329856582,0.32200000000000001,0.1875855263157894
3828,defined,777,0.42471042471042469,0.32200000000000001,0.24183636363636363
3829,defined,773,0.42820181112548511,0.33200000000000002,0.22466465256797574
3830,defined,791,0.39190897597977242,0.28799999999999998,0.26513548387096775
3831,defined,786,0.39058524173027992,0.29999999999999999,0.23192182410423456
3832,defined,784,0.42346938775510207,0.33000000000000002,0.22072289156626512
3833,defined,782,0.42838874680306904,0.316,0.26235223880597014
3834,defined,775,0.43096774193548387,0.34599999999999997,0.19715568862275457
3835,defined,795,0.42767295597484278,0.33000000000000002,0.22838235294117648
3836,defined,766,0.39947780678851175,0.318,0.20396078431372544
3837,defined,763,0.42463958060288337,0.32200000000000001,0.24170987654320986
3838,defined,781,0.43661971830985913,0.35999999999999999,0.17548387096774187
3839,defined,768,0.4140625,0.308,0.25615094339622646
3840,defined,762,0.39238845144356954,0.32600000000000001,0.16919063545150492
3841,defined,781,0.40076824583866838,0.30399999999999999,0.24145686900958474
3842,defined,771,0.40856031128404668,0.32600000000000001,0.20207619047619041
3843,defined,780,0.41025641025641024,0.32800000000000001,0.2004999999999999
3844,defined,783,0.43295019157088122,0.32400000000000001,0.25164601769911499
3845,defined,784,0.42346938775510207,0.33000000000000002,0.22072289156626512
3846,defined,795,0.40628930817610065,0.32000000000000001,0.21238390092879256
3847,defined,783,0.42911877394636017,0.33400000000000002,0.22166071428571421
3848,defined,799,0.39549436795994991,0.29999999999999999,0.2414556962025316
3849,defined,811,0.39334155363748458,0.312,0.2067962382445141
3850,defined,785,0.41273885350318473,0.308,0.25376543209876545
3851,defined,768,0.43098958333333331,0.34000000000000002,0.21111782477341379
3852,defined,784,0.44897959183673469,0.36799999999999999,0.18036363636363639
3853,defined,785,0.41528662420382167,0.33600000000000002,0.19092024539877295
3854,defined,779,0.43902439024390244,0.36399999999999999,0.17088888888888887
3855,defined,768,0.41796875,0.33600000000000002,0.19611214953271028
3856,defined,775,0.41290322580645161,0.32600000000000001,0.21046874999999998
3857,defined,759,0.40974967061923584,0.31,0.24344051446945336
3858,defined,752,0.42686170212765956,0.34000000000000002,0.20348909657320868
3859,defined,778,0.38946015424164526,0.30399999999999999,0.21943234323432348
3860,defined,770,0.43246753246753245,0.34200000000000003,0.20918918918918905
3861,defined,771,0.41893644617380027,0.34000000000000002,0.18842105263157893
3862,defined,775,0.42709677419354841,0.34799999999999998,0.18519637462235661
3863,defined,777,0.40797940797940796,0.34799999999999998,0.14701577287066248
3864,defined,794,0.42191435768261965,0.33000000000000002,0.21785074626865664
3865,defined,784,0.40433673469387754,0.312,0.22836593059936905
3866,defined,775,0.43612903225806454,0.33000000000000002,0.24334319526627224
3867,defined,785,0.39490445859872614,0.30599999999999999,0.22512903225806458
3868,defined,792,0.44823232323232326,0.36799999999999999,0.17899718309859158
3869,defined,778,0.40745501285347041,0.29399999999999998,0.27844794952681384
3870,defined,778,0.41388174807197942,0.32200000000000001,0.22199999999999998
3871,defined,779,0.41335044929396664,0.34599999999999997,0.16293788819875787
3872,defined,806,0.39950372208436724,0.32600000000000001,0.18398757763975149
3873,defined,786,0.40966921119592875,0.31,0.24329192546583855
3874,defined,779,0.43774069319640563,0.34000000000000002,0.22328445747800574
3875,defined,778,0.42159383033419023,0.32800000000000001,0.22199999999999998
3876,defined,779,0.38896020539152759,0.32000000000000001,0.1772937293729373
3877,defined,790,0.4012658227848101,0.33400000000000002,0.16763406940063086
3878,defined,773,0.43078913324708928,0.34000000000000002,0.21075075075075078
3879,defined,782,0.42455242966751916,0.32400000000000001,0.23684337349397588
3880,defined,773,0.40879689521345408,0.32800000000000001,0.19764556962025315
3881,defined,778,0.43316195372750643,0.35199999999999998,0.18737091988130572
3882,defined,782,0.41176470588235292,0.33600000000000002,0.18399999999999994
3883,defined,799,0.392991239048811,0.30199999999999999,0.23153503184713375
3884,defined,782,0.39514066496163686,0.28199999999999997,0.28633009708737878
3885,defined,796,0.43090452261306533,0.314,0.27130029154518953
3886,defined,779,0.40179717586649549,0.31,0.22846645367412144
3887,defined,784,0.40433673469387754,0.32200000000000001,0.20363406940063089
3888,defined,782,0.43350383631713557,0.33800000000000002,0.22030678466076692
3889,defined,777,0.38352638352638352,0.28000000000000003,0.26993288590604014
3890,defined,781,0.42509603072983354,0.33600000000000002,0.20959036144578302
3891,defined,766,0.36422976501305482,0.27600000000000002,0.24223655913978481
3892,defined,792,0.40404040404040403,0.30599999999999999,0.24265000000000003
3893,defined,765,0.4065359477124183,0.32000000000000001,0.21286173633440508
3894,defined,797,0.40150564617314932,0.33000000000000002,0.17809374999999994
3895,defined,770,0.39610389610389612,0.29999999999999999,0.24262295081967222
3896,defined,788,0.39593908629441626,0.32000000000000001,0.19179487179487187
3897,defined,785,0.43312101910828027,0.34599999999999997,0.20114705882352946
3898,defined,776,0.40721649484536082,0.32000000000000001,0.21417721518987343
3899,defined,782,0.45140664961636828,0.35799999999999998,0.20692351274787535
3900,defined,788,0.41243654822335024,0.32000000000000001,0.22412307692307687
3901,defined,783,0.43550446998722858,0.32200000000000001,0.26062756598240466
3902,defined,783,0.38058748403575987,0.28000000000000003,0.26429530201342266
3903,defined,774,0.40439276485788112,0.316,0.21858146964856229
3904,defined,795,0.4037735849056604,0.308,0.23719626168224306
3905,defined,781,0.41357234314980795,0.32000000000000001,0.22625386996904029
3906,defined,806,0.4292803970223325,0.34200000000000003,0.2033179190751444
3907,defined,771,0.41115434500648507,0.34599999999999997,0.15846687697160888
3908,defined,778,0.43573264781491,0.34999999999999998,0.19675516224188794
3909,defined,773,0.41655886157826649,0.316,0.24140372670807453
3910,defined,783,0.43167305236270753,0.32400000000000001,0.24943195266272189
3911,defined,792,0.41035353535353536,0.316,0.22993230769230766
3912,defined,766,0.41906005221932113,0.32000000000000001,0.23638629283489088
3913,defined,764,0.40183246073298429,0.30599999999999999,0.23848859934853417
3914,defined,770,0.40259740259740262,0.318,0.21012903225806456
3915,defined,771,0.40077821011673154,0.32200000000000001,0.19656310679611655
3916,defined,780,0.37820512820512819,0.28000000000000003,0.25966101694915245
3917,defined,768,0.38932291666666669,0.308,0.20888294314381273
3918,defined,766,0.43994778067885115,0.34599999999999997,0.21354302670623149
3919,defined,771,0.42671854734111542,0.34000000000000002,0.20322188449848011
3920,defined,798,0.42606516290726815,0.35999999999999999,0.1550588235294118
3921,defined,781,0.40204865556978231,0.32800000000000001,0.18417834394904453
3922,defined,786,0.41730279898218831,0.318,0.23796341463414639
3923,defined,781,0.39052496798975672,0.312,0.20107540983606553
3924,defined,764,0.40183246073298429,0.32800000000000001,0.18373941368078173
3925,defined,787,0.42185514612452352,0.34200000000000003,0.18929518072289153
3926,defined,773,0.41267787839586029,0.32600000000000001,0.21003761755485895
3927,defined,787,0.41804320203303685,0.32400000000000001,0.22496048632218846
3928,defined,789,0.40937896070975921,0.33000000000000002,0.1939009287925697
3929,defined,758,0.3970976253298153,0.29599999999999999,0.25459136212624589
3930,defined,775,0.40774193548387094,0.33400000000000002,0.18085443037974669
3931,defined,790,0.41012658227848103,0.314,0.23438271604938277
3932,defined,793,0.42370744010088274,0.33600000000000002,0.20699999999999996
3933,defined,797,0.40903387703889588,0.33200000000000002,0.18833128834355828
3934,defined,800,0.40875,0.312,0.23669724770642198
3935,defined,784,0.41964285714285715,0.312,0.25651063829787235
3936,defined,777,0.41827541827541825,0.29799999999999999,0.28755076923076928
3937,defined,763,0.40629095674967236,0.35599999999999998,0.12378064516129039
3938,defined,762,0.43307086614173229,0.316,0.27032727272727275
3939,defined,789,0.41191381495564006,0.32600000000000001,0.20857230769230772
3940,defined,789,0.39670468948035487,0.30599999999999999,0.22864536741214059
3941,defined,778,0.41516709511568123,0.32000000000000001,0.22922600619195044
3942,defined,784,0.42729591836734693,0.32800000000000001,0.23238208955223871
3943,defined,776,0.41365979381443296,0.32800000000000001,0.20707788161993756
3944,defined,799,0.40175219023779724,0.312,0.2234018691588785
3945,defined,771,0.38002594033722437,0.316,0.1684778156996587
3946,defined,792,0.43308080808080807,0.34599999999999997,0.20107288629737607
3947,defined,768,0.40364583333333331,0.32400000000000001,0.19731612903225804
3948,defined,794,0.41309823677581864,0.32800000000000001,0.20599999999999996
3949,defined,769,0.41092327698309494,0.318,0.2261329113924051
3950,defined,799,0.41051314142678347,0.316,0.2302317073170731
3951,defined,796,0.43844221105527637,0.32800000000000001,0.25189684813753577
3952,defined,770,0.40129870129870132,0.314,0.2175404530744337
3953,defined,783,0.42784163473818648,0.32600000000000001,0.23803582089552244
3954,defined,788,0.4137055837563452,0.32800000000000001,0.20716564417177918
3955,defined,767,0.42242503259452413,0.33800000000000002,0.19985802469135794
3956,defined,766,0.39947780678851175,0.33600000000000002,0.15890196078431362
3957,defined,775,0.40129032258064518,0.29799999999999999,0.25739549839228304
3958,defined,789,0.40937896070975921,0.29199999999999998,0.28672445820433445
3959,defined,770,0.39870129870129872,0.29799999999999999,0.25257328990228023
3960,defined,781,0.40717029449423814,0.32000000000000001,0.21408805031446532
3961,defined,778,0.45115681233933164,0.35999999999999999,0.20205128205128209
3962,defined,779,0.43774069319640563,0.34000000000000002,0.22328445747800574
3963,defined,788,0.39340101522842641,0.29999999999999999,0.23741935483870968
3964,defined,781,0.41613316261203587,0.30199999999999999,0.27427076923076932
3965,defined,766,0.41122715404699739,0.33400000000000002,0.18779682539682541
3966,defined,791,0.4336283185840708,0.32400000000000001,0.25281632653061226
3967,defined,777,0.39768339768339767,0.29399999999999998,0.26071844660194177
3968,defined,783,0.42528735632183906,0.33200000000000002,0.21935135135135131
3969,defined,785,0.40254777070063696,0.34200000000000003,0.15041139240506329
3970,defined,779,0.41078305519897307,0.32000000000000001,0.22100000000000009
3971,defined,770,0.40389610389610392,0.34399999999999997,0.14829581993569141
3972,defined,777,0.42084942084942084,0.34399999999999997,0.18260550458715596
3973,defined,773,0.41267787839586029,0.33600000000000002,0.18580564263322874
3974,defined,775,0.41548387096774192,0.30599999999999999,0.2635093167701863
3975,defined,785,0.43439490445859874,0.34200000000000003,0.2126979472140762
3976,defined,759,0.4163372859025033,0.33000000000000002,0.20737341772151896
3977,defined,776,0.42783505154639173,0.35199999999999998,0.17725301204819277
3978,defined,763,0.41153342070773263,0.31,0.24671974522292994
3979,defined,776,0.39690721649484534,0.30599999999999999,0.22903896103896104
3980,defined,787,0.42566709021601018,0.34599999999999997,0.18715820895522395
3981,defined,778,0.41773778920308485,0.34000000000000002,0.18609230769230767
3982,defined,760,0.39473684210526316,0.29799999999999999,0.24506666666666677
3983,defined,794,0.39672544080604533,0.32000000000000001,0.19339682539682534
3984,defined,788,0.43147208121827413,0.33800000000000002,0.21663529411764704
3985,defined,793,0.42118537200504413,0.33600000000000002,0.20225149700598799
3986,defined,771,0.4150453955901427,0.28599999999999998,0.31091875000000013
3987,defined,786,0.42875318066157758,0.33400000000000002,0.2209970326409495
3988,defined,779,0.40821566110397944,0.32200000000000001,0.21120125786163513
3989,defined,780,0.40512820512820513,0.34200000000000003,0.15582278481012657
3990,defined,768,0.44661458333333331,0.378,0.15363265306122442
3991,defined,775,0.42838709677419357,0.316,0.26234939759036147
3992,defined,774,0.41085271317829458,0.318,0.22599999999999998
3993,defined,771,0.41374837872892345,0.32200000000000001,0.22174921630094035
3994,defined,777,0.4144144144144144,0.318,0.23265217391304349
3995,defined,781,0.43661971830985913,0.36199999999999999,0.17090322580645156
3996,defined,789,0.39163498098859317,0.31,0.20844660194174758
3997,defined,791,0.41845764854614415,0.35799999999999998,0.14447734138972823
3998,defined,787,0.39390088945362134,0.30399999999999999,0.22823225806451608
3999,defined,770,0.41558441558441561,0.312,0.24925000000000008
4000,defined,785,0.4140127388535032,0.33000000000000002,0.20292307692307687
4001,defined,783,0.39335887611749681,0.318,0.19157792207792212
4002,defined,791,0.43489254108723135,0.34599999999999997,0.20440116279069775
4003,defined,786,0.40076335877862596,0.29399999999999998,0.26640000000000008
4004,defined,775,0.41290322580645161,0.318,0.22984375000000001
4005,defined,779,0.40693196405648269,0.34399999999999997,0.15464984227129353
4006,defined,778,0.41645244215938304,0.33000000000000002,0.20759259259259255
4007,defined,796,0.43216080402010049,0.33600000000000002,0.22251162790697665
4008,defined,781,0.40460947503201022,0.33200000000000002,0.17945569620253154
4009,defined,788,0.41243654822335024,0.33000000000000002,0.19987692307692306
4010,defined,785,0.41528662420382167,0.29799999999999999,0.2824233128834357
4011,defined,774,0.40568475452196384,0.33400000000000002,0.17670063694267513
4012,defined,806,0.41563275434243174,0.33800000000000002,0.18678208955223874
4013,defined,788,0.44289340101522845,0.34999999999999998,0.20974212034383966
4014,defined,776,0.4484536082474227,0.35199999999999998,0.21508045977011503
4015,defined,770,0.41038961038961042,0.32000000000000001,0.22025316455696209
4016,defined,785,0.40509554140127391,0.314,0.22487421383647799
4017,defined,789,0.40430925221799746,0.308,0.23820689655172411
4018,defined,763,0.41153342070773263,0.318,0.22728025477707003
4019,defined,784,0.42091836734693877,0.33800000000000002,0.19699393939393928
4020,defined,791,0.43994943109987356,0.33000000000000002,0.24991379310344819
4021,defined,785,0.41019108280254779,0.31,0.24425465838509319
4022,defined,770,0.41558441558441561,0.32600000000000001,0.21556249999999999
4023,defined,782,0.38491048593350385,0.27800000000000002,0.27775415282392024
4024,defined,782,0.43478260869565216,0.33600000000000002,0.22719999999999996
4025,defined,786,0.3944020356234097,0.316,0.19878709677419359
4026,defined,785,0.41146496815286626,0.318,0.22715170278637775
4027,defined,788,0.39847715736040606,0.314,0.21199999999999997
4028,defined,782,0.41687979539641945,0.314,0.24678527607361966
4029,defined,782,0.42071611253196933,0.34999999999999998,0.1680851063829788
4030,defined,790,0.43037974683544306,0.34799999999999998,0.19141176470588239
4031,defined,775,0.39870967741935481,0.318,0.20242718446601937
4032,defined,785,0.40636942675159238,0.32800000000000001,0.1928526645768025
4033,defined,782,0.42583120204603581,0.32600000000000001,0.23443843843843837
4034,defined,797,0.39648682559598497,0.28599999999999998,0.27866455696202541
4035,defined,774,0.43669250645994834,0.34799999999999998,0.20310059171597639
4036,defined,783,0.41379310344827586,0.318,0.23149999999999993
4037,defined,770,0.41558441558441561,0.33000000000000002,0.2059375
4038,defined,795,0.40125786163522015,0.32400000000000001,0.19253918495297806
4039,defined,772,0.40414507772020725,0.33000000000000002,0.18346153846153845
4040,defined,789,0.40177439797211661,0.33800000000000002,0.15873186119873817
4041,defined,782,0.39258312020460356,0.29999999999999999,0.23583061889250811
4042,defined,783,0.37292464878671777,0.28799999999999998,0.22772602739726033
4043,defined,792,0.4116161616161616,0.28799999999999998,0.30031901840490804
4044,defined,783,0.40357598978288634,0.32200000000000001,0.20213291139240508
4045,defined,794,0.44206549118387911,0.34999999999999998,0.20826210826210834
4046,defined,788,0.39593908629441626,0.31,0.2170512820512821
4047,defined,774,0.40956072351421191,0.314,0.23332492113564673
4048,defined,769,0.45253576072821844,0.35199999999999998,0.22216091954022987
4049,defined,783,0.3946360153256705,0.28599999999999998,0.27528155339805827
4050,defined,796,0.40703517587939697,0.308,0.24330864197530866
4051,defined,794,0.39798488664987408,0.318,0.20097468354430381
4052,defined,763,0.38925294888597639,0.308,0.20874074074074067
4053,defined,787,0.43329097839898351,0.312,0.27992961876832845
4054,defined,784,0.4375,0.34799999999999998,0.20457142857142863
4055,defined,786,0.40966921119592875,0.308,0.24817391304347824
4056,defined,783,0.45977011494252873,0.34000000000000002,0.26049999999999995
4057,defined,779,0.45057766367137353,0.35399999999999998,0.21434188034188029
4058,defined,782,0.41432225063938621,0.33200000000000002,0.1986913580246914
4059,defined,762,0.40157480314960631,0.316,0.21309803921568626
4060,defined,763,0.39973787680209699,0.29799999999999999,0.2545114754098361
4061,defined,778,0.40745501285347041,0.30199999999999999,0.25881388012618289
4062,defined,778,0.41131105398457585,0.312,0.24145000000000005
4063,defined,782,0.39386189258312021,0.312,0.20784415584415583
4064,defined,781,0.43661971830985913,0.34200000000000003,0.21670967741935476
4065,defined,804,0.43781094527363185,0.35399999999999998,0.1914318181818182
4066,defined,766,0.42689295039164493,0.32800000000000001,0.23165749235474009
4067,defined,768,0.39583333333333331,0.29599999999999999,0.25221052631578944
4068,defined,797,0.46298619824341281,0.36599999999999999,0.20947967479674801
4069,defined,775,0.43483870967741933,0.34200000000000003,0.21350148367952515
4070,defined,770,0.38311688311688313,0.28399999999999997,0.25871186440677973
4071,defined,785,0.39490445859872614,0.318,0.19474193548387098
4072,defined,782,0.40920716112531969,0.32400000000000001,0.20822499999999999
4073,defined,785,0.38216560509554143,0.29399999999999998,0.23070000000000013
4074,defined,780,0.39358974358974358,0.29399999999999998,0.25302931596091205
4075,defined,784,0.41964285714285715,0.34399999999999997,0.18025531914893622
4076,defined,767,0.44328552803129073,0.35599999999999998,0.19690588235294115
4077,defined,777,0.43629343629343631,0.36599999999999999,0.16111504424778766
4078,defined,774,0.39922480620155038,0.30599999999999999,0.23351456310679608
4079,defined,767,0.37548891786179922,0.28199999999999997,0.24897916666666675
4080,defined,763,0.42070773263433814,0.34399999999999997,0.18233021806853589
4081,defined,781,0.40973111395646605,0.30199999999999999,0.26293124999999995
4082,defined,777,0.41055341055341055,0.33000000000000002,0.19620689655172407
4083,defined,789,0.42078580481622307,0.32600000000000001,0.22525903614457832
4084,defined,770,0.43246753246753245,0.32400000000000001,0.2508108108108108
4085,defined,792,0.38762626262626265,0.28000000000000003,0.27765472312703576
4086,defined,774,0.41602067183462532,0.32600000000000001,0.21638509316770183
4087,defined,791,0.4222503160556258,0.32400000000000001,0.23268263473053896
4088,defined,783,0.41251596424010217,0.32200000000000001,0.21942414860681114
4089,defined,770,0.42207792207792205,0.32600000000000001,0.22763076923076919
4090,defined,771,0.42542153047989623,0.31,0.27131097560975603
4091,defined,768,0.4453125,0.35799999999999998,0.19607017543859651
4092,defined,777,0.38481338481338484,0.28199999999999997,0.2671772575250837
4093,defined,770,0.43116883116883115,0.33600000000000002,0.22072289156626501
4094,defined,782,0.41304347826086957,0.318,0.2301052631578947
4095,defined,774,0.39664082687338503,0.32400000000000001,0.18314006514657977
4096,defined,773,0.39197930142302717,0.29999999999999999,0.23465346534653464
4097,defined,782,0.40281329923273657,0.31,0.2304126984126984
4098,defined,775,0.39612903225806451,0.28999999999999998,0.26791530944625408
4099,defined,782,0.41432225063938621,0.32400000000000001,0.21799999999999997
4100,defined,780,0.39615384615384613,0.30199999999999999,0.23766990291262136
4101,defined,784,0.4017857142857143,0.30599999999999999,0.23840000000000006
4102,defined,778,0.40874035989717222,0.33400000000000002,0.18285534591194963
4103,defined,779,0.4338896020539153,0.318,0.26709467455621305
4104,defined,770,0.45064935064935063,0.34799999999999998,0.22778097982708934
4105,defined,773,0.42561448900388099,0.318,0.25284498480243156
4106,defined,802,0.4077306733167082,0.30399999999999999,0.25440978593272168
4107,defined,771,0.40726329442282749,0.33000000000000002,0.18971337579617831
4108,defined,790,0.40253164556962023,0.32600000000000001,0.19012578616352194
4109,defined,773,0.4424320827943079,0.35399999999999998,0.19987719298245621
4110,defined,784,0.40816326530612246,0.32000000000000001,0.21599999999999997
4111,defined,787,0.42693773824650572,0.33600000000000002,0.21299999999999997
4112,defined,781,0.40204865556978231,0.29599999999999999,0.26377070063694263
4113,defined,764,0.41361256544502617,0.316,0.23599999999999999
4114,defined,764,0.40837696335078533,0.314,0.23110256410256402
4115,defined,783,0.40229885057471265,0.314,0.21948571428571428
4116,defined,791,0.41340075853350189,0.32200000000000001,0.22109480122324154
4117,defined,763,0.38532110091743121,0.27400000000000002,0.28890476190476189
4118,defined,783,0.38441890166028098,0.318,0.17277740863787372
4119,defined,769,0.42522756827048114,0.314,0.26157186544342503
4120,defined,793,0.42622950819672129,0.30599999999999999,0.282076923076923
4121,defined,776,0.4265463917525773,0.34599999999999997,0.18883383685800603
4122,defined,795,0.39496855345911952,0.27800000000000002,0.2961464968152866
4123,defined,754,0.39522546419098142,0.30199999999999999,0.23587919463087248
4124,defined,798,0.41979949874686717,0.314,0.25202388059701497
4125,defined,783,0.40485312899106002,0.34799999999999998,0.14042902208201902
4126,defined,783,0.42784163473818648,0.33400000000000002,0.2193373134328358
4127,defined,790,0.39240506329113922,0.30199999999999999,0.23038709677419356
4128,defined,785,0.45222929936305734,0.36799999999999999,0.18625352112676063
4129,defined,789,0.41951837769328265,0.30599999999999999,0.27059214501510576
4130,defined,773,0.40750323415265199,0.32000000000000001,0.21473015873015866
4131,defined,788,0.43147208121827413,0.33800000000000002,0.21663529411764704
4132,defined,778,0.42930591259640105,0.35199999999999998,0.18007185628742528
4133,defined,807,0.43866171003717475,0.37,0.15652542372881362
4134,defined,778,0.39588688946015427,0.312,0.21189610389610392
4135,defined,790,0.42151898734177218,0.33600000000000002,0.20288288288288292
4136,defined,761,0.41787122207621552,0.32200000000000001,0.22942767295597488
4137,defined,781,0.42509603072983354,0.32200000000000001,0.24252409638554218
4138,defined,789,0.43599493029150826,0.36399999999999999,0.16512790697674429
4139,defined,769,0.40832249674902471,0.318,0.2212038216560509
4140,defined,773,0.4204398447606727,0.29999999999999999,0.28646153846153843
4141,defined,777,0.41312741312741313,0.318,0.23026168224299071
4142,defined,760,0.40921052631578947,0.316,0.22778135048231507
4143,defined,791,0.40960809102402024,0.31,0.24317901234567907
4144,defined,803,0.42092154420921546,0.29799999999999999,0.29202958579881666
4145,defined,806,0.39826302729528534,0.32400000000000001,0.18646728971962612
4146,defined,779,0.40179717586649549,0.30599999999999999,0.23842172523961658
4147,defined,780,0.43333333333333335,0.308,0.28923076923076929
4148,defined,805,0.42608695652173911,0.33200000000000002,0.22081632653061212
4149,defined,781,0.42381562099871961,0.316,0.254392749244713
4150,defined,780,0.4128205128205128,0.32400000000000001,0.21515527950310553
4151,defined,759,0.40447957839262189,0.316,0.21874918566775248
4152,defined,767,0.40677966101694918,0.308,0.24283333333333335
4153,defined,795,0.44025157232704404,0.32600000000000001,0.2595142857142857
4154,defined,788,0.41116751269035534,0.32000000000000001,0.22172839506172837
4155,defined,784,0.41198979591836737,0.34599999999999997,0.16017337461300318
4156,defined,773,0.41526520051746441,0.314,0.24385669781931463
4157,defined,763,0.38794233289646135,0.314,0.19060135135135137
4158,defined,785,0.42165605095541403,0.34000000000000002,0.19365558912386704
4159,defined,782,0.39002557544757033,0.314,0.19492459016393437
4160,defined,792,0.40909090909090912,0.318,0.22266666666666668
4161,defined,787,0.40660736975857686,0.318,0.21791874999999994
4162,defined,764,0.41623036649214662,0.30199999999999999,0.2744402515723271
4163,defined,788,0.43781725888324874,0.34200000000000003,0.21885217391304346
4164,defined,777,0.40926640926640928,0.33000000000000002,0.19367924528301883
4165,defined,790,0.41772151898734178,0.32200000000000001,0.22915151515151511
4166,defined,805,0.40248447204968946,0.31,0.22978395061728396
4167,defined,767,0.41329856584093871,0.33600000000000002,0.18702839116719239
4168,defined,777,0.42084942084942084,0.33000000000000002,0.21587155963302751
4169,defined,765,0.4287581699346405,0.318,0.2583231707317073
4170,defined,789,0.44740177439797213,0.33400000000000002,0.25346742209631723
4171,defined,786,0.39567430025445294,0.31,0.21652733118971068
4172,defined,782,0.39002557544757033,0.318,0.18466885245901632
4173,defined,786,0.40076335877862596,0.29799999999999999,0.25641904761904766
4174,defined,787,0.40152477763659467,0.29799999999999999,0.25782911392405072
4175,defined,780,0.36666666666666664,0.30599999999999999,0.16545454545454541
4176,defined,799,0.40926157697121401,0.314,0.23276452599388375
4177,defined,776,0.41881443298969073,0.318,0.24071384615384617
4178,defined,760,0.41710526315789476,0.318,0.23760252365930601
4179,defined,775,0.40774193548387094,0.32200000000000001,0.21028481012658218
4180,defined,782,0.42966751918158569,0.31,0.27851190476190479
4181,defined,763,0.40366972477064222,0.32200000000000001,0.20231818181818184
4182,defined,793,0.44514501891551073,0.35599999999999998,0.20026062322946181
4183,defined,787,0.37865311308767469,0.318,0.16018120805369118
4184,defined,785,0.41273885350318473,0.32200000000000001,0.21984567901234564
4185,defined,781,0.45198463508322662,0.32800000000000001,0.27431161473087817
4186,defined,778,0.40745501285347041,0.308,0.24408832807570979
4187,defined,794,0.37279596977329976,0.27800000000000002,0.2542837837837838
4188,defined,798,0.40977443609022557,0.30199999999999999,0.26300917431192661
4189,defined,773,0.40879689521345408,0.32400000000000001,0.20743037974683542
4190,defined,779,0.40821566110397944,0.308,0.24549685534591192
4191,defined,779,0.41848523748395378,0.32400000000000001,0.22577914110429442
4192,defined,779,0.40308087291399231,0.33600000000000002,0.16642038216560506
4193,defined,791,0.41719342604298354,0.29999999999999999,0.28090909090909089
4194,defined,784,0.41964285714285715,0.32800000000000001,0.21838297872340429
4195,defined,774,0.43023255813953487,0.32200000000000001,0.25156756756756748
4196,defined,789,0.41571609632446133,0.32200000000000001,0.22543292682926819
4197,defined,781,0.41357234314980795,0.33200000000000002,0.19723839009287925
4198,defined,793,0.41614123581336698,0.32000000000000001,0.23103030303030303
4199,defined,792,0.41540404040404039,0.32600000000000001,0.21522188449848023
4200,defined,786,0.44783715012722647,0.374,0.16487499999999999
4201,defined,792,0.41035353535353536,0.28399999999999997,0.3079138461538462
4202,defined,783,0.43167305236270753,0.34399999999999997,0.20310059171597639
4203,defined,781,0.43277848911651728,0.33600000000000002,0.22362130177514783
4204,defined,778,0.42159383033419023,0.32400000000000001,0.23148780487804876
4205,defined,767,0.43024771838331161,0.34999999999999998,0.18651515151515152
4206,defined,766,0.40731070496083549,0.34000000000000002,0.16525641025641014
4207,defined,801,0.43071161048689138,0.34599999999999997,0.1966782608695653
4208,defined,772,0.41580310880829013,0.33400000000000002,0.19673520249221177
4209,defined,789,0.39923954372623577,0.30199999999999999,0.24356190476190487
4210,defined,787,0.43074968233799238,0.32800000000000001,0.2385368731563422
4211,defined,771,0.44357976653696496,0.34999999999999998,0.2109649122807018
4212,defined,769,0.41222366710013003,0.33800000000000002,0.18005678233438482
4213,defined,784,0.39923469387755101,0.33400000000000002,0.16339936102236419
4214,defined,797,0.43412797992471769,0.32400000000000001,0.2536763005780347
4215,defined,775,0.42967741935483872,0.34200000000000003,0.20405405405405397
4216,defined,767,0.41981747066492831,0.32800000000000001,0.21870807453416152
4217,defined,756,0.42460317460317459,0.35599999999999998,0.16157009345794393
4218,defined,793,0.43001261034047922,0.33600000000000002,0.21862756598240474
4219,defined,795,0.43899371069182391,0.33000000000000002,0.24828080229226357
4220,defined,779,0.41976893453145059,0.34399999999999997,0.18050152905198791
4221,defined,763,0.418086500655308,0.35199999999999998,0.15806896551724148
4222,defined,776,0.40206185567010311,0.30399999999999999,0.24389743589743595
4223,defined,786,0.43384223918575066,0.33800000000000002,0.22091495601173017
4224,defined,791,0.41087231352718079,0.32600000000000001,0.20656615384615384
4225,defined,786,0.43002544529262088,0.33400000000000002,0.22330177514792893
4226,defined,776,0.40850515463917525,0.32200000000000001,0.21176025236593055
4227,defined,767,0.40547588005215124,0.32200000000000001,0.20587138263665594
4228,defined,796,0.41834170854271358,0.32400000000000001,0.22551351351351345
4229,defined,773,0.41267787839586029,0.33400000000000002,0.19065203761755478
4230,defined,774,0.40826873385012918,0.318,0.22110126582278478
4231,defined,781,0.41997439180537771,0.318,0.24281097560975606
4232,defined,799,0.42553191489361702,0.33000000000000002,0.22449999999999992
4233,defined,774,0.41731266149870799,0.33800000000000002,0.19005572755417943
4234,defined,781,0.4353393085787452,0.36399999999999999,0.1638705882352941
4235,defined,775,0.40774193548387094,0.30199999999999999,0.25933544303797462
4236,defined,778,0.43701799485861181,0.34200000000000003,0.21742352941176457
4237,defined,770,0.40519480519480522,0.32600000000000001,0.19544871794871799
4238,defined,783,0.40102171136653897,0.32200000000000001,0.19705095541401274
4239,defined,797,0.40526976160602257,0.33200000000000002,0.18079256965944268
4240,defined,796,0.40703517587939697,0.316,0.22365432098765425
4241,defined,762,0.41601049868766404,0.35399999999999998,0.14905993690851738
4242,defined,781,0.42637644046094753,0.35199999999999998,0.17443843843843854
4243,defined,783,0.39974457215836529,0.29799999999999999,0.25452396166134195
4244,defined,782,0.41432225063938621,0.314,0.2421358024691358
4245,defined,796,0.39824120603015073,0.312,0.21655520504731851
4246,defined,777,0.41312741312741313,0.33000000000000002,0.20121495327102801
4247,defined,773,0.41785252263906858,0.318,0.23896594427244588
4248,defined,786,0.35877862595419846,0.26400000000000001,0.26417021276595742
4249,defined,774,0.41085271317829458,0.34399999999999997,0.16271698113207556
4250,defined,766,0.4255874673629243,0.32200000000000001,0.24339877300613499
4251,defined,777,0.4144144144144144,0.316,0.23747826086956514
4252,defined,776,0.43170103092783507,0.33600000000000002,0.22168358208955219
4253,defined,803,0.41469489414694893,0.33400000000000002,0.19458858858858852
4254,defined,780,0.41025641025641024,0.28999999999999998,0.29312499999999997
4255,defined,770,0.40389610389610392,0.34399999999999997,0.14829581993569141
4256,defined,755,0.39602649006622515,0.318,0.19702341137123736
4257,defined,791,0.43868520859671301,0.35799999999999998,0.18392507204610953
4258,defined,793,0.42749054224464061,0.31,0.27483775811209443
4259,defined,781,0.42509603072983354,0.33200000000000002,0.21899999999999997
4260,defined,795,0.39496855345911952,0.32400000000000001,0.17968152866242038
4261,defined,761,0.40867279894875164,0.32000000000000001,0.2169774919614148
4262,defined,774,0.42506459948320413,0.33200000000000002,0.21894224924012151
4263,defined,789,0.40430925221799746,0.32400000000000001,0.19863322884012535
4264,defined,782,0.41687979539641945,0.318,0.23719018404907977
4265,defined,786,0.42366412213740456,0.34000000000000002,0.19747747747747735
4266,defined,793,0.40857503152585117,0.314,0.2314753086419753
4267,defined,805,0.40248447204968946,0.314,0.21984567901234575
4268,defined,783,0.43550446998722858,0.33400000000000002,0.23307331378299112
4269,defined,781,0.40076824583866838,0.28399999999999997,0.29136102236421735
4270,defined,797,0.42785445420326224,0.33600000000000002,0.21468621700879764
4271,defined,762,0.42388451443569553,0.33800000000000002,0.20261300309597519
4272,defined,776,0.4329896907216495,0.34799999999999998,0.1962857142857144
4273,defined,799,0.38798498122653319,0.31,0.20100000000000007
4274,defined,771,0.40077821011673154,0.32000000000000001,0.20155339805825245
4275,defined,788,0.39593908629441626,0.29999999999999999,0.24230769230769234
4276,defined,791,0.38179519595448796,0.28799999999999998,0.24566887417218541
4277,defined,792,0.44444444444444442,0.34999999999999998,0.21250000000000002
4278,defined,793,0.41361916771752838,0.30399999999999999,0.26502439024390245
4279,defined,804,0.4228855721393035,0.32600000000000001,0.22910588235294116
4280,defined,786,0.42748091603053434,0.34000000000000002,0.20464285714285702
4281,defined,784,0.41198979591836737,0.314,0.23784520123839015
4282,defined,789,0.40684410646387831,0.318,0.21837383177570091
4283,defined,773,0.4023285899094437,0.32400000000000001,0.1946881028938906
4284,defined,786,0.38295165394402036,0.27400000000000002,0.28450498338870422
4285,defined,782,0.4053708439897698,0.30199999999999999,0.25500315457413247
4286,defined,786,0.42111959287531808,0.32400000000000001,0.23062235649546825
4287,defined,779,0.41335044929396664,0.34000000000000002,0.17745341614906829
4288,defined,754,0.37400530503978779,0.31,0.1711347517730496
4289,defined,787,0.41804320203303685,0.33600000000000002,0.19625531914893612
4290,defined,763,0.40498034076015726,0.316,0.21971521035598707
4291,defined,786,0.43002544529262088,0.32600000000000001,0.24190532544378696
4292,defined,808,0.42945544554455445,0.32800000000000001,0.23624207492795379
4293,defined,782,0.43094629156010228,0.33400000000000002,0.22496142433234412
4294,defined,761,0.4375821287779238,0.35999999999999999,0.17729729729729737
4295,defined,794,0.40302267002518893,0.308,0.23577500000000007
4296,defined,787,0.41677255400254132,0.32000000000000001,0.2321951219512195
4297,defined,787,0.37611181702668361,0.33200000000000002,0.11728378378378379
4298,defined,783,0.42911877394636017,0.34999999999999998,0.18437500000000007
4299,defined,791,0.42098609355246525,0.32800000000000001,0.22087687687687685
4300,defined,781,0.38284250960307298,0.27000000000000002,0.2947491638795986
4301,defined,777,0.44916344916344919,0.34799999999999998,0.22522636103151872
4302,defined,795,0.3987421383647799,0.30399999999999999,0.23760252365930601
4303,defined,783,0.43678160919540232,0.32000000000000001,0.26736842105263159
4304,defined,771,0.43579766536964981,0.34399999999999997,0.21064285714285724
4305,defined,774,0.41731266149870799,0.32400000000000001,0.22360371517027855
4306,defined,776,0.41237113402061853,0.32400000000000001,0.21429999999999993
4307,defined,790,0.41012658227848103,0.30199999999999999,0.26364197530864208
4308,defined,786,0.39567430025445294,0.29999999999999999,0.24180064308681681
4309,defined,792,0.40909090909090912,0.32600000000000001,0.20311111111111113
4310,defined,779,0.39537869062901154,0.29799999999999999,0.24629220779220784
4311,defined,778,0.42673521850899743,0.35799999999999998,0.16107228915662652
4312,defined,784,0.42346938775510207,0.36199999999999999,0.14515662650602412
4313,defined,768,0.42578125,0.36199999999999999,0.14979816513761468
4314,defined,779,0.41078305519897307,0.30399999999999999,0.25995000000000001
4315,defined,762,0.39895013123359579,0.30199999999999999,0.24301315789473688
4316,defined,769,0.36671001300390116,0.312,0.14919148936170212
4317,defined,779,0.40308087291399231,0.34399999999999997,0.14657324840764341
4318,defined,774,0.40310077519379844,0.33600000000000002,0.16646153846153844
4319,defined,794,0.41561712846347609,0.32400000000000001,0.22043636363636365
4320,defined,781,0.4353393085787452,0.32600000000000001,0.25115882352941177
4321,defined,771,0.383916990920882,0.28799999999999998,0.24983783783783797
4322,defined,777,0.42857142857142855,0.32400000000000001,0.24399999999999988
4323,defined,771,0.39040207522697795,0.30599999999999999,0.21619269102990035
4324,defined,779,0.44030808729139925,0.34200000000000003,0.22327113702623902
4325,defined,783,0.39974457215836529,0.312,0.21950159744408948
4326,defined,794,0.41183879093198994,0.318,0.22785321100917433
4327,defined,786,0.38931297709923662,0.318,0.18317647058823527
4328,defined,795,0.41132075471698115,0.33000000000000002,0.19770642201834865
4329,defined,762,0.40682414698162728,0.35199999999999998,0.13476129032258066
4330,defined,804,0.40174129353233828,0.29199999999999998,0.27316408668730652
4331,defined,785,0.40636942675159238,0.30399999999999999,0.25191222570532923
4332,defined,764,0.40706806282722513,0.32800000000000001,0.19423794212218648
4333,defined,779,0.41335044929396664,0.33000000000000002,0.20164596273291924
4334,defined,781,0.39308578745198464,0.308,0.2164560260586319
4335,defined,778,0.41388174807197942,0.34599999999999997,0.16401242236024849
4336,defined,786,0.40076335877862596,0.29599999999999999,0.26140952380952387
4337,defined,777,0.40797940797940796,0.34000000000000002,0.16662460567823334
4338,defined,773,0.41655886157826649,0.33000000000000002,0.20779503105590058
4339,defined,777,0.41055341055341055,0.33400000000000002,0.18646394984326009
4340,defined,787,0.4078780177890724,0.314,0.23016199376947033
4341,defined,792,0.40151515151515149,0.32800000000000001,0.18309433962264143
4342,defined,785,0.40254777070063696,0.318,0.21003164556962028
4343,defined,765,0.44313725490196076,0.33800000000000002,0.23725663716814149
4344,defined,775,0.43612903225806454,0.36399999999999999,0.16538461538461546
4345,defined,783,0.42784163473818648,0.32600000000000001,0.23803582089552244
4346,defined,778,0.39845758354755784,0.316,0.20694193548387096
4347,defined,769,0.41872561768530558,0.32000000000000001,0.23577639751552792
4348,defined,787,0.41168996188055906,0.34000000000000002,0.17413580246913574
4349,defined,789,0.41951837769328265,0.32000000000000001,0.23722054380664659
4350,defined,782,0.42583120204603581,0.34200000000000003,0.19686486486486476
4351,defined,781,0.41869398207426378,0.314,0.25004892966360859
4352,defined,782,0.38746803069053709,0.30599999999999999,0.21025742574257433
4353,defined,794,0.41939546599496219,0.32000000000000001,0.23699699699699694
4354,defined,781,0.39180537772087065,0.318,0.18837254901960776
4355,defined,760,0.40394736842105261,0.318,0.2127687296416938
4356,defined,788,0.44543147208121825,0.318,0.28608547008547003
4357,defined,764,0.40183246073298429,0.32000000000000001,0.20364820846905529
4358,defined,770,0.39870129870129872,0.308,0.22749185667752447
4359,defined,794,0.41939546599496219,0.32800000000000001,0.21792192192192184
4360,defined,784,0.43877551020408162,0.35799999999999998,0.184093023255814
4361,defined,770,0.45584415584415583,0.372,0.18393162393162388
4362,defined,774,0.3888888888888889,0.28999999999999998,0.25428571428571434
4363,defined,796,0.4120603015075377,0.32200000000000001,0.21856097560975607
4364,defined,798,0.42481203007518797,0.34599999999999997,0.1855221238938054
4365,defined,805,0.41987577639751555,0.316,0.2473964497041421
4366,defined,781,0.40076824583866838,0.28799999999999998,0.28138019169329076
4367,defined,778,0.41259640102827766,0.316,0.23411838006230534
4368,defined,781,0.43918053777208704,0.33400000000000002,0.23949271137026229
4369,defined,775,0.39483870967741935,0.314,0.20473856209150321
4370,defined,775,0.41806451612903228,0.33800000000000002,0.19151234567901232
4371,defined,787,0.3926302414231258,0.29999999999999999,0.23592233009708741
4372,defined,789,0.39163498098859317,0.29399999999999998,0.24930097087378644
4373,defined,774,0.39922480620155038,0.30199999999999999,0.24353398058252429
4374,defined,781,0.40973111395646605,0.314,0.23364374999999993
4375,defined,796,0.44346733668341709,0.37,0.16566572237960342
4376,defined,777,0.42599742599742602,0.33600000000000002,0.21126283987915406
4377,defined,768,0.41015625,0.32800000000000001,0.20030476190476187
4378,defined,795,0.4138364779874214,0.32400000000000001,0.21708206686930087
4379,defined,783,0.42656449553001274,0.34000000000000002,0.20293413173652686
4380,defined,783,0.39080459770114945,0.28399999999999997,0.27329411764705891
4381,defined,780,0.40256410256410258,0.31,0.22993630573248414
4382,defined,779,0.4338896020539153,0.35399999999999998,0.18412426035502971
4383,defined,789,0.41571609632446133,0.34399999999999997,0.17251219512195126
4384,defined,776,0.40335051546391754,0.30399999999999999,0.24631309904153353
4385,defined,790,0.44430379746835441,0.33600000000000002,0.24376068376068372
4386,defined,792,0.39898989898989901,0.31,0.22303797468354436
4387,defined,764,0.42670157068062825,0.34399999999999997,0.19381595092024539
4388,defined,781,0.40332906530089629,0.33800000000000002,0.1619746031746031
4389,defined,782,0.43606138107416881,0.33600000000000002,0.22946627565982403
4390,defined,768,0.35807291666666669,0.28000000000000003,0.21803636363636358
4391,defined,768,0.39583333333333331,0.27800000000000002,0.29768421052631566
4392,defined,761,0.42575558475689884,0.32800000000000001,0.229604938271605
4393,defined,783,0.40102171136653897,0.29999999999999999,0.25191082802547782
4394,defined,786,0.39949109414758271,0.308,0.22901910828025485
4395,defined,804,0.4116915422885572,0.308,0.2518670694864048
4396,defined,793,0.41235813366960911,0.32400000000000001,0.21427522935779819
4397,defined,764,0.4280104712041885,0.33400000000000002,0.21964525993883788
4398,defined,790,0.42658227848101266,0.35399999999999998,0.17014836795252231
4399,defined,778,0.39845758354755784,0.316,0.20694193548387096
4400,defined,801,0.41323345817727841,0.32400000000000001,0.21593957703927491
4401,defined,780,0.43846153846153846,0.35999999999999999,0.17894736842105263
4402,defined,789,0.41318124207858048,0.31,0.24972392638036811
4403,defined,769,0.4096228868660598,0.33200000000000002,0.18949841269841261
4404,defined,771,0.39169909208819714,0.316,0.19325827814569529
4405,defined,777,0.41827541827541825,0.30599999999999999,0.26842461538461537
4406,defined,762,0.39501312335958005,0.29799999999999999,0.24559468438538212
4407,defined,789,0.43219264892268694,0.32600000000000001,0.24570674486803512
4408,defined,792,0.43939393939393939,0.33600000000000002,0.23531034482758617
4409,defined,766,0.39686684073107048,0.29199999999999998,0.26423684210526321
4410,defined,794,0.44332493702770781,0.34799999999999998,0.21502272727272731
4411,defined,803,0.42714819427148193,0.318,0.25552769679300291
4412,defined,793,0.38461538461538464,0.27600000000000002,0.28239999999999998
4413,defined,788,0.40228426395939088,0.28999999999999998,0.27911671924290227
4414,defined,793,0.39974779319041615,0.29999999999999999,0.24952681388012621
4415,defined,769,0.42002600780234073,0.34000000000000002,0.19052631578947365
4416,defined,801,0.4257178526841448,0.314,0.26242228739002926
4417,defined,786,0.44274809160305345,0.35599999999999998,0.19593103448275873
4418,defined,790,0.41645569620253164,0.33800000000000002,0.18838905775075987
4419,defined,779,0.40179717586649549,0.32000000000000001,0.20357827476038337
4420,defined,785,0.41528662420382167,0.32600000000000001,0.21499999999999997
4421,defined,779,0.40179717586649549,0.318,0.20855591054313094
4422,defined,768,0.3984375,0.32000000000000001,0.19686274509803925
4423,defined,781,0.4212548015364917,0.35399999999999998,0.1596534954407296
4424,defined,777,0.40025740025740025,0.30599999999999999,0.23549196141479101
4425,defined,795,0.4088050314465409,0.308,0.2465846153846154
4426,defined,783,0.40868454661558112,0.34000000000000002,0.1680625
4427,defined,764,0.41492146596858637,0.34000000000000002,0.18056782334384847
4428,defined,783,0.4342273307790549,0.33800000000000002,0.2216058823529411
4429,defined,777,0.40926640926640928,0.318,0.22299999999999998
4430,defined,764,0.41884816753926701,0.32000000000000001,0.23599999999999999
4431,defined,808,0.40965346534653463,0.35199999999999998,0.14073716012084592
4432,defined,803,0.45579078455790784,0.34399999999999997,0.24526775956284153
4433,defined,794,0.40554156171284633,0.29799999999999999,0.26518012422360249
4434,defined,766,0.43864229765013057,0.33600000000000002,0.23399999999999999
4435,defined,758,0.43007915567282323,0.34399999999999997,0.20014723926380373
4436,defined,774,0.37726098191214469,0.28799999999999998,0.23660273972602741
4437,defined,792,0.38636363636363635,0.29599999999999999,0.23388235294117654
4438,defined,763,0.4089121887287025,0.33200000000000002,0.18808974358974351
4439,defined,773,0.38033635187580855,0.314,0.17441496598639461
4440,defined,774,0.39922480620155038,0.33000000000000002,0.17339805825242716
4441,defined,784,0.42857142857142855,0.35799999999999998,0.16466666666666663
4442,defined,771,0.41115434500648507,0.29399999999999998,0.28494006309148268
4443,defined,768,0.40104166666666669,0.29799999999999999,0.25693506493506502
4444,defined,774,0.4005167958656331,0.32800000000000001,0.18105806451612905
4445,defined,776,0.41623711340206188,0.32600000000000001,0.21679256965944271
4446,defined,782,0.40153452685421998,0.316,0.21301910828025483
4447,defined,809,0.42150803461063041,0.32800000000000001,0.22184164222873892
4448,defined,781,0.41485275288092188,0.314,0.24310493827160495
4449,defined,778,0.41259640102827766,0.32000000000000001,0.22442367601246105
4450,defined,784,0.41581632653061223,0.312,0.24966871165644167
4451,defined,784,0.40306122448979592,0.32000000000000001,0.20607594936708862
4452,defined,776,0.41623711340206188,0.33400000000000002,0.1975727554179566
4453,defined,786,0.42366412213740456,0.34399999999999997,0.18803603603603603
4454,defined,774,0.41989664082687339,0.318,0.24267076923076925
4455,defined,799,0.44305381727158949,0.34399999999999997,0.22357062146892659
4456,defined,775,0.41806451612903228,0.316,0.2441358024691358
4457,defined,784,0.42219387755102039,0.32800000000000001,0.22310574018126883
4458,defined,795,0.45534591194968554,0.38600000000000001,0.15229281767955805
4459,defined,788,0.43020304568527917,0.33400000000000002,0.22362241887905598
4460,defined,795,0.41132075471698115,0.318,0.22688073394495412
4461,defined,791,0.41592920353982299,0.314,0.24506382978723396
4462,defined,778,0.39845758354755784,0.312,0.21698064516129034
4463,defined,791,0.41213653603034134,0.30599999999999999,0.25752760736196323
4464,defined,785,0.42420382165605097,0.32400000000000001,0.23621621621621625
4465,defined,779,0.43260590500641849,0.33000000000000002,0.23718100890207716
4466,defined,785,0.41528662420382167,0.33600000000000002,0.19092024539877295
4467,defined,787,0.397712833545108,0.32600000000000001,0.18031309904153348
4468,defined,770,0.37922077922077924,0.28199999999999997,0.25636986301369868
4469,defined,782,0.40792838874680309,0.35199999999999998,0.13710344827586218
4470,defined,778,0.39588688946015427,0.30199999999999999,0.23715584415584423
4471,defined,763,0.41284403669724773,0.32600000000000001,0.21035555555555552
4472,defined,776,0.42783505154639173,0.33200000000000002,0.22399999999999987
4473,defined,764,0.40837696335078533,0.33200000000000002,0.18702564102564101
4474,defined,775,0.42967741935483872,0.34599999999999997,0.19474474474474479
4475,defined,784,0.40943877551020408,0.31,0.24286604361370712
4476,defined,796,0.4334170854271357,0.33200000000000002,0.23399420289855066
4477,defined,772,0.39896373056994816,0.32000000000000001,0.19792207792207783
4478,defined,792,0.41414141414141414,0.316,0.23697560975609755
4479,defined,781,0.40845070422535212,0.32400000000000001,0.20675862068965511
4480,defined,790,0.45569620253164556,0.34399999999999997,0.24511111111111117
4481,defined,784,0.40688775510204084,0.308,0.24303448275862072
4482,defined,794,0.40176322418136018,0.316,0.21346708463949837
4483,defined,789,0.40050697084917619,0.33600000000000002,0.16106329113924045
4484,defined,771,0.41634241245136189,0.32200000000000001,0.22659813084112146
4485,defined,779,0.39666238767650835,0.33000000000000002,0.16805825242718442
4486,defined,782,0.41048593350383633,0.32000000000000001,0.22043613707165111
4487,defined,776,0.42525773195876287,0.308,0.27573333333333327
4488,defined,775,0.4232258064516129,0.32600000000000001,0.22972560975609757
4489,defined,785,0.38598726114649684,0.30399999999999999,0.21240924092409252
4490,defined,785,0.41019108280254779,0.30599999999999999,0.25400621118012423
4491,defined,770,0.41818181818181815,0.31,0.25869565217391299
4492,defined,780,0.37820512820512819,0.30599999999999999,0.19091525423728817
4493,defined,784,0.39158163265306123,0.29799999999999999,0.23898371335504887
4494,defined,766,0.39033942558746737,0.312,0.20069565217391305
4495,defined,774,0.39405684754521964,0.318,0.19300983606557376
4496,defined,786,0.41094147582697199,0.35399999999999998,0.13856346749226012
4497,defined,794,0.40931989924433249,0.312,0.23775999999999997
4498,defined,773,0.4023285899094437,0.32800000000000001,0.18474598070739545
4499,defined,773,0.38421733505821476,0.30599999999999999,0.20357575757575763
4500,defined,780,0.42948717948717946,0.33000000000000002,0.231641791044776
4501,defined,804,0.4154228855721393,0.33800000000000002,0.18637125748502992
4502,defined,778,0.38174807197943444,0.28000000000000003,0.26653198653198651
4503,defined,781,0.39308578745198464,0.316,0.19610423452768733
4504,defined,790,0.41898734177215191,0.33200000000000002,0.20761329305135945
4505,defined,785,0.38853503184713378,0.28799999999999998,0.25875409836065588
4506,defined,761,0.42706964520367935,0.31,0.27412307692307691
4507,defined,779,0.40693196405648269,0.30199999999999999,0.25786119873817037
4508,defined,780,0.44358974358974357,0.36199999999999999,0.18393063583815028
4509,defined,777,0.40669240669240669,0.308,0.24267088607594933
4510,defined,767,0.41851368970013036,0.318,0.24016822429906537
4511,defined,783,0.38952745849297571,0.27800000000000002,0.28631475409836049
4512,defined,763,0.41153342070773263,0.30199999999999999,0.26615923566878985
4513,defined,786,0.41221374045801529,0.33800000000000002,0.180037037037037
4514,defined,785,0.41019108280254779,0.32200000000000001,0.21499999999999997
4515,defined,786,0.42239185750636132,0.33000000000000002,0.21873493975903613
4516,defined,791,0.41340075853350189,0.34399999999999997,0.16787767584097868
4517,defined,775,0.42193548387096774,0.32000000000000001,0.24159021406727832
4518,defined,790,0.42151898734177218,0.32800000000000001,0.22186186186186185
4519,defined,784,0.42474489795918369,0.34399999999999997,0.19010210210210221
4520,defined,773,0.43208279430789132,0.35999999999999999,0.16682634730538926
4521,defined,774,0.40310077519379844,0.32200000000000001,0.20119230769230767
4522,defined,779,0.42490372272143773,0.33400000000000002,0.21393957703927491
4523,defined,761,0.39421813403416556,0.312,0.20855999999999997
4524,defined,774,0.4005167958656331,0.30399999999999999,0.24098064516129036
4525,defined,774,0.43669250645994834,0.34599999999999997,0.20768047337278117
4526,defined,780,0.38846153846153847,0.29999999999999999,0.22772277227722781
4527,defined,770,0.42857142857142855,0.33400000000000002,0.22066666666666657
4528,defined,766,0.40339425587467365,0.32200000000000001,0.20177346278317154
4529,defined,785,0.44713375796178345,0.34200000000000003,0.23512820512820509
4530,defined,780,0.41153846153846152,0.312,0.24186915887850469
4531,defined,764,0.37696335078534032,0.28399999999999997,0.24661111111111123
4532,defined,783,0.42911877394636017,0.33800000000000002,0.21233928571428573
4533,defined,780,0.4358974358974359,0.34399999999999997,0.21082352941176474
4534,defined,798,0.42857142857142855,0.34599999999999997,0.19266666666666665
4535,defined,788,0.42258883248730966,0.30599999999999999,0.27589189189189189
4536,defined,787,0.40025412960609913,0.33400000000000002,0.16553015873015875
4537,defined,774,0.4289405684754522,0.33000000000000002,0.23066265060240965
4538,defined,794,0.40931989924433249,0.318,0.22310153846153846
4539,defined,789,0.39670468948035487,0.32000000000000001,0.19335463258785934
4540,defined,746,0.40616621983914208,0.34399999999999997,0.15305610561056116
4541,defined,794,0.41435768261964734,0.32400000000000001,0.21806686930091179
4542,defined,791,0.4197218710493047,0.32600000000000001,0.22329518072289156
4543,defined,784,0.41581632653061223,0.32800000000000001,0.21119018404907974
4544,defined,771,0.39948119325551235,0.32000000000000001,0.19896103896103901
4545,defined,798,0.40852130325814534,0.318,0.22158282208588953
4546,defined,792,0.4116161616161616,0.30399999999999999,0.26144785276073623
4547,defined,787,0.4027954256670902,0.318,0.21051735015772866
4548,defined,799,0.40801001251564456,0.31,0.24021472392638044
4549,defined,799,0.42302878598247812,0.34999999999999998,0.17263313609467468
4550,defined,770,0.40519480519480522,0.33000000000000002,0.18557692307692308
4551,defined,784,0.41581632653061223,0.32800000000000001,0.21119018404907974
4552,defined,786,0.41857506361323155,0.34399999999999997,0.17816413373860185
4553,defined,780,0.41153846153846152,0.33800000000000002,0.17869158878504665
4554,defined,785,0.38598726114649684,0.28599999999999998,0.2590429042904292
4555,defined,775,0.42193548387096774,0.32600000000000001,0.22737003058103977
4556,defined,764,0.3900523560209424,0.29199999999999998,0.25138255033557055
4557,defined,783,0.40357598978288634,0.32600000000000001,0.19222151898734174
4558,defined,782,0.45140664961636828,0.372,0.17590934844192629
4559,defined,781,0.42253521126760563,0.34399999999999997,0.18586666666666674
4560,defined,773,0.4204398447606727,0.32800000000000001,0.21986461538461533
4561,defined,780,0.40769230769230769,0.318,0.21999999999999997
4562,defined,779,0.39666238767650835,0.308,0.22352103559870551
4563,defined,780,0.44615384615384618,0.37,0.17068965517241386
4564,defined,796,0.39321608040201006,0.308,0.21671565495207668
4565,defined,784,0.38647959183673469,0.316,0.18236303630363038
4566,defined,790,0.41265822784810124,0.34599999999999997,0.16153374233128837
4567,defined,798,0.38721804511278196,0.28399999999999997,0.26656310679611661
4568,defined,767,0.41590612777053454,0.33200000000000002,0.20174294670846393
4569,defined,772,0.41580310880829013,0.36599999999999999,0.11977570093457945
4570,defined,785,0.38853503184713378,0.29599999999999999,0.23816393442622963
4571,defined,789,0.47148288973384028,0.376,0.20251612903225802
4572,defined,769,0.41222366710013003,0.34799999999999998,0.15579810725552057
4573,defined,778,0.38688946015424164,0.32000000000000001,0.172890365448505
4574,defined,789,0.41825095057034223,0.30599999999999999,0.26838181818181828
4575,defined,801,0.44569288389513106,0.34599999999999997,0.22368067226890753
4576,defined,776,0.40463917525773196,0.318,0.21411464968152871
4577,defined,786,0.41475826972010177,0.33400000000000002,0.19471165644171773
4578,defined,781,0.40460947503201022,0.30599999999999999,0.24371518987341767
4579,defined,799,0.41426783479349188,0.33200000000000002,0.19858610271903321
4580,defined,784,0.42984693877551022,0.32400000000000001,0.24624332344213651
4581,defined,789,0.41571609632446133,0.318,0.23505487804878045
4582,defined,783,0.43167305236270753,0.30599999999999999,0.29113017751479286
4583,defined,766,0.42428198433420367,0.33200000000000002,0.21750153846153841
4584,defined,778,0.41902313624678661,0.32600000000000001,0.22199999999999998
4585,defined,789,0.40177439797211661,0.29799999999999999,0.25829022082018938
4586,defined,758,0.41556728232189971,0.32800000000000001,0.21071746031746019
4587,defined,779,0.38382541720154045,0.29599999999999999,0.22881605351170575
4588,defined,775,0.41806451612903228,0.32400000000000001,0.22499999999999998
4589,defined,791,0.40075853350189633,0.32400000000000001,0.19153312302839109
4590,defined,782,0.41687979539641945,0.35199999999999998,0.15563190184049092
4591,defined,807,0.39281288723667906,0.28999999999999998,0.26173501577287073
4592,defined,768,0.40234375,0.33200000000000002,0.17483495145631067
4593,defined,775,0.43354838709677418,0.34599999999999997,0.20193452380952381
4594,defined,785,0.40509554140127391,0.32200000000000001,0.20512578616352206
4595,defined,783,0.42911877394636017,0.33800000000000002,0.21233928571428573
4596,defined,772,0.39896373056994816,0.30599999999999999,0.23301298701298701
4597,defined,781,0.41101152368758004,0.33800000000000002,0.17763862928348906
4598,defined,756,0.39947089947089948,0.33400000000000002,0.16389403973509931
4599,defined,784,0.40433673469387754,0.33200000000000002,0.17890220820189273
4600,defined,765,0.3843137254901961,0.29599999999999999,0.22979591836734703
4601,defined,764,0.41230366492146597,0.32400000000000001,0.21417142857142857
4602,defined,782,0.42199488491048592,0.34000000000000002,0.1943030303030302
4603,defined,784,0.41964285714285715,0.312,0.25651063829787235
4604,defined,779,0.42105263157894735,0.34999999999999998,0.16874999999999996
4605,defined,773,0.43984476067270373,0.34799999999999998,0.20881176470588236
4606,defined,788,0.42766497461928932,0.33800000000000002,0.20966172106824921
4607,defined,766,0.40600522193211486,0.32800000000000001,0.19212861736334397
4608,defined,777,0.41698841698841699,0.33400000000000002,0.19901851851851848
4609,defined,762,0.43175853018372701,0.314,0.27274164133738599
4610,defined,807,0.42503097893432468,0.314,0.26123032069970853
4611,defined,769,0.37971391417425226,0.29199999999999998,0.23099999999999998
4612,defined,790,0.40253164556962023,0.32600000000000001,0.19012578616352194
4613,defined,774,0.40439276485788112,0.31,0.23341853035143767
4614,defined,786,0.39949109414758271,0.28799999999999998,0.27908280254777074
4615,defined,818,0.44009779951100242,0.34599999999999997,0.21381111111111117
4616,defined,791,0.43994943109987356,0.33400000000000002,0.24082183908045973
4617,defined,786,0.43893129770992367,0.32400000000000001,0.26184347826086951
4618,defined,772,0.43264248704663211,0.314,0.27422754491017964
4619,defined,769,0.4096228868660598,0.312,0.23832380952380949
4620,defined,788,0.41116751269035534,0.318,0.22659259259259257
4621,defined,782,0.43222506393861893,0.34200000000000003,0.20874556213017748
4622,defined,794,0.39924433249370278,0.31,0.22353312302839123
4623,defined,782,0.40920716112531969,0.32800000000000001,0.1984499999999999
4624,defined,758,0.40105540897097625,0.33200000000000002,0.17218421052631572
4625,defined,797,0.43161856963613549,0.33400000000000002,0.22616860465116273
4626,defined,766,0.38250652741514363,0.29199999999999998,0.2366143344709899
4627,defined,775,0.42709677419354841,0.34399999999999997,0.19456193353474327
4628,defined,770,0.40259740259740262,0.312,0.22503225806451621
4629,defined,758,0.42348284960422161,0.312,0.26325233644859813
4630,defined,789,0.41698352344740175,0.32400000000000001,0.22299088145896651
4631,defined,792,0.40404040404040403,0.316,0.21789999999999998
4632,defined,772,0.42616580310880831,0.33800000000000002,0.20688145896656529
4633,defined,778,0.40102827763496146,0.318,0.20703846153846162
4634,defined,779,0.43132220795892168,0.32600000000000001,0.24418452380952371
4635,defined,788,0.39086294416243655,0.308,0.21200000000000008
4636,defined,777,0.39768339768339767,0.32200000000000001,0.19031067961165038
4637,defined,787,0.41168996188055906,0.32000000000000001,0.22271604938271594
4638,defined,805,0.39254658385093166,0.33200000000000002,0.1542405063291139
4639,defined,758,0.40633245382585753,0.33000000000000002,0.18785714285714283
4640,defined,790,0.39240506329113922,0.32200000000000001,0.17941935483870963
4641,defined,794,0.41561712846347609,0.33400000000000002,0.19637575757575754
4642,defined,784,0.39795918367346939,0.32200000000000001,0.19087179487179484
4643,defined,778,0.42159383033419023,0.33000000000000002,0.21725609756097553
4644,defined,761,0.39159001314060449,0.308,0.21346308724832219
4645,defined,787,0.43456162642947904,0.32600000000000001,0.24981871345029238
4646,defined,795,0.43899371069182391,0.33600000000000002,0.2346131805157593
4647,defined,777,0.39253539253539255,0.29599999999999999,0.2459278688524591
4648,defined,768,0.38802083333333331,0.29999999999999999,0.22684563758389265
4649,defined,779,0.41335044929396664,0.33000000000000002,0.20164596273291924
4650,defined,769,0.40052015604681407,0.32400000000000001,0.19105194805194803
4651,defined,769,0.42132639791937582,0.33800000000000002,0.19777160493827151
4652,defined,759,0.4176548089591568,0.32600000000000001,0.21945110410094637
4653,defined,755,0.43178807947019865,0.32600000000000001,0.24499999999999988
4654,defined,779,0.4274711168164313,0.34200000000000003,0.19994594594594584
4655,defined,785,0.39363057324840767,0.312,0.2073786407766991
4656,defined,789,0.37008871989860581,0.28199999999999997,0.23802054794520555
4657,defined,773,0.43208279430789132,0.32000000000000001,0.25940119760479041
4658,defined,767,0.42764015645371578,0.34000000000000002,0.20493902439024381
4659,defined,770,0.40779220779220782,0.32200000000000001,0.21038216560509559
4660,defined,780,0.43205128205128207,0.33400000000000002,0.22694362017804148
4661,defined,767,0.43546284224250326,0.34399999999999997,0.21003592814371264
4662,defined,776,0.40850515463917525,0.33200000000000002,0.18728075709779179
4663,defined,763,0.4600262123197903,0.374,0.18700284900284903
4664,defined,782,0.42966751918158569,0.33600000000000002,0.21799999999999997
4665,defined,774,0.4263565891472868,0.32600000000000001,0.23538181818181814
4666,defined,782,0.40153452685421998,0.314,0.21800000000000008
4667,defined,775,0.41032258064516131,0.318,0.22499999999999998
4668,defined,798,0.39473684210526316,0.28199999999999997,0.28560000000000008
4669,defined,782,0.42327365728900257,0.314,0.25816314199395773
4670,defined,798,0.42355889724310775,0.32200000000000001,0.23977514792899401
4671,defined,786,0.42748091603053434,0.34999999999999998,0.18125000000000002
4672,defined,789,0.40304182509505704,0.312,0.22588679245283017
4673,defined,801,0.40324594257178525,0.316,0.216359133126935
4674,defined,780,0.41025641025641024,0.316,0.22975000000000001
4675,defined,775,0.4374193548387097,0.35599999999999998,0.18613569321533929
4676,defined,768,0.39192708333333331,0.308,0.21413953488372095
4677,defined,784,0.41964285714285715,0.32600000000000001,0.2231489361702127
4678,defined,763,0.3984272608125819,0.29399999999999998,0.26209868421052629
4679,defined,803,0.41469489414694893,0.316,0.23799399399399401
4680,defined,769,0.41482444733420026,0.33600000000000002,0.19001880877742938
4681,defined,788,0.42512690355329952,0.32400000000000001,0.23787462686567162
4682,defined,780,0.42820512820512818,0.34200000000000003,0.20131736526946098
4683,defined,774,0.39276485788113696,0.314,0.20053947368421055
4684,defined,785,0.42802547770700639,0.36599999999999999,0.14491071428571434
4685,defined,766,0.38511749347258484,0.31,0.19505084745762713
4686,defined,797,0.40652446675031367,0.32400000000000001,0.20299999999999996
4687,defined,787,0.4536213468869123,0.374,0.17552380952380953
4688,defined,773,0.39715394566623546,0.29999999999999999,0.2446254071661238
4689,defined,775,0.42193548387096774,0.32600000000000001,0.22737003058103977
4690,defined,786,0.4351145038167939,0.32400000000000001,0.25536842105263158
4691,defined,772,0.37823834196891193,0.26600000000000001,0.29673972602739729
4692,defined,769,0.38621586475942782,0.29399999999999998,0.23876767676767674
4693,defined,775,0.4258064516129032,0.35999999999999999,0.15454545454545454
4694,defined,770,0.41298701298701301,0.29399999999999998,0.28811320754716985
4695,defined,779,0.41463414634146339,0.32000000000000001,0.22823529411764698
4696,defined,784,0.38903061224489793,0.31,0.20314754098360654
4697,defined,774,0.40697674418604651,0.33400000000000002,0.17931428571428565
4698,defined,793,0.42370744010088274,0.33600000000000002,0.20699999999999996
4699,defined,786,0.38931297709923662,0.29399999999999998,0.24482352941176466
4700,defined,788,0.39213197969543145,0.29799999999999999,0.24005177993527504
4701,defined,790,0.41518987341772151,0.312,0.24853658536585366
4702,defined,790,0.42784810126582279,0.33400000000000002,0.2193491124260355
4703,defined,787,0.41804320203303685,0.34399999999999997,0.17711854103343472
4704,defined,776,0.45103092783505155,0.35599999999999998,0.21069714285714292
4705,defined,778,0.40616966580976865,0.316,0.22199999999999998
4706,defined,788,0.40355329949238578,0.314,0.22191194968553452
4707,defined,764,0.42670157068062825,0.34200000000000003,0.19850306748466251
4708,defined,797,0.43036386449184444,0.32600000000000001,0.24250145772594756
4709,defined,764,0.43193717277486909,0.374,0.13413333333333333
4710,defined,800,0.39250000000000002,0.30399999999999999,0.22547770700636949
4711,defined,776,0.42010309278350516,0.32800000000000001,0.21923926380368097
4712,defined,765,0.40915032679738561,0.316,0.22766773162939291
4713,defined,781,0.39948783610755439,0.312,0.21899999999999997
4714,defined,777,0.42599742599742602,0.33800000000000002,0.20656797583081565
4715,defined,771,0.39040207522697795,0.32400000000000001,0.17008637873754151
4716,defined,769,0.42132639791937582,0.32200000000000001,0.23574691358024691
4717,defined,797,0.42032622333751568,0.308,0.26723582089552245
4718,defined,790,0.42278481012658226,0.32400000000000001,0.23365269461077842
4719,defined,795,0.44025157232704404,0.35799999999999998,0.18682857142857145
4720,defined,778,0.40874035989717222,0.33200000000000002,0.18774842767295585
4721,defined,784,0.42346938775510207,0.33000000000000002,0.22072289156626512
4722,defined,779,0.43260590500641849,0.33600000000000002,0.22331157270029667
4723,defined,767,0.42633637548891784,0.34399999999999997,0.19312538226299691
4724,defined,773,0.41397153945666237,0.318,0.23183125000000004
4725,defined,789,0.40304182509505704,0.32400000000000001,0.19611320754716977
4726,defined,758,0.41688654353562005,0.34399999999999997,0.17483544303797471
4727,defined,789,0.41318124207858048,0.308,0.25456441717791412
4728,defined,787,0.43710292249047011,0.33400000000000002,0.23587790697674405
4729,defined,789,0.40684410646387831,0.314,0.22820560747663543
4730,defined,776,0.39948453608247425,0.29599999999999999,0.25904516129032262
4731,defined,776,0.41623711340206188,0.32800000000000001,0.21198761609907124
4732,defined,788,0.42766497461928932,0.35599999999999998,0.16757270029673588
4733,defined,789,0.39670468948035487,0.29199999999999998,0.26393610223642172
4734,defined,790,0.44430379746835441,0.33200000000000002,0.25276353276353269
4735,defined,777,0.42213642213642216,0.34000000000000002,0.19457317073170732
4736,defined,769,0.42392717815344605,0.32800000000000001,0.22628220858895709
4737,defined,781,0.40973111395646605,0.34000000000000002,0.17018749999999994
4738,defined,787,0.41296060991105465,0.34999999999999998,0.15246153846153854
4739,defined,782,0.43478260869565216,0.35999999999999999,0.17200000000000004
4740,defined,777,0.42857142857142855,0.34799999999999998,0.18800000000000006
4741,defined,798,0.40852130325814534,0.29799999999999999,0.27053987730061346
4742,defined,781,0.42637644046094753,0.32200000000000001,0.24479879879879884
4743,defined,778,0.38560411311053983,0.32600000000000001,0.15457333333333323
4744,defined,753,0.40106241699867196,0.308,0.23203973509933773
4745,defined,783,0.42017879948914433,0.33800000000000002,0.19558054711246198
4746,defined,766,0.40731070496083549,0.32000000000000001,0.21435897435897433
4747,defined,778,0.43316195372750643,0.318,0.26586350148367954
4748,defined,764,0.40052356020942409,0.30399999999999999,0.24099346405228761
4749,defined,776,0.40979381443298968,0.32000000000000001,0.21911949685534582
4750,defined,773,0.40103492884864167,0.314,0.21702580645161296
4751,defined,796,0.40075376884422109,0.32400000000000001,0.19152351097178677
4752,defined,775,0.44129032258064516,0.35399999999999998,0.19780701754385965
4753,defined,798,0.43859649122807015,0.35599999999999998,0.18832000000000004
4754,defined,774,0.38759689922480622,0.314,0.18988000000000005
4755,defined,771,0.41245136186770426,0.318,0.22899999999999998
4756,defined,785,0.37961783439490449,0.28000000000000003,0.26241610738255028
4757,defined,773,0.4243208279430789,0.33600000000000002,0.2081463414634146
4758,defined,785,0.43312101910828027,0.36399999999999999,0.1595882352941177
4759,defined,771,0.41763942931258108,0.33400000000000002,0.20026708074534161
4760,defined,784,0.42857142857142855,0.32600000000000001,0.23933333333333329
4761,defined,780,0.39487179487179486,0.314,0.20480519480519477
4762,defined,790,0.42405063291139239,0.318,0.25008955223880591
4763,defined,787,0.38627700127064801,0.30399999999999999,0.21299999999999997
4764,defined,795,0.4188679245283019,0.32800000000000001,0.21693693693693694
4765,defined,773,0.4204398447606727,0.33600000000000002,0.20083692307692302
4766,defined,788,0.39974619289340102,0.32000000000000001,0.1994920634920635
4767,defined,791,0.41845764854614415,0.32400000000000001,0.22572809667673721
4768,defined,805,0.43229813664596273,0.34200000000000003,0.20887931034482754
4769,defined,770,0.45974025974025973,0.35999999999999999,0.2169491525423729
4770,defined,778,0.39717223650385602,0.29399999999999998,0.25976699029126216
4771,defined,784,0.43367346938775508,0.32600000000000001,0.2482823529411764
4772,defined,772,0.42357512953367876,0.314,0.25869113149847101
4773,defined,778,0.41131105398457585,0.308,0.25117500000000004
4774,defined,771,0.41893644617380027,0.36399999999999999,0.13113312693498458
4775,defined,789,0.39797211660329529,0.32200000000000001,0.19089808917197448
4776,defined,764,0.43586387434554974,0.32400000000000001,0.25664864864864867
4777,defined,781,0.40973111395646605,0.33400000000000002,0.18483124999999989
4778,defined,769,0.42002600780234073,0.33000000000000002,0.21433436532507744
4779,defined,775,0.40903225806451615,0.33400000000000002,0.18343848580441635
4780,defined,777,0.43371943371943372,0.33400000000000002,0.22991691394658753
4781,defined,783,0.3780332056194125,0.28999999999999998,0.23287162162162167
4782,defined,774,0.40180878552971577,0.30599999999999999,0.23844372990353702
4783,defined,781,0.41997439180537771,0.33400000000000002,0.20471341463414627
4784,defined,794,0.41435768261964734,0.33400000000000002,0.19393313069908802
4785,defined,759,0.39130434782608697,0.30199999999999999,0.22822222222222233
4786,defined,778,0.41388174807197942,0.30599999999999999,0.26065838509316763
4787,defined,789,0.43599493029150826,0.35999999999999999,0.17430232558139547
4788,defined,779,0.39409499358151479,0.314,0.20323778501628664
4789,defined,778,0.41388174807197942,0.32600000000000001,0.21233540372670801
4790,defined,779,0.4467265725288832,0.34799999999999998,0.22100000000000009
4791,defined,777,0.41055341055341055,0.316,0.23030721003134791
4792,defined,768,0.43880208333333331,0.35399999999999998,0.19325816023738873
4793,defined,789,0.43219264892268694,0.33200000000000002,0.23182404692082104
4794,defined,793,0.41992433795712486,0.33600000000000002,0.19985585585585586
4795,defined,769,0.42782834850455137,0.33600000000000002,0.21463829787234034
4796,defined,777,0.45045045045045046,0.34200000000000003,0.24075999999999997
4797,defined,782,0.43350383631713557,0.34000000000000002,0.21569321533923302
4798,defined,765,0.41176470588235292,0.34399999999999997,0.16457142857142859
4799,defined,775,0.41806451612903228,0.30599999999999999,0.2680555555555556
4800,defined,779,0.42105263157894735,0.32200000000000001,0.23524999999999996
4801,defined,791,0.40960809102402024,0.34399999999999997,0.16017283950617289
4802,defined,793,0.40100882723833542,0.30399999999999999,0.24191194968553453
4803,defined,762,0.44488188976377951,0.33400000000000002,0.24923893805309727
4804,defined,775,0.41419354838709677,0.33200000000000002,0.19844236760124601
4805,defined,767,0.40808344198174706,0.316,0.22564856230031949
4806,defined,758,0.38654353562005278,0.308,0.20319453924914677
4807,defined,763,0.4076015727391874,0.312,0.23454662379421221
4808,defined,780,0.37692307692307692,0.27400000000000002,0.27306122448979586
4809,defined,780,0.42435897435897435,0.316,0.25534743202416921
4810,defined,810,0.40740740740740738,0.308,0.24399999999999999
4811,defined,793,0.40226986128625475,0.30399999999999999,0.2442884012539186
4812,defined,786,0.39185750636132316,0.28599999999999998,0.27014285714285724
4813,defined,774,0.39405684754521964,0.31,0.21331147540983608
4814,defined,784,0.39668367346938777,0.30599999999999999,0.22860450160771706
4815,defined,784,0.39668367346938777,0.308,0.22356270096463027
4816,defined,769,0.39921976592977892,0.28000000000000003,0.29863192182410414
4817,defined,794,0.37531486146095716,0.312,0.16869798657718116
4818,defined,784,0.42091836734693877,0.34200000000000003,0.18749090909090904
4819,defined,777,0.41956241956241958,0.32400000000000001,0.2277668711656442
4820,defined,776,0.43427835051546393,0.34799999999999998,0.19867062314540063
4821,defined,793,0.41992433795712486,0.34399999999999997,0.18080480480480488
4822,defined,782,0.40920716112531969,0.32600000000000001,0.20333749999999995
4823,defined,776,0.40335051546391754,0.32000000000000001,0.20664536741214057
4824,defined,787,0.41296060991105465,0.33600000000000002,0.18636307692307685
4825,defined,778,0.38946015424164526,0.30599999999999999,0.21429702970297038
4826,defined,775,0.40000000000000002,0.318,0.20500000000000007
4827,defined,787,0.40660736975857686,0.32400000000000001,0.20316249999999991
4828,defined,789,0.42712294043092525,0.32600000000000001,0.23675370919881311
4829,defined,785,0.41146496815286626,0.33400000000000002,0.18826625386996898
4830,defined,786,0.42366412213740456,0.30399999999999999,0.28245045045045047
4831,defined,793,0.41866330390920553,0.32800000000000001,0.21655421686746978
4832,defined,782,0.42199488491048592,0.34599999999999997,0.18008484848484851
4833,defined,759,0.38998682476943347,0.28599999999999998,0.26664189189189191
4834,defined,784,0.40688775510204084,0.32400000000000001,0.20371159874608147
4835,defined,786,0.40330788804071249,0.30399999999999999,0.24623343848580448
4836,defined,780,0.44615384615384618,0.39200000000000002,0.12137931034482763
4837,defined,794,0.41183879093198994,0.308,0.25213455657492356
4838,defined,769,0.41222366710013003,0.314,0.23827760252365926
4839,defined,780,0.38589743589743591,0.30599999999999999,0.20704318936877086
4840,defined,786,0.3931297709923664,0.31,0.21145631067961168
4841,defined,784,0.40561224489795916,0.30399999999999999,0.25051572327044025
4842,defined,777,0.42599742599742602,0.33800000000000002,0.20656797583081565
4843,defined,794,0.41561712846347609,0.30199999999999999,0.27336969696969704
4844,defined,780,0.4217948717948718,0.32200000000000001,0.23659574468085109
4845,defined,793,0.42370744010088274,0.35399999999999998,0.16451785714285716
4846,defined,781,0.41229193341869397,0.33800000000000002,0.18019254658385087
4847,defined,785,0.41910828025477709,0.32400000000000001,0.2269300911854103
4848,defined,780,0.40512820512820513,0.32800000000000001,0.19037974683544301
4849,defined,778,0.44601542416452444,0.36199999999999999,0.18836887608069175
4850,defined,778,0.42930591259640105,0.32800000000000001,0.23597604790419158
4851,defined,768,0.39192708333333331,0.31,0.20903654485049827
4852,defined,773,0.44760672703751619,0.34000000000000002,0.24040462427745668
4853,defined,797,0.40526976160602257,0.30599999999999999,0.24494736842105258
4854,defined,753,0.4063745019920319,0.33000000000000002,0.18794117647058828
4855,defined,778,0.42673521850899743,0.34999999999999998,0.17981927710843382
4856,defined,774,0.3979328165374677,0.29199999999999998,0.26620779220779223
4857,defined,770,0.40649350649350652,0.312,0.23246006389776364
4858,defined,776,0.42396907216494845,0.32400000000000001,0.23579331306990881
4859,defined,767,0.39374185136897,0.30199999999999999,0.23299999999999998
4860,defined,802,0.42892768079800497,0.32200000000000001,0.24929069767441858
4861,defined,785,0.39490445859872614,0.316,0.19980645161290322
4862,defined,770,0.39480519480519483,0.29399999999999998,0.25532894736842116
4863,defined,779,0.43132220795892168,0.33000000000000002,0.23491071428571419
4864,defined,783,0.42273307790549169,0.34599999999999997,0.18151661631419946
4865,defined,782,0.40409207161125321,0.318,0.21305063291139237
4866,defined,786,0.41475826972010177,0.32000000000000001,0.22846625766871165
4867,defined,788,0.42766497461928932,0.35199999999999998,0.17692581602373891
4868,defined,774,0.42506459948320413,0.308,0.27540425531914892
4869,defined,793,0.41740226986128626,0.308,0.26210271903323268
4870,defined,796,0.42085427135678394,0.33400000000000002,0.20637611940298506
4871,defined,776,0.43814432989690721,0.33000000000000002,0.24682352941176466
4872,defined,779,0.42362002567394097,0.33600000000000002,0.2068363636363636
4873,defined,789,0.43979721166032953,0.35599999999999998,0.19053602305475503
4874,defined,790,0.40759493670886077,0.29799999999999999,0.26888198757763981
4875,defined,765,0.4392156862745098,0.35399999999999998,0.19401785714285713
4876,defined,780,0.39615384615384613,0.29199999999999998,0.26291262135922333
4877,defined,790,0.39620253164556962,0.28999999999999998,0.26805111821086269
4878,defined,784,0.41581632653061223,0.32200000000000001,0.22561963190184042
4879,defined,768,0.39453125,0.314,0.20411881188118808
4880,defined,777,0.41184041184041181,0.316,0.23271249999999999
4881,defined,769,0.42652795838751628,0.33000000000000002,0.2263109756097561
4882,defined,780,0.42820512820512818,0.33400000000000002,0.21999999999999986
4883,defined,757,0.39894319682959051,0.32600000000000001,0.18284105960264907
4884,defined,787,0.42439644218551459,0.33800000000000002,0.20357485029940114
4885,defined,791,0.40834386852085969,0.312,0.23593808049535603
4886,defined,790,0.41392405063291138,0.34000000000000002,0.17859327217125376
4887,defined,794,0.40554156171284633,0.30199999999999999,0.25531677018633536
4888,defined,757,0.40026420079260239,0.318,0.20552475247524749
4889,defined,773,0.4204398447606727,0.32400000000000001,0.22937846153846153
4890,defined,785,0.41656050955414015,0.33800000000000002,0.18859327217125377
4891,defined,790,0.41772151898734178,0.33400000000000002,0.20042424242424239
4892,defined,770,0.41818181818181815,0.29999999999999999,0.28260869565217395
4893,defined,795,0.42264150943396228,0.32000000000000001,0.24285714285714288
4894,defined,795,0.41257861635220128,0.32600000000000001,0.20984756097560975
4895,defined,786,0.39821882951653942,0.29799999999999999,0.25166773162939293
4896,defined,782,0.41687979539641945,0.35199999999999998,0.15563190184049092
4897,defined,786,0.40330788804071249,0.312,0.22639747634069407
4898,defined,779,0.39281129653401797,0.28599999999999998,0.2719150326797386
4899,defined,782,0.40920716112531969,0.30199999999999999,0.26198750000000004
4900,defined,791,0.40328697850821743,0.308,0.23627586206896545
4901,defined,785,0.41273885350318473,0.32200000000000001,0.21984567901234564
4902,defined,783,0.41634738186462322,0.28999999999999998,0.30346625766871171
4903,defined,785,0.40382165605095544,0.31,0.23233438485804425
4904,defined,775,0.44,0.35599999999999998,0.19090909090909092
4905,defined,775,0.39483870967741935,0.29999999999999999,0.24019607843137258
4906,defined,792,0.39898989898989901,0.32000000000000001,0.19797468354430381
4907,defined,795,0.4037735849056604,0.314,0.22233644859813084
4908,defined,774,0.43798449612403101,0.34200000000000003,0.21915044247787607
4909,defined,791,0.4197218710493047,0.30599999999999999,0.27094578313253015
4910,defined,781,0.39948783610755439,0.29199999999999998,0.26906410256410251
4911,defined,779,0.41335044929396664,0.34999999999999998,0.15326086956521745
4912,defined,773,0.4023285899094437,0.29999999999999999,0.25434083601286173
4913,defined,767,0.44458930899608867,0.37,0.16777126099706752
4914,defined,751,0.42476697736351532,0.34999999999999998,0.17601880877742948
4915,defined,776,0.40335051546391754,0.31,0.2314376996805112
4916,defined,765,0.40915032679738561,0.32000000000000001,0.21789137380191692
4917,defined,777,0.40411840411840411,0.32400000000000001,0.19825477707006367
4918,defined,765,0.43660130718954249,0.34999999999999998,0.19835329341317376
4919,defined,786,0.40966921119592875,0.32800000000000001,0.19935403726708067
4920,defined,770,0.39350649350649353,0.318,0.19188118811881194
4921,defined,777,0.42342342342342343,0.31,0.26787234042553187
4922,defined,777,0.39510939510939513,0.29799999999999999,0.24577850162866455
4923,defined,796,0.40577889447236182,0.34200000000000003,0.15717647058823525
4924,defined,770,0.41558441558441561,0.312,0.24925000000000008
4925,defined,777,0.36808236808236811,0.30399999999999999,0.17409790209790221
4926,defined,776,0.40979381443298968,0.34599999999999997,0.15567295597484276
4927,defined,790,0.42911392405063292,0.33400000000000002,0.22165191740412982
4928,defined,794,0.43198992443324935,0.30399999999999999,0.29627988338192424
4929,defined,782,0.39514066496163686,0.31,0.21546925566343045
4930,defined,775,0.42064516129032259,0.33400000000000002,0.20598159509202452
4931,defined,781,0.45582586427656852,0.38200000000000001,0.16196067415730342
4932,defined,789,0.39670468948035487,0.29799999999999999,0.24881150159744414
4933,defined,771,0.40985732814526588,0.32200000000000001,0.21436075949367084
4934,defined,772,0.45207253886010362,0.34799999999999998,0.23021203438395421
4935,defined,785,0.42547770700636944,0.32600000000000001,0.23380239520958079
4936,defined,788,0.43527918781725888,0.33400000000000002,0.23267638483965014
4937,defined,795,0.41257861635220128,0.33600000000000002,0.18560975609756092
4938,defined,784,0.39923469387755101,0.30399999999999999,0.23854313099041535
4939,defined,783,0.43678160919540232,0.33400000000000002,0.23531578947368426
4940,defined,769,0.42912873862158646,0.33600000000000002,0.21701818181818178
4941,defined,808,0.42945544554455445,0.318,0.25952737752161381
4942,defined,795,0.42264150943396228,0.34399999999999997,0.18607142857142867
4943,defined,770,0.37792207792207794,0.30199999999999999,0.20089347079037811
4944,defined,783,0.44699872286079184,0.36599999999999999,0.1812057142857143
4945,defined,784,0.41326530612244899,0.312,0.24503703703703705
4946,defined,775,0.44774193548387098,0.35799999999999998,0.20043227665706054
4947,defined,783,0.41890166028097064,0.30199999999999999,0.27906707317073176
4948,defined,783,0.44316730523627074,0.34200000000000003,0.2282824207492794
4949,defined,762,0.43175853018372701,0.34200000000000003,0.20789057750759865
4950,defined,783,0.42017879948914433,0.33200000000000002,0.2098601823708206
4951,defined,801,0.41697877652933835,0.32000000000000001,0.23257485029940117
4952,defined,775,0.44387096774193546,0.35599999999999998,0.19796511627906976
4953,defined,778,0.39460154241645246,0.28599999999999998,0.27521824104234538
4954,defined,790,0.41265822784810124,0.32200000000000001,0.21969325153374231
4955,defined,779,0.41463414634146339,0.32200000000000001,0.22341176470588231
4956,defined,777,0.40154440154440152,0.33600000000000002,0.16323076923076918
4957,defined,773,0.40491591203104788,0.33200000000000002,0.18007667731629395
4958,defined,776,0.4175257731958763,0.33200000000000002,0.20483950617283953
4959,defined,788,0.42131979695431471,0.30199999999999999,0.28320481927710839
4960,defined,762,0.39107611548556431,0.29399999999999998,0.24822818791946311
4961,defined,779,0.42233632862644416,0.33000000000000002,0.21863221884498474
4962,defined,783,0.40868454661558112,0.29799999999999999,0.27083125000000008
4963,defined,791,0.42983565107458915,0.32400000000000001,0.24622352941176473
4964,defined,781,0.41229193341869397,0.34599999999999997,0.16078881987577642
4965,defined,765,0.44052287581699345,0.36599999999999999,0.16916913946587542
4966,defined,784,0.41581632653061223,0.312,0.24966871165644167
4967,defined,761,0.40473061760841,0.33000000000000002,0.18464285714285711
4968,defined,790,0.4341772151898734,0.34999999999999998,0.19387755102040816
4969,defined,762,0.4225721784776903,0.33400000000000002,0.20960248447204965
4970,defined,781,0.39692701664532648,0.31,0.21899999999999997
4971,defined,784,0.41198979591836737,0.33800000000000002,0.1795913312693499
4972,defined,778,0.42159383033419023,0.31,0.26469512195121947
4973,defined,782,0.45012787723785164,0.36799999999999999,0.18245454545454542
4974,defined,774,0.42118863049095606,0.32800000000000001,0.2212515337423312
4975,defined,781,0.43405889884763127,0.36599999999999999,0.15679646017699123
4976,defined,786,0.40458015267175573,0.32600000000000001,0.19422641509433958
4977,defined,804,0.40671641791044777,0.314,0.2279633027522936
4978,defined,769,0.40702210663198962,0.34799999999999998,0.14500958466453684
4979,defined,767,0.41069100391134289,0.312,0.24030476190476191
4980,defined,783,0.41762452107279696,0.34200000000000003,0.18108256880733942
4981,defined,761,0.40473061760841,0.318,0.21429220779220781
4982,defined,777,0.43500643500643499,0.33800000000000002,0.22299999999999986
4983,defined,788,0.43781725888324874,0.33800000000000002,0.22798840579710145
4984,defined,767,0.44198174706649285,0.33400000000000002,0.24431268436578168
4985,defined,788,0.42766497461928932,0.33600000000000002,0.21433827893175061
4986,defined,771,0.40726329442282749,0.33000000000000002,0.18971337579617831
4987,defined,768,0.41145833333333331,0.32200000000000001,0.21741772151898731
4988,defined,786,0.39949109414758271,0.29799999999999999,0.25405095541401279
4989,defined,768,0.42578125,0.33200000000000002,0.22025688073394489
4990,defined,785,0.40509554140127391,0.33400000000000002,0.17550314465408801
4991,defined,772,0.41321243523316065,0.34200000000000003,0.17233855799373043
4992,defined,777,0.39510939510939513,0.29599999999999999,0.25084039087947896
4993,defined,787,0.397712833545108,0.28599999999999998,0.28088817891373807
4994,defined,778,0.43187660668380462,0.33200000000000002,0.23126190476190467
4995,defined,773,0.4023285899094437,0.33400000000000002,0.16983279742765267
4996,defined,777,0.40669240669240669,0.33000000000000002,0.18857594936708855
4997,defined,767,0.42112125162972619,0.33600000000000002,0.20213003095975224
4998,defined,775,0.39870967741935481,0.312,0.21747572815533978
4999,defined,784,0.38647959183673469,0.28799999999999998,0.25481188118811882
