protocol_id,partition,cluster_id,canonical_prefix_content_sha256,credible_structure_family_count,fit_failure_count,best_prefix_rmse_pp,disagreement_score_pp,hard_eligible,primary_issuance_rank,primary_issued,abstention_reasons
synthetic_long_horizon_identifiability_v1,audit,c_007c5469e0202f163a26d51fe56425dd,4c60f9864c2c9981f6c625a947ba8a359e03e8929dac9abe28eca91191df776c,5,0,0.11458906209774354,39.019051419293881,True,306,False,ranked_above_issuance_quota
synthetic_long_horizon_identifiability_v1,audit,c_00acef5aa5d8286ebf76233ecf123b20,4e047c387798e353e4af2243a6282f2adedd185b7721b8c0dc4fc4a8e2594bed,5,0,0.12226282042236881,39.975889444487215,True,316,False,ranked_above_issuance_quota
synthetic_long_horizon_identifiability_v1,audit,c_016c49fa50a5865a0fe8e07e4825fcd9,5d836ea5570090f7a77b6d37273425734ff1278bddc517acc468e553297e437e,4,0,0.10664309644035469,25.594508069765915,True,1,True,
synthetic_long_horizon_identifiability_v1,audit,c_017ded3396ede44264965ff07629030e,31261d66825d91c0373bd1bee48c1c5d87c32f93c86548ed8d71de8c51950a1f,4,0,0.12649988046949293,32.510247357768307,True,117,True,
synthetic_long_horizon_identifiability_v1,audit,c_01de08b1d1895c78cdf51585efa92db8,5789f7b6b89806786388ceead6eef18c95db66d397088757322b9bda91263bd6,5,0,0.086885048110988516,32.699279095681035,True,131,True,
synthetic_long_horizon_identifiability_v1,audit,c_02750b806f7e03f64d4937c14ad4a4d1,2a0bd473c57422b38e8ea22417de0c3e246ac3c676ef8a1891f525a3d71ad320,5,0,0.1502632336511637,33.022954391068332,True,160,True,
synthetic_long_horizon_identifiability_v1,audit,c_028ba0daa685de3d645c4dd91a72edb6,cc2f90e302b923fe2bde0078a2a3d065b4fbf1fe3740dd92966fd7c9e3809c87,0,0,0.3033120854840452,inf,False,,False,fewer_than_two_credible_structure_families;nonfinite_disagreement
synthetic_long_horizon_identifiability_v1,audit,c_03a2f6cdc59bd959ec1ed375c659ef8e,5ec1bd1766c31529be6a9336d14cff5ef161bccd45155cfa02b92290f2210ec7,4,0,0.16666769816375099,32.141997258590862,True,19,True,
synthetic_long_horizon_identifiability_v1,audit,c_048268b3529b2b7911850f7dbeca8898,93791f652bb70fe30ce301d8e0540f1b35b1e7ff6cb5eb923c35dc5844873c3b,5,0,0.13600618875217077,42.049775847906595,True,327,False,ranked_above_issuance_quota
synthetic_long_horizon_identifiability_v1,audit,c_053e979ca83c708e5be4da309a232b89,55f4c55621cb3f855f5507f4ca49390e50570fa18bd7e542e1b7d05d52117365,5,0,0.026484501927696882,35.179345908523821,True,241,True,
synthetic_long_horizon_identifiability_v1,audit,c_05b4409274b2b1a80419a9d58f7121e8,c502fb884da2c145051d5bc03d5f54c0cb9390167048d95437a3e91930b49884,5,0,0.038007125262613302,32.80031586198195,True,141,True,
synthetic_long_horizon_identifiability_v1,audit,c_05d277cf738c7fd6ecd3a6d0701c97cb,6194a7e745263d5377734cb02d9f8b2b928765dccc6215f370411b004a7a1e1f,5,0,0.072692351532255672,32.141993705012823,True,10,True,
synthetic_long_horizon_identifiability_v1,audit,c_05e3ed5da8fde4cbf171d8d50f8e2e60,78746f4ed9fba7d158adbda10d539aa5891a3e12b9b3e31056712e47a7f262a3,5,0,0.068739065037158584,32.363356754836815,True,104,True,
synthetic_long_horizon_identifiability_v1,audit,c_064902bd948f47c98dcb6710de77d839,946e1dac5b189cca88bde8d47e8f21431493dc74199b80e0c0858c22aac239b9,5,0,0.066685901338917233,33.482795513493429,True,190,True,
synthetic_long_horizon_identifiability_v1,audit,c_0681d7a8112d8f5b8ed4e716c20f5fa3,9c5fc1f36b5c6932af24b8abbf4817c0439b8bf26873e05e2e039958d56c0fb2,5,0,0.15149959554644157,33.525537278053747,True,195,True,
synthetic_long_horizon_identifiability_v1,audit,c_06ea275adaee3c78474a1608588c3963,9b8b72eb6a3d5451b89b622b98035b2115299f5146004f8e2b1f7d01b99ba964,6,0,0.069402697154172036,32.141999919210747,True,62,True,
synthetic_long_horizon_identifiability_v1,audit,c_070c2da479f4061e2968698980d2c166,f609a84a505f01c35d7f1ca7cff1de4d9e31620c6addd173a15764d5830f507b,5,0,0.043411967605084985,35.307016736827201,True,242,True,
synthetic_long_horizon_identifiability_v1,audit,c_07150bf433ba0557ba7d8cbc5fa8b70c,3b0b92b3ab4ac8d92cdf285647fe29be52e185c25005bb46cb1f77e12dabb2e7,6,0,0.10003253692095647,32.226943839448708,True,90,True,
synthetic_long_horizon_identifiability_v1,audit,c_08471bae124c38d744e5a1836e80734c,2d45c1c523952c9b4eb24911a6991e18df5a71f65580f99f75d67db39baf6b81,5,0,0.09816699180376752,33.335661406549391,True,180,True,
synthetic_long_horizon_identifiability_v1,audit,c_08dcb85d47f5a830601b4c8aabcac900,dc3ff5e7dd0b48bf93db518bb2856c913d9ef5031a162a58ae0019d61371071e,5,0,0.10470915120793572,33.789904890652281,True,201,True,
synthetic_long_horizon_identifiability_v1,audit,c_093da2edee567a556450130fc28fac67,d3102b5e91c8ed10570183b124f12a4c300b35191e1966df6cd27be150984d61,5,0,0.03031193438913116,41.264002545448385,True,323,False,ranked_above_issuance_quota
synthetic_long_horizon_identifiability_v1,audit,c_0a913ac1920987dfb18f603eaa979005,abc571ced3be38efa7e6fb9436d8be260dbbd3ac80d8dd1a52634f31438cbb89,5,0,0.092909919499709101,32.141999120063886,True,48,True,
synthetic_long_horizon_identifiability_v1,audit,c_0a9f4b28c7feb8e8ded28ce79168454b,83deccbc51416f318ccdc4fc695069d2dab01f8cc5cff444cd59b92872660012,0,0,0.2508029059032198,inf,False,,False,fewer_than_two_credible_structure_families;nonfinite_disagreement
synthetic_long_horizon_identifiability_v1,audit,c_0aaa4a83a51214670a47b03c1f0bf881,b7e640359dd940a7a9ed2b333fcf5c932dac3e8cb87213eb3a70f2d0d234f907,5,0,0.083898405844493512,35.9694991983093,True,260,False,ranked_above_issuance_quota
synthetic_long_horizon_identifiability_v1,audit,c_0ab8d5cae4cf51171eacdc958055605b,650054f87205612b3ef1302b600f13395e219be9a2d61fe599d2b0d36dacec62,4,0,0.20361031094053916,32.881968448738192,True,148,True,
synthetic_long_horizon_identifiability_v1,audit,c_0c78ed7fb66f914d971423df2eb5307c,cf44ef072110a25d05f4a736ead6113e226eaa359b1ed84c8830cd7dc9ba77a7,5,0,0.21114902627755355,36.705543829381376,True,272,False,ranked_above_issuance_quota
synthetic_long_horizon_identifiability_v1,audit,c_0cd549e60c02b82acd89cc5c75d317d1,2622f3a8e038d7d2366890597750efbca70636390b8f853466027053c653cd45,0,0,0.28817450139457285,inf,False,,False,fewer_than_two_credible_structure_families;nonfinite_disagreement
synthetic_long_horizon_identifiability_v1,audit,c_0cf29cb2ddbe176918fed13a27fc9e2c,b450368a723b70149f1d6f81ba4bf800dad0266dbd2ece30f6136eac710b87bf,5,0,0.018365416614845389,37.361964201091233,True,285,False,ranked_above_issuance_quota
synthetic_long_horizon_identifiability_v1,audit,c_0d742044b6963d099c48916790e93055,94bd65d4c511ecf6e9ccfb57303e2a4df70f32a46431ad089b1ee10c5c50c98d,4,0,0.11301068520972558,32.706527429488361,True,133,True,
synthetic_long_horizon_identifiability_v1,audit,c_0eec2733c2f7b88e7097c302d4df01b0,970a172b7bee93c87f3575204d47db38b56441895faacff50de8c9958d1eff2a,5,0,0.053108437177017395,37.431213125548815,True,288,False,ranked_above_issuance_quota
synthetic_long_horizon_identifiability_v1,audit,c_0ffbaa2576463e6233bbc92af79c54cd,9e7c53b69ac6f8186f344435a5b861a2608423e965cc224120b1be8bd99ee7ca,1,0,0.086685147580809072,inf,False,,False,fewer_than_two_credible_structure_families;nonfinite_disagreement
synthetic_long_horizon_identifiability_v1,audit,c_105da9b78c70f66b4fc6797f11579048,9db47776545b20b5bb1a7c11505aa1914064fc286f318dff0f9342c443a5b29d,5,0,0.021166242538718755,32.141998353293047,True,32,True,
synthetic_long_horizon_identifiability_v1,audit,c_115a38050d44a7b4cd76e4a164f7af05,35bfdd7bb6b72fdcafb3522bd09d840c4d49e6b900cd2a4caa9e1c6d60d4ca95,5,0,0.030459592173192766,32.141998880025895,True,41,True,
synthetic_long_horizon_identifiability_v1,audit,c_11b2cb4fe7d312bb97eacc46714837cb,6d2af309eebdc7032fe957f07005adf5be4f4e94238955dc0ca60f2a638661ea,0,0,0.4360600588377046,inf,False,,False,fewer_than_two_credible_structure_families;nonfinite_disagreement
synthetic_long_horizon_identifiability_v1,audit,c_1220ed16028fc799753c00ae6029ad8e,1fb7a810a54ebe03f4cd1edcdda82652f779cf265a0146cb2c1d63f7918dade8,0,0,0.34727881000697702,inf,False,,False,fewer_than_two_credible_structure_families;nonfinite_disagreement
synthetic_long_horizon_identifiability_v1,audit,c_12aa2ce50e91f547ec390aa21c899875,5927c8ff14ec87a5f8e353d443f4886628e8f3f241495ac62adcabc1e2593bc9,1,0,0.09858418191038984,inf,False,,False,fewer_than_two_credible_structure_families;nonfinite_disagreement
synthetic_long_horizon_identifiability_v1,audit,c_12f6bec12602d4d1226afeb1474b0c45,a23bf2958008e2a69e328a6158663296d2ad255d4ade7e559f59db7c093438c7,1,0,0.10676103042681295,inf,False,,False,fewer_than_two_credible_structure_families;nonfinite_disagreement
synthetic_long_horizon_identifiability_v1,audit,c_13a5d41f99cb0a24e11ca3c5e8c76ff4,7186264871c9510642a57cac791ad3c0c0fc481e395b09d957d78bc0925e0215,5,0,0.076058368077474861,32.299553453673312,True,98,True,
synthetic_long_horizon_identifiability_v1,audit,c_147443cd8d14c0b18c6d38b20f3b2e3d,e348cbff0c014886675cf3fb95d3739f314491dd67ade5c1a9985276c49b7161,5,0,0.061881638222028322,32.453828635174993,True,111,True,
synthetic_long_horizon_identifiability_v1,audit,c_1474d2c79c9da3ab71a3ea60634770c6,d01c2be54c3731ad1060d25866257d38f7da9528b0df17b666105b7171f178a1,5,0,0.11243177809853298,33.692748479405722,True,198,True,
synthetic_long_horizon_identifiability_v1,audit,c_15b19f1c57a9823126f20b242065fe34,dffa23380e2a572bd0f86eee3b68f7d14bd9d5ae0e44a790bc0cf515094e465b,5,0,0.13049654490392201,32.627369811316385,True,125,True,
synthetic_long_horizon_identifiability_v1,audit,c_161f8b0ceb26ff8345dcb58172c29146,d1762d3453ad13dbb79fbd868896eebfbc4031781e3d605f15790f5332b4e537,5,0,0.012872535832029054,32.956290982882166,True,152,True,
synthetic_long_horizon_identifiability_v1,audit,c_164accd48f554de86e6cd3314b15b927,689921b2c2cfcc34dd807966fcfd5f0ee2bb93383d96acfba7f7b02e9d68eb91,5,0,0.058149806344353051,36.702902226559381,True,271,False,ranked_above_issuance_quota
synthetic_long_horizon_identifiability_v1,audit,c_16beb41ae929d1aef5fed449a2e1de85,cbf27e0b7d8219b44fba49c22ba9962db156f5c8d7eba3f6d121d4d24b639080,1,0,0.084256232629839389,inf,False,,False,fewer_than_two_credible_structure_families;nonfinite_disagreement
synthetic_long_horizon_identifiability_v1,audit,c_17346689320d8280062fa98aaf559dbb,9a66afd58b8985cf9156121adf5d9af3eb7617c2b3ffa7a585f281d2b4d6d17c,5,0,0.04876376145838994,33.53137273268068,True,196,True,
synthetic_long_horizon_identifiability_v1,audit,c_179a4642b8e00cf38acfd7f04f8a2eb3,f4f2380bba5568e64b7f6c5f20c5af154bd7e5514ff255474d0f9145894125c7,4,0,0.042705378718526664,32.142001543052551,True,74,True,
synthetic_long_horizon_identifiability_v1,audit,c_18095e1b0f22c292045da99276c6a3ae,827d951a8ef1aa050cb13f480ca6d0ddc6861677c83efa8b8ecd59fd91d22343,4,0,0.15714782294913937,32.464302184798953,True,113,True,
synthetic_long_horizon_identifiability_v1,audit,c_18831cfbebdf2d55c1f1a3a6a5bf9fbf,1f18f5449d400d2d5fc2b7173974d63675d7c157158a2b622459aea77020d9e7,5,0,0.089141248805262266,34.041692045052436,True,218,True,
synthetic_long_horizon_identifiability_v1,audit,c_191962bfab99a7e7fc0d9f9ddce1acdc,7da240b4558833d47f65dd30d1edf6732d390baa70138483d0edf408571f7828,5,0,0.024985840931541707,35.076630900288144,True,236,True,
synthetic_long_horizon_identifiability_v1,audit,c_1a15cdff7b30a0e16a60a824c1190602,d30b80ea8da4334b5b86e4fba57acbe83e134a90f09e369da43d7ddc89038a2d,5,0,0.095339236175489186,37.452000908691893,True,291,False,ranked_above_issuance_quota
synthetic_long_horizon_identifiability_v1,audit,c_1a379fae0125f9a91b579f9a96e05f6b,4b6305b94007d67929e6a46422aeac4e9b6b238d65e8dddb0822f87344fe4dbf,5,0,0.028212032120237086,36.109723893993355,True,264,False,ranked_above_issuance_quota
synthetic_long_horizon_identifiability_v1,audit,c_1b845345fc1c36a17363cc54d9316aa0,40aa4df53c474fa6c69818a8c8155a6bb01901b15a3d45dafdcc06e74fa63ac3,5,0,0.073557140566069865,32.208085465416858,True,89,True,
synthetic_long_horizon_identifiability_v1,audit,c_1ba68facc9d53f7681628703d96ac5a6,882d5677ffd8cc38f1e45d070c5aa0b370d5874ef0932e46c4dc52de3256c3d9,5,0,0.12381024268281753,32.141999118714907,True,47,True,
synthetic_long_horizon_identifiability_v1,audit,c_1bfde83d6da0077819c8b4a274e69af9,6bece04f594746dc6513e74948aa494555e7b1604b70fbbe6cce881ccb153d9f,0,0,0.22020895369185994,inf,False,,False,fewer_than_two_credible_structure_families;nonfinite_disagreement
synthetic_long_horizon_identifiability_v1,audit,c_1c1c9df47d9cc24fe4009c9be64f8a92,df842e168c7423c87ed4ee4b6183ca7f3ab73499bd251400405f5529ab982826,5,0,0.038248706789932758,32.332164594983553,True,102,True,
synthetic_long_horizon_identifiability_v1,audit,c_1c82382ade2c5f8f1365e7bf6f4b2f33,1c24e2d70c12128667ee75447a7107c4ac97bc3178272e0fa56de67da415ad49,0,0,0.53349426760624929,inf,False,,False,fewer_than_two_credible_structure_families;nonfinite_disagreement
synthetic_long_horizon_identifiability_v1,audit,c_1d467e93ca1946da0c59346a5a72c58e,6b713583b50f769c76abadb116b0a98900a84a0c2ed682325bb6e108e4ac313a,1,0,0.12389767898488914,inf,False,,False,fewer_than_two_credible_structure_families;nonfinite_disagreement
synthetic_long_horizon_identifiability_v1,audit,c_1d621a9ab6c87e0ceb04864dc595ce93,b4100d4d7054c49721f4d2b04fa5b34365bd4e09abfd11561ff997b65de6157e,5,0,0.065764012268931082,38.011021883512946,True,297,False,ranked_above_issuance_quota
synthetic_long_horizon_identifiability_v1,audit,c_1e2c46a140667a0f376802448c36bc4b,6efe083561326aa8943f6bee4e40b36007ee1baaf319494f029cf42c1c811330,4,0,0.15501085953696914,48.939097922301521,True,359,False,ranked_above_issuance_quota
synthetic_long_horizon_identifiability_v1,audit,c_1e4f8858f7b845e64c0c2e6664666bac,21dc64be4b23f03ad8edfe70d4d8b8b0cebf938fb5c90d4152785f050d2685a2,5,0,0.065537953798387533,32.142000880275745,True,71,True,
synthetic_long_horizon_identifiability_v1,audit,c_1ede29f6964728a682bc71be4a97c7e8,dc33e34f33a8165964dbc1bd8f6e5a527f5b0ee23019e040d305822b3b02f2a3,0,0,0.22764107103610451,inf,False,,False,fewer_than_two_credible_structure_families;nonfinite_disagreement
synthetic_long_horizon_identifiability_v1,audit,c_1f69577b87ccb85dead9e6c98bf62743,29eb89c28bdbe96443c326d3d767d32db77deae6194ce780f1fa5fe1cf70807a,5,0,0.033132270413953821,34.012581479707329,True,217,True,
synthetic_long_horizon_identifiability_v1,audit,c_1ff8bbc491b96c077b27585e0f5e0b9a,29ae19b9e35657399c9a97c6c0a6a13046557f3bed75e6c5e544e7c701b7dee8,5,0,0.083895142410938151,35.52525577164193,True,246,True,
synthetic_long_horizon_identifiability_v1,audit,c_20182c64eff57428702e4e113fa6c52a,b6a74e9c001c3687248a5b47db35227140e513e43ad3d713587ea8214e9a74ec,5,0,0.047527419308862597,32.437899825467184,True,110,True,
synthetic_long_horizon_identifiability_v1,audit,c_2059151432f233d28c1c43accfe639a6,e4a028d2730e32c42fc3f74df6a8d00de34801e27c5afa004ac5a543cc5372b5,1,0,0.1681629833932691,inf,False,,False,fewer_than_two_credible_structure_families;nonfinite_disagreement
synthetic_long_horizon_identifiability_v1,audit,c_20d4d38c0f2413502df2b981717cfafb,5fe342cee0ea43f4c416ff113f29c0e1d1b4f06920e6070efd2257f1adc83224,0,0,0.18710314355163699,inf,False,,False,fewer_than_two_credible_structure_families;nonfinite_disagreement
synthetic_long_horizon_identifiability_v1,audit,c_21503a6489ac6a46c1c7e31238e7ff8c,1d432f6abce7835d11e45d7f649acc4570b7382c6e51f4720206fe3867e639de,1,0,0.057330959657475873,inf,False,,False,fewer_than_two_credible_structure_families;nonfinite_disagreement
synthetic_long_horizon_identifiability_v1,audit,c_23c5b71251589912645b79a53591fc69,ccaa5d1d77f008f26d61a00c9c9bf9503e4fbcc8d57eeeb9cb4ef22fcbd5f2e0,5,0,0.10929335673774929,33.467395919969739,True,188,True,
synthetic_long_horizon_identifiability_v1,audit,c_23cd97326cc6577d590256f794dc7b66,d4563e2b4367c1ecd1fefd02f1c97e3efe1f7cf05cd80054c37010fafbb4fc25,5,0,0.18066635318709429,32.141993885082712,True,12,True,
synthetic_long_horizon_identifiability_v1,audit,c_23d114443549b929f6fc40e41b7fe655,bb3e459064943a59bd1d4afddb9bd04b30e558ac37878c942d8bfc9ec5f6b3ff,5,0,0.13519968553316961,33.484108141073946,True,192,True,
synthetic_long_horizon_identifiability_v1,audit,c_246318196a7dfec54c61d65441336356,12009b18484a709813e88c8b8a0a557aa8bfb30569c24642aee99056c7beef69,5,0,0.09096184009313879,36.011340253369291,True,261,False,ranked_above_issuance_quota
synthetic_long_horizon_identifiability_v1,audit,c_254e1a1e4db06a38a1b7284d05b9263a,419791d925978630d0969a4a58d495c75b5aa090410232cbbb2591932ca532f4,5,0,0.047327046028480861,33.937088858024559,True,212,True,
synthetic_long_horizon_identifiability_v1,audit,c_260a7baf0227a99d6ef68ee6557c1896,b475a1e9e6a24da03d4cb7b1900524ea85394b4b7561ebae8734f935bb237bb0,5,0,0.12605251019773528,35.776167977289866,True,253,False,ranked_above_issuance_quota
synthetic_long_horizon_identifiability_v1,audit,c_2686794c9e60b30c8edc30de6d5ba427,ffbbea5b159e4dd3da2879fc7cb035f0083acbb7833d1f8f754613034e44f927,5,0,0.063229789593599303,33.823411595766203,True,203,True,
synthetic_long_horizon_identifiability_v1,audit,c_26e5458dd8515040565f419b28b544ae,5e00560ec4337d0894c9f90eae83ca4168192de221af092edd510100fe076c86,1,0,0.020904245690968184,inf,False,,False,fewer_than_two_credible_structure_families;nonfinite_disagreement
synthetic_long_horizon_identifiability_v1,audit,c_27888c935aa4853a1dc03ac401afd877,fd14918be781abec697d1575d752c2e778ab31522141fa6a7177ce4397ae6b30,0,0,0.48869248000570703,inf,False,,False,fewer_than_two_credible_structure_families;nonfinite_disagreement
synthetic_long_horizon_identifiability_v1,audit,c_27ae80a344c39e1a908dd02767bdb256,a89ce324b674e3bbda8144452abfc104e50d00fdcec78943f7fb0a29b5d441cf,5,0,0.091664356818248333,32.141999001050252,True,45,True,
synthetic_long_horizon_identifiability_v1,audit,c_27bfb4d5e3472d6acfe6be64355bd670,c908e7fbf14df68a016ab8dced7d122c82ec3db06a5b893c6ccf739c9b052260,5,0,0.078352084321329327,32.789963682184691,True,139,True,
synthetic_long_horizon_identifiability_v1,audit,c_2902f79005f339a6bcc307378446b524,892c1287d80710fec77bdd5d00458ae4b4de8d90b17133a3d142ed467414b1ad,0,0,0.40390536888443862,inf,False,,False,fewer_than_two_credible_structure_families;nonfinite_disagreement
synthetic_long_horizon_identifiability_v1,audit,c_294e43961e20f6181dc777fd0025fab0,46c6922a7682a0f6a97f8a3c33a668af8ba4df6f7345476c6a489e8da5eea8ac,5,0,0.19392350436920527,46.418129766122341,True,348,False,ranked_above_issuance_quota
synthetic_long_horizon_identifiability_v1,audit,c_2986dfa7cae4048c9b3a35e314aa2ca5,ad03aeb75912f84c6218018110cd7bbea456974660f29ec1db44ecb17b254cf1,5,0,0.10894964372661529,36.327780248969191,True,265,False,ranked_above_issuance_quota
synthetic_long_horizon_identifiability_v1,audit,c_29f8081d98752993bde50ce6cbe341d2,117d536b3c7ec6b705e6fbd363ec3d789f2549a32870f034bfc00525d01762e4,5,0,0.062553256355904571,32.14199822143209,True,29,True,
synthetic_long_horizon_identifiability_v1,audit,c_2a6d05af1e71d6735f85412a973d66c7,941abdb840c976275f87a6a053e7e5a0b10495b58ea1e6bcdfce29a8699d118f,5,0,0.09255034997850782,37.063402000080998,True,280,False,ranked_above_issuance_quota
synthetic_long_horizon_identifiability_v1,audit,c_2d4353d3d4dab97fbdb6e6e49e26b0f3,38b6c00d4a130cdc2be0328ff636318c2712b259bc9b54bff196863c04774ebf,1,0,0.14836631110508899,inf,False,,False,fewer_than_two_credible_structure_families;nonfinite_disagreement
synthetic_long_horizon_identifiability_v1,audit,c_2dc1bf9a46c3f2609c7dee207c18c23d,03de64713da0d905999593d26d92f744aaa0c2659cef8a2be1d39ce9a449fb1f,5,0,0.044999251607413596,34.64645111667479,True,232,True,
synthetic_long_horizon_identifiability_v1,audit,c_2de573aae6661f9cb820697748e2da35,7fb02bc9aa51339d353901573601582787fae059bdb44d4e875c6fdc5bf49b1e,5,0,0.14536050043485288,49.323774175710348,True,360,False,ranked_above_issuance_quota
synthetic_long_horizon_identifiability_v1,audit,c_2e4238b0e024955f091f673ae4b1caf3,5ce0dc0051b99551879db99c0ae7c12e4851eebeebe31af4d6311d604b3fccfb,5,0,0.062764720315131903,32.141998529867337,True,34,True,
synthetic_long_horizon_identifiability_v1,audit,c_2f1e01d133f10d8270f790ef9380ff35,037e96b27bfb250a4f81d31d14597f71a3bf266d33bc0bf04a909111cdeda55c,5,0,0.039990331591514272,32.9943762006085,True,157,True,
synthetic_long_horizon_identifiability_v1,audit,c_2fd5d10bbed14d87e5861c3a9ecb1932,30172f54492d530da90c94f5b2a65fbe2b1f3428edb23885d4d4d9ae563bae13,4,0,0.092662548846405637,33.483877555618946,True,191,True,
synthetic_long_horizon_identifiability_v1,audit,c_2fd99a34e01489ad25e4eda7cc440bd3,42f05067c1cd394dffff502e015ab17dbb644a3c766740ad67a59f36c9e64c18,5,0,0.077218411785813484,32.141998923585149,True,43,True,
synthetic_long_horizon_identifiability_v1,audit,c_300e705a0daeefcdae3d9dfff6dbc6f3,46ab8122b85375be03905fac654dad65bc890e98d09d1c55a89999b4d544e00d,1,0,0.04082462206351261,inf,False,,False,fewer_than_two_credible_structure_families;nonfinite_disagreement
synthetic_long_horizon_identifiability_v1,audit,c_31a8c52cfb245d1359942cecd86f0a00,f14e5592ca9a232b99f5e315f7d9f820b27710fb03d6ea1c99be8b6dcfe4a342,5,0,0.14054824875155236,32.14199966600259,True,60,True,
synthetic_long_horizon_identifiability_v1,audit,c_320551deb11259ec0b8fe06f535691cf,e8058733744130b71ac2e45b97cfd61eed25882551aec876e916a953123f18b8,4,0,0.07109091500016694,37.413700779381223,True,287,False,ranked_above_issuance_quota
synthetic_long_horizon_identifiability_v1,audit,c_33050960b016c0ed15fe2eb949467ae5,f94fab5a7c9f4485134e11d80a09893d3c61bd957658c6919eeb2806329dff55,5,0,0.03238038622985296,32.141996170688969,True,15,True,
synthetic_long_horizon_identifiability_v1,audit,c_331caef8dcfd309636f7f457a0437b48,97749ef96bc7233dd744f18f00594b10b15bb4edd46fa4ab066f5b255ee2f9f0,5,0,0.081992950551429702,45.623118245511399,True,347,False,ranked_above_issuance_quota
synthetic_long_horizon_identifiability_v1,audit,c_333552562e31b75affb136f964fecfcb,216d5f282908f6e296d3dc4b72610c893e664e97195dce35e21ce432bc230b5b,5,0,0.039368274328698556,34.431852124166987,True,226,True,
synthetic_long_horizon_identifiability_v1,audit,c_33d93f5311da73fb678c864d6b55b243,01c030541ca4f8b7ac9531aac3e0edb6620e749d762a2037a39726e68b7f31b8,1,0,0.065140947214286773,inf,False,,False,fewer_than_two_credible_structure_families;nonfinite_disagreement
synthetic_long_horizon_identifiability_v1,audit,c_340d5466365b9d975806b92862b19d31,7108211872ed6a793543cb5751f640dcb5c37c73afa417f3bf61178ad2d4d976,5,0,0.034713004221408501,33.933424510507734,True,211,True,
synthetic_long_horizon_identifiability_v1,audit,c_34936fc478d9995d8253abe59bf97a30,b8b514421a7dbc468b7b48293f03e0f54f8b69d59568d49d977ac15c3e19a844,4,0,0.019812918153510075,32.141992670037091,True,8,True,
synthetic_long_horizon_identifiability_v1,audit,c_350bb05b76d938e9d36f8b5242008bfb,89da586ef3ada72de00f505e9e30aa8171bae7b957b1e0e236a230b4c3303fba,5,0,0.12405563598596099,39.384707561710677,True,309,False,ranked_above_issuance_quota
synthetic_long_horizon_identifiability_v1,audit,c_357d597c6680f7fc5c769c8cf3d87cca,9e7f6534ebe455dbe854138631371d42964a6fd529f29b99873ebe5020689b0e,5,0,0.065246508714761911,38.922548467922162,True,304,False,ranked_above_issuance_quota
synthetic_long_horizon_identifiability_v1,audit,c_36047615b5c11b4550eac1fcb20e0962,ad3206257842de944999a7024a536941347249adfe34ca514d6a7abf6eb6cb33,5,0,0.073825503954567231,32.489476941017763,True,116,True,
synthetic_long_horizon_identifiability_v1,audit,c_367e4b3a7768c9e5680266cf7600840b,89358c1623946d29898cbdfe06df880d18304f011eb59a4823f5559f5a274758,5,0,0.079028928665689668,33.296185142823163,True,176,True,
synthetic_long_horizon_identifiability_v1,audit,c_36d1a9fa1cfe35e780a58e7b629c2744,d557b8a54f9519883d146096e8bc1cfc965451218d18275bd3bf6a0744ad5b25,0,0,0.26712084002778219,inf,False,,False,fewer_than_two_credible_structure_families;nonfinite_disagreement
synthetic_long_horizon_identifiability_v1,audit,c_36de8b1d8fce8c765368aab65b65d701,67fecb334425b0fee39e85c1a11a34470ab6cb6a83731cdd83ff7964c38d0112,4,0,0.095818320913339458,32.14200891146222,True,80,True,
synthetic_long_horizon_identifiability_v1,audit,c_37941e13e481c9e2aec81bedde9b3522,f89a738adcdfa839e50d57370d607bdd605c1557618e24b037b43c421e1972c2,5,0,0.050970924500557187,32.811311274705702,True,142,True,
synthetic_long_horizon_identifiability_v1,audit,c_37a7bc44585287d54bfabd6bfa43ed4a,fa225079c87ec1153461068021bb997ea71259d57d119f58e31d7fd0e0d90a41,5,0,0.03750142156513335,36.416140869729425,True,268,False,ranked_above_issuance_quota
synthetic_long_horizon_identifiability_v1,audit,c_37ab80852ec81b9db67221fd70d92da8,135f90485b0d98d2a07638645f8b3935699e00e990d07b6d0dc6167939e650cc,6,0,0.15278580064859729,32.972973051744148,True,153,True,
synthetic_long_horizon_identifiability_v1,audit,c_37e27c2971f2b8fa56c61da0a40964ff,f4b309ae2f2f23763de9ddcc616ed26124e4c13c1f663d463293584e0deaa5ab,1,0,0.19524571759024834,inf,False,,False,fewer_than_two_credible_structure_families;nonfinite_disagreement
synthetic_long_horizon_identifiability_v1,audit,c_380ee2e479738b90af1f0cfb3b2e197b,7ff54320ac86e6e36d506dcb127df372f655e64fb717120246387c386b5d6dda,0,0,0.19389686605313192,inf,False,,False,fewer_than_two_credible_structure_families;nonfinite_disagreement
synthetic_long_horizon_identifiability_v1,audit,c_38ff0c17970cc5b7759fd1c38cfc1611,cde58014ede7b98f15af560a2bbc4ef3763d517913c42404340051e513cdda36,0,0,0.24795991434826345,inf,False,,False,fewer_than_two_credible_structure_families;nonfinite_disagreement
synthetic_long_horizon_identifiability_v1,audit,c_39a762712b3e3868291a726266572fac,107560255a3774b95dc193715a3b6306f632b4c968808e65220e0edf4b2256a2,5,0,0.041923161662250061,32.141997377161545,True,20,True,
synthetic_long_horizon_identifiability_v1,audit,c_3ad21d3d22ecbd5b236a5b5b18d44e83,a69861186c5ee38daa0f743185cbe2324315eaf0faf83792678df85a0f6c159c,5,0,0.14758420129936339,40.346541793387267,True,318,False,ranked_above_issuance_quota
synthetic_long_horizon_identifiability_v1,audit,c_3b355fa800d4a00ee7113d2a13827cfd,f359764d8996895890a0f71b4fc05bb5d3ff9485ca1928883af36b2d1a437f85,4,0,0.19255029140462912,52.609009480983232,True,375,False,ranked_above_issuance_quota
synthetic_long_horizon_identifiability_v1,audit,c_3b38d6f6fd38bffad963e7322eb83ff6,1baa7b2d42240930cf3d55f62a76afcd9f53b56fb97051a9b70b31c34ab99fca,5,0,0.19068134081741761,50.191645440230765,True,364,False,ranked_above_issuance_quota
synthetic_long_horizon_identifiability_v1,audit,c_3b94ac607ca83bc0361eb088479bbd02,263a5da99205bdee10e83db3c37d102562db98ea91065a552e9592c2263aefa3,1,0,0.017130443038748056,inf,False,,False,fewer_than_two_credible_structure_families;nonfinite_disagreement
synthetic_long_horizon_identifiability_v1,audit,c_3bc4f1e2c4a58f640bf2db72891d5ff9,9f875bdd0f69b209c1ac8ae3333ff1730a0304094f0109ca7b4c8cbdb438cd27,1,0,0.10587490852443469,inf,False,,False,fewer_than_two_credible_structure_families;nonfinite_disagreement
synthetic_long_horizon_identifiability_v1,audit,c_3d0225f7f5bb416231cd09bfb5caa1cb,7767bcc0bd8bea7f7bfdedff76329b5f2550d7746000d5f1bfcb3729e19f0a18,0,0,0.30898865773903289,inf,False,,False,fewer_than_two_credible_structure_families;nonfinite_disagreement
synthetic_long_horizon_identifiability_v1,audit,c_3d7d8b3dd887837d511e7969659c348e,dfd4d59824908064e7ae0339c2e3cf0326efed8a0375802d4fa1dbadf547c073,5,0,0.14575466537922072,49.945038177760573,True,362,False,ranked_above_issuance_quota
synthetic_long_horizon_identifiability_v1,audit,c_3dceb4a69309691f0df632e8cd2a718f,c7d2473142a4a7748ce14062f6c46a00811c8b794acea86936eaa37dfcd99969,6,0,0.068533535313377317,32.798208714752576,True,140,True,
synthetic_long_horizon_identifiability_v1,audit,c_3e0f830c8193c9d04e57b6335a26ca14,3f51531a40b03a66bc04e8ec398775c1031474df58a31a3af5b41923dc962ad7,5,0,0.089632520966627063,34.285920599844054,True,222,True,
synthetic_long_horizon_identifiability_v1,audit,c_3e2e222b085a19eb7aa941ea451ecb8a,a31ba4c673d8c3ae31bcdad5cad8d753a75ae9ac5a9369c3ee20e5b1934812ad,5,0,0.028245689852995529,34.456058774955956,True,229,True,
synthetic_long_horizon_identifiability_v1,audit,c_3f20a049e6b15a3770530403187df2eb,267eec45d716dd2c74e5667b51026d4367fd0b9b874b0f97e941c046fb3f5362,4,0,0.19872925982307241,32.142023455524658,True,82,True,
synthetic_long_horizon_identifiability_v1,audit,c_3f3af5d3f9905c0c9ae991f6306b9e82,8117fa6eb65e4f97af54d59d2ced1cda7e96a964b0108fbec96cc35e2432b37a,5,0,0.032510388962236222,33.394604575042031,True,183,True,
synthetic_long_horizon_identifiability_v1,audit,c_3f77dad05670bc2fd0c309e96b96ebc4,c6421916e9ea7f85e6abbe8f713ee410baefad1ed5d6662e47c4ef40a70e4b72,5,0,0.082100875951250124,37.445068680260256,True,289,False,ranked_above_issuance_quota
synthetic_long_horizon_identifiability_v1,audit,c_3fb1d36689311a69660b628ae2b9d678,b5c8e530c76b625e2441e3314047f4c9201ac219e589dd90eabb9c7fd95cc34d,4,0,0.21036084799014459,38.863010018658095,True,303,False,ranked_above_issuance_quota
synthetic_long_horizon_identifiability_v1,audit,c_40e09114ecff6a70ac5654eb02b4437e,d27b7926280a113c9b2c91764829900c3708f2d0fd4518d92d5928d0fa2f7be4,4,0,0.17937046392530426,35.958314148819589,True,259,False,ranked_above_issuance_quota
synthetic_long_horizon_identifiability_v1,audit,c_41271d77b57011e2728fb5e0ae50ad84,9c39ef2b5c3d860feebe49fb8e5a034ebdf7d8fe91ca658e411d9ec4fe18349f,5,0,0.16115743517607792,46.52788791650368,True,349,False,ranked_above_issuance_quota
synthetic_long_horizon_identifiability_v1,audit,c_417aa1864e46b3598cae3d9f1d233ac9,076097223cc93c54ee7882ec30ec514a89ba0389978d5e0df8ce75f76bdff850,0,0,0.35351531771723732,inf,False,,False,fewer_than_two_credible_structure_families;nonfinite_disagreement
synthetic_long_horizon_identifiability_v1,audit,c_419261b0b02a85e862f391477bb96b66,96771e6461cebc529ff0b4c282e94c43596e19d8b68750ac497198f931b1a36a,5,0,0.17445777588959829,56.665004013226515,True,387,False,ranked_above_issuance_quota
synthetic_long_horizon_identifiability_v1,audit,c_41a0ccd114828fbcdef65e992531064c,4347188795a5d2b6f72a5bc59f74c12993f5f0ef909e86f0357c60e852c90094,5,0,0.10376907985985039,37.115535594103484,True,282,False,ranked_above_issuance_quota
synthetic_long_horizon_identifiability_v1,audit,c_41bdf5b734a9cc7122a48df6471c5359,068731f5cb2b383bf7fdd3808d2574b8bc2ce7e27ba8021664435b9bf8fdb5d4,5,0,0.066020228395400102,33.852120655361219,True,206,True,
synthetic_long_horizon_identifiability_v1,audit,c_42271fa9c28271c361915267e7f329a5,812888e0cc1be1def550368b29bc818e60608a763e5a1e3bd5f2a1123e034e91,1,0,0.10823515423930628,inf,False,,False,fewer_than_two_credible_structure_families;nonfinite_disagreement
synthetic_long_horizon_identifiability_v1,audit,c_43bd711f5e78ee9251cca730aafaf240,18e429d4f0d17837a87fbe05f81d8cb28f7193ede4fed0ccfc2b7d8caef4c958,4,0,0.21309431496267295,42.395874507486489,True,328,False,ranked_above_issuance_quota
synthetic_long_horizon_identifiability_v1,audit,c_43da660a778c6841407f7b8f3ea60ce4,973e4f3cf97be595b2d90c339067f8acee5212aee73a8a16508b136eecb96ca4,5,0,0.13584263077746492,33.275275234131932,True,175,True,
synthetic_long_horizon_identifiability_v1,audit,c_43f63877ea8e20c549916b72cf88827d,1707b5d42b997fe20a94e40a7dc6d0ec962a3a4395599d685c8c7d4362764aaf,5,0,0.09390439581905978,32.142001162438163,True,73,True,
synthetic_long_horizon_identifiability_v1,audit,c_444e2b9db392fbb3d3a463b973bd30a4,ad19172357a28a31fe50a7ced60f328067da583ef48b5ef99e8e44749279e794,5,0,0.090265490853359553,32.686364768596505,True,130,True,
synthetic_long_horizon_identifiability_v1,audit,c_4509a24aab7df04b3f834d8fee8eb404,b3063eb692c6a1f91a4821625cddc1d842a6a478ff05cea459c40f6ef6b07d73,5,0,0.088658513317334056,37.733191732581481,True,295,False,ranked_above_issuance_quota
synthetic_long_horizon_identifiability_v1,audit,c_45606ef616894fba0f3c9b7372b35117,989218183325c24d8addc00f1fa34ef8cb1692185b3962b5bea3ad9ee8c8dca8,4,0,0.032941853971001703,49.455254946905278,True,361,False,ranked_above_issuance_quota
synthetic_long_horizon_identifiability_v1,audit,c_45f3c49722b041bf5b2ad9728ec49430,9d3d3e9d2cb604a666619e646ed36320b960d875ef7f7a2fcf08f5bd497981ee,1,0,0.24551510543383404,inf,False,,False,fewer_than_two_credible_structure_families;nonfinite_disagreement
synthetic_long_horizon_identifiability_v1,audit,c_45fec3521122189820ac9f420196af7a,93d3ec1378f13722da715e5726d9cb1c07fe2c7ffa12a825de3f13a65d03b528,5,0,0.056151061327256425,42.898946450486626,True,333,False,ranked_above_issuance_quota
synthetic_long_horizon_identifiability_v1,audit,c_462b05e84cfe7fd55fdc74cc2540d737,c77906c96073af503c80bcc874d84b11d13b7ac062df194c6800aa811da19b25,5,0,0.21092905689754718,43.832784947389449,True,342,False,ranked_above_issuance_quota
synthetic_long_horizon_identifiability_v1,audit,c_4683e91e4b6e449001cd755ded292ba0,1cc13978ddbde825ff3ff5553d8fa12c2a6cf834634d7e52de14c132fac261f7,0,0,0.29425350980989989,inf,False,,False,fewer_than_two_credible_structure_families;nonfinite_disagreement
synthetic_long_horizon_identifiability_v1,audit,c_46c7132b82408cab2bb7842e6776b3f6,e785394d0ad49632aff4f676505f5a20c8e6b8505c1a21f5dfaea9def209d235,5,0,0.050903228934925972,36.988012171712136,True,277,False,ranked_above_issuance_quota
synthetic_long_horizon_identifiability_v1,audit,c_46c96b128da1580d41bd768abf43b10b,ece7d56c15fe68637ade7c28b263c8f83669140c834f79424b886cde936a189c,3,0,0.21068816857489356,35.75587044339408,True,250,True,
synthetic_long_horizon_identifiability_v1,audit,c_477aed466ef6e2e2e06dfa0b8562321b,77285f8ba4f746f5a1bf9a77bdb35c30809eff6f7556c68d40f69485c70934f2,5,0,0.10708765729665309,32.141992738945113,True,9,True,
synthetic_long_horizon_identifiability_v1,audit,c_4784816cb40c3996ae13fae9779d1789,855754fb0541b17182d90db0bfd377676847d53a24262c0e21e629c62f4e2be0,1,0,0.041330459191922381,inf,False,,False,fewer_than_two_credible_structure_families;nonfinite_disagreement
synthetic_long_horizon_identifiability_v1,audit,c_4825f94396fe932e12080e7e97316dc4,980ccb4480f92a5d1e86ba0c0054fd929cd9d6c6fd77eb08ff9719a764c4b3db,5,0,0.14354924267881825,36.440083485961829,True,269,False,ranked_above_issuance_quota
synthetic_long_horizon_identifiability_v1,audit,c_488c2f8ba021335564d308cd5666dcba,93f8024135352ca273548656bd88a7d9825798d5449720c9f9075d91bf677e82,5,0,0.14159190229103685,33.512113503889175,True,194,True,
synthetic_long_horizon_identifiability_v1,audit,c_49462143758e6bd23cca65c74d2e5e5f,2d349b2685e16b5c6688ce28cc8a64f659d619a5f672a3d561f7ee9fcbd3c178,5,0,0.050384687249758114,32.60137743264724,True,123,True,
synthetic_long_horizon_identifiability_v1,audit,c_4a116f16d23adf4c7cb2aa8d429f4288,26181ef7122886f5ba618f7e80532c72ca2cb37fa5eca9ce6c953d10ad4552b8,5,0,0.082089222201398998,42.842582721780268,True,332,False,ranked_above_issuance_quota
synthetic_long_horizon_identifiability_v1,audit,c_4b53a5eea8a831db67b059da33deffb8,a59d40ca193685c5ef1ad145ce02fdce46cba950167620b5bd03c594d95fdd02,1,0,0.064982335690043844,inf,False,,False,fewer_than_two_credible_structure_families;nonfinite_disagreement
synthetic_long_horizon_identifiability_v1,audit,c_4bc0454564944a7a08bad355db6c11dd,4b77a65295820f52c2061a5606f9cc6bd52e0d6fad64b92839d85ebbf6006133,5,0,0.082637876167467011,32.842604612876634,True,144,True,
synthetic_long_horizon_identifiability_v1,audit,c_4bcc48f7d0e61dca403c0b264b606504,ce0ce259df6fb809e937136c4aaadab66ab9a2ce0620b86e636b71acf7f4f8d7,0,0,0.22183136851142865,inf,False,,False,fewer_than_two_credible_structure_families;nonfinite_disagreement
synthetic_long_horizon_identifiability_v1,audit,c_4ce31ee96f0177bb30015a69e94c60f5,ad542c1ed073fbe04bbb1710f661954efb4f32c72b85ca89d0276cbb33dd3fc0,1,0,0.16038793252474398,inf,False,,False,fewer_than_two_credible_structure_families;nonfinite_disagreement
synthetic_long_horizon_identifiability_v1,audit,c_4d22390fb59099d9edd907432b4c475d,9ca3fc368f2206e284508bdbcfbc1dc2302c13bee7f0fef1e33232b1f563eaa7,5,0,0.056333165895994852,42.562637766876342,True,330,False,ranked_above_issuance_quota
synthetic_long_horizon_identifiability_v1,audit,c_4d8cbc7de9a32ac51cfc93a4f33f4802,c618ae8e79f429475b0f6008176dcaca30a45501f888d50318d43528a859300f,5,0,0.027352829015440054,33.409599608308554,True,185,True,
synthetic_long_horizon_identifiability_v1,audit,c_4df0daca1630b7db0cdc43aeef5b84e5,6a3bedc8c113bcbc5b6d8c5fab75c4cab05d2cca5c142f005d93aaad342de9d5,5,0,0.087756536467576779,33.297847386232192,True,177,True,
synthetic_long_horizon_identifiability_v1,audit,c_4ed1ecebfe363ed49214f648beadfa92,89a5787cc2f6ad2dfd79902ef58fbb506f1cb1fddaa63157351eee97d2530281,4,0,0.045882722857563452,41.851549152245759,True,326,False,ranked_above_issuance_quota
synthetic_long_horizon_identifiability_v1,audit,c_4f8857f90abee4733f8f4cca2f96549f,24a70006301f7f945837fca3da203e5b769531c2495a0aba4758216c183e5b0a,5,0,0.22037667287853996,46.778394220987998,True,350,False,ranked_above_issuance_quota
synthetic_long_horizon_identifiability_v1,audit,c_50ebb3ed3430777577037422d84a3920,a684e0ce4c68ca5a1ca495078c3da7bfbdd5c8f2cf070dd49fe7272169bbf759,4,0,0.19415178529887839,55.930242389311722,True,384,False,ranked_above_issuance_quota
synthetic_long_horizon_identifiability_v1,audit,c_527d26b92e90c1f8327472bbfd3bd5e1,8b7aa61348889c900208b5b8de30da04165dcaa80a3a426a76c6f607ae3b8109,6,0,0.024537979955725053,32.469727629457438,True,114,True,
synthetic_long_horizon_identifiability_v1,audit,c_531f8826f5ad177ec71d3ba3f72c5e67,d175caed7672e62c2521ec576d1d52873d61dbbd16b363bdc05d1bc655b20eab,5,0,0.10351381046289572,32.141999407964391,True,52,True,
synthetic_long_horizon_identifiability_v1,audit,c_538f6e0c32de553453b4736d31e3288e,67ee290d3694d822d020fd72e934c80284bac1c77cffc89650f06035bd96b35a,0,0,0.31877365151354348,inf,False,,False,fewer_than_two_credible_structure_families;nonfinite_disagreement
synthetic_long_horizon_identifiability_v1,audit,c_539585e567027205e600d505e02cbd55,0bcce6d87314991ad8fefbaaeb6c844a1f1ba8ba1e08093142dc62bd8535751f,4,0,0.059160516583427164,47.962627680851064,True,355,False,ranked_above_issuance_quota
synthetic_long_horizon_identifiability_v1,audit,c_53c5782290b5819ef74159b54f0750d7,86cf26ca18e96d3912f6c621c5c5c77901b4895e91af8a0d0ab814a76f43a575,5,0,0.04577348347740233,32.141999420150668,True,53,True,
synthetic_long_horizon_identifiability_v1,audit,c_55729dc4b35024475021a916da14c986,16d1ad03ebc455017e68af54f8e475099f620517688cd28db1022e217ab21813,0,0,0.24433620000401432,inf,False,,False,fewer_than_two_credible_structure_families;nonfinite_disagreement
synthetic_long_horizon_identifiability_v1,audit,c_564931799c9110d566662e5d6482a02b,bf2409575ca2f024d344ed1d005f53c57ec5867ea222ef99911521336eb743f3,0,0,0.33606990821857335,inf,False,,False,fewer_than_two_credible_structure_families;nonfinite_disagreement
synthetic_long_horizon_identifiability_v1,audit,c_56f48a233e2bdb808dca0082d3aeda1b,1e1888dae87167fd6d1f6953ec9a57141f177db64429ba4b79fe743fee160de5,0,0,0.8123522463308086,inf,False,,False,fewer_than_two_credible_structure_families;nonfinite_disagreement
synthetic_long_horizon_identifiability_v1,audit,c_571a86842e5bfcb08921507968a792d4,812005a78e7e130713f5172b24c3448b7a83b46bcf62d983bd110d4ebe0ab111,5,0,0.14731440392117942,32.141991125012595,True,6,True,
synthetic_long_horizon_identifiability_v1,audit,c_577e02383a8c716b2a11c6e840bc5ce4,bac797a61b950368dc881643092e88dd04cc81f5c95a1195da5e787e656f1fdb,1,0,0.24965804229917585,inf,False,,False,fewer_than_two_credible_structure_families;nonfinite_disagreement
synthetic_long_horizon_identifiability_v1,audit,c_57e39e35c128a5253597e8b968806bd3,defe4f1bbaba12020ee837b595721211b5adeb72cec56afb6c050b4ebdba03e9,5,0,0.072304523050531408,34.424174864252201,True,225,True,
synthetic_long_horizon_identifiability_v1,audit,c_58518f08ad500ec32df802740ee49131,79cc5e21fbad1255d4de7dd4719d73c68294ed82fc0dbdc9826db560ff7b59db,4,0,0.14860600099061033,52.529548855717074,True,374,False,ranked_above_issuance_quota
synthetic_long_horizon_identifiability_v1,audit,c_58ea79dade558ca882f86b6e49fe214e,841d7257bddfb617f7902fa8bfd76fc0b347f0a93a68a5b344955a09bcd8f4b6,5,0,0.22882489863611816,51.534119962251033,True,369,False,ranked_above_issuance_quota
synthetic_long_horizon_identifiability_v1,audit,c_5a09354adbe79c8ab9eb914fcb93108f,23afa7b29fa3fae22daf2dd8008e62a68b13ade79ad67a07f9703a4d9845b5a3,6,0,0.11991791949365638,32.270916402521848,True,96,True,
synthetic_long_horizon_identifiability_v1,audit,c_5a44d787998749d391ff6ecf1c5351d6,2b3300a4456b2621763a2bdd22f2f3b918bf6964eca63dbbb3997c29b604b6d6,5,0,0.045088024416412457,33.385368697263786,True,181,True,
synthetic_long_horizon_identifiability_v1,audit,c_5b71b860febce150d65fe112b01073fe,9e2cf5b4efcbeeffb388f5b08e5dcd0e21d3240aad654dc3d7884fc4445e3a6a,1,0,0.024430723464117787,inf,False,,False,fewer_than_two_credible_structure_families;nonfinite_disagreement
synthetic_long_horizon_identifiability_v1,audit,c_5daff327b6742e04b65cf73613296fb2,5300beae34a960546c22f105bfa3e71b3248cb57606f1bdcb56b08a92cc87c30,4,0,0.049508344140644769,44.610003537909002,True,345,False,ranked_above_issuance_quota
synthetic_long_horizon_identifiability_v1,audit,c_5e0be25bcf4fcc1bb9599baa84c69aa9,22e38fae4390405995e8fce3ca4a6ee7e3047ecd9138185a14508cd935aa6336,5,0,0.039226890858673986,37.058635138828812,True,279,False,ranked_above_issuance_quota
synthetic_long_horizon_identifiability_v1,audit,c_5f8ea542b17b33efd4e193a4a18dc2ec,8f177f3a4a573acc699f96e4e711d7049afe0bcf772442e7576f422a8a777887,5,0,0.058834817620837414,36.367716076256933,True,266,False,ranked_above_issuance_quota
synthetic_long_horizon_identifiability_v1,audit,c_6022c25c88fc6d65c34f6b5740f71b56,5e28e6cdc380590e454fc4bd5edf56105871107b8d5e9af160f0bccef55d68a9,0,0,0.33610380477085144,inf,False,,False,fewer_than_two_credible_structure_families;nonfinite_disagreement
synthetic_long_horizon_identifiability_v1,audit,c_602579384bf006d743f7b557b5b61406,9186ec862626306d71005c28ac65bd32a43b5fc8078019f9b9d85128537ce72d,5,0,0.07582395531245853,34.543742190865942,True,231,True,
synthetic_long_horizon_identifiability_v1,audit,c_604791351b8072b3b716f76cbdac9abb,a98e8e17e9d9d40ad87c428078b5d2b688fdc3bb03b688ab04656182fdc70c73,5,0,0.1838217561641794,57.157637664148226,True,389,False,ranked_above_issuance_quota
synthetic_long_horizon_identifiability_v1,audit,c_605ab7526f4e231e4864ad68b563a35e,ec705f9e985c68a55904d8cec2abf75b1f30c1094fcd24f6cd633ad91f74d470,1,0,0.17857809245966288,inf,False,,False,fewer_than_two_credible_structure_families;nonfinite_disagreement
synthetic_long_horizon_identifiability_v1,audit,c_60f2f618952a1969bfa32668118ab362,3134a439455eb38606e3bfa370957b6e4fc643eaa8451c57ff7dd9e6f253f00b,5,0,0.15140725064103527,32.141996581495391,True,17,True,
synthetic_long_horizon_identifiability_v1,audit,c_624761240789d7bf821f8d92e752a89c,bc851cb5cf139e16a82dc3818823ca9798b5978ba69d768254ecf6c40a8c27bf,5,0,0.04039780463099496,32.831659581790028,True,143,True,
synthetic_long_horizon_identifiability_v1,audit,c_626e0dd4829c3461d19ce13ae1a64bfb,613c5cf2ef6cf25f529573e05867c01daafc17c7843e59787554a1a1695d4954,0,0,0.25247333604788652,inf,False,,False,fewer_than_two_credible_structure_families;nonfinite_disagreement
synthetic_long_horizon_identifiability_v1,audit,c_637204e9ade018655fa617ae22705fe8,ff9d662610aa3a245bb5494adec648936a521437a909306bd38cbcd9fbee2ad8,5,0,0.17671273930498907,32.141999520659709,True,56,True,
synthetic_long_horizon_identifiability_v1,audit,c_642fb6c36695174192ff46e7f3414b94,96dcf47bd9257a1a9576c7572d5207e13e34946229b09c3149c0fc598b56fc8f,1,0,0.051501261862659853,inf,False,,False,fewer_than_two_credible_structure_families;nonfinite_disagreement
synthetic_long_horizon_identifiability_v1,audit,c_64842e763ba8d8b8ffc86cedd7b32b92,370faaec684ac8540a0f5ad0d8923b320075bf1853495c89bbf199769143a186,5,0,0.050060621650177412,33.056196905061043,True,161,True,
synthetic_long_horizon_identifiability_v1,audit,c_65c5c73955e82157a5816d252a34c7d9,dcf3c9c94b1e33f568eae51432633023f203f7564913ab4dbf9efcf5d3d802cf,1,0,0.035244016197391884,inf,False,,False,fewer_than_two_credible_structure_families;nonfinite_disagreement
synthetic_long_horizon_identifiability_v1,audit,c_65cc45558d4bf9a614dfb411263e1bac,1973f7550376f1558221e0c230bad88a6b8665225b954813dbc39237cef3f63b,5,0,0.12732752809036885,39.448455850658014,True,311,False,ranked_above_issuance_quota
synthetic_long_horizon_identifiability_v1,audit,c_65d4c9d732ed909becb5d47214645659,3cb88664646c2fc56b73ffa17af1d7296675a67126cdde730e11437c00813f50,1,0,0.038131491973157274,inf,False,,False,fewer_than_two_credible_structure_families;nonfinite_disagreement
synthetic_long_horizon_identifiability_v1,audit,c_65d5ea5ec1bdcbf74d07890156db029b,b04f422e8b4269064a631496fed6f4ddb017838c0e30f54858b50b1093a40239,4,0,0.13704198764977873,32.942392140411513,True,151,True,
synthetic_long_horizon_identifiability_v1,audit,c_66505a08e61271fc46b63c0bf9269b50,260caf338b5b0513f935dad0850263e18017a974eb1c570561fbb1b0d6591e49,0,0,0.27467031305514494,inf,False,,False,fewer_than_two_credible_structure_families;nonfinite_disagreement
synthetic_long_horizon_identifiability_v1,audit,c_66a25da84b33ad7b843948795e0ab13f,1399929631c6082375e64cda0ce905a0a333cf7199398298faa18d3a8ca122ad,5,0,0.16212336805486632,32.141995164418574,True,13,True,
synthetic_long_horizon_identifiability_v1,audit,c_66aadb4f9f9b7d2f5d8adecd99149cd8,412ee3f9b36fc17ff31005a427feea08a742814407890ce093523b3490ef459e,0,0,0.23915889840548191,inf,False,,False,fewer_than_two_credible_structure_families;nonfinite_disagreement
synthetic_long_horizon_identifiability_v1,audit,c_66cd5c4585bea7af97792bc0c117fa3b,1125175d9f7e168baadfa086e71086255d00a351b56d852a7e1f79c8909410e1,5,0,0.076174815388940914,32.154040376476523,True,86,True,
synthetic_long_horizon_identifiability_v1,audit,c_66e85d5ea3ae72fec3fe7c60babdf0a1,d3cf192ecc944216e8a0779ab5491d3bea296ef160b3ecfd6a176949eaa252ee,5,0,0.091282019594340083,32.142001053658618,True,72,True,
synthetic_long_horizon_identifiability_v1,audit,c_6866c5860787c4ecd0d34b10d23f2e67,cb5a3158e53b325b0671a32bee4264ed2bd42e5b328f30449dcaf78f87ab29eb,0,0,0.3545706141693164,inf,False,,False,fewer_than_two_credible_structure_families;nonfinite_disagreement
synthetic_long_horizon_identifiability_v1,audit,c_6925f220e2042e63aae737c9100b6dfa,3e3fe1497613e2fe649903c6ecd5a896915c425800eaf03ab364377c5dad5a82,5,0,0.077185325489353543,35.954389723731687,True,258,False,ranked_above_issuance_quota
synthetic_long_horizon_identifiability_v1,audit,c_6ad3390d84bdbab718ae10a326ca5968,fe06b62495c107ace7a62937cfd9223c8c2c31f3867efe869d8654e8e6054747,4,0,0.048316766014436456,54.076555337584004,True,378,False,ranked_above_issuance_quota
synthetic_long_horizon_identifiability_v1,audit,c_6af6271b61278ae8e6db5e577b553c06,74e2e84a136fe542ed1cdad644ed661202dd11987adb67b914736d04a72a7f36,5,0,0.10252143368501551,33.583231714225199,True,197,True,
synthetic_long_horizon_identifiability_v1,audit,c_6b0729b658f5c92f4e345835aebdcc72,f434d9e5d17bbf3d50f21adc15952d829cb1c6042a2fcdad3b3c41b3f9ec6642,1,0,0.12077286255672635,inf,False,,False,fewer_than_two_credible_structure_families;nonfinite_disagreement
synthetic_long_horizon_identifiability_v1,audit,c_6b7e1556a8e2123ff9b674c877847da1,afbe607501c282c375fee36a0a7f48bc03b8ab7e2dc5805503e18c6d3c3c8691,5,0,0.16382132572858263,47.307627589193764,True,353,False,ranked_above_issuance_quota
synthetic_long_horizon_identifiability_v1,audit,c_6c551aeaf58c8fe77590192576755905,d313276c82ca9c87c66090a6cdc037075ad15092cc0dcbf6f394b254380b2626,5,0,0.19900671403911818,32.141999968143793,True,63,True,
synthetic_long_horizon_identifiability_v1,audit,c_6c9f510967a1be02d3c9af018ba6169d,60b7b965beaa10abbc93408ee4a193f9ce7cfb17f3cd13e57a62fe244b55cdee,5,0,0.028448164211339607,33.387244655427807,True,182,True,
synthetic_long_horizon_identifiability_v1,audit,c_6cb40f8574e83c57b927ae0278795966,4d0e06f40667a94638a615ba3e0498d22d7e7855225889fa36f1c47340c6a5d1,5,0,0.16906920649582485,33.944246338141788,True,214,True,
synthetic_long_horizon_identifiability_v1,audit,c_6d24bdd073aa5662c233d26d11715f87,adecd676d6a2625d309647faedb29eecf37fab95deadd39e094a5e79325286e6,5,0,0.068474341966759639,41.508283882514412,True,325,False,ranked_above_issuance_quota
synthetic_long_horizon_identifiability_v1,audit,c_6d3ad4d7d92931d1f0348d703853a6e3,e8d834be61d4c1fa388bfe8995db063253ff420ade938a15953b718544c85335,4,0,0.22589315383256942,50.176794733804378,True,363,False,ranked_above_issuance_quota
synthetic_long_horizon_identifiability_v1,audit,c_6d424a8b3b07510698ffb18a879d51cb,507b810742d98676289186cf01a772301aa09ba3be781e0ad559ca8ef3621f3e,5,0,0.022856428666168341,50.906617877809232,True,366,False,ranked_above_issuance_quota
synthetic_long_horizon_identifiability_v1,audit,c_6d85e957f97dad50b1c7d5c99af37a6d,f1815d97d2b838d2d475681183e0f5d33245edaf377771fbb94ac29260b48c78,5,0,0.021440482075724122,32.141997413365566,True,22,True,
synthetic_long_horizon_identifiability_v1,audit,c_6e5b40ddfe2b43d93288585f85fbe0e0,f45324022ec2d3b8247636bcdd84d7bc0b08922d5e5f9c2ee55d05d8107e9eff,5,0,0.25180341553395075,38.952274681952282,True,305,False,ranked_above_issuance_quota
synthetic_long_horizon_identifiability_v1,audit,c_6f01cadecc92e95de239aa2cbe12e396,5153630736abe0036ac101414507fb9dc2f63f149e1189942c8ce7238409eee0,4,0,0.13650591097961851,33.992053843651362,True,216,True,
synthetic_long_horizon_identifiability_v1,audit,c_6faf167aae310ef348dfa0efdc5d3fa9,1481695d8627531f7eadd63bbd21b7db44fd74e0468b4a70213d00e4295ed682,5,0,0.080590124296269494,32.141999754054112,True,61,True,
synthetic_long_horizon_identifiability_v1,audit,c_6fd60fe341a88d0b96e5801745b4a830,bf9d07438caecb72ad907c5729775b7582e147b259ba9f7b8feca787f76c8571,5,0,0.13231661597803276,32.366461691591127,True,106,True,
synthetic_long_horizon_identifiability_v1,audit,c_70a4001fd844dcb10f2d23f1a478d21e,621ec135bbde22bc8ba85c4bb30b58a1516e84fafad2a10f99db56969960f495,0,0,0.36691613605803103,inf,False,,False,fewer_than_two_credible_structure_families;nonfinite_disagreement
synthetic_long_horizon_identifiability_v1,audit,c_70bf7c2c8a6b10b4be1d7b139e4d0e39,2f5d71f188e06285d5ce0ffbadbe2338bcef81d2604fb161b64bcba9b990e648,6,0,0.19387868778988648,35.113953282372137,True,237,True,
synthetic_long_horizon_identifiability_v1,audit,c_71c7ea17581a8b37ceff5b0293966759,2417175166ae9d7c3338b5679f59d9b8584932bf48c93c46659ed5639b08930e,1,0,0.040854523323064947,inf,False,,False,fewer_than_two_credible_structure_families;nonfinite_disagreement
synthetic_long_horizon_identifiability_v1,audit,c_71e88de77ecc39970aad4b021343ed56,5b56f518532747c799bbe6becf2d37db76fdf7c234ae4fea1422a30e4ee9f63b,5,0,0.05419748585230879,33.148328924553745,True,170,True,
synthetic_long_horizon_identifiability_v1,audit,c_71fcdbd951d6171ddc10614518b5c72e,88ac8facc7f2451e8f5d16797613425bba3c0a26d18e652f7d5779922ab2e46f,5,0,0.035299124377403061,35.124001285523235,True,239,True,
synthetic_long_horizon_identifiability_v1,audit,c_72598d81d89cbbfb8cc5c7752dc9e5fd,113e05c2fd3cab763203561a8e1bda006740f09b8934261fc8ecc331c27ee428,5,0,0.026260576650709737,33.908815376429892,True,209,True,
synthetic_long_horizon_identifiability_v1,audit,c_731a0ecfbe27803211ce28e1cce51790,d02a13e238466083cb479d6a7c2174327b293ffaede3b05c5019e0c3fd2c9284,4,0,0.27676222515502424,56.142813426688356,True,385,False,ranked_above_issuance_quota
synthetic_long_horizon_identifiability_v1,audit,c_7342fc8ab9c80ba5e7a6431805c6b1c1,cc9a5630bba6d554ca0c925ff2816f9675697869158277ba9f0dfe0e22b4239c,5,0,0.10525510500289587,32.141998594640569,True,35,True,
synthetic_long_horizon_identifiability_v1,audit,c_734a33e9b06272b798ad29619a646982,b4cba3944091920c6ea3328a8f9a677978986f55f1f0efad4fa2d00c5096728f,5,0,0.16706413757444957,43.607134515840663,True,339,False,ranked_above_issuance_quota
synthetic_long_horizon_identifiability_v1,audit,c_73b5c419353db02e1fe0e924bdd2059f,d6435e73d23dc60d1f4171cf58ea785f630f1b93a1d9f02370dcc6cfe62e77a0,5,0,0.09828155686476317,50.554669168208939,True,365,False,ranked_above_issuance_quota
synthetic_long_horizon_identifiability_v1,audit,c_74c69c426d8a38f880aad28fc5930b02,051a5a6e07540d67091cb20a1912549051d9625a0ea7eee03dcbb22fc12c1a00,5,0,0.074754573868340238,34.177136480778685,True,220,True,
synthetic_long_horizon_identifiability_v1,audit,c_75372a740cabadf583fecb520b05b5f6,ba2ee445e02845a82afe6794626d063763076c8a22d004b561b0570bc343f9c1,0,0,0.26123730595207234,inf,False,,False,fewer_than_two_credible_structure_families;nonfinite_disagreement
synthetic_long_horizon_identifiability_v1,audit,c_75618984bc6068d0b88adeeb34f8bf71,076ffd4787d89c46ab2a7b70dfb37535544bc83ae2b3f5e262ffc979dcb344ce,0,0,0.29718333737006924,inf,False,,False,fewer_than_two_credible_structure_families;nonfinite_disagreement
synthetic_long_horizon_identifiability_v1,audit,c_75b4b6761f447273370cfcbd04e7acdc,b13d4563b2d110013aaf3e9e84d385ba0bc80f6ceef915adc83b8c0c95ece327,4,0,0.07897337952034747,43.0454039736968,True,334,False,ranked_above_issuance_quota
synthetic_long_horizon_identifiability_v1,audit,c_766c4c401a4d361704b60c5ebdb8d356,c2d8926958dd4ee5a73745174a94bd87a88d48e4899a4e94815c41d9d51da4bc,5,0,0.18918641869231625,34.378359932970064,True,224,True,
synthetic_long_horizon_identifiability_v1,audit,c_7688de16e15908ad0062106847f1d6bf,768719c79fc24cf2f8a27dde41b8cd8d2ec42c02abd3bbec7fbb9216559e86a0,1,0,0.066521860650315096,inf,False,,False,fewer_than_two_credible_structure_families;nonfinite_disagreement
synthetic_long_horizon_identifiability_v1,audit,c_76ceb6dced137bedc7981610414ba52e,cff968b6c6a9f6c17c996236c668748e216dc2531b19bde073da923b0bc7f1c7,5,0,0.024911251675964148,34.966596434062545,True,235,True,
synthetic_long_horizon_identifiability_v1,audit,c_770f11d2ca71f387c9f3eb77a1ea6ee2,19564768ca7686d10a8eff5fad1962027e59dd567e030a959b4ea0a1896ad398,5,0,0.099275262690308189,33.908811386243912,True,208,True,
synthetic_long_horizon_identifiability_v1,audit,c_776a258cc3d191de7584b32b10ed8865,5160216a362b0008f7eac6f814569405f60bfa1829f85df2e1926812074de31b,1,0,0.017764906579545815,inf,False,,False,fewer_than_two_credible_structure_families;nonfinite_disagreement
synthetic_long_horizon_identifiability_v1,audit,c_776a7aaa7dfad4a797730617811a56c6,9ace96d5226052307b9350fd8c7eb047d68d7954f7a0249629a86e635caca85f,1,0,0.10947570360324059,inf,False,,False,fewer_than_two_credible_structure_families;nonfinite_disagreement
synthetic_long_horizon_identifiability_v1,audit,c_77c726e3a4358ea3bbda267e02c0c697,03c18f099c7986992231109e7821abab9a3a3342f14a057362e1346b41b6619e,1,0,0.086925063768599792,inf,False,,False,fewer_than_two_credible_structure_families;nonfinite_disagreement
synthetic_long_horizon_identifiability_v1,audit,c_781d7eb50563b36122fe4defffef8b08,d2ae8243717b8b70cd4e2dc8b49ddcdaa009f2629f4668a2656b0cf5c2301839,5,0,0.10035887471754633,34.652914914136161,True,233,True,
synthetic_long_horizon_identifiability_v1,audit,c_782deef4402e8b6ea6c7606be76fd67b,be71fe5d804ac1bd91d56e06756ca0b81f632090682dd2af68d3e08563f8804c,4,0,0.080151587595304219,32.141993837817331,True,11,True,
synthetic_long_horizon_identifiability_v1,audit,c_785bbffef52d87be436bb075a37ba9fb,c583d56b12fced96cf2a7fbb84527464b2660878b428073b3e6ad608b9c5e17e,5,0,0.073205263053145897,32.253569024710032,True,93,True,
synthetic_long_horizon_identifiability_v1,audit,c_78d903f4be7da0cf313fd91d9a4b768d,829e4f995b61c9833a4f7213496861003f8db046f5731c9436d63200f1a5233d,5,0,0.097751222522514988,52.847277237665047,True,377,False,ranked_above_issuance_quota
synthetic_long_horizon_identifiability_v1,audit,c_7a4296caae2ccfc0a22c456fe1dd3de4,50c3cfae8ab7aece66a1971293e8fbdac8b07c0f1848e02407bc158ef1fd5596,5,0,0.10111280778121555,32.141998258155212,True,30,True,
synthetic_long_horizon_identifiability_v1,audit,c_7acdd91be29d1bd01c401b8a31f28dfb,fe7d77522adc4018335eeee0dd41e9278559158ab0054624ec861901be832795,4,0,0.2729804768450777,52.295522121554264,True,373,False,ranked_above_issuance_quota
synthetic_long_horizon_identifiability_v1,audit,c_7b513ffd9af1d9f11b371b5aebd99add,224a5233f76930495310aab525f93f100497c37dd3bd8fa774c0395f1d6f5f72,0,0,0.49456757543472235,inf,False,,False,fewer_than_two_credible_structure_families;nonfinite_disagreement
synthetic_long_horizon_identifiability_v1,audit,c_7b5e6f249755891e1423f9dbae60c041,e62246372c2ec15ee422182561faebfa0d06c877a81ab801b3985d9869449af2,5,0,0.12053510473352649,32.143863848073565,True,83,True,
synthetic_long_horizon_identifiability_v1,audit,c_7be40355a80dc1b784e225bb6d4d2a01,78e1271f6edda9bf0d9e031e287828e4dd32821379e9841864cf13df6ed12fe0,5,0,0.034956097249289025,32.661952828856286,True,128,True,
synthetic_long_horizon_identifiability_v1,audit,c_7c72663a15f85a9c20fde85bc0c01778,b6fc6bbb6c2f56fc2c0e92c42a1126e29d9e58e9442f62dfc3ec63c66602030c,4,0,0.043936440160022086,43.383760062567312,True,336,False,ranked_above_issuance_quota
synthetic_long_horizon_identifiability_v1,audit,c_7c76d74390c644490499545543e73a10,7f1e7a59de7184d437773fa8dcb94d9c683881caa8ddab7ccaaa7cafc4a4eb0e,5,0,0.063845744569561699,37.070306831175309,True,281,False,ranked_above_issuance_quota
synthetic_long_horizon_identifiability_v1,audit,c_7c80737c7bceebf1b102a68badcecb7d,a215ec2be6b6af57a975371f43edd835b7be2e7234df9c88bb1e1729df03247c,5,0,0.16097280570660644,32.142000360119368,True,68,True,
synthetic_long_horizon_identifiability_v1,audit,c_7c953066f95603e1af5afab66205cfb6,4c32a55be0344d4196c1f228e8f98e99f55d3116c3f6f6265db6916ddab56a6d,5,0,0.21243089695121065,40.107347023724053,True,317,False,ranked_above_issuance_quota
synthetic_long_horizon_identifiability_v1,audit,c_7d28fa4727aa2f26d8df6beb2784c267,fbf6e3f5572cc306430f79f0cd4af70c439b68fc15507763efa59a85f3e684ca,5,0,0.072500740727857588,35.332689758630728,True,243,True,
synthetic_long_horizon_identifiability_v1,audit,c_7d67adcf182dcfff97a5442740b85dae,8534070f6faed7e3c0caaa030409164c0919fce3f4814eae6b576a3dd6b4be0b,0,0,0.34568386801450707,inf,False,,False,fewer_than_two_credible_structure_families;nonfinite_disagreement
synthetic_long_horizon_identifiability_v1,audit,c_7d683f1ffd2ab4902b5141337c214aef,bfabf944d98c6cf0610ae3a21d12136c5e14689c227de2d53b63735552a15a31,5,0,0.065977194759701652,32.724524097913573,True,134,True,
synthetic_long_horizon_identifiability_v1,audit,c_7d88490313d21a59119dc04f8a4988bc,ee125e71cc0a6de1e9fc58433f703223d126e71f871fc05ca71e4601aeccb161,4,0,0.097876501690343259,32.142005738526613,True,78,True,
synthetic_long_horizon_identifiability_v1,audit,c_7d94dedc5fbe8e8e8e6cf54800704216,4e97c28a969e85b9b79971c3a18eec6f9f18482392b7b54af78bd44c3b84b431,4,0,0.077763874788180642,33.434211571969826,True,187,True,
synthetic_long_horizon_identifiability_v1,audit,c_7e8f35f041c4a79e8f64c9a7778d297e,0b7917f0e45e9e7ebb947bea2af5bf5e175a27682845f12a42959466c69e38aa,0,0,0.32704785172370698,inf,False,,False,fewer_than_two_credible_structure_families;nonfinite_disagreement
synthetic_long_horizon_identifiability_v1,audit,c_7fb68dd5043c5091bb99f28f39f006f7,8af8a5bc56dd82bacc5d3f58cac5bde4b4ed2aab5eb64357d25af4571db0c29b,0,0,0.302775958639035,inf,False,,False,fewer_than_two_credible_structure_families;nonfinite_disagreement
synthetic_long_horizon_identifiability_v1,audit,c_7fd00453dd8a1b27624baff7f4ec4684,46bd2c1611336d5d72a1d8499c5ebc39a4ce0b395da0096778af7dc383eaac38,5,0,0.06170702509527487,32.14199752280571,True,25,True,
synthetic_long_horizon_identifiability_v1,audit,c_80482131f0d3c9f37a0355f936bc4f9c,d5093737701c95985f40b35508dde5a7f6368b6f285e56c83231f2dd9f524075,1,0,0.022829336520435783,inf,False,,False,fewer_than_two_credible_structure_families;nonfinite_disagreement
synthetic_long_horizon_identifiability_v1,audit,c_8086b5919cb243a6715ca72a11f15145,5b9348e37f65073504f06b4693bc8775801b1de19a20ca006c5701b09cb06d61,5,0,0.069911860104038756,56.700887419865936,True,388,False,ranked_above_issuance_quota
synthetic_long_horizon_identifiability_v1,audit,c_80b994d39ae684be046f27147a3df733,9db42f99a46bf0500555b80dcbb877cc56a4ccc35c481cd314df113b2f1bdf85,4,0,0.15992866436071748,32.141998834775279,True,39,True,
synthetic_long_horizon_identifiability_v1,audit,c_81d946ec8e91290e0af098fa3e6ccefe,b561171d1634ce80b17c9dd56dc9f571e4f7f914fbe551eab0f5273172604548,5,0,0.060693031459606486,35.702492186186852,True,249,True,
synthetic_long_horizon_identifiability_v1,audit,c_824a6f14ed98ec24d7fac840ee8fce9d,c62551ff24c02b5f777b4c334edc8dfc5ca8bf36311e89e25af7f712ee9b8bd4,5,0,0.046024628488020677,37.490085325852043,True,292,False,ranked_above_issuance_quota
synthetic_long_horizon_identifiability_v1,audit,c_8278f4e7dce9a582ca215b7f7af8588c,9a918d693804287cd8e6f8b06abe4504af6e85619f0cdd88e2384a1e1c9035cb,5,0,0.13593829511982611,32.141999311266389,True,51,True,
synthetic_long_horizon_identifiability_v1,audit,c_827b03e33a6451435c0f49f7140cb8b7,28e4d405c658dc22cc3fc2aa027f57ec3b17b2b5c0fb3b7ee4b4648ddf87da6b,5,0,0.090735348873024813,32.607700511713347,True,124,True,
synthetic_long_horizon_identifiability_v1,audit,c_82c7b8f450f6ecec1218cfc9f93a7f0c,a43e4c4fdc9d81237af9db9b68b58fc8ddc113e7e22f9ea3b0fd2dea9bc439d5,5,0,0.031202988417553326,32.775099622098992,True,137,True,
synthetic_long_horizon_identifiability_v1,audit,c_8303372379352cf9f7e512593e6843fb,39ecb2d4788f56de7622be8ddbf25c5356ceb52118cca27e3384389b3d713f30,4,0,0.18709502202004391,43.601337067357782,True,338,False,ranked_above_issuance_quota
synthetic_long_horizon_identifiability_v1,audit,c_84930b8a43571c653fcc0ba6a67b5b4c,d3d259b824851030a3a1e66bb6af9ba54a58ec8b5db2954bffdf105028e92d0a,5,0,0.11813159910996492,33.487451579165821,True,193,True,
synthetic_long_horizon_identifiability_v1,audit,c_850c47ec96e63faecaefd5183e7467ad,96ddd96ce470873bd1b72433dbe1a5a314ffa453969cf36dfbb091e41f94be7e,4,0,0.11628636113958336,33.309230534312668,True,178,True,
synthetic_long_horizon_identifiability_v1,audit,c_851c07bb0b9609803b90b4a85db72edd,729c4d087d17d6b847d8d24817dc063906e32967941f454217b43ee8b29f7ff1,5,0,0.086697238109651062,32.237179821198893,True,91,True,
synthetic_long_horizon_identifiability_v1,audit,c_8650c6faf8c9b41484c9e89028e63948,3e7a86fcffbb17def6a28d22cdc4c287a0589e61208fa413efc53ed4cec3ff2c,1,0,0.087409212193951757,inf,False,,False,fewer_than_two_credible_structure_families;nonfinite_disagreement
synthetic_long_horizon_identifiability_v1,audit,c_86748f0036c9c710cabd325b5e3096b8,ab20cc3fa5ce238a00678af99a9edc775594e1ddebfc40df1419f7720dea26c7,5,0,0.094642051426974863,32.973425122671159,True,154,True,
synthetic_long_horizon_identifiability_v1,audit,c_86b4698121cc7da031ae2318a97880e7,2a6e67b8a9de4fdfe8247a631e4f253ffc0bf34bd6f3611e3ecb557a30bae6f5,0,0,0.27354200256023398,inf,False,,False,fewer_than_two_credible_structure_families;nonfinite_disagreement
synthetic_long_horizon_identifiability_v1,audit,c_885ea9aead22645f52c9b45c55fb9ca1,535a901486412342b1b9e3a5b5e2aa85b8ac36d91660dc0762757def761ce07a,4,0,0.1864884013218914,39.210466814787345,True,307,False,ranked_above_issuance_quota
synthetic_long_horizon_identifiability_v1,audit,c_88956d3cadb000e798b0b6aa4b48dd35,3acca09f7c14ea53c7a210107090bc19ed17504b1b2f24478fe14456f998514a,5,0,0.06651906082931941,33.748520653409571,True,200,True,
synthetic_long_horizon_identifiability_v1,audit,c_88bb05c60bd06bbbd8b5f5b04c6f7166,59a4c317ce65395c47c9866b611d067cda76a03413e1395d4d6a4320c793bf81,5,0,0.073127958600695445,35.771888897077339,True,252,False,ranked_above_issuance_quota
synthetic_long_horizon_identifiability_v1,audit,c_893ea84035f573ff08097fc5fde53622,d12b239e6643941964a4a69efb021fc884700a9144ae75d7f4176b76c5739c7b,4,0,0.084428495301728468,32.142003936329679,True,76,True,
synthetic_long_horizon_identifiability_v1,audit,c_896374a6640051df05bbfedd4fce9594,db15566f87402684aed030e83433c9a084eddf3ea6d8272c014e31c00a0e2996,0,0,0.69753158006943106,inf,False,,False,fewer_than_two_credible_structure_families;nonfinite_disagreement
synthetic_long_horizon_identifiability_v1,audit,c_8a552e997e3588b4cf16ff50009ebae1,863c5ec351fbb86b411e8608dcb101292fcf33496abcc8fb1adb0453d5c2e46e,4,0,0.046042745894905236,37.148138118231678,True,283,False,ranked_above_issuance_quota
synthetic_long_horizon_identifiability_v1,audit,c_8b42af26b85d25d75365c4ef0552adb2,e83d8c3797d6caa106dda16ebb70ab2dffd293e9fc620caca43e08a64b3fc2b6,0,0,0.231693276862976,inf,False,,False,fewer_than_two_credible_structure_families;nonfinite_disagreement
synthetic_long_horizon_identifiability_v1,audit,c_8b4e51a2897a2c2aa05feb3db08db398,0a773a8fb2e664e4441513b3aea4d54e2a16391eb402b6244b7a6abbde7c8631,5,0,0.042219220290170827,37.371094374291239,True,286,False,ranked_above_issuance_quota
synthetic_long_horizon_identifiability_v1,audit,c_8c036b88dc11d324a000e2dbae5b8e01,30181b49721f705e91737b6b350f998373fbca7318069f5270d123c8636f6dcc,5,0,0.054758719690433728,39.390393635574647,True,310,False,ranked_above_issuance_quota
synthetic_long_horizon_identifiability_v1,audit,c_8d3340187065875c21e3b4300b1d7a19,4cdd618d50029100c5c3ccd36b21d2cd17d764896883f2c6e76cd769bfb2c3e3,5,0,0.099989956013854173,34.523110941525438,True,230,True,
synthetic_long_horizon_identifiability_v1,audit,c_8d626d208cd1c9ace9c9be501deac92e,a3cc5edfcbc52562b649b65ef09bdf4f6cb1382cfd3d91d692a57c3b94e6b36b,0,0,0.35084762195297914,inf,False,,False,fewer_than_two_credible_structure_families;nonfinite_disagreement
synthetic_long_horizon_identifiability_v1,audit,c_8e582757597321a64759c9a8448ec2f9,1bbebf75150bd5c09ae333695b678ed36794111c7b69efde5b5b624ac9d50036,5,0,0.020714484767787134,32.141998963559644,True,44,True,
synthetic_long_horizon_identifiability_v1,audit,c_8ec70566c73d2e28e7773642aa8f34a1,b88587d139368d2273ddb4c2434874407cf0447c1c1d739a5b549492d69666fc,4,0,0.22887280743409399,58.987977723415966,True,394,False,ranked_above_issuance_quota
synthetic_long_horizon_identifiability_v1,audit,c_8f693269267896c8e4416550e5125349,6e7054beb9376c28cb7e9023499d6e50d894528a933ac5abc9d924457dbc4188,5,0,0.023406212064467771,32.141999113097256,True,46,True,
synthetic_long_horizon_identifiability_v1,audit,c_8f709c13b2f30445205802ccf3fd60fe,052c6ec845ff2fd55fbd8e0c65b3048b8259732dbdb9b12e0b307a942a0dcd37,3,0,0.16408505451813987,29.200832050365364,True,2,True,
synthetic_long_horizon_identifiability_v1,audit,c_8f7f8b55553a4adb58aee8b705cc1b0e,9a8ea3b2cbd858868066997940f65ab1958f9bcbcef39a6ed7ec1388145568d7,5,0,0.090136554265170254,32.399546540988396,True,108,True,
synthetic_long_horizon_identifiability_v1,audit,c_8ff0fa1369bc380f93eba78032ff0911,1f7d565c7c6cfa73a0c84f0f218efde5e8c6fdd6df58d80bfdbae42cc2c14ffd,5,0,0.062580620368867093,32.141999604449225,True,58,True,
synthetic_long_horizon_identifiability_v1,audit,c_903dfef3654f522861993721c54021ec,37513e13c96e1fb59644ec18af26629adddbba426c0aa62ca8ee3ebeb252e342,5,0,0.048416082460864152,33.273797439429643,True,174,True,
synthetic_long_horizon_identifiability_v1,audit,c_907efb4c9dc340b933cc3c302921ce94,abe77a715dc0b9bed1d107f9afe99567cecc6ced80d27afb871ed8330998e99b,4,0,0.07683488204564988,32.14200364685184,True,75,True,
synthetic_long_horizon_identifiability_v1,audit,c_90cd4611c23cd34aeba23185edd6e68c,659bcf24f07ef1b7f6a48b8d0499bf45e238b584821d744c0f1d33ed8a51601f,4,0,0.096551816992392542,42.494495351333576,True,329,False,ranked_above_issuance_quota
synthetic_long_horizon_identifiability_v1,audit,c_911a7a826ef8df12b7a02d391b6c9127,76d1a6cd5b14b4db0c2a7e00d2737b02c492a3071926d690565b03503bd9f556,5,0,0.1054199948968082,32.141996751084903,True,18,True,
synthetic_long_horizon_identifiability_v1,audit,c_912b757dcb6ae21b5011ae7d25bb1459,007fb5449e1d48e3fe3f8ca5ac7ecbaf75363263ea70ad8e1f42ff59c81aa6bd,5,0,0.074788289510772266,32.141996414528563,True,16,True,
synthetic_long_horizon_identifiability_v1,audit,c_917421365f2c86a9ab4d7e45e359ace5,d50a3f6266535964195a224f7c2d62951d16b82f5983ac13e7b6020964df8a97,5,0,0.057160293824603421,32.141998369273779,True,33,True,
synthetic_long_horizon_identifiability_v1,audit,c_919e5113034bf336ee99f52eedc28882,0f2ac1d8bcd2525502f40bd93a113139360697f121da6ddf13dc17837cb79cef,4,0,0.27982618764706918,55.911284454982614,True,383,False,ranked_above_issuance_quota
synthetic_long_horizon_identifiability_v1,audit,c_91a1538836497ebabe031a7dfb0ec776,33b92aa114a84d2c5c8cbe3d4ed57ae8445d2f0dee990d05f499e950a3ccecd1,5,0,0.079459472335671286,32.141997465332423,True,24,True,
synthetic_long_horizon_identifiability_v1,audit,c_91b587f0cd4f032569c773776fa27b6f,53f8b86bc7e82a0bf1baba7bc1a880ec27897e7748dd14870e2ae96eed69da56,5,0,0.15947532443002227,44.907249686633243,True,346,False,ranked_above_issuance_quota
synthetic_long_horizon_identifiability_v1,audit,c_923c32137ab4d6dbbf6de0ebf702aa7c,22d8f07e795b8a6c4ca45753b9186a4f56f2c7387fb317fd79b4dc60112b3a88,0,0,0.19514665780429236,inf,False,,False,fewer_than_two_credible_structure_families;nonfinite_disagreement
synthetic_long_horizon_identifiability_v1,audit,c_9241c8c3345457da96b3cf4e9952e2e5,122c078528ac65e1f12df204a5954667afcb98b139502174d143a6b2c752dc06,0,0,0.31712801406145369,inf,False,,False,fewer_than_two_credible_structure_families;nonfinite_disagreement
synthetic_long_horizon_identifiability_v1,audit,c_93b44f623bcea1ca6e269fc261b1d3ec,d92134a8479c02406686aa93d3c1e5dd5e8f50c1ae101d83f39a609e4ad02311,5,0,0.036422905744321513,32.976329475393271,True,155,True,
synthetic_long_horizon_identifiability_v1,audit,c_97787fc462408783569938be218af85d,20620414d58184e77c60b0dfd11603569338ab7b04fc18896068cb3879b0d74a,5,0,0.14172829458712088,32.905767672574541,True,150,True,
synthetic_long_horizon_identifiability_v1,audit,c_98018f4d45d9ba71c2e8890739aba99b,6b3731c1d2ed2f8cff9c430d37364490c50a2bb3ce138c655381e37c47d9894a,4,0,0.087541431102774361,52.792719835017841,True,376,False,ranked_above_issuance_quota
synthetic_long_horizon_identifiability_v1,audit,c_9817ce898c9978705c904105fc349be6,feff79844c094b170fa72898bcb57d5f0cf4382e46e4040654c2d9129b0de36b,5,0,0.13464301591531666,46.832415381217949,True,351,False,ranked_above_issuance_quota
synthetic_long_horizon_identifiability_v1,audit,c_98ec071258436e0ba7f3d543dba98ad6,e067fc1ed0b343ac176eda9b3f2513203c82d5e525d48eb8234ca99495f9dbf5,4,0,0.14666038982329013,32.459416413898303,True,112,True,
synthetic_long_horizon_identifiability_v1,audit,c_992e3a4a6886c252a798beb9660584fe,332ad7cb788f992b11f81672a0b93dfe7b240fae016caf149422057a07d9c2fc,4,0,0.023124659093241417,39.715450623369939,True,314,False,ranked_above_issuance_quota
synthetic_long_horizon_identifiability_v1,audit,c_993de121054dffe4f971f24fad4e099d,04f705ad7005d96c1adbedba214c7765c3d1f01f8e74fbd980cde9b4105675fc,5,0,0.10046039125521958,44.325632894983748,True,343,False,ranked_above_issuance_quota
synthetic_long_horizon_identifiability_v1,audit,c_9bae35fa9fdf5c658bdfec656ca9afe0,ce28494a59304e7a6142610a469b623d191d30a2d6616f0ec6cf4c4978055476,5,0,0.18358586259324064,33.396085727826772,True,184,True,
synthetic_long_horizon_identifiability_v1,audit,c_9cab8bc41948dc94ef5a9e111017c91c,98e2e1568046a6a8ea8d817db3c02b2ae5c1f0a69f1850cef4d5ce84ab94487c,1,0,0.06355734347351398,inf,False,,False,fewer_than_two_credible_structure_families;nonfinite_disagreement
synthetic_long_horizon_identifiability_v1,audit,c_9d07731421abe8d18f0f790a44f619a4,62aa1ff988b85f0b9fe84e3185b9d99ba510c6b74fc1d5a3aa498998549b00a5,6,0,0.063626556335113604,32.305484251862907,True,100,True,
synthetic_long_horizon_identifiability_v1,audit,c_9e4480e0a8ae988e88c8c6862215e822,be85580f4f5485e67e94aa3b78defd5899a25182ba23d83760c29fedd50ab042,1,0,0.045698115106225547,inf,False,,False,fewer_than_two_credible_structure_families;nonfinite_disagreement
synthetic_long_horizon_identifiability_v1,audit,c_9ea3d49cf5dcea7e65f8a2b341d92169,36cc9d18b8dce49fcc11a356bc5a1baf901fda9b4b65a71b2f23176d77e1c8fa,5,0,0.091588192506157837,32.244945449594859,True,92,True,
synthetic_long_horizon_identifiability_v1,audit,c_9eea77bb2f7e04f0aa4092809ce11845,750e8c88bc6d122b6b84319f19839fe368551eeded85649949f19c41fc11cd0a,4,0,0.13964867576826753,32.642507354991253,True,126,True,
synthetic_long_horizon_identifiability_v1,audit,c_9f748abdee968334fb263838a89e1fbf,a879b0f141dd2145f5141cfe5d1a711f6ac7e7ded34c99111685b837cdac12e5,5,0,0.21676627408107443,38.813820290972309,True,302,False,ranked_above_issuance_quota
synthetic_long_horizon_identifiability_v1,audit,c_a01c8c26f641e98b4bec40272a396525,dbf0f16fa35a54b15e29a3077e7f805bd7b2220080afc03bf7a20d1bd361c7e2,5,0,0.038334765099803339,35.948228363772181,True,257,False,ranked_above_issuance_quota
synthetic_long_horizon_identifiability_v1,audit,c_a03abed25a0cf10cbd12ad194e63d5d0,33ed85e72ad3f90f14969496cbdf43b218c7ca71fc86210eaa3ab91b565dd734,0,0,0.35546512806927077,inf,False,,False,fewer_than_two_credible_structure_families;nonfinite_disagreement
synthetic_long_horizon_identifiability_v1,audit,c_a0a0772a7c2f4339d5d6a3bf4cc980df,d3fedb3d5bf9bfefffdcbf0f7af0969cfdc4041d47b9efcd26992c93d2a0709b,5,0,0.046038903124552277,37.858475368316256,True,296,False,ranked_above_issuance_quota
synthetic_long_horizon_identifiability_v1,audit,c_a12392069221d3234835f351d1a81b2b,e15236efbbc9cf357ffe52f917f9e67f1f3fb94c65295710a0ff47936557474a,4,0,0.069766829639477598,44.374139795146313,True,344,False,ranked_above_issuance_quota
synthetic_long_horizon_identifiability_v1,audit,c_a180842efe1e2365c76b14a3a0685177,35ce87197597f477f835eb9c0153dcf029de49fd94cb5a249029da9a2e2c735f,5,0,0.20651686192342583,32.169740360355476,True,87,True,
synthetic_long_horizon_identifiability_v1,audit,c_a1c577828330cc099f2e62a62dd2386f,e2091dd13989b2a0cd77c313581dbbd5a25307ced2bedcbb9f771437267db672,4,0,0.045299529368233921,33.223665259875965,True,172,True,
synthetic_long_horizon_identifiability_v1,audit,c_a1d264ae85ec2c32a06337e47f78ecbd,ad61bb97034bf71d4234ee2842442c1b486c24b4a59ef97c5ff8a145b2cd9043,5,0,0.1094294749437924,32.860596877895901,True,146,True,
synthetic_long_horizon_identifiability_v1,audit,c_a26fad7099221dc74750a7caa7fbbd32,5d49cb39ce50620a983d344285df3e3269bad32d2e6e6775411f4308527d9d4c,5,0,0.1297791884490265,32.786371229243855,True,138,True,
synthetic_long_horizon_identifiability_v1,audit,c_a28167e63b47fa582d7dd404d060dedf,b13204e762c2382d7082b5b6933a6e62a077bd72ae539ccc98b17a118552cabb,6,0,0.10278502605186464,32.396391221047182,True,107,True,
synthetic_long_horizon_identifiability_v1,audit,c_a2a3c5dc60d10204065dbfc6dc745e1b,0776bc96fb3054c76d1b4a4e267606bb7e24897b304fa05227d437521f8b3f3d,5,0,0.032611509885368505,35.391392926874069,True,244,True,
synthetic_long_horizon_identifiability_v1,audit,c_a3085fa8d1ffd44d42ec5fa3207f74e7,74e77792320f602751621fac1d78c6c8bf0635c2e3ffe619a8d5589fb10568ce,0,0,0.42314423708776605,inf,False,,False,fewer_than_two_credible_structure_families;nonfinite_disagreement
synthetic_long_horizon_identifiability_v1,audit,c_a38a0443944f0f6f31e245dd31c48f83,acc9981fabc8376f3e41c7984349a882eae13f49c8e0c52cfe2c3e040f77b2aa,5,0,0.097261563375892202,34.375522177415895,True,223,True,
synthetic_long_horizon_identifiability_v1,audit,c_a3ab87007cd64cdd9dea4456f3de32c9,4e420532c786b22d32bcddcddd96abc8c97901684adf5a3d5f6338f21c78b41f,4,0,0.10448984576533576,32.728313501575954,True,135,True,
synthetic_long_horizon_identifiability_v1,audit,c_a3c398af7010aa73d11633f892f24829,aaba89a14ab3c93f7ad5d6835d03c41c2249371c142a70e992b0567b66dfb8d6,4,0,0.046857731825311374,32.142004327965431,True,77,True,
synthetic_long_horizon_identifiability_v1,audit,c_a483c7d7d5db9a4a484f5f83aafe6712,6ae42a1c0138228d758eb0d6e47b743af83557791ae8c7b407f6b1a82c4ffe16,5,0,0.046176103338420468,32.743884851736993,True,136,True,
synthetic_long_horizon_identifiability_v1,audit,c_a4d4adefe8da18fe849be4a40b549920,f3fc7c2faa0e904d599ff88a277d2f133b37c9341e8796ca73549fb8e8b49260,4,0,0.046956643149888289,32.141999231679208,True,49,True,
synthetic_long_horizon_identifiability_v1,audit,c_a51b24b54777e30f50ef677469d3c3fc,c6680330bc1d14ec036fa3482eae8e27662474da3a9d0e9eefcab8f1b9321df0,4,0,0.052336369368912686,32.142000181738538,True,67,True,
synthetic_long_horizon_identifiability_v1,audit,c_a630b3ce495027fafef685af8d91158a,42ee59916f6afc9cf3e51fb36e13a9673f60881e944417b1225361d897908970,4,0,0.18350481320280851,57.737606037345117,True,391,False,ranked_above_issuance_quota
synthetic_long_horizon_identifiability_v1,audit,c_a6e80cbe765f28d1f9fca76fdbc4006e,115be6fde221d05433cc9bf35a148d1e86cd6e1c6b19f34c012ae537365bb6d6,4,0,0.053347007274485866,33.100432673919414,True,166,True,
synthetic_long_horizon_identifiability_v1,audit,c_a708689dd3b00789ee62463a98a07099,e05d1b5a891b213b06f714bec7766f1e5b3204f12335dcb769f12bf9b54372d9,5,0,0.050007532220805541,37.552672609431362,True,293,False,ranked_above_issuance_quota
synthetic_long_horizon_identifiability_v1,audit,c_a72af6eb53e8251b81f02e414e894280,8b38f9ea83afbc6347e45f8236971d8bcf94c1a447a7d00042a1de74bcb0bbf4,1,0,0.17108787841564013,inf,False,,False,fewer_than_two_credible_structure_families;nonfinite_disagreement
synthetic_long_horizon_identifiability_v1,audit,c_a7d3b1ebf62c4c0e6fadd916a3864dab,cd5ff3295e66f3b35f867c9b2fbf1b1e9b98735c374ba03799eb08024391f004,5,0,0.22446035490564642,32.85620123669122,True,145,True,
synthetic_long_horizon_identifiability_v1,audit,c_a865bbbc16088c064b93cd005240c797,5263b6cbd62dfc3a4877edd5f3d5f224f2e84bc4b22af5b9883b54ff96e2fe1d,0,0,0.38649371611142536,inf,False,,False,fewer_than_two_credible_structure_families;nonfinite_disagreement
synthetic_long_horizon_identifiability_v1,audit,c_a97042f0bc39413b4237c5a2a626b746,ad6e038490c8e6dd30736ec27aab84591b530e27491a2485a10fe25cd2f68102,5,0,0.078909574288060544,32.365625957248213,True,105,True,
synthetic_long_horizon_identifiability_v1,audit,c_a99875319a74d98e67354ee8325babef,bd9ec81b5c129b7c563084a5c07bfe745ecb3a9385b06703a72eb978c44c073e,4,0,0.20875513959448402,55.752641997175537,True,382,False,ranked_above_issuance_quota
synthetic_long_horizon_identifiability_v1,audit,c_a9d2b5e50c56e716388b18dd6f00d35a,d6f391ec51cc940dfa4424aae7b3bf3f64d61576acfa7b56c8e96f062d5df519,5,0,0.040241363288642924,32.873651863303678,True,147,True,
synthetic_long_horizon_identifiability_v1,audit,c_aa6848eace76886ede5b18166cea0966,f93f67443c31485af6073e4b7588b0a8a71656e87b38101817d0c03cba9cf96c,5,0,0.059810798124881527,32.141997920001984,True,27,True,
synthetic_long_horizon_identifiability_v1,audit,c_ab4ad35ea759f1768772ef9e8eb5d622,87ea478aba90c082d84993780a8ccf4ddbc2607bdf8ef5a0cfd048739fd337eb,5,0,0.10051804662029107,32.14199810536546,True,28,True,
synthetic_long_horizon_identifiability_v1,audit,c_ab7059a9625f0a7a7b26b738cd3d552c,3c3529fb7447f568c2d40e60911bce03e35f6b05c777c72f4553edb243ec7f15,4,0,0.097119458583635895,32.150271834783112,True,85,True,
synthetic_long_horizon_identifiability_v1,audit,c_ab996c182f5431123196455b32208c3e,e223f04353775dc6c74580bc3d8730ad823af8dccb493d800c9c78e7b603df36,4,0,0.19705937151812247,32.887189702981502,True,149,True,
synthetic_long_horizon_identifiability_v1,audit,c_accc769adb3793160439c67d070d71ee,076a724bbcf904d4a030bb4f570488ff819710c7187a9bf7c9d92273c64cf189,1,0,0.09249785688186947,inf,False,,False,fewer_than_two_credible_structure_families;nonfinite_disagreement
synthetic_long_horizon_identifiability_v1,audit,c_ad55b8e9e59f246114a6e3bde19638d3,4293f3b94b57185810336a0906c1d13abf248e4aefc48bf15daa434eb5ee50a6,4,0,0.13211568739501309,52.254376391468,True,372,False,ranked_above_issuance_quota
synthetic_long_horizon_identifiability_v1,audit,c_ada317d5fbfea73af0f7a413e49d7dbc,a8ebdd69072c6d37a207227d6997f0291e855814f709198cf1f53c3b08be0c95,5,0,0.18248876243304479,35.116754110825759,True,238,True,
synthetic_long_horizon_identifiability_v1,audit,c_aee70b383fc24532f90c7bc488d3ccf0,8b9334e6ab973d090bb1ddd538ff8ed8ba82c1ea974c68cff0d8831c4a653ffe,5,0,0.11512063239876218,48.91681179305214,True,358,False,ranked_above_issuance_quota
synthetic_long_horizon_identifiability_v1,audit,c_aef65bcffb27de8cef1358522f01ed05,2ea9d3e7f0f7d4cc0e452c958041ca39dd71899273e1817d6c41be199b0bb6be,4,0,0.17838277454039897,32.141998639663157,True,36,True,
synthetic_long_horizon_identifiability_v1,audit,c_aef9faf2f723dd52ba4fd12ab0cfa868,3876dfff6edfe6e0e50147f0bfccb20289da2963d8c67c603adf538d182da91a,0,0,0.47724257143364018,inf,False,,False,fewer_than_two_credible_structure_families;nonfinite_disagreement
synthetic_long_horizon_identifiability_v1,audit,c_af5786d23ad9080b70c35386c1309cd9,53e7ac576d003d5b93611a786551e0bf4c84cd9c80159d521585edd474559d98,5,0,0.23934658243024201,34.081640094268352,True,219,True,
synthetic_long_horizon_identifiability_v1,audit,c_b01e0ede40338016516e60f01113f011,624d12648efa8d379ef926b7a4538d232754070f29b7bc31b8e0ff0384a1c00d,1,0,0.22301089619753245,inf,False,,False,fewer_than_two_credible_structure_families;nonfinite_disagreement
synthetic_long_horizon_identifiability_v1,audit,c_b04888ed8ef199678d4da78b6e134077,36c49ed7464f4f64bbef9bbeb5d29d96f361ca5f27f5afd94809896394dfa580,4,0,0.083214406184313167,33.834494110240826,True,204,True,
synthetic_long_horizon_identifiability_v1,audit,c_b0b4d70edca7fb75c7c5e1c4032b127d,2515efaf688c62013f4257cb50928166a77382a1919eb0fb70f9ffa31ef3eeb7,5,0,0.14436687803383724,40.676801026604458,True,320,False,ranked_above_issuance_quota
synthetic_long_horizon_identifiability_v1,audit,c_b0e36bb99cb35b6d5092c62014e6c93f,f154d6c5b608d707821f804ced33720022c77ad811c965ae7bfe155e5c9b4381,0,0,0.23543817904856743,inf,False,,False,fewer_than_two_credible_structure_families;nonfinite_disagreement
synthetic_long_horizon_identifiability_v1,audit,c_b1205aa93ab9b644cd4160f1e00e63e2,95abe0ce084d0fe8308a8ce43f9a1bcf138bed16ae5fd0ab9723502d955d7f54,5,0,0.15750418839942368,32.142000612570314,True,69,True,
synthetic_long_horizon_identifiability_v1,audit,c_b15641a1a9e0a3fe62563a15194578a3,02e5ffba892c9eb411e391458a39784dd6ff1a8641456b3e860890fd4d2b3cff,5,0,0.14344648805274809,32.431830648806425,True,109,True,
synthetic_long_horizon_identifiability_v1,audit,c_b1791523a553dae47d9d73e210202877,d8cbe05e777fa9608d11f05b53f57a75a057141bd7914bae7d3077b080703dae,4,0,0.17902196817133673,32.142011368008703,True,81,True,
synthetic_long_horizon_identifiability_v1,audit,c_b1cab4ca40d53e4b58a7f7732d1129ff,abeb478417c0005216fe695b6696573061acef1677d245b2dd1f610a1ed4e870,5,0,0.075449017481910519,32.660159246719708,True,127,True,
synthetic_long_horizon_identifiability_v1,audit,c_b2090c275c9050cbdc28c22efda5f85b,bb133667fa029008ea9fa67bb32b5ddd2e317db01e60fcd736bdc3ac2d76cef2,5,0,0.030873644871996838,33.118763590118022,True,167,True,
synthetic_long_horizon_identifiability_v1,audit,c_b269182027e587159c0937236a49cfdc,3cc005b082e9b8123b76762f28fcca566a5564ba53ce4ae8488f7886b3efa046,5,0,0.069513851160484572,34.683224664591712,True,234,True,
synthetic_long_horizon_identifiability_v1,audit,c_b31cf1967f50dc7b36b3923478dbb336,fbdce98b5a56b6d932f1ae6e7f0b21fcc79af719bf0dd923d6e4f34445edfd8d,5,0,0.059242166941368489,32.141997405992157,True,21,True,
synthetic_long_horizon_identifiability_v1,audit,c_b3cf3e565359083710d75adbd8d878a2,9e06437c1384f8e8bdfa3ccbdb47ca5c9c28ccef8535a7ec680959e297ef366e,4,0,0.038785880646757399,48.13077143521901,True,356,False,ranked_above_issuance_quota
synthetic_long_horizon_identifiability_v1,audit,c_b3e05198e3b535a25233f89aac15fdcc,8a430f06bf0dac8318647db1eed9e03d01fb2f52b8898e7fda522eabf4e415ec,5,0,0.072086475862037327,36.522324224509212,True,270,False,ranked_above_issuance_quota
synthetic_long_horizon_identifiability_v1,audit,c_b4851a385c99082dabe09762b9591175,dce645df8a5a38f8ff2dfb68d8bbb63a8ee5aa4560ac77b084ca06ba9434b282,5,0,0.078580037056477925,32.672661238764874,True,129,True,
synthetic_long_horizon_identifiability_v1,audit,c_b48b76af031ad6e0c851a42121f60377,54dbf30fa84b93126d0c013dfa13202d0383f5a2f86654fbf54d473394d422d6,5,0,0.11938431088672793,38.02605528080408,True,298,False,ranked_above_issuance_quota
synthetic_long_horizon_identifiability_v1,audit,c_b53bfa20488097cc95ec096a5f1b14ad,72c6860c42ebdf474dc61b7b74ad09ced4b3520589911d36f78f79096083e113,1,0,0.050573248490784505,inf,False,,False,fewer_than_two_credible_structure_families;nonfinite_disagreement
synthetic_long_horizon_identifiability_v1,audit,c_b54d152be9c39e3d9eabec5185092d32,839810dc292d5892f67c6d06cea3821af2dff54f67040ff83d9fe5ad20e3eb95,5,0,0.14955285867475188,32.141997435942763,True,23,True,
synthetic_long_horizon_identifiability_v1,audit,c_b6ee69ddfdfb9881d10b056e01826812,d31c4f59a26e2cc79d0bd43f5417b8b8f1c6cd0cd606c069663fab1e56cb8ac1,5,0,0.15529010463334508,33.170849903533281,True,171,True,
synthetic_long_horizon_identifiability_v1,audit,c_b76f8052652ece6708047b4d39bf05e9,732011722a07b52191fda1af40410f8a81b085271bf1524ed7a30b63c85aa108,5,0,0.055715631025818557,32.141999978975619,True,64,True,
synthetic_long_horizon_identifiability_v1,audit,c_b7c1e6570697839c78e50138eb9c95b4,4e94de905aab3a31705a837260432cc46d6f0591e33c4014532b945cb0d83bed,4,0,0.1387299359192169,57.435759228514279,True,390,False,ranked_above_issuance_quota
synthetic_long_horizon_identifiability_v1,audit,c_b898a205b49d7dbae55776bf33d37bb1,4a43c93d6143918fbede39c3aec13b23d7d5a79b93b6082a2aa31847cc14f41a,5,0,0.021412249319735267,36.029693228074528,True,262,False,ranked_above_issuance_quota
synthetic_long_horizon_identifiability_v1,audit,c_b8e5d010665a5a13d994e70c639e3cde,45a2fd33f93905b141b24a12246b0e4d5d42d6f97b1a9a8c73c9adf736f81467,4,0,0.039676832404290152,33.914063982627482,True,210,True,
synthetic_long_horizon_identifiability_v1,audit,c_b99cfdaff40476d62384b20f520247b8,a44ea6c946fd8260f48e04e4a676324c4c9ffbc02858d8bff88aef89df923818,4,0,0.096698934435617195,33.058258466844293,True,162,True,
synthetic_long_horizon_identifiability_v1,audit,c_b9aa7725a815c1522def135490f79bf3,fee9a62f5c7434474a981ecd3749d69c5c74b7deb73363ba39c57ac855824d45,5,0,0.036528025253205476,35.758478011657765,True,251,False,ranked_above_issuance_quota
synthetic_long_horizon_identifiability_v1,audit,c_babb62ecd82daf2db2a84d34358d02ca,90d32188567f067f9923243dbc9a5c7cf33fd1b2d1371a6a4ade7d9cd6523142,6,0,0.13385988640285879,32.295837326428611,True,97,True,
synthetic_long_horizon_identifiability_v1,audit,c_babefa43a78812a9bc51f058152906d9,011c69d5daf16411c8376dc1cdbde9cc01caf9d223ae4464faeead2701b631f0,5,0,0.13302265992017426,32.270315066401444,True,95,True,
synthetic_long_horizon_identifiability_v1,audit,c_bbecc7d96b867e24cbb5f8e5d68c4b51,e59716afa3191b017b6ec96b1d51c428b0dffe3123504b0a0c686ce95a0e17d3,5,0,0.028999280940114062,33.433323273222527,True,186,True,
synthetic_long_horizon_identifiability_v1,audit,c_bc77fd99e06e0d8bb68fa47f7cdfd0f4,e9461672b1a4fa0d2426668b5ead9c4869b37f1c7556356e8e2d49002f48ebea,5,0,0.1151942090192203,39.629168869217843,True,313,False,ranked_above_issuance_quota
synthetic_long_horizon_identifiability_v1,audit,c_bdc1c1a7634aa6b128ab276330db51a8,4ecba493264ec93b0cdc30d4d0ad08710bda7a2b0394cab7be75d97c7b4778ab,0,0,0.22498400266194138,inf,False,,False,fewer_than_two_credible_structure_families;nonfinite_disagreement
synthetic_long_horizon_identifiability_v1,audit,c_bdecf9ee22c58afe869769a943a1ca48,3c87af58b9dde1587b80940744b8bf8c8ce60cc46e819b541a65470bfa3d33c1,1,0,0.015663901513161941,inf,False,,False,fewer_than_two_credible_structure_families;nonfinite_disagreement
synthetic_long_horizon_identifiability_v1,audit,c_be142ad77cba7c4eda30fbcea27c394a,bb6e3b184bfc54819eac50d63d20e92a0ceeb5ecd663024f81dd8e9b338c4a9a,5,0,0.042012231341546954,35.610974784928523,True,248,True,
synthetic_long_horizon_identifiability_v1,audit,c_bea8e29e2b20be0ad40bfc98deff3d20,c790b082a47b376eb3f136712a40701002a30b07e5ffb7b2c1e29fcc4101b1f1,1,0,0.054963412301387772,inf,False,,False,fewer_than_two_credible_structure_families;nonfinite_disagreement
synthetic_long_horizon_identifiability_v1,audit,c_bf4110abc5ee7d7915d1ece07643feae,102010e44c273e26d8230454400c93e448a2ee2886cef37f32357f6e93abb742,5,0,0.10298241046489447,33.938473891150601,True,213,True,
synthetic_long_horizon_identifiability_v1,audit,c_bf85abbab5c15cae67638cc2a7e93f7c,0a034b0746a553968807434ddd09b03991531b6149ccf4d1c2f8a3636db6ab3a,5,0,0.040355362422577735,33.070332318996577,True,164,True,
synthetic_long_horizon_identifiability_v1,audit,c_bfb2d9397c6f15ea518213689bf43375,d978774ce43e9966eb7ab8494adae8b8a30247fb773c4513a3d7bcc1f2d4ae2c,5,0,0.10749714937542569,34.27521241005882,True,221,True,
synthetic_long_horizon_identifiability_v1,audit,c_c10d8b845df20a5be06201dc17a89962,80fa5eef4899c4cc0ddf7dd219eb35205d08b5efc9d1994184f67ed49b0b8065,5,0,0.14231562537851741,37.591469753536522,True,294,False,ranked_above_issuance_quota
synthetic_long_horizon_identifiability_v1,audit,c_c177890e4cc0adf399a08fbeba1babd8,118ed81376adc7cfbd10f17ce0b6b8b592f4601c26a839f0f039d62883df828b,5,0,0.053599526625588152,32.141998828819226,True,38,True,
synthetic_long_horizon_identifiability_v1,audit,c_c1785e8c3670d8850289b2df84464d77,253ae59c783cff8030768b869f8dfb093024dab21eb776e4169e1772141acc42,5,0,0.019741173752955754,33.014170332285573,True,158,True,
synthetic_long_horizon_identifiability_v1,audit,c_c19a3ac96e0d7de6a36f420029bb4a97,dd6b754b16a5a30dab5234eeb73ccde04f10e3d71bc2e801bab0fdd7f27773d6,5,0,0.10908019985331623,33.250664472647863,True,173,True,
synthetic_long_horizon_identifiability_v1,audit,c_c1f176b5daa1ea5e01d44189b94f2e04,c6431705980275809d46850e5b33a8a2098889ee1ae6e67bd8a561fd77853b6c,4,0,0.028026714635190523,40.756851597495462,True,321,False,ranked_above_issuance_quota
synthetic_long_horizon_identifiability_v1,audit,c_c270a71c2388507a4d1e4f22b218e5e0,d52504c7a9efbbe0bd2aaf1f400c2b69132443127726a1c7f1c5c18867cfa5b0,4,0,0.011496668464598288,32.141992309544314,True,7,True,
synthetic_long_horizon_identifiability_v1,audit,c_c3c4a1b8e21b29fc8f924c90778a9b73,961266da7184a4f93cc151a21a9f7716ad1cd55826cc7604449fa0293d3b7cc0,4,0,0.20092584920772,57.997580125157413,True,393,False,ranked_above_issuance_quota
synthetic_long_horizon_identifiability_v1,audit,c_c4de762c90656b785019d68f5525bc69,8bbcea0122dd3af5394358265a8a590ccb7696c698a634effbd7ec195ff95854,5,0,0.18363373700346622,43.30095522222846,True,335,False,ranked_above_issuance_quota
synthetic_long_horizon_identifiability_v1,audit,c_c54ef12cf604e25942da5f0a68119575,8fed62988f6da010020c4a7d9be1dd5327ddcbe31c28153eef903612cb9abedf,5,0,0.15427832660387988,35.127802019088996,True,240,True,
synthetic_long_horizon_identifiability_v1,audit,c_c5751092fb0ac6f0a1ad35baa420779b,6be4bf71014a65a642d99e2de3cd945c0c40e910eb0ee93aac443c8fe1098edf,1,0,0.012890646177440216,inf,False,,False,fewer_than_two_credible_structure_families;nonfinite_disagreement
synthetic_long_horizon_identifiability_v1,audit,c_c596e1f96fd9ed9ab4fc281d891dbe5a,66f989bfe9fa6ad0ee2b715b806fc01f0b2e4e1f6ef6a1772a9b7272142359ef,5,0,0.16238897352863782,47.664303011184082,True,354,False,ranked_above_issuance_quota
synthetic_long_horizon_identifiability_v1,audit,c_c5bd76ce558148be7b91e5aee7ad7a44,eb7d1e90275814632f63f3b82e095b04293f1d61704bac1fa91f01b80e7a097e,5,0,0.06923488715768282,36.883233170276405,True,275,False,ranked_above_issuance_quota
synthetic_long_horizon_identifiability_v1,audit,c_c5fce03e022fa956e554f0c4884a117d,bd09ce883034a408749ae30f4d3dd9d177eb4d151397605286ffef301384cf45,5,0,0.17672174593124521,40.458061938308425,True,319,False,ranked_above_issuance_quota
synthetic_long_horizon_identifiability_v1,audit,c_c621cbcaeb277a0911b7235bb1104e30,03306267f8915466e686597b0bf187bb8fdcced470d1efecd5ff59c806c00e46,4,0,0.035960381549228593,32.141995183407509,True,14,True,
synthetic_long_horizon_identifiability_v1,audit,c_c650176b21bce42ce636f4e1442c7290,9efe8e01cabec51ff461934c417b123d757b2fa79cb65e25a6d40e8b95cda62f,0,0,0.34424238473707541,inf,False,,False,fewer_than_two_credible_structure_families;nonfinite_disagreement
synthetic_long_horizon_identifiability_v1,audit,c_c7199985f4534ab689da232768c40537,d8474b0f58d2891f14c1c6d82285d252b4df6d70c267b7d7c0e4de0be1fae524,4,0,0.12700518775372827,32.142007510584044,True,79,True,
synthetic_long_horizon_identifiability_v1,audit,c_c742f8773e2972c0c615f471d8b383b9,4c9ed6993cfd375a76e6ca42dfb76d8d6fba21cdd15a3fc344af5300d252c7f0,5,0,0.065394168803926775,34.454177919381515,True,227,True,
synthetic_long_horizon_identifiability_v1,audit,c_c78e0fe1dd37146eb1dfe0a8c307b272,9acea76cadfe05421c3be39b861cf1a7bddb4d732c66df30e821466b3e37bbd6,5,0,0.14281866959128856,37.191694450613682,True,284,False,ranked_above_issuance_quota
synthetic_long_horizon_identifiability_v1,audit,c_c7b5d120311907367511237440035f42,20295bb26c223ea953962b632732348f53bf1a176856cc46f717ff1dd485bc64,5,0,0.02778037082267526,37.450206260723,True,290,False,ranked_above_issuance_quota
synthetic_long_horizon_identifiability_v1,audit,c_c82af411c2c13c95970bb96888e6a434,8a17111f7e223f5825aa0e4b15ba0ebbb31bc1352e101fd62ac71d90f1524ba5,5,0,0.061311863652242719,43.786432438377226,True,341,False,ranked_above_issuance_quota
synthetic_long_horizon_identifiability_v1,audit,c_c89e12e07ceb6c1701d538bc4e2c7f6c,84f809e8584f32706d4cb820f31c606ec230b2d3b55b726b165fe6eb215c57b3,5,0,0.11975570313231779,54.503034225601688,True,379,False,ranked_above_issuance_quota
synthetic_long_horizon_identifiability_v1,audit,c_c8f0ccc19705deed673a59def0b23c0a,6e144dd4e51aac69406d8dac37fdbef7e74c449eaa76ad1db0630499405c00b7,4,0,0.04059997491166828,33.480540774392786,True,189,True,
synthetic_long_horizon_identifiability_v1,audit,c_c8f46adc7bd7fd5e46b008453f571840,4b390dfa34c2aea22567ca3c7e3f21a08e2542ec4cfbe38bad36773b56075e1d,4,0,0.11963170307936086,51.108661124500507,True,367,False,ranked_above_issuance_quota
synthetic_long_horizon_identifiability_v1,audit,c_c93dbe5849bd9b15cd72c3de258a7b7d,f49ea4a65a607b379d53ad88f36197bf9ee324f855f5cb198b6ea555a46449ff,0,0,0.34028378827223493,inf,False,,False,fewer_than_two_credible_structure_families;nonfinite_disagreement
synthetic_long_horizon_identifiability_v1,audit,c_c9f36aaad6c3e3c35e5b5fa8a7158ae7,0a005df24b150008ed65e4d5a42d3ad0dda115793077cee3c5bf7ea08ad66ad5,5,0,0.092073095692183346,42.606184094340925,True,331,False,ranked_above_issuance_quota
synthetic_long_horizon_identifiability_v1,audit,c_ca07dbd5b3bf379b0a32d7d9663f8ee1,5a0c9631a74c39f77ab7855b2d42c0740214585831181dcbc05be6afeb849af9,4,0,0.030214973585334901,33.059328898263665,True,163,True,
synthetic_long_horizon_identifiability_v1,audit,c_ca1d757a750cbb70d727cd9791d4ebb6,c85ccbaaf27152a7cea035da75f0f0494880c30416129ccd6c6fb2dd204a058a,4,0,0.17069397199459804,32.569927280452774,True,122,True,
synthetic_long_horizon_identifiability_v1,audit,c_ca222653401c975ec0295d91448f879c,d83baf4d36ae830013e83544a6a77f891dc22f508472501a181a2195017d6b16,5,0,0.053174837743968771,35.832051057629705,True,254,False,ranked_above_issuance_quota
synthetic_long_horizon_identifiability_v1,audit,c_cb0f2be7182f1b8e1598e974fa606534,46bbf28d72616f5c0f6e049c502c0d5d8e11c7f00d7af607f7cbf19459e97d00,5,0,0.053269208593869202,32.141998844365638,True,40,True,
synthetic_long_horizon_identifiability_v1,audit,c_cb0fa527f7136094b2af9af87c3abf9d,313b2966acda36e261e671e7e5d5e692fc28b5486fc727ccf3b4250b8c968037,5,0,0.06269801815187169,32.142000679203925,True,70,True,
synthetic_long_horizon_identifiability_v1,audit,c_cb42019b0e7086f5afacdff7ea45e756,aa0fd7ad5368f47a6d6ffd4978c9f280bfbaf482df89fc6154336dee02070913,4,0,0.030149984464227637,48.722755468938253,True,357,False,ranked_above_issuance_quota
synthetic_long_horizon_identifiability_v1,audit,c_cbc843672c7b59391c76906012f6d171,1b2ad1e14dee04b1b55b2c53af6b7085fb598e37d99f30bec11876eaa092e149,5,0,0.086026562308608084,41.036280759833197,True,322,False,ranked_above_issuance_quota
synthetic_long_horizon_identifiability_v1,audit,c_ce2c6acd1e84613a98492f979edfd5db,7f9e8f0d36e1500a697b02220544c9fdd9c8d1dbcbfd0c026a3e12199418463b,6,0,0.099616461416406774,32.559343026911407,True,120,True,
synthetic_long_horizon_identifiability_v1,audit,c_ce80e1a965623a25fee052480ac2b85c,1493f51fad531e7de8a97e4228de9997629b8ca3ca7e78c5959c2bd2fd7ce2a6,4,0,0.13227303535720786,51.495344925971743,True,368,False,ranked_above_issuance_quota
synthetic_long_horizon_identifiability_v1,audit,c_cf37c68822760b3552791f77a41c2420,2bd4d718265ab636362de2101c135867970f81519c4faec4cd4842644822131c,0,0,0.30393014647132421,inf,False,,False,fewer_than_two_credible_structure_families;nonfinite_disagreement
synthetic_long_horizon_identifiability_v1,audit,c_cf467c58f26323641bdbc649bdfa9360,67a617b8253f73ed5e8366a04f8a19ed5712abe1e1ae1cdcb13d8bbcb8af8568,4,0,0.075257293531006117,51.701325132154764,True,371,False,ranked_above_issuance_quota
synthetic_long_horizon_identifiability_v1,audit,c_cf954ae2471e9ee8f86d4bfcf95c488f,40a20972ef525760089081874576f9018f4bf8b8bbf00f5c925534539966b584,0,0,0.45275080215732327,inf,False,,False,fewer_than_two_credible_structure_families;nonfinite_disagreement
synthetic_long_horizon_identifiability_v1,audit,c_d052cc1a0a54c55edcfc5e98d507f1c6,6bd8133a525f014ed1b8d662a8d5cc70b0c34851da984dfecb1e763f19c0e99c,5,0,0.061441210373514021,33.093969299555567,True,165,True,
synthetic_long_horizon_identifiability_v1,audit,c_d1baf35e2b5d1102ef7cf9853792ba12,0656dff4421a6474a2d95023e85c000cf28625a1ea645cb3455f9eeaad3baa46,0,0,0.35261036598670187,inf,False,,False,fewer_than_two_credible_structure_families;nonfinite_disagreement
synthetic_long_horizon_identifiability_v1,audit,c_d210dcdbb2855113e398ed62d5b37bec,89289fa7afedb6c6327457c350fe36827a5550a0b91e8cef2295cc5fbe0a57f9,5,0,0.098632282719119807,38.689687339473444,True,301,False,ranked_above_issuance_quota
synthetic_long_horizon_identifiability_v1,audit,c_d27c5885bdfa218a64e0903271bc4618,2aecb554ed3913a24fbc475779e13e91b7329d906f35a39d31d613a7637ef52d,5,0,0.10674245591752757,33.840330902418529,True,205,True,
synthetic_long_horizon_identifiability_v1,audit,c_d3270b3af10bcca25f82c5f6da138381,799bf3f0c0d79283385e792e8f4796e2e18af141833efd78723080d8f9cc2643,4,0,0.19948247385885787,32.141949985834067,True,3,True,
synthetic_long_horizon_identifiability_v1,audit,c_d351f1c2e74187cd1a29b26be0993bc1,7c0d0cf2a60abe32f761e065e3f770c7110d5bedb32685fab1ea89e42cd34fcb,5,0,0.084322316872655415,33.122516400491975,True,168,True,
synthetic_long_horizon_identifiability_v1,audit,c_d4110d026eac6e4e42471311b5a58fbc,1573ca1ce6a44112991366731d562bc400d44dac85eedce32823ba45f79695c0,4,0,0.13534547949048042,55.717562196956493,True,381,False,ranked_above_issuance_quota
synthetic_long_horizon_identifiability_v1,audit,c_d51a3818d4f34c098103504017ccd46f,431e8267ee834924585432eb8887f81c62a2f44ece0fdaff6ec62f7f3f2fcbb5,4,0,0.088325675819579369,32.141998819592615,True,37,True,
synthetic_long_horizon_identifiability_v1,audit,c_d5aa9a9dca2f5677868cf03a37094dca,e1ffe6ff460e9392101d1da87867a0880f3731d6946464409027d82f43aa2463,5,0,0.022677221547514555,32.141999652077899,True,59,True,
synthetic_long_horizon_identifiability_v1,audit,c_d6e69382f66342b731905ebf1ca4fb50,a67605ba8b38c6ff12d3b6d7caa2050736b467cfefbd062e20683a6a97f7ab9c,5,0,0.092590437209533735,32.486958142638073,True,115,True,
synthetic_long_horizon_identifiability_v1,audit,c_d6e850919d6e805c481041d13eec39fb,5ef34d137a48795a1cd73efd7c0ee01ab90c8c3495cabd0ccb2aee785b2b544b,0,0,0.40375086519097664,inf,False,,False,fewer_than_two_credible_structure_families;nonfinite_disagreement
synthetic_long_horizon_identifiability_v1,audit,c_d750fafc2a08fec348f3a3d70069ff68,cbc2dc00c48c2dfa6225070979b279aa9090bf82d6b7a6a429a6bfe27885e766,5,0,0.095622642111278744,32.514784154137757,True,119,True,
synthetic_long_horizon_identifiability_v1,audit,c_d7e6282cc65ad241bbb1b05a4e8465f7,84596157fc1b2a34cf7014742025781caefd88752d505bcc123e94fb4a73827f,4,0,0.16352197936104784,32.512771361434517,True,118,True,
synthetic_long_horizon_identifiability_v1,audit,c_d80eefb86612cf4fff95b61f1c17ba35,695f88498bd4568e5a00bf9e0ddbea5e83968352bf7312904f8c42c94e56d9de,5,0,0.07375603013321648,32.141999533670102,True,57,True,
synthetic_long_horizon_identifiability_v1,audit,c_d84d1257a64f71b3161d0d0b823d04d7,3360b181d8f090b72dfe227360cc15cf33861c975cfd7b2ddd4b0d049cc32c7a,1,0,0.13791907312971222,inf,False,,False,fewer_than_two_credible_structure_families;nonfinite_disagreement
synthetic_long_horizon_identifiability_v1,audit,c_d89b5340a9ae60aee9fbcaab3a4b3f35,e771af7478c29ef4fc1a1fb0958be578c86af16436fc64f0140813e4fbe952d6,0,0,0.29159161051042559,inf,False,,False,fewer_than_two_credible_structure_families;nonfinite_disagreement
synthetic_long_horizon_identifiability_v1,audit,c_d99389e53d07d9262db2becd2de21612,2b3266c3fa1a4409079d82287929c29baea46b3cb444d8d2f814a935d44bdcdc,5,0,0.066233509680126687,32.141982130402241,True,4,True,
synthetic_long_horizon_identifiability_v1,audit,c_d9a5b227bcb0e10c8e67835eed06e1ab,e400b8932be08c3388485c62c2219b61ea80df17b794430ecd33cc74c84ee6ed,5,0,0.079187893816539554,36.705733193863686,True,273,False,ranked_above_issuance_quota
synthetic_long_horizon_identifiability_v1,audit,c_d9daaa668aa9f1a956e5f5975f68c313,30985c55f7a6257b00a3f405e2a876990dd5363a28da123226d21cb9c3b00cef,4,0,0.064632497994168189,32.14199923264799,True,50,True,
synthetic_long_horizon_identifiability_v1,audit,c_da97d4e66c2164aa291e24430943d0ea,0f9f44a56a434cc265254acb2e7b49cf639c398d3b3095bdd0624b9b3f995be7,5,0,0.28541074684865658,32.141999999999996,True,66,True,
synthetic_long_horizon_identifiability_v1,audit,c_daa09d0f33e0d2de37d234dd04db33b7,3cae78191537909bad0533246fb9e9d5bd32fb78fe9cfdde159a787a5e38f9c8,5,0,0.046232237804485612,36.399430936228775,True,267,False,ranked_above_issuance_quota
synthetic_long_horizon_identifiability_v1,audit,c_dacc5d8f94feb520d2f2139e62d573e4,f8f6166217a4401187462b9663c973dc9cbb39f6d1be53558c02deffa149fce1,5,0,0.061583523791847859,32.14199831770253,True,31,True,
synthetic_long_horizon_identifiability_v1,audit,c_dae348c6cad8b49a11af4cf546d08a18,d7de8e579cad77e0e2c426adfcf62b3cc053be20276a78af90ff2a38ed9dc76e,5,0,0.059003593194982898,33.857799848794542,True,207,True,
synthetic_long_horizon_identifiability_v1,audit,c_dba17a5c419ae68e16d496aa138cba75,62a0a192bb228282f444aaf84f71b4655e7549f242f19fbcfca4cb4c17c382da,5,0,0.10667401558090543,32.989331891424726,True,156,True,
synthetic_long_horizon_identifiability_v1,audit,c_dc59878c0a484b5c1a25039214bf03bb,0c61ad3ee8a39d28730839edfc3276975f30bb2182c5e967c26735060977df35,5,0,0.14149818840302877,43.786026029835973,True,340,False,ranked_above_issuance_quota
synthetic_long_horizon_identifiability_v1,audit,c_dc8ae5578b6422586a33a79b14dbae6d,d57651af3764542b71c41ba96f354f5406cd1a55389c0aeb214fad7dd77e1304,0,0,0.18739598170001701,inf,False,,False,fewer_than_two_credible_structure_families;nonfinite_disagreement
synthetic_long_horizon_identifiability_v1,audit,c_dca89c6308cbcc21b9122e08d786ae91,7b9c6103ca2a38d242e76c1b30f836aaee38efe048d74ab0e8971836a39f9954,1,0,0.029030638797836933,inf,False,,False,fewer_than_two_credible_structure_families;nonfinite_disagreement
synthetic_long_horizon_identifiability_v1,audit,c_dcd268cbc69936075059ed0975d79ca0,8fd6ac04150cd4b144436ab7bc712c36a60d66a39ffc818eaa24a275b290fea5,1,0,0.087987734700836318,inf,False,,False,fewer_than_two_credible_structure_families;nonfinite_disagreement
synthetic_long_horizon_identifiability_v1,audit,c_dd61b0ff2af400132c6c31637cb7a888,a1bcea6a13e404641f7540f5197bc5f65aec684a6552212c0b98322e2a17bde2,4,0,0.13007494736000971,55.148066030691062,True,380,False,ranked_above_issuance_quota
synthetic_long_horizon_identifiability_v1,audit,c_ddd191d237339d7d1e2a41ef64aa7eb8,6dadb1f04aec8f571f19d8df683b08be9ea23fbdfcb11127a857606dca1bacb1,6,0,0.043270299553821813,32.30352779230931,True,99,True,
synthetic_long_horizon_identifiability_v1,audit,c_df7e8b3aaf7f25e0c9c8272c4a939743,338750c7ca0102d7d77e6a4bb4ec06355d87857dfcd6db8b90b2dcf26cd68e86,5,0,0.047263092284897418,39.325632216781038,True,308,False,ranked_above_issuance_quota
synthetic_long_horizon_identifiability_v1,audit,c_df892c7ada7d1674675e68a56aebce78,0167d6c0b410c1927acdea189ff285016f6d200f5712082451dd4d8bee14e1b5,4,0,0.070004447919465015,34.455309365283739,True,228,True,
synthetic_long_horizon_identifiability_v1,audit,c_dfc13ba492341711d47f82c1d05849c2,ec45cf486cd5c126b71c6f780e64ec85bfe1184e9f3c813b517c6165d9814a6c,5,0,0.06960053730931022,35.500733549573603,True,245,True,
synthetic_long_horizon_identifiability_v1,audit,c_e0dbf9aa3d8586e7605bd3fad7306cbb,a41816fb77956a909f442edafe0a9e81635e7eb4bb87951a221ba3632284c30d,5,0,0.086430273338586647,39.928274289071247,True,315,False,ranked_above_issuance_quota
synthetic_long_horizon_identifiability_v1,audit,c_e13a2916ea3f99488b1aecfa29fa0557,5967a525020fda9dc1ea35bc29ad4d5e27ce17b32935406442874479525f8ac6,4,0,0.10737025187763924,32.141999429498284,True,54,True,
synthetic_long_horizon_identifiability_v1,audit,c_e2eb4ced8aa4d1c3dc87c653b8420fcd,071dff2519e49b57b881d3f607d5a78241cb560c430a8984774cdc36fcd0834d,1,0,0.037254665852696836,inf,False,,False,fewer_than_two_credible_structure_families;nonfinite_disagreement
synthetic_long_horizon_identifiability_v1,audit,c_e30fa81e25429fe7678435173116b835,9f03ac15d5a65ea8948b244e29eaa8ea6d53aefdf030f27f996d10dea3c8bfb6,4,0,0.087695921132580734,32.311554545697184,True,101,True,
synthetic_long_horizon_identifiability_v1,audit,c_e37db5e73319c4b3f9ab481e68071d6a,e346ad43042faf7d0933bacec6a78255f1dcdd4a84ffe1f0f10c211fd7982a3f,5,0,0.066137371068382494,38.447121074515003,True,299,False,ranked_above_issuance_quota
synthetic_long_horizon_identifiability_v1,audit,c_e4255e00486e3d7cd744ae73ab9ca4f3,d98c9ca6828752c9d15e5f886db62b84b67bc11f0a954c9148c7f0510bcc23ac,0,0,0.4315717052927131,inf,False,,False,fewer_than_two_credible_structure_families;nonfinite_disagreement
synthetic_long_horizon_identifiability_v1,audit,c_e4639024bbfe72677f892a822f2dc16f,19f0498a0b2acbd5d1deaa4609a42e8a16e3e515ab58d259fcb01ecc12e545f8,5,0,0.083863146038255232,32.141999519885502,True,55,True,
synthetic_long_horizon_identifiability_v1,audit,c_e4b769ebf65677763c8b38cb29285e81,31111ff281b302ff086aa9e44807c68dcc4bf6bdef656c418a1c04fb62f20d4a,0,0,0.43871458226861582,inf,False,,False,fewer_than_two_credible_structure_families;nonfinite_disagreement
synthetic_long_horizon_identifiability_v1,audit,c_e4e2e5f5d42b8d49e0c3b2b60367bb69,558243d910e92617625e5a2a5c05dac7ea2168fa7975a576ac041a490e7ff2f4,4,0,0.15547870955436074,33.145521756192323,True,169,True,
synthetic_long_horizon_identifiability_v1,audit,c_e54c08e91c44e127d4a728cdcdc509f2,02672b93686ccd12d81a5f164c6f394ede300d3244e070d8784c54fea3274dfd,5,0,0.086790528772467693,35.939647478258912,True,256,False,ranked_above_issuance_quota
synthetic_long_horizon_identifiability_v1,audit,c_e5cc80c07c60cce385f14d20a83f93b0,d6e7a6df48c0282dc802fc34804e4cd4036549910d3e9016b762b8f6a9d69706,5,0,0.043042458753275378,32.141997583523356,True,26,True,
synthetic_long_horizon_identifiability_v1,audit,c_e5db0d7c44bfe6e4eaeb3043aa4cd1fa,414f5abf22d4f1a86b482dfa14bbe21783381a31c49ef24413e040dff3d77523,1,0,0.079846196356930993,inf,False,,False,fewer_than_two_credible_structure_families;nonfinite_disagreement
synthetic_long_horizon_identifiability_v1,audit,c_e6ee06590e12512eaad1b9697df5ff2b,91cd2a9057899d373ada1bccdb555baa44e4a0350a2bfd9f2019e413ed494a7b,5,0,0.061141667546136452,51.565066685826331,True,370,False,ranked_above_issuance_quota
synthetic_long_horizon_identifiability_v1,audit,c_e853d578c46b23d568c4d3858b5ba1bb,742bba5ba490e283a2bdd24f3669f575f1abad4aa11cc4e2ba0c3979b5ee5add,5,0,0.1710524733839785,32.141999983317646,True,65,True,
synthetic_long_horizon_identifiability_v1,audit,c_e970c5f4b47d3455a8eb006b579858b0,fee91f28a42e00b3124cf376db5a6bbf0b2df8e1e63ab78b70d5aed978a95c76,5,0,0.10367240953871079,33.702414009161522,True,199,True,
synthetic_long_horizon_identifiability_v1,audit,c_e9e7dd794b69511487a0ef1fb56f9f43,814444a7c9da4b5c2ad8a9b33e527515c7c464b4075c23f5fe3bba6b67ecfdee,5,0,0.11517691572210637,39.549887516138291,True,312,False,ranked_above_issuance_quota
synthetic_long_horizon_identifiability_v1,audit,c_eb54a3a736ef746664c4a847adc5e03f,d3bb0591037498c9893c915260386bf268e30c14a3cac187c10110f1ac193ab6,1,0,0.0366596128063129,inf,False,,False,fewer_than_two_credible_structure_families;nonfinite_disagreement
synthetic_long_horizon_identifiability_v1,audit,c_ec3410be1ce3f78201d13cb028f1878b,eb8a6a64c913ffb45af519618f87a6ab4ea0669ef9ef0b7959975c0b889ff205,5,0,0.11201126954283581,36.895263020958915,True,276,False,ranked_above_issuance_quota
synthetic_long_horizon_identifiability_v1,audit,c_ec539bc6bbc6889ca93fed47ecd379b3,248baeb0f029ed80ce1ead610b8b6ea2cb023abe3a27b12659677350376f9499,4,0,0.041333808268035323,41.330773624998237,True,324,False,ranked_above_issuance_quota
synthetic_long_horizon_identifiability_v1,audit,c_ed98601185b64f899a64be696762a527,cd750dc9ad523eb9e2fe51ffd8efedbbac9cb8fbc88363986e52d59be2b8e2c9,4,0,0.041738529267022567,32.141987842060068,True,5,True,
synthetic_long_horizon_identifiability_v1,audit,c_efcee6c316118b36594bfd9dee251c48,64ff0a0304cc9a1e823b29176dd8aff9e7bf06f880040e62c11ccc4c1d6e7657,4,0,0.19784303044482135,32.699337684840117,True,132,True,
synthetic_long_horizon_identifiability_v1,audit,c_efe9e73eecdf83901714af2f96ad7068,2aaf3551a228166530866149d655658789b01e35f1b105d514963555ce009378,4,0,0.20739867053206226,36.100673261283184,True,263,False,ranked_above_issuance_quota
synthetic_long_horizon_identifiability_v1,audit,c_f18d88faf068fab0c4cdad66d9deed9d,83bfc2c6651b94daca0e80d6aef397897c0489aa3ab8552c15e84bcc514c9ac1,5,0,0.10016456849592555,32.566874216626744,True,121,True,
synthetic_long_horizon_identifiability_v1,audit,c_f34fb647274342c1ad2900f15a6d1b13,82472d2e1bc097280a6fb06a64a605b5e8bc22236c345e6c8dcfd261ccd212aa,5,0,0.045227513393493866,33.312315908893574,True,179,True,
synthetic_long_horizon_identifiability_v1,audit,c_f369cf06b4f29c0c0e00b8edcfcbaef5,355df7d5a8861b425f9608f248f8e135122ffffe1a3df3feb24ce23856ad68f5,5,0,0.063921432527875896,36.875093471712937,True,274,False,ranked_above_issuance_quota
synthetic_long_horizon_identifiability_v1,audit,c_f43fd3cc2f0e6bc5d358e99102585b35,65cae961b23016777008a668834fc68254af466e336081784d7b7aa02463fa12,6,0,0.15974165825031986,32.203803904893448,True,88,True,
synthetic_long_horizon_identifiability_v1,audit,c_f46f5e0080918440d9ae162ad59e6810,8ca817268976ca37cbf4e1f80c8b87b0791f12359235f279023bf66ccdbe7453,0,0,0.28127898080955044,inf,False,,False,fewer_than_two_credible_structure_families;nonfinite_disagreement
synthetic_long_horizon_identifiability_v1,audit,c_f4bf86e6a9a3ecb7fe73567c10413775,16af47bd2329894165a6f0fb49a638bcb665c8307cf19b407d9f2ea56c03dc81,4,0,0.1323381202345483,33.018954481999003,True,159,True,
synthetic_long_horizon_identifiability_v1,audit,c_f4f57e1a9dc421c865dd911e677e190b,11dff609dca9ab4fdc7c589ad7456c204f2933826b122d5a5ed72d2c9305d57d,5,0,0.0560350169462333,37.02334655079121,True,278,False,ranked_above_issuance_quota
synthetic_long_horizon_identifiability_v1,audit,c_f73026150db8e98ea24efbabf7fe4698,559120252b529fc56bd23344413ad2f4da41e69dbd7fc073dbf7cb76536447f7,5,0,0.12717451194830612,38.651452764781048,True,300,False,ranked_above_issuance_quota
synthetic_long_horizon_identifiability_v1,audit,c_f78320658368d7ab92ddb9b325811dc8,56957a3194a06457ca1a73991b8752dfd4f3cbac338ed296a52137f02248486a,1,0,0.15882044573089896,inf,False,,False,fewer_than_two_credible_structure_families;nonfinite_disagreement
synthetic_long_horizon_identifiability_v1,audit,c_f8318d433007c7f613d1c195b6e102a0,56385684ed1308ab75c7e54d1f8b69be6f82741af73440c8977bcbc5e0fc4d53,5,0,0.10946693812450027,33.979911846429815,True,215,True,
synthetic_long_horizon_identifiability_v1,audit,c_f85b29625ac011412fc9c5da99601e70,54fde5251050add74e1995194b22829f4eefd5fe82cd7dd7242b882a7e977280,5,0,0.050387811735786478,35.860869363460246,True,255,False,ranked_above_issuance_quota
synthetic_long_horizon_identifiability_v1,audit,c_f8d6d4dd9cf47c2dbf1c6cc2fe5914d1,fd5231b9b7ac9043f8c54cd0e9767beb4b30dd2e213c2a5dcc31581eb664299a,5,0,0.084739818685742832,57.86882474653008,True,392,False,ranked_above_issuance_quota
synthetic_long_horizon_identifiability_v1,audit,c_fc1ad4574fad445cdce9b2384a36ab62,be413850fbb25b48ca1c3cb15e72f077534662e22aa7d5d5ebdcd16449ee6510,4,0,0.065831460064320751,47.063305924245377,True,352,False,ranked_above_issuance_quota
synthetic_long_horizon_identifiability_v1,audit,c_fc4dcf1772d68045ca5bc1b8bcd09ce6,dab806b81014ace2d612c498851838dfe7fd220dddd13343d55f9b2f96ad8a9a,5,0,0.044321794856016547,35.573064449014133,True,247,True,
synthetic_long_horizon_identifiability_v1,audit,c_fce4a1444f851023d6fca331810544ca,74e03bc49340e482dbd7faf8133dfce1cebdb3f7359404a88504d1699ae58ced,5,0,0.13054058788816614,32.344082800379894,True,103,True,
synthetic_long_horizon_identifiability_v1,audit,c_fcedaf16f3e83043a6896b23ba6d810d,37827e8968af13da023c0b8cee0d5c215babbfa7977943650590f96b527cc08d,5,0,0.12020869758554346,43.512890412016041,True,337,False,ranked_above_issuance_quota
synthetic_long_horizon_identifiability_v1,audit,c_fde4b53cf44b16f3e682e17887194eca,6c7f259ee50b9e409ea9d8bc5e72971879d7e6daa28dc805dd23641964c40f88,5,0,0.10377400935589813,32.141998909058799,True,42,True,
synthetic_long_horizon_identifiability_v1,audit,c_fdfce5efee6aaafad42f87f3e3367da3,e929c294ec04e11fc7a6c13b112675eddbde2d58ec49accd138c462b3915aa4d,4,0,0.16209948695351298,32.147303007883707,True,84,True,
synthetic_long_horizon_identifiability_v1,audit,c_fe056464b86692c83f316e1867b1c274,89ea8752905735451d648bda821611b8b2ce1853260ff20f473597146872fea9,5,0,0.05562761423015037,33.797390055519436,True,202,True,
synthetic_long_horizon_identifiability_v1,audit,c_ffb46b29b332e012502391f4e4f6a4f3,02823452834fecac6c135f7e64bba14cd3387893e04dd33dfbeebed91f3138fe,5,0,0.065608673329417416,32.261428254818185,True,94,True,
synthetic_long_horizon_identifiability_v1,audit,c_ffbfbc3b43910ac843dedc6d8ecc1b86,5f8f44dead7da6192541d106e2fb04c4c0ce1c1b9f5a2feee790168b2ab6a6de,5,0,0.10453125087358363,56.593493594600979,True,386,False,ranked_above_issuance_quota
synthetic_long_horizon_identifiability_v1,calibration,c_012b4699a93c4d0000912d4f7a875c35,62b54e582c87b07e89027ec21300be4493bbc322abd8cef4525aafd69be90c55,5,0,0.10741922536694375,41.913676216810984,True,335,False,calibration_partition_not_issued
synthetic_long_horizon_identifiability_v1,calibration,c_016eab98c3223bea4163b92f962a58ff,5c6a72045597bd23053800528dfb3f8f7ddd8b8b5bd422f6925f9037793741da,5,0,0.079835543002132275,32.141996918169028,True,14,False,calibration_partition_not_issued
synthetic_long_horizon_identifiability_v1,calibration,c_02576f5bc9fbafa23db8f77ab2079350,a59f700e787661959ce27a11ab93bf40fc9efdb239b1894e8f54a32bf141357c,5,0,0.070481228832939724,36.819188323323523,True,277,False,calibration_partition_not_issued
synthetic_long_horizon_identifiability_v1,calibration,c_032b3f4feee8ae08089c740f844a8bc1,b8553b1fc76ee372eaf9cea623c2caf9c679be2ac56ba36d0d558ff803a11647,5,0,0.069717961184887572,33.600391624673797,True,171,False,calibration_partition_not_issued
synthetic_long_horizon_identifiability_v1,calibration,c_03a00d07da0a70ae07fd3523ada4a610,90fb180dfbbf5fddf8fb958d8cd54b1a405691625a4aae9bc56e8d65a8434333,4,0,0.17153154189598591,32.629873926991124,True,113,False,calibration_partition_not_issued
synthetic_long_horizon_identifiability_v1,calibration,c_03bdb8d9f65bf715645b2a59c4442179,902e28538d191403a282aecdcec6329f90364d3b678b23ca988ceaa2ded2e6e0,1,0,0.15384979342747862,inf,False,,False,fewer_than_two_credible_structure_families;nonfinite_disagreement
synthetic_long_horizon_identifiability_v1,calibration,c_03db455290d745cdc6cd431dc5769d16,7500e9cb006d756ce44b5350c4f0aefa9a63e7a1c11cbaf73d1f198f89119b3e,5,0,0.12756974528927018,33.648095339721635,True,176,False,calibration_partition_not_issued
synthetic_long_horizon_identifiability_v1,calibration,c_04374175cda15ea78405d8908bd3a0cc,8c37fea334909db390f10f523c09e07097db6fb6127463012152a755b65a0680,1,0,0.045589879252792807,inf,False,,False,fewer_than_two_credible_structure_families;nonfinite_disagreement
synthetic_long_horizon_identifiability_v1,calibration,c_045540ef1a3534f61161368646749280,b19a88beb5fd9ed00fd6e527a64fb770bf08df74772b49fdcbb0cc4aa61178f6,5,0,0.13189036413370528,32.141999051673864,True,43,False,calibration_partition_not_issued
synthetic_long_horizon_identifiability_v1,calibration,c_046cc2573a0a5e6f058e2faf78ad2b67,140535d407791e88de505073a6709807a18eaa06d7d5d1814fbdbb26ccdbbe22,0,0,0.38963629279455325,inf,False,,False,fewer_than_two_credible_structure_families;nonfinite_disagreement
synthetic_long_horizon_identifiability_v1,calibration,c_056986d76c3a562e43a0f36bdb7e0214,d9adf3b4f021b9dca07565bcf903316bdc41f6ec733f68df617c48b70150122b,5,0,0.089231677493674319,32.260139322763848,True,89,False,calibration_partition_not_issued
synthetic_long_horizon_identifiability_v1,calibration,c_05c03726da76c17a79b21bc0730d58a2,ba9ba98a7c3c3b4bb83ef31b8ebf1f0bb6325d09e16747e4ae7a7a8bf7f0f046,5,0,0.042239526117118724,33.04113263417274,True,136,False,calibration_partition_not_issued
synthetic_long_horizon_identifiability_v1,calibration,c_05c4b916f99e1f51931285ab72ecb1f2,cfe0f2b87d8cec469bc811697dd33f20147ee71d1fa024fa1e78dbaa36ec8d1b,5,0,0.10196209667215746,40.333492650954575,True,321,False,calibration_partition_not_issued
synthetic_long_horizon_identifiability_v1,calibration,c_0647e34068b3de4b3c992a0886be01f2,a89a47cb01762c6d0521a384789e75e03b4be005634e33eb35a829f08b544784,5,0,0.10461316911838456,35.247771181735537,True,235,False,calibration_partition_not_issued
synthetic_long_horizon_identifiability_v1,calibration,c_0665029d4a8a521518a96a7cdc259b71,25b7bd3f205ba60b61ff7bdbc0ff2d70cd7ae654f57785aa5ba74be87f3f10c3,5,0,0.055594582835756211,33.382757269831309,True,165,False,calibration_partition_not_issued
synthetic_long_horizon_identifiability_v1,calibration,c_066bbcaf72eeaf493ca38c4c61cd3da6,6cf6d0699dec390a0c00d10948aa7b5a0433c943a139046b3e9517efd47cf612,1,0,0.05583602029996123,inf,False,,False,fewer_than_two_credible_structure_families;nonfinite_disagreement
synthetic_long_horizon_identifiability_v1,calibration,c_073edeeef825e6c96885301f7f121254,957e95ac6364699929f2b96718d76294266dbd46cd83d497e644704e548e6fa3,0,0,0.35467291866269951,inf,False,,False,fewer_than_two_credible_structure_families;nonfinite_disagreement
synthetic_long_horizon_identifiability_v1,calibration,c_0756772097cf9d65898f2fc1798e801d,02f386b237a7b3520ffd45785ae2635484c1d429c06e0141076d80f3b40896b6,5,0,0.037477322161194621,38.617734741963723,True,305,False,calibration_partition_not_issued
synthetic_long_horizon_identifiability_v1,calibration,c_0780f3a9506e5de846b642d1e67b0d0f,e838eb491e03e781f1a25ef1b78fa6d14df8d31cb930472b58461308a7864c42,4,0,0.048852680939945992,32.871811808510671,True,126,False,calibration_partition_not_issued
synthetic_long_horizon_identifiability_v1,calibration,c_090265ae74424b97e94097fc5a6978e3,e5c0324188a888304891b5dcda163f3146f81940dcbea676b8448c5b03ec64b1,1,0,0.06736929571656515,inf,False,,False,fewer_than_two_credible_structure_families;nonfinite_disagreement
synthetic_long_horizon_identifiability_v1,calibration,c_09ab43d49f87f15d81daf1357e2e7943,701eabe0179814797f320b7bee5716c9154af98814e0a60c3064b83219b1de88,5,0,0.12881818776734069,33.650350481149125,True,177,False,calibration_partition_not_issued
synthetic_long_horizon_identifiability_v1,calibration,c_09e11de71ec9954db738fb32eb43de14,153db42bce03cddb91af004bcc20ad46ed68bd4d4edfa71a0e480b5725d291fa,6,0,0.039682535741496806,32.355823710377464,True,94,False,calibration_partition_not_issued
synthetic_long_horizon_identifiability_v1,calibration,c_0bc91be304db4df7d2d65deaa5561dc0,df1ac4f4fb3b7bb517174d2abccf720bc6a95105ba1861bac1f9848a6758f9bf,5,0,0.16059911983718289,33.724853820460424,True,183,False,calibration_partition_not_issued
synthetic_long_horizon_identifiability_v1,calibration,c_0be30172dcf913c499df8e5832033101,638460a43a84752a3b150e1b4bef9ce5eab68624197260878f76454c431a5c83,5,0,0.11303533134400556,37.877603421464606,True,291,False,calibration_partition_not_issued
synthetic_long_horizon_identifiability_v1,calibration,c_0cb8c24f71ef8f9822faee780f123256,51d56bdade5a88b836d13dc66c1a7611e91284ad2b97a6927e71c60f77fafbb2,5,0,0.11027927409129736,32.429090450928967,True,98,False,calibration_partition_not_issued
synthetic_long_horizon_identifiability_v1,calibration,c_0d1323c1dd2bacd94f737d960c214b0a,583b048433004933bc462a27d182a63bef631fa73aff7352c613386a3e93f64e,0,0,0.42676362091595665,inf,False,,False,fewer_than_two_credible_structure_families;nonfinite_disagreement
synthetic_long_horizon_identifiability_v1,calibration,c_0d7178a379ceaef4415f8177043217cb,51b24aec2b419747118c2296670c54c73305e02fc3cbdc02f83bf77cac841056,4,0,0.13011803200649735,47.523734870483416,True,363,False,calibration_partition_not_issued
synthetic_long_horizon_identifiability_v1,calibration,c_0dd0f5f042cd4c24e1a3d69ac3766dd0,224a9805e2f68389e0ed980510c9074b5e98749581c025d3f386aad091e06985,5,0,0.13659128355722963,47.237684757223683,True,361,False,calibration_partition_not_issued
synthetic_long_horizon_identifiability_v1,calibration,c_0e36a2899edda7a35d5478236d1c1080,1747411eb01d7fd94d28d2a541722fff2ba595e98ad3b5b3eb69832d8a31f535,4,0,0.21566049553770181,57.622158420360051,True,393,False,calibration_partition_not_issued
synthetic_long_horizon_identifiability_v1,calibration,c_0f339e342d7bc3ba2def14f69b6ed0fe,5edff0b7f815f060a63e84b1ff69f517fee1c641664ce2e1f812ae9fe7c23a1a,5,0,0.041807517419866796,32.141997243935407,True,16,False,calibration_partition_not_issued
synthetic_long_horizon_identifiability_v1,calibration,c_0f74e74d05a86a5b1934b2f2ea4dcec5,bedb39ea819beb3695274b91d47f4dc58c83fe6fce8f81f96f1edf62728e9dee,5,0,0.069497502565055547,36.142166246753483,True,258,False,calibration_partition_not_issued
synthetic_long_horizon_identifiability_v1,calibration,c_0ffd5108d22bf602f50d4dba833ab428,870c4e6a490588929004ca4d591c27595fc45d1642d3ebbdab2d767d8aed0f95,5,0,0.089374668528063653,32.910733211093174,True,129,False,calibration_partition_not_issued
synthetic_long_horizon_identifiability_v1,calibration,c_10131714ab778734ecdd36bee259e4b0,1a37ecc23ac84a96a83a123131e465202c5640b2d6107f66a09d09b82d0fe590,5,0,0.077971045250428084,39.569970132185425,True,316,False,calibration_partition_not_issued
synthetic_long_horizon_identifiability_v1,calibration,c_1077b636f52355cfb81d561aa48fea82,754b77e800ac04e172b273016953338292062a74738ea231186022c7b31454f8,5,0,0.058262451284714259,38.311533467924285,True,298,False,calibration_partition_not_issued
synthetic_long_horizon_identifiability_v1,calibration,c_10fab759aa1910baeff0c22fe50173c7,ae8a76d6137f550510bd6996c6234eb527050880386488d5d6c738fdc95d5102,5,0,0.10653055846915664,32.141998171736276,True,25,False,calibration_partition_not_issued
synthetic_long_horizon_identifiability_v1,calibration,c_11d342c14686263f7db156cc1dab05b3,ab74159a3377f3e332c768f89ac633120fa50becf18573cdfd7dc5512a6db066,5,0,0.10730886477938546,39.349302784671714,True,313,False,calibration_partition_not_issued
synthetic_long_horizon_identifiability_v1,calibration,c_1298992920ac14006f4edd1a7f8cfec6,893a062669e9177b65d3644c7b7fb34f13b152c6929716ceb12b88dec97849c4,5,0,0.059812409574764767,36.516136674992005,True,266,False,calibration_partition_not_issued
synthetic_long_horizon_identifiability_v1,calibration,c_12d13d1d0429049ac4b9ac6cd13e54da,936a48b1d20bcc9c839a7fbfbcd08601c0577a83674c443bee6bd41e5af19f36,5,0,0.026587228949603428,32.363077992764218,True,95,False,calibration_partition_not_issued
synthetic_long_horizon_identifiability_v1,calibration,c_135595765815e53f950baf9469a0bec2,0f43e0d970bddd45a44e3cca5be5759461612816277a27a0ce7762934144fb9d,5,0,0.16974315378193827,34.976558113507565,True,231,False,calibration_partition_not_issued
synthetic_long_horizon_identifiability_v1,calibration,c_135b69bddc0ae5a119d1dccccb79ef35,89d48e2c58f73975ac14b523fb57a66cadb2358c5854f384ad06b09cf06bd14f,0,0,0.32926110391973418,inf,False,,False,fewer_than_two_credible_structure_families;nonfinite_disagreement
synthetic_long_horizon_identifiability_v1,calibration,c_1368185c03689dcabc5fde1205d83dac,e25566d98f092cbb5100ba972f96e87ddafb8c3ae07536ff093c22558cd32c03,1,0,0.18488186845452656,inf,False,,False,fewer_than_two_credible_structure_families;nonfinite_disagreement
synthetic_long_horizon_identifiability_v1,calibration,c_13afc58f939bab9e8fbd4b69449453bd,384e394a536c43e30113045910d9780c335aa438c03eb0564c8ce29fe1f752b2,5,0,0.10167888056995064,33.065332727645924,True,139,False,calibration_partition_not_issued
synthetic_long_horizon_identifiability_v1,calibration,c_13c041863730a18f103e0efc59dc9416,1477845f4547f837847868c527d349322cc0ee64f6231b955586e049880f8d8e,5,0,0.16091931541412383,44.895521120237483,True,357,False,calibration_partition_not_issued
synthetic_long_horizon_identifiability_v1,calibration,c_1425a2d3bc80f662817fe59d069cfbc8,4fd4eae13e327fdb08b9f6ca50d2104c10c2d1298a9dd3695eed195d1429a124,4,0,0.061682152544023365,32.622814216823969,True,111,False,calibration_partition_not_issued
synthetic_long_horizon_identifiability_v1,calibration,c_1437ecff83af8aaf75fea21bc1d164a2,2fd099fe882f64715223ccb51332c0fd1c3ba102b7f5fa5a7a1c446b289971c7,5,0,0.14387784308343882,32.141998279976221,True,29,False,calibration_partition_not_issued
synthetic_long_horizon_identifiability_v1,calibration,c_14937f219feee6a157972df70c939f44,5b9e7083b427a7ce2d7c739fd9596cf7e5df86517f5365731874c894f397a1fe,5,0,0.076113726482627694,32.423095780567536,True,97,False,calibration_partition_not_issued
synthetic_long_horizon_identifiability_v1,calibration,c_14954bed3e30c7503b93fc8028122302,5b7816acacee2c40cdfcfc5b9d2f8c6322bd43bea4156b12c864ebf6ae9029bd,5,0,0.045658102427777132,32.780340891711148,True,122,False,calibration_partition_not_issued
synthetic_long_horizon_identifiability_v1,calibration,c_14d3d96639c8a6824d189dcff2d04578,b1cf8107e35d677570c291911f33a2922f7d88e2d537701e90a845883b65995c,1,0,0.041572382021437142,inf,False,,False,fewer_than_two_credible_structure_families;nonfinite_disagreement
synthetic_long_horizon_identifiability_v1,calibration,c_1553999e11f28b229fdcb0d2aa3fb1bd,65ff49cb0edf98d8fe86c8a20bc7971c2acc7cbdbe08c5f1de4938a120cbb905,5,0,0.032622617677217212,32.141996464053776,True,12,False,calibration_partition_not_issued
synthetic_long_horizon_identifiability_v1,calibration,c_15db1fd8fbf3f14477384223acd99c40,1162871df8def47573d224015df17ad87405314d0642cbaca6451bf56fbcfaf4,5,0,0.10185146938042046,57.916513038249605,True,394,False,calibration_partition_not_issued
synthetic_long_horizon_identifiability_v1,calibration,c_1615a861d5f851f3defe2705985a0321,8f6e583d5058404286c224d91835f6e014d10cec2e8553cf9b0be81662e813c3,5,0,0.064856049295445792,33.79071684220375,True,186,False,calibration_partition_not_issued
synthetic_long_horizon_identifiability_v1,calibration,c_1675a6de337a1b75bd22535d04adcff7,360f70094de32ee6d9f04a7ab9eee9703374f295f8eb069dff016da1fb40e24a,5,0,0.034381722794759817,33.541685771868984,True,169,False,calibration_partition_not_issued
synthetic_long_horizon_identifiability_v1,calibration,c_16cfc60af773b4496fd59a0fb359d20c,016ceb5ad41512a2562d88ded04ffc84569c5312e4d3460dd56619662d667a3e,5,0,0.10549395317619463,32.141998886750727,True,39,False,calibration_partition_not_issued
synthetic_long_horizon_identifiability_v1,calibration,c_178725f60cd4f7c3a59175012cf74042,a76357894bb5d076c856688f38472036e3c4101339acd172c2494cf202f83795,4,0,0.047695469757013234,32.588805585990841,True,108,False,calibration_partition_not_issued
synthetic_long_horizon_identifiability_v1,calibration,c_1818987550a5fd44006eea825c2340f6,b751b2d19ebec9822f0ce0a29e4601a0fdc3c70115ef2eaba75682d2aaa4f5d5,4,0,0.0278647292386392,33.352134829929618,True,163,False,calibration_partition_not_issued
synthetic_long_horizon_identifiability_v1,calibration,c_186a3f0af9163a84d6479498b49d335e,499aa5ae09fc1310e173a38b08b7ce11e50d2624a7ad5fcb915a791bc00da506,1,0,0.20399243944702258,inf,False,,False,fewer_than_two_credible_structure_families;nonfinite_disagreement
synthetic_long_horizon_identifiability_v1,calibration,c_1909697327fac7473c90eea3996dacf4,a6f3bc4708dc58f6dba5096543325a2280c532b8be1b88babee4145a38bb9111,1,0,0.15805344976875088,inf,False,,False,fewer_than_two_credible_structure_families;nonfinite_disagreement
synthetic_long_horizon_identifiability_v1,calibration,c_19736f82de0fbd047f71a83c18e425c5,5da945c22de5ef21281c2368399032dca1ce80c8aa596f02c7798eab7f3dc9e4,5,0,0.04490588288696043,35.928141487096646,True,252,False,calibration_partition_not_issued
synthetic_long_horizon_identifiability_v1,calibration,c_19dbf935627f96afea1da5df718d0dda,f3eb520a5066d0b1b21bb8b09774b5c45b0824df9ce14da0192cbfe1a9eed461,5,0,0.049184031293544872,32.141996329183776,True,10,False,calibration_partition_not_issued
synthetic_long_horizon_identifiability_v1,calibration,c_1a585175f360d7e23972e544c164eecf,bcf07cb19a976f11cab5896fe22e2104f6dd1224def02cad001fab448a709778,1,0,0.11748346742403662,inf,False,,False,fewer_than_two_credible_structure_families;nonfinite_disagreement
synthetic_long_horizon_identifiability_v1,calibration,c_1a6963908df653f7df6cd5a23af41617,319905d4b7d9eaae6f3aadc7675871386693f7bec858f16dcc18b2950f97246e,5,0,0.10569501516817409,33.063929923012751,True,138,False,calibration_partition_not_issued
synthetic_long_horizon_identifiability_v1,calibration,c_1a8982f2f3c6a4a352488fda8de4758d,98ae65110791ecf428a1480db7b72762e7abef909db934c3fb356f41944ac2fb,5,0,0.070715074110591705,33.14187313550994,True,144,False,calibration_partition_not_issued
synthetic_long_horizon_identifiability_v1,calibration,c_1ab7cfbb1a8c3622868c888044c5737b,b078bfe30b04d6afc6df1a4c8d731d6123fad74de7c880012628488f47215792,0,0,0.38248433119760555,inf,False,,False,fewer_than_two_credible_structure_families;nonfinite_disagreement
synthetic_long_horizon_identifiability_v1,calibration,c_1b1c4eaf2960235ca551972820efadc3,b3e3f2f821eb603dbba584563caed8dfd384a4bdb20feabe149ea558b37b2b3a,5,0,0.1243780990757907,40.545410773732378,True,324,False,calibration_partition_not_issued
synthetic_long_horizon_identifiability_v1,calibration,c_1b802bb8e67c9623d8d33b85671f8c48,5cd639d1f17e177113cb199b8eaa8ea6157cf14f3ac553760a8352907624da4c,5,0,0.067607082462692397,32.457857720439399,True,100,False,calibration_partition_not_issued
synthetic_long_horizon_identifiability_v1,calibration,c_1bef45ed99a6cfa3f6ec13b78c2fbb97,c33942539f75e8d007abf0891c5ff3736cda7abb30fd28b5b6e36eb656d0f1a8,0,0,0.23328837214182183,inf,False,,False,fewer_than_two_credible_structure_families;nonfinite_disagreement
synthetic_long_horizon_identifiability_v1,calibration,c_1d15ea778a82a3a2b1e734597200b43d,ac5fa8e633cfdb158769b9dc57f9d6ed3ec698bc169ebe856a8c757498876797,5,0,0.10331235439377653,33.051763520689548,True,137,False,calibration_partition_not_issued
synthetic_long_horizon_identifiability_v1,calibration,c_1d3ca8f37635f084c7c31b8051941137,4f452983ad47b8a777038496f41cdbe0d511b98582057f40a20a40b8da7a02d0,5,0,0.072451337535311161,40.977573821740982,True,329,False,calibration_partition_not_issued
synthetic_long_horizon_identifiability_v1,calibration,c_1e14ca7fb1f543dbb1f00da328cff294,1f850d364b340847e40c24b3e4f13e36a1c3e76731d73fbe14439a6b16b2d1c5,4,0,0.14034438012951525,32.51179078318593,True,106,False,calibration_partition_not_issued
synthetic_long_horizon_identifiability_v1,calibration,c_1e16ff93726124b42a306e9433d0119f,4564542da464c9504d4cb5692709cb83313f6ecec379790900023be2a0040edd,4,0,0.13889085141175334,42.349595830219236,True,341,False,calibration_partition_not_issued
synthetic_long_horizon_identifiability_v1,calibration,c_1e26ed1bfa77779d5d49e85c304d81f4,4c9e5da0347f4bad870b6dbbec07127525511d6ca607d644dc305a22c45b3c08,5,0,0.05051206004772113,42.01069038555179,True,336,False,calibration_partition_not_issued
synthetic_long_horizon_identifiability_v1,calibration,c_1f777a97ccb9093f9c1d5360b48db3a4,243c713885408267b3d111d9094bc01b89ea6122a4255264dfe9cc4fd3c37708,1,0,0.14478898907973348,inf,False,,False,fewer_than_two_credible_structure_families;nonfinite_disagreement
synthetic_long_horizon_identifiability_v1,calibration,c_1fb4323a29ad8f27d809542b7f3abab4,1fc8bd87a4daa20366c417decff8f9d608ea2fac33f2a4b7113f25cb43120d75,5,0,0.077795035571401105,32.711157101182671,True,117,False,calibration_partition_not_issued
synthetic_long_horizon_identifiability_v1,calibration,c_1fc76048e44a188ebf7b07b1ceaff9b5,e9a3db62367d07cb642cb59f7906dee7a897dd5c22b711f23bfd750cf4c107e5,5,0,0.10188631172807011,33.286539787999942,True,156,False,calibration_partition_not_issued
synthetic_long_horizon_identifiability_v1,calibration,c_20222b2c4fa760745b3fbb36f9bd6132,7fa0824ad3010b7f281edc7308ef72fe24151fc7d3c02f281c39daa95414f44e,4,0,0.12354451894431433,39.221893878975628,True,312,False,calibration_partition_not_issued
synthetic_long_horizon_identifiability_v1,calibration,c_20975416c7889cfb5b5fb080d2165eee,2d402696c1b612a236703bd6d9d04b343419ea1d418446a4eb86e04c726a2532,5,0,0.061996445254778064,32.141999645820164,True,52,False,calibration_partition_not_issued
synthetic_long_horizon_identifiability_v1,calibration,c_20b28bd76dc5837432f73ab9999a0daf,2e8d0f3924a63f9f57a23ecbf56e169bb95217b279a1dba0edeb8153405d980f,1,0,0.13354158144442643,inf,False,,False,fewer_than_two_credible_structure_families;nonfinite_disagreement
synthetic_long_horizon_identifiability_v1,calibration,c_20ea4d4beace53f55458acf2ce16e6d5,0fd15a3c93e5791acc37117e717cd345f042f25730ba407c6be6dc0487aef99f,5,0,0.11862964676909905,32.515169460147469,True,107,False,calibration_partition_not_issued
synthetic_long_horizon_identifiability_v1,calibration,c_212f9439aa34ec75aee34882fe2ae806,9e28a04092805c2ca23370469c3a816ce5dda83f8b81b8c3192a5a5e83e67efa,5,0,0.020861460318199004,33.66810422875843,True,179,False,calibration_partition_not_issued
synthetic_long_horizon_identifiability_v1,calibration,c_214a89afbb6f4cdd546507655d9d1cd2,027fcdb6c92cf51f6f6cc0a06d11a36056e590cade5db4d555237b43f62287e6,5,0,0.044587699518346312,33.628924745727481,True,174,False,calibration_partition_not_issued
synthetic_long_horizon_identifiability_v1,calibration,c_21ab5c9291857a59d891fa60881a8ab1,77570a3546a1cf94b2b31077a0b690020a2459c873a47c1340614a17a3bbfbb9,5,0,0.058237975061752899,32.142000095546649,True,63,False,calibration_partition_not_issued
synthetic_long_horizon_identifiability_v1,calibration,c_226375ac76e8d6b93f57ace7a32559ba,96dbcec4863d88f0d5f28898c6a82912a530182ab74c142b2bb135b7cb774741,0,0,0.28964233053971999,inf,False,,False,fewer_than_two_credible_structure_families;nonfinite_disagreement
synthetic_long_horizon_identifiability_v1,calibration,c_229180f696969390ee00fa2a437bd6e9,caf355422ab7897a8df5f2c62e7939468c195cd32a3b6009a840a40647be032c,4,0,0.24100875481895692,57.023919783176034,True,388,False,calibration_partition_not_issued
synthetic_long_horizon_identifiability_v1,calibration,c_22b763010da34b6df71e3fa5afeb1a86,33102e95cd55017984bd9f0fa0c5857db98ab04ffba5b783c9685eac47f91ed3,5,0,0.059874936828083702,33.867265241007736,True,188,False,calibration_partition_not_issued
synthetic_long_horizon_identifiability_v1,calibration,c_22ebdbe677ef72b32674d79a6bd8a6b4,fe25386cf5adde3594fc8ecea07c23862d207bf4c0a206fc92c2f4930f75056d,5,0,0.024526199042875563,34.19243682220111,True,204,False,calibration_partition_not_issued
synthetic_long_horizon_identifiability_v1,calibration,c_231aafe80e8678dcc0ed291b06a95c0b,514c5f0167f1d1ec5a813e63f4cf08e1b72b1ba3d88b696487c2f8e83932510b,4,0,0.07054294027456065,32.141983733926061,True,1,False,calibration_partition_not_issued
synthetic_long_horizon_identifiability_v1,calibration,c_2332e2d9273a49bb2964c2969f8d792d,42371450e6d28a8aabcd72536e02a5313a10b6a76aeca47fa5272f97dceb73d4,4,0,0.031916086522220312,35.880486924825711,True,251,False,calibration_partition_not_issued
synthetic_long_horizon_identifiability_v1,calibration,c_249b15f60bdde4e7f09c3d3daccd1a5a,85a34c42abe01776980f28e7b1f1c02d628b195a9f01378303f7d400876b4255,4,0,0.092181637494855403,35.318013922490785,True,239,False,calibration_partition_not_issued
synthetic_long_horizon_identifiability_v1,calibration,c_24a2b212eb64f73345f9ee90610200d4,6616a9bd01c0dcdd5db0fa7e8422a15d62014fe95b538638dccabe745c024991,5,0,0.096262876872990608,32.142003345969982,True,74,False,calibration_partition_not_issued
synthetic_long_horizon_identifiability_v1,calibration,c_24c8273458d12a9210b9010c7a419449,bc0fce832ad532e9c21d2f49a3335ab01e9a08eaaa3f8d90676fc557e347dcb8,5,0,0.019663510303349264,36.05612156925752,True,256,False,calibration_partition_not_issued
synthetic_long_horizon_identifiability_v1,calibration,c_270b2c7f462329526a8633c722a7dc32,13ad84fb59178530d57bb0e4dbdfdcb4a3b457685eeec269e96e95e131014822,5,0,0.1798450256668282,32.690853830704071,True,115,False,calibration_partition_not_issued
synthetic_long_horizon_identifiability_v1,calibration,c_27b5ce922d75a43dcb0328e5810a1a96,e07f84e456e817cc70d7669b874c0591c89135d4b520699904f3ea117d6ef48c,4,0,0.036632275128612272,32.142001605888517,True,72,False,calibration_partition_not_issued
synthetic_long_horizon_identifiability_v1,calibration,c_28358eac94b997e3c02cab11c84bfa1c,ed9416d31e7f97e0811eaa09bf960e2e63a78e1d9a6f3416ab0cc086c46bdd93,0,0,0.61360737138672361,inf,False,,False,fewer_than_two_credible_structure_families;nonfinite_disagreement
synthetic_long_horizon_identifiability_v1,calibration,c_287dd8b0d4420789e1bd93558e37d8bd,5f95328a2e3d35163b65ce654b52f6fbc0743a3eac0134e8b3cd9682a94d2d22,4,0,0.07300370004162493,32.64674552420378,True,114,False,calibration_partition_not_issued
synthetic_long_horizon_identifiability_v1,calibration,c_2917547da28def773a30d723817a3115,fcbf4e7bdd808fe3e9cfeaf31148fe374e98c1e2c261ac00d889e7aa25592e7c,5,0,0.1132683672268005,32.849624029264376,True,124,False,calibration_partition_not_issued
synthetic_long_horizon_identifiability_v1,calibration,c_29a9633b327cc7d83ea94ac5bec2a086,49f332b8bcedd9f82732d2a5f11e2be57b74f1aa7304479a6b49416fe7b7e586,5,0,0.03419703818604599,38.427751046816631,True,301,False,calibration_partition_not_issued
synthetic_long_horizon_identifiability_v1,calibration,c_29f032ccd4ac052b84ad5e1d5ee30c8f,ab657f2b2efaf3e16287d8528ba4943cd94d497d3f9642d20b14d0f5359c110c,0,0,0.37607772918871069,inf,False,,False,fewer_than_two_credible_structure_families;nonfinite_disagreement
synthetic_long_horizon_identifiability_v1,calibration,c_2a03ad704dbc7c4477e6a56cc5027dee,8a407f9a1250c0fc5f67f574ca81df8355eebf97a370f7c2a0706c0f896a0915,1,0,0.17386414679800935,inf,False,,False,fewer_than_two_credible_structure_families;nonfinite_disagreement
synthetic_long_horizon_identifiability_v1,calibration,c_2b1c35dabd12cacc841c7e3765262596,cce5daed528b9256444f2840345ad53deb141f2d622ce97349531db6263438d2,4,0,0.23086845734669822,53.306596136197733,True,379,False,calibration_partition_not_issued
synthetic_long_horizon_identifiability_v1,calibration,c_2bb10d1d85bce1cfac8abcde95ce9608,adde842da1aa6d5267fb31be89f3ef064b5ad3bb91aa7ddfc994d0634f3230d5,4,0,0.15942373417500513,32.141999947884173,True,59,False,calibration_partition_not_issued
synthetic_long_horizon_identifiability_v1,calibration,c_2bc79d35615b1e187bbfe5915c937418,e0c6cc09d2077918241f94bae505a4329e1f2731fc3f59b0b6091b69fc7410a2,6,0,0.031300861343145116,32.458980690593663,True,101,False,calibration_partition_not_issued
synthetic_long_horizon_identifiability_v1,calibration,c_2c66728e986a72de2439c82156748355,70ce702fec0d3c3ecbd846fb83adff38d671dcdc545ea5d6b3d605180ef0e007,5,0,0.17062734342980054,48.489457359557882,True,365,False,calibration_partition_not_issued
synthetic_long_horizon_identifiability_v1,calibration,c_2ce80b1be5e4db4b949bddfda56d2758,0423c3022e882b070b75723aee0b2ef869668a5fbf4203b3e76b163db0bb6a46,5,0,0.12230717621631959,35.492191443910691,True,244,False,calibration_partition_not_issued
synthetic_long_horizon_identifiability_v1,calibration,c_2d67131586d249546e5ea130fd13db95,412b4f08c3fc54c293b304afb08042007fb27c2205e63e2485ff74b288eb8396,5,0,0.030424044870996921,33.793839070666593,True,187,False,calibration_partition_not_issued
synthetic_long_horizon_identifiability_v1,calibration,c_2e53ec79658e0e9545d42b391611b7d3,c19c32952630097ccb36182d61c2c97811a48906a0cb42b2ff4ed0de490cb048,0,0,0.47208596514448825,inf,False,,False,fewer_than_two_credible_structure_families;nonfinite_disagreement
synthetic_long_horizon_identifiability_v1,calibration,c_2ea6f1a1f1e7ae2d0f2aca9444f686ed,8a978f52ef042dcfbfcf23a0531bab6dbe7f44dacf347a501d17812b4be5f347,4,0,0.068644188196163233,33.899217114467909,True,190,False,calibration_partition_not_issued
synthetic_long_horizon_identifiability_v1,calibration,c_2f757894b8c9bc0b6c01a4a80c82546e,4fe921cea1775f03c4e6fb2fe54744dfc9a1a379503496d06fef08c4fba05325,5,0,0.040039902058723278,38.52320699235424,True,304,False,calibration_partition_not_issued
synthetic_long_horizon_identifiability_v1,calibration,c_2fb57b4ea30fbbacaee1f081a4efed39,5a5f51e686e46b384660b3602219561622625ff1b3bd14bee9888698fa12cd6b,5,0,0.064735652536276958,35.801781541149488,True,250,False,calibration_partition_not_issued
synthetic_long_horizon_identifiability_v1,calibration,c_2fc1e16577a90bcc10689f46f5a7dbc9,65b79bbee1b363896f086e3c2f52001b8298797e5ad83ee3dfd1e4dada6872b9,5,0,0.10989950799486954,56.442736482155105,True,386,False,calibration_partition_not_issued
synthetic_long_horizon_identifiability_v1,calibration,c_302968f26001aa127db566dfa672417b,acb25cc10fcaf773ade45c254c6d71dd1c296b77683f63b0fa87947955369fcb,4,0,0.062033302261611516,36.950630154308435,True,280,False,calibration_partition_not_issued
synthetic_long_horizon_identifiability_v1,calibration,c_3092796e96b7cc5914e24828957e2c1d,1fc125263545f2cd3662f8f7d23ad385f47bb8c03a8704be08e531a096adbe22,0,0,0.53173130298099747,inf,False,,False,fewer_than_two_credible_structure_families;nonfinite_disagreement
synthetic_long_horizon_identifiability_v1,calibration,c_30a99c3679c23f145c25b615242feffa,3a588219eec9cea6aacac4f1a52a4654c8bbbc3ea07dc9cd6b0e9b5df89baa31,5,0,0.043936821954776023,33.967315857009041,True,193,False,calibration_partition_not_issued
synthetic_long_horizon_identifiability_v1,calibration,c_3366d82e23fb34eb49d0276af3cf38f5,64d9f5785d5ae273e4981c158b5c3d6019161e162017a4a67d67b8827e125a0c,0,0,0.34360560438081145,inf,False,,False,fewer_than_two_credible_structure_families;nonfinite_disagreement
synthetic_long_horizon_identifiability_v1,calibration,c_33b15261d3e601198d981d0be3824f9b,996c18fe1937a0926450d4874249c33abf12e692ae352ccb3cb803a73d68300b,0,0,0.72446753250389695,inf,False,,False,fewer_than_two_credible_structure_families;nonfinite_disagreement
synthetic_long_horizon_identifiability_v1,calibration,c_33d32fdec34d09b15766745bc718e17a,e583b4f26058c58a847f76437bbcebd88fb357d788cbc5ec21fc55d2160815c8,5,0,0.041017969662021557,38.775337996706988,True,307,False,calibration_partition_not_issued
synthetic_long_horizon_identifiability_v1,calibration,c_340774e3b8b5915988f82fe489f5e72f,910e784a2f672b655e0773f5e61b90fa92e03e530838eecd45f21d53e76ff899,5,0,0.084982900850091705,37.194907459058633,True,283,False,calibration_partition_not_issued
synthetic_long_horizon_identifiability_v1,calibration,c_355f6e1259190db5fc3981303401785c,d8ad21d44ce9b7400acf1a3cff0802a6aea0273ac73231dba16eea2c0420d672,5,0,0.10336460923131412,35.357575932793146,True,240,False,calibration_partition_not_issued
synthetic_long_horizon_identifiability_v1,calibration,c_359ef0836787ebff8852fefaf2906907,be110ab58f9460c43344fad7dbf45e6c9d25a2dd3071a1c94e6b8ce52ab003be,5,0,0.12690292164543443,39.56285577692703,True,315,False,calibration_partition_not_issued
synthetic_long_horizon_identifiability_v1,calibration,c_3606b4878bb3b2475c934436d91ab8e9,7228639531f01a01b3921b10688a97519dff3ce59d0be2a451b27c80528a6251,0,0,0.39564684135718964,inf,False,,False,fewer_than_two_credible_structure_families;nonfinite_disagreement
synthetic_long_horizon_identifiability_v1,calibration,c_36325c1367e64b69c9c96100a2dac623,7a32bee6215ae0e0267c4fc6b5034bf89d62aa1b4ce802a95585b3419d300578,4,0,0.15480265562241216,54.9941947321865,True,382,False,calibration_partition_not_issued
synthetic_long_horizon_identifiability_v1,calibration,c_3761d7ffc30d49c89272ef9188a4c542,cc234dc973cf90655b1d3a1fe402ccdad8a8e4cd9a01689983fbc4a94d220601,5,0,0.12606732514213476,32.141997094680463,True,15,False,calibration_partition_not_issued
synthetic_long_horizon_identifiability_v1,calibration,c_379e0fe30a696532a961f4769c22e7ac,f3b0d72bbefc09dacd238edf388a24c3add40f88585b5156f78b1094b7e21b3a,1,0,0.084116576870683912,inf,False,,False,fewer_than_two_credible_structure_families;nonfinite_disagreement
synthetic_long_horizon_identifiability_v1,calibration,c_38483e1a9dcb2c32c34874dc1c3cc75b,0c50043a21b1e94078c4b643b3118ca0ff9eecc7544b142057a85e2678cc2d4f,5,0,0.094172705201450574,32.142001669446429,True,73,False,calibration_partition_not_issued
synthetic_long_horizon_identifiability_v1,calibration,c_386345cf76c9a0656b8c0ecc5d0b96f8,7b25268aef3c180b16f4eb62e26dabe58cb129d270b254ec6a1c712dd1394101,5,0,0.052292663566517454,32.302943332146846,True,92,False,calibration_partition_not_issued
synthetic_long_horizon_identifiability_v1,calibration,c_38cc0f989da69027b727001a32feeaa7,56ba5ecb5c50e8dcbe131d502b97b148ef124e01d1f6e85b5d8710165a663a03,5,0,0.086375459102018631,36.824166728123195,True,278,False,calibration_partition_not_issued
synthetic_long_horizon_identifiability_v1,calibration,c_39033c44b79664d1b1c98898f751eae7,a95bd45373a02c87bbcfd56e16e9e4ddfcd566e22d76a76e57ba0bd1c85249fb,5,0,0.14102946597951044,42.985905672152491,True,345,False,calibration_partition_not_issued
synthetic_long_horizon_identifiability_v1,calibration,c_39af82ec2c1d417f3654bcfa44700156,f31b26e48c380d78edee6f69cf4db4f762fb474c6a7ea00ec9f9dc2161358188,4,0,0.075370610061143845,52.832860518182308,True,376,False,calibration_partition_not_issued
synthetic_long_horizon_identifiability_v1,calibration,c_3a314b20d6c097ddc545c36906125ea1,b1d06f65c100bd18fca7770d32b25401363035d9e51615c0f7824ee6f62f6f03,4,0,0.0965986597924057,32.141992342456255,True,4,False,calibration_partition_not_issued
synthetic_long_horizon_identifiability_v1,calibration,c_3b06a1510fa6f2d5a213c6973d835230,cc0591c10cd2c837477d14db746694d343035d822b1115344c5983b1b57486d0,1,0,0.089145265772782561,inf,False,,False,fewer_than_two_credible_structure_families;nonfinite_disagreement
synthetic_long_horizon_identifiability_v1,calibration,c_3b908773a063b49355354a8386f7bc01,a2776afdeceaa77a8d633d00a672fec5dfceda27851bb466f3689ad6340fcd35,4,0,0.25995378749282161,47.042694213250748,True,360,False,calibration_partition_not_issued
synthetic_long_horizon_identifiability_v1,calibration,c_3ba1b618d7acbea7a2e96163226a24e8,f765baff557d8e3fadb61653e3ba5900d5328bf8b5530b55d0c9b817df0579d1,5,0,0.18940399330426397,33.687287042018625,True,182,False,calibration_partition_not_issued
synthetic_long_horizon_identifiability_v1,calibration,c_3bf668e2aba430ecfb0e6c961026ea4f,9e8724c495133907e4555a8064c131a575a1c1d2cf2e1fc3072cd75c8bca62e0,4,0,0.17588414901501562,36.546845192795921,True,268,False,calibration_partition_not_issued
synthetic_long_horizon_identifiability_v1,calibration,c_3c171649c3bfd3d3e59c23613e7bd2a3,68315ddd630d8d7c140bb971125b00a3a16aab82e05e127258480244aa6cb72f,5,0,0.052248408635867293,32.141998927535056,True,40,False,calibration_partition_not_issued
synthetic_long_horizon_identifiability_v1,calibration,c_3c238a2a37e618e853811f5b5f8b7e11,80ddd23b83f214d44ffde05e66034a0fa8f6aa00bcb2d297944f9fd83ce5adc2,6,0,0.077564535888617878,32.472444778558312,True,102,False,calibration_partition_not_issued
synthetic_long_horizon_identifiability_v1,calibration,c_3d8ef33a9e2bc540097ba4bcaa942acc,ff09c1a3a3ad0f58b19cf12d730e323818af1c7a86624f43a77c42c556fc9c13,5,0,0.037147934942743946,32.141997622249313,True,19,False,calibration_partition_not_issued
synthetic_long_horizon_identifiability_v1,calibration,c_3dce6c76b823ddc5768485398baa0f3e,6949fc9ed4d06c5d1d2b4486db1c89ce44fc999d3e1406d7226c2f0b5b47b7e4,5,0,0.095533315575517905,47.459031188761791,True,362,False,calibration_partition_not_issued
synthetic_long_horizon_identifiability_v1,calibration,c_3e21bf565eee047ad54e854fe288c1b5,4ac8f957567e358c5d9dae1e631f7bfec7b09f6a2508b1bfc8038e533979dafa,5,0,0.017616119331074039,32.14199732617702,True,17,False,calibration_partition_not_issued
synthetic_long_horizon_identifiability_v1,calibration,c_3e2241325f2ec6b4e6f5a81aa051c0cd,97629f8ab882cf2a1d69ac4420d38eebce40bfa4255f45093a7bf5425498f025,0,0,0.19877474035086382,inf,False,,False,fewer_than_two_credible_structure_families;nonfinite_disagreement
synthetic_long_horizon_identifiability_v1,calibration,c_3e3d6fc46822032c4715bd502e4c3d5e,1c37903e16f4c72eff4b136698a5e471b1724764573c9d14beab3051f91feb1f,5,0,0.025524437328927122,33.115733620862464,True,143,False,calibration_partition_not_issued
synthetic_long_horizon_identifiability_v1,calibration,c_3e616fae2fb9ff3416afe09eba1cc99f,dbbb6220ed71bebd8a7ec59f290585f161864e3acd2c51ad509f4ab6a03989da,5,0,0.078674921022980432,46.906239868227438,True,359,False,calibration_partition_not_issued
synthetic_long_horizon_identifiability_v1,calibration,c_3eea6ba86a88c61d5bb57c0cdbe8bac6,c54cf9a7115d2ae3519e1ebe831f7251c5882db4a59d5839cc106570d3469a63,5,0,0.1326647809188532,40.936852942455523,True,328,False,calibration_partition_not_issued
synthetic_long_horizon_identifiability_v1,calibration,c_3f0b9cd5f7b21afa28325bdbe7605752,7ac8d2411b3bd6c914a7e388426221ac37ac7e2d720c830ca5a6943ca0930c05,0,0,0.39672451876693909,inf,False,,False,fewer_than_two_credible_structure_families;nonfinite_disagreement
synthetic_long_horizon_identifiability_v1,calibration,c_3fec74dbc0b7065a1c0285abbe4a7845,f417cd6345169be8ba6538c66e7a6c3eed3ee371e1b17c3a71e37c4d765bfe9d,5,0,0.11226739166220696,33.280946100765647,True,154,False,calibration_partition_not_issued
synthetic_long_horizon_identifiability_v1,calibration,c_4012739a627db32ca42748319e386e8b,c64233b4925b9a25ac5ee8f073cfd21817f6510d2f2ac50a61cca2ede948c6be,5,0,0.10225072483980717,32.873989766410268,True,127,False,calibration_partition_not_issued
synthetic_long_horizon_identifiability_v1,calibration,c_4048f6621d82af2b84ed9f99fc68847c,ca03cdfba52a68086d4e25f4968552ed45c282573c70b8913871e6ab499ea502,0,0,0.50658040198193732,inf,False,,False,fewer_than_two_credible_structure_families;nonfinite_disagreement
synthetic_long_horizon_identifiability_v1,calibration,c_41968021892190993361968e00ecd043,0228c20207681f9fd667fb05b446b8dfb6c9b4bd57db9b6d448e66b48df3da7d,5,0,0.10890748954132001,32.141998656569633,True,33,False,calibration_partition_not_issued
synthetic_long_horizon_identifiability_v1,calibration,c_41c5a3f48c5b44a3299b1a8def4cd02b,9c01d655ac65edb049b2e50395403f9ec26aa569af1abc6c73540eba730868ce,0,0,0.53842409460905427,inf,False,,False,fewer_than_two_credible_structure_families;nonfinite_disagreement
synthetic_long_horizon_identifiability_v1,calibration,c_4239e29ba9bb6486e250410f4e4e4214,65dc2e269e97e1ca35ae756e249a9cee97c1ca6b3f47e4dd9957db4ab033de41,5,0,0.017618280158476794,32.271899415861611,True,90,False,calibration_partition_not_issued
synthetic_long_horizon_identifiability_v1,calibration,c_42b076e83e54252a07e1d749be7fcc6a,97873c0c83c4fe89569d08fde2b1a909795200cc9f9d0ba36b7a006e891f2507,5,0,0.10138104127478678,36.548221108893792,True,269,False,calibration_partition_not_issued
synthetic_long_horizon_identifiability_v1,calibration,c_43524c097bdc2cb49285db02a6752151,7560e80786923ae8d83e112400735367b692c9a13cb5d6b516a037d6f0e5242d,0,0,0.43699806815930275,inf,False,,False,fewer_than_two_credible_structure_families;nonfinite_disagreement
synthetic_long_horizon_identifiability_v1,calibration,c_4479d084eca8664816d02da6152992f3,c847a0731d7c20549559eea32d8bdd88a1c68a1c0e8351d02b35c27da7860e94,6,0,0.12596035861589341,35.648045976205253,True,248,False,calibration_partition_not_issued
synthetic_long_horizon_identifiability_v1,calibration,c_44e91bb523faf752f2f28581956ec3f5,da4d64d77c86af0779dbede2bd7e2ed0674d20dbc90f8e05356db34d722e40bb,1,0,0.080500366047306843,inf,False,,False,fewer_than_two_credible_structure_families;nonfinite_disagreement
synthetic_long_horizon_identifiability_v1,calibration,c_466fd25e75d2e646499c447992efd914,b3a1bc9307c6abd49aa0dbf7a585bc9986754467244b45263eb3927b64a0a522,5,0,0.049692817231970034,33.406721879517839,True,166,False,calibration_partition_not_issued
synthetic_long_horizon_identifiability_v1,calibration,c_4854168a0d69f9159c427bfff9595f86,b0e46e660f97a0aa573ee10ab98337268c4347b4567aa0c872a0d19bd346ffe5,5,0,0.034552758219666357,34.960311983308223,True,229,False,calibration_partition_not_issued
synthetic_long_horizon_identifiability_v1,calibration,c_49ed122305e1aa5edd20aee2c730b3c1,073c09c7596c584aa44aa4c878799304f09dfee09219e31df874784d08a84e7d,5,0,0.040431505991331711,32.915465862784586,True,130,False,calibration_partition_not_issued
synthetic_long_horizon_identifiability_v1,calibration,c_49f831ef62e488c27c33b05d04f92874,96315d874943ac0e59061da9dd3e476aed8d4280f8c5b086d431417bc9817160,5,0,0.23497070630111805,47.758185260134859,True,364,False,calibration_partition_not_issued
synthetic_long_horizon_identifiability_v1,calibration,c_4b044d878ee9f8e0d07615e1987fc879,772ccbd424b405b00f6714d0249f95c07f79ac8f9cc473dee3ba4f2bd7bfe8fc,0,0,0.34654426520585452,inf,False,,False,fewer_than_two_credible_structure_families;nonfinite_disagreement
synthetic_long_horizon_identifiability_v1,calibration,c_4b07e06cb7828682b01e0255f3de7f8c,6f7c0d725ccdb76fcbff3fbde2f25e0aea92c7757ff6f169b573e4f65851080b,5,0,0.056990005399143069,33.332143701313015,True,161,False,calibration_partition_not_issued
synthetic_long_horizon_identifiability_v1,calibration,c_4ba2baa79c9fb554ff09de72bbcc6fc2,a3d0e96a1a1045165c5d043fe364f60c8c260fbf5a7911288786a8e6d0200844,0,0,0.61484721417531685,inf,False,,False,fewer_than_two_credible_structure_families;nonfinite_disagreement
synthetic_long_horizon_identifiability_v1,calibration,c_4bbe2df5a40241cc75a18e9dfea47665,fac78fa82dd56bf9f39e01d7d4a3754f9424f7b983a7ac9bfdb036baeeb46532,5,0,0.14270302419725389,38.964632302606255,True,310,False,calibration_partition_not_issued
synthetic_long_horizon_identifiability_v1,calibration,c_4c2bde0060cbd135f2b1312e741e538f,f71d4641e7b26b6ba054a8ea988eac33c3efe2deef733191e8e32dd127558e0c,5,0,0.026852182873986687,32.14199884726078,True,37,False,calibration_partition_not_issued
synthetic_long_horizon_identifiability_v1,calibration,c_4c5dd8d2db1744687a9497c8cde051d4,2ff22c0f0c73178bf9adec64fd014776ced7feaac3a812440e227121cafd5ad3,4,0,0.092912263998754241,55.353860907000886,True,383,False,calibration_partition_not_issued
synthetic_long_horizon_identifiability_v1,calibration,c_4d4b3c987af00028721523ddb11bd10b,43cd2683009b99ed47f1d1d734340028b4ee3e30cfe11aa4a2986a95abd7fe75,4,0,0.032443940607557363,35.97641539307282,True,253,False,calibration_partition_not_issued
synthetic_long_horizon_identifiability_v1,calibration,c_4d4de2988513ed041a647ac4c660f29e,2e58247b986bf2b59fb459f557c3508162082b0f76e16baa57dd151e0e8770ab,5,0,0.082515603977056096,32.480402712367507,True,103,False,calibration_partition_not_issued
synthetic_long_horizon_identifiability_v1,calibration,c_4dbec62238715e40ae9b990bcdd5692d,13e29dee4ca78b09a217afd31747b5e52857cb2cc86b824cf9aa51190f3646c8,4,0,0.05315084520677342,33.982152546050081,True,195,False,calibration_partition_not_issued
synthetic_long_horizon_identifiability_v1,calibration,c_4e0c9cb781da9c76d551a743f369125f,94b23424e81d241f09c885585f19c23c52ab1120dc49e38c52f4fa3b5baa17d6,5,0,0.090772335214525587,38.651146430372769,True,306,False,calibration_partition_not_issued
synthetic_long_horizon_identifiability_v1,calibration,c_4e0e96807e058517ce9e13fe033b430c,74b1b1a03d2ae07d67fc7a7f2d63416e0555f75cf8363a4a6e007a853093caf2,5,0,0.035960066018310574,34.034963894029964,True,198,False,calibration_partition_not_issued
synthetic_long_horizon_identifiability_v1,calibration,c_4e501955468686d8302e1746482a3f3e,c8383340de4f6c899997e8e9e1aa89599818d1049299417f0174f92c0e518c33,5,0,0.092771450866225139,32.993446298078723,True,134,False,calibration_partition_not_issued
synthetic_long_horizon_identifiability_v1,calibration,c_4ed9595888a4b025badbfe1ab9fb7458,e3f7f43121a716faa5e2527c1b41b474209207256e5f9027eb8692539888933b,0,0,0.36432869755403446,inf,False,,False,fewer_than_two_credible_structure_families;nonfinite_disagreement
synthetic_long_horizon_identifiability_v1,calibration,c_4ee4a8ca2ec0c9151ee39b1459d25416,5061e3e2fe60dd1e8f94747f512e0a9db14b6dee7176bd42ccd23eb026431105,5,0,0.036811707776911964,38.328329789194278,True,299,False,calibration_partition_not_issued
synthetic_long_horizon_identifiability_v1,calibration,c_4f277cca21fed0b3dfae831fb9ad2214,d86e92638f8c2e4482573bcf9817379fa80076c72b7692c4ec805b9025f30fef,1,0,0.12727712403999891,inf,False,,False,fewer_than_two_credible_structure_families;nonfinite_disagreement
synthetic_long_horizon_identifiability_v1,calibration,c_4fd7da59a734c5a411ea8b2fd47d3790,aa16d2e85ffce5aec2c46a24cefa389695cd5b9013007bf27fb8eda48002416b,5,0,0.075130970625570517,38.521418332035729,True,303,False,calibration_partition_not_issued
synthetic_long_horizon_identifiability_v1,calibration,c_50aa359e445f6d88a45b73c0ade7e636,c39edf7639037723b5ab22879dfa2478192365d55b87156c4ba570734abfa310,0,0,0.26122750326303062,inf,False,,False,fewer_than_two_credible_structure_families;nonfinite_disagreement
synthetic_long_horizon_identifiability_v1,calibration,c_50e1648423214aae589a4ca0fbb3ff71,836ea6c3382e6d830ae65ca3ccc03c7d3ede9db9f7e1e79de8c0131fcf3fb214,5,0,0.04781254142809177,33.56258315423635,True,170,False,calibration_partition_not_issued
synthetic_long_horizon_identifiability_v1,calibration,c_514cb808b19f60030a916ae45523f559,e33dea0bcd14357b826553e9ccbf9f81a515e1051c450a6b42d1dc400fec7403,4,0,0.11091328180335684,34.923954402807489,True,228,False,calibration_partition_not_issued
synthetic_long_horizon_identifiability_v1,calibration,c_515db42451f1ff364a00faa58863c3fe,f9f3a505f366d1333087fc72eb2d9343bcf4ebc8bb2ec7a9324a6e8620392de6,5,0,0.046226585849106903,32.141999489704048,True,51,False,calibration_partition_not_issued
synthetic_long_horizon_identifiability_v1,calibration,c_525bd22e501f114f73dfd56fe889c061,ae6eaee87f62ace85750e572301fc18ebd4ed15d8b3bfb6624e5eb33f53322d0,5,0,0.062034190435324044,36.404128810338655,True,264,False,calibration_partition_not_issued
synthetic_long_horizon_identifiability_v1,calibration,c_53ddbb256c7eb5048fb9a8b993bdad1f,2cd2804bdeed5528abde73d5a238844db2a3587697c9aec86c35fc59d8ace83d,4,0,0.042015216930708248,32.141999005600375,True,42,False,calibration_partition_not_issued
synthetic_long_horizon_identifiability_v1,calibration,c_53ddce383e4cde8e67619122abbd5621,56a7fdd3f76507bbc3a961a34a8483387542f4503a1e347aa9ac60a2be1bc15f,0,0,0.24017131887816381,inf,False,,False,fewer_than_two_credible_structure_families;nonfinite_disagreement
synthetic_long_horizon_identifiability_v1,calibration,c_54662e5839b6c289df7143f5572f69b0,fe51d4c7a204d79cf35509c9138e3e8883632b4cbb18f92dc3468c2ef762ac2f,4,0,0.07316984788060131,32.141998834086259,True,35,False,calibration_partition_not_issued
synthetic_long_horizon_identifiability_v1,calibration,c_5525513f8a857a278edf9bcf5a6c5ff3,294fc29527244a23dd5adfb2fb83f88d725196d94db4c125201aa8c5c08b1fd0,5,0,0.084928039059188221,33.359589614234643,True,164,False,calibration_partition_not_issued
synthetic_long_horizon_identifiability_v1,calibration,c_5588f0349992b934dc8051ec22d85b46,6b052fe6040fa03fb626a6bdb9fbc7efc66687170f8a90fb0a0dfe013b53c277,5,0,0.041190061554429745,32.141996695918984,True,13,False,calibration_partition_not_issued
synthetic_long_horizon_identifiability_v1,calibration,c_567e379fe5e7a7483d799a32c1495d71,43933b999d42ad4eb774e09774e942dc9aaaa0f1c0c8d9271d15e149fe1276fb,5,0,0.024284521162641962,34.152599458869219,True,202,False,calibration_partition_not_issued
synthetic_long_horizon_identifiability_v1,calibration,c_56c48224613c0737a6539fc7c64ea5b4,ec12438049cb9a349a6d700c81bf14ea9c4c3b085dafa6b48f4f6b7100742163,1,0,0.12695971043350274,inf,False,,False,fewer_than_two_credible_structure_families;nonfinite_disagreement
synthetic_long_horizon_identifiability_v1,calibration,c_573d5c81d6108b2c4a2a2d6869d12418,aad5a4709e5ed6d3e3cf3f687a49931a6d5ffb24ba141481ee50f71fc1019652,0,0,0.24013024706031466,inf,False,,False,fewer_than_two_credible_structure_families;nonfinite_disagreement
synthetic_long_horizon_identifiability_v1,calibration,c_579e21cae101aa1322f34ea6401755e9,67e7794c3cc815bda03f914b55fa552d7286f45a3ad78eb92f1533c2a5c33fe4,4,0,0.063256209448174811,43.252128059748394,True,346,False,calibration_partition_not_issued
synthetic_long_horizon_identifiability_v1,calibration,c_5821429ecf49bc85884cf71b64b2ea3d,10c4ad9832028260d4016d0d8990ecd610f371d782640357b0c1e27df3fee760,5,0,0.11037731177439097,34.087288847354642,True,200,False,calibration_partition_not_issued
synthetic_long_horizon_identifiability_v1,calibration,c_5893b6b99ba780bdafd25f684a8abeb5,312eeb1d682955fc67a0be99a3e5a3ecb3b849ac562de23b5d88e54182ca3cb2,4,0,0.040003126417525736,40.218754141516705,True,318,False,calibration_partition_not_issued
synthetic_long_horizon_identifiability_v1,calibration,c_58df65a16cfd30b0b530d8c94f2494c9,3a432ee36a6f83728df9ba4e36434e2bc35bf8ce22d928ae41a88e1430a15f7e,5,0,0.14961961226978437,32.141996426894607,True,11,False,calibration_partition_not_issued
synthetic_long_horizon_identifiability_v1,calibration,c_5947f220e4064e7e0f7dd484646fcdcb,949ae298b443d46e20fe5679c49f6475cd2100146ff66639b6dc2411d44fde2d,5,0,0.11554093409667512,44.853593981040355,True,356,False,calibration_partition_not_issued
synthetic_long_horizon_identifiability_v1,calibration,c_59c692a2ca2dd51a11eb2c2d5e968a28,9e9ba770d97354b1c648aded0cc0ff8ebeced0b16b6a9a38e9249f6880078542,5,0,0.098496377857011957,42.568134692782017,True,342,False,calibration_partition_not_issued
synthetic_long_horizon_identifiability_v1,calibration,c_5a8cd718453e303fd722382fe45b6836,0a07d2ab763c2f5e6e9e14a53e12347761d838cddc8c0786fc0ffca862b44f99,4,0,0.16410038183896969,44.171697667623398,True,354,False,calibration_partition_not_issued
synthetic_long_horizon_identifiability_v1,calibration,c_5ac0b4f10c1cdd63eecd088a61090719,c230c5183cc9e95b5981c7c6cbb7d9ae10efe89c9fe9432ea4e08fe71f2c9ccd,5,0,0.043668149896394941,32.141997906704717,True,22,False,calibration_partition_not_issued
synthetic_long_horizon_identifiability_v1,calibration,c_5af163fa7e6630b6e27fc207aaadd1b8,0d11d93fda03e90f4324f453975179a1e895c052fe543034048c65baa7791ea4,5,0,0.07902685882259243,32.14199924939404,True,46,False,calibration_partition_not_issued
synthetic_long_horizon_identifiability_v1,calibration,c_5bc76fda064ce471f86d72f4b661986c,a85fa921cacae36a47f5adc8a48a584ed839b5d2500a10c5e2135c199f65765d,5,0,0.12048551017095223,50.755671129202888,True,372,False,calibration_partition_not_issued
synthetic_long_horizon_identifiability_v1,calibration,c_5bc8ae7dbd1984870cd71789ffef0214,b2b431cf0b2fa6116b91a8cd09df42540a5efdda27bb4756325c5f2b81ba9ed2,4,0,0.035955934279422855,32.252090963455132,True,87,False,calibration_partition_not_issued
synthetic_long_horizon_identifiability_v1,calibration,c_5bdc413ea91146a48f98a08f222b0479,7fdb05cddca06924e6e41244700e502b93889096c7f1990f192760096b39b368,5,0,0.13542887748391086,43.521842720863624,True,348,False,calibration_partition_not_issued
synthetic_long_horizon_identifiability_v1,calibration,c_5c05b09c97c631119f0d996a5ff1d5a7,b837b88b8b4d3259c90a16d098c2d1bb5f4d425659cd666a7f4d61d78ea315b1,5,0,0.092214434360818928,32.141999991392311,True,61,False,calibration_partition_not_issued
synthetic_long_horizon_identifiability_v1,calibration,c_5c55bd828c3c3faf343badb09025004a,71092c5ec079cad52b28fdcab349116a557f99547b6031ba74dce000463eec15,5,0,0.16267983718108242,33.159035100421576,True,147,False,calibration_partition_not_issued
synthetic_long_horizon_identifiability_v1,calibration,c_5c7da42291c963835a4c7a97ec8f3f25,e4ba25c9aa29c6c8556f07a6ffc09c84d09f657dcb8c4ecbff32786dbedc959a,0,0,0.55053977877078264,inf,False,,False,fewer_than_two_credible_structure_families;nonfinite_disagreement
synthetic_long_horizon_identifiability_v1,calibration,c_5d450b86e648997c2d6c240d024f55a3,28067e735ac5181d39d022ac8115ffacd87ed7833607424516e9d781d7e207b9,4,0,0.046110747003871272,32.141999361081069,True,48,False,calibration_partition_not_issued
synthetic_long_horizon_identifiability_v1,calibration,c_5d76ab3aa5f7e079fa06d38fbe740c4d,ccbaddd5a596957610a83d63e3fbb2940310065c647a02af7b97f2422243bf8a,5,0,0.066133951540608443,34.539187841960455,True,223,False,calibration_partition_not_issued
synthetic_long_horizon_identifiability_v1,calibration,c_5d887824aad3089fc0995c16592f822b,783eee7071305b21111ca8e87830594a540bae093dd8cffed6b1678bb330c980,5,0,0.023291491609019426,33.144481748406662,True,145,False,calibration_partition_not_issued
synthetic_long_horizon_identifiability_v1,calibration,c_5f5285a92d4a3cce82af100b35664ede,569a231de8eb9d14ab8f224302bf684698ae2ab117317fa149d582b7c9a0597b,5,0,0.058570844041479463,32.627012643793549,True,112,False,calibration_partition_not_issued
synthetic_long_horizon_identifiability_v1,calibration,c_5fa27bd195aa88b419b048841baa4cdf,b97f191a5e979a8943189f32d27b25a28e2ecc8f11253bd3e72f410ce5e2149c,5,0,0.16477555026227766,40.456601672350367,True,322,False,calibration_partition_not_issued
synthetic_long_horizon_identifiability_v1,calibration,c_60014a0f7b0a1112faf136a6f521b0bc,327f5029aea7e5d744ce1bc650c949b75bd2195fe4be361f08020d2c1a2091db,4,0,0.076290071275770338,32.14201802762161,True,76,False,calibration_partition_not_issued
synthetic_long_horizon_identifiability_v1,calibration,c_608eaea69dc6c1409039eb739b8ad5ae,ca5da305127373972c58a11b9396367ddb0543ee4270c35b0feded4fc1d4c020,5,0,0.10065886558913387,42.154472828474802,True,338,False,calibration_partition_not_issued
synthetic_long_horizon_identifiability_v1,calibration,c_60a805756d187677de9e83d2fad10fef,7fd8d9753ef94658d6406412acc7796994a7b66202c398eac26e132cc00a0458,5,0,0.065506004355186623,35.561834747031007,True,245,False,calibration_partition_not_issued
synthetic_long_horizon_identifiability_v1,calibration,c_6138aefb8e13dc8084f532a09c2e3825,df9c902604e7be2b4b7fc9e55d6c27f6501569cd5bb5349e1f57bb69a9db131d,6,0,0.10762883268456709,33.604558641103623,True,172,False,calibration_partition_not_issued
synthetic_long_horizon_identifiability_v1,calibration,c_614c241247dd7a238881a7743e79cb66,1e3799b64f06f18719d4ccdcabf0abf99b71c9fae6d097f6a7bfe8e2f2d7b5a2,5,0,0.076042608726371544,40.229996016086893,True,320,False,calibration_partition_not_issued
synthetic_long_horizon_identifiability_v1,calibration,c_61b73cd7da8588e4b7ed88d345a6ace2,e0dc997d57eec563e2fbfdf1ee8a6baba40547ef875733990845bfdc18a9a098,5,0,0.068785865388993589,36.292201695279822,True,261,False,calibration_partition_not_issued
synthetic_long_horizon_identifiability_v1,calibration,c_61b816a44129d895ec79ea0ea4264ee3,cc08a32c0fdaa957326c27aa28d48bdbc0a7d3c27d30f360b2e9af97e2b7b7ba,5,0,0.055859291839137737,35.483839161549135,True,243,False,calibration_partition_not_issued
synthetic_long_horizon_identifiability_v1,calibration,c_6299c9fcdf2b1562a5c5a6e12a8914a8,951b9978327f1767efce5d1a319734550c211c9fca27ebbe30ad7eba7cdd294b,5,0,0.12456206294148302,32.141990433538425,True,2,False,calibration_partition_not_issued
synthetic_long_horizon_identifiability_v1,calibration,c_62a30026e1cf67d7b221c17c87e3bddb,e9792b50fd682ddd2a699f77c2ec4eb130e60d45c35819ec536932caf77ef83c,5,0,0.12006136310709513,32.141999730233678,True,55,False,calibration_partition_not_issued
synthetic_long_horizon_identifiability_v1,calibration,c_62be9d66cebf54268218560fe3fb8b0f,dc943fb3c4c96ea88eb3d41d478d3f838de3ec947d0b6893b5e3c773a2ba1001,5,0,0.051346290309538488,34.35871510590168,True,214,False,calibration_partition_not_issued
synthetic_long_horizon_identifiability_v1,calibration,c_632bb02795b07351d96c4d1419f4d7d0,4f400115b1fa6dce0f6284dd316028098d94f637a3a8d26b21a9ef4f8c5e9fd2,5,0,0.1668066717221601,33.349046961874045,True,162,False,calibration_partition_not_issued
synthetic_long_horizon_identifiability_v1,calibration,c_6501d55b24a222fee8c55c2799990c9e,c7acf65a4848ad219f186473b7b14b9d908c6b591e7c69a2e67a60425831bbbe,5,0,0.17256307887484343,55.600800360214215,True,385,False,calibration_partition_not_issued
synthetic_long_horizon_identifiability_v1,calibration,c_671158081ffc85afde88226f51618263,738ef13ab4620ca5ae5251248a0494b2cf6625a36993b88084d462ebeb3ddfbd,1,0,0.037203381825118412,inf,False,,False,fewer_than_two_credible_structure_families;nonfinite_disagreement
synthetic_long_horizon_identifiability_v1,calibration,c_6790e2469611a75b52aca0a97051bb96,5a16915f4a6053e826f9ee77546c38b0dd8f33a865ae57561ea5fda3a61b5e83,0,0,0.45507376570313424,inf,False,,False,fewer_than_two_credible_structure_families;nonfinite_disagreement
synthetic_long_horizon_identifiability_v1,calibration,c_67919e0fcb7851973ad42010b9f3b63a,8c3439c755953f26f84cb3f6c73645455d41adad74886f5215787f6b42a53231,5,0,0.083421949927199576,38.938322399063999,True,309,False,calibration_partition_not_issued
synthetic_long_horizon_identifiability_v1,calibration,c_67971e17970c020caacfa2b00e64185e,8368d757509d498660b70af5f3fab312f959c5532cc9ef231dc1eb734d1d0557,5,0,0.04277609857788682,40.227925925903541,True,319,False,calibration_partition_not_issued
synthetic_long_horizon_identifiability_v1,calibration,c_681774179187331c109539a8b5164944,1cf66f04919cb2354fa73deec13ab480b837577870d80cf35b77dad4128bdb55,5,0,0.037936997500441091,34.496037113788482,True,219,False,calibration_partition_not_issued
synthetic_long_horizon_identifiability_v1,calibration,c_68ce1bc574fe733d41b8861f124ff102,b8ff403c9a8baf3c61fca9672d139a1912299a618aa090678b260788c640dbcd,4,0,0.22908795859576295,32.160516753554759,True,81,False,calibration_partition_not_issued
synthetic_long_horizon_identifiability_v1,calibration,c_690a070e6eb23e54392899bca13dd5dc,19ebda8db88e75aaf4006d2fb0dd5ec549ae055d0240d2c6fc565b6bbbb62d16,5,0,0.14467076401854226,43.833230205257657,True,352,False,calibration_partition_not_issued
synthetic_long_horizon_identifiability_v1,calibration,c_690b16e23294cc69116ffe84803a8c10,408fb7d879153874ba4056a85eb235eaed3bd35c4014fbc7aff0ad3358237d1a,5,0,0.036086780835352376,33.936285941576365,True,192,False,calibration_partition_not_issued
synthetic_long_horizon_identifiability_v1,calibration,c_697a20356a996ab66ca615f212d94446,e0bfa82b0bbabc93e6f7f0f87e111d1d859d6f146cb68e07c6ccbf314a958f9a,4,0,0.15547622803241776,32.142031873558103,True,79,False,calibration_partition_not_issued
synthetic_long_horizon_identifiability_v1,calibration,c_699915631965703c711ebd6ac061b350,11665eb328ce85cc49d50af38f2496912827e3bb1fdd9b8bf40ac06991852f76,1,0,0.10641821554478798,inf,False,,False,fewer_than_two_credible_structure_families;nonfinite_disagreement
synthetic_long_horizon_identifiability_v1,calibration,c_69ae73623dff8db9d3207e542382beb1,d818f140c53a629565ff4781af91ea075fb1b6094f93673cd8523bf15fd941af,5,0,0.0656188047105076,32.141999924230376,True,57,False,calibration_partition_not_issued
synthetic_long_horizon_identifiability_v1,calibration,c_6a22907471a569e1e3ff4300298d9007,c3b667cb3bb2f51b82238e16e7e5dcc84b009d61f9e429e13fc2e9e7021b7bea,5,0,0.07286751980233401,32.141992154653941,True,3,False,calibration_partition_not_issued
synthetic_long_horizon_identifiability_v1,calibration,c_6b3553da5e1d131a4a6d91fd6428a189,5512a8759302df2be7b9f72dfbf041647bcf8d027327416a7cd9aeaf86fd91fb,5,0,0.053489938367667883,32.141999097644259,True,45,False,calibration_partition_not_issued
synthetic_long_horizon_identifiability_v1,calibration,c_6b4f386d1df3ae14185ccf5033447d03,b7521e1a020b7f7f7f8651682930be2bd164aa07c49e5f767d23b975f4e879c1,5,0,0.047493062325406919,37.995452416442753,True,293,False,calibration_partition_not_issued
synthetic_long_horizon_identifiability_v1,calibration,c_6b8fa1e9ad400a8ad1c932aaf624afe7,faedf94cecbea2bbf8aa82a5863c51e90e8cd7a88a8fc694a60d1eab59c565fd,5,0,0.059861839862851755,39.35982895831507,True,314,False,calibration_partition_not_issued
synthetic_long_horizon_identifiability_v1,calibration,c_6bf4aa6008c3be05e5a22847299619a5,e844171ce7a5883ecbd993d11949486f0926e73a2c30f1dae6d98ec61368251c,4,0,0.079289608693798544,33.903555486568621,True,191,False,calibration_partition_not_issued
synthetic_long_horizon_identifiability_v1,calibration,c_6cc77a6e8c3f5a2ecf3ce0f64b06baf0,7a1728196842d3e6b66022002a5a14f7484770a260962947499a9e588f11f883,5,0,0.02826929703042776,34.97455500061028,True,230,False,calibration_partition_not_issued
synthetic_long_horizon_identifiability_v1,calibration,c_6d98e927ddc5268a62bd78058cfdfe88,d687c82eb68caffbdb0cd53088d720a368685d1086dd8a7c9fd0fe00e05fab63,5,0,0.097115616220797937,32.141997608002967,True,18,False,calibration_partition_not_issued
synthetic_long_horizon_identifiability_v1,calibration,c_6e36531cf93799a8fa809b63d837e159,f75e07c2a69bde40df70a13d612378f0a55a96cec25aa4db22eba99802385988,5,0,0.10385348951592165,37.378970710572297,True,286,False,calibration_partition_not_issued
synthetic_long_horizon_identifiability_v1,calibration,c_6e92ed80b4293dadc0df7ac5cbc1dda0,adb5b321f5673f21b306c8a90853246b85ff9d6d950e774758fe4cc782f4c9bd,5,0,0.036597527399881501,32.754202768014558,True,120,False,calibration_partition_not_issued
synthetic_long_horizon_identifiability_v1,calibration,c_6f222a3e31aab286cbafd1962a25cc56,00c1714bc068890721bfbe7e8ba58abcbddfef87c0df8ea78f3c1e8ead9626bf,0,0,0.30113154079622401,inf,False,,False,fewer_than_two_credible_structure_families;nonfinite_disagreement
synthetic_long_horizon_identifiability_v1,calibration,c_70f52b52a45b12329197ba7a5bc3d724,49eefeef76065f1871bec437db7bb066adb1740b973593470d9702b4f6b73857,1,0,0.18253267341973706,inf,False,,False,fewer_than_two_credible_structure_families;nonfinite_disagreement
synthetic_long_horizon_identifiability_v1,calibration,c_71d4d3b66557f52b0509816798f1fe0b,45c1841a58d78e93a1cfda2b70c3b81ff039ee68886d193b7317e028ca0dd753,5,0,0.041816589960848687,38.171189846450154,True,296,False,calibration_partition_not_issued
synthetic_long_horizon_identifiability_v1,calibration,c_71f500aac974eec7b8cc78c2294a54a6,0589c31f8d9c463eeb1c7e86d7fffdc707a36fa21fbbc4dc3e1a5d230515efeb,5,0,0.069062813516691843,32.883421955238944,True,128,False,calibration_partition_not_issued
synthetic_long_horizon_identifiability_v1,calibration,c_72b1a117fd8713c24d78242651da3418,c96358b159d6806edb6043d8c8bd085ce85ec27516cb3aed91a69fc6c18b46c3,5,0,0.091419786399695016,36.334695148764133,True,262,False,calibration_partition_not_issued
synthetic_long_horizon_identifiability_v1,calibration,c_72d51e13e410234c2ae34ade4d7df22d,40da383bb634187d3e7770f8b21d4fe4bdde552724af356e694c5d398f00ed50,5,0,0.12622818647065517,34.234582852934949,True,205,False,calibration_partition_not_issued
synthetic_long_horizon_identifiability_v1,calibration,c_7338925adc2643dd399f48ab75cedd3b,a902dad5a73574840d586e3d8cee0071b90c37626f3ae0fb9444e4d67fe032cc,5,0,0.12584979126157211,37.431752389093056,True,287,False,calibration_partition_not_issued
synthetic_long_horizon_identifiability_v1,calibration,c_73572f3860abd5962e9f83105aff57d4,f07482ec228527f1bd242a16eb6123c1c40d35e66f48fe3aef5e3dd9149509e7,1,0,0.15894038956876971,inf,False,,False,fewer_than_two_credible_structure_families;nonfinite_disagreement
synthetic_long_horizon_identifiability_v1,calibration,c_73753121379e6e93387a06d73803f7cd,dc96feb08c3786a1893a222295a254e0c7422144afc7a230479f1b7184c8e2a7,5,0,0.077438792789424074,34.028704385770851,True,197,False,calibration_partition_not_issued
synthetic_long_horizon_identifiability_v1,calibration,c_73ef7619b18be3002115e62024c97bc4,1ad9f0817f46a3a68b5de8526fb6e5e18db9b1f0712d48373cea3f794b084ec6,5,0,0.093192948177393875,41.317595753205133,True,331,False,calibration_partition_not_issued
synthetic_long_horizon_identifiability_v1,calibration,c_748448dddf64dd54a5ac4811fe30c4cd,b3eba8c10ecfd3fccc8c6debec527c74efb737baab67c6087cd0f0d68e9404b1,1,0,0.075556307322656502,inf,False,,False,fewer_than_two_credible_structure_families;nonfinite_disagreement
synthetic_long_horizon_identifiability_v1,calibration,c_751480d1f553b6b9d6f2762a15e0df72,87ac49070d2882ffaece974a0fc86735beb6d5d34d65b48088b29e3426cd04da,5,0,0.14973067370517568,36.450165887767803,True,265,False,calibration_partition_not_issued
synthetic_long_horizon_identifiability_v1,calibration,c_75b4e94c1af65a3c3243b8b83bf041ea,87a592fa5d47954c6d8d5a6c2f4ae8791f1a21d59ada47b545dbad78e46bfab7,5,0,0.12626649178484323,42.254779648102406,True,339,False,calibration_partition_not_issued
synthetic_long_horizon_identifiability_v1,calibration,c_75f0b6d6b6d8a5e5a89fc32bab5ec0d3,496c7dd1db4e38e651480f8fb1a9ed717a42ff9a21e6308645f2fe547e0e1b8e,5,0,0.056231981418824739,33.684141615130187,True,181,False,calibration_partition_not_issued
synthetic_long_horizon_identifiability_v1,calibration,c_76a52a6412a94d5d5f85654dc7fe3ff9,450dedfe86bd881401e2032f6d0ad3bfc19c1d9c68f9c59332ac7ec290d727b3,5,0,0.10776290360607765,32.141998509779157,True,31,False,calibration_partition_not_issued
synthetic_long_horizon_identifiability_v1,calibration,c_772300c64f550f399ed1933ef7246551,7a03734d7b9aeb4bc3ef6cb0dcdacda853dc2f2a83cfa7468416dd66110d623a,5,0,0.20605194272643751,38.889351007576913,True,308,False,calibration_partition_not_issued
synthetic_long_horizon_identifiability_v1,calibration,c_776c1eb75f686252b8e745ca2a6e6035,fd6a72ad48cce93d713a8c2795b01e3265aa66330b0dfaa54197adcdff0351ac,4,0,0.068392807163947245,33.417150438780787,True,167,False,calibration_partition_not_issued
synthetic_long_horizon_identifiability_v1,calibration,c_77e125b037177a60ca03ecdc86edc913,9b4f1aab01c685f09ca6267f382c54dc7a60410ef15abfc854b02ed457101aaf,4,0,0.021987130410780247,35.994680375461961,True,254,False,calibration_partition_not_issued
synthetic_long_horizon_identifiability_v1,calibration,c_77eda4b86a0a16fce12aab6272a7fed7,f7cf19cd5b5170559e417b60366dd49a5ffa487e3fff46962ec11832a6038a8b,5,0,0.07612623656472578,42.25606808648174,True,340,False,calibration_partition_not_issued
synthetic_long_horizon_identifiability_v1,calibration,c_782b78026e642343c50eed3594114703,3f434b229fe143bbe4f35f5aae47bcdad21857120838f80184f6be288489a629,1,0,0.11197885834412666,inf,False,,False,fewer_than_two_credible_structure_families;nonfinite_disagreement
synthetic_long_horizon_identifiability_v1,calibration,c_794240a0418b759e965840f80047917b,7b41d445573d2fb39bfcdbea907dbf8d9669ee6f99cf9f5af7795c057606bf66,5,0,0.15065187152290271,56.937778131403924,True,387,False,calibration_partition_not_issued
synthetic_long_horizon_identifiability_v1,calibration,c_7a7f0ea4463d91c4a989e2b815c21196,230db5bb63ccf72be82f52275812a23b6fcc706d2c3c492da4c20542b1812765,4,0,0.033763396117745467,40.690373264535289,True,325,False,calibration_partition_not_issued
synthetic_long_horizon_identifiability_v1,calibration,c_7acbd7a029731f5b13ef328dbd639784,e1fef46c0e7757db741ac2f87b6675cdc419c6ec7dc0273f6b42a6b4d40647e1,0,0,0.64956355161144452,inf,False,,False,fewer_than_two_credible_structure_families;nonfinite_disagreement
synthetic_long_horizon_identifiability_v1,calibration,c_7af447d07b57fb28597c0d093a9c5a94,46c4a17f92e8a001d1c53c56728ab2bf6c5a86d26e6515a85d24e6584c1150dd,5,0,0.11483689175721352,43.803244380855865,True,351,False,calibration_partition_not_issued
synthetic_long_horizon_identifiability_v1,calibration,c_7b675d9d02cd3a500eca0896a686de09,f504ee3185676471619dbdcbe0adca05e011083ba78b95cba4857a0734fb17cf,5,0,0.10106579666779003,34.573863855086714,True,224,False,calibration_partition_not_issued
synthetic_long_horizon_identifiability_v1,calibration,c_7c74286536cf6db275953d1f537f016b,7c2f3e8c088a1addb0c1f3b7abfb1558f6bb7388190f8c4b4c8fbd8e48aae99d,1,0,0.048725876047420139,inf,False,,False,fewer_than_two_credible_structure_families;nonfinite_disagreement
synthetic_long_horizon_identifiability_v1,calibration,c_7cd7d8a7b31ae61cdbc9ac99212d5827,fae329934b20bbb119008a85c765e14558235f99a93a1b2836b05b8eb65e22e1,5,0,0.065008335676745951,34.479675558849436,True,218,False,calibration_partition_not_issued
synthetic_long_horizon_identifiability_v1,calibration,c_7d21e0b3e2cab0ba808d0d35156f7aba,6876f542eb51f985d695ca28b3f6c9b5954dc30bd6288cdca4cb29fe36ee224d,4,0,0.11043414583311834,50.307673404696708,True,370,False,calibration_partition_not_issued
synthetic_long_horizon_identifiability_v1,calibration,c_7d8661cc0afd9ced8665f9e208e4f8c8,a581266f5cda098dfc879e2a31e5e6d8f97508e3aa07857cdb2a8ec8fc523959,5,0,0.12799649629022036,32.141999678890372,True,53,False,calibration_partition_not_issued
synthetic_long_horizon_identifiability_v1,calibration,c_7ddde04a5a8ee308a84822c6c691528e,a92f178f617596daaeadfab4877ee3dc40890dc3f5aa235ffdf56ebd8e63ee28,5,0,0.083948937142880181,36.628910151930206,True,272,False,calibration_partition_not_issued
synthetic_long_horizon_identifiability_v1,calibration,c_7e2d77b46a4d15ecf6ea9d5d388493d8,c8b1efcdaa834c288a4fce56822c4adcd0fec5aac3d6175ceacf0502fd3e7211,5,0,0.080582352814858538,33.173024707857905,True,148,False,calibration_partition_not_issued
synthetic_long_horizon_identifiability_v1,calibration,c_7ee90da7fffa38af436bdd6af5653200,5c0dcee02f74f0c87cffb3737fcbe89d35e7c178aba55336d935b46ac5082e00,5,0,0.15344160671381635,33.734790703440211,True,185,False,calibration_partition_not_issued
synthetic_long_horizon_identifiability_v1,calibration,c_802410ce0faeb5bca23721278ada8f0f,bf025741a48a3087175460736ad89b265cee817e7bbbea09cf340cdd3b4768fc,0,0,0.48323706962108032,inf,False,,False,fewer_than_two_credible_structure_families;nonfinite_disagreement
synthetic_long_horizon_identifiability_v1,calibration,c_80b3f311efbe4fcc0d0c259bc7eb2b05,f205996da4c5ce5d9303851b99bb385c60ab77d7d1a6db64a6beafaa6024bedf,4,0,0.12761268266867395,34.500877872550923,True,221,False,calibration_partition_not_issued
synthetic_long_horizon_identifiability_v1,calibration,c_81260e1b8b695f258b22a84dd444f181,85b89ed20faf7805480d5236b0300175c0f2e06dcc9ea2128c9f8a9bc429fd59,5,0,0.048459641357718519,32.141998070494338,True,24,False,calibration_partition_not_issued
synthetic_long_horizon_identifiability_v1,calibration,c_81b1563377e7b3821227e0427599aa76,2470b9a6a24ead5f718129c6b839ebc3a2e7bc5ef1dd52eaad9cf19091295052,5,0,0.04258661085413102,37.686241543975733,True,289,False,calibration_partition_not_issued
synthetic_long_horizon_identifiability_v1,calibration,c_81ba00fbfd3d47119ec643b3302747bd,a32c04721487d7984140425d98d0597914d8adf2680978f358627a0a643137c0,5,0,0.079846117937491232,36.343515004301942,True,263,False,calibration_partition_not_issued
synthetic_long_horizon_identifiability_v1,calibration,c_82f08f3d8f2d41775dfc91c465ef12a0,08af623c55f19e4ab53371530d1c4bbbb39ff454f6956dd29e5b69d03828b6b3,0,0,0.6701130268513078,inf,False,,False,fewer_than_two_credible_structure_families;nonfinite_disagreement
synthetic_long_horizon_identifiability_v1,calibration,c_83056bb85ac9b51c2fe406568fbce557,1abd59e4c8ea181b4f19ceb530a29ae03b7dd5cc228a6a99b9b2a5fe59ff94c4,5,0,0.10697969568162162,37.690375990933823,True,290,False,calibration_partition_not_issued
synthetic_long_horizon_identifiability_v1,calibration,c_83197b2740c18d11f64c3b2030818c92,cbeef801aa40f11326d9a4b22d18a887fa422239f39248b3acb4f2a42b6a767e,5,0,0.15966799463607892,50.678886627506934,True,371,False,calibration_partition_not_issued
synthetic_long_horizon_identifiability_v1,calibration,c_8351ab4fe1584859ceb3d5b3317be8c1,ebc8839cfa2026e7299f3ca6078aed4b86a7797c2a637befb2c10f084f257686,5,0,0.083351843699141531,32.803496179956682,True,123,False,calibration_partition_not_issued
synthetic_long_horizon_identifiability_v1,calibration,c_837184321d99dfab41d6dafe5ecc2610,fd80ead4ece8f177ce82fb6ce356f578f31ba4af8c68cd3dd22d2f8a452b4d52,5,0,0.15303802345762937,35.412598977781194,True,241,False,calibration_partition_not_issued
synthetic_long_horizon_identifiability_v1,calibration,c_839904c0e41b8c3107af540a47ba0811,c47ea2167aea1d664cb7a40dab9540d86694487ad51aea4273ececf0dadbf477,4,0,0.16056732179225561,57.533283960773595,True,391,False,calibration_partition_not_issued
synthetic_long_horizon_identifiability_v1,calibration,c_83a0858c42e26ec744774dde6c79d167,d294e2609c59b2d7a380a24a3115bd6f70c6d05075b0b8905d7d0f9987b31fd6,5,0,0.091131639228751643,44.096471990826394,True,353,False,calibration_partition_not_issued
synthetic_long_horizon_identifiability_v1,calibration,c_845c63abf02490038e042c5b8f9ed5b8,a6ee77ce8fbb479bc6a0d477cca4785467e6ac6900e77d2341aefb6884d9667f,4,0,0.17826717742369746,55.46353823866022,True,384,False,calibration_partition_not_issued
synthetic_long_horizon_identifiability_v1,calibration,c_846c844c238d2eecf5ef6bd3cbba5ef2,b23f2baec9cacab3f63fae51e8892583c28d15e6d407b4c0d73ca34d5141af76,5,0,0.09132250068468134,32.408981205514166,True,96,False,calibration_partition_not_issued
synthetic_long_horizon_identifiability_v1,calibration,c_85342fe333fcc0c8111709463d8606bd,6ae2ffc4ac6f09e19e33f31ae71764cfd7cf74d27df8f8dd9ef647c320286d90,0,0,0.23830307498915237,inf,False,,False,fewer_than_two_credible_structure_families;nonfinite_disagreement
synthetic_long_horizon_identifiability_v1,calibration,c_85dd9dfe43140cf95de8412f980bc90f,01313e208fd4b7f1364e0a29d9d38449264b99118dd924e926103f5bab669b66,0,0,0.63050158733015327,inf,False,,False,fewer_than_two_credible_structure_families;nonfinite_disagreement
synthetic_long_horizon_identifiability_v1,calibration,c_86b30f03408530fcd621f1f08ed92073,14d22cca0ef382561ba7fad8826197d982087d5f9c252b281612e9e28a8b849d,5,0,0.059325871273897726,36.520297260871722,True,267,False,calibration_partition_not_issued
synthetic_long_horizon_identifiability_v1,calibration,c_87a10788a8da1ce8c415222f6c679979,0715e7a34f8592173174b488d9b140a5eb00374dc5751e65b8b942d59bc1eca5,5,0,0.066741831641363533,33.284520261167792,True,155,False,calibration_partition_not_issued
synthetic_long_horizon_identifiability_v1,calibration,c_88d314c88025099d6e5b7c9f398f45cd,dfd3a1c194c9119b6e1a04ff0fe652dcbaff6c956baeaa2bdb5533270f77f7a8,4,0,0.023015114490536136,37.953190039981642,True,292,False,calibration_partition_not_issued
synthetic_long_horizon_identifiability_v1,calibration,c_8933bd246c774766473c5f1036f96277,27da57fc42ea1502bbcda53180cc372532741d0d2cbad78a83aa919b0e962aa4,5,0,0.11771777953614082,32.141994624566955,True,7,False,calibration_partition_not_issued
synthetic_long_horizon_identifiability_v1,calibration,c_8986c66bcde06690234334dd2fe86db1,9ca5fd7e16be3eb3d37440567de5571a17d24ab16db65ee46e0e90ea015b6510,5,0,0.16934444209969149,42.077752362594943,True,337,False,calibration_partition_not_issued
synthetic_long_horizon_identifiability_v1,calibration,c_89d30deef3de1a7c8c6e3b1d229b7980,16e0d3871d4162e1ab42d85295bc4b683f2e948ac685b6763fde1815f9dad880,5,0,0.081350233314509662,36.898474361412106,True,279,False,calibration_partition_not_issued
synthetic_long_horizon_identifiability_v1,calibration,c_89f79ae1f90ee6b0fa2dfac99e958d36,d7427aaf32b7e6169a2ade40659838da970a1a8f9cf27cd35dfea249dfb61f9f,0,0,0.47358195497936972,inf,False,,False,fewer_than_two_credible_structure_families;nonfinite_disagreement
synthetic_long_horizon_identifiability_v1,calibration,c_8b262082dd06abb0773cb5a239ae3995,2d0e7c2508410542c9e24120e8568153c3c2ada69dcadc82262d173c61b69499,5,0,0.023463992240035147,32.70167908861157,True,116,False,calibration_partition_not_issued
synthetic_long_horizon_identifiability_v1,calibration,c_8b7f2f87bcd4bdb43574fe7ab15e738d,4d55fa7091ef401a8ccf76b27379894fe90d216c1ffabc1e3b826e38757123f1,0,0,0.60680329666572463,inf,False,,False,fewer_than_two_credible_structure_families;nonfinite_disagreement
synthetic_long_horizon_identifiability_v1,calibration,c_8e5b8d119878520f102c75f6bf674991,6f4da6e82653effe43f7cf60022355b193fc4308be460200371159cc25913af3,5,0,0.13512162768153357,33.728426324131625,True,184,False,calibration_partition_not_issued
synthetic_long_horizon_identifiability_v1,calibration,c_8ea643cf8a9e6862e348b39a9a05ffd1,79aebcdee7d13757197f90ac9ee6fd50643694ddbf10456b5277d90a9f40b563,5,0,0.11724751336817547,36.710760386062141,True,275,False,calibration_partition_not_issued
synthetic_long_horizon_identifiability_v1,calibration,c_8ea9cf8042eb004aa21c41bee2830a17,0b4dacb62cc825f490773700621843a65e1b39752dfbf6d688a82459e6530019,1,0,0.14600822600039562,inf,False,,False,fewer_than_two_credible_structure_families;nonfinite_disagreement
synthetic_long_horizon_identifiability_v1,calibration,c_8f94648f666e1b6a1bbfb14a56d3ed0b,ff532d25a6f16712cbb93f160ce588786f531cd82b13c5137ad4f5684c76e475,5,0,0.028314100028920899,32.141997736450726,True,20,False,calibration_partition_not_issued
synthetic_long_horizon_identifiability_v1,calibration,c_90edbdc9252a3d92417919e78f34e92c,571bc45da5d0ac6c6e64fe02a993ab5f2d90a1a6642e8704d545c8d2d2126bc6,1,0,0.075620405864050513,inf,False,,False,fewer_than_two_credible_structure_families;nonfinite_disagreement
synthetic_long_horizon_identifiability_v1,calibration,c_91dafed006f317e06c55cd3fde00c51c,caac1dc90765e16e0c688ae87d947a85c856a2ab9daea563bdcf84a9718843b9,5,0,0.15215333953961102,34.498421107252504,True,220,False,calibration_partition_not_issued
synthetic_long_horizon_identifiability_v1,calibration,c_923218067b994efa93ae9e693e3ec562,1c315bb74e879b7e7449af4e48896f5876d358a382c4b186e1297101a7192f7e,1,0,0.19301426628759111,inf,False,,False,fewer_than_two_credible_structure_families;nonfinite_disagreement
synthetic_long_horizon_identifiability_v1,calibration,c_923eabc3aad05ebde88e43afded5ebb8,6197919ee354cded7aaca5a24420e4737cef6bf440d2470ece0932dff6abd682,4,0,0.11374467915481783,52.384542007648101,True,374,False,calibration_partition_not_issued
synthetic_long_horizon_identifiability_v1,calibration,c_92ac3cb1d498fc3fe5e6d9c3eca1beb7,4aeacec822d4ffef5bb5e74e22c4bb5d96a17c340d1e83b71adb9755a6844378,5,0,0.054304588922834518,34.53873055139146,True,222,False,calibration_partition_not_issued
synthetic_long_horizon_identifiability_v1,calibration,c_9321ec6191b441cdb7de74c8e24afc39,96ac54fccd45432fe06bf01ea21087de645acb152629d0af958052d3e33a3c8f,5,0,0.16187068711346755,50.292419139760703,True,369,False,calibration_partition_not_issued
synthetic_long_horizon_identifiability_v1,calibration,c_93dc0403d779f9f51d4e47376ab2812a,a0a60e3ce3ffa6d92f940f57102748d0d3d58dce0a42be7f90b5305a5d318015,1,0,0.10491115779633725,inf,False,,False,fewer_than_two_credible_structure_families;nonfinite_disagreement
synthetic_long_horizon_identifiability_v1,calibration,c_941fc8cb4c3a7a75a192c860aa1ad176,96aa805e929e6c5f3e6c346c4aaffe84290e4ec8df9389a4c7c109e767707e43,4,0,0.11027737460459298,49.356136687169567,True,367,False,calibration_partition_not_issued
synthetic_long_horizon_identifiability_v1,calibration,c_945d402bc8dee03422c1e8e5c2a6ec48,d1ef4e6043ea15bb78f7b2343ac3b3b0d6f84fb980c8a76ecdde72a25d98f957,0,0,0.36566013437822459,inf,False,,False,fewer_than_two_credible_structure_families;nonfinite_disagreement
synthetic_long_horizon_identifiability_v1,calibration,c_9509f165ff27ba62dea8c190370b535b,9b15826a763040d336b0fc86319c5f3d8f14e66c74d147774e63f46c3f175685,4,0,0.12277377666066455,32.142000973077302,True,69,False,calibration_partition_not_issued
synthetic_long_horizon_identifiability_v1,calibration,c_95475e16c8181e5882637db4914193e6,ce8edf2271da7320698ba15617ee7703fe3df64413966cad5aab5c49851803d0,5,0,0.074909227404206608,32.981117731775171,True,132,False,calibration_partition_not_issued
synthetic_long_horizon_identifiability_v1,calibration,c_9566fc9bc05b7c14a44783b0e0a33cbc,c9c8ad6316a83d2f766bbcd2a32e8baa268b80bec084584e92471308bba92dda,5,0,0.033242893571724517,33.88947120625329,True,189,False,calibration_partition_not_issued
synthetic_long_horizon_identifiability_v1,calibration,c_95a67c104521f93810c0cc201b58543d,37c151e8abaee0dcb3102b6da2d842afb78f069343a9eec7ac60840ac9d1ce3c,0,0,0.46135604419269216,inf,False,,False,fewer_than_two_credible_structure_families;nonfinite_disagreement
synthetic_long_horizon_identifiability_v1,calibration,c_95e81144c562bd8c6772602f20e0b79b,6ca23d1e511cfc061b44c699f9eb313ebbc1536fcbbafb862abecde0b377519f,4,0,0.20769528003582299,53.888943679663875,True,380,False,calibration_partition_not_issued
synthetic_long_horizon_identifiability_v1,calibration,c_965336d78cdcfb915933b27f81a3e817,57ed1be4f78a4a09e3a0b8ec8026225ebf629c5193d7f7ec949ae673af9203d9,1,0,0.088682747133047524,inf,False,,False,fewer_than_two_credible_structure_families;nonfinite_disagreement
synthetic_long_horizon_identifiability_v1,calibration,c_967c4b75545ac8979e94aef24d050379,42887aacbeac58f94bc5f0afe0210fbb6675c05c7050cec24cf49f777b3bfae0,5,0,0.027856623396066402,37.185976320425731,True,282,False,calibration_partition_not_issued
synthetic_long_horizon_identifiability_v1,calibration,c_96a18c65676ec273cfd6bb26ffe61f2e,c11af22d0d327f67b2dbdd60c8bd07efd00e571ee6aadb919c82199cebadfba6,5,0,0.027267179730197145,34.341645311009955,True,210,False,calibration_partition_not_issued
synthetic_long_horizon_identifiability_v1,calibration,c_96b598c2645093e6543fc03461768243,f57d11a03e3d6ed0a17c6b38bb16e6d32ddce9cf076850d1ad0014af3d6ed353,5,0,0.14417607994086976,32.14199936537581,True,49,False,calibration_partition_not_issued
synthetic_long_horizon_identifiability_v1,calibration,c_97c110c3de8dc652a5985bb8c4f9e23c,a6778e7c8fddfa166447645ed686ff047283a83107d6972e79193f78aa67d53b,5,0,0.17922411990896656,35.088230562957172,True,233,False,calibration_partition_not_issued
synthetic_long_horizon_identifiability_v1,calibration,c_97f37d30ec3a02d8cc264b28fcddafdd,a34e29d16b52ff552dcb714a98d73bf169301c517d803711f27d06787c27a25c,0,0,0.43029068299150086,inf,False,,False,fewer_than_two_credible_structure_families;nonfinite_disagreement
synthetic_long_horizon_identifiability_v1,calibration,c_9821db11f8b808ed01d0ccd19da6163d,4c470c727d2ffe8caf4ead584650f6c0f06963c52adafdd0d784edfb2cf16b61,5,0,0.082304810430284273,33.069597837748205,True,140,False,calibration_partition_not_issued
synthetic_long_horizon_identifiability_v1,calibration,c_98c999e9a28c70e38421a950afbbfb86,18d2666e92677963a2700777575a7bdf1c7ce9bf29fa8bf9df233ef64e38a12c,5,0,0.051901570308664519,33.643343605533687,True,175,False,calibration_partition_not_issued
synthetic_long_horizon_identifiability_v1,calibration,c_9988f6db61a7e41fe1b71bfd29e36856,a6fac95fb8c9b3a6e545fbd82867e2221ef6d678d88498a860d29aa5f695d56b,0,0,0.78858603529279458,inf,False,,False,fewer_than_two_credible_structure_families;nonfinite_disagreement
synthetic_long_horizon_identifiability_v1,calibration,c_9b1cefe7d8b1ac05adc2772193c6599c,7a13e13f26b6ab7f8554f3d7e4e13845d4b1082057a84c12d962b07b966b5700,5,0,0.042913928727053102,34.463289864086413,True,217,False,calibration_partition_not_issued
synthetic_long_horizon_identifiability_v1,calibration,c_9ba1ec8796e9e35d5aed653e80fa30c2,a9b004cc1e1174407b47a49615e0dfb00afdb08bc6da45c0c58434b080e71866,0,0,0.4186918378766975,inf,False,,False,fewer_than_two_credible_structure_families;nonfinite_disagreement
synthetic_long_horizon_identifiability_v1,calibration,c_9e094faa57b08760c2e70416c43824f6,833d7044abe4e541672e09fdb0de9b6fcf9d25cc1a1801998a12e32ec0175634,5,0,0.083715814483438816,32.14200522350869,True,75,False,calibration_partition_not_issued
synthetic_long_horizon_identifiability_v1,calibration,c_9e40e0fa616da40b94878125aa87983b,53592fabc22caacdbaeddaafa7e25e17e3dab22d80e51a11b421e387eb1c2d8a,5,0,0.050828050738544302,32.141998665767346,True,34,False,calibration_partition_not_issued
synthetic_long_horizon_identifiability_v1,calibration,c_9e58fdd7ea83a55ca0507cdeea123e3d,cdbbdf6ec0c5a7134bf0ea96daaf7af93867eaf5dadd302fcd6d9e5b29486564,5,0,0.068299386870716558,34.898106098115136,True,227,False,calibration_partition_not_issued
synthetic_long_horizon_identifiability_v1,calibration,c_9f1bb719d08e38fc2239581ff40b53fe,814ef571b4b87e88d742f6f4df0dc8a1078a1f84de72e9b24aa157270f8b9bf5,1,0,0.082624947800960816,inf,False,,False,fewer_than_two_credible_structure_families;nonfinite_disagreement
synthetic_long_horizon_identifiability_v1,calibration,c_9faaa30bbfb7a344233460b739db8306,a0890c60ebe1aee1d0dd1c520b0ca500f2fbf53da6ff96ac8fbbecf7d431d415,5,0,0.054801932442147025,32.141999941107329,True,58,False,calibration_partition_not_issued
synthetic_long_horizon_identifiability_v1,calibration,c_9ffc00824d0cfc3543511d71b7ca75ec,4ea24fd4fac1ae6a30f25a5edf69255858377966cd0c2aeb03940e055c6432c4,5,0,0.060931228914107419,34.330693205269803,True,209,False,calibration_partition_not_issued
synthetic_long_horizon_identifiability_v1,calibration,c_a04ba72ed5862aac178d0c000cc693d2,3b91c21fcd9ba774e42617d2c7463fd9f73517707022b7703658fd0e7142cb18,6,0,0.092117571650702626,32.208163867230709,True,86,False,calibration_partition_not_issued
synthetic_long_horizon_identifiability_v1,calibration,c_a2197261d783403620045eff35c609b6,28e00d855cf6964d720532d559e6f20612446debf5658a53c2c75a1645fc98bc,5,0,0.060485072795017615,33.197314539555691,True,149,False,calibration_partition_not_issued
synthetic_long_horizon_identifiability_v1,calibration,c_a29dbe2ee6bed6e49b5d4468fbcb77f8,32bcf0c35eb67e4970306e996bb6d219bc965d1a0061d7dfa9dab68e6c76e4e4,5,0,0.15078480633479835,32.141999746497703,True,56,False,calibration_partition_not_issued
synthetic_long_horizon_identifiability_v1,calibration,c_a2e09f503247e97cec9c12e4035fd0c8,daf7eb23f6154eb0bcdea28d04e3f1dc7cd209f5602c47b09618f292c8c40ea1,5,0,0.11989394294428832,34.350129925907723,True,212,False,calibration_partition_not_issued
synthetic_long_horizon_identifiability_v1,calibration,c_a52ce9bfa535a398c16e13d6bdba4ff1,1d7a21ab84b6cd403be5bf17c5901d25db377bfd43b130534f7a41147fa38bf6,0,0,0.31170731878100372,inf,False,,False,fewer_than_two_credible_structure_families;nonfinite_disagreement
synthetic_long_horizon_identifiability_v1,calibration,c_a660ea7e1932402a50d99ad387313191,33c6c5dd4b311f381f08cf0c962580d2fd97c84480366eeb748b2f387904413c,5,0,0.098451968083023034,44.335882791312933,True,355,False,calibration_partition_not_issued
synthetic_long_horizon_identifiability_v1,calibration,c_a67021c917d1538ed786c91d1954357c,5a754c30b814968f26b3194d22d5f65bd8f5a642a832beb17fdf4a16027c3e44,5,0,0.048083674162666748,35.288169899287759,True,238,False,calibration_partition_not_issued
synthetic_long_horizon_identifiability_v1,calibration,c_a673b9224b0496bd0ce44577fa68029a,f4e69314e5cba97e2a571d783fe21028256359def8aef730f3461a490a8d8020,5,0,0.055077396262036893,33.290251765680502,True,157,False,calibration_partition_not_issued
synthetic_long_horizon_identifiability_v1,calibration,c_a6bdc929bff9362cd8351a16ef7573f2,95a59ac1b9a6d2a66228b04c0c1850bf99c38382e99ce51148e331005f5397dd,0,0,0.53526335756843313,inf,False,,False,fewer_than_two_credible_structure_families;nonfinite_disagreement
synthetic_long_horizon_identifiability_v1,calibration,c_a7564da01ab7f8253ae175052abd904e,014112ea29ec62bf1bf083c59da1f10c0256124e28371c3034f8780f70e684e2,5,0,0.11894137437259938,34.818272680121702,True,225,False,calibration_partition_not_issued
synthetic_long_horizon_identifiability_v1,calibration,c_a779360109b33e95f8cce46f89da60bc,3e23238815f28dd9f8fdc2bd7cf746d89a93b358ad51933de2baf96e4642a98a,0,0,0.24771124147854673,inf,False,,False,fewer_than_two_credible_structure_families;nonfinite_disagreement
synthetic_long_horizon_identifiability_v1,calibration,c_a8d1be908e476dc3d0f33646805ea79d,a7903b75f85ff8fec31d9b2e207bb20d5f3ef3e6be9dbbe9f569af74feb74863,4,0,0.18644133620921385,41.858356163981206,True,334,False,calibration_partition_not_issued
synthetic_long_horizon_identifiability_v1,calibration,c_a903fecab563ae609b978ef1663a03e0,953cdd4f15394bc4c3be80cc0c86577f666da90edc0276c96d1ba9f96e4fe4c0,4,0,0.013591705427312388,34.26231497158755,True,207,False,calibration_partition_not_issued
synthetic_long_horizon_identifiability_v1,calibration,c_a93be81b4cc941c0a5f08938d1afb020,c6ddf5a50066cc1de552b0aabdf9cb29fab7ab31135b9941c37afbf297cc30f3,5,0,0.053355972727885469,34.343282892251118,True,211,False,calibration_partition_not_issued
synthetic_long_horizon_identifiability_v1,calibration,c_aa10e6a5827ce4bcd913817fb54a3a1f,a8f031dafd7951faaa8d478020b6a16ee8385620f7884a863d75c3ce74b82789,4,0,0.066757859760006921,32.14199928335772,True,47,False,calibration_partition_not_issued
synthetic_long_horizon_identifiability_v1,calibration,c_ab81d0e481ac1a70b8ce73ccaed1abf5,5078382f2e6df13da78fbab0f9cf32fb5e2f9dfa0ede1d624f94fbe3e861a33f,5,0,0.06502244376363317,33.102469685291126,True,142,False,calibration_partition_not_issued
synthetic_long_horizon_identifiability_v1,calibration,c_ab88edbdbd918d23f80013ecc30a5e3b,60850554dbdf8a9cff0ca76700ef21c087a44f6c72f7d38d0a8b042c8ec1399c,5,0,0.17072097550190812,39.0662175233821,True,311,False,calibration_partition_not_issued
synthetic_long_horizon_identifiability_v1,calibration,c_abe571f4eecb0d84015982b7247c2249,4bc40fa8b2df2133d47f00dce7c3a53aef68684f8b637d1c87b889bec16ee550,5,0,0.15414805140130206,36.63477893423012,True,273,False,calibration_partition_not_issued
synthetic_long_horizon_identifiability_v1,calibration,c_abf14cd2635c2ebf4b1b6ba5d9f22c52,928f92e90f06ebf18c5eb81177f38c5b19df165f717af57f6bfb729c9d7627e1,0,0,0.5810405571018743,inf,False,,False,fewer_than_two_credible_structure_families;nonfinite_disagreement
synthetic_long_horizon_identifiability_v1,calibration,c_ac17d3c4cd46b545e1dcb0f8283ae271,a1884a9bbdaa19606eb53cdba4d5ef79da67f5591db40d8550872c555315bd5a,5,0,0.058260365251951211,36.07296221450742,True,257,False,calibration_partition_not_issued
synthetic_long_horizon_identifiability_v1,calibration,c_acc349334d77d82f1688dabc6c5f9565,21e36edf271c7cf75f59d7faff4155f2f1bb3b0bca886fe7655cae5123e01b24,1,0,0.19487734141053176,inf,False,,False,fewer_than_two_credible_structure_families;nonfinite_disagreement
synthetic_long_horizon_identifiability_v1,calibration,c_ae1ade05ddafbcefdfb9ad85b2575aa1,ad58d471d64c9a5d359de3d5eba2224b3ed421066d1c884207633236b7af267f,5,0,0.078752238482249992,35.262743346760324,True,236,False,calibration_partition_not_issued
synthetic_long_horizon_identifiability_v1,calibration,c_ae9d9f0da9f2ffa4f181ca57e2829794,82269830c7ccd9b40a32a1d7ad82181bae86cbb76977afaabf819c8dde7d607d,5,0,0.099358368842331457,32.617044862271499,True,110,False,calibration_partition_not_issued
synthetic_long_horizon_identifiability_v1,calibration,c_aec513b453dacb68c4b35d62e5b0f0da,cd0dc3e78e04abd195cae2e4e2fdc5d738e59069d25c6d4e694bc853bbc35582,5,0,0.097471898066410351,32.591019111547425,True,109,False,calibration_partition_not_issued
synthetic_long_horizon_identifiability_v1,calibration,c_af510f80dac86f1bd3f73c3a5413fb1b,5e43e1e29610af7150747ee214701af99c198c990a0981da5c4edaacd70654c9,4,0,0.12012697267684178,32.142031681408049,True,78,False,calibration_partition_not_issued
synthetic_long_horizon_identifiability_v1,calibration,c_af58fbe2656ead26965fbe54bbc7303e,2fc8f894c62a6201945318931f8fb5354d76001320ebd75e97823bf63316e3d0,5,0,0.037381639070267716,32.141995619239935,True,9,False,calibration_partition_not_issued
synthetic_long_horizon_identifiability_v1,calibration,c_af7afdd6b38d6982a9eeb685ba5d42c0,1de83add587272a4de2df88ef828136d10fb203ece65ad132880af89d3d71db9,5,0,0.11297914936041523,34.159411377448819,True,203,False,calibration_partition_not_issued
synthetic_long_horizon_identifiability_v1,calibration,c_b0ad452e96987480d96016c732da752d,9f19412468265585976611533661c8f776c11158eec61204c66e112281e5e2b7,5,0,0.074600241878173754,40.149884306949332,True,317,False,calibration_partition_not_issued
synthetic_long_horizon_identifiability_v1,calibration,c_b14fb0f62b29cd6d5016668f16e48460,0ab296b1cd32bdc3a698e719d2a05da2fdf1d267fbf617cef6f409c5d449bc0b,5,0,0.1074433876316755,36.009921209873987,True,255,False,calibration_partition_not_issued
synthetic_long_horizon_identifiability_v1,calibration,c_b2453d767c168bb41ebd1a1b1131c9fd,a9924ab9ca420c0e7e19dde985b0bfa38b22f5b09e62979cbcefb9b38c4d4cd5,5,0,0.085152747416108315,33.981966402447583,True,194,False,calibration_partition_not_issued
synthetic_long_horizon_identifiability_v1,calibration,c_b2700e5ff1a84abbbc06b89d9b27b498,e353dbc4653128ea8e3a6721dca9acde7e5b7c427990ca9db0e79df488d24842,5,0,0.10164995617766796,32.726383084187042,True,118,False,calibration_partition_not_issued
synthetic_long_horizon_identifiability_v1,calibration,c_b2b0733b9b8fbe9afeb00de090248d3a,b659107b932292eb8ba770de7a87363291f8406b2aab030e4c47f351aa7f4389,5,0,0.15353874325482697,36.729882807241886,True,276,False,calibration_partition_not_issued
synthetic_long_horizon_identifiability_v1,calibration,c_b32ce111ed29b9686425e03cd9035232,762b6650276fffabcdcd7f9c4c22441c21af228bb16cfc952d513c9b1eaeb55f,5,0,0.10291004652895208,32.142000108204755,True,64,False,calibration_partition_not_issued
synthetic_long_horizon_identifiability_v1,calibration,c_b33c498d29af930d983e8a2321ffc9ae,d6f91f2e902bd2e08ef5ef8a59eba6a01c054453cab875c240ec39e2101acf33,0,0,0.39440750780685757,inf,False,,False,fewer_than_two_credible_structure_families;nonfinite_disagreement
synthetic_long_horizon_identifiability_v1,calibration,c_b347977729151b44770a9c7521ce11ed,e36cff0b0994f665f7b773a171f2783c3ad0c714a72ff0911aea2cb43a51914b,4,0,0.14666035089792406,33.610230544414904,True,173,False,calibration_partition_not_issued
synthetic_long_horizon_identifiability_v1,calibration,c_b39ec93834738f52d24d743571ea80c1,8d6c61fcdff348c7b2d67fbe20f52f9221b94abb2b8bcbb8cb0486875ef42c5b,5,0,0.051468738136342083,40.842896686348318,True,326,False,calibration_partition_not_issued
synthetic_long_horizon_identifiability_v1,calibration,c_b44e202a3a745f853718a00a5d0f3869,88b62cfe84cf6f6c6c48b9f4d4ce0d997649cecbccdcf0eb348d069d49045d62,1,0,0.095324649241398149,inf,False,,False,fewer_than_two_credible_structure_families;nonfinite_disagreement
synthetic_long_horizon_identifiability_v1,calibration,c_b48dddd7481efea649d70359d5507d07,040b6390e45838ed24847de69f70888381d45e8c28a05a60c32a4605ac5d908c,1,0,0.085773103717337332,inf,False,,False,fewer_than_two_credible_structure_families;nonfinite_disagreement
synthetic_long_horizon_identifiability_v1,calibration,c_b4d7f7553d27789cd3709e33e339689f,1d01063e01d28c854f69449151424d2c6d9d0ef667091984709af661b2a24276,0,0,0.48859068965213015,inf,False,,False,fewer_than_two_credible_structure_families;nonfinite_disagreement
synthetic_long_horizon_identifiability_v1,calibration,c_b5643d92de17a74eb2f088f215fd4c3e,c6d3a72c4ca2379d2af9fb1f559b237134fd57786b6ad07e84aaefb8204b7464,6,0,0.26883228666097586,32.141999999999996,True,62,False,calibration_partition_not_issued
synthetic_long_horizon_identifiability_v1,calibration,c_b57273b57669e6b70929a46f890e04ae,475d11fb2dffe1564dfe677c82a0afb440c68fd5f7ea0413ad807dac4439ee19,4,0,0.24718147460286055,32.141999710782983,True,54,False,calibration_partition_not_issued
synthetic_long_horizon_identifiability_v1,calibration,c_b7f8e6f2af91a647708725d62fb1a045,c634c8daf55bbb289ad4b1c1a347b43052788be7b1e997fe6829e172749cec06,0,0,0.21673751969218255,inf,False,,False,fewer_than_two_credible_structure_families;nonfinite_disagreement
synthetic_long_horizon_identifiability_v1,calibration,c_b81db24d438ffec424bcff1ef47d4e09,6a04621acbaf9ca0da5a063ca10963235783aaf55f8914620227fc56b65b840e,5,0,0.10982573668657358,57.480296623317138,True,390,False,calibration_partition_not_issued
synthetic_long_horizon_identifiability_v1,calibration,c_ba5202dabe68b2da2c424ea7fc15f1c9,57338da9278a011d3a1629558d2a26058369d26bf0494fe1d48e6744202d7890,5,0,0.053228100905653282,32.155931599425436,True,80,False,calibration_partition_not_issued
synthetic_long_horizon_identifiability_v1,calibration,c_ba9f1ffd619b345d2921e6536451f228,3b75307d241bb321a856df9816c536f35e658059f4fcb9c22a516ff3156d4669,5,0,0.031743478660678885,32.141998271552296,True,28,False,calibration_partition_not_issued
synthetic_long_horizon_identifiability_v1,calibration,c_baf9b323c29188b7deae986b7df8e1b5,33e35aad6f1136217cd7abe73d3bd7dc36826209f69c94a9661dd44a5a8bf348,5,0,0.16104456854413246,34.352649549365054,True,213,False,calibration_partition_not_issued
synthetic_long_horizon_identifiability_v1,calibration,c_bb0ec7c368c923f61b3beb88a7dbccff,3387dfd81e5fd32c22ff45f1a9af0469b95aabcd8d5f1bfd1aac3ec4d984b5ed,1,0,0.050874989161041682,inf,False,,False,fewer_than_two_credible_structure_families;nonfinite_disagreement
synthetic_long_horizon_identifiability_v1,calibration,c_bb0f29b9065571723fa18d4f3603296e,e4d231af529b930a8886f11449bcae9d6ee104de72343868ac26b6efe4e94cd7,5,0,0.12682307561956352,32.141999081545904,True,44,False,calibration_partition_not_issued
synthetic_long_horizon_identifiability_v1,calibration,c_bb6dcfa8be6d577879595c2da87ed5d6,85b5b3d1e4ecada160b1670113bce260d977afabb730fa92e5b0d043eddefe72,0,0,0.39625529977216029,inf,False,,False,fewer_than_two_credible_structure_families;nonfinite_disagreement
synthetic_long_horizon_identifiability_v1,calibration,c_bc4dfaab17cdada583e92063d2072fa3,c70dc5d8f814bdfdcac9a631d96cda4bd878743af35614ef9470e505ecc68a82,1,0,0.1205916454913835,inf,False,,False,fewer_than_two_credible_structure_families;nonfinite_disagreement
synthetic_long_horizon_identifiability_v1,calibration,c_bcd0dd0ee552845202351ccb34776017,b99d4591ea62da301bb9b566f90b4655369c2d91ea02979405dba5b768b0a8f1,5,0,0.081439362522959816,34.0490035169069,True,199,False,calibration_partition_not_issued
synthetic_long_horizon_identifiability_v1,calibration,c_bd0766f5c4d31efce529ed098b006f7a,560a5866ea97f9b5294f79b062eb05a3260a78789c9c2b81937b59bae3b19ba4,5,0,0.064085063364765785,33.65362855007325,True,178,False,calibration_partition_not_issued
synthetic_long_horizon_identifiability_v1,calibration,c_bd1796c41303c8d39de63488496b7ede,0f48bda513376058193a552ccb75c8dad1555ec6293e69b0453380544e9e3c9b,5,0,0.10889938958381515,32.142000837861332,True,67,False,calibration_partition_not_issued
synthetic_long_horizon_identifiability_v1,calibration,c_bd3f94087e98cef5c39bcdf61e2c928c,4e46d3e597edad17ecdc9de4ee159a51c6cf2f17356d4810c46a76ae621e0266,5,0,0.084339133464488181,57.107661834072942,True,389,False,calibration_partition_not_issued
synthetic_long_horizon_identifiability_v1,calibration,c_bda51784247c4db234a04096e4647eb0,2d522f22e0e26e1fad782783145831094bc523c3927497711b0e5cbf0cd78640,1,0,0.036118367838988842,inf,False,,False,fewer_than_two_credible_structure_families;nonfinite_disagreement
synthetic_long_horizon_identifiability_v1,calibration,c_bdc5a6a799e6e912fccb6710b0ee0c75,b309d22b0f1c6d58d3c005c8fd6789f65b60458190e49fb370db5d227c5c16c0,1,0,0.057903738783298457,inf,False,,False,fewer_than_two_credible_structure_families;nonfinite_disagreement
synthetic_long_horizon_identifiability_v1,calibration,c_bdeab25f0f41e3cd1d4b5c2038cb3402,b94486e2ef4ffdff4d89af7a02897427b3ec145602aa3629ef90dceab4f75815,4,0,0.13652524164887445,32.191561575089693,True,83,False,calibration_partition_not_issued
synthetic_long_horizon_identifiability_v1,calibration,c_bdf486636fbb5ef2c8af59b4a61c4fd6,c264ce3e5eff83be46aaafac7bbba298344a540bc1198256cd8dfcc3b6da4794,5,0,0.071203847615758681,41.098997863012933,True,330,False,calibration_partition_not_issued
synthetic_long_horizon_identifiability_v1,calibration,c_bf836c7e4c784da71671aa13a33bfb7c,da3cbfcd87f022a7f9f9f9c7275d13ab4dbcd6841482d374c5989a4d2daf8fc1,0,0,0.48037008408155318,inf,False,,False,fewer_than_two_credible_structure_families;nonfinite_disagreement
synthetic_long_horizon_identifiability_v1,calibration,c_bfe154d69cd2e978ca4ec43046f3866d,af8880d2257b059b9386d5cd7ce3dbf06b038efda37fcd1d34c5a3ba515263ec,5,0,0.064094071908048555,34.866303357679577,True,226,False,calibration_partition_not_issued
synthetic_long_horizon_identifiability_v1,calibration,c_bffd316e92cbfdcd233dbc94c8a7c737,4d566a8ebb45c045fea3d0a48dee4e7ebcbed0b912badc4df89ddf853587ddfd,5,0,0.14835007188804691,48.627727880240379,True,366,False,calibration_partition_not_issued
synthetic_long_horizon_identifiability_v1,calibration,c_c10e08222fb805d14e142ae98190c1e5,3e80ac4cd1844b11af2fe3554164ae7b5212d95645e85734eb7751a521fd4ed9,5,0,0.099129340005926575,35.619012311561299,True,246,False,calibration_partition_not_issued
synthetic_long_horizon_identifiability_v1,calibration,c_c28bb4e7b49b3c274ea679379b726ce3,3f47ede81a356671993618c27302f71568fd454005c8311d7493162ed2208513,1,0,0.14152153562987338,inf,False,,False,fewer_than_two_credible_structure_families;nonfinite_disagreement
synthetic_long_horizon_identifiability_v1,calibration,c_c3d0ebbee992b5a8cb693662309667d2,9ea23cbc7b5d78d26d475d2ca0e60d157c5dba03529dc10a4d216c9fe4a63d4e,4,0,0.030524966006714543,32.141994161148098,True,6,False,calibration_partition_not_issued
synthetic_long_horizon_identifiability_v1,calibration,c_c3d43840730ddd0b4d8703898b4c5980,f63eaaef89ee8448f41113993fee56dca92d647ae6436b51871c8bc4a8a0da81,6,0,0.068650351551374514,32.501788949366329,True,104,False,calibration_partition_not_issued
synthetic_long_horizon_identifiability_v1,calibration,c_c43f9e58123bfe69210c476ad802d774,a6e1a9210add6ec544a7502c000f6863b7d39b4b3c6dcbc2e42e3f491cdb841c,5,0,0.072639284164561987,32.142001114747671,True,70,False,calibration_partition_not_issued
synthetic_long_horizon_identifiability_v1,calibration,c_c49a7eb466535f5c7fb6bd26bad15be7,18ed2d593be59f7b51cb58520ecf22ca79875067f7919fbc4c87f8894c4a9ffc,5,0,0.061388302703787,34.375085533509797,True,215,False,calibration_partition_not_issued
synthetic_long_horizon_identifiability_v1,calibration,c_c510a5851a81fa10e1a9557b2fa3444e,b9abccad07d20326ccbcbd0632c1f185c18eebd28b1670ae073a92e8a437830e,5,0,0.012903680582121716,32.141997819380144,True,21,False,calibration_partition_not_issued
synthetic_long_horizon_identifiability_v1,calibration,c_c957ad1a22fe9b3078a9b36325cf5dcd,656aa4b87a2f9dd7c6de8a33ecf1c835136e28c0a37b9bb790c9febf25dc1ab8,5,0,0.041957638098664034,33.078621168040421,True,141,False,calibration_partition_not_issued
synthetic_long_horizon_identifiability_v1,calibration,c_c960f544cf912984aa91287e6485b87d,275a2fbaf9268c2b4aae2d0be7519eafa2cba7ae0a3706d1224154480d7ffe19,5,0,0.067251208296822879,33.147408772401249,True,146,False,calibration_partition_not_issued
synthetic_long_horizon_identifiability_v1,calibration,c_c99752f091a8d35926565d7e3b062eee,e89178b77b447d07d8ee51f7b158f40a32bd11e8bf0c0e251bcb214b5b3a101a,0,0,0.28516010687135229,inf,False,,False,fewer_than_two_credible_structure_families;nonfinite_disagreement
synthetic_long_horizon_identifiability_v1,calibration,c_c9b71be45db7acf1149a1e6d12115a6e,ede7a19d0adef128393bd3728895066699a497add13e407681790e35011e14e8,5,0,0.18244328813933508,42.766136888498018,True,344,False,calibration_partition_not_issued
synthetic_long_horizon_identifiability_v1,calibration,c_c9ee9c4ec4c857ca60a4692c1a5b3c24,556400b69444317c710ac7d1ae732693b6c41f13c0c921b3de35b6648ee798a7,4,0,0.12703262849849775,45.255096149895529,True,358,False,calibration_partition_not_issued
synthetic_long_horizon_identifiability_v1,calibration,c_c9f43819fe3564dc3feda2dfc92a8887,a159ec29812779004d00d5e4b1e2916d77b8b79a5df1176a31b5befd3045d1f3,0,0,0.19490845007752222,inf,False,,False,fewer_than_two_credible_structure_families;nonfinite_disagreement
synthetic_long_horizon_identifiability_v1,calibration,c_cb0b2d2b676361d3267358cdea7823c6,01a6138f782826f3877f718684a8300b2e4c8e48157277f4059fee94165f73eb,5,0,0.051529057483015152,32.348372711074035,True,93,False,calibration_partition_not_issued
synthetic_long_horizon_identifiability_v1,calibration,c_cb5bd6e17a3aba608611eded26fe466d,05752332f7f4ece2f7550d408345105db803f9662295c72767a1c1937b8d4bc3,4,0,0.060526406022552597,33.997743165853805,True,196,False,calibration_partition_not_issued
synthetic_long_horizon_identifiability_v1,calibration,c_cb6cb161b3d501db4a6c9462e065c978,ddaaa34384f361c0122233017e254e1386c42588ac8deda0ac59d73a4e961f9d,0,0,0.23812901433685663,inf,False,,False,fewer_than_two_credible_structure_families;nonfinite_disagreement
synthetic_long_horizon_identifiability_v1,calibration,c_cbc54b98b335dd48322e0fe083e825b3,1e12754ae09bdbc230039c8779155667bc267cb4b82e4cd1386517733d2d5498,3,0,0.11624725495568816,52.867952516216796,True,377,False,calibration_partition_not_issued
synthetic_long_horizon_identifiability_v1,calibration,c_cbef5d2b1bbf7433d3405686f0c37a31,f7874fce63b92840a239201e41ffe2bec333f92bcac3190db4544962ead670fd,0,0,0.38830200551127214,inf,False,,False,fewer_than_two_credible_structure_families;nonfinite_disagreement
synthetic_long_horizon_identifiability_v1,calibration,c_cc2a476c5e1801159c74f7156f8bd8bc,ec0c34e0c812e316442add2593a0242123ed0b2c0820ab5e6e35b196f3fbf70a,5,0,0.064424873839550853,32.141998399709692,True,30,False,calibration_partition_not_issued
synthetic_long_horizon_identifiability_v1,calibration,c_cc31a122052c79ba360aa189ddfad6c5,5855d17d536773687b03e69c90457e826af4fd25c10e7644e63e1e4d3f4e2b27,5,0,0.14795258148895252,38.375133055342097,True,300,False,calibration_partition_not_issued
synthetic_long_horizon_identifiability_v1,calibration,c_cd788640819c25c6390016693278e02a,cdbfd483ea1d40d98d4b7497bf0075da08830953af407650de740384e3778c94,5,0,0.048497549144317816,37.996647720444493,True,294,False,calibration_partition_not_issued
synthetic_long_horizon_identifiability_v1,calibration,c_ce0d4dc6076776a07700d03dd2dec815,74ba0b41d87d23a83ec6095c7410ee3fe1d3b8dce8b6c16d039fdaf0d7083521,5,0,0.088658631965495255,33.331427591189644,True,160,False,calibration_partition_not_issued
synthetic_long_horizon_identifiability_v1,calibration,c_ce7812d7076f88c176cc0e27453be767,5bd457565e0f7a74a9b8de17967790278c0718aa686cc007edc502f5dfda778c,5,0,0.10176314533632366,35.442712131471602,True,242,False,calibration_partition_not_issued
synthetic_long_horizon_identifiability_v1,calibration,c_cfb039542452f61dd3413432c1708b12,73a64e990db66e2ede22b13965f7aabd39d8f09e1bf1504116d0e301ca0822d5,5,0,0.040307341755017941,41.818197806015199,True,333,False,calibration_partition_not_issued
synthetic_long_horizon_identifiability_v1,calibration,c_d141c1200f2f5e4828c7fe8d3074878e,8fc2bb4c1155eee554eb6f6d2f759e85c35fee2f6f945f29168de44d141683a7,5,0,0.15558433140340047,43.656739468198857,True,350,False,calibration_partition_not_issued
synthetic_long_horizon_identifiability_v1,calibration,c_d14dbe6d604aa9710088fad4d3baccfe,6bc6f547c006522bacad24e91822f0a377609bdf5165d09c9b69404770049c4b,5,0,0.06509090580374341,32.141998559623914,True,32,False,calibration_partition_not_issued
synthetic_long_horizon_identifiability_v1,calibration,c_d15f7940961953535d0b527b5c4faf6c,34d21f93825f9fb10c5995372936ecdcd10b54be1e5c100ad2c3d5603713817c,5,0,0.077035952500401114,38.138420125217557,True,295,False,calibration_partition_not_issued
synthetic_long_horizon_identifiability_v1,calibration,c_d1dfaf530b1c25b84abce2fdd0933e9b,8ceccefa3ca6addbd9445186b54896f86cd1b6b4177f0d42f208ac2daf9f5c04,5,0,0.049653799897017195,32.859868943432375,True,125,False,calibration_partition_not_issued
synthetic_long_horizon_identifiability_v1,calibration,c_d208842fdcc4769814c1842a6b6d4af6,560d39d3cd7c975fbf7899ed085ebc9ad385e877b4c3f7633b229405daa1db88,5,0,0.08315349879364213,34.381701843408919,True,216,False,calibration_partition_not_issued
synthetic_long_horizon_identifiability_v1,calibration,c_d3d12b2b04920a240a64e4a17a65db9a,b97fc1a9ae5b7904f08bdfd6c4aeba029509db7455f38392f81eb2514964807f,5,0,0.09038318852105727,32.141998878102982,True,38,False,calibration_partition_not_issued
synthetic_long_horizon_identifiability_v1,calibration,c_d41226a32519e8d8efa3a02c1df17b88,779118adee7e1f3eb629250ce6550dc9b5917c9eab2581e377bdf3caa2752b0e,5,0,0.053672459915403196,32.141998267349663,True,27,False,calibration_partition_not_issued
synthetic_long_horizon_identifiability_v1,calibration,c_d4e2fa7af715b92416aea45037388f38,1620ad194dd41caadeeba63b7a27df6f2e8868f4a68cdecff782a14b2b43644d,0,0,0.37310374937772955,inf,False,,False,fewer_than_two_credible_structure_families;nonfinite_disagreement
synthetic_long_horizon_identifiability_v1,calibration,c_d4eeb0083a0db43f877557307782e539,f1c49e45efe3b3b4b92343afa428137fb8ebafb795e14d36f5f4299b90f2efab,5,0,0.096005058433315305,33.233570755803413,True,150,False,calibration_partition_not_issued
synthetic_long_horizon_identifiability_v1,calibration,c_d6b7435e1bf995c7af30ca17d8d58ab6,d6449860048e728db688cf09b10e9ca2b2968510cfede7ae1a1468a8a60dc1b9,5,0,0.067467490722353834,32.931015051274862,True,131,False,calibration_partition_not_issued
synthetic_long_horizon_identifiability_v1,calibration,c_d6e45f05c70d879dab92e81dd03cb227,cf624d29625a4861f90917d4e45c5d349a5c8126a1c47c8a8265b4263b96d725,0,0,0.45787491617306841,inf,False,,False,fewer_than_two_credible_structure_families;nonfinite_disagreement
synthetic_long_horizon_identifiability_v1,calibration,c_d7c92a2d53849d7c937a2186d8d11fc2,2538b5c9b6be998728b703c3334750ca67f42bfb7d58afd722cf045b79a7f2de,4,0,0.14639076612207874,32.142019825219485,True,77,False,calibration_partition_not_issued
synthetic_long_horizon_identifiability_v1,calibration,c_d7cc8f73f3d04ab2f5d9f45372f0a3ed,89989bfaf5a9ed4fbab43eb08169df6a76bbac41965aa41725a4ce7c8b70a7f9,5,0,0.17272217832993073,32.726919079431283,True,119,False,calibration_partition_not_issued
synthetic_long_horizon_identifiability_v1,calibration,c_d7d02590219b74365c8d8ac546edb0a5,e18f5ddeb3429b85064efdf4c80baf63f6ca94b230f043b4f4e203179d861d91,5,0,0.13692428272965937,50.265579246673518,True,368,False,calibration_partition_not_issued
synthetic_long_horizon_identifiability_v1,calibration,c_d84d49cb29fc3d780ebcc7d4641b1d04,59069c11016419d68aaafa084aab23d100aa86d0b2f5a2fddfe6189e8f07e266,5,0,0.1049359990320988,37.363698568796956,True,285,False,calibration_partition_not_issued
synthetic_long_horizon_identifiability_v1,calibration,c_d8cb2c683cd484572a7d90c9e0e10ae2,fb8deab7dba0288a990abc1f9c0e1e4870baca97ce26a3095c54bfb3db08ea73,4,0,0.2226657279297389,57.614491875616096,True,392,False,calibration_partition_not_issued
synthetic_long_horizon_identifiability_v1,calibration,c_d97404e4b1022e7c8a7a79c68252a0ff,46bdd9f7858b939f898d2e947d6f3439e86c1afdc6dd99362a605a08937370b4,5,0,0.032443794310604873,32.996183872112951,True,135,False,calibration_partition_not_issued
synthetic_long_horizon_identifiability_v1,calibration,c_dac4d30797bb38a08355adcea6e52b72,d506eb09c6b5ee20fd78ad340b1a78e1f283c495b72cdaec160c5d79cc27c2a5,0,0,0.26295301696947648,inf,False,,False,fewer_than_two_credible_structure_families;nonfinite_disagreement
synthetic_long_horizon_identifiability_v1,calibration,c_db0f695b7ae6d2d94f123d280b072eb6,178cb1372f9224ccb96c1ce3c0af940ca43cbb08e920c8cbf19630544e673937,5,0,0.01719744028640445,36.240178648514849,True,259,False,calibration_partition_not_issued
synthetic_long_horizon_identifiability_v1,calibration,c_db29bf8896fe0f9a4bd9842c4ca46c89,7c7236578f0adbcfcf12a431b17910f9bfd667615631f6c10d5f07c1dc0165ba,6,0,0.13762481274220092,32.253295930448843,True,88,False,calibration_partition_not_issued
synthetic_long_horizon_identifiability_v1,calibration,c_dc9963dce8250d96d11a1dc952c79f70,ae32d3abafc7a454c5bf1fda86831e9bfcf00d05eeddb126b9826c0e732cedc0,0,0,0.66289908815317022,inf,False,,False,fewer_than_two_credible_structure_families;nonfinite_disagreement
synthetic_long_horizon_identifiability_v1,calibration,c_dce969c59d5893f1860d91685e2f259a,f3dbc0ea7aabb68472931be35d2fcd96db528905dd0f2fae578e4e9c1b65ff03,4,0,0.12541983810869084,42.710226456254311,True,343,False,calibration_partition_not_issued
synthetic_long_horizon_identifiability_v1,calibration,c_de3947202ecef3fe57cfdf1c46970205,6acb1ce589c520e3365ae6846912f96273d7f338101a7eb95bb73d9bdd28c6f6,5,0,0.152717799650292,34.117369949634856,True,201,False,calibration_partition_not_issued
synthetic_long_horizon_identifiability_v1,calibration,c_dfd84cd211a97650bc639093b0482b93,54e2f9d6f70990e1175ad04a7defcf228aee60638ff66970405456e75be7e69a,5,0,0.054650999486310123,32.141998835183443,True,36,False,calibration_partition_not_issued
synthetic_long_horizon_identifiability_v1,calibration,c_e14d68ccc0f452dacd4ff0acfe620a81,85991f6eddc551c29178cf7c3f7dc4de687094f01483b026445b9b8434b6ce0b,5,0,0.107544881578112,41.480538666725401,True,332,False,calibration_partition_not_issued
synthetic_long_horizon_identifiability_v1,calibration,c_e19523c5dcc9869331e5ab13cc5c61f4,7cae594fc57c849c55f4cf99b98f55e32644134f3c45aa31e90799cbf93b264d,0,0,0.27220066499906442,inf,False,,False,fewer_than_two_credible_structure_families;nonfinite_disagreement
synthetic_long_horizon_identifiability_v1,calibration,c_e318806e6aa5c947cae3dce350382e3a,dccd494d882184b8853e9cd4bc7e5b5d923491e5ed7af010c081df3354638a32,4,0,0.16620297337796469,32.27422835446427,True,91,False,calibration_partition_not_issued
synthetic_long_horizon_identifiability_v1,calibration,c_e39af4f5f5a73a78188e811456985969,8a2614d161dfab06bd388bfeef4d6839409f9718844afe3207c9dab776b789b9,1,0,0.21377560270713386,inf,False,,False,fewer_than_two_credible_structure_families;nonfinite_disagreement
synthetic_long_horizon_identifiability_v1,calibration,c_e3dc0562bc74ccac4aaddb34ef0389af,2db6adcadc8f25559c04d87dd5ac7f73058f0dd07ca93a75283b72336679e1c4,0,0,0.68749234605987608,inf,False,,False,fewer_than_two_credible_structure_families;nonfinite_disagreement
synthetic_long_horizon_identifiability_v1,calibration,c_e3e148d0151203b8165a9103ddc75f38,7b2fdb8eff0da4d56c494edadb906dc3bc54b333401384632a8148a29aba672c,5,0,0.13457551171340568,32.142000922436054,True,68,False,calibration_partition_not_issued
synthetic_long_horizon_identifiability_v1,calibration,c_e3fbcbb51aa72661ee188aae5c0d1c47,2302e48e497091138212bb6316082e3b90f2dd104672e826e8bfe2503e3bf87b,5,0,0.0283356327056421,32.141998203272919,True,26,False,calibration_partition_not_issued
synthetic_long_horizon_identifiability_v1,calibration,c_e4d51508486e33fe129216e0827b7765,0475f03e9b317b7d9de36d6efc38fe6791f2d6c3dcb5e5ed94f1a82437cb2056,5,0,0.085042271195591407,33.521087930630436,True,168,False,calibration_partition_not_issued
synthetic_long_horizon_identifiability_v1,calibration,c_e67d82f71cdede67c8bab3e08deb4452,af5542245a50ca6a1eb540ca324e71507377770197152276fa99ef96dac40cc9,5,0,0.13889981781647898,52.713581234248956,True,375,False,calibration_partition_not_issued
synthetic_long_horizon_identifiability_v1,calibration,c_e6e5d7bc7e5965e35e8edacca4133fcb,0c1f425359d544094fd95ff283d021c57177f1864f8be3b4bdf8bad47ce4307c,1,0,0.15552108991381536,inf,False,,False,fewer_than_two_credible_structure_families;nonfinite_disagreement
synthetic_long_horizon_identifiability_v1,calibration,c_e72589bd1f4b56fb050e793bbb5ac270,02eaeeacdca69621d0e66e69fc6e2d380ad4ba8343d0fd0008d24c620ebdc23d,5,0,0.035108759940338061,32.141999412757229,True,50,False,calibration_partition_not_issued
synthetic_long_horizon_identifiability_v1,calibration,c_e822ace33552f4355aa26237bb7a3af4,1d204744ae899043a3430a4291debaab6ef0550ae2aa91e95cdea34eb228b947,5,0,0.10384241761827087,36.556022115709546,True,270,False,calibration_partition_not_issued
synthetic_long_horizon_identifiability_v1,calibration,c_e94a5c8cce2dc6e427878be445e5a163,e98d7f7838a8e6bfbe8979750b314841cdb7d0760e8c58fa4fc96923617c4b5e,5,0,0.041797707874911195,34.309400805363396,True,208,False,calibration_partition_not_issued
synthetic_long_horizon_identifiability_v1,calibration,c_e9abe9994ccab94820c6cd869787368e,618e4a8018e36cddf51f6325f6fb21765b9623455c1d38f40ade3e32d5cc6cf8,5,0,0.046302911548398121,32.167153490714668,True,82,False,calibration_partition_not_issued
synthetic_long_horizon_identifiability_v1,calibration,c_ea177981b53909b95ff46fdfc597fca7,51462f5d9b4cdd4e163ecf30bdc0e0f53746614162765ddc82cfc20a05bf6088,5,0,0.045846048120260496,38.289097743901458,True,297,False,calibration_partition_not_issued
synthetic_long_horizon_identifiability_v1,calibration,c_eacc4ad59cff71288e898963f3adc12e,131a9d575722f788e1b4705b203b65912d65c669990ba572da344c6a3bcdc376,5,0,0.056079959085709195,38.43199005355374,True,302,False,calibration_partition_not_issued
synthetic_long_horizon_identifiability_v1,calibration,c_ebc5def42857c10b35afc6fd9a1a3dd7,03f7226a1ff0dd521c7a2cea860f36eafd3edc6c7611a096a50d084843283f76,6,0,0.11286225934025086,33.248330489916199,True,152,False,calibration_partition_not_issued
synthetic_long_horizon_identifiability_v1,calibration,c_ec1e6e45b7e8273c8f22752179fb4208,1bec1518433a8d7ad61f00de7c097418180ddcb0dc26eaaef3839e6e809fc03a,5,0,0.12747112668112962,33.234493413317061,True,151,False,calibration_partition_not_issued
synthetic_long_horizon_identifiability_v1,calibration,c_ec32baa52202fb8b8d7035122274e933,b2f014dd56163216550d56ec1919d40356e335074236d6006ef54993e39ef96c,5,0,0.063453364237787718,33.67777586520215,True,180,False,calibration_partition_not_issued
synthetic_long_horizon_identifiability_v1,calibration,c_ec57b89ed811a951f908e8c7bb734be8,eb4ef83593e3b57266374e34bba3fc4b270b7fc8d86f51a68848469b5552e4c5,5,0,0.066067080273939552,40.846407782919904,True,327,False,calibration_partition_not_issued
synthetic_long_horizon_identifiability_v1,calibration,c_ec7914bd8af3ed3e53f49b10c8619f27,762b8a56bec6059c7b68d858c54b6af975bc259c9e20686ad24f170a65e032be,1,0,0.10052022608035913,inf,False,,False,fewer_than_two_credible_structure_families;nonfinite_disagreement
synthetic_long_horizon_identifiability_v1,calibration,c_ecf9af4cc5ac2678e435187f9203e46b,52552918276fe6fdcee79963500c1169e07df8f4992ea62dab49cdcfb343e3bd,4,0,0.13863151977608373,32.14200063185924,True,66,False,calibration_partition_not_issued
synthetic_long_horizon_identifiability_v1,calibration,c_ed03ed9570930469bc20c6c89adc0d44,72b112ab141651916206c78a1574fdb52fda3395e85f3720fde1b2aff1f3f917,5,0,0.10287848460895337,36.683258776227738,True,274,False,calibration_partition_not_issued
synthetic_long_horizon_identifiability_v1,calibration,c_ed0fd7e35a476c14d067906af5e72d21,11ce609e6ccc9323c6c9374b0c70ece5b8ea55cdd5c6595c3a8da3436a55d5c0,5,0,0.12681331972234935,32.14199895906934,True,41,False,calibration_partition_not_issued
synthetic_long_horizon_identifiability_v1,calibration,c_ed3dc9f50282b531125dc208a6dcf3d1,1bd774649a6d8c64cc9736387072fc65d3bf905eefa6c0435ef4498235f1b08b,5,0,0.17644582083953633,33.260069751246903,True,153,False,calibration_partition_not_issued
synthetic_long_horizon_identifiability_v1,calibration,c_ef42323fd597e2028e11f41ab7930ddd,28d6a203784760007818b976fb60b14178effa630ee8f09627f5cf4fd7285711,5,0,0.071906166272554486,32.505657518871061,True,105,False,calibration_partition_not_issued
synthetic_long_horizon_identifiability_v1,calibration,c_f0a87f9b9cf96ba915a0627caa66ff07,feb86781354f96aa1926c17b40c6610ed2ce862530349394239f3887b4f82826,5,0,0.11211940859098089,35.000227613465348,True,232,False,calibration_partition_not_issued
synthetic_long_horizon_identifiability_v1,calibration,c_f0ab8162108ac670641595bd2b5464c6,782e7c33b3cbab5e7deebf07eb67b527c883a10ef0fd3ee3ad083ae121af82a7,5,0,0.10328260989974834,35.263634221406193,True,237,False,calibration_partition_not_issued
synthetic_long_horizon_identifiability_v1,calibration,c_f0fe27af95d7d5b27c35a8baf7659bf4,3bf405ecc442ca8473e40a504e24cc09c3e3f494df149093d007c1856b14116d,5,0,0.1114767299074369,35.688942190898992,True,249,False,calibration_partition_not_issued
synthetic_long_horizon_identifiability_v1,calibration,c_f103cdb8137f7bc86a3ef0c3f8f9a903,dde6131fee8b8b975afba4bbac4ba61c7738d0aebd91c6cb768f92428ee151fc,6,0,0.058934378555692793,32.201630535237356,True,84,False,calibration_partition_not_issued
synthetic_long_horizon_identifiability_v1,calibration,c_f1312b5656b66b497b74ebd9c7508f03,1c88f889ae4929de56cf0daeeedab218d9b501d1e748d7de04fa04edd5dcb145,5,0,0.11920272363270713,33.304898084288027,True,158,False,calibration_partition_not_issued
synthetic_long_horizon_identifiability_v1,calibration,c_f1ad23a6b1dd2f6b852d7d7c6e90d3db,957b3c8aa26ed55c7b9ac0f1c46cffb2f496dd3bc543f100de31a105522bb24c,5,0,0.052043121453832671,32.98993839412875,True,133,False,calibration_partition_not_issued
synthetic_long_horizon_identifiability_v1,calibration,c_f29fea34f9363f9ab6cb9839882b322a,69638bc3e0543f3b8a6501d9c9c06d8b88e7f1570797901c2af9da47a89cd851,5,0,0.081686355882873332,35.625633990512988,True,247,False,calibration_partition_not_issued
synthetic_long_horizon_identifiability_v1,calibration,c_f2a84548690c55cb61657ce46f5589bb,5bfdef16266ba7931d2211963dcf13a5307df3e7a66140cf28a8ac5bc64fc600,1,0,0.19170448922208794,inf,False,,False,fewer_than_two_credible_structure_families;nonfinite_disagreement
synthetic_long_horizon_identifiability_v1,calibration,c_f2c6e10fcc826ecad9ec3918af876507,1891eeaeecdd293aebc0469117102dde4c4bfc735c79e737ec074ab82822433b,0,0,0.55598601395548508,inf,False,,False,fewer_than_two_credible_structure_families;nonfinite_disagreement
synthetic_long_horizon_identifiability_v1,calibration,c_f36dd3d3a039b20baa409bd71a6fc964,3df3467597cd35e2034ebfcfdb0c7fe76c00e26175a22ed033bb4dcee88a4e9f,5,0,0.11719096346410716,35.227156593579203,True,234,False,calibration_partition_not_issued
synthetic_long_horizon_identifiability_v1,calibration,c_f3d3bc9ed01c5263f94779089a5b5dd8,6fdcd5f520c7857ca30363ad7cc5355e52762f6f272f633a17eeb9c8d9cc9ee5,5,0,0.063075869450901087,37.569718029717883,True,288,False,calibration_partition_not_issued
synthetic_long_horizon_identifiability_v1,calibration,c_f447525b48742125e1aac2e1f444e45f,a9750c75fbc8271ce37ee763cce9e0b9219982cd2c3c48c0fe54661885fdd727,5,0,0.043087693107735033,32.205300743155888,True,85,False,calibration_partition_not_issued
synthetic_long_horizon_identifiability_v1,calibration,c_f46b3fcfe63471071067f199971efbc4,9a27a013d7c210c8d32540804554aec2e7c5f3c8c1d5823540a3d27348130bc8,4,0,0.045515520382989193,32.141993108219275,True,5,False,calibration_partition_not_issued
synthetic_long_horizon_identifiability_v1,calibration,c_f563c81a59f4b4ba0437f8b76767277b,7c3b37dcf793d08b532f72f1f8b8a47c77b679e3d2965201e2f2bb476e29917e,5,0,0.15927349707735466,32.142000467209854,True,65,False,calibration_partition_not_issued
synthetic_long_horizon_identifiability_v1,calibration,c_f56bba04c9101e7e204df5377bdd4787,a2b401eab29c4055b8935bd5db87122b126c8ce959d28d4f12db1e4212e5e069,5,0,0.076491980991203384,40.513061152162713,True,323,False,calibration_partition_not_issued
synthetic_long_horizon_identifiability_v1,calibration,c_f638048ea71976adb8848d6362e3a471,3a4f5cb5d7a8081ad8999da2f124b028a2e7a2cebe5cf3bbdf60d23b63d6c9dd,6,0,0.13811184545657815,37.157646820079584,True,281,False,calibration_partition_not_issued
synthetic_long_horizon_identifiability_v1,calibration,c_f64f13074ff67d1b434c4365d12fe89d,3e421d689ff9acef77b8955675f892acf05b471eb915a7c19872463a5f56a10e,5,0,0.12572309631756168,53.966576131442189,True,381,False,calibration_partition_not_issued
synthetic_long_horizon_identifiability_v1,calibration,c_f6db559ccb6ca4469c5caae7bed48117,a976a6b858dbd007d6527f2f9fbe461ea2a9c2991192507ff25d70e348a1f2d2,5,0,0.076400924764914613,36.275945608598342,True,260,False,calibration_partition_not_issued
synthetic_long_horizon_identifiability_v1,calibration,c_f702078945c9536f9ceaf10e4e544dbd,bb96d0a442608a96014f58d0e97847019fe9ca119add1079958004731e1028e5,1,0,0.14048792913061819,inf,False,,False,fewer_than_two_credible_structure_families;nonfinite_disagreement
synthetic_long_horizon_identifiability_v1,calibration,c_f71249c39f9f0b8ba5538af3ea6414aa,f95b3b0b187aa40dfb4fccc77589dfd53b6a78e0a4f7fc62a1f4abb1ff2fd29e,5,0,0.10040289114210102,33.307611021953029,True,159,False,calibration_partition_not_issued
synthetic_long_horizon_identifiability_v1,calibration,c_f76beb89af183686166e54a438245c31,a1b2b4d47a70740711e5a9084a1653f2dcce430130e2d570de41e42b50d37395,5,0,0.21624072514514167,53.053341574518932,True,378,False,calibration_partition_not_issued
synthetic_long_horizon_identifiability_v1,calibration,c_f790e20d2331f807290aefad2246d475,0b371ccd0f05e2fe98ac672aab00f72001be81b37b3d5b99fcf3074fb3908d0c,4,0,0.072581642403562366,32.141997992307999,True,23,False,calibration_partition_not_issued
synthetic_long_horizon_identifiability_v1,calibration,c_f7f59f4ec34cd85aeec98be79c71d19b,7fe890f82d251de31f9b5980ac006b5378deb669bc553ae157f100a9a8dafba8,0,0,0.37739485746720985,inf,False,,False,fewer_than_two_credible_structure_families;nonfinite_disagreement
synthetic_long_horizon_identifiability_v1,calibration,c_f885d97bf737c8a5cbf3e1433da28868,a5f3874ab78c57524351baff77f24b093aaf0c963404e3bb322b02c4bfc299ff,0,0,0.35160981852772177,inf,False,,False,fewer_than_two_credible_structure_families;nonfinite_disagreement
synthetic_long_horizon_identifiability_v1,calibration,c_fa0f6dcbb248321cc3f0a040bc6d6dc2,56793daf5f7f81937b75d210d4020526a71e9cde3582dacab5004ed4e28b5895,5,0,0.071732199509818642,32.754479458830367,True,121,False,calibration_partition_not_issued
synthetic_long_horizon_identifiability_v1,calibration,c_fad761c11141dcfab7b03fd7d01de96c,bcff991a7b505d0f2e4ac0ff470076b50cf224755770b4c4cfd3259b879756f8,5,0,0.082788966988330492,36.600001026321884,True,271,False,calibration_partition_not_issued
synthetic_long_horizon_identifiability_v1,calibration,c_fae351b7b80c49e9390aa0570f251f8b,c897b8109b8b15ab12dfe35a1dbbd541f90078a62e8dbf8d26f93e77ad1cfec4,4,0,0.17743836581968281,32.1419946357748,True,8,False,calibration_partition_not_issued
synthetic_long_horizon_identifiability_v1,calibration,c_fb79fa8fc2c86132958a76d1bd41c207,169440f4081c5c8c0501a8b154a56129f62d1a1d0a01c4c262f74d9759934a18,5,0,0.087340401266456799,32.142001577880727,True,71,False,calibration_partition_not_issued
synthetic_long_horizon_identifiability_v1,calibration,c_fb9fb122b6a0bb34963d5d153887b88c,a682f3a3611ff1d3918bc56add80e2611175ffed80b40a400271860e6f69ad21,5,0,0.075487118329304548,43.563061949514896,True,349,False,calibration_partition_not_issued
synthetic_long_horizon_identifiability_v1,calibration,c_fbc4104c26e15bc66f43fe0f5dac400a,f22820d9cbe40796b1a18e8e75324fc65cd3376bb81f526526110b8eebc43aa5,4,0,0.037744743236238096,32.432547353112298,True,99,False,calibration_partition_not_issued
synthetic_long_horizon_identifiability_v1,calibration,c_fbf199e19657bb79fdeccaa6a31b0305,2098a05ed6218537bd8be73ded6941b37a7e382823f7a616115d9570723bd714,6,0,0.11931233648836333,32.141999969978684,True,60,False,calibration_partition_not_issued
synthetic_long_horizon_identifiability_v1,calibration,c_fc80cf9e75f9d23602b61352c0784260,64920c63bdf98766cc5887dbcdece3bffdc75b7d9bd844c4f0ac332e50ec7d76,5,0,0.089940204685274791,43.255527679113648,True,347,False,calibration_partition_not_issued
synthetic_long_horizon_identifiability_v1,calibration,c_fe0fb1eef206bd86dc056b452f02b7ed,422317dd12bf53dcd19cd893a64c4f974f4196ecb5f4285d76f9cbc6f7fc6937,5,0,0.147500488650497,37.214537996267133,True,284,False,calibration_partition_not_issued
synthetic_long_horizon_identifiability_v1,calibration,c_fe6cd573f5343d0f4d1e927ee571c9cd,429cb52b8a1febc54e3e07ee194d73e420d9335cb2e04bef10fcd0eb97eecd0a,5,0,0.10943597914204574,34.244831254800268,True,206,False,calibration_partition_not_issued
synthetic_long_horizon_identifiability_v1,calibration,c_ff6f860f725fc5024fff2eabb20fdc30,9c73e3f1d4bfd1abca8d22cf7b5b0a217026f714ee28373862cfe0200e19250e,1,0,0.073069103068549274,inf,False,,False,fewer_than_two_credible_structure_families;nonfinite_disagreement
synthetic_long_horizon_identifiability_v1,calibration,c_ffe4cce2670e2531197606d448896091,719915a20eff4aad2b75f3d3f01200fa307d7ab182a710c3129a9bee91564810,4,0,0.094706167676973915,51.386424796515151,True,373,False,calibration_partition_not_issued
synthetic_long_horizon_identifiability_v1,development,c_0116cef6d695d6cc057923d69f079dcb,21b02870a04a791eacc484581f6d3639ff10ca4bac00c44f5aad12e29107f1b0,5,0,0.070675242433112087,36.909877218027084,True,,False,development_partition_not_issued
synthetic_long_horizon_identifiability_v1,development,c_0180812575463da160698dbbaec55d67,dc2ba594d02bce3d4e065e0813a600aa79635eadcb5613a28aa9c471870720bf,5,0,0.071594357535482961,32.14199905621868,True,,False,development_partition_not_issued
synthetic_long_horizon_identifiability_v1,development,c_02422e60f17e02df2c4bca58f101f06d,78946bff05081c650872aa55af5b9cff85afbe34dd7fbc9048b302ec5a5c5b4d,1,0,0.18221452490193008,inf,False,,False,fewer_than_two_credible_structure_families;nonfinite_disagreement
synthetic_long_horizon_identifiability_v1,development,c_0284da6c7bf35b62993e10795af5428f,e22e825c4da5322704a19a8cd881f16d832c568fdb0a8a4a6156d050fc80fb84,5,0,0.10028587180490686,39.803733387671947,True,,False,development_partition_not_issued
synthetic_long_horizon_identifiability_v1,development,c_02b3724987a3fe9d33564655c7132e4c,fba3f302d5befb58ee2de745ea13758af343ab3a3c1be4aae0bb402b0068ac97,5,0,0.04882622318923327,33.060375274392328,True,,False,development_partition_not_issued
synthetic_long_horizon_identifiability_v1,development,c_02d7097df0af1811c51a3c565e46196f,0316d78407c2b51419c2ad87def2313fb56c3fe585ef1083b9aa9965d2f8b4dc,5,0,0.1218625575082132,32.141970126988639,True,,False,development_partition_not_issued
synthetic_long_horizon_identifiability_v1,development,c_030558ca868c45750d064171e7a7a06a,f8bd2106f6ff18eef4ca6268cb7f3d6669f5b8b76c740360a1fed4bf48b97a23,1,0,0.090049758830600346,inf,False,,False,fewer_than_two_credible_structure_families;nonfinite_disagreement
synthetic_long_horizon_identifiability_v1,development,c_031ce01c4716065172304db56bd86a46,79664c193d3888ba1248e20943d609b4bc13f8d6c6e271c754daaba64352f3e6,5,0,0.035527590667515548,35.049836518329563,True,,False,development_partition_not_issued
synthetic_long_horizon_identifiability_v1,development,c_0487d482f541aad5e040f1b01aae23b6,d85e66d95963bed4e969234190dba3264ccbbee0336cce86d79872a4fb5e32ee,5,0,0.11899114848924479,56.575878911682096,True,,False,development_partition_not_issued
synthetic_long_horizon_identifiability_v1,development,c_04d19256d83d7c864d55cc33a3c96904,8bb53746177e09752311fd8f52aa90c4a4b814571bcb7ce56f897f1f138317b8,4,0,0.087504878739653416,39.280631510276898,True,,False,development_partition_not_issued
synthetic_long_horizon_identifiability_v1,development,c_04ff205a28040096723ba6c395153918,d4f4e00a7b8c62c586c546ea4254615d9dfd69fcef9c8e3d9a4cc25d2d320f92,5,0,0.097522328742361358,54.251514197745131,True,,False,development_partition_not_issued
synthetic_long_horizon_identifiability_v1,development,c_05e9c164c02defcc139a0de37a825756,757518d11a518f9070938b829df22f8f9b4d4245eb6ea51a12463a284d9186f0,5,0,0.11789408239683957,38.265523350016103,True,,False,development_partition_not_issued
synthetic_long_horizon_identifiability_v1,development,c_071d593a0e6d4ab01d5d8e577045ad01,abf561255e5999e777e5d3dfa45161bb26741cdf276a408761bebe48503bf32a,5,0,0.041464564299001749,33.016834496400577,True,,False,development_partition_not_issued
synthetic_long_horizon_identifiability_v1,development,c_07ccb1e5292735c23db48136821555ea,74b5a0910809fb63fd2c1c0fd7236b0c13723d22a7fccbcc8c1c77a0bf676725,5,0,0.16583983537016581,49.714845287163676,True,,False,development_partition_not_issued
synthetic_long_horizon_identifiability_v1,development,c_0858faff1197bae16934458b9d9db9d1,b16dc7200b17669b7ec9d71271d9927bcd829fa6e886be854da836d99adc59c0,5,0,0.064011525401038633,32.141998395855722,True,,False,development_partition_not_issued
synthetic_long_horizon_identifiability_v1,development,c_087c462aaed80b69b970a6a92b933b80,66e2a1559191af1c6a9cd431dc52b356eadecba5dd39f923d10bdd782faf3dce,5,0,0.11735509626401182,34.242373068847037,True,,False,development_partition_not_issued
synthetic_long_horizon_identifiability_v1,development,c_0900ae77ede9c455a691afdd75ee32fc,be4d03504a39c1e7aa430b8ec179b65a665b16d4d62a5339aa6682e715bfbcaa,3,0,0.18184801764125905,32.101734967923861,True,,False,development_partition_not_issued
synthetic_long_horizon_identifiability_v1,development,c_09be92c250e933cd8139a029e84b2a52,42d77312c09277fcbe43349476a55a9d624e3b25aa7db5be46317d65101f548a,5,0,0.040144963539081202,32.673387121640644,True,,False,development_partition_not_issued
synthetic_long_horizon_identifiability_v1,development,c_0a79d7bf9e9843398bb08d423f65d8f1,19c772bd5fed7db8c785ecc13350fcdf907ab2298c1e9e2c16b80930ba2d8822,5,0,0.065215765519960778,34.342460852406049,True,,False,development_partition_not_issued
synthetic_long_horizon_identifiability_v1,development,c_0a8f442a3397e34fc7f6911d28c4bcd7,a78cd723cde8813a78315a9b8325a33e2b291a9ad26df2f82d50aab726ef00b3,5,0,0.075885107008058963,33.751916423449245,True,,False,development_partition_not_issued
synthetic_long_horizon_identifiability_v1,development,c_0ae82e5d2c9c8cfe62f9ac5d715f39af,c1d8d58935178d7d3b41c7599d7cd394b8858b61eef32843366a2d26529d39e1,5,0,0.102748293092042,33.071882567847425,True,,False,development_partition_not_issued
synthetic_long_horizon_identifiability_v1,development,c_0c85676f747e6c47dd12925e18442e29,2b12301dd77cf5398f2e31d9c023e5a720fbf7946973f1b4b975b866f328d25c,5,0,0.11467178384223532,35.024542429671733,True,,False,development_partition_not_issued
synthetic_long_horizon_identifiability_v1,development,c_0ca73d46967dea918d48d414fc98470b,ff7054bcab9145445f191618e43095d73972e1f8358d0456283455119b3884a5,5,0,0.090647955856298118,36.157540526453737,True,,False,development_partition_not_issued
synthetic_long_horizon_identifiability_v1,development,c_0cd8069b49da5a4bee9b3dea46c7122e,db8ee56ee991a6b2e6b47adfc8577e8aef70044df3fc425e868b7973f6f89356,5,0,0.082075591609760509,32.142008090625488,True,,False,development_partition_not_issued
synthetic_long_horizon_identifiability_v1,development,c_0d6e3fdad42aa09a7b9ade5405172c35,35593e419d6635127935fe20c2f70af33b4b6ac2082884643e04051b0abe6f1a,0,0,0.37457523904766366,inf,False,,False,fewer_than_two_credible_structure_families;nonfinite_disagreement
synthetic_long_horizon_identifiability_v1,development,c_0dccbc27795c67b3de115928bbaf2888,01b39d17d576e641d6e185e3fa141a92609798eafc5b9a4dfd9a67381e28e0e3,5,0,0.081833150024396381,35.664127238994062,True,,False,development_partition_not_issued
synthetic_long_horizon_identifiability_v1,development,c_0e108de3b52536d07a560b085a972ba8,9d18d4ef9bfb941bc9a7d8827de54f692f116e5dc48401170c2100536bc395b7,5,0,0.028431219901089717,32.299352517147696,True,,False,development_partition_not_issued
synthetic_long_horizon_identifiability_v1,development,c_0e686589ce8b81a86ff2187709d54efd,411a9920011313ca89e18f7aa1e9afe0d33968fd68fc5d19d20e78d1ca56391d,5,0,0.091100675021991331,36.963658885445675,True,,False,development_partition_not_issued
synthetic_long_horizon_identifiability_v1,development,c_0e8fc33cbec88617238931ed243f8072,3a0f3507c52c9d367c30a4209ab31bc8cb52a18ad8d66cf9402f92070e2fb77e,5,0,0.053135939532657786,33.920926670997744,True,,False,development_partition_not_issued
synthetic_long_horizon_identifiability_v1,development,c_0f019519f53b7df8bd5186d23e56194d,f01d31d27c81e77db353d4ba5d72f1647397ee5de22aeccc424f260fcf30b20f,5,0,0.021379296077438836,32.302942258238673,True,,False,development_partition_not_issued
synthetic_long_horizon_identifiability_v1,development,c_0f5fe912cfaf31beace2f75e22f4c0ec,24c6dae892921fac8db895df2b8b4b27cd3e90c4416714bff7ba45fec6d51e52,4,0,0.17110994382193739,35.530854648695588,True,,False,development_partition_not_issued
synthetic_long_horizon_identifiability_v1,development,c_0f858b00e4520961a460059d721559f8,e863f9256d0f3059a539c8633114040249bc02bcbe304ff0bd263a86eccdf63a,6,0,0.097756739053224129,32.727741308412519,True,,False,development_partition_not_issued
synthetic_long_horizon_identifiability_v1,development,c_0fc1cfb7b6cee41d193ab61218822fa5,c2b84dcfe85f4760310567d02ada0211be025eec1a5253fe172b4342dd16a715,5,0,0.11473797121876603,37.882210569637415,True,,False,development_partition_not_issued
synthetic_long_horizon_identifiability_v1,development,c_101356c8f971eda92b8be5273a43e479,61c9ff3f3f76b132d7cce4060c00b77b5981c6e5e2d9a4100ab6fa4c67e3dbdc,5,0,0.15097246845052739,36.347193590569383,True,,False,development_partition_not_issued
synthetic_long_horizon_identifiability_v1,development,c_103a5070adf73d6d3f51cda9ef352e00,159d9064286f91dab6f0897f708a2b35927dcb648e95fd8e6a58b7f1380c0872,0,0,0.33282586668111636,inf,False,,False,fewer_than_two_credible_structure_families;nonfinite_disagreement
synthetic_long_horizon_identifiability_v1,development,c_107a6608f9543ae5b120b40b47ea4a4c,942eaed993df6d3cdf5c93d654c931f0c3b2a1cc6f2554399c9858c71ed9b871,5,0,0.080009847433389278,36.198594949171742,True,,False,development_partition_not_issued
synthetic_long_horizon_identifiability_v1,development,c_12dbb8dd7433adc9c1391029e4d4938c,df0ad6d94a23557d516fe3638476be326229cafda45adacdefa2b3c65b1e7030,4,0,0.028297646302507948,32.480582427224064,True,,False,development_partition_not_issued
synthetic_long_horizon_identifiability_v1,development,c_12e0b251433ce2efc9c337ee97bfb213,0271702bdc6f4b6721ad72aab8e7cfde480357a2cba640d6e981fd7e367e19c6,5,0,0.11829692161441087,40.004508405359552,True,,False,development_partition_not_issued
synthetic_long_horizon_identifiability_v1,development,c_135bb3bae87f731e75d681b6f21cec49,6bef832db63ed3b3d29ffec13ce21f622c45e1707503c39455fb82126a982a1a,5,0,0.036953279074344259,33.876650075141484,True,,False,development_partition_not_issued
synthetic_long_horizon_identifiability_v1,development,c_146bb9124623ccd60c30bc4b66ff13e4,8f48ac92af210c461b0ec4d610bbd7aa1e83bf8dfdde896431de77c179a9400f,5,0,0.032602691913278734,36.476579806564281,True,,False,development_partition_not_issued
synthetic_long_horizon_identifiability_v1,development,c_14c5d770aece08a1e49b1355814cade9,4da9077f9957f1cfdf5272468c4ebc05157e57895a0b6adeddcc36374c69faf4,0,0,0.42161199073563538,inf,False,,False,fewer_than_two_credible_structure_families;nonfinite_disagreement
synthetic_long_horizon_identifiability_v1,development,c_14dfeaa3bcddc7615a50a27eb8dc79fc,3f1c66bb46500e97f9c6e8f16530fa47a22989914d506aa5ca063b364485d8f4,1,0,0.047160051319457927,inf,False,,False,fewer_than_two_credible_structure_families;nonfinite_disagreement
synthetic_long_horizon_identifiability_v1,development,c_15161ee18cba810a47adacd301a8536a,93c075e6211f8c9b4d3592f86b7e8bfeab48e0cbe2196826a53ffbcbff40323d,5,0,0.12207257770001288,40.36551839862252,True,,False,development_partition_not_issued
synthetic_long_horizon_identifiability_v1,development,c_1579d049b46b2c3169cb6c73270b7cde,f291bb0964abc67c39db7dd308ecb4945c17c33c9e6736a81a9dfe86facab012,5,0,0.20409823661199464,37.284892910314802,True,,False,development_partition_not_issued
synthetic_long_horizon_identifiability_v1,development,c_157fe9404e710c8860199332d3f7abfc,4b49043786737815811ebe34f0455502c5564108338fc47da1b947a614c252ae,4,0,0.1957782762447825,32.142004859710234,True,,False,development_partition_not_issued
synthetic_long_horizon_identifiability_v1,development,c_15d83dde85de92acfc39e8b87015383b,5959291855cbf0edd674c13a94f96e96cc27a581ed36db18551ff93e0b85eb06,1,0,0.12203436918332707,inf,False,,False,fewer_than_two_credible_structure_families;nonfinite_disagreement
synthetic_long_horizon_identifiability_v1,development,c_162878396cbef8c20c1f9a3259a0b9fa,06992246c735643b81b33730faa0e8ec03e12a33724a62ed2c5d54759f3e17bd,4,0,0.082164688571075103,32.142002048343123,True,,False,development_partition_not_issued
synthetic_long_horizon_identifiability_v1,development,c_165c7e12da16cf4c97c72f2f2402cb34,2807402bd0720abc57eb9c420c76ded37d8f83797f548612131bb6151ab232c9,5,0,0.048332512742201961,32.522098684775543,True,,False,development_partition_not_issued
synthetic_long_horizon_identifiability_v1,development,c_170900b3997222c850117049cba5eebb,4d1a5730c4986113b093ea807fa72626f37e7cf9a8028dfc9fdf6a94885b8842,4,0,0.22001024593690499,58.206984233266859,True,,False,development_partition_not_issued
synthetic_long_horizon_identifiability_v1,development,c_17a87e93b1ceff8078e1bed393c9562f,89df55db7293fa2ddcc8894562c36ee4f57623c0ae0c9e23a6161997f267fdf8,1,0,0.063510903365074492,inf,False,,False,fewer_than_two_credible_structure_families;nonfinite_disagreement
synthetic_long_horizon_identifiability_v1,development,c_18714fd48c65a4a11158384678abe6a3,55ec553fa5bf860d0411265380766e28d3a37b4db2ffff8f35ebf8831ea05f63,5,0,0.049842526871072212,34.723665482257339,True,,False,development_partition_not_issued
synthetic_long_horizon_identifiability_v1,development,c_187de5035bc38b6c6ce763a1abdd6286,ab59fa51a4eeb51553d3cd5234dc2d36a899c6e0791c4a95f9de04708290e234,5,0,0.028341403816866867,32.141998273513011,True,,False,development_partition_not_issued
synthetic_long_horizon_identifiability_v1,development,c_18857430075e870dbe9d5f6d580cccd1,81835a7ac841df79d325801bb0c6189279f1f4d9791ee3b8273ede67f575057a,5,0,0.089699333513229298,37.173048197752301,True,,False,development_partition_not_issued
synthetic_long_horizon_identifiability_v1,development,c_190ad5e64bf39ea8dd90aebc4cc46e77,39aa799100d5ee63370d3f9fa07a5370f2a026daffe5cf43300da8e4b0fc636a,0,0,0.38863928704500528,inf,False,,False,fewer_than_two_credible_structure_families;nonfinite_disagreement
synthetic_long_horizon_identifiability_v1,development,c_19d6f49fe22bd02a62d2a6615cce2c2b,386e6b9f720f2cd39c96a5b3481c018c6df3c8ed818bcfa113e7fdf4c16f89db,5,0,0.05711033826551664,37.725780351994523,True,,False,development_partition_not_issued
synthetic_long_horizon_identifiability_v1,development,c_1a1e90881b23a7d45798dd922a6230e5,f8a6e4d4986cd10bb5a4de7fa11022db85c1f59285af6f0256d0c5707d6fe039,5,0,0.050717838385840409,33.118981836271544,True,,False,development_partition_not_issued
synthetic_long_horizon_identifiability_v1,development,c_1ae90f5166781cb79633862b07f66202,7df8ad5e66fcc1efeb0fbaf866ac9c92f6bbb46e5cbdadd497b0d8be8ff24ca5,5,0,0.027272071287565411,34.655312791305128,True,,False,development_partition_not_issued
synthetic_long_horizon_identifiability_v1,development,c_1b88445f98ccdb47de45a10c36a84a01,30d78071e8215512ed30bb0b0f0feb1158d330341cb4febb5a20756256c73b61,5,0,0.10023438388893076,32.374040801218456,True,,False,development_partition_not_issued
synthetic_long_horizon_identifiability_v1,development,c_1ca8249d5ba2e0819af4ee646df2af1a,a6d9bcdb76cd167415d183617c3c9529b468362735810cc84e28520c64983c92,5,0,0.058717721726832345,34.439764768953005,True,,False,development_partition_not_issued
synthetic_long_horizon_identifiability_v1,development,c_1d0b6e33331e03b4daa4f004cd15b674,a9848462468c7bdbbfd99ef51ae95fd01c9d069a373248bc68d5b58263842582,5,0,0.155360028153577,32.141997021134657,True,,False,development_partition_not_issued
synthetic_long_horizon_identifiability_v1,development,c_1d8173b39652e9d49cd722c4381a381c,7b202dc507fc1cc0c2fd678f93ba3d0b09b304ae9677b164f1095612ecf1fe1a,5,0,0.11479348407408153,32.142004702208368,True,,False,development_partition_not_issued
synthetic_long_horizon_identifiability_v1,development,c_1e3c26a0cddd2265d55df22691043b12,4b6b722b112db1627467350a38d97602c3bfe7e0c3fbde6f69d53be3dd2098f2,1,0,0.10984539374865883,inf,False,,False,fewer_than_two_credible_structure_families;nonfinite_disagreement
synthetic_long_horizon_identifiability_v1,development,c_1fb11222e363d047f154059c21a57ec8,61baabc491d95b27087cb234280473f2a041fcd7704d7bf70a2165f41cb0ccb0,4,0,0.10688062132271146,32.141999656663039,True,,False,development_partition_not_issued
synthetic_long_horizon_identifiability_v1,development,c_202690a2276aaae119c8488dbf548c4b,313a2fea22c132cd890f34a1da5827c366f922502403735fcabbcf149cef1649,5,0,0.029591005668317179,33.878427465698955,True,,False,development_partition_not_issued
synthetic_long_horizon_identifiability_v1,development,c_205d0a0de2e536f5e0b7e888ab43d90c,f82690798a0abf4c9df41d719f022481c2e37f1080e497a8c919b5870e0c8ec8,4,0,0.16169284139022044,32.5831834842608,True,,False,development_partition_not_issued
synthetic_long_horizon_identifiability_v1,development,c_20947aba6a28f51e424c528781ed923f,3c72f88b9dc61f9b83b5536a027ef1ccc68ae9962d01e88933b9d8f14105f9e8,4,0,0.12889624612825526,55.272351797461354,True,,False,development_partition_not_issued
synthetic_long_horizon_identifiability_v1,development,c_23daa82981ac4a42fa94c76e05275f3f,164a10f5b1efc76b74a1d207ee4260e7d4781d5cf38155f6fbf44e3f58d4d703,0,0,0.4326326171035505,inf,False,,False,fewer_than_two_credible_structure_families;nonfinite_disagreement
synthetic_long_horizon_identifiability_v1,development,c_243150648d0e1eaecf134fbf5c9a3102,6437e79a795bfb69a300bb93ab9ca4ac1de113c38c30210728fad1a3e9a0e1b6,5,0,0.063982025221216113,32.141995808443582,True,,False,development_partition_not_issued
synthetic_long_horizon_identifiability_v1,development,c_24345c0701161f8428a7e6f3e86beab7,90c523c0c96ae5b738359df8ce9a672268dd6b9fc3e4eb11ac70365cd7447013,5,0,0.036212067428637057,32.875400725558961,True,,False,development_partition_not_issued
synthetic_long_horizon_identifiability_v1,development,c_2444fa417f6b925c1935886d4ffae241,6cf99e69744bf1763c458732eae6df2338a6b2b7fa23dde1fc1ff8d860558b55,5,0,0.13188362955957331,38.436017798239824,True,,False,development_partition_not_issued
synthetic_long_horizon_identifiability_v1,development,c_2463d318d0e78cf775187f747c159055,3f9bc76e418aa91e9e83ba31a283fa9b55c7aedaa78363106ed63b9768eb644d,5,0,0.058036629226148342,34.391852950421821,True,,False,development_partition_not_issued
synthetic_long_horizon_identifiability_v1,development,c_24ea5be84726ba7efa61bc485b814ae2,25c0932470a03a52f700387779438c86ec44746634245416446b93005b81b13f,5,0,0.062959220242963812,41.893220431215731,True,,False,development_partition_not_issued
synthetic_long_horizon_identifiability_v1,development,c_262a162112de6a997ad7eb4f2689ccf5,97094da3e968caba5c74d51a3be2df467d02a03bdc9206ffe110dee6e613cb19,5,0,0.055520589467439506,49.856161138919468,True,,False,development_partition_not_issued
synthetic_long_horizon_identifiability_v1,development,c_267e14872bd22fe8ce5069696271a9c8,33390f2b468bd405bb8155df700a2ba86366ad92951780be8567bc661de5a65f,0,0,0.2296657181913449,inf,False,,False,fewer_than_two_credible_structure_families;nonfinite_disagreement
synthetic_long_horizon_identifiability_v1,development,c_26ce9bb189ea3146a753c5d525ce3677,f5bd30fe6e76766705963bb7340a19718d54842d585d4377306eea1db0e266fb,5,0,0.037887742105661135,35.279323250732382,True,,False,development_partition_not_issued
synthetic_long_horizon_identifiability_v1,development,c_271aba7992e4e1aba34a13e38b713839,02338462057cd7e64343b1817b852cea7c0177f7a4d49e6cdfae2023fcfa72f7,0,0,0.29113087795200654,inf,False,,False,fewer_than_two_credible_structure_families;nonfinite_disagreement
synthetic_long_horizon_identifiability_v1,development,c_2726de689a91242edc18861d54e9b0b3,a8b07deb0430e4743f3dccb422cd474536e174bc0bfbaa973016f7f0ffd5ea35,5,0,0.18386529508765634,35.136757611864049,True,,False,development_partition_not_issued
synthetic_long_horizon_identifiability_v1,development,c_27381c842dc09c8d2f4422023cccac1b,e034fc4cb7e4b8260a5e0c7c8bc7e9f4a7d1e8eb8fd9bdd633599cd00f5f18ce,2,0,0.22196645140798454,30.19755310603712,True,,False,development_partition_not_issued
synthetic_long_horizon_identifiability_v1,development,c_2855e87dacd1531e6b1bbe7db6239b07,97ee3e0d6221fbd8b2235950ee6a2e958491d71053101c0b69f3010477e12680,5,0,0.058373373929925823,35.488370361485686,True,,False,development_partition_not_issued
synthetic_long_horizon_identifiability_v1,development,c_2895c9419b897cc6507cef8a78fa0fb0,c72196d0b869aae757e73893a3238be5596f0a13fa959e7a723dcb840074f252,5,0,0.071430364988074854,35.567547201452221,True,,False,development_partition_not_issued
synthetic_long_horizon_identifiability_v1,development,c_28a6f3fe2fa0428203551d53759b3146,5f6734aad479a605753bd81a59d1989da5099e74de6d85f739d56485a3ff8f3d,0,0,0.29055280941433775,inf,False,,False,fewer_than_two_credible_structure_families;nonfinite_disagreement
synthetic_long_horizon_identifiability_v1,development,c_28ee677fe3b7384b05f968acc83310f5,13c3dc203014c2d44f18b491d011d8421f5bb0e21b0e803a572d22a67afb8f65,0,0,0.20393110659506244,inf,False,,False,fewer_than_two_credible_structure_families;nonfinite_disagreement
synthetic_long_horizon_identifiability_v1,development,c_292bc3011a192e14a2cafb95f777eb94,ba96c6df5ed74019198e2c68e3ac3a8921c5b4b3607e44852683c7e25afa1fde,4,0,0.16581474627433485,58.460405159666017,True,,False,development_partition_not_issued
synthetic_long_horizon_identifiability_v1,development,c_29975d7582e91bba8f7d9a625e08e66b,052d755537f746d85a242a7e18a0c9acd8d4fbf479d03a075d2c0b79fb34d8cd,5,0,0.040075903638181719,34.951516280276614,True,,False,development_partition_not_issued
synthetic_long_horizon_identifiability_v1,development,c_29df59e4d6470d90c57d1e4151713aa4,87d01a83eec85b5bfdb8fe4d3b38d7a885cf69da105a8e4a99aae1d69944547b,5,0,0.10713900834204872,35.222164152938113,True,,False,development_partition_not_issued
synthetic_long_horizon_identifiability_v1,development,c_2af7609fb90260f9ad80ba96fb3dbd87,039ec5e69f61645124c497338b064620ad20dfbee70daeb6f579a4816b00f7c4,1,0,0.032640802031911144,inf,False,,False,fewer_than_two_credible_structure_families;nonfinite_disagreement
synthetic_long_horizon_identifiability_v1,development,c_2b76f5b49e93f39fe118e18d3ccb1b31,0555a59a4eb2d347b54f6a6d6d29f43b95c827497a9ef3af9a93b8ff30cd16da,5,0,0.086371396756125041,36.903559146829117,True,,False,development_partition_not_issued
synthetic_long_horizon_identifiability_v1,development,c_2bf299492b96ec8ff83c05dee06dbfe3,a675a3fe32ba7084d7a8624b5ca9f48f072cf6574e855d4cd065842a487f49a6,5,0,0.049788254611391303,39.105043133168429,True,,False,development_partition_not_issued
synthetic_long_horizon_identifiability_v1,development,c_2bf65e95fc6aab2f1b1ded187801092f,a72a5a256edfbb16e42d100879003949f307a8777661cf25b68af0150b23d299,1,0,0.054010900779309472,inf,False,,False,fewer_than_two_credible_structure_families;nonfinite_disagreement
synthetic_long_horizon_identifiability_v1,development,c_2c4436e479fbcf2504c1ed402f85b5d3,1a81556dddf6fa6f6927149fa179d8395cf4f7f781b52cbd803f5f58e3b042c5,5,0,0.014964577122596575,35.381658832063927,True,,False,development_partition_not_issued
synthetic_long_horizon_identifiability_v1,development,c_2c5d66688d956a2ab3c026dac442d95b,73d18f14c2f773c3f0d1e4da27486cf528f25968e9fccbf04bd59beee1fa276f,5,0,0.02339032894107251,35.916376163027671,True,,False,development_partition_not_issued
synthetic_long_horizon_identifiability_v1,development,c_2cf62e07c42b4188df3b48309d00d0c2,0e16130d14c38a6c561b74b0910466f7b69d561ab24ad2461ab687c4bd8975cf,5,0,0.032928187897498185,33.11932979361066,True,,False,development_partition_not_issued
synthetic_long_horizon_identifiability_v1,development,c_2da2bb507f20668a733ea1dd0dd021a4,ac01dc0945ad76d3cd2f4013a5ed3c3c0d14007bb31b9353c3520ed5cc94a94a,5,0,0.11895458969729976,42.490051597956246,True,,False,development_partition_not_issued
synthetic_long_horizon_identifiability_v1,development,c_2daafc74ee70007daffe0983c1aa23f7,160fbd256fa517c26198e6611d9dfafe2adf46e71272728f48db4eb8212da41b,5,0,0.0748874674589146,49.534280360631008,True,,False,development_partition_not_issued
synthetic_long_horizon_identifiability_v1,development,c_2eb6308bfe7dc4a896d5055ba49ff1be,815b3ad43e58d27a108a9af234518dd0e374c640b1f904539f1a5f8628a0c74f,5,0,0.099989640640825897,33.840659436575464,True,,False,development_partition_not_issued
synthetic_long_horizon_identifiability_v1,development,c_2f24a44e1805e0000c700825a3016532,be01c2330d9d2eec8e45124c7365c0223bf1df018092b5410a7ff3ef2dfb98b0,5,0,0.05177027350170349,40.065547975754818,True,,False,development_partition_not_issued
synthetic_long_horizon_identifiability_v1,development,c_2f4451e11a57f64e08e61150e06cd28a,980d9640e21b5bf3bc09d265172a2f2678839f46a40b43f9429b1c5a0dfc033e,5,0,0.1067640358616091,32.141997372548481,True,,False,development_partition_not_issued
synthetic_long_horizon_identifiability_v1,development,c_2f9d85d555f5261668639344aa2b29f0,5533fc2ef6ed1503102f3a1cf2f4c66f44a0b315cbd65b3731fa012ed79e1618,4,0,0.056798150356203468,32.142002058071363,True,,False,development_partition_not_issued
synthetic_long_horizon_identifiability_v1,development,c_2fa651868e37162171856982d17a1e6b,ec5907ff7b4965f8cf68045fc2b5adcc3abc68b864d729f1d3624a7d91d4125e,5,0,0.024759740240270528,34.608243193180563,True,,False,development_partition_not_issued
synthetic_long_horizon_identifiability_v1,development,c_2fc15ad5d67e79c51a487732c5034982,7b781676f85daebc97a81d335ff6dfa001b47c0c5eb519afe586caab5b10f275,5,0,0.055499747849786833,33.139351374950735,True,,False,development_partition_not_issued
synthetic_long_horizon_identifiability_v1,development,c_3009441526f185081f7b5de99efef121,34883f55b34b7c777ad5ff03e0a4e937c55d76d65c4bb9268acabb572ad29931,4,0,0.059596304872538655,34.370497710333147,True,,False,development_partition_not_issued
synthetic_long_horizon_identifiability_v1,development,c_30b30b5393d387994c5e422e33314767,73dfe12afdf20bab23d9ba32ae20d703e4206032fc1d95415d212ce060b71bc0,5,0,0.023939780752358631,32.141998193651133,True,,False,development_partition_not_issued
synthetic_long_horizon_identifiability_v1,development,c_3174e5468f8224e1fc6e791c49565306,e1f75d7ba1fc1f1f3625026a9f61e1b04b905a73a1f332963cda6bbd1ba9532f,4,0,0.16571027441324801,57.995956451109983,True,,False,development_partition_not_issued
synthetic_long_horizon_identifiability_v1,development,c_319b49b8fc7ebc1da03fed6a1672a6c2,00a31971b6603cde13ff7bd6ff06d7bd35c3fd73772e1109cb1e591cd21cc347,0,0,0.38706810096768035,inf,False,,False,fewer_than_two_credible_structure_families;nonfinite_disagreement
synthetic_long_horizon_identifiability_v1,development,c_31fb7f396c291aee47b4b8837831c739,55a19747428e0981ea7f4f667cb9369c9f7757f0479112bd49592745b58273ec,4,0,0.17805494838871125,50.425683953068734,True,,False,development_partition_not_issued
synthetic_long_horizon_identifiability_v1,development,c_32a6fba66417ddd487d09a358b333ccd,bee720960774c465c715ef4e4152ce749d107f5a5cb042acb622e671c833ab03,3,0,0.050629208004995645,3.3180519972871423,True,,False,development_partition_not_issued
synthetic_long_horizon_identifiability_v1,development,c_34514b62110f445c976692dccb8f8de3,ce6ad52c98ca715bd2c2ef6e8673793825b5cbaa0179de17d009708d104a47cf,5,0,0.022239823906993968,36.993159237971447,True,,False,development_partition_not_issued
synthetic_long_horizon_identifiability_v1,development,c_3547175c041fe7e53a65f2887a8bbeb9,837ef396132347332634f9ffa057e81c51cb2f9d2411c9af998ff173c9e7ea8f,0,0,0.32421303432297433,inf,False,,False,fewer_than_two_credible_structure_families;nonfinite_disagreement
synthetic_long_horizon_identifiability_v1,development,c_35b201f0c596edee18a5f39adf59b3aa,453b50cc094ca3a7b6fd9bf128c291cfeaea031b618f9a7079edebe0a9643c92,0,0,0.37762897904437392,inf,False,,False,fewer_than_two_credible_structure_families;nonfinite_disagreement
synthetic_long_horizon_identifiability_v1,development,c_362ba182ae7f2a3a95ef8eb10f5c9b0d,653281959636e37f9d760a06542b2bd64aba9ddce030d4bbb37eef8dcbfc9576,5,0,0.092806124554522723,44.848461592297419,True,,False,development_partition_not_issued
synthetic_long_horizon_identifiability_v1,development,c_36ce888cb5439f902a24bd5a0ff9389b,c9a3fcc489f30f967760dcca5a9aaefec0d80c488ae97eb577e0143ec903110a,5,0,0.038308267215359952,36.159102132134585,True,,False,development_partition_not_issued
synthetic_long_horizon_identifiability_v1,development,c_37dc042521bea87d4e10ede4c63ec0f9,f480d2ba0b31fd8377f8aa41f9ff7336b3aaa60fa77b2fa45fea7b7609c073ec,5,0,0.15737002874505804,34.68787604137426,True,,False,development_partition_not_issued
synthetic_long_horizon_identifiability_v1,development,c_37f20edb60a9419002af568209ba71f6,e1a448c000d0aaea3ea801cb096ee5669c163cbd6173822b630071cd6bc08c69,4,0,0.14687593388913769,52.951916646285454,True,,False,development_partition_not_issued
synthetic_long_horizon_identifiability_v1,development,c_38983e23093d21925485315e4da30139,5c6d1d5b9fd6754838216c7ea9bd798ff3c2608409bdf073eea4d33f80954989,5,0,0.086902812733298071,32.141998337541622,True,,False,development_partition_not_issued
synthetic_long_horizon_identifiability_v1,development,c_38e639e234f435d9bc6f26bfce440200,7ca26e5bc8e79bb0277fdae4f816c67c67c875cdc636807c0eb49d1068da6d81,5,0,0.091836019623633885,34.294240420933129,True,,False,development_partition_not_issued
synthetic_long_horizon_identifiability_v1,development,c_3a269882a1af8ef12eee3d17cffdecb1,c02fed451d3c82f2bce55dd2ffec34512d61ecfe0f6c887ce9481172d7efc6e4,0,0,0.27114741877548448,inf,False,,False,fewer_than_two_credible_structure_families;nonfinite_disagreement
synthetic_long_horizon_identifiability_v1,development,c_3a41f1dca8490fa07028370c98fd2826,99a8a4045ab0ff0db127545953ea71cee297e75dd018238b661736c93303d5d7,5,0,0.022120694592574802,33.144090285071599,True,,False,development_partition_not_issued
synthetic_long_horizon_identifiability_v1,development,c_3d1d52b1ab600d702b83998f1ccf7d5c,43e3385e34f242012a941331b7e7410baecee3b4f15b3601d931990123ce5c55,1,0,0.20934740336725866,inf,False,,False,fewer_than_two_credible_structure_families;nonfinite_disagreement
synthetic_long_horizon_identifiability_v1,development,c_3f175065454cf5674fb0616256ebc324,516d0aa69cefb366cebb85740b8947fa2148ca458057d2a1f773e4273196ec6a,5,0,0.041845325731574685,32.141998708436802,True,,False,development_partition_not_issued
synthetic_long_horizon_identifiability_v1,development,c_3f78d406960680ab2b17b297377d5ccb,6142faf05afcb679792752ea92a8e055fdaa4afe6abe0f3ad148dece6bdb8fde,5,0,0.12275609146563643,32.664522172636836,True,,False,development_partition_not_issued
synthetic_long_horizon_identifiability_v1,development,c_3fedafab5659016f64e2f6e1b5b17e1f,4b9c6402c1d65bab17ceab3e7da4e4a2f186c905988dc24c6e44c5672a58c0dc,0,0,0.34553023992932219,inf,False,,False,fewer_than_two_credible_structure_families;nonfinite_disagreement
synthetic_long_horizon_identifiability_v1,development,c_402e2c815cf5832654ea068eb1616a7f,190ad73fb1d3f9fba1302347d37462432be4fe3ccb55e886656cab32dd51bb5c,5,0,0.15330720600083253,50.600841935895495,True,,False,development_partition_not_issued
synthetic_long_horizon_identifiability_v1,development,c_41b15ec38615b925239c8b4412e58b5b,1f3d003d00975dd4e646ced4f644ff42aa579745f7e9d8c2b4844fc8ce7ef56b,4,0,0.029615102849448394,32.141991215428028,True,,False,development_partition_not_issued
synthetic_long_horizon_identifiability_v1,development,c_423cca3263284ad2ae14f37485feb234,03df54e45359e3aed80ba5125c60dfe4ef6bf57b6c1f436bd538feb91f0d85bc,0,0,0.39385820769012886,inf,False,,False,fewer_than_two_credible_structure_families;nonfinite_disagreement
synthetic_long_horizon_identifiability_v1,development,c_434c4d3b50cfb1b95f90d44d221fa154,a9bccc0d4b9e80a17821d68520d57b83324380d3e8b9eb77b12d37af8ca22ec7,4,0,0.07992797114539317,52.986779045375592,True,,False,development_partition_not_issued
synthetic_long_horizon_identifiability_v1,development,c_43bc83244d2d4849a1057caa91338a9b,dec20c1cfea631aee65597b7e9330900eb37e8f96710c125f3b9c2001572ba84,5,0,0.1610570611593036,38.388817664304973,True,,False,development_partition_not_issued
synthetic_long_horizon_identifiability_v1,development,c_442699058d8aeff4872c1e052297cdd7,00220967358853bbd73c940650d5de89527f702caf5b3e0ae32f1d639a6aa8ef,5,0,0.13827828574104195,34.404597190394561,True,,False,development_partition_not_issued
synthetic_long_horizon_identifiability_v1,development,c_450c9c26ca4623e90b94a43871eebe17,527f7d1c8a33efc6875a0f179354a53adc488272da16fb57ba705a1fde8c683c,4,0,0.067447560867734332,32.150638414546307,True,,False,development_partition_not_issued
synthetic_long_horizon_identifiability_v1,development,c_45479416fdedfab3c2e01877b5bfc0b0,0f7e528619cc1aad00312b2db8668d7af32326d333f5d11f11e2b3dae3ad8c98,3,0,0.23832320559811032,32.142002614878841,True,,False,development_partition_not_issued
synthetic_long_horizon_identifiability_v1,development,c_45fd056f787528bf638935b83627af55,1c5563e0429a2a7ce7eb7ac40c99e189362d5d85f1ebb796bc3dbdb07fe3e7e1,5,0,0.068006192912803173,32.141997993509207,True,,False,development_partition_not_issued
synthetic_long_horizon_identifiability_v1,development,c_4669faaf41302c4b32cf700f7c34a768,7294478aeeb10749ebdaa437a99d4dc18b8719056a989547eb8f1e6ead86bb26,5,0,0.023785391346751842,33.53418445802965,True,,False,development_partition_not_issued
synthetic_long_horizon_identifiability_v1,development,c_4680da39edbe01936f9bec5bdb0b2616,aeb1b267aa58be7c8bc302a84be6e714661416bb40ef70236a317d04d57f7387,5,0,0.077215121462653302,33.28826147270599,True,,False,development_partition_not_issued
synthetic_long_horizon_identifiability_v1,development,c_468d32deeb78caa2f57cdbe388322cd1,da4d444cb660ac4c4412a5cdc5f8292f1f8ba887763f1677be9ee34223527090,5,0,0.20025070917830723,58.429917931507887,True,,False,development_partition_not_issued
synthetic_long_horizon_identifiability_v1,development,c_46a72666e93f788a27a00052c79ef132,1c50bf6dca797e4922b2994edf6a5776113fc9059e783bd626ad06dce57881d4,5,0,0.040178512647091096,33.319288527444925,True,,False,development_partition_not_issued
synthetic_long_horizon_identifiability_v1,development,c_46be8d96290e9076878daaf85dd8748c,79a30532b996de2a8d7051400bba3a214a9c750d5fe627113d01f9888daa056d,5,0,0.10323486064208463,33.660595975635204,True,,False,development_partition_not_issued
synthetic_long_horizon_identifiability_v1,development,c_474a443b7e47c781e63dbc49497535f4,710f708eaca46094dd804238538cd321d77506dbfb81238b8dfef9131aef1e3d,5,0,0.12144652607948871,33.435629180524998,True,,False,development_partition_not_issued
synthetic_long_horizon_identifiability_v1,development,c_47c33fb9ad60d058b3e70c4aebf59ff0,254f4f7db4703a5d6921bb9946ea409b3ad6b04c38695da095e1e76f189bf809,5,0,0.12740970315990885,32.141995356692718,True,,False,development_partition_not_issued
synthetic_long_horizon_identifiability_v1,development,c_483a3870119feb8c987c00821cc689cf,2e33432c5c4655f55218fdd7b47861b3d4866dd10a974e42c137bc68a3c83e61,5,0,0.15533863022952285,42.481432519168571,True,,False,development_partition_not_issued
synthetic_long_horizon_identifiability_v1,development,c_484100db7c39bbe78ffa1e0b8cce5090,18c25c1f6b7e0e26b151017f6e347bc25beb896c7c21bb974224f9c19a808a1a,4,0,0.20044748652012523,54.592222163044646,True,,False,development_partition_not_issued
synthetic_long_horizon_identifiability_v1,development,c_48debac2cff7007db674b65922a7e014,9aa881d548b3169c6ee7c0486606d27306fa25632f7c3345fd3f80b62d47aa3a,5,0,0.160317868756126,33.917279154543778,True,,False,development_partition_not_issued
synthetic_long_horizon_identifiability_v1,development,c_48e1b64b3d2c6517c86cf629e434078c,ac125305ef815afc8995644e0d62297588ff3e531534ca6cc34701b45aa1a85a,5,0,0.15395833956384414,37.255960835607958,True,,False,development_partition_not_issued
synthetic_long_horizon_identifiability_v1,development,c_48fae5784e8fd6d925bfc87edd3a11c6,9017cc0742365e90d222611c43b270b8163f0faaf59c93d7b8271882331cc31d,5,0,0.029678774250897814,35.060819193816904,True,,False,development_partition_not_issued
synthetic_long_horizon_identifiability_v1,development,c_4a541d506b2b63cac6d9a0f559fc279f,ce9d1d91cd118f038c2576570813ab8fb40e325fe554cec4f99dc374feaf7327,5,0,0.096134949420940863,42.20057844068139,True,,False,development_partition_not_issued
synthetic_long_horizon_identifiability_v1,development,c_4a874ae18e2d5287b463db1580dcda04,f6beecd4159d2bf4de3ddcb9cc36c31d9640f73ca6f0b56da976788558876e39,5,0,0.024003278678327411,35.319221941549422,True,,False,development_partition_not_issued
synthetic_long_horizon_identifiability_v1,development,c_4bbd768c33d03fe40cebde9286cf278c,9c0230495bacff3252e9bb7e54bc1a760d096e3d645cb8fe8d23340c0973fd00,4,0,0.07386436473772881,32.141999006792446,True,,False,development_partition_not_issued
synthetic_long_horizon_identifiability_v1,development,c_4c35d9c745094b9632d3967b0f59fa56,6b3f7c4ecf11fcce81adfd1a9ab41ca1500b4b39079c100cae3551194ae88883,6,0,0.17570220300893757,35.911170398516013,True,,False,development_partition_not_issued
synthetic_long_horizon_identifiability_v1,development,c_4d1cfd051db0c7fc35a3b122181ced54,19a9dbf6b8c33e82520fb90013d8a27fb029f76a0d5729acefa7d316686ef3ec,6,0,0.16811698218926815,32.141999965608235,True,,False,development_partition_not_issued
synthetic_long_horizon_identifiability_v1,development,c_4d324d8adc21493192e71ae912cf1d7b,850d11e87a6bc85c29e666dc597440bf981102dbc81ce45d02e9256f112e9789,5,0,0.16575780542414467,37.506810830992855,True,,False,development_partition_not_issued
synthetic_long_horizon_identifiability_v1,development,c_4d4836ca3589dc599fa1b841f9963abc,3731f521b0193961ae63f55a4202d96d24dd008ff145d10d79481f89c040f813,4,0,0.16598002158728339,32.14200322304049,True,,False,development_partition_not_issued
synthetic_long_horizon_identifiability_v1,development,c_4e27ed473af8c0207b8beb3e740e66c5,4d0eb7ad3308476c483b931ae7c8598248f2d76d6e13aa265929a75da47364e3,2,0,0.079149433320510026,5.8255601703224897,True,,False,development_partition_not_issued
synthetic_long_horizon_identifiability_v1,development,c_4e4fde6881cc413293bc4eb774471262,ff6bea1b1347e592abd36a74db2e93cf1f6a617b2315b8aad64009b6de22f8ae,1,0,0.068967937639753132,inf,False,,False,fewer_than_two_credible_structure_families;nonfinite_disagreement
synthetic_long_horizon_identifiability_v1,development,c_4e8be12032b2344ebe4fe0a70df8318c,e17ccb05f52721946a86311192bdc68868114953a0b69539732f2c4901606dda,5,0,0.082532040859146713,32.141998878158503,True,,False,development_partition_not_issued
synthetic_long_horizon_identifiability_v1,development,c_4ec027e83566f06775313a857a56cca9,06378f6b31a910a1b7033430f9f9af727870635b682cc9f7a9d34f6ea06cb65a,4,0,0.095541771600534328,33.127739686462405,True,,False,development_partition_not_issued
synthetic_long_horizon_identifiability_v1,development,c_4f273c8c8a815cc3a72aeb44e4df9286,9827f064c0b887d4722d7aff99f4e7e102c3d174de22ff00579f813ba1cc387d,5,0,0.022903202991185721,34.549464209303764,True,,False,development_partition_not_issued
synthetic_long_horizon_identifiability_v1,development,c_4f4d43809b62f08eafcac98f4aa30a95,6d7db6c971b5c1e8e7d4991bfefbb8bf0a8f0a663f77519a16535bde9477d221,5,0,0.13962824418863687,40.934282798909315,True,,False,development_partition_not_issued
synthetic_long_horizon_identifiability_v1,development,c_50d5ee2324c30d684ccd9e81c833f401,57d6bced89a190c85c14d343b17955d8506f24926181114324ac482250b6e02e,0,0,0.58336477958523192,inf,False,,False,fewer_than_two_credible_structure_families;nonfinite_disagreement
synthetic_long_horizon_identifiability_v1,development,c_514dc5736e5a6f9a871f67c15dd62d3e,6d7fb3aa0811787e44282e1c01ee9e99f49337b3ebcaac8a175bf39f0a23db0d,5,0,0.16529258491549007,36.97554611221728,True,,False,development_partition_not_issued
synthetic_long_horizon_identifiability_v1,development,c_516128eeb2967154af79bcb8b69b8d0b,d450f169d63202e083c11fc0524911178ffbac0b9914e89c4bc2ccf30381ea18,5,0,0.05846388669147868,32.883252508852664,True,,False,development_partition_not_issued
synthetic_long_horizon_identifiability_v1,development,c_51b2642866797336ca40604336090c95,ce92345a0684f696a7dead0300d464206117d88f696c64a9629489eb01a5a9e8,5,0,0.13139573640392807,36.876638266132652,True,,False,development_partition_not_issued
synthetic_long_horizon_identifiability_v1,development,c_5244a4c0a1db013a7df59b93c1d3fc9a,bf37240a6ed89ae1a1994ee108db4167b5649457ab1c0059fd4d1583daec06b1,5,0,0.1314807020316045,38.52593453140711,True,,False,development_partition_not_issued
synthetic_long_horizon_identifiability_v1,development,c_536199091ae4e0cf4003b809a8cbeed4,95836c42c4d5ffdb7a046f28ad01ca6c1ffe6587db33a558ffe4591b02894d77,4,0,0.081434246299430621,35.426205058048843,True,,False,development_partition_not_issued
synthetic_long_horizon_identifiability_v1,development,c_53b11cd249822cae35c88a4269207b1c,04a5f709a2ea80c62c1c3c329c2bf51c2e40d09efedcb2b869acd88c30b05762,5,0,0.025000051605204864,34.039385923944515,True,,False,development_partition_not_issued
synthetic_long_horizon_identifiability_v1,development,c_53b775d136ddbd81cacfa8050e21488a,93c30f886c8e13d339311169cb8c95ef4bcd2d2bf56543ded7d7d35c315e66bd,5,0,0.022798505534380013,37.219689895541613,True,,False,development_partition_not_issued
synthetic_long_horizon_identifiability_v1,development,c_53d3b3fed19a2697a56e76a3c1f50e35,349c1658961601749afa1d87bd3133cc902a4712d6f375c9be8122e6adc7f88e,4,0,0.12320288078819784,35.747790738731901,True,,False,development_partition_not_issued
synthetic_long_horizon_identifiability_v1,development,c_53e018818c95797cdd20f45323917226,d062b744cea4b6141e5c91a05cdc3154e8e0a867b39c3159c241e0320bd489c6,5,0,0.033435895382761774,33.706945812623999,True,,False,development_partition_not_issued
synthetic_long_horizon_identifiability_v1,development,c_5461f07d8953f087c8bf3f19eaddcaea,24a0801476148fbe76277cdf531b8ba4ed757acde49013f4a1b5436136d18e12,5,0,0.052223205085699262,32.141998751947483,True,,False,development_partition_not_issued
synthetic_long_horizon_identifiability_v1,development,c_547b572ac36c222a78e8e7f382d7ed61,06f9a4f78db0cf1e0feab60ab8169ea97422ef6139345fb0de86da69a040bcfe,1,0,0.1270755807466353,inf,False,,False,fewer_than_two_credible_structure_families;nonfinite_disagreement
synthetic_long_horizon_identifiability_v1,development,c_54a1a24a2c760d8969130bc443747dfa,2d7ebe351c34a473e8313b7ae88265ee2178e22528b3c07a6b6d903b3b6f854e,0,0,0.25392962253228435,inf,False,,False,fewer_than_two_credible_structure_families;nonfinite_disagreement
synthetic_long_horizon_identifiability_v1,development,c_54c8609ce1720e22a7353e87e9614862,90616761142da2855a527fd95b97e23eb279b38c4bfa39f04392cec0cdd9e7c8,4,0,0.19985148568246677,57.639382127165838,True,,False,development_partition_not_issued
synthetic_long_horizon_identifiability_v1,development,c_5514f381425ffea1cc456080bc9df9e1,b207370e0b9f9a98e3b458994b766bde9c3763523bb1b98b1ea0aae7e3efba18,0,0,0.36852266011998203,inf,False,,False,fewer_than_two_credible_structure_families;nonfinite_disagreement
synthetic_long_horizon_identifiability_v1,development,c_55272f5d956fa815edf6a3688fcf944c,c8d1232bc4a19069b7b547c80ba2abc99ca554b7a6c6ef0f523b84459855700f,5,0,0.02221174339114837,32.98352206754582,True,,False,development_partition_not_issued
synthetic_long_horizon_identifiability_v1,development,c_56923bb35a33fa1a39eb5eb517cd519c,a0140259ff2fa5adab2804e83d191f9ec1f8e240c6364e32965bcc60658873b0,5,0,0.08512380404496743,41.31063882370821,True,,False,development_partition_not_issued
synthetic_long_horizon_identifiability_v1,development,c_5723ca854ff65e6408d8ae329147f7b5,f1c45c8f9ab294bcc16d7a11941eab171aac2015f3b0a296ea3f8a4ffdc648cf,0,0,0.27183681826379685,inf,False,,False,fewer_than_two_credible_structure_families;nonfinite_disagreement
synthetic_long_horizon_identifiability_v1,development,c_57b43a209f9791425606e2b12bf5a561,77a73acba7c15efd2eea185c0e9aaea5d56d5d5b0ff3ebfe6cd8fd427af99d78,5,0,0.070974503354715932,44.946479301870831,True,,False,development_partition_not_issued
synthetic_long_horizon_identifiability_v1,development,c_588a9c1a7e5655d8e73c221e0717576f,71641c955c6f91331552bcf1f6e1ee5de7fd9efc2bd8a1817759a0dff41edeeb,5,0,0.033718051083493635,34.372626734942315,True,,False,development_partition_not_issued
synthetic_long_horizon_identifiability_v1,development,c_58ac798187e3bc5a445a1af1c95a5d46,772f8dec73c19742a07766fc47c206055e505a6884c1bb579996a64eb7b23b59,4,0,0.078232277961267138,32.142003046085826,True,,False,development_partition_not_issued
synthetic_long_horizon_identifiability_v1,development,c_591ceab1d84472005f270cfe4b01ba57,b6fccb3ae0bed4e18ba6334e83cb15971776826e8dbaa1f5ab988bdf46b23457,5,0,0.07041368815549956,36.067189178768778,True,,False,development_partition_not_issued
synthetic_long_horizon_identifiability_v1,development,c_593b657d395d87067f5b5f2759a60760,47267b06bb93749968b996c4f98006b8db7d618a83f7e0c0beaf58675a24fb06,0,0,0.40634348431086265,inf,False,,False,fewer_than_two_credible_structure_families;nonfinite_disagreement
synthetic_long_horizon_identifiability_v1,development,c_59a186f39478faa1c6bf5e555280fc54,0e2b333d61f4ef1d9ee6022673859ec22b3da822791f2c7209e5e52fd8db195a,5,0,0.17209723145748923,46.476207151624102,True,,False,development_partition_not_issued
synthetic_long_horizon_identifiability_v1,development,c_59b1ec766faa9a7bba75fd95ab08b583,c8f5d9a5c837a223782fd5f24d8d0f907b5e6aaa4b8a2247e8d1f33223049934,5,0,0.026880685055823614,33.660548375865687,True,,False,development_partition_not_issued
synthetic_long_horizon_identifiability_v1,development,c_5a3bae1ea5871b9153cf4d1479e7e3a8,d0604017d82eeca045a10b0e166169b5d7f91c4ea9ca9e33e206693d3954e764,4,0,0.02233494062691168,42.980441963757919,True,,False,development_partition_not_issued
synthetic_long_horizon_identifiability_v1,development,c_5a42235ead915c6ffbfd745b7d29a47d,3606968d1095e53b7df386c8aaf2851534349d1ca633d88bc3b070df2b18ca35,4,0,0.1026179951849642,34.875416683049487,True,,False,development_partition_not_issued
synthetic_long_horizon_identifiability_v1,development,c_5bb339f59f8d816275f33ff7b63b696f,e1daea81f2d4b902d23e14e160665ae101511710f14f56a3b99fd13b730dc81a,5,0,0.17969421987646403,32.141999295138859,True,,False,development_partition_not_issued
synthetic_long_horizon_identifiability_v1,development,c_5d6a8769c86af461fd0fa2a36a501c59,ee4d5f28776584fd85b7fc0457f1095387abf89e12a38c53c4c1e898aaea1259,0,0,0.65068654289724204,inf,False,,False,fewer_than_two_credible_structure_families;nonfinite_disagreement
synthetic_long_horizon_identifiability_v1,development,c_5ddf5fd9fab4b5a182cc1fd587187a57,30f1a2defc2af0c5ef70c25e6edfcc19dcc556947c5eee30135666fc1c57c549,0,0,0.62774418343912664,inf,False,,False,fewer_than_two_credible_structure_families;nonfinite_disagreement
synthetic_long_horizon_identifiability_v1,development,c_5e5b6d63802dd8417f6a35015f3951f6,3c655c997efe980e8d44e1e9404177f0125aa9caa0cf242fa99240049432751d,1,0,0.047968105538027203,inf,False,,False,fewer_than_two_credible_structure_families;nonfinite_disagreement
synthetic_long_horizon_identifiability_v1,development,c_601a7f8174b63857f8677a894b87323f,3912ff6381153d568291b21a8dd83d5e0a5f68e301dad81d7a880c494f842a56,4,0,0.070667764310243422,37.914630351828869,True,,False,development_partition_not_issued
synthetic_long_horizon_identifiability_v1,development,c_601a88d1357f78bf50d7174c6390ebce,2f4c62b85268989b452f9611ca28c2d9e36e2227729b7c7ee39bceb3fff3142c,4,0,0.073767436281873738,57.113124663443628,True,,False,development_partition_not_issued
synthetic_long_horizon_identifiability_v1,development,c_6044037a1b1c12c24bc93903c7e0a81e,c2c87e70be4ea72b1401cf233b99b91d774129ea337b2de7d346262878bdb887,5,0,0.04106396247127924,47.125748077386795,True,,False,development_partition_not_issued
synthetic_long_horizon_identifiability_v1,development,c_60daaf6a39fe914e2c8f36d7872cabe3,7a7fbb5d5dddd669aa9c8f5c9252ea94b14c4eb5d5fbaf064580ecdfeaf687be,4,0,0.19461645140568734,56.952448730573927,True,,False,development_partition_not_issued
synthetic_long_horizon_identifiability_v1,development,c_617f440bd47fa26c30e440668e09ab7a,7816de4badf20d11a07e9f077ba701b199213639a8df5b81e675d2e28ab71cf1,0,0,0.25217294358035169,inf,False,,False,fewer_than_two_credible_structure_families;nonfinite_disagreement
synthetic_long_horizon_identifiability_v1,development,c_62dbcbad0c292228f91187e16277ff06,910e32b2957f7c5d04ff83eab206b57feda432179fe5af87206d58b7368e3311,5,0,0.11621434724798109,34.400371668165796,True,,False,development_partition_not_issued
synthetic_long_horizon_identifiability_v1,development,c_62dca9f572e66a377dfd3272395780d8,1437c5fc8f0caaf867ebd1a8228a031af74d5c8725ae556f1b063d343b18a464,5,0,0.099117531032462403,40.969194491978179,True,,False,development_partition_not_issued
synthetic_long_horizon_identifiability_v1,development,c_63c66392109c0520e42016b92a97f3a1,e2e981ed50f2fce75fbc43505234a895ca4d4a9ae495d2e95615bc536cdfd202,5,0,0.18045661061866508,48.715597142928537,True,,False,development_partition_not_issued
synthetic_long_horizon_identifiability_v1,development,c_645b07a60dd4c40b5b9ed099e529baaa,9acfa20902c464d1b6f70c829151bdafe24b6526f3f84a5d1a1d7a42c3cd2ffb,5,0,0.080542662471133328,32.141998493231299,True,,False,development_partition_not_issued
synthetic_long_horizon_identifiability_v1,development,c_6496d85273043a5b06e933ed0740a28d,c0e1eafaa1fc440e8fc49aa6e60b985cb4976b1737ebc702c6273604bea766f4,6,0,0.17645976008419717,32.614900839646396,True,,False,development_partition_not_issued
synthetic_long_horizon_identifiability_v1,development,c_65c7e188de7366bc015773d975a86a74,4e7db19d8440535b971f082baf74ce92d8400d47f63b74f50c882f8391b30c73,5,0,0.05906433638121087,34.940665013384411,True,,False,development_partition_not_issued
synthetic_long_horizon_identifiability_v1,development,c_6654056dab3795e976e4c8c0cbffd193,aa45a9d986f16ed0b32986858e319f5e47f4c3c4709633ef95652994fedd7631,5,0,0.057097181737870671,34.50128034170725,True,,False,development_partition_not_issued
synthetic_long_horizon_identifiability_v1,development,c_67e87db8ac39fc36b2ec1972a1732637,e0266d893b5c71751c9533a4540c2199fc3cd97c2cf2b14151147e6955aae52a,4,0,0.057660258065909152,33.441829053068808,True,,False,development_partition_not_issued
synthetic_long_horizon_identifiability_v1,development,c_685e762648249da9417f8a7c3bef7e93,75d1782f97d8f27ad70e3d784e707364a661dc8430b449dc458c1207304b5096,5,0,0.16180445505318697,42.889824743798989,True,,False,development_partition_not_issued
synthetic_long_horizon_identifiability_v1,development,c_689038cd8a4ceb79abc28e97179e238a,a09125c2a23027552c4bf6c9808173631a96d2626e2c8ac31edb23ef226734a3,5,0,0.057026990364095032,32.199451010114501,True,,False,development_partition_not_issued
synthetic_long_horizon_identifiability_v1,development,c_6893ffc10887a92449bcfc459c4c3abe,79564abc4354252e43356895edc1f61a1702c57262f2b7b0f43781cebe02c264,0,0,0.52993206312675334,inf,False,,False,fewer_than_two_credible_structure_families;nonfinite_disagreement
synthetic_long_horizon_identifiability_v1,development,c_68fe2cb9c9e27c2c464ec76b4f634dd8,8598774afb751e53bb8bca26a8ffd129459e929def4defceb00700e502bf44bf,5,0,0.027762147929117013,34.320624836689561,True,,False,development_partition_not_issued
synthetic_long_horizon_identifiability_v1,development,c_6b509cb275f2a137780aa327e3441229,c91554fe381006efa10ca4e2ac8ff714363e94304e15414b7055229b24db92a6,5,0,0.040133261985128406,34.116024377624434,True,,False,development_partition_not_issued
synthetic_long_horizon_identifiability_v1,development,c_6bba137093c2c75fa00a6b526dafecd6,9c81839cf42140cc2f0710c9aef33e00d1670a4c6e66ab4935e3351eec9b4f7e,5,0,0.034751967095958548,33.875960174408043,True,,False,development_partition_not_issued
synthetic_long_horizon_identifiability_v1,development,c_6c67aa00fd9abcf759cf72785db1fd5d,c1629d0bcaf3e3e3eaaa05f4c23c79e659efb4a69b993efd577d555f9d64b741,1,0,0.082821773433449639,inf,False,,False,fewer_than_two_credible_structure_families;nonfinite_disagreement
synthetic_long_horizon_identifiability_v1,development,c_6c951cb2cf9f66a64fcee25ae4a2e3a0,d9cce01296494a69fb26b14355eab468410b754566ad39933318242024b21d4f,5,0,0.26905379950425784,32.141999999999996,True,,False,development_partition_not_issued
synthetic_long_horizon_identifiability_v1,development,c_6e4b8465f9b7cd23fcb6df650fb04b9a,685f4fa5e5106b31f31bd572eeac4ecafb4e2a9bc8331df7b45cf8cd09d42191,5,0,0.032392904306215331,32.141998381385278,True,,False,development_partition_not_issued
synthetic_long_horizon_identifiability_v1,development,c_6e8ee99c78fca4feaf827fbf569cfe4b,131ad1b878f9dc3bfdfa2cecd67048d50c366e02b8f2a8843f066cc8a412ea5e,5,0,0.088210335457738251,35.167378459669003,True,,False,development_partition_not_issued
synthetic_long_horizon_identifiability_v1,development,c_6f468c894a3b1c9b46fee2f4a9757b6a,4f017a0e9ce0f5df8e95d8ca7426d97572d8cf828b301ca2fc88279c597c4b9a,4,0,0.046502012115244094,32.1419882424698,True,,False,development_partition_not_issued
synthetic_long_horizon_identifiability_v1,development,c_6f810093609ba7f7127ed882d59228f4,98891d7009fa9dc45b129d09a806d95082175fb9f8bf7d0bd94b7f3b512e2be3,5,0,0.092026162761484384,34.446868899740288,True,,False,development_partition_not_issued
synthetic_long_horizon_identifiability_v1,development,c_6fd0a103b39272f90e4732a34361adcf,19033f5bad136c5580d867d9a6ed958a673df36cea61171cbe5b29b6fdbbf4c1,5,0,0.085506591978659563,33.618943636131775,True,,False,development_partition_not_issued
synthetic_long_horizon_identifiability_v1,development,c_700e425c92c514827f0189d810b904d5,f9ff5e2329a4c49764cdcb8cc6b71913d93fd81470ebecf0365ace0324587606,4,0,0.15791637708506986,32.141988912620953,True,,False,development_partition_not_issued
synthetic_long_horizon_identifiability_v1,development,c_701906d372cfbccbbe084879f1809958,d4908ec8d236d4c4214b7e76065d4fbdb68d2af6a46872623f812e009fbad379,5,0,0.081064532298827971,33.93031408608725,True,,False,development_partition_not_issued
synthetic_long_horizon_identifiability_v1,development,c_705750d37dc5e3581f92442093add0ce,ea609067f9a1740394ec857f9cc795fbedd65e9b35143d58237d485183ed54ac,5,0,0.051867698541933432,32.141998716379959,True,,False,development_partition_not_issued
synthetic_long_horizon_identifiability_v1,development,c_70588a3c85e16ab36873bdf6ab95c0c8,ddcc0d38dbb378bb00a40b6a09e8a953289a129f3df4170953f627fb79b74c63,5,0,0.17920883853659694,33.676312122286163,True,,False,development_partition_not_issued
synthetic_long_horizon_identifiability_v1,development,c_70c99aa6b8751fcc8bd39117b7cf3d17,21ec2cf0820545af071ed07561157586b4165b72abf0548488fdbaafc2350d4f,4,0,0.048397083045996499,47.852339686564925,True,,False,development_partition_not_issued
synthetic_long_horizon_identifiability_v1,development,c_70d268e4f0387e16631a1f374bbaa285,9e332750a16f99ad77190ae42b598f51b76a62fbc86f04eb9813fe0f7b794ea2,1,0,0.18051483299352056,inf,False,,False,fewer_than_two_credible_structure_families;nonfinite_disagreement
synthetic_long_horizon_identifiability_v1,development,c_71179d2944f6ba11ad1d4d348c6c71b7,a77b12133fbd3fea33cb5b67783b4d93be8c273679b66f7507064ca338876fb3,5,0,0.065997922636244571,33.377644057276477,True,,False,development_partition_not_issued
synthetic_long_horizon_identifiability_v1,development,c_714a022321a0f5e66bc1716dc9f63248,3e9bdda73e40d44b076e4fceeceebfd8a76751af7e93f0f80541465b6b14915c,4,0,0.12077704006323067,33.777153562585688,True,,False,development_partition_not_issued
synthetic_long_horizon_identifiability_v1,development,c_714fd0dfcafe8a7eb25b56390cf1a714,91a4436a0f687cb008435f23f6b8362807e6f363e04ccad07b9e0096dbd39857,4,0,0.18598597518590945,32.141999629537779,True,,False,development_partition_not_issued
synthetic_long_horizon_identifiability_v1,development,c_71e5b78e3d153ae7e97abbcab75021b5,82b767b0267e36bb1766d98fdb5672803a3d0f2e86b6a96542829fdd20c0b9b9,5,0,0.067343249878481129,32.770713035822922,True,,False,development_partition_not_issued
synthetic_long_horizon_identifiability_v1,development,c_71e822b93a5a18ac053e15ba5547cda5,693d98db4c3a07aecbdb6b2a51a73adf83d39e17acd6813cee9954d27ab518d8,5,0,0.08308759401426466,32.453330662893293,True,,False,development_partition_not_issued
synthetic_long_horizon_identifiability_v1,development,c_721bbb0d3a318204c3bd0870f22b8526,15873e6a6b4cb629c9ac13158818a6fd25071e9b5345af4a5c8bf4fdcf7cd9a2,5,0,0.090652835520675157,34.629745046087038,True,,False,development_partition_not_issued
synthetic_long_horizon_identifiability_v1,development,c_72253cab3a4444415554bf35b81853bc,c267adb6170ebb21e2b235b9573a2902b5684a9e20ca54b49a372bf3563c790d,5,0,0.050908889568732962,41.139542808177147,True,,False,development_partition_not_issued
synthetic_long_horizon_identifiability_v1,development,c_725ba0f1c21e949bb29074ee5f919287,300207337d9d81fbe591b6ad5cf816fdf5713579a8d34a061e0c06aab0f8d090,0,0,0.3559861037251254,inf,False,,False,fewer_than_two_credible_structure_families;nonfinite_disagreement
synthetic_long_horizon_identifiability_v1,development,c_729f6a30ec268be00e07087a0532b840,0de92dc460bedcd2d7070b3bcb12d8ad11f07a6fff7fa32018d5385e59b03e0f,4,0,0.05850028773828729,54.04027679983286,True,,False,development_partition_not_issued
synthetic_long_horizon_identifiability_v1,development,c_72b76730226286ee4b590a3bd5fefb75,8abc8547255d503df6be71adf21370c1313b3bcfdd3916850f7855f6c41b54ac,6,0,0.12650678536075499,32.157445847151536,True,,False,development_partition_not_issued
synthetic_long_horizon_identifiability_v1,development,c_72fdcf448bd42f184b1dcc6a68506bad,a8ed9e923325a1237774b7e4530e54c56dd42a7c65595badcde20abbfdb026fa,5,0,0.059995198488443452,32.141999067337125,True,,False,development_partition_not_issued
synthetic_long_horizon_identifiability_v1,development,c_7336de4a8b0da9d914a2fe2e8833ef3f,0a16b8a85d5fcbefde74b449991c6bff23912ec06b1cea5602c22a8fca698f60,5,0,0.22923364611280839,42.944632036578533,True,,False,development_partition_not_issued
synthetic_long_horizon_identifiability_v1,development,c_7366d666f44016386a10ebe3716f16bf,bcd1278872c95f2378a0a0803670ac1d1f3760abd19b809b40f35e26a46e0e44,4,0,0.12730572441932761,32.406136235781048,True,,False,development_partition_not_issued
synthetic_long_horizon_identifiability_v1,development,c_738328285e32556517a26dc3d054024b,882ca06bfd29e5caca61ab812f0a8551c891eda3034d7922d0dd72833d89590b,5,0,0.039073292454533802,35.275203947559909,True,,False,development_partition_not_issued
synthetic_long_horizon_identifiability_v1,development,c_73acd99057d27a930ac1af71bc3a701f,62092b953d1f228ad299bb5e89a6fc118ba556c765e35e860125923d7e48864e,0,0,0.25565395389942186,inf,False,,False,fewer_than_two_credible_structure_families;nonfinite_disagreement
synthetic_long_horizon_identifiability_v1,development,c_73bd7c3bd9feb48d6f62fd62badb265a,d22cf67d541bfd956354e4d6b5b8de51bc7471d32bf5b0d0ead970505046ff4c,5,0,0.099768167103783792,37.689154262750044,True,,False,development_partition_not_issued
synthetic_long_horizon_identifiability_v1,development,c_7432292f0a21741d05fa85cc86fc0c0e,a822045fec188fe324c991f0286848c3b6ecfb5c8572f56b9748828f66295cf0,5,0,0.10604478882040354,39.319214972461801,True,,False,development_partition_not_issued
synthetic_long_horizon_identifiability_v1,development,c_75088dd4426fd013dfbedbd4c9dfcbba,f280cc632ef21e94d7a41dd5134819facd98cf89c439354e97f6743ffa9c872d,5,0,0.039527341871766646,33.819029348305307,True,,False,development_partition_not_issued
synthetic_long_horizon_identifiability_v1,development,c_758215795859fa83321e90996d791fae,a79a4a65d38b2499534783a830f18d5d4b12b520c419083c6de1e5d48425054a,5,0,0.18901296214473237,53.345503351163906,True,,False,development_partition_not_issued
synthetic_long_horizon_identifiability_v1,development,c_76c3f6d1db9d29264ee331d85eca5d28,55e42c564672b0cf35a1a74de8e33f2df14757ebe7cfac2736235df2ca88afa5,4,0,0.1181405064960661,32.200245972207696,True,,False,development_partition_not_issued
synthetic_long_horizon_identifiability_v1,development,c_76dc9e80a4dfeecfd94f1aecf8cc05c3,73e46ca74d78471d60dbfaba83a015f3382825dcbb22e8cb33d9981ca403a0f5,5,0,0.040991603996569884,32.141998426565294,True,,False,development_partition_not_issued
synthetic_long_horizon_identifiability_v1,development,c_778494ca5038d6c106b4c09e8f80a2c1,ee6778daa4b2211fd8eea1ae02b49108871a5e1321d5920188ff17ee7589144e,5,0,0.11117411560459259,37.664145054670378,True,,False,development_partition_not_issued
synthetic_long_horizon_identifiability_v1,development,c_77a12f5acfd6e32d311a2ce10fc30fbc,f332a421e350f1df5a5fe7a04d38ea178032b55e25acb03be011985ba234f4c8,4,0,0.040437535976733947,48.196944553522151,True,,False,development_partition_not_issued
synthetic_long_horizon_identifiability_v1,development,c_781e9a30811df5ee9bfa2bf1ab2fb3c9,505e634a5d0f2a9077e6de4aa2d901c54ee32572023b9af5ddda012b7b7cb7bd,5,0,0.068025248317813133,32.141997370491609,True,,False,development_partition_not_issued
synthetic_long_horizon_identifiability_v1,development,c_783104ce9d532d67598e114b2fc04157,04ca39b619493db3a2d045bafb39a7a8c3f4ae2422835e2e254269ddc0bfc2bf,5,0,0.041710372036395743,33.573640066951491,True,,False,development_partition_not_issued
synthetic_long_horizon_identifiability_v1,development,c_7884478641c61837806acc652f389a53,1b8dbe1c0957c976c272f0be802f8ab7f5a977b80445020cf6f9cb3c9cfbc8fc,4,0,0.068905785554264576,42.56847374659111,True,,False,development_partition_not_issued
synthetic_long_horizon_identifiability_v1,development,c_79a4f4ee265336f9eb4da458106bb9c6,97fed11072f37022baa40f353ada502790e972ebf1e3d9a84dc1a982726779e4,4,0,0.16791166506464497,32.141999134910066,True,,False,development_partition_not_issued
synthetic_long_horizon_identifiability_v1,development,c_79e7065b0a6b3c5a965f0e735483e239,d456d4229f5fb5dd652bbddee79be5f0396748347fe537bb1d73bc28bc122a85,1,0,0.11281015775710725,inf,False,,False,fewer_than_two_credible_structure_families;nonfinite_disagreement
synthetic_long_horizon_identifiability_v1,development,c_7a761710953e5cba0acf7d53df07a384,f059be474614edeff2f17a57c737c810d1e3e10fd3ea5af5c7185562264a4ac4,5,0,0.093177262321711501,39.000030791970111,True,,False,development_partition_not_issued
synthetic_long_horizon_identifiability_v1,development,c_7b0e909ab5a348cc7afa847edc4a438b,d0fd033a7928a423af0b972383a441ceb5015e76fbe56266ba04bf78ac2b11b0,5,0,0.11784707893120974,32.771734886183829,True,,False,development_partition_not_issued
synthetic_long_horizon_identifiability_v1,development,c_7b1707730b21eaa45372dc503b72b471,992291bb94047f63cee8b639806c271a5944244cda8dcdfca8faedb521ae0e80,5,0,0.16557012174082197,32.155287226195426,True,,False,development_partition_not_issued
synthetic_long_horizon_identifiability_v1,development,c_7b2ebaea85718b6cb658d54d49c555d1,78633a2ff245665869fd98b40505a6dbbb82160cb279063aec2f2ee0a65c366b,5,0,0.10031411479650244,36.178943511996486,True,,False,development_partition_not_issued
synthetic_long_horizon_identifiability_v1,development,c_7b7cf83d93d6a8bfda28423585c1ac25,c27b069d2fcf484a91a76720d5d467b2f6a8d8317d8b3590be8358f43636c968,5,0,0.12347076351543709,33.178421233540192,True,,False,development_partition_not_issued
synthetic_long_horizon_identifiability_v1,development,c_7b857893e969f4a9e8f7a196a518923a,6c00b92e90bb08dc547d2bd14b8021851bd5b402e8e2c634bb0dae7bf3a1cfae,1,0,0.22268914652140664,inf,False,,False,fewer_than_two_credible_structure_families;nonfinite_disagreement
synthetic_long_horizon_identifiability_v1,development,c_7b9bf2ee75a26925e925077b9542360e,228d33634d5d1cbbc7bbe35f9568e0c2fe0eead2019f360bd36d6571af4a216e,4,0,0.095866783520646925,35.668956430047309,True,,False,development_partition_not_issued
synthetic_long_horizon_identifiability_v1,development,c_7bd9fcf1c591f27abc6cddf3d2eb4913,99ad06725505698a6b541854d409705427e9b2dedbbfb667293034f5611c4d3c,1,0,0.079171686354202409,inf,False,,False,fewer_than_two_credible_structure_families;nonfinite_disagreement
synthetic_long_horizon_identifiability_v1,development,c_7bfd270f72c39932264aa3f8876a0243,d041103af78db8816b4235e239b29fb11ad75490b335d41dbfd6d7d979d59c5d,5,0,0.13180257255400815,38.967474134836685,True,,False,development_partition_not_issued
synthetic_long_horizon_identifiability_v1,development,c_7c89b4248644c8392aa4f90f76272343,0ba9fd260b8bd6570d1307e0d87f185bded310691c4e76e169e7de115584907a,1,0,0.19206471492452096,inf,False,,False,fewer_than_two_credible_structure_families;nonfinite_disagreement
synthetic_long_horizon_identifiability_v1,development,c_7d7a5f9e74582b424972b0c6b837aa5a,b2562e489a12f62bc6e02451610a73f3b73742caf992b8a224b584ba87b90d25,5,0,0.15644044246163721,33.943515049061361,True,,False,development_partition_not_issued
synthetic_long_horizon_identifiability_v1,development,c_7dbedf7a063dea42d938064a4356f6c8,2221d7a2de80aa4091ef1ca6ffc513da681facd089f510474c894a2f36ce1baf,0,0,0.54751413516110548,inf,False,,False,fewer_than_two_credible_structure_families;nonfinite_disagreement
synthetic_long_horizon_identifiability_v1,development,c_7e182ca4d8d8355667e826799ac9ee76,59186d47385ff28bcd9f9a6737bf25069aa9acd03e9e8b1766f087bd92cab4f4,5,0,0.096987128943487044,33.674724454410807,True,,False,development_partition_not_issued
synthetic_long_horizon_identifiability_v1,development,c_7ed16531de7f5517d73d0115c8d67ea7,28345ce696b3f2bc4660a50f6c4e392f952ab2c8b8bc6c44a6fa663c125d3349,5,0,0.12438742935404937,47.648359019323784,True,,False,development_partition_not_issued
synthetic_long_horizon_identifiability_v1,development,c_7f073e236e4a75c161ea1e0489ddc53d,d497a9c56aa902981bb21f811cdf26bd2859723892fdd6dc7724155be8bab213,5,0,0.17792073221130475,32.314557244057923,True,,False,development_partition_not_issued
synthetic_long_horizon_identifiability_v1,development,c_7f101befd691a6e24a682f1cfd70a623,b2f7240963d4fb5170f77af561708932a2e60c27fca0b95ec26b1d1658497614,5,0,0.1731146772870594,43.50475371639353,True,,False,development_partition_not_issued
synthetic_long_horizon_identifiability_v1,development,c_80a3bdd449921956949d22ad05e0261c,d93273f911db60c95116b7884ced436665fefd839e753b9b47ad2bcfa69c5b88,5,0,0.084289696300429484,51.630879540706594,True,,False,development_partition_not_issued
synthetic_long_horizon_identifiability_v1,development,c_810d24c3813d46cd63dc02e81d8c85da,828f4eb40021152561dc5ce9edd954abb613e25e31aadcbfe0c115e95292725d,5,0,0.080704766267121336,33.515572755923785,True,,False,development_partition_not_issued
synthetic_long_horizon_identifiability_v1,development,c_8148671926fcad4c0a7308a45f1a01dd,3085fa6813ff45afc34626092e963a0e0df69c787b70315e761e70470658499d,0,0,0.29104090440078761,inf,False,,False,fewer_than_two_credible_structure_families;nonfinite_disagreement
synthetic_long_horizon_identifiability_v1,development,c_819cc2f42249b4521fb25a01f0c41174,c095b6de7727e50b6c1e799595f966dd1f734038f009b38cc45e5cc725b03ddd,5,0,0.023029539913938371,36.578046575279053,True,,False,development_partition_not_issued
synthetic_long_horizon_identifiability_v1,development,c_82285faf509ffef6c37569ae542d37c6,41c6a5c66b2c0211283ef9f7a91e92a5e8378ba0e441a67e9c3d9adf6f41ac63,5,0,0.26523609295911649,32.725299663777868,True,,False,development_partition_not_issued
synthetic_long_horizon_identifiability_v1,development,c_82468ed896a94f13777f34fbb83f59ee,6e29c093c3894d4e78a1708153a383135a048a92f584c10d40fbd57ae948e59b,5,0,0.068698693606057237,33.140902005295359,True,,False,development_partition_not_issued
synthetic_long_horizon_identifiability_v1,development,c_852d2217ad333a98917608dbbc404d61,bc4f89c483833632f309c9cc8f6304610382b2c778f7dad6d64f636ef3c7f3f8,0,0,0.58559260969861004,inf,False,,False,fewer_than_two_credible_structure_families;nonfinite_disagreement
synthetic_long_horizon_identifiability_v1,development,c_85b893f01b64b786ca1f0d4e630632ef,6963ddaa9e4e97340d49778a4f9421501f1614d0b4b839d8b2c4a75171467287,5,0,0.046795542844241846,32.141995776818035,True,,False,development_partition_not_issued
synthetic_long_horizon_identifiability_v1,development,c_864d4a9df49405bea55f89daba96dd2b,d4b05c7f41e770b55ddf8648747a4fb5f47115ab03e6ad2b439c58520fa0ae24,5,0,0.014789214586622435,35.006397070471188,True,,False,development_partition_not_issued
synthetic_long_horizon_identifiability_v1,development,c_8680c378a5d3bcc6fddc19ddd9a49251,4736db4319e6b8f76c0003d6757f9649f013a6c4549ae0e4445e2c4d51858a6c,1,0,0.218260970423682,inf,False,,False,fewer_than_two_credible_structure_families;nonfinite_disagreement
synthetic_long_horizon_identifiability_v1,development,c_86bcf11fb74b337facce1b54678a81a3,841ca19c4daf13b865c42fcdb743b5db1d6c9128712669143a3e826be486b070,0,0,0.42976566140335221,inf,False,,False,fewer_than_two_credible_structure_families;nonfinite_disagreement
synthetic_long_horizon_identifiability_v1,development,c_87a49b2a49e2222dfd6537149345850a,7da15860640db60a2af54ce9d50ce1801fa6278000d3e68ae62f6777b6ea440d,5,0,0.12890553372926664,33.658875802813256,True,,False,development_partition_not_issued
synthetic_long_horizon_identifiability_v1,development,c_87cad937e71619b31ca5fde2fed9eddc,2dc7b32787411aa3ccd230d6e325496f1c13a786bfe199b30b8e3144bb2ba476,0,0,0.20388778988434111,inf,False,,False,fewer_than_two_credible_structure_families;nonfinite_disagreement
synthetic_long_horizon_identifiability_v1,development,c_881a4ae48cdcdd5c8333d0f7ac45584d,f5a0f4e336db768f64599643896407f8738debf2e66d03f37aeb66db14d717b9,1,0,0.044725419192318434,inf,False,,False,fewer_than_two_credible_structure_families;nonfinite_disagreement
synthetic_long_horizon_identifiability_v1,development,c_888e4cd6906fb40f74e1948ea9790dbf,a0574b977fc3646d9335219a4aa7e4a4f18df4b126693aceade502855e81f63c,5,0,0.17014036808766403,45.123337970235745,True,,False,development_partition_not_issued
synthetic_long_horizon_identifiability_v1,development,c_890e5b9f6713b0bbc99f64958a3de01e,c05baefc5cd10601d4f10e3e3b1df47e6fb1bfdfb84b4584d09a0e58940392b0,4,0,0.20154396465786686,58.815609123908601,True,,False,development_partition_not_issued
synthetic_long_horizon_identifiability_v1,development,c_897260a639ffa937be6a627847cf3ad5,12cfaf0d6840e04f2a0bc50a83fecd7dc3e6faade65d5c5ffce597d721e5a638,5,0,0.13134661808295686,32.328692992194377,True,,False,development_partition_not_issued
synthetic_long_horizon_identifiability_v1,development,c_8ab5a20b02b470e2588b8b0428439821,f52685d91fb23c3a456352d40374aaafe5bc777818fb5c12c98267030cf8e758,5,0,0.042607613261931319,32.300013647586965,True,,False,development_partition_not_issued
synthetic_long_horizon_identifiability_v1,development,c_8ad06197d1703d01785a50feb8b2de16,ea70c4d6e3f17843ef6638ed5ac30abcd2c58702593c83b49fac7613d78ace85,4,0,0.14710086544733342,32.141999267693208,True,,False,development_partition_not_issued
synthetic_long_horizon_identifiability_v1,development,c_8b58be70e11b26af5584f2ba365ad9d1,a8591767190d94203b217e087e9bc0c6bfe068b140c0848fd0c3ccecf4de5bb9,0,0,0.45473035563917075,inf,False,,False,fewer_than_two_credible_structure_families;nonfinite_disagreement
synthetic_long_horizon_identifiability_v1,development,c_8ba2960e81b188511eb2d3f34c6c8804,c0e620c68dab491c6b298d6011ef472f562f5b74a5cdb9dae17e3b5a31894d71,5,0,0.15625966802031502,52.021695374756384,True,,False,development_partition_not_issued
synthetic_long_horizon_identifiability_v1,development,c_8bc8899d2d250ac6488deabb1cb96efa,0a2d8c6436b9044defa91a81035fe688f24bfd99676afca6dd886f46e860b81f,5,0,0.027659457321125819,37.71529972424063,True,,False,development_partition_not_issued
synthetic_long_horizon_identifiability_v1,development,c_8c0c928a4a2bdd3ab97c710a250a96ba,a44b1f507131f0318f372a0138e9757663a5039d8a5abfdb48e974f1070443d7,5,0,0.12185266601970794,32.878991394418861,True,,False,development_partition_not_issued
synthetic_long_horizon_identifiability_v1,development,c_8c55bb04a632de45ca561e961f5d64fe,03050e7a2e66dbd48377b3fe72d6f5ffc35e77314193888d9d6b96162d247dc4,5,0,0.15727305580004905,38.70323476966481,True,,False,development_partition_not_issued
synthetic_long_horizon_identifiability_v1,development,c_8c7eb7e57b33c02e045951297ef6dbc0,6e7c3bd70b7aa62554c356f10b08e7295c273537343838205d186a118bf1de57,0,0,0.38989241783963824,inf,False,,False,fewer_than_two_credible_structure_families;nonfinite_disagreement
synthetic_long_horizon_identifiability_v1,development,c_8cc6a96be399a119c5d2ff452a2c8770,9cc7d863fa13067945812278acd71ff7aaab0357fa1d307407eca01aae43934b,4,0,0.13475731688188805,33.095718471219612,True,,False,development_partition_not_issued
synthetic_long_horizon_identifiability_v1,development,c_8ce7ebca144fc4984cc9e278b1603abe,8a74366e984552e194b57c76a1ec0e0db02c3c98d0eb13709850074ced04b1d3,5,0,0.088229381981829336,32.892599167424144,True,,False,development_partition_not_issued
synthetic_long_horizon_identifiability_v1,development,c_8e0df33aeb19370532690b250d7f30bf,9ab1600ec12c59aab32f2cc6bbce1c8a0126b23a6b24fbc3cb55b2d6eb47b452,1,0,0.049710756441638401,inf,False,,False,fewer_than_two_credible_structure_families;nonfinite_disagreement
synthetic_long_horizon_identifiability_v1,development,c_8f0b89c00da92496bac233228c4d5652,37d64639242b175be60e8f3d1faeb3b96bb2ed55d30c61f7cc9e8e76ee74b686,5,0,0.12430966083481788,37.342547701534833,True,,False,development_partition_not_issued
synthetic_long_horizon_identifiability_v1,development,c_900d928c8d302944adc3ff2894800491,86985960cb48b90ae829274df9c00ee6d2a6637fee34544f2ce0f87e79134c2d,4,0,0.067097961447314419,57.08512360469571,True,,False,development_partition_not_issued
synthetic_long_horizon_identifiability_v1,development,c_904df529856aef98ed4d7f9aab0165a4,5c4a50fdbd63f64d32921c91ac9c6e8266b830e9376db659ba11e07ce4aba4c0,4,0,0.063082842887118365,50.641742240629945,True,,False,development_partition_not_issued
synthetic_long_horizon_identifiability_v1,development,c_91017e43a0e145919cec36ebd3d11be7,fc13c9a5e994565cc45f0af7b6b59d4482f0ef5cb9f8383af64f5ecc7d8f34a6,5,0,0.060574938244495148,35.781099260717951,True,,False,development_partition_not_issued
synthetic_long_horizon_identifiability_v1,development,c_913d3d4f5812dd0b727cfb69bc95b2f1,84388c6cf5db7d6eba9b4ada704573e0b7891b6c995b4379ee320ddbe1f8de94,6,0,0.13354520456869931,32.584124183590944,True,,False,development_partition_not_issued
synthetic_long_horizon_identifiability_v1,development,c_916366f845325673007b2665a063952b,19d4ab3f6bb864b5b0e9724537cd2466901e179ea77dc6f55af37523f3bab02e,0,0,0.5478666596781202,inf,False,,False,fewer_than_two_credible_structure_families;nonfinite_disagreement
synthetic_long_horizon_identifiability_v1,development,c_9263c6e80131663e1b507fc36c17c919,1551bf36f2e15c47a6c26df0d24f4726b124a8aaef4bb32c5fa418642ff2cbc2,1,0,0.16435549918503026,inf,False,,False,fewer_than_two_credible_structure_families;nonfinite_disagreement
synthetic_long_horizon_identifiability_v1,development,c_92804caf0920ae26b5642bde4d8e9d63,e7c6e8f5194067abd705442babd80926b15b5099d7bb948d745606b83e6c2389,5,0,0.071385054010249749,34.20626815205668,True,,False,development_partition_not_issued
synthetic_long_horizon_identifiability_v1,development,c_9383a9586ad8177e3b1050ca75b27289,e8b4c57b17415891e672cbfbd9a3793a9b69aa6f40ff59c62be5d780bd00e322,1,0,0.029705024683837747,inf,False,,False,fewer_than_two_credible_structure_families;nonfinite_disagreement
synthetic_long_horizon_identifiability_v1,development,c_946e99bd9bb984138258d4674db00edf,7364f8b9fd3349e6ee89ca97fb760c26983e369d3cf41ef4cbbab5790e98ed1f,5,0,0.16576510793342428,45.586227610392449,True,,False,development_partition_not_issued
synthetic_long_horizon_identifiability_v1,development,c_949323d6da180f2c3b904b584845c0eb,0c448ae4bbb9bb183a18f7bbce568e4bbc04befd253d84caacf4e0a7e5deb3cd,5,0,0.15412014034286564,38.669323050712343,True,,False,development_partition_not_issued
synthetic_long_horizon_identifiability_v1,development,c_977dce1ad95e3758faaf77c04be6dbf0,c305df672d428981af56b23e237a19d1bd24e26e013f9b6dcd506537e2813f88,1,0,0.062924902070239486,inf,False,,False,fewer_than_two_credible_structure_families;nonfinite_disagreement
synthetic_long_horizon_identifiability_v1,development,c_97fbbe6dc0dd82449219b9ce780725b2,6c373566b10c45f72298d58f43fa5f65525a48772393ae1cf96eb59d10d0ebcd,5,0,0.024462298984475935,35.741700006542651,True,,False,development_partition_not_issued
synthetic_long_horizon_identifiability_v1,development,c_981ac655fbb4cfb3f1f5cf681a2ed060,77d33ca4e18c624df47ade09b3e2367b97c93fae7201742eb45076a472ff1a7e,4,0,0.01635522396003988,34.419124553861401,True,,False,development_partition_not_issued
synthetic_long_horizon_identifiability_v1,development,c_982c25d250dde8487ecac384d174adb3,cffd9496ae92c8771449b3c41dc7d7605eb912fc3fb115939f388b87aa0b4eab,1,0,0.034146011044234564,inf,False,,False,fewer_than_two_credible_structure_families;nonfinite_disagreement
synthetic_long_horizon_identifiability_v1,development,c_9830e5edfdd20e67821108fb3ce70625,7cdb88b0cc6e21486e4695ef9d1abaec8cc5f31eb6fa5b196deb7f53591cd77a,5,0,0.13689151207984723,33.830750791735085,True,,False,development_partition_not_issued
synthetic_long_horizon_identifiability_v1,development,c_99120c38b51fd44edf7e5d8e91dc4a42,81072e3baf1d526d500675386f2991ad2a7ba4298a84b51b3aac920a3d024502,5,0,0.074301216569180623,35.685283535418428,True,,False,development_partition_not_issued
synthetic_long_horizon_identifiability_v1,development,c_99d30ebc728f0eb6680ae4e075617c45,f0953dd8f194df04f13a3d951293944db4566bb13a01fe4e88ab471b07d1d026,1,0,0.045602398120567052,inf,False,,False,fewer_than_two_credible_structure_families;nonfinite_disagreement
synthetic_long_horizon_identifiability_v1,development,c_9a95c9f0d9cb41f9586f56e452df92a8,225ee066eb3b64f6df24f0462a475aa21d5b309a7bf13efb0b5d641a9f27b504,5,0,0.031309099866275961,34.778109719651518,True,,False,development_partition_not_issued
synthetic_long_horizon_identifiability_v1,development,c_9aba8579d53f27b9c07dcc0a72d5a402,960600bfce9168d24e538f289a40fb13e34ff65fb9e08dc1666d6063f354983f,5,0,0.19007020518482096,32.141997840351905,True,,False,development_partition_not_issued
synthetic_long_horizon_identifiability_v1,development,c_9b1e6ecc361a332f6122758bacd9f385,8c6834d56bbc5b884a068569c1777b65776dad6fafe53ff80410d3c506504030,5,0,0.039970566006432041,38.574659301835574,True,,False,development_partition_not_issued
synthetic_long_horizon_identifiability_v1,development,c_9b5f156dead9d976a297435641cce445,0d093442837a7fb5950cbd27a4a1a984e8e819829b5a79b38568273c4ae43966,5,0,0.059292402142943193,32.141998725476356,True,,False,development_partition_not_issued
synthetic_long_horizon_identifiability_v1,development,c_9b63ee9dca6d6584c0443cba4e76fa93,c0312985fab1b32d15473447d1425b95b5e456da14447d54853bf7f6289b79c2,5,0,0.069460897654851514,32.141999845893849,True,,False,development_partition_not_issued
synthetic_long_horizon_identifiability_v1,development,c_9bc80b9ae857852533db80c88ca4298f,9d855dfc1bd08f7ae7333f6cd95f90129dc56d3fbfa77e34d08ec948233689d4,4,0,0.10820838620380832,32.142009968591744,True,,False,development_partition_not_issued
synthetic_long_horizon_identifiability_v1,development,c_9befee3c48fc6447505f8d01b1038ac0,3b1267f4cf717730d6fa9aab7c6833bc5ac098148a456518341bbadd49a89995,4,0,0.12195154607757593,36.101567199166496,True,,False,development_partition_not_issued
synthetic_long_horizon_identifiability_v1,development,c_9ce86f99a3edf82b2cdedf2dbb960ef2,f02f79ab8a22583b1229b3a53ac3ceeb9d00be10f7f6f2545b119f98a4651686,5,0,0.1077071681754123,40.014606259782234,True,,False,development_partition_not_issued
synthetic_long_horizon_identifiability_v1,development,c_9d885a50cdc131e08d051294d62abb1a,b49029680e597491fb17cbc12477aaf22aaeef96171f1b4790116271b8bddf91,5,0,0.083955019202603107,33.516975552657129,True,,False,development_partition_not_issued
synthetic_long_horizon_identifiability_v1,development,c_9dd472e0cef0dafdac6c218c8a0d2c78,957e5dec27e7d02749295e0cca9b2e98ab96197fbe2059e220c0811738e72b43,4,0,0.14322075973875811,34.676281017128652,True,,False,development_partition_not_issued
synthetic_long_horizon_identifiability_v1,development,c_9e8b25a4074723f897094fb1ee711229,d3b8659b78288826f4dac0a87603304a6cf090ec8cd8470019e835eeb007464c,4,0,0.16096476301238571,32.405496350110965,True,,False,development_partition_not_issued
synthetic_long_horizon_identifiability_v1,development,c_9e9733a6df0c8679a27d58decc06b76a,17ffd056675ccf9e3884cf282a809b6001b82050ee5f52f3ccde42f606aeb163,5,0,0.051307697058291656,38.618423577976678,True,,False,development_partition_not_issued
synthetic_long_horizon_identifiability_v1,development,c_9ec100f5cc66784941fc9dec05f48b0f,4ebb582311219614b19ffc2758679132f4df2c5c94ea4f964f596d798d6a3786,2,0,0.18241784590468613,4.7226551609036704,True,,False,development_partition_not_issued
synthetic_long_horizon_identifiability_v1,development,c_9f49717fb11dc2dc997c2df4d8a71439,56e62b7116ad021253b284eb03dc36273fa86829ba048154287e9f14a2c30244,5,0,0.026956338269734651,32.141998266626963,True,,False,development_partition_not_issued
synthetic_long_horizon_identifiability_v1,development,c_a091c465b07dc99ba8f3c764c5739963,63f220c3a334541306681d91964ae04979fedca7a755c8764cc1fa8c2602b06c,0,0,0.31039937019121056,inf,False,,False,fewer_than_two_credible_structure_families;nonfinite_disagreement
synthetic_long_horizon_identifiability_v1,development,c_a0a18525906e680dffc6a75c69f0d316,5bbd65c6d0c0063b1ccf3287b6d8bbd231e976d1dab6bb1a5bc6832a7ba4b3a6,5,0,0.033916994153927148,32.141996119239423,True,,False,development_partition_not_issued
synthetic_long_horizon_identifiability_v1,development,c_a19f87d91c369e4962677ebc48ef5c65,a095146b3b4a26b875fea16017b81d18d816f652301df3346bb9c5e823134f3f,5,0,0.1680012952018804,32.541662590776511,True,,False,development_partition_not_issued
synthetic_long_horizon_identifiability_v1,development,c_a1c3aae38a666aeafffdd2829dfa15ea,c5ca0add6b90b8652f4b4d7bdf0c5b6f2e3742368b8c985d22d0a6c106a44191,0,0,0.63024667508291921,inf,False,,False,fewer_than_two_credible_structure_families;nonfinite_disagreement
synthetic_long_horizon_identifiability_v1,development,c_a23995653cfbf721a34675651268744f,b377cd6134a74380b44e81328c64c9c2314146331c8fddae8cc60176e2789959,0,0,0.48389428233311677,inf,False,,False,fewer_than_two_credible_structure_families;nonfinite_disagreement
synthetic_long_horizon_identifiability_v1,development,c_a2cde022150f00c707f18d39e9a05232,4982414f39468fa6a9c7d63a2f6efc9521bdbe9f4983aeda4f24d8b66600e119,0,0,0.44335653644261197,inf,False,,False,fewer_than_two_credible_structure_families;nonfinite_disagreement
synthetic_long_horizon_identifiability_v1,development,c_a4058f7e626861eb2a139d60bd033c5d,a2d69e443f3254bafa846f133b8c5638ecff49f0527f376f5c984eb6d3a4b5a9,1,0,0.081363676877546226,inf,False,,False,fewer_than_two_credible_structure_families;nonfinite_disagreement
synthetic_long_horizon_identifiability_v1,development,c_a41b1fab6f604da3a7390ea2b6567a4e,a1ae00d583f077b1a443b48e7f790508c9797ea241ec8b3f7970162dfb3949aa,5,0,0.11393089978470256,33.099772951945354,True,,False,development_partition_not_issued
synthetic_long_horizon_identifiability_v1,development,c_a44874de46b9c3048f85d25cb0fa8c02,3d2abd7b60135b59786b4a50597f9a12d34ef4db1e4a10a5976bd00288a8f171,5,0,0.11085876356447806,33.900842057995902,True,,False,development_partition_not_issued
synthetic_long_horizon_identifiability_v1,development,c_a47508438ab161e5136c12d4aecb8ea2,ac4ae59814d9ada60334c6c48e87e0f218ff633d8f39eb60d871590663bdc25d,5,0,0.14408575767052947,35.640975331280451,True,,False,development_partition_not_issued
synthetic_long_horizon_identifiability_v1,development,c_a4a23780771c7dc0a1c1de95160d415e,8b37abda06bd8ec3e9b2bc909965ad5ce4e88aac53f24543cac455a0634235ab,5,0,0.10624718465274628,36.027382531538542,True,,False,development_partition_not_issued
synthetic_long_horizon_identifiability_v1,development,c_a6022e4d0648a2dbd5c54ba3b5efb246,19c362634bed2a0c253386e06c5cb62b1986421bf6418d75248550d8878597af,5,0,0.03692934242221188,33.665986775453689,True,,False,development_partition_not_issued
synthetic_long_horizon_identifiability_v1,development,c_a685f493f5627f562d1f4765bb3ef9cf,ef953316d5f5ec07e873f1b592e5ae32888bd10c4f5f0e6388a916a4c038eab4,5,0,0.065474606662261917,32.141998050015857,True,,False,development_partition_not_issued
synthetic_long_horizon_identifiability_v1,development,c_a709ff401ebd7986a5f1c14a24d0d727,0835dcd19b15891af6e9da6549e526f2cec9c3ce005e4962dd3f04bc7fb3fcee,5,0,0.040999292057398037,33.710632687634153,True,,False,development_partition_not_issued
synthetic_long_horizon_identifiability_v1,development,c_a73079300d7576c02e4936b152ef3564,cf53b8b0e399f023367b7d6c5b9e0e52e2039393048d1965873359462067c1a5,5,0,0.031540692883636111,37.641317362926308,True,,False,development_partition_not_issued
synthetic_long_horizon_identifiability_v1,development,c_a746fa90861f7fa381f7f005ae9631c8,8871e68b6c297ae1adaa65ab1f947a5c96d5b7aee6569cd7d6a5a6f3a5950845,4,0,0.11466702859700144,32.141999071300518,True,,False,development_partition_not_issued
synthetic_long_horizon_identifiability_v1,development,c_a7bce20ddd2e4c365916aec5ecb45dfd,19b28c2060f072e7cf1d4d8b6f3e74cbc5d862a607914928e7a6b8c904983e7b,5,0,0.013131520655563283,32.14199802506495,True,,False,development_partition_not_issued
synthetic_long_horizon_identifiability_v1,development,c_a8adddeb1a82aad9e5f8b78417115b00,797d7f16a8e1daaac81bfee8178701ba2b9fd6549cf0e750c8307d35ccf4cd08,0,0,0.32397521793238926,inf,False,,False,fewer_than_two_credible_structure_families;nonfinite_disagreement
synthetic_long_horizon_identifiability_v1,development,c_a8c32ba846d1ca4fdef1504180abba17,d29e6e90d09be5e5162e287e33f6b9c7826b33b3e6f347d02122bae0e3573214,5,0,0.0456411141757702,32.941572264521611,True,,False,development_partition_not_issued
synthetic_long_horizon_identifiability_v1,development,c_a982f700504150204fd66db512ad335f,0a36553e311fc5bf622180ab0885cfb3388dd66261a273a127350752ae7d2349,4,0,0.11084765389417886,32.14199910237167,True,,False,development_partition_not_issued
synthetic_long_horizon_identifiability_v1,development,c_a9d8f8566dd67bd9692ea703e529405e,25dbb4f907afd393d243a50f33c821cec5381beafe544b12a80a6cf31bfda540,4,0,0.20244188906659091,32.141986785786521,True,,False,development_partition_not_issued
synthetic_long_horizon_identifiability_v1,development,c_aaeb31950fc44a7f9382d8e81febb425,c6573a25a81fc61a95b2eb1bfe299be8f5e2eec5c644f165983b602473943d32,1,0,0.10312703291433026,inf,False,,False,fewer_than_two_credible_structure_families;nonfinite_disagreement
synthetic_long_horizon_identifiability_v1,development,c_aaeec4b7b7c5bdb804366be0b97bbdfa,e40bcb5a0327d18ed7394e602d89582809727692ab69b15e455d1b44a73f78c7,5,0,0.1975174731743099,33.949541882143393,True,,False,development_partition_not_issued
synthetic_long_horizon_identifiability_v1,development,c_ab35572ff6ee25c30870bd7c20d81217,07fdf8a1d603136f8f5aba3497215786f07dec7a1469b4fe3561f122d0649d14,5,0,0.12275585750200596,34.611085488674782,True,,False,development_partition_not_issued
synthetic_long_horizon_identifiability_v1,development,c_abcf6f941b0b8255270dcd892319d7af,116b2a04a30f49c000d39a864255a14c183788d32e882394650a718988e7dee4,4,0,0.094136328855976947,44.844944345161743,True,,False,development_partition_not_issued
synthetic_long_horizon_identifiability_v1,development,c_ac3120b90955af357920351e6361bb54,f7e2ca7fb21fdb85efcf8ee970cc049afb597cbd1ad615c84aedf8ea54dbc859,5,0,0.091079244325926817,33.639630342012126,True,,False,development_partition_not_issued
synthetic_long_horizon_identifiability_v1,development,c_ac90e8d0275235df7c8fad3976081d89,a780dd67279fd934ae6ad67a810b8d968a5faf01659bf7d2b767882cf8e883dc,5,0,0.078381350595615462,39.558586716537853,True,,False,development_partition_not_issued
synthetic_long_horizon_identifiability_v1,development,c_ad1c316faa70b0d10f3717e34e70df50,39c5ae98df2c4d040a91d9d1cee7da0931f2cb4328f9a0befa69d0cb7bf89e9b,1,0,0.06496063837181211,inf,False,,False,fewer_than_two_credible_structure_families;nonfinite_disagreement
synthetic_long_horizon_identifiability_v1,development,c_ad5ab7f199dd9f2846aafe94b576d417,98fb22b94447e0b18773b543d280ec32ee4e2b573ceb5a1ae11aa4f8218f4afb,5,0,0.15838545838070892,32.142000013867715,True,,False,development_partition_not_issued
synthetic_long_horizon_identifiability_v1,development,c_ad83eb162f7e904429c73da7e40ff7e7,71ac41f6908ef873502799a623b3cde1ebd010a9a1cbce51b2a21f111a9a0c0c,5,0,0.059589324060275492,32.30311939210921,True,,False,development_partition_not_issued
synthetic_long_horizon_identifiability_v1,development,c_ae57d91af37aa7e1c5c23ee3feeaba7c,20ef761238fa333284e9c248e71fd9c748bcc665df9378497d0ae5cccc02d06c,1,0,0.030034986946928962,inf,False,,False,fewer_than_two_credible_structure_families;nonfinite_disagreement
synthetic_long_horizon_identifiability_v1,development,c_aef2da695fcf060bdde7851cb7522d44,6f966005a2556aa818a9c35bc28c4057c27bbca7a3393d1693c6f98c96d4a345,5,0,0.14107434151393233,39.190643990384125,True,,False,development_partition_not_issued
synthetic_long_horizon_identifiability_v1,development,c_af01ca432bccad1ec8ec3770b8f6f6be,c756504b519d28c4e56b001c9b931a47b53fdf12bc0a8f2e55937893e9e8794a,5,0,0.073000560268445522,35.51277417220026,True,,False,development_partition_not_issued
synthetic_long_horizon_identifiability_v1,development,c_af1ee1d9d8bf1a0be102e75321cf4596,a74db6c6329a94136f16fd96605e936c3e13ca43878c6ceee7566e5bf2d4a49d,5,0,0.048046383486033815,38.229419470693706,True,,False,development_partition_not_issued
synthetic_long_horizon_identifiability_v1,development,c_b0c7e98cd1e7d54f9e1649dade53b1dc,3a231ef5c9e9784eceef742b54ca87827dbb6df28b3e732a0320bfe9a2281ebb,5,0,0.16053616515448313,32.141997206569748,True,,False,development_partition_not_issued
synthetic_long_horizon_identifiability_v1,development,c_b0ce2544bec6bf0b0af59cd9110c3e50,99664106862034dc420cdd9d4fa768c4ccd334bd7d79d0908d043cb63e21934a,4,0,0.044475232984984403,34.613034913947637,True,,False,development_partition_not_issued
synthetic_long_horizon_identifiability_v1,development,c_b20093a6b95e4c75e89ff0ee9e0cc241,3b7040a313a332d3b96e6b05bbdcfddd0bc2305cc87622c72865554cadf9a76a,5,0,0.13334656298207526,32.999498788745065,True,,False,development_partition_not_issued
synthetic_long_horizon_identifiability_v1,development,c_b2e2cfb138f7d7f1d27fb2aeb0f0a6ee,cbef695f1b69102c856417bd9ad274397c70a842577e8a830d665d4ed881d17e,5,0,0.078371160706640713,35.936933531279628,True,,False,development_partition_not_issued
synthetic_long_horizon_identifiability_v1,development,c_b37dbbb2c19c666f4ecd6b4484f684be,bd069b8c06c3ad9776ab24e59e05cdbc1a8803a0eddc09c4decd986971060fab,5,0,0.063974158584902754,34.736018437487381,True,,False,development_partition_not_issued
synthetic_long_horizon_identifiability_v1,development,c_b3b637c07d08399d1e6e031744486d54,39b0cebae83ebcb01943ed659afe04fb41c9aba38a2e3b314c591965b26e0a0f,4,0,0.18908001908599173,56.172109600025252,True,,False,development_partition_not_issued
synthetic_long_horizon_identifiability_v1,development,c_b446307928b6ec1e7c9c97ff41b268a7,bf10f43a0e3f2359fd8ca8863a679941bea80c837f81d261a136a424b44cf42f,1,0,0.019632022138386898,inf,False,,False,fewer_than_two_credible_structure_families;nonfinite_disagreement
synthetic_long_horizon_identifiability_v1,development,c_b642b8ae96ad74337eee721130af9a68,2a1f19b96ff7beb3e976e68f33681d976a6b52f8b723a24af9a9b1387fcb7673,5,0,0.044734062398908508,33.794409535636632,True,,False,development_partition_not_issued
synthetic_long_horizon_identifiability_v1,development,c_b7d9faa74adddb74f6a7179b0b71f158,b75b7476b16e1de349cbe994a6879c145b6e2348c063d846ac52da5cdedaf859,4,0,0.05845453089704384,32.266311229837854,True,,False,development_partition_not_issued
synthetic_long_horizon_identifiability_v1,development,c_b83cf495c74a02fa8721f4a02331e33b,7dc1e17f3e598bb150de25fedd2e990cb461a054cbfcd7a74086b181ebbf25e1,5,0,0.023704630051630319,33.066672933986894,True,,False,development_partition_not_issued
synthetic_long_horizon_identifiability_v1,development,c_b84954952cbc243ee9a0c0fc9cfef2f4,0f30a548c57c84788d635013d51ee360c226ee0f012af2726a4e461a2eac0cef,4,0,0.041498855065847377,49.882063465361917,True,,False,development_partition_not_issued
synthetic_long_horizon_identifiability_v1,development,c_b86ba068d0b991b89046084e60066c5a,70c1568c82d76ec39807d13726ef99e89430a93e042eb102d3aef3883c997aa8,5,0,0.13796781268801278,44.161073634908412,True,,False,development_partition_not_issued
synthetic_long_horizon_identifiability_v1,development,c_b94a747381150e0ac44723089227274a,506c40fc9639e002ad27f170349c925b709328a830ce0ecaafb18bd46275bbc7,0,0,0.35687653958961857,inf,False,,False,fewer_than_two_credible_structure_families;nonfinite_disagreement
synthetic_long_horizon_identifiability_v1,development,c_b99baa9fe56c7579a89d5820ca4a8b8c,a09e6fd1dfb9b5888568ec6c82bd465ecb87a5bfb3d857c0d63ad352e5b7c514,0,0,0.24041656151006879,inf,False,,False,fewer_than_two_credible_structure_families;nonfinite_disagreement
synthetic_long_horizon_identifiability_v1,development,c_b9d51ff7f4060a0696c986bf06009da6,68844548909c5ca2af865464d13c2777df51849764f08ef82627c53f75f45ff6,0,0,0.33825320731061198,inf,False,,False,fewer_than_two_credible_structure_families;nonfinite_disagreement
synthetic_long_horizon_identifiability_v1,development,c_ba85316cc817ac9006126fe7f3478c97,1d297d0428a86ffcc2c2c72fd3aa80d4ea93a9db49b3c467e7388eb26590d4c5,5,0,0.14237244726001486,35.389471379055713,True,,False,development_partition_not_issued
synthetic_long_horizon_identifiability_v1,development,c_ba9e2a89c72455ada2cdfc15f5f3e5f1,1b7aa95cdc1f1e4104a2a87665e3a2721fc98f985073691b0e51991def42faa8,5,0,0.15780430542562199,33.13363257017118,True,,False,development_partition_not_issued
synthetic_long_horizon_identifiability_v1,development,c_bb74c09141da012a6dfb1a4b6e87ae1a,2279ccf3219ac982b79faa1d4482eecbe6a08ab9394f83ff0edc38b6d10a9b31,5,0,0.073494738601221909,32.141999073654418,True,,False,development_partition_not_issued
synthetic_long_horizon_identifiability_v1,development,c_bc4a02bf35936f082446b196d6e5600b,5482916b4cd603b9a79a1f79e70fc9268198c81bd07f6102c02c6253f3808f91,4,0,0.079254555771160293,32.141999183950738,True,,False,development_partition_not_issued
synthetic_long_horizon_identifiability_v1,development,c_bc6a7b1209a5646cb332ebefd0db9bcf,87abb48ba7045aa0bf84c760b9ed6c9ad9b286a88f140a5420c2125e9a31f73c,4,0,0.192875598744018,36.061589146024495,True,,False,development_partition_not_issued
synthetic_long_horizon_identifiability_v1,development,c_bc98d0c7742e6f63734a2b75a232231c,30f0e8ba8ca69cd3a0bf37cbdcc2a757a03a32a0ea8a477df21da02e12d2cf94,1,0,0.1961536903230694,inf,False,,False,fewer_than_two_credible_structure_families;nonfinite_disagreement
synthetic_long_horizon_identifiability_v1,development,c_bd2df5d19d35f3af22da8ae09f6d54ee,04bed9db5006fd02e049d64952f620e65600fd88bde67d36c5712e92b963c817,5,0,0.060472338150217513,32.679403207261672,True,,False,development_partition_not_issued
synthetic_long_horizon_identifiability_v1,development,c_bd4b8fdf9b8ddfaf8696f976aff02c1f,f9e6a67dd882dafed4966361ff95305423a593d1aa3e46d2af8e804aae11f61b,0,0,0.24072391810504248,inf,False,,False,fewer_than_two_credible_structure_families;nonfinite_disagreement
synthetic_long_horizon_identifiability_v1,development,c_bd9ef78c2f26fa28e73603b90c4520fe,b42685ecd2fc706601204ad77fa3a80dcdfb734e111be25e13590acf7d5ecd71,5,0,0.1178182161154973,32.141998458199829,True,,False,development_partition_not_issued
synthetic_long_horizon_identifiability_v1,development,c_bf8e141ace8b448a646c6be67989bcf9,6cb1544e57b1ea9ae15104717d78efa28962937d945c8e23a4b836080d1d1477,4,0,0.076726469720094573,32.141999114853448,True,,False,development_partition_not_issued
synthetic_long_horizon_identifiability_v1,development,c_bf99e528740fef62f56f93125bdaa527,a565b124b323e0f368f1d5e05300cd2270552d8e62cc31d08c491a80b70f1ad5,5,0,0.1936171196072953,32.141999827840493,True,,False,development_partition_not_issued
synthetic_long_horizon_identifiability_v1,development,c_bfe1c0c0b6cdab350e403faf9b32a782,840794c7994080fef4f61096a0633d2ab950ecb755198095b4da77d7bbcc7b15,5,0,0.19614247043012639,57.503243423570105,True,,False,development_partition_not_issued
synthetic_long_horizon_identifiability_v1,development,c_c08190e5a660c3f2756c3e3601847b7e,4bfcad3ccb01b90810c8a9acac436f8a1e66791a98fd953d086b86017373a61b,5,0,0.09437924111841936,32.141998214695789,True,,False,development_partition_not_issued
synthetic_long_horizon_identifiability_v1,development,c_c0a6cfb6cc8aaa64849dc834c3991af0,14a5da2f2f702edad109551d463a586d73d6478c7756a16543289ccbffdb8d23,5,0,0.049305455171508486,32.141997278291541,True,,False,development_partition_not_issued
synthetic_long_horizon_identifiability_v1,development,c_c17da89c1a4bea87c24990fb9272d7a2,033bfb91b7ec27c0599a3c325c78b0801da0faae7d6ea373b4130d3bd603184b,0,0,0.51006880571230162,inf,False,,False,fewer_than_two_credible_structure_families;nonfinite_disagreement
synthetic_long_horizon_identifiability_v1,development,c_c1f16d8b08fbf8b756409e72a968d36d,0e104adefd2913a5b7340b461d87dcd1cb954a7f05d73b7f3e3640585efc6131,4,0,0.094409570045036653,58.06381660219062,True,,False,development_partition_not_issued
synthetic_long_horizon_identifiability_v1,development,c_c204dfe1d7d8757f0cb32114e7610121,5dfbd39b5f9437ca96c4a677409323c586fa84a62faa93323b3774db240b1054,6,0,0.028894823272295839,32.697037323617664,True,,False,development_partition_not_issued
synthetic_long_horizon_identifiability_v1,development,c_c26cd46b2bdc60d80ebcbba860c650be,0592d21e313e632834ed002798ba91b8f5687016898b4fd034accd82b8d89f89,5,0,0.031742848879321134,33.362603319369057,True,,False,development_partition_not_issued
synthetic_long_horizon_identifiability_v1,development,c_c3c2f87a2f8e42d7312f424e6631915b,d3659c3e8b30cd22a399822280b1591295e2adcb5c0c3cdd778ea3fe71e27358,4,0,0.078543075929066647,42.643319162184831,True,,False,development_partition_not_issued
synthetic_long_horizon_identifiability_v1,development,c_c5832e22df7b045fd9b218d5cc0d8ab8,b0c0d23a026e9b05257661b87475e486d8a0f2320b811287cd32012d49ad6a6d,5,0,0.089268572236073512,33.558386135447904,True,,False,development_partition_not_issued
synthetic_long_horizon_identifiability_v1,development,c_c594b29db5306e8d5391fc5664c500bc,c6dff37ec46531ff09b4c99cc74e92b0f4b5adf23c2940e2a0156d30f2a2e486,5,0,0.069145541221788301,37.059164238203941,True,,False,development_partition_not_issued
synthetic_long_horizon_identifiability_v1,development,c_c5a6ad063c24587687f3a4c1df4051f4,955041d25d8639eed2a0667ab13b3a8c8abb9886529607e07ea6a57b61a82701,6,0,0.20755704109742831,32.155000056252348,True,,False,development_partition_not_issued
synthetic_long_horizon_identifiability_v1,development,c_c6f1df7760b025ef5bf774473fd0c77c,1b8f94e9dc0ca808fb8372048dd2de6a30d1835b6fc8fa2b67e92fee6acd3ef0,4,0,0.028151391937707018,34.353447708692293,True,,False,development_partition_not_issued
synthetic_long_horizon_identifiability_v1,development,c_c7a0d64fd32b5b49c53a4888317e53ae,efb3eb234e3cbada3a7339d5cb80e067c67399eb2ae5995be8386fb599387dae,5,0,0.1070471209989672,41.145219051544451,True,,False,development_partition_not_issued
synthetic_long_horizon_identifiability_v1,development,c_c9998988e77b7667f09df40d13fc3c38,9da63eab07dcc896a24c96a8f3ddc83a4c7d121bf0fb84f93798e4fea9a12b29,4,0,0.16730873488464731,32.149710569142385,True,,False,development_partition_not_issued
synthetic_long_horizon_identifiability_v1,development,c_c9d0a4bc3919348ffbc71ffea4c13ed9,0b3dd8bbc603b9075d1110d2da40f4d325a655d7bfdc7f49ac0d98a9e5d9247a,5,0,0.095068908255917822,32.141998406935187,True,,False,development_partition_not_issued
synthetic_long_horizon_identifiability_v1,development,c_ca0f03a65f769c8d036350191287da20,e730ac01d5d6822337db939275226d5436cdc3f9e1f3d21b921bd80451f575e5,5,0,0.028348612349201874,32.850585579218041,True,,False,development_partition_not_issued
synthetic_long_horizon_identifiability_v1,development,c_ca3c0b47f224231318d9b92036416e7b,a26b4ee21a63fde3cd422fb0820ad6f829fa545c862b0dfa8d91a6a161865d98,5,0,0.074247855049668118,32.141998130918466,True,,False,development_partition_not_issued
synthetic_long_horizon_identifiability_v1,development,c_ca7484e71b006ab0cf3b730e8213c5c1,f87269adb2b50b5283f9d6a57176cfdbcd7a2419e4b1b2be8d4d99dd709ca8be,0,0,0.35050282589727044,inf,False,,False,fewer_than_two_credible_structure_families;nonfinite_disagreement
synthetic_long_horizon_identifiability_v1,development,c_caa608f92de6b6fc7e69f82ee95931a9,b32efc5c221898e58e620efb71d431ef0701a212de23753611ffe13111ce7198,5,0,0.12763241757550564,36.424577649470145,True,,False,development_partition_not_issued
synthetic_long_horizon_identifiability_v1,development,c_cb1578b41ed216bc352f7a7efc747d85,20a318c371f856879ef6955aa5b86740849d29eb0a64a0f034861280c2d0424d,5,0,0.15943577544364057,53.033116915411917,True,,False,development_partition_not_issued
synthetic_long_horizon_identifiability_v1,development,c_cbb174a76123a5aaa246138dacf7f181,aa7c9cddea17ece4452a80db81395c07c1851acdb628f3858a87965ea5310841,5,0,0.065903649172952841,32.308866540433598,True,,False,development_partition_not_issued
synthetic_long_horizon_identifiability_v1,development,c_cccaa221b2948d7107c0458583d905ec,dcd5a4b5d86f9bbb48b448afb7441f157f02c4a50944b2efb850981e2a97026e,5,0,0.14152206590592734,36.197705941003953,True,,False,development_partition_not_issued
synthetic_long_horizon_identifiability_v1,development,c_cce2e00b2cb6eb9dca87ea5810d26be6,eb6789cccb3f814fe3d6454f365c52ca75e485eaf5b757d29e0c3eef32434da9,5,0,0.01926393401846703,34.91494450011006,True,,False,development_partition_not_issued
synthetic_long_horizon_identifiability_v1,development,c_ccfa08736dac900f8cf4d2867fca579b,8bcb372202934aad59a17251918493f7e61345dee1d4421b3172a114871a6d84,5,0,0.063436468916375791,33.029578206535206,True,,False,development_partition_not_issued
synthetic_long_horizon_identifiability_v1,development,c_cd172d8b9b55f58e776da3db15f62d21,f252ba4bad2a1cc913754b153b91fcdc6d8436de2fd1f8b73621bcedbc7b3333,5,0,0.15105559427592816,34.267906848095812,True,,False,development_partition_not_issued
synthetic_long_horizon_identifiability_v1,development,c_cdf964c4a775adf25e59b5c93bd32f00,93f665e629ee9f9e9854497e977adb9c0cdc655c9e653fa933dc0460e3486fe1,0,0,0.51034595335773891,inf,False,,False,fewer_than_two_credible_structure_families;nonfinite_disagreement
synthetic_long_horizon_identifiability_v1,development,c_ce4a618e7bc12048541e39df5e857814,3e8bdbcc0ed919e328e2bdf236e83add29937e31f28467c897c226694cc4207c,1,0,0.0660134037732579,inf,False,,False,fewer_than_two_credible_structure_families;nonfinite_disagreement
synthetic_long_horizon_identifiability_v1,development,c_ce9fd03d703613866fb5cfef193e5e95,919c6dc9e6dbd1fac47a84a85a83133ca8a6c8814e98a53c2928530d81fc2c6e,4,0,0.1973924023424232,55.760002379735944,True,,False,development_partition_not_issued
synthetic_long_horizon_identifiability_v1,development,c_ced2f078b58161dbdb78f11dc151797e,2d47b5588517e5104f5b9fe178c3ce09219999700d9377fa9f43d59b685afc80,5,0,0.15347642519510457,32.62398627302187,True,,False,development_partition_not_issued
synthetic_long_horizon_identifiability_v1,development,c_cf9d590135b7d02792347c1220203529,f8cb4d5827f110442a5de397fb5b49535e5371db81f8dbb6af9c15e45a9db6c0,5,0,0.011399117118581388,33.774264126150705,True,,False,development_partition_not_issued
synthetic_long_horizon_identifiability_v1,development,c_cfb36e2de56e45c6e5249aa4183c8ca6,0cf770a57d7a9385884e09bb0e6317c4456432bb493dc858e843b609f96fd60c,4,0,0.21812993399657793,51.164105800432957,True,,False,development_partition_not_issued
synthetic_long_horizon_identifiability_v1,development,c_cfbf101452f0b6b628f61b8ffecbd052,291a4ebeb98283f0cd061354db1db3d31eb636a6e50ade8527c9b0c7309b8bd8,4,0,0.089425712313848799,32.560072573082593,True,,False,development_partition_not_issued
synthetic_long_horizon_identifiability_v1,development,c_d043dd25810630db732560cfd464422b,1e1ebb904a04717ccf271db135d749a8d0e2c27731fc81b462afa4e7b65dda1a,4,0,0.12884247095533793,41.058224472638422,True,,False,development_partition_not_issued
synthetic_long_horizon_identifiability_v1,development,c_d0652604f4fc114a2c93f06b6fb8ef4b,ef08446b56c7aaf1bfdc530d5db7bc259f8747b6614bf1b26ff78062f3d59d0e,5,0,0.21966064557737552,32.141997998644001,True,,False,development_partition_not_issued
synthetic_long_horizon_identifiability_v1,development,c_d1920b5ac32b4bd493be72c4ec09e7c3,9efe9e1bcb352e4cfc958854236ef52c1bb4dbed9faeda018a022312b524943e,0,0,0.82338171901924817,inf,False,,False,fewer_than_two_credible_structure_families;nonfinite_disagreement
synthetic_long_horizon_identifiability_v1,development,c_d303ae0e4a063f8d01be935e5130a894,4ac193c044d32d744f4075d537a52059bf180618d126b321a22ec98a0df28e74,5,0,0.032184367933774688,38.386839362843496,True,,False,development_partition_not_issued
synthetic_long_horizon_identifiability_v1,development,c_d3fbcb5ec0c23dff313ba56285c26219,73ba814c34de664844406ef4dc0655048a6d1b8a7a44806be14467c7897620ec,0,0,0.57166985327721354,inf,False,,False,fewer_than_two_credible_structure_families;nonfinite_disagreement
synthetic_long_horizon_identifiability_v1,development,c_d4e55e28e9dcc59809f90deefd2053b5,ba4eb66c68500d3122e86365f38dcf1499b372d80a56b40f641315d859e1982e,4,0,0.076729936064531712,44.773362814840759,True,,False,development_partition_not_issued
synthetic_long_horizon_identifiability_v1,development,c_d56d9267adc5c09f2e7964c4de0506e2,64d4c560f99921470304af8048c77076519dcc04b8028ba3e88d5454b452a3fb,0,0,0.45636180840571267,inf,False,,False,fewer_than_two_credible_structure_families;nonfinite_disagreement
synthetic_long_horizon_identifiability_v1,development,c_d62da13a118889d71aafab1a3e3375c7,32b7aa07fe1d5c2cb74be523ee67de32b4dc66f3cdef1d0630b107ce6b8c5c9c,0,0,0.25738992473810079,inf,False,,False,fewer_than_two_credible_structure_families;nonfinite_disagreement
synthetic_long_horizon_identifiability_v1,development,c_d6518a9dddfea48d00ea8d102ba6ecb3,7ea0b306014b422018254fe62ff8114da692fb7d063c5d7731d13a2cd1867d31,0,0,0.32126565397651979,inf,False,,False,fewer_than_two_credible_structure_families;nonfinite_disagreement
synthetic_long_horizon_identifiability_v1,development,c_d6ede5b9c58168fd1f8f904b569e66c9,f63264991cf0cd01f9bf2699f6a3b9c0e72abdec08cf00404d8f71c1c86a6b6e,5,0,0.090091339089656997,34.092056923570276,True,,False,development_partition_not_issued
synthetic_long_horizon_identifiability_v1,development,c_d7414b516f0f1f4fdd00b974558105ea,9c1886316edfa7c162f20e3873cf0d289995afb0b58d727a6756096c25a36e48,5,0,0.10960138197532993,50.319405994347854,True,,False,development_partition_not_issued
synthetic_long_horizon_identifiability_v1,development,c_d7c5f04085fb9ce88326b18ed73d99a1,923fdb59a52dbb87cb648c4fecc9c4ebf94139b4aa5399446536fa736a981517,5,0,0.074691067098654126,32.141997604354685,True,,False,development_partition_not_issued
synthetic_long_horizon_identifiability_v1,development,c_d7cfd92d08adb2b6bc0159d4222daae4,7882d4828345f2e8975d70c544258e77cfefa8b0d54e95e4faabfc986b8a9edc,0,0,0.3738546223336906,inf,False,,False,fewer_than_two_credible_structure_families;nonfinite_disagreement
synthetic_long_horizon_identifiability_v1,development,c_d816f511e840f2dacb93845e26ce07a8,d13ead1a10722a359e5eb968e39fcb3f89ac4011c7676a31e2a7ee659391c1fd,0,0,0.39364951066993337,inf,False,,False,fewer_than_two_credible_structure_families;nonfinite_disagreement
synthetic_long_horizon_identifiability_v1,development,c_d952b1344d1dbc717ee29b49f66309d5,6b72168c05481b2a233043eeb649ed4dea9375761ebea4bd119185d0e4b35c99,1,0,0.13773524169188381,inf,False,,False,fewer_than_two_credible_structure_families;nonfinite_disagreement
synthetic_long_horizon_identifiability_v1,development,c_d9e96f60c02c40fb9522b7663116baf8,688dfbf413e057a5f35ce9cdcd3eb5d93cc692926f72e266e520b02370941c0e,5,0,0.031895693769694179,42.518729608404904,True,,False,development_partition_not_issued
synthetic_long_horizon_identifiability_v1,development,c_d9f4d3eae18169f22ec39ce0a7bc4091,847684d8ccb59ac0dabb01654126ebad1a7e325f1a9de1b88225fa9f2217ee0d,5,0,0.044079185464164963,33.791594059942135,True,,False,development_partition_not_issued
synthetic_long_horizon_identifiability_v1,development,c_db01d51bc44f451b8327e0053b0bcadb,45e95707cb1cb5ba34d48bdd6587c1fa996f643dc3f544d78ceb6f2be75dd854,5,0,0.056739937679633097,35.361206642514126,True,,False,development_partition_not_issued
synthetic_long_horizon_identifiability_v1,development,c_db630a23c3f5c182644d7a6ee5f6355a,bc7fb43529bfd3c45fd9d8e4e11580b5ed3c3ce7e3836e2f4deaad821b2bd8da,5,0,0.042786314588650752,35.27357417153501,True,,False,development_partition_not_issued
synthetic_long_horizon_identifiability_v1,development,c_dd270639cc34934a16614f81b6640389,4c5f2488779ad068de904f1908ca8a0b71224044be81325b9e98c334873f254f,5,0,0.031284787926178712,32.560800248125631,True,,False,development_partition_not_issued
synthetic_long_horizon_identifiability_v1,development,c_de548e2c44211ab93e8a1bb7627bdb8f,337856d6d9e68ca54a106a1c4c391071123a4bb30227abc7236a2b9cc8d06163,5,0,0.090766242509114775,32.14199834296484,True,,False,development_partition_not_issued
synthetic_long_horizon_identifiability_v1,development,c_de8d0bc63ea0155706019d772cb2e0bb,fcb3ab902104dccf87c3ea5363360129b60d33a38730be0a76b6685d54f4ab67,5,0,0.043864836272390365,33.044833140445462,True,,False,development_partition_not_issued
synthetic_long_horizon_identifiability_v1,development,c_df016458f36b5d06b3f705f0ad38b897,6ab6b2704f72433892d7fe6f0340f642b7afd72239cd863c8568b6eb3d88fa79,5,0,0.016367704781650831,33.263111781765467,True,,False,development_partition_not_issued
synthetic_long_horizon_identifiability_v1,development,c_df1ff16305401879e8948cc222220f30,e7f5adedfb54a3f0332e22191ee6776b2f9d91961c0163ec57c62b3507621ebb,0,0,0.37122776506466121,inf,False,,False,fewer_than_two_credible_structure_families;nonfinite_disagreement
synthetic_long_horizon_identifiability_v1,development,c_dfb40dd52edc4fc12ad1983bb8e32aa7,119ccbba5c479e62cc36305edceb5623c6f8f698262eaeabd1ece22e4f54d62c,5,0,0.10219543739908866,34.657178005017826,True,,False,development_partition_not_issued
synthetic_long_horizon_identifiability_v1,development,c_e12854fed5f5a4fe144d24d9aaf340f0,7e8234117102f4128105ca6dd072a97ccd315fee21c42e76aeaf7b9dc18bf4e8,5,0,0.056983611610722865,33.063457377572668,True,,False,development_partition_not_issued
synthetic_long_horizon_identifiability_v1,development,c_e22ee0bdda7b732f9b8a7f1b440e2435,0fccfe257d28230a264f0da5ba5f40cf97084e8c2561d2c7c292d09335c76ba3,0,0,0.32655241379558603,inf,False,,False,fewer_than_two_credible_structure_families;nonfinite_disagreement
synthetic_long_horizon_identifiability_v1,development,c_e29b55d2b6fbcbbed00f57125e8af933,0b66b179b52d003a749e9a591c0f986a5073a3f41ef51cfce45d47fd7f59a487,4,0,0.10084463439563993,50.908481190562988,True,,False,development_partition_not_issued
synthetic_long_horizon_identifiability_v1,development,c_e2d896906e8b2b79eef2df8b4227a138,2f8408a97cee53ef5f3d4ff03cb1dea0d3c15892f0d6d5e617fbbb710ada5cf7,5,0,0.019266966271172314,35.728960986298695,True,,False,development_partition_not_issued
synthetic_long_horizon_identifiability_v1,development,c_e3f7552417f12e76d586bc15c6e63233,ba25513f2fb0be739a5e6adc1cbd3263463627d5f2096c7c0d9e500d5918f247,0,0,0.26169769060226683,inf,False,,False,fewer_than_two_credible_structure_families;nonfinite_disagreement
synthetic_long_horizon_identifiability_v1,development,c_e47165f969ea96c3605bc823f7284460,6ce494ddf93a3c081e64e8134632b5e0f6237b74ae497c92bd04e62fbfed89db,5,0,0.04245472917819499,33.526045453206237,True,,False,development_partition_not_issued
synthetic_long_horizon_identifiability_v1,development,c_e52d6ded790bd4d8b9661303a6930047,6d41ede8d9b61b59b706ab385f5bad7b35a436c3d293250957aa40717a635a6c,5,0,0.16193263402446439,33.293068254465553,True,,False,development_partition_not_issued
synthetic_long_horizon_identifiability_v1,development,c_e53c225eb10ca882febe411eabfee2c3,f21038b679e3d7cc54c6bb28dc4c1926f71c19bb341ac55c4a7c8d663f029e27,1,0,0.12382173101767524,inf,False,,False,fewer_than_two_credible_structure_families;nonfinite_disagreement
synthetic_long_horizon_identifiability_v1,development,c_e54dcb2e1d0af783dc568f707d826cb8,08f0c0f8e87340dee3fa39d7242c46807d1d750d15c4845b51a6f0b46d6b2c1b,0,0,0.45871967952176473,inf,False,,False,fewer_than_two_credible_structure_families;nonfinite_disagreement
synthetic_long_horizon_identifiability_v1,development,c_e57dd20ba63ff99e548489a60dd99c40,d8a6c815859ef4fb0ebf362e8aba8fcd413a9ad1160ccc44ab9bdbc13d2bb55f,5,0,0.19609615621402013,42.752278185348544,True,,False,development_partition_not_issued
synthetic_long_horizon_identifiability_v1,development,c_e60882b8d2b25b75ef64a710b7653e1e,90ca89590ecd7a0a46dc15d81a00ad2cb04bfa0e9277ea4473ba737199d1f7c5,5,0,0.15264064281352543,56.157221740767433,True,,False,development_partition_not_issued
synthetic_long_horizon_identifiability_v1,development,c_e689bb194675bd3e3933246a5c2ec424,f33a0292e4b1e553e04482d870cf2a02c7929b8ee7dceb0ce5afef2b73162dd3,5,0,0.056503504036606721,33.363480844040318,True,,False,development_partition_not_issued
synthetic_long_horizon_identifiability_v1,development,c_e6fed1efc64893fb34fd81f4c480692f,f3fa41da6a19b4d5eae506a7f0b3668285d1c014083c26e96391c1d6d8f80d43,4,0,0.19486780632022305,41.545508603264601,True,,False,development_partition_not_issued
synthetic_long_horizon_identifiability_v1,development,c_e70a523ff3b2300dad46f26355f4910e,f82ee0635e830282a48b914ebd51bb1b121840a76b67f899b5f64301cc6e04ee,5,0,0.053206455072831692,34.26508166080518,True,,False,development_partition_not_issued
synthetic_long_horizon_identifiability_v1,development,c_e7313c63510217a28c9a6d68be8e2d7e,7b0d77fd127cd8356a6a6e11f9f69fd58d4f19484b344aab1cd55d001ca4276c,5,0,0.094222257549939806,37.407529216466209,True,,False,development_partition_not_issued
synthetic_long_horizon_identifiability_v1,development,c_e7d25bcc963f304aab5bd4cf47900931,efecdd839ac73a5c7e7b6031a4d91fa7ea5b1769f61bc6c077071aaddd7a1ad6,5,0,0.06789547456347915,38.882936236901891,True,,False,development_partition_not_issued
synthetic_long_horizon_identifiability_v1,development,c_e84125ce839c3fedfdfa828bdbc03f2a,7b0a0d612f3c79e66bdce08b15c20d17971d11235e01171009c645b960a40f55,5,0,0.083335072198290269,37.369331888458909,True,,False,development_partition_not_issued
synthetic_long_horizon_identifiability_v1,development,c_e9440afebd10f43dd0431e7794aee490,a7b6cd45348f087442313f7436cf5d41dffe29d63cfeddbf4ed96db72fc2700e,5,0,0.087031636104659318,32.142000226968875,True,,False,development_partition_not_issued
synthetic_long_horizon_identifiability_v1,development,c_e9607a8dcfd236d3bfb566b8b09b70e2,52069a2ccbe0e10be51a1bd89f0f280652e25a35034123f099b4b195e2db9a06,5,0,0.11437610631330773,33.499479966597406,True,,False,development_partition_not_issued
synthetic_long_horizon_identifiability_v1,development,c_e973d7f97a2af7a63ddcb1f183c8eade,38246bb0b30a5a212e8ba260598db1d75b0ff434a5220555162d0217189ebfb2,1,0,0.075744688668366589,inf,False,,False,fewer_than_two_credible_structure_families;nonfinite_disagreement
synthetic_long_horizon_identifiability_v1,development,c_e9ae0ec37f5fcebbd8eeaee4adf5ecdd,2000972470d0d990ce465962362ed34c6e9221d9503d6fd28257f414448351cf,4,0,0.18434961070596295,52.980849922330215,True,,False,development_partition_not_issued
synthetic_long_horizon_identifiability_v1,development,c_e9f1ecad204f2f376b01f039bd93a6b8,35ee121db5e552a8991520e7c2831236aba6e5641507eb26284c8d232d794267,5,0,0.022620947920943331,35.734558565929056,True,,False,development_partition_not_issued
synthetic_long_horizon_identifiability_v1,development,c_ea1c168f11c366e379797fd3fee35bfe,e478cfe5a5e94f9758f1d2741d0bed2f3396fc43e631ea9cee472ff418ae8b40,5,0,0.16535560580181263,35.172225070225508,True,,False,development_partition_not_issued
synthetic_long_horizon_identifiability_v1,development,c_ea2acd33852153fcabedfc07787f9436,80b710d170e01f4f3b6b2cc2287d8c55e947865363fefc306058cdb05626885b,0,0,0.27941734633666365,inf,False,,False,fewer_than_two_credible_structure_families;nonfinite_disagreement
synthetic_long_horizon_identifiability_v1,development,c_eb8cbc9a37e7756c8ac18aff0b3598a5,0d6297f9139efa2d27decd4b5b5b7da2e2344c307ec65084500346462a175999,0,0,0.3057164945399557,inf,False,,False,fewer_than_two_credible_structure_families;nonfinite_disagreement
synthetic_long_horizon_identifiability_v1,development,c_ec3e23d558bcbe181257c6c6427ace51,5f6e79ba215a3bb39e224621af365f4568d1904ec11c34521943abb013d77aae,5,0,0.12916088622720207,32.142000654660137,True,,False,development_partition_not_issued
synthetic_long_horizon_identifiability_v1,development,c_ec4bdc380c7c7cf67fb62b1afdefa089,27f04bc20fbd03e002d1a538f473cb68cbf045fb19e26fffeb91d0fe8660649f,4,0,0.18624022788376213,32.142003574607067,True,,False,development_partition_not_issued
synthetic_long_horizon_identifiability_v1,development,c_ec552342aff64783f6c7e3345e0e28ea,e66830f751bcf83398289c7db277390d078acecfb18b99450034bc6f2169bc38,5,0,0.047580099954849277,32.141999064689855,True,,False,development_partition_not_issued
synthetic_long_horizon_identifiability_v1,development,c_ec5ad6b6a770afe8b691ecf16e0f64c6,9b686e9371acb01d157cde4ea1c917ee6cf5502114886836f8e4cd655ca0d1f5,5,0,0.16185097178514027,33.209714927610875,True,,False,development_partition_not_issued
synthetic_long_horizon_identifiability_v1,development,c_ec9be4c2413428c2d674ae8064a36e03,ef0af92569d5b23a6bccb4b0a930a6a5fe99b9ac2578a1b6e10ac7370a9dc11b,0,0,0.41753249324073932,inf,False,,False,fewer_than_two_credible_structure_families;nonfinite_disagreement
synthetic_long_horizon_identifiability_v1,development,c_ed005659e91e7dee08c6f7843334dc82,d8ad6bbaf9f8f89fd5e00c47ddb9ead639c9c325350aba92503a270a150c43c1,0,0,0.64054914611762104,inf,False,,False,fewer_than_two_credible_structure_families;nonfinite_disagreement
synthetic_long_horizon_identifiability_v1,development,c_ed91b6bd0e5c628e785695ca6f70a7b7,60d17c250a8c6ece6df72f8954526d3cfd18505a79fedca592fd1cb6dd742c33,1,0,0.23918278723202546,inf,False,,False,fewer_than_two_credible_structure_families;nonfinite_disagreement
synthetic_long_horizon_identifiability_v1,development,c_eda2dd2d0762325835ca393db002335b,172ed5f057d27e119e2791201c2620553fbe3f8d8dda46001fc5f93c03f4f03d,5,0,0.051294223587628598,54.666189501334479,True,,False,development_partition_not_issued
synthetic_long_horizon_identifiability_v1,development,c_ee8722e14dc5e1c75afe96acfcfd5582,ff6c921fcdac79f2cc7e27ba7be7c141715d92131b8f85ce3ff471d7663265a2,1,0,0.013566666455117716,inf,False,,False,fewer_than_two_credible_structure_families;nonfinite_disagreement
synthetic_long_horizon_identifiability_v1,development,c_eea0d1383b7d6bc2d623673e7490b7c9,14bcfd15f8f105ae3e558b9a68e025cd33b90a6f8085297cbcccede31bb684e3,0,0,0.48061644825413874,inf,False,,False,fewer_than_two_credible_structure_families;nonfinite_disagreement
synthetic_long_horizon_identifiability_v1,development,c_efe08cd34d2feb8d48ee74d1bf6c1be5,077fd9c56511804c75127a846aeb37708c0ca5cf97adc06b189bf55102a4609e,4,0,0.15401442156485332,32.142014562809571,True,,False,development_partition_not_issued
synthetic_long_horizon_identifiability_v1,development,c_f04568c6b8078cec1ac8c6cd64eaa579,11d0dc46f16ff840752b6dea3d61a92f3d88d2c3a3bab7db06ad838d33804ed7,4,0,0.15406568293477879,56.147793912816326,True,,False,development_partition_not_issued
synthetic_long_horizon_identifiability_v1,development,c_f106cccd52180a948faedbf844eeadfe,b0e5543a895a32b02fd3d55b2aff0422ed137490cd07298f1a941270d20bef7d,1,0,0.14864065244290503,inf,False,,False,fewer_than_two_credible_structure_families;nonfinite_disagreement
synthetic_long_horizon_identifiability_v1,development,c_f180fd872800a13f1d30a06d97ad2829,d73d6ac291be38871beb49ec12d798b793b36a5bb8519ce54d79deb4d2c05c13,5,0,0.13192010328004458,57.677437605196168,True,,False,development_partition_not_issued
synthetic_long_horizon_identifiability_v1,development,c_f39a9e1f797d0da6f913df3fe9f9eea6,3c029199a78747a342631c8c36cc1c8b24b895b048e014bbab069f59cb1d7012,4,0,0.16503112657822822,32.141998764659661,True,,False,development_partition_not_issued
synthetic_long_horizon_identifiability_v1,development,c_f39c487738353e92b3a6167c6885d032,9e1c7d40daf895fb93f90c59c6c210986ed4270b2bd14e2858eb2882f45ae50c,5,0,0.10083260040467178,37.655086890719865,True,,False,development_partition_not_issued
synthetic_long_horizon_identifiability_v1,development,c_f3b8f51fb0da5b1fb9b530f43e63b58e,381eda2f215f2debb2d6d5901a18a2d51608a0003464f123eefeb5cd0f263b10,4,0,0.23275101480622182,46.517542235832629,True,,False,development_partition_not_issued
synthetic_long_horizon_identifiability_v1,development,c_f3b9c27e7fc4df6e6069f4ccc50b17a6,7282c7a031e49a8a23de91407457e3fa5ca1a97a99b1f42c2e101bc660ff6b82,5,0,0.018878116645318414,33.549285602198481,True,,False,development_partition_not_issued
synthetic_long_horizon_identifiability_v1,development,c_f4540613b14ca1b3d3116e1faf501c1e,79f5a73eb93920a2debdaf5741466c43918cf87a01c4c3cc362f1f15673087f1,1,0,0.1776212324958294,inf,False,,False,fewer_than_two_credible_structure_families;nonfinite_disagreement
synthetic_long_horizon_identifiability_v1,development,c_f6290e211d2516e93d0faf921435585a,71bf9a64e4a2eed7a41a31fe675ceeb421460512a69b4652f484f3b9a5353e7f,0,0,0.21064453904908306,inf,False,,False,fewer_than_two_credible_structure_families;nonfinite_disagreement
synthetic_long_horizon_identifiability_v1,development,c_f6f56455b9dd1aab64e70d43387afec6,5ae836645ad1ebf6c2761d88de40e50f334cb7e993ff080efbb83db5addd779e,5,0,0.025507044936276708,43.197177102152573,True,,False,development_partition_not_issued
synthetic_long_horizon_identifiability_v1,development,c_f9205c6198e3be9133689ce9c885ec8c,7c713d963e7df027c21aaf37d56ae831e217c9a2a95b8ece79187781a39bba4d,5,0,0.024445836643847241,37.139643400271147,True,,False,development_partition_not_issued
synthetic_long_horizon_identifiability_v1,development,c_f9618b27c62237a09252045fdc7199e6,44089f7d33fb71bf0968a90c77a7ee432a47e114dfbfda249f3c731d0d9802bf,5,0,0.23866536942266911,33.762034519768001,True,,False,development_partition_not_issued
synthetic_long_horizon_identifiability_v1,development,c_f9cbfa5927ea0aff3b9970329d7bb2df,456e539bd907c7dd44c9d5e13173440af95480676103eb1b3c4f93576385327d,5,0,0.067235166072377395,35.968939176297376,True,,False,development_partition_not_issued
synthetic_long_horizon_identifiability_v1,development,c_f9dead05f755b43ee0f290bc84df6203,69c9e7862a3d75e32e46af9e61650ec8fd12c43d4d6304c0ea979783cab4b247,5,0,0.15694547421035007,33.47953801352881,True,,False,development_partition_not_issued
synthetic_long_horizon_identifiability_v1,development,c_fb091a568a71632633966214ce039896,1bf4f6700c1d0db2eb3267d995cf4700c466f78f7fe7d0a601d80bc0712a59ac,4,0,0.14860412031195325,32.14201072359095,True,,False,development_partition_not_issued
synthetic_long_horizon_identifiability_v1,development,c_fc90a7492030f8ff52d9b1724605d4ba,2bf658524389752bb9436e8896ad99077b6df96709e809e325911e163b89b088,5,0,0.14601595529905617,32.142005855005209,True,,False,development_partition_not_issued
synthetic_long_horizon_identifiability_v1,development,c_fd3d039ea57e71882375749436a0bafa,e7e05403d9c714a3b3531f322e5386e659e3ce01cd726f4a12955501b995c8fb,1,0,0.044284327751891284,inf,False,,False,fewer_than_two_credible_structure_families;nonfinite_disagreement
synthetic_long_horizon_identifiability_v1,development,c_fd67de51d2c41be0ced745944643fcf6,f55714875b7ede415081c2db517c0e34d28c96dd8470e08529218ac7a2591181,5,0,0.22599190738129268,34.681706595156982,True,,False,development_partition_not_issued
synthetic_long_horizon_identifiability_v1,development,c_fe7daba31e161f01543af9f96fd00580,d226728955dbcca5709bb9f8cabfa72dccc2abf962e871b891ccb32db8bbc671,5,0,0.071378320122767541,33.903981757756213,True,,False,development_partition_not_issued
synthetic_long_horizon_identifiability_v1,development,c_ff10f34d96385eefc51b563e1ea0cb04,3cfaf0478b521c6b69f16169affb0a5df1ad9874c5ce73b1291b5f92a73249bc,5,0,0.068492236856009039,32.547121394445369,True,,False,development_partition_not_issued
synthetic_long_horizon_identifiability_v1,development,c_ff4a801738b2d8b8534190afa2289759,842e662e30d2a4bbf5fd90d5de1b4fcef2167bb25aefce20786c117afb9fce87,5,0,0.10385479462067927,40.561559106436142,True,,False,development_partition_not_issued
synthetic_long_horizon_identifiability_v1,development,c_ff7115e881e79cc4fab376451656d114,d28a7355b216dc226bbd10300abba84833f96cd2f0b335be2fedae1701f31717,5,0,0.048640190139236643,35.64845825126941,True,,False,development_partition_not_issued
synthetic_long_horizon_identifiability_v1,development,c_ffaa4b41d1847d6f8a590f963764b75b,379e9a6bae5caed69f0a08fa50a0d831550e2ae45952ccdda654e4c5012bbd1a,5,0,0.10224017388229167,32.152098511676535,True,,False,development_partition_not_issued
synthetic_long_horizon_identifiability_v1,development,c_ffd7a432fc3f3af7bb440b2394f1c15d,3981c6df114b415cb42ac888b52678b68f0f14b46f27885eddc4460a7bb7d4a7,5,0,0.11281307645760731,38.458759517220251,True,,False,development_partition_not_issued
synthetic_long_horizon_identifiability_v1,development,c_ffe6fbcad255d729189b9f1e32deb91b,fc2a8c22c92dc2dbbfe6aeb610e46d22dc425aeaf89e8eb2746dbc14bd531470,5,0,0.075507586518881883,32.141999049869376,True,,False,development_partition_not_issued
synthetic_long_horizon_identifiability_v1,matched_prefix_counterexamples,c_003c1d8bffbe64069fb48ff9590eaeea,792920ca94856dda1c2324b0a5a50736252e14e77224e9713a1999b000ff1a01,5,0,0.16462855525643114,55.550550336172087,True,,False,matched_pair_uses_frozen_calibration_threshold
synthetic_long_horizon_identifiability_v1,matched_prefix_counterexamples,c_003ff1b1d195e240ce7f48a52308a488,f84df505c20780addc6f6c9bfb836e48f4ed6c7ed7c7082305221bb4a48bc25f,5,0,0.088873312051643547,50.634735887502707,True,,False,matched_pair_uses_frozen_calibration_threshold
synthetic_long_horizon_identifiability_v1,matched_prefix_counterexamples,c_0053a12ce792441332f930752bb8ff1d,e0e23c7e4d38b5f0dadc69805bce31cb6c121fc7be13460d649443b4cd3ac7eb,5,0,0.056072829534259135,33.611116056938158,True,,False,matched_pair_uses_frozen_calibration_threshold
synthetic_long_horizon_identifiability_v1,matched_prefix_counterexamples,c_00bc6890d745e59d4ca71e083fe81e3d,cf945feebb653eaca4d8aa7260201bb893d9983f656825e2b4bb2e1689db210a,5,0,0.053592537598847523,56.857936492134137,True,,False,matched_pair_uses_frozen_calibration_threshold
synthetic_long_horizon_identifiability_v1,matched_prefix_counterexamples,c_01aa676259e83d2ff79708d4997eed10,25580951d6007bfecf0bddd253508c1823eaf462ea4293d1d13eed4dd6375c44,5,0,0.046013575556646487,34.134920200341128,True,,False,matched_pair_uses_frozen_calibration_threshold
synthetic_long_horizon_identifiability_v1,matched_prefix_counterexamples,c_0205a775f0734edea5d90067e57c21d1,da396f648c92aa1f7617e812b07822d046c8f4f05bde306df122ba683ce85a58,5,0,0.14074218564878782,33.488076627502323,True,,False,matched_pair_uses_frozen_calibration_threshold
synthetic_long_horizon_identifiability_v1,matched_prefix_counterexamples,c_020e624a4071ca500290717a42894f95,ee32a37f5487a4d01a1bd038ea2a1ac5b7397c7468c6d6296b004bd9c31298d8,5,0,0.11412028296760747,33.495433803522047,True,,False,matched_pair_uses_frozen_calibration_threshold
synthetic_long_horizon_identifiability_v1,matched_prefix_counterexamples,c_0285520db4d72cb5e5bdcdfa60a66f87,5b8994a234c7374c766b683aaddcbb730d378092c8c95a2213846966376a6fe3,5,0,0.098643096968704352,32.530208106381679,True,,False,matched_pair_uses_frozen_calibration_threshold
synthetic_long_horizon_identifiability_v1,matched_prefix_counterexamples,c_0287172b74ce61888ec072e25b9dcb68,681456563af1c65e87104c886ce163be886535032801fabb2e7983376a4fb14f,0,0,0.34409887441439629,inf,False,,False,fewer_than_two_credible_structure_families;nonfinite_disagreement
synthetic_long_horizon_identifiability_v1,matched_prefix_counterexamples,c_03724aeb62764bb3738dba28cb6a547b,e19e61cf6cd9d1cbc08d5e0a50185a8ff3ba3fa2bdc6e18cdc69a24912bff569,4,0,0.17120773120610996,48.222209956416144,True,,False,matched_pair_uses_frozen_calibration_threshold
synthetic_long_horizon_identifiability_v1,matched_prefix_counterexamples,c_03cde302108572500b3a8f47e7acacb6,d5616f7b6850c1d523fe3e01270d355bd1f2510dddd7ff97d4c0cfa103b282e5,5,0,0.076651090184087292,32.141995207410957,True,,False,matched_pair_uses_frozen_calibration_threshold
synthetic_long_horizon_identifiability_v1,matched_prefix_counterexamples,c_040821c54b4dd0a4582fd9ac96ca394c,9f44f470c5a1ca986067a02033a07022adabaff06509f44abb42f0b3b7535720,4,0,0.11144850901831349,32.141999118689057,True,,False,matched_pair_uses_frozen_calibration_threshold
synthetic_long_horizon_identifiability_v1,matched_prefix_counterexamples,c_052d5b19ada904d8bc3fa7a36d133814,9893d255d92864712473ee0570943b1c71d953b514d3e972dd25ae79c347498d,5,0,0.051050007395809512,33.151665017198326,True,,False,matched_pair_uses_frozen_calibration_threshold
synthetic_long_horizon_identifiability_v1,matched_prefix_counterexamples,c_05d5b596ea01ba02e7d65fe836a4a7bb,e9354c84c5bc96583fe1dc0a5895e1a459fb9bd1969e2771a02b51ec7ab87558,5,0,0.13815203365152798,38.748228229030893,True,,False,matched_pair_uses_frozen_calibration_threshold
synthetic_long_horizon_identifiability_v1,matched_prefix_counterexamples,c_06b266c0800880a5fcd49da8be0111ff,3ff4ab1e70329aac570b002126dae58700fc9480ae859bc4dcb5b4ee85ee47ca,5,0,0.01266242120741019,33.390557432974873,True,,False,matched_pair_uses_frozen_calibration_threshold
synthetic_long_horizon_identifiability_v1,matched_prefix_counterexamples,c_06bb8fccedd6ea92421159eabf353e61,60fb839841b9e32eac23758860159b3ef3361fe1f0040ded0ba15184515ce55e,5,0,0.025179302519228286,34.202144345942372,True,,False,matched_pair_uses_frozen_calibration_threshold
synthetic_long_horizon_identifiability_v1,matched_prefix_counterexamples,c_0722749c950c7c3acfd57b32e964696b,a5b0470d61b43ea80b355c64984729964ef0431c0ef1ea851ca0c9382b4a97ea,4,0,0.16457999432895992,32.647250680440152,True,,False,matched_pair_uses_frozen_calibration_threshold
synthetic_long_horizon_identifiability_v1,matched_prefix_counterexamples,c_07df2dc2682d8c8f33add3456a35bc25,9b46c057079bc3367befe4b28bc28ac11036213d83b0a683f4891223fc400084,5,0,0.13497755892111482,32.381328453523651,True,,False,matched_pair_uses_frozen_calibration_threshold
synthetic_long_horizon_identifiability_v1,matched_prefix_counterexamples,c_08eb80b64b1fbfac346ab8d2e107792c,0dd1c1c232baf16960a9e046385ed26af0d82f1517b41e4a8fcc8b963e1a66c1,5,0,0.053774127889981524,34.831605349549726,True,,False,matched_pair_uses_frozen_calibration_threshold
synthetic_long_horizon_identifiability_v1,matched_prefix_counterexamples,c_0900ae2aed2b015c1b9ffe7318e78fa7,8ba730ee3ba3092110b7312045ad73aef66e4ac1bd77cdb05b1257fcaf2e8d6a,5,0,0.12961279879224732,33.657444924101995,True,,False,matched_pair_uses_frozen_calibration_threshold
synthetic_long_horizon_identifiability_v1,matched_prefix_counterexamples,c_09e4df62a26cb042f6fb44e0c46da392,fa5255e4ae6c9d30c126d1b554c3a338bd62835e3479d5fc5d1bc77d38f881c2,5,0,0.086213879926975573,33.08309265780079,True,,False,matched_pair_uses_frozen_calibration_threshold
synthetic_long_horizon_identifiability_v1,matched_prefix_counterexamples,c_0ad30edf79d45478aa33a0f80dbb6543,8e8df4ac0b46e8b62b3cac8a3bab45319417b21c698b2dd298bbf1b8aad00cac,5,0,0.20535995889296124,52.703541124506337,True,,False,matched_pair_uses_frozen_calibration_threshold
synthetic_long_horizon_identifiability_v1,matched_prefix_counterexamples,c_0b26d7975b153363a25606147bfcce52,7b3e0c2a46e39e6eb33e0e49f62edcaf026eee5f2682ded6a4442108dcf853ab,5,0,0.11222621697279984,32.36907502810341,True,,False,matched_pair_uses_frozen_calibration_threshold
synthetic_long_horizon_identifiability_v1,matched_prefix_counterexamples,c_0b7cd55b5e022296406b71e1d00558e3,e7ab58039aaa0d3ce0d7a70d4c7c87d8d8bf1aa794aff297be6f24d3cb2fb1e7,5,0,0.078362704394433158,32.141995788802376,True,,False,matched_pair_uses_frozen_calibration_threshold
synthetic_long_horizon_identifiability_v1,matched_prefix_counterexamples,c_0ba63db842e9bce5bec7423b3efd853b,c1b6e8859a111c1c12827b13545612bf5888c540ad912bcce4812a57c245553f,5,0,0.073510757865306878,35.363219679162206,True,,False,matched_pair_uses_frozen_calibration_threshold
synthetic_long_horizon_identifiability_v1,matched_prefix_counterexamples,c_0bfff7ad51eabd82db85a0c83bf8fcb0,a7eaf4c6585fbb2d1252ab8aef81e78d05e0150bec2bda74cf875b0ea0c965b8,5,0,0.058595434181061348,33.792173059818182,True,,False,matched_pair_uses_frozen_calibration_threshold
synthetic_long_horizon_identifiability_v1,matched_prefix_counterexamples,c_0ca28c0868901d3114a67e0d251f37c1,197ece783181002c21b7e74721e4439e37b952d41ea673e784b9b9894b5b82b8,5,0,0.1203205621487122,43.971628020944117,True,,False,matched_pair_uses_frozen_calibration_threshold
synthetic_long_horizon_identifiability_v1,matched_prefix_counterexamples,c_0cd093e13a0cb5eb6128b5c44dc3af59,c245dcb6e36cfb8e0bc6379723826fa606fbb36c3a641bb012c96c7c2b663aab,5,0,0.094152502306616676,33.781818579813525,True,,False,matched_pair_uses_frozen_calibration_threshold
synthetic_long_horizon_identifiability_v1,matched_prefix_counterexamples,c_0cf244871ff56ad5d3bb023c1b451afb,6045a0ef261c168ef1e73c2999373644bdc2b6f078153ef3a5462fd5f6fbc7da,5,0,0.031665953860174498,32.141998009593436,True,,False,matched_pair_uses_frozen_calibration_threshold
synthetic_long_horizon_identifiability_v1,matched_prefix_counterexamples,c_0db81d0d3e3dd18f638f39d718add816,c204780ddd22740aaf71d111f62a72ef76684b6ec8b0f063d962ae77dd657f0b,5,0,0.10092432328876916,38.004584541840664,True,,False,matched_pair_uses_frozen_calibration_threshold
synthetic_long_horizon_identifiability_v1,matched_prefix_counterexamples,c_0e0e80fb2ccf3699d758ffaf4bb0c963,b0aba9dba9c4052af248b9bbe2b748fb6bc48cc9cb5a6db5c2377fc8a4ba2b65,5,0,0.051902086161591997,32.780633397145792,True,,False,matched_pair_uses_frozen_calibration_threshold
synthetic_long_horizon_identifiability_v1,matched_prefix_counterexamples,c_0ed9b5f882e6171bef2ffb30fcb4673e,cad0befe854665b57b66ddbdc7c0294d1b42bc9ec6cd74d8c5c13f43ff914c8b,5,0,0.079830497167576467,33.205846161859611,True,,False,matched_pair_uses_frozen_calibration_threshold
synthetic_long_horizon_identifiability_v1,matched_prefix_counterexamples,c_0ef3d143dc13379a4db3d9801bfbfc1e,8fc8f7d3824687991b1a30f23cada45292305520644c3e2eb430a461d2af79df,5,0,0.072746694373960266,38.849395927528057,True,,False,matched_pair_uses_frozen_calibration_threshold
synthetic_long_horizon_identifiability_v1,matched_prefix_counterexamples,c_0f39294a581bb66c8f076f8f3bd8c9de,988a93ed44d295a684441a1cc6930ab81a7dd34681c1157fef6bfd6f39a1cc19,5,0,0.013837043747407402,32.601246559159257,True,,False,matched_pair_uses_frozen_calibration_threshold
synthetic_long_horizon_identifiability_v1,matched_prefix_counterexamples,c_0f8e28ae98308429d195d337e05a65ad,edbc6d0cedf3f6b3e562a42f46cbee9f2065add66dfee51275834715a46685e1,5,0,0.03589844970894765,33.378562785097884,True,,False,matched_pair_uses_frozen_calibration_threshold
synthetic_long_horizon_identifiability_v1,matched_prefix_counterexamples,c_0fe74b604f0e04952e0f222f236ca46e,c245dcb6e36cfb8e0bc6379723826fa606fbb36c3a641bb012c96c7c2b663aab,5,0,0.094152502306616676,33.781818579813525,True,,False,matched_pair_uses_frozen_calibration_threshold
synthetic_long_horizon_identifiability_v1,matched_prefix_counterexamples,c_10508f79d75ccfa9dff25bf0ff5d0def,2642e6c6473e82690df2ba6de2c713504aa71df9dc7dc90eb5afee4be83e7a84,5,0,0.03272729315502166,32.649513449296151,True,,False,matched_pair_uses_frozen_calibration_threshold
synthetic_long_horizon_identifiability_v1,matched_prefix_counterexamples,c_10b7317d249dae02c3f69907e7a0dad9,9893d255d92864712473ee0570943b1c71d953b514d3e972dd25ae79c347498d,5,0,0.051050007395809512,33.151665017198326,True,,False,matched_pair_uses_frozen_calibration_threshold
synthetic_long_horizon_identifiability_v1,matched_prefix_counterexamples,c_10dbd371321b2a2b7943230bdd76957e,c8ee68fbc9c68d12a0f480d8f9f55defcc779048c6f49d4e4b3b9a1e6305f39d,5,0,0.082243918292304596,32.141997617525092,True,,False,matched_pair_uses_frozen_calibration_threshold
synthetic_long_horizon_identifiability_v1,matched_prefix_counterexamples,c_12f7975261f4b83247d24e49f7a7a77c,b0aba9dba9c4052af248b9bbe2b748fb6bc48cc9cb5a6db5c2377fc8a4ba2b65,5,0,0.051902086161591997,32.780633397145792,True,,False,matched_pair_uses_frozen_calibration_threshold
synthetic_long_horizon_identifiability_v1,matched_prefix_counterexamples,c_135d81f64b26d4a1c104f01667b7a2ad,7633190440b7aca226e04d39f8c2d509c2e20f96c782ae82a89eda241f763ba1,5,0,0.15047396910753594,32.141999792988159,True,,False,matched_pair_uses_frozen_calibration_threshold
synthetic_long_horizon_identifiability_v1,matched_prefix_counterexamples,c_1390e84cf8b4a70ccb1d0da0b99411ed,0e8238ff7ed8302e0fb9db9912b2f68c09ebdda1374b910dc6b828eff5811593,5,0,0.057829773609598206,32.142001166263171,True,,False,matched_pair_uses_frozen_calibration_threshold
synthetic_long_horizon_identifiability_v1,matched_prefix_counterexamples,c_1466cc5f91eaacf0d4060d28e7d76854,b80a990fa6d175749e8e3d37cd99a067edbdce44d530b62b0efbf7bd62c72ebf,4,0,0.064485168741787946,53.047609058983937,True,,False,matched_pair_uses_frozen_calibration_threshold
synthetic_long_horizon_identifiability_v1,matched_prefix_counterexamples,c_147ca8bbd22e01f9f2684c530c73b8a1,a384ac0d59e5528ae330f266b583a7b0c817a286f1ceaaa783f4017d8bf5df3b,5,0,0.075421339777319699,32.59550255291721,True,,False,matched_pair_uses_frozen_calibration_threshold
synthetic_long_horizon_identifiability_v1,matched_prefix_counterexamples,c_14d2b6a8bd938b511d20365c3ecdbea4,69eed461f423143ffbaefb951c1d08ca58f8f7101a7b16f54aa54074cc9faae5,5,0,0.084303773508846908,44.765715085440895,True,,False,matched_pair_uses_frozen_calibration_threshold
synthetic_long_horizon_identifiability_v1,matched_prefix_counterexamples,c_1707403f5ef97bd57e8ed4a280ca6996,84690ee6536a4c40deb164160260f0eb50b5139562e03d162841fe1502873c2f,5,0,0.038201089648204331,33.861298572051098,True,,False,matched_pair_uses_frozen_calibration_threshold
synthetic_long_horizon_identifiability_v1,matched_prefix_counterexamples,c_1712d4b7c9fd6a2057dc8d23026b9a23,f26c7c2f87e594f7802bdaf86511a8c9f0ca2e9c8e664a013ff89c6794b29c5e,5,0,0.14048949836372032,34.325835619215823,True,,False,matched_pair_uses_frozen_calibration_threshold
synthetic_long_horizon_identifiability_v1,matched_prefix_counterexamples,c_179c7c7a1be0502508404ddedddd2930,6e3aebfe9819266ef969f5e461d50f690338dd9c9fb27ae04a03e5da0e764590,5,0,0.084132633008867766,32.893432918565637,True,,False,matched_pair_uses_frozen_calibration_threshold
synthetic_long_horizon_identifiability_v1,matched_prefix_counterexamples,c_185a7cb301b0f55d7349b25eea40a5e3,7b3e0c2a46e39e6eb33e0e49f62edcaf026eee5f2682ded6a4442108dcf853ab,5,0,0.11222621697279984,32.36907502810341,True,,False,matched_pair_uses_frozen_calibration_threshold
synthetic_long_horizon_identifiability_v1,matched_prefix_counterexamples,c_18db1cbe74c2030b2327029b509f3652,0dd1c1c232baf16960a9e046385ed26af0d82f1517b41e4a8fcc8b963e1a66c1,5,0,0.053774127889981524,34.831605349549726,True,,False,matched_pair_uses_frozen_calibration_threshold
synthetic_long_horizon_identifiability_v1,matched_prefix_counterexamples,c_1b2c7a5437e53ac3e06400e59bd17c5a,c204780ddd22740aaf71d111f62a72ef76684b6ec8b0f063d962ae77dd657f0b,5,0,0.10092432328876916,38.004584541840664,True,,False,matched_pair_uses_frozen_calibration_threshold
synthetic_long_horizon_identifiability_v1,matched_prefix_counterexamples,c_1b905fd20cfc4222b4136ef22c204964,325c4ecaa3ed93a7db7fa5f7d70ce313071227a3fc79608c3ad09a69945bc294,5,0,0.11867374589091112,43.362704740951862,True,,False,matched_pair_uses_frozen_calibration_threshold
synthetic_long_horizon_identifiability_v1,matched_prefix_counterexamples,c_1bcc517c2275e95095071f23ab846277,b8fb8dc8ca688aa8f7183b4348e0055877d80c185c93521b678d1f3cd61f232b,5,0,0.042403109468115763,32.84842543434992,True,,False,matched_pair_uses_frozen_calibration_threshold
synthetic_long_horizon_identifiability_v1,matched_prefix_counterexamples,c_1bd2208976f48ec41802554309bcca4c,cad0befe854665b57b66ddbdc7c0294d1b42bc9ec6cd74d8c5c13f43ff914c8b,5,0,0.079830497167576467,33.205846161859611,True,,False,matched_pair_uses_frozen_calibration_threshold
synthetic_long_horizon_identifiability_v1,matched_prefix_counterexamples,c_1bd9a8ba2581ef84289455572d3dd9bc,e573d3d37856a89ebaad96f4f5ba8a6cad79e10e3e42b78e6ffd6b50fe90b046,5,0,0.13084745295660338,32.142001166180449,True,,False,matched_pair_uses_frozen_calibration_threshold
synthetic_long_horizon_identifiability_v1,matched_prefix_counterexamples,c_1c0252b403f5b7df0c85bf97a5816854,a5155c73d99481b511d25bd3e864bdeef8836d5b203407060a4a6ffc36c2ca17,5,0,0.12400813385693293,32.365084377854174,True,,False,matched_pair_uses_frozen_calibration_threshold
synthetic_long_horizon_identifiability_v1,matched_prefix_counterexamples,c_1c2736c23db77761e6b40982fa43d572,b801bde161146353f2d2f6e834bf8f384c62fbd7c129b60e99f98381e5b00af3,5,0,0.063571760206887915,37.077704520590167,True,,False,matched_pair_uses_frozen_calibration_threshold
synthetic_long_horizon_identifiability_v1,matched_prefix_counterexamples,c_1da46e0cd122530818e2b46bdea7a547,3c53b28741bfedb3dd47c534a361d0f0079c85c86fd6c6026891645b932cd83a,5,0,0.096157308254727611,36.090602202937752,True,,False,matched_pair_uses_frozen_calibration_threshold
synthetic_long_horizon_identifiability_v1,matched_prefix_counterexamples,c_1db8b57306c81149bc406dbb9806325b,c2584fba66818200423b4f1dc0952cebe6b434cdc7d49e056194f41de8462b4f,5,0,0.067562434885528655,32.141999131655382,True,,False,matched_pair_uses_frozen_calibration_threshold
synthetic_long_horizon_identifiability_v1,matched_prefix_counterexamples,c_1e0aec04027e51d2759bf72dfc465b5c,0283d301391d3af12c4aac6587e9b2a01548075aa432b52519dd35b620852e5f,5,0,0.14634051930630559,33.153354371530767,True,,False,matched_pair_uses_frozen_calibration_threshold
synthetic_long_horizon_identifiability_v1,matched_prefix_counterexamples,c_1e68686ab02daf404b34a9aa84319511,dfbc87c49ffbe4416e630186704d50930b4bc63ffe62c5bd4a73e2c1325a906d,6,0,0.21406762874203164,47.894299661196193,True,,False,matched_pair_uses_frozen_calibration_threshold
synthetic_long_horizon_identifiability_v1,matched_prefix_counterexamples,c_1f549b54c7251ca1e29d51e058f97ec8,3b9f90d0190c2eae91c648a4fb50179bdc0191abed932f615131e8488f9e0fee,5,0,0.14733656029406961,49.157252639489236,True,,False,matched_pair_uses_frozen_calibration_threshold
synthetic_long_horizon_identifiability_v1,matched_prefix_counterexamples,c_215bb30761bad7291e2b04b32f303070,4f816d867436ca1fea1a2e889dbf7bf60f38052c7604a19ea054615d6a6254f5,5,0,0.21835961472755852,32.510279786244539,True,,False,matched_pair_uses_frozen_calibration_threshold
synthetic_long_horizon_identifiability_v1,matched_prefix_counterexamples,c_21cee7f631352c60f62954c451bd2b66,7502341e85465995c17d50271717914db2a66e56a55cba91cabefefb294fc514,5,0,0.16018782259329328,33.124926633580131,True,,False,matched_pair_uses_frozen_calibration_threshold
synthetic_long_horizon_identifiability_v1,matched_prefix_counterexamples,c_223ab9903caa0887826850fcc7dc6b13,f5e462c20b14be4ea39da91791de278e8089fe0f0fdbef2624156d7a32e02847,5,0,0.073476151276534299,32.722802480695321,True,,False,matched_pair_uses_frozen_calibration_threshold
synthetic_long_horizon_identifiability_v1,matched_prefix_counterexamples,c_22fac536c00fddff82bcfecdbec1b814,82cabf319c27916a2b25326f220f63a18a7e54899d98439fe29005fb36f1893b,5,0,0.15877029890235791,33.97125402081285,True,,False,matched_pair_uses_frozen_calibration_threshold
synthetic_long_horizon_identifiability_v1,matched_prefix_counterexamples,c_233a83aaac3bd1942555fdf1bf1a629d,ee3bd9a0406059655f5b8ebb5dbc7a13585f9ae93b307ae809ac5acb6bae14ee,5,0,0.14318969464893269,32.141999949992424,True,,False,matched_pair_uses_frozen_calibration_threshold
synthetic_long_horizon_identifiability_v1,matched_prefix_counterexamples,c_23656398cd0b1745a97cbd760dc8964a,8959eb654f898f2cc9a4f8a347f6ec8e4f46193a8d18ac266927a90df71b95e4,5,0,0.10056845400830897,43.580959339739145,True,,False,matched_pair_uses_frozen_calibration_threshold
synthetic_long_horizon_identifiability_v1,matched_prefix_counterexamples,c_24db86325c469ad39b990b4dac804d6a,1d57bf557e2de8b2ec8579b0007d1db113712862e10987dcbe5ca61314419cab,5,0,0.082325440146680112,32.545008473154866,True,,False,matched_pair_uses_frozen_calibration_threshold
synthetic_long_horizon_identifiability_v1,matched_prefix_counterexamples,c_250c82c56c0881216dabde04b9c73e70,314c07dbb84f4c469866b03d7594f40c7f946cce03d0599d6157450bc87db5cd,5,0,0.084233440703976065,33.415703245150809,True,,False,matched_pair_uses_frozen_calibration_threshold
synthetic_long_horizon_identifiability_v1,matched_prefix_counterexamples,c_2560474e6ce0afc8eafd6b650689b03c,1d1471c19d56f49e0d2fb45080c99a2b2d1f74c9b8b4cdf8f07dd29ed9db1d32,4,0,0.064543850999092198,32.141998378119354,True,,False,matched_pair_uses_frozen_calibration_threshold
synthetic_long_horizon_identifiability_v1,matched_prefix_counterexamples,c_265da1129517a6467b8afa6c3703baeb,471f337e1cdc032042f3d124a5487c6933ab6de14635d0905328edf448906ad3,5,0,0.069047332634747549,34.774607427062371,True,,False,matched_pair_uses_frozen_calibration_threshold
synthetic_long_horizon_identifiability_v1,matched_prefix_counterexamples,c_2680f3e13bed0191d33aa0621c2ffe1a,2371891d1c6884835c49abbe9a18b95d3cdb36b7cebb420482901d15545e7e8f,6,0,0.15003933889012436,36.842549997964163,True,,False,matched_pair_uses_frozen_calibration_threshold
synthetic_long_horizon_identifiability_v1,matched_prefix_counterexamples,c_26ac053b3979fd19eeb935d2219a6c3a,3902e101379042a08a68d29385998a0c4f867cc3052bf2ef405b2d6f72cb201a,5,0,0.045532702404173175,36.991155419040957,True,,False,matched_pair_uses_frozen_calibration_threshold
synthetic_long_horizon_identifiability_v1,matched_prefix_counterexamples,c_2702df672049645581c737991656c4af,87eae888cf28e5ffc52efecdfa5a0b27d022b538331ee6db7082bc13a3cb9aee,5,0,0.12033511682189782,32.358497581224768,True,,False,matched_pair_uses_frozen_calibration_threshold
synthetic_long_horizon_identifiability_v1,matched_prefix_counterexamples,c_272ce1cf7c321ded713c1fe21ee284e7,e4c9ef2d2cc7c3c73ca3f91cc7dc12684827bbad2b7d296d93a2e405c5433264,5,0,0.13396329138470064,33.626134883135734,True,,False,matched_pair_uses_frozen_calibration_threshold
synthetic_long_horizon_identifiability_v1,matched_prefix_counterexamples,c_272ef31420b4711f2aa0d5e0755e3009,b8fb8dc8ca688aa8f7183b4348e0055877d80c185c93521b678d1f3cd61f232b,5,0,0.042403109468115763,32.84842543434992,True,,False,matched_pair_uses_frozen_calibration_threshold
synthetic_long_horizon_identifiability_v1,matched_prefix_counterexamples,c_27575719215efa96618a45544816ef59,88eb73f510e2ad5d4d739a097381f1c31709f8ad974da681ebe27b4fd2e52842,5,0,0.053501728764600166,32.141998014103123,True,,False,matched_pair_uses_frozen_calibration_threshold
synthetic_long_horizon_identifiability_v1,matched_prefix_counterexamples,c_29d04977764b100322e236a1334525eb,f5e462c20b14be4ea39da91791de278e8089fe0f0fdbef2624156d7a32e02847,5,0,0.073476151276534299,32.722802480695321,True,,False,matched_pair_uses_frozen_calibration_threshold
synthetic_long_horizon_identifiability_v1,matched_prefix_counterexamples,c_2aa3cd937aa950f04352c3203582cbb6,17c3d85a7c83b62a2751dd12b59e82ca2e0918691b579714164e183e9660f548,6,0,0.17014716328350118,32.316930862462996,True,,False,matched_pair_uses_frozen_calibration_threshold
synthetic_long_horizon_identifiability_v1,matched_prefix_counterexamples,c_2b4509bf9ffc30a9577cc4ab38ffb40a,dfbc87c49ffbe4416e630186704d50930b4bc63ffe62c5bd4a73e2c1325a906d,6,0,0.21406762874203164,47.894299661196193,True,,False,matched_pair_uses_frozen_calibration_threshold
synthetic_long_horizon_identifiability_v1,matched_prefix_counterexamples,c_2bbc8ae15014697a15e6468d0750df18,67e54962e67d362c9108b3fa0f33837f04ff2fcfde50993265217d1a37b1ad49,5,0,0.094175471995767063,32.14199707547926,True,,False,matched_pair_uses_frozen_calibration_threshold
synthetic_long_horizon_identifiability_v1,matched_prefix_counterexamples,c_2c3d8cb3d0814dd516117de56d8b46f0,53efebf9345738963b82c1fc040c49a296fd7dfccaeaf4ac8c9dcc2c4fe70502,5,0,0.049014726613759337,33.548881139829675,True,,False,matched_pair_uses_frozen_calibration_threshold
synthetic_long_horizon_identifiability_v1,matched_prefix_counterexamples,c_2dded31942b6e92fcd97b25c388494db,ce1b98e06ea306b2ab668c60ec79047ddb5defb2af5e0d5f138d9d53e0e57271,5,0,0.055667214218411323,32.467984690392043,True,,False,matched_pair_uses_frozen_calibration_threshold
synthetic_long_horizon_identifiability_v1,matched_prefix_counterexamples,c_2e99f1b2d26326ddb297fd2c6aef93e1,777463db148ddfc136aaf0ddf1bb633434a2b9fa6c3c5e3e09d199a6da5b0843,5,0,0.086358118593583208,34.763832445776508,True,,False,matched_pair_uses_frozen_calibration_threshold
synthetic_long_horizon_identifiability_v1,matched_prefix_counterexamples,c_2f1538100a68431dde8513a89ce77a1e,4aaac363e67cd574feefc6323cf4cb4fdba5ae7703b6e8ccc1520336dbe4b503,5,0,0.139693234322914,32.141996694715161,True,,False,matched_pair_uses_frozen_calibration_threshold
synthetic_long_horizon_identifiability_v1,matched_prefix_counterexamples,c_2fb6af7a00a5bc1a865c8cac8c2771e9,8959eb654f898f2cc9a4f8a347f6ec8e4f46193a8d18ac266927a90df71b95e4,5,0,0.10056845400830897,43.580959339739145,True,,False,matched_pair_uses_frozen_calibration_threshold
synthetic_long_horizon_identifiability_v1,matched_prefix_counterexamples,c_3091379d671d5396f91fb7e68c4328f7,907706b8180706bf111e9c3969c278ceed4459d0ca4cc2d4a82a21d62c0e1fb6,5,0,0.028354747875076108,36.742956779689486,True,,False,matched_pair_uses_frozen_calibration_threshold
synthetic_long_horizon_identifiability_v1,matched_prefix_counterexamples,c_31280287a2cbb548aee14f6d90d920b9,471f337e1cdc032042f3d124a5487c6933ab6de14635d0905328edf448906ad3,5,0,0.069047332634747549,34.774607427062371,True,,False,matched_pair_uses_frozen_calibration_threshold
synthetic_long_horizon_identifiability_v1,matched_prefix_counterexamples,c_315658dff3731403e5f22e27bec8953f,1d1471c19d56f49e0d2fb45080c99a2b2d1f74c9b8b4cdf8f07dd29ed9db1d32,4,0,0.064543850999092198,32.141998378119354,True,,False,matched_pair_uses_frozen_calibration_threshold
synthetic_long_horizon_identifiability_v1,matched_prefix_counterexamples,c_31760789c440c31b39db1e03f935a00c,95eed1d2e970743a6af2b4ee4f2b6819d556349ef9a24bbe31181221712f61c2,5,0,0.16470669066426213,32.45973105251619,True,,False,matched_pair_uses_frozen_calibration_threshold
synthetic_long_horizon_identifiability_v1,matched_prefix_counterexamples,c_3286758d1e50f2cad82d6dd7b150c50c,8fc8f7d3824687991b1a30f23cada45292305520644c3e2eb430a461d2af79df,5,0,0.072746694373960266,38.849395927528057,True,,False,matched_pair_uses_frozen_calibration_threshold
synthetic_long_horizon_identifiability_v1,matched_prefix_counterexamples,c_32e73deb5f3709c85f39a5d5514c1aed,3ff4ab1e70329aac570b002126dae58700fc9480ae859bc4dcb5b4ee85ee47ca,5,0,0.01266242120741019,33.390557432974873,True,,False,matched_pair_uses_frozen_calibration_threshold
synthetic_long_horizon_identifiability_v1,matched_prefix_counterexamples,c_34a815e8b9538a46462b1fab3d08e5b4,69eed461f423143ffbaefb951c1d08ca58f8f7101a7b16f54aa54074cc9faae5,5,0,0.084303773508846908,44.765715085440895,True,,False,matched_pair_uses_frozen_calibration_threshold
synthetic_long_horizon_identifiability_v1,matched_prefix_counterexamples,c_34a86c72473b9dcb77d990077c1904fc,9065dfc2b2d2397f16ebf52c774a3e9037a932cb3826996cf4d4ca951bb53ee8,5,0,0.15727264438701713,39.123871220303691,True,,False,matched_pair_uses_frozen_calibration_threshold
synthetic_long_horizon_identifiability_v1,matched_prefix_counterexamples,c_34b8398a095516b1768ac866c2f632ad,bf0b16814f724e61051fc0824e5a18fe03c27a750d91da523a76155db502e515,5,0,0.14943032319329419,33.862303405406507,True,,False,matched_pair_uses_frozen_calibration_threshold
synthetic_long_horizon_identifiability_v1,matched_prefix_counterexamples,c_3610d07f3af6b1e1fa20e3301118688c,ea5db5b2673189c7f53e54dc8c8840fd804d40a11378cb45ea24c7f1d4cc6562,5,0,0.084470753527512529,32.475542853578389,True,,False,matched_pair_uses_frozen_calibration_threshold
synthetic_long_horizon_identifiability_v1,matched_prefix_counterexamples,c_361d33cf9d6e549ddde9e2fca278428a,17c3d85a7c83b62a2751dd12b59e82ca2e0918691b579714164e183e9660f548,6,0,0.17014716328350118,32.316930862462996,True,,False,matched_pair_uses_frozen_calibration_threshold
synthetic_long_horizon_identifiability_v1,matched_prefix_counterexamples,c_36ee846ac9f84d6dbd904a9bcf0dcbd2,e34671b25dc5973bc771dfc1293f2c31c28c3b9425776b4dc9ffd6eaa3211e7b,5,0,0.11786925971209174,36.722014095680358,True,,False,matched_pair_uses_frozen_calibration_threshold
synthetic_long_horizon_identifiability_v1,matched_prefix_counterexamples,c_380f9b571c44236d65bd52f23decd249,42b61ef8ad026587b0d3d8aaefa9de0616ef92365250d152424207014ce759c5,5,0,0.14712512635362512,36.381141015293473,True,,False,matched_pair_uses_frozen_calibration_threshold
synthetic_long_horizon_identifiability_v1,matched_prefix_counterexamples,c_38b17c58356e8a4ad7bc4c51c29d9dce,55c78838ead0cdb501841c889a67e8fda6d013d65821e1d7f5d0a0695bb06dcf,5,0,0.1222680173750782,49.992310459100985,True,,False,matched_pair_uses_frozen_calibration_threshold
synthetic_long_horizon_identifiability_v1,matched_prefix_counterexamples,c_39e9792d12db1c964c96bb12eb3ad195,3b9f90d0190c2eae91c648a4fb50179bdc0191abed932f615131e8488f9e0fee,5,0,0.14733656029406961,49.157252639489236,True,,False,matched_pair_uses_frozen_calibration_threshold
synthetic_long_horizon_identifiability_v1,matched_prefix_counterexamples,c_3af027951b314eebbc5aa6a00ac152bb,314c07dbb84f4c469866b03d7594f40c7f946cce03d0599d6157450bc87db5cd,5,0,0.084233440703976065,33.415703245150809,True,,False,matched_pair_uses_frozen_calibration_threshold
synthetic_long_horizon_identifiability_v1,matched_prefix_counterexamples,c_3c5b0ac696df93a60674f9a361048ae7,84a21bdb2399f346ea7df3633ec4e2b288e57d938e783f51ff4a2a58c991bfcb,5,0,0.036038908726299126,32.142000351085798,True,,False,matched_pair_uses_frozen_calibration_threshold
synthetic_long_horizon_identifiability_v1,matched_prefix_counterexamples,c_3e2563c76346ba5ca36bafc654361e73,26a63411720d8a054d6a08f1f82a72671d25e358171a0ac8b8ee86b67a99509a,5,0,0.14254917306018491,32.720860707113729,True,,False,matched_pair_uses_frozen_calibration_threshold
synthetic_long_horizon_identifiability_v1,matched_prefix_counterexamples,c_3e95fb22c18ce35a190cc9d61dcaf22e,06d1955e74722467f188848d803ebba9a3b7b2957cb0b65b9295ee25956e5a3e,5,0,0.048701388180454157,32.141998990571423,True,,False,matched_pair_uses_frozen_calibration_threshold
synthetic_long_horizon_identifiability_v1,matched_prefix_counterexamples,c_3f14d3781ebda18aad2653b80d0490bc,d937d5c249ab4911c336d39f9a95ba6ffe302f357f617e763bdb8ab9ad0b8309,5,0,0.0555637210054232,34.777283516490414,True,,False,matched_pair_uses_frozen_calibration_threshold
synthetic_long_horizon_identifiability_v1,matched_prefix_counterexamples,c_4022f9aedeffae250165e1684e9e91d5,d716633e0ba1c3cc10f607874f091b40cb3e2fd9be93c121121bb928fd9e7a09,5,0,0.031004567560665688,32.141996495558729,True,,False,matched_pair_uses_frozen_calibration_threshold
synthetic_long_horizon_identifiability_v1,matched_prefix_counterexamples,c_402b7e79d4c8eb567cec476dffb210f0,a7b81fe1c86ecb3695a7ecba2a2924565419a5dac73bf1ac409cfd1198dd9324,0,0,0.29482262164207063,inf,False,,False,fewer_than_two_credible_structure_families;nonfinite_disagreement
synthetic_long_horizon_identifiability_v1,matched_prefix_counterexamples,c_409a4b7bb3af471b7e1f33bfeb3ae30c,883323fcb066b906db889c6d9499ddb2478fc8b330c5a8c4e1f0747a0eeb6f8a,0,0,0.3275173617510152,inf,False,,False,fewer_than_two_credible_structure_families;nonfinite_disagreement
synthetic_long_horizon_identifiability_v1,matched_prefix_counterexamples,c_409bafe54b2f6340c8ecbb1601481ae0,e34671b25dc5973bc771dfc1293f2c31c28c3b9425776b4dc9ffd6eaa3211e7b,5,0,0.11786925971209174,36.722014095680358,True,,False,matched_pair_uses_frozen_calibration_threshold
synthetic_long_horizon_identifiability_v1,matched_prefix_counterexamples,c_41bc03cd80ffee8009b732a97bd37c21,0459a95da35b9f4e2d477bd96513e834c963de493d42f692f511ba6e9a16c7c6,5,0,0.026853955269876276,35.660922707529728,True,,False,matched_pair_uses_frozen_calibration_threshold
synthetic_long_horizon_identifiability_v1,matched_prefix_counterexamples,c_42491f1e263efa9beae7bbd186e14833,84690ee6536a4c40deb164160260f0eb50b5139562e03d162841fe1502873c2f,5,0,0.038201089648204331,33.861298572051098,True,,False,matched_pair_uses_frozen_calibration_threshold
synthetic_long_horizon_identifiability_v1,matched_prefix_counterexamples,c_4366d535a27c11f9c1d52cfaebb033a2,5b8994a234c7374c766b683aaddcbb730d378092c8c95a2213846966376a6fe3,5,0,0.098643096968704352,32.530208106381679,True,,False,matched_pair_uses_frozen_calibration_threshold
synthetic_long_horizon_identifiability_v1,matched_prefix_counterexamples,c_444212e661834a3707306cf764168de3,7633190440b7aca226e04d39f8c2d509c2e20f96c782ae82a89eda241f763ba1,5,0,0.15047396910753594,32.141999792988159,True,,False,matched_pair_uses_frozen_calibration_threshold
synthetic_long_horizon_identifiability_v1,matched_prefix_counterexamples,c_446ce89561c9f698466c85afb6211d0d,25580951d6007bfecf0bddd253508c1823eaf462ea4293d1d13eed4dd6375c44,5,0,0.046013575556646487,34.134920200341128,True,,False,matched_pair_uses_frozen_calibration_threshold
synthetic_long_horizon_identifiability_v1,matched_prefix_counterexamples,c_44f2bbfb465cde223967dcd8daa9cf50,eab8103385400495497d65c03ccdf54df7212e154b70f1b7a5c391e433f69fe4,5,0,0.044906117283448739,37.021972132299744,True,,False,matched_pair_uses_frozen_calibration_threshold
synthetic_long_horizon_identifiability_v1,matched_prefix_counterexamples,c_45872b5389ba7ee1139978ff11bfb27c,155069bff263032281b0c1f6c2e806b87e242d082ee1662576dbf415e4f633f4,5,0,0.028033711457702608,32.190453577312589,True,,False,matched_pair_uses_frozen_calibration_threshold
synthetic_long_horizon_identifiability_v1,matched_prefix_counterexamples,c_45c180b825018539c5ca1df798175216,bf3959f2066792d3ff410f3272535701512e9751dfeb6edf2b6a217cacfd120d,6,0,0.22254234659754277,35.120217138174027,True,,False,matched_pair_uses_frozen_calibration_threshold
synthetic_long_horizon_identifiability_v1,matched_prefix_counterexamples,c_464425e1ea34b99b02cf2ddbc0bc47d3,cf945feebb653eaca4d8aa7260201bb893d9983f656825e2b4bb2e1689db210a,5,0,0.053592537598847523,56.857936492134137,True,,False,matched_pair_uses_frozen_calibration_threshold
synthetic_long_horizon_identifiability_v1,matched_prefix_counterexamples,c_4659ff41e43193f295d6bec808e584cf,63a66b69131c69be0816dbe8efc7579d257d08970dd419521603de6f5486c2d6,5,0,0.09222790004431701,32.438830002340254,True,,False,matched_pair_uses_frozen_calibration_threshold
synthetic_long_horizon_identifiability_v1,matched_prefix_counterexamples,c_465da47c7e65ba7c15452212061d46b8,a5c40d6483a2d6453cac74a3fd9a5f29124b7e4e681ffbe84bb5469cfb2e21c3,5,0,0.02909708639088943,32.141996741609603,True,,False,matched_pair_uses_frozen_calibration_threshold
synthetic_long_horizon_identifiability_v1,matched_prefix_counterexamples,c_4698e082e0e14579bfd4c62f7d1e5b35,da79db195a0efd89d1e211523fe07356de1a26977854d92e9885ed3474fcabc7,5,0,0.13655974580875113,39.709500232220499,True,,False,matched_pair_uses_frozen_calibration_threshold
synthetic_long_horizon_identifiability_v1,matched_prefix_counterexamples,c_48de8cdccdd17c23221c050aba019a60,7502341e85465995c17d50271717914db2a66e56a55cba91cabefefb294fc514,5,0,0.16018782259329328,33.124926633580131,True,,False,matched_pair_uses_frozen_calibration_threshold
synthetic_long_horizon_identifiability_v1,matched_prefix_counterexamples,c_48f8e80659c6644ec6f897bb760f6088,4dd024faaa02a44bf06d4d57ff7fb4357ffa6501ee0fabdd652550df034da01a,5,0,0.083740712658942631,32.141998688440864,True,,False,matched_pair_uses_frozen_calibration_threshold
synthetic_long_horizon_identifiability_v1,matched_prefix_counterexamples,c_491588574f6fee1a0a7b1bfbbfbce387,73f26a9f7beac3172180a62e40aed96764ce33c7ea1d0eeb4941f9c24dd7f447,5,0,0.089997257807419129,32.43753918087247,True,,False,matched_pair_uses_frozen_calibration_threshold
synthetic_long_horizon_identifiability_v1,matched_prefix_counterexamples,c_493194eab0822abe20d06cb50c7db99e,e76c804cdcf30f0db74ac4bf9c3924225bebab077cc94c830ca05ec2783a900f,5,0,0.041244632204707615,33.797910878048036,True,,False,matched_pair_uses_frozen_calibration_threshold
synthetic_long_horizon_identifiability_v1,matched_prefix_counterexamples,c_49f865838d83ba0be2b07afa44a7b80c,9a61f9f43e443bad2fe90b4dd9332fd73b21bf6f40217825bacb98bdcc6508b0,1,0,0.1835335076274387,inf,False,,False,fewer_than_two_credible_structure_families;nonfinite_disagreement
synthetic_long_horizon_identifiability_v1,matched_prefix_counterexamples,c_4a01519ddd34cb22a1e82b149ffefc1b,fa5255e4ae6c9d30c126d1b554c3a338bd62835e3479d5fc5d1bc77d38f881c2,5,0,0.086213879926975573,33.08309265780079,True,,False,matched_pair_uses_frozen_calibration_threshold
synthetic_long_horizon_identifiability_v1,matched_prefix_counterexamples,c_4a0f8a3ece8fbb0c83fbb60c2c15ca66,e0da2d663252a69e5b2b030747902ed46854f88a10f6e7e571738870cad69d8d,5,0,0.12737406425054296,32.873827746944002,True,,False,matched_pair_uses_frozen_calibration_threshold
synthetic_long_horizon_identifiability_v1,matched_prefix_counterexamples,c_4a715e1e94873afddbc6883c59c08bc3,335d29b6d223f37375f004da040f67e770a7dfb1a84e2c82324c76d5478b84e7,5,0,0.032932517468098089,33.302995894352094,True,,False,matched_pair_uses_frozen_calibration_threshold
synthetic_long_horizon_identifiability_v1,matched_prefix_counterexamples,c_4ad28136e82dbfae470f7473712a54c2,b801bde161146353f2d2f6e834bf8f384c62fbd7c129b60e99f98381e5b00af3,5,0,0.063571760206887915,37.077704520590167,True,,False,matched_pair_uses_frozen_calibration_threshold
synthetic_long_horizon_identifiability_v1,matched_prefix_counterexamples,c_4b01b4398adf3163b09771987d772b67,09044f96fdc4a3a265ac7d1492618517af4142b5adc2c67cb82bcde6e3ebd7d8,5,0,0.032561727058804314,45.117793155952462,True,,False,matched_pair_uses_frozen_calibration_threshold
synthetic_long_horizon_identifiability_v1,matched_prefix_counterexamples,c_4b305d39f702f522b1d86d623882b034,40ac491683fa8cfa648b704418df3ff023909594e1c6bacdb8a6b71d159e9c44,5,0,0.11929467121472263,32.141992546597635,True,,False,matched_pair_uses_frozen_calibration_threshold
synthetic_long_horizon_identifiability_v1,matched_prefix_counterexamples,c_4b98d5b2db434c1e5818fb8e6a261610,53efebf9345738963b82c1fc040c49a296fd7dfccaeaf4ac8c9dcc2c4fe70502,5,0,0.049014726613759337,33.548881139829675,True,,False,matched_pair_uses_frozen_calibration_threshold
synthetic_long_horizon_identifiability_v1,matched_prefix_counterexamples,c_4bb2ff783991ef9b7f7eae80d0862d6a,4dd024faaa02a44bf06d4d57ff7fb4357ffa6501ee0fabdd652550df034da01a,5,0,0.083740712658942631,32.141998688440864,True,,False,matched_pair_uses_frozen_calibration_threshold
synthetic_long_horizon_identifiability_v1,matched_prefix_counterexamples,c_4c0c489494a1f9329bc20c6047348f0b,19967eeeb1f4e9fe8e22763cb97fbca4746b8765ba2476a422a46fbf1fe88a34,5,0,0.035324737269093985,34.085323119512402,True,,False,matched_pair_uses_frozen_calibration_threshold
synthetic_long_horizon_identifiability_v1,matched_prefix_counterexamples,c_4d2163474bf7e6dae61c70e7f1b84aad,ee3bd9a0406059655f5b8ebb5dbc7a13585f9ae93b307ae809ac5acb6bae14ee,5,0,0.14318969464893269,32.141999949992424,True,,False,matched_pair_uses_frozen_calibration_threshold
synthetic_long_horizon_identifiability_v1,matched_prefix_counterexamples,c_4e065820e0cb193f588036d72aa28002,be1ca7d2a3bd47755fc4b73ea810d6e9630b0f84f66f362a50cf6b4fe606cd08,5,0,0.13137526129658725,35.021623135025315,True,,False,matched_pair_uses_frozen_calibration_threshold
synthetic_long_horizon_identifiability_v1,matched_prefix_counterexamples,c_4fd0aaf2704154b82409d4007a20f647,26a63411720d8a054d6a08f1f82a72671d25e358171a0ac8b8ee86b67a99509a,5,0,0.14254917306018491,32.720860707113729,True,,False,matched_pair_uses_frozen_calibration_threshold
synthetic_long_horizon_identifiability_v1,matched_prefix_counterexamples,c_4fe0c7f6e1bb4788f63fe45e34e8729e,331402794238e92879849ba3af3d28c8305182fc7b8a3233902885d7bb32b33f,5,0,0.057083047001213798,42.571760560630501,True,,False,matched_pair_uses_frozen_calibration_threshold
synthetic_long_horizon_identifiability_v1,matched_prefix_counterexamples,c_5075f579091feabb70740bd68f330c52,cd0f48cb6123c63dd96b127e0e4649004a2522696dfa1fc08d34d844796e641e,5,0,0.10038892544015046,34.410069943545722,True,,False,matched_pair_uses_frozen_calibration_threshold
synthetic_long_horizon_identifiability_v1,matched_prefix_counterexamples,c_5078dd3f0a0436b3b227ef227e6c7a7f,951fda3eb0da4342cb71b9d9300cb0af49b124f3e487724469db41fb74ab05f6,5,0,0.13680416563427034,36.431064690944702,True,,False,matched_pair_uses_frozen_calibration_threshold
synthetic_long_horizon_identifiability_v1,matched_prefix_counterexamples,c_5085079b537f3fdb744202e32fbbeddf,3a031eb89146f8bc99a447d46ae23d1e7d539c55226cba90e245420cb446199e,4,0,0.083157548823434554,32.528195935594937,True,,False,matched_pair_uses_frozen_calibration_threshold
synthetic_long_horizon_identifiability_v1,matched_prefix_counterexamples,c_5115ea97b3fb999c61cb1b850d4c2a4d,f346a5a6a81bff2140c6f565a5d92ffd9d0b108f688356529c9951819e768e60,5,0,0.21882035980804274,34.484452108404525,True,,False,matched_pair_uses_frozen_calibration_threshold
synthetic_long_horizon_identifiability_v1,matched_prefix_counterexamples,c_512eb4dea3fbdd9042e38f85ebd6139a,4f816d867436ca1fea1a2e889dbf7bf60f38052c7604a19ea054615d6a6254f5,5,0,0.21835961472755852,32.510279786244539,True,,False,matched_pair_uses_frozen_calibration_threshold
synthetic_long_horizon_identifiability_v1,matched_prefix_counterexamples,c_5207d9da78d93ae9c1867dc0fa2488b9,55c78838ead0cdb501841c889a67e8fda6d013d65821e1d7f5d0a0695bb06dcf,5,0,0.1222680173750782,49.992310459100985,True,,False,matched_pair_uses_frozen_calibration_threshold
synthetic_long_horizon_identifiability_v1,matched_prefix_counterexamples,c_52bcba9a5c3678aa5c764918e17b9bf8,40ac491683fa8cfa648b704418df3ff023909594e1c6bacdb8a6b71d159e9c44,5,0,0.11929467121472263,32.141992546597635,True,,False,matched_pair_uses_frozen_calibration_threshold
synthetic_long_horizon_identifiability_v1,matched_prefix_counterexamples,c_54c2ee9af0b9b3c2339b4f12c9c85419,c1b6e8859a111c1c12827b13545612bf5888c540ad912bcce4812a57c245553f,5,0,0.073510757865306878,35.363219679162206,True,,False,matched_pair_uses_frozen_calibration_threshold
synthetic_long_horizon_identifiability_v1,matched_prefix_counterexamples,c_5593901e35a1827f98cab21e4052ed21,1d57bf557e2de8b2ec8579b0007d1db113712862e10987dcbe5ca61314419cab,5,0,0.082325440146680112,32.545008473154866,True,,False,matched_pair_uses_frozen_calibration_threshold
synthetic_long_horizon_identifiability_v1,matched_prefix_counterexamples,c_57381b0d364ec10809ec3858d0f37682,0d48cdac41262f0ba9b6490745c79b8d0bab06f5bf03a004f4730816e104f652,5,0,0.18919676418032633,53.808614783199268,True,,False,matched_pair_uses_frozen_calibration_threshold
synthetic_long_horizon_identifiability_v1,matched_prefix_counterexamples,c_57ad46a77493dca8d7a7d3e481f327c6,10e04d73bda3dff0270381a2ac216bbf2f4c325f0e138a1d35910ba1207896e7,5,0,0.052080412266990388,32.141998662800248,True,,False,matched_pair_uses_frozen_calibration_threshold
synthetic_long_horizon_identifiability_v1,matched_prefix_counterexamples,c_5845cf1dbe16fcb0befcac553125e726,635d48bcd35be27c189ad809f896471c1d8eacfa113fc5937babd4b89f1bb102,5,0,0.054469795199343675,32.141992809354662,True,,False,matched_pair_uses_frozen_calibration_threshold
synthetic_long_horizon_identifiability_v1,matched_prefix_counterexamples,c_586d66712371d288e5691c6a60f6e268,a1b14f6b1487ed4aecfab98e75233cfa505766cc3e3df0812936767a3c760e7e,5,0,0.088101651783358936,33.748910876094655,True,,False,matched_pair_uses_frozen_calibration_threshold
synthetic_long_horizon_identifiability_v1,matched_prefix_counterexamples,c_590856a577715028c5b5941b1af99cbf,9f44f470c5a1ca986067a02033a07022adabaff06509f44abb42f0b3b7535720,4,0,0.11144850901831349,32.141999118689057,True,,False,matched_pair_uses_frozen_calibration_threshold
synthetic_long_horizon_identifiability_v1,matched_prefix_counterexamples,c_5c6d4353e766f996eee933ac51bf44f4,fffe11b24e359ee7bf98fe818efe7ceafdea5ef2bc2b44a46a84a741e9f774d7,5,0,0.090623378959272208,33.035374702245662,True,,False,matched_pair_uses_frozen_calibration_threshold
synthetic_long_horizon_identifiability_v1,matched_prefix_counterexamples,c_5d1227931a3b3947e8e8912935813ef8,b4f79103e7dd9d45d5fcec923a0f33dfe2870ce1070da397326f7d27a7fb20cc,0,0,0.2163765202302094,inf,False,,False,fewer_than_two_credible_structure_families;nonfinite_disagreement
synthetic_long_horizon_identifiability_v1,matched_prefix_counterexamples,c_5d93a0083c6303ff052647824b02abba,ef28310171e938ab4951003526f653ae142cc8745204d5ada1060bc75f51a8d4,5,0,0.14117722165538077,32.141997043678685,True,,False,matched_pair_uses_frozen_calibration_threshold
synthetic_long_horizon_identifiability_v1,matched_prefix_counterexamples,c_5d93ff91fe7ea502b5991871082904e4,f2cebb756bc7f022db6269d176553ad693ba4c682a4189804eb99afa57813bb8,5,0,0.024334640202135153,32.141997897944023,True,,False,matched_pair_uses_frozen_calibration_threshold
synthetic_long_horizon_identifiability_v1,matched_prefix_counterexamples,c_5ef9ae39353d98d9902d85d436c6ca7c,efffdc8bbe0ca51e67289e13796b5ff3cc0d567122b6fd643bff6891b719aeb4,5,0,0.12159205691405889,36.461876336209777,True,,False,matched_pair_uses_frozen_calibration_threshold
synthetic_long_horizon_identifiability_v1,matched_prefix_counterexamples,c_5efb4a592e67e2f6b715c87ef18849a1,aed5f004bdc21e45861a7cfa899c23fc734b19ec69bb238a65e0600d658c89f9,5,0,0.05257672407615762,38.241952260797852,True,,False,matched_pair_uses_frozen_calibration_threshold
synthetic_long_horizon_identifiability_v1,matched_prefix_counterexamples,c_5fdc83205b581056bbe4a3887b254075,4d763de5371319dcd9ab9625b607f77ad33c9617b6c3cfc0853061e01af37c01,5,0,0.13013190652322346,36.908563635628603,True,,False,matched_pair_uses_frozen_calibration_threshold
synthetic_long_horizon_identifiability_v1,matched_prefix_counterexamples,c_60910f638037cf652b32569cc35faffd,498f9ba8d13e2b6953e1dae3023e08899a33ae91c3d4de80fb361175ce2e30e4,5,0,0.051955496260412369,32.141997896674908,True,,False,matched_pair_uses_frozen_calibration_threshold
synthetic_long_horizon_identifiability_v1,matched_prefix_counterexamples,c_613d9c435d7c9ddb3e1094166f93dbe1,581165461e1c2e4f40a2d73895154a8207865bf60844a0afb66dbd6f5a0d0e5a,5,0,0.013058660621124532,32.401692433242061,True,,False,matched_pair_uses_frozen_calibration_threshold
synthetic_long_horizon_identifiability_v1,matched_prefix_counterexamples,c_61bf6f649a411eac284d4ed56179ce21,09044f96fdc4a3a265ac7d1492618517af4142b5adc2c67cb82bcde6e3ebd7d8,5,0,0.032561727058804314,45.117793155952462,True,,False,matched_pair_uses_frozen_calibration_threshold
synthetic_long_horizon_identifiability_v1,matched_prefix_counterexamples,c_61e2c9d83c383315ad337e3e7d3cba69,d71658457a206caf2cef25be4e2712eba4266a284377b5db446166658ffe1c09,0,0,0.35049548293633676,inf,False,,False,fewer_than_two_credible_structure_families;nonfinite_disagreement
synthetic_long_horizon_identifiability_v1,matched_prefix_counterexamples,c_623b8ca0173a975298f2fb0150cd398c,8329e371e0a5701a985544b9b0d0f084ac5034c35a099f84dad42bcea31595bd,5,0,0.051462138833810761,34.181137991028102,True,,False,matched_pair_uses_frozen_calibration_threshold
synthetic_long_horizon_identifiability_v1,matched_prefix_counterexamples,c_6383d95062f1de80018d54c41fd4089d,8a0da1e072b4200afbd77911e99e52c294fead96d9dacde5a0f569f986a39bb5,6,0,0.047371826959704849,36.273811386041793,True,,False,matched_pair_uses_frozen_calibration_threshold
synthetic_long_horizon_identifiability_v1,matched_prefix_counterexamples,c_64137de0def219c16ea6187a6e8f38d3,11140c44144a0b5d2a6c1e30d552afc0a3df8af8aec7630bc1d9677be6acc71a,5,0,0.081626129086713767,53.300475238186756,True,,False,matched_pair_uses_frozen_calibration_threshold
synthetic_long_horizon_identifiability_v1,matched_prefix_counterexamples,c_6446680bfecab24949e5d07e966858ed,1622fdb8b0be6b4ab08e9f16010c75c7e4b885169d971de00c773b7e5f0d4989,5,0,0.12887977958687294,32.141997206450029,True,,False,matched_pair_uses_frozen_calibration_threshold
synthetic_long_horizon_identifiability_v1,matched_prefix_counterexamples,c_64c48a31821794bd2217a33ad17e8d03,c62d101b65585e008fc7906ae67446232bcf1d4e421934fbb8d25bf80e6f401f,4,0,0.14519980307838271,32.142005320127517,True,,False,matched_pair_uses_frozen_calibration_threshold
synthetic_long_horizon_identifiability_v1,matched_prefix_counterexamples,c_64c59a0a6326eb919a0abe839834815c,11140c44144a0b5d2a6c1e30d552afc0a3df8af8aec7630bc1d9677be6acc71a,5,0,0.081626129086713767,53.300475238186756,True,,False,matched_pair_uses_frozen_calibration_threshold
synthetic_long_horizon_identifiability_v1,matched_prefix_counterexamples,c_64e2158dbb903fd851d1bd67c82cb4e7,248d31ba4553962e3409bba2275e95cd6217f02d98deedbd50b9cdd49e4e154e,5,0,0.1338413052918084,33.655671901539435,True,,False,matched_pair_uses_frozen_calibration_threshold
synthetic_long_horizon_identifiability_v1,matched_prefix_counterexamples,c_655705b649229ed1cbbd05d024fce8ef,fffe11b24e359ee7bf98fe818efe7ceafdea5ef2bc2b44a46a84a741e9f774d7,5,0,0.090623378959272208,33.035374702245662,True,,False,matched_pair_uses_frozen_calibration_threshold
synthetic_long_horizon_identifiability_v1,matched_prefix_counterexamples,c_66aca473ec6f844ebe1efbea8b6d42be,951fda3eb0da4342cb71b9d9300cb0af49b124f3e487724469db41fb74ab05f6,5,0,0.13680416563427034,36.431064690944702,True,,False,matched_pair_uses_frozen_calibration_threshold
synthetic_long_horizon_identifiability_v1,matched_prefix_counterexamples,c_6724d91cb4603641097f7f6a8f143d24,2371891d1c6884835c49abbe9a18b95d3cdb36b7cebb420482901d15545e7e8f,6,0,0.15003933889012436,36.842549997964163,True,,False,matched_pair_uses_frozen_calibration_threshold
synthetic_long_horizon_identifiability_v1,matched_prefix_counterexamples,c_6822e76957729c14f5b9160dc270e792,8840081308eb17426d6213918e73aa71b6623dba1f14932740edda9f0d48a7f1,5,0,0.11305516005495214,56.161094977425854,True,,False,matched_pair_uses_frozen_calibration_threshold
synthetic_long_horizon_identifiability_v1,matched_prefix_counterexamples,c_685d99e0f308f08d6431d4c43f7353f6,0d768a49aa157788d3817ac56d99a6265be67af9724e758eead243f19b38e373,5,0,0.064768144411132461,32.42387296383545,True,,False,matched_pair_uses_frozen_calibration_threshold
synthetic_long_horizon_identifiability_v1,matched_prefix_counterexamples,c_68d7c9884380d6f8a383b9a646e50dae,96fab6cc1a832dc773633fdda78deba51edca90d31df3ded72e659c2939acfe4,5,0,0.14016250568246197,40.740535037119379,True,,False,matched_pair_uses_frozen_calibration_threshold
synthetic_long_horizon_identifiability_v1,matched_prefix_counterexamples,c_68db3cfe9bc35d3285613254145ae6a2,beaf7a5472f40d40282ea21f41b3683d13f0da5ee251c6e4eead36b283965eae,5,0,0.078482376867699433,32.953529426524298,True,,False,matched_pair_uses_frozen_calibration_threshold
synthetic_long_horizon_identifiability_v1,matched_prefix_counterexamples,c_68e74d82a01e9e92bde3fa2c5483384d,604408ba1654df130355b71fca874fc3a812174169a0856cbc5db83e924a28c1,5,0,0.10102560640110281,38.318533566301944,True,,False,matched_pair_uses_frozen_calibration_threshold
synthetic_long_horizon_identifiability_v1,matched_prefix_counterexamples,c_69947463c9d66f0b3e54fa8909e3bf50,42b61ef8ad026587b0d3d8aaefa9de0616ef92365250d152424207014ce759c5,5,0,0.14712512635362512,36.381141015293473,True,,False,matched_pair_uses_frozen_calibration_threshold
synthetic_long_horizon_identifiability_v1,matched_prefix_counterexamples,c_69a3a4d0d8a7ccd3370b05b2fe44cbc8,1702ce74ed821ce97e56351250019501d6265ceac00c41c0c62bb0a1ece60462,5,0,0.029879498161977432,32.141995579149643,True,,False,matched_pair_uses_frozen_calibration_threshold
synthetic_long_horizon_identifiability_v1,matched_prefix_counterexamples,c_6bc70a79fdf88ac6515b3fbdde0dbdcf,8471f93074766920c3bf04c632ee26ffc4e260257e57ad054295ca93426518fe,4,0,0.20225398550918841,39.262438228532282,True,,False,matched_pair_uses_frozen_calibration_threshold
synthetic_long_horizon_identifiability_v1,matched_prefix_counterexamples,c_6bc83ce86121c1bc51e2747622847bdb,4a3060d170ec74bd1e385db70f8788bd4fbead6a835919177eb239183a57c706,5,0,0.032766782845483206,37.865161428029857,True,,False,matched_pair_uses_frozen_calibration_threshold
synthetic_long_horizon_identifiability_v1,matched_prefix_counterexamples,c_6c918f1b5b6760b3c548385c8d7c83e5,8b9dda8ed2e6950ba8ebe390a4dd35cd79996d5752e2d5bd1bbe98350ae5a2b7,5,0,0.14671125077677821,32.754673037562803,True,,False,matched_pair_uses_frozen_calibration_threshold
synthetic_long_horizon_identifiability_v1,matched_prefix_counterexamples,c_6ca8a6742801db43b4c093e1a86ae472,d93d75c2f7cde846dae99abf2af5f8cf7119538cd1b9fb5039c97b756a45ac91,5,0,0.038307255790874496,32.609317050312868,True,,False,matched_pair_uses_frozen_calibration_threshold
synthetic_long_horizon_identifiability_v1,matched_prefix_counterexamples,c_6cdf24d8473dc185a29e25e804ec9b2e,0aae0e5017cfdc128ff091d4bd124dda3f244ecf8a75aa389962842ed2626a87,4,0,0.22870244823528132,50.815631875498987,True,,False,matched_pair_uses_frozen_calibration_threshold
synthetic_long_horizon_identifiability_v1,matched_prefix_counterexamples,c_6d9e5b6db5dbfa74c4ae6fb6d0fd0570,7583a50fde42fb2584060184213882b54aa06f59c55c1fe323dc395ca886ff15,0,0,0.1711431972353975,inf,False,,False,fewer_than_two_credible_structure_families;nonfinite_disagreement
synthetic_long_horizon_identifiability_v1,matched_prefix_counterexamples,c_6ef8f4260f8e57fc0d12222853773a85,6eb48cfe1dcb56a1baec53bfd546a9521aaa2c93cc23744a22dcdf095d6d6a06,5,0,0.091332686450483438,32.570226179435835,True,,False,matched_pair_uses_frozen_calibration_threshold
synthetic_long_horizon_identifiability_v1,matched_prefix_counterexamples,c_6f5ae3d685db63754d0a532b40d5f3ba,eacf96b0ec6d1efe5f8e649251c54fda3e5b96b3d08f2772912486f5b70504cc,5,0,0.042399443859716328,42.00888598253264,True,,False,matched_pair_uses_frozen_calibration_threshold
synthetic_long_horizon_identifiability_v1,matched_prefix_counterexamples,c_6feba11918ef9c5a81cdaeb4a1b396b8,6045a0ef261c168ef1e73c2999373644bdc2b6f078153ef3a5462fd5f6fbc7da,5,0,0.031665953860174498,32.141998009593436,True,,False,matched_pair_uses_frozen_calibration_threshold
synthetic_long_horizon_identifiability_v1,matched_prefix_counterexamples,c_705e129ebf402edd30218d246a63524c,0e8238ff7ed8302e0fb9db9912b2f68c09ebdda1374b910dc6b828eff5811593,5,0,0.057829773609598206,32.142001166263171,True,,False,matched_pair_uses_frozen_calibration_threshold
synthetic_long_horizon_identifiability_v1,matched_prefix_counterexamples,c_70b895f6b398c0bb581fb1dba434d9bd,d7e8fe0a1a0392b4cd02b0e9181029cfe71a516764d7af53c471910b8b2d8dc2,5,0,0.22943979597407055,32.403949132881166,True,,False,matched_pair_uses_frozen_calibration_threshold
synthetic_long_horizon_identifiability_v1,matched_prefix_counterexamples,c_7260787df2b0f383566d9513d34628e3,7654891b1856bd7d253e1dc0d67a6d810113eae29ae3ef0e12ba85e77affeea0,5,0,0.055227165915980203,33.907013833513716,True,,False,matched_pair_uses_frozen_calibration_threshold
synthetic_long_horizon_identifiability_v1,matched_prefix_counterexamples,c_7380adfcdfd974592fff2081a6a31663,3902e101379042a08a68d29385998a0c4f867cc3052bf2ef405b2d6f72cb201a,5,0,0.045532702404173175,36.991155419040957,True,,False,matched_pair_uses_frozen_calibration_threshold
synthetic_long_horizon_identifiability_v1,matched_prefix_counterexamples,c_7566615b2802cb176ed22d497352c36f,8840081308eb17426d6213918e73aa71b6623dba1f14932740edda9f0d48a7f1,5,0,0.11305516005495214,56.161094977425854,True,,False,matched_pair_uses_frozen_calibration_threshold
synthetic_long_horizon_identifiability_v1,matched_prefix_counterexamples,c_7579b729cdd8b28de74aa0d602c80914,c2584fba66818200423b4f1dc0952cebe6b434cdc7d49e056194f41de8462b4f,5,0,0.067562434885528655,32.141999131655382,True,,False,matched_pair_uses_frozen_calibration_threshold
synthetic_long_horizon_identifiability_v1,matched_prefix_counterexamples,c_757d9d218dbeda23134e14431ed5ca00,85cdea6bb5d81fb31897aea9eeabd3a5ba0a90a03f54875593190a9c9cc4b071,5,0,0.050206258855339102,32.709611976755369,True,,False,matched_pair_uses_frozen_calibration_threshold
synthetic_long_horizon_identifiability_v1,matched_prefix_counterexamples,c_759de9577442066be30b4a1a3b419ac0,4874ba4730ffaec30d764c3fbc784599c7f19da5d0373c3197f7fde519204f1a,6,0,0.17954623773606138,32.581117345430314,True,,False,matched_pair_uses_frozen_calibration_threshold
synthetic_long_horizon_identifiability_v1,matched_prefix_counterexamples,c_7719d7e7da0861ade749a847b441cff2,98da3c9a816f98bc5cf4797b5bfbfefb0f871d8b609e00b85d8a522fa0e8f826,5,0,0.039417147331122906,34.807986054688705,True,,False,matched_pair_uses_frozen_calibration_threshold
synthetic_long_horizon_identifiability_v1,matched_prefix_counterexamples,c_77526bd05f6e2dfde73f3c6d98096f63,49af57081b01c2265f2526af50c4f77f99714754f58c97a308d7e21a16cfb672,5,0,0.072494845353472823,36.353203802170093,True,,False,matched_pair_uses_frozen_calibration_threshold
synthetic_long_horizon_identifiability_v1,matched_prefix_counterexamples,c_78cf73096304c0156168405fb6a0c22d,4a3060d170ec74bd1e385db70f8788bd4fbead6a835919177eb239183a57c706,5,0,0.032766782845483206,37.865161428029857,True,,False,matched_pair_uses_frozen_calibration_threshold
synthetic_long_horizon_identifiability_v1,matched_prefix_counterexamples,c_78fddcbbf2a61139ce20c62fee9acd52,8e8df4ac0b46e8b62b3cac8a3bab45319417b21c698b2dd298bbf1b8aad00cac,5,0,0.20535995889296124,52.703541124506337,True,,False,matched_pair_uses_frozen_calibration_threshold
synthetic_long_horizon_identifiability_v1,matched_prefix_counterexamples,c_790c1bd0e47b7265fc41f2c5d73b03c2,498a0f9f885e7faa3ecb5d6a53df72e96b9c9138758c94acf98d045f333071cd,5,0,0.028534781160297541,32.739223797881166,True,,False,matched_pair_uses_frozen_calibration_threshold
synthetic_long_horizon_identifiability_v1,matched_prefix_counterexamples,c_79e2b2d5e7f64655b5f10e37bfaabe93,84a21bdb2399f346ea7df3633ec4e2b288e57d938e783f51ff4a2a58c991bfcb,5,0,0.036038908726299126,32.142000351085798,True,,False,matched_pair_uses_frozen_calibration_threshold
synthetic_long_horizon_identifiability_v1,matched_prefix_counterexamples,c_7b8dc69b895be20ab88c7eb897a17e73,b79c2027cf33170117685cf588455448b9fbe748c205fbce42dcd439294f3139,5,0,0.1394833572037974,32.227488555490538,True,,False,matched_pair_uses_frozen_calibration_threshold
synthetic_long_horizon_identifiability_v1,matched_prefix_counterexamples,c_7d460a6d36fbf324556ea97bf95726fc,225740f9ec428d8663bb1909002f11f6c9a9cb3acc07ff83d6311c3ca9473dbb,5,0,0.083476953110697583,32.141997957797059,True,,False,matched_pair_uses_frozen_calibration_threshold
synthetic_long_horizon_identifiability_v1,matched_prefix_counterexamples,c_7de0810e4be95d72a855655c9ca8af68,8a0da1e072b4200afbd77911e99e52c294fead96d9dacde5a0f569f986a39bb5,6,0,0.047371826959704849,36.273811386041793,True,,False,matched_pair_uses_frozen_calibration_threshold
synthetic_long_horizon_identifiability_v1,matched_prefix_counterexamples,c_7e7fb9839473fd93c652f2dd7d8dfd12,05df5a07d9f2bda90f46000054cbdd170aef259b5f2e990c7f8097b32aa38bbe,5,0,0.045202681482793459,35.479804013656484,True,,False,matched_pair_uses_frozen_calibration_threshold
synthetic_long_horizon_identifiability_v1,matched_prefix_counterexamples,c_7e9fe71c3906c96c7aeb148888c6efe8,d937d5c249ab4911c336d39f9a95ba6ffe302f357f617e763bdb8ab9ad0b8309,5,0,0.0555637210054232,34.777283516490414,True,,False,matched_pair_uses_frozen_calibration_threshold
synthetic_long_horizon_identifiability_v1,matched_prefix_counterexamples,c_7f070b01c3b50099809e351b95478cec,bf0b16814f724e61051fc0824e5a18fe03c27a750d91da523a76155db502e515,5,0,0.14943032319329419,33.862303405406507,True,,False,matched_pair_uses_frozen_calibration_threshold
synthetic_long_horizon_identifiability_v1,matched_prefix_counterexamples,c_7f8a1beb57717bdcbdf6f15a43277da3,7e4706f2a6fb07faec718a8f5f7f6cd50ee3f7a669dc481d37599562827d17c9,5,0,0.14999380437861415,32.161944778373325,True,,False,matched_pair_uses_frozen_calibration_threshold
synthetic_long_horizon_identifiability_v1,matched_prefix_counterexamples,c_80099c3693ebdbc2e6a230cc1ca679b5,da396f648c92aa1f7617e812b07822d046c8f4f05bde306df122ba683ce85a58,5,0,0.14074218564878782,33.488076627502323,True,,False,matched_pair_uses_frozen_calibration_threshold
synthetic_long_horizon_identifiability_v1,matched_prefix_counterexamples,c_8032cf454c35d1f2f74c35cdc1d07a76,82cabf319c27916a2b25326f220f63a18a7e54899d98439fe29005fb36f1893b,5,0,0.15877029890235791,33.97125402081285,True,,False,matched_pair_uses_frozen_calibration_threshold
synthetic_long_horizon_identifiability_v1,matched_prefix_counterexamples,c_80a08df3d46396e953430a8e1cbbeed1,3ba7779c8c585f2943257f87655ec19c1cf7815ff943aeb29146f3e8b4d19693,5,0,0.048834997990108146,32.652666325898608,True,,False,matched_pair_uses_frozen_calibration_threshold
synthetic_long_horizon_identifiability_v1,matched_prefix_counterexamples,c_8206d5af3ddce6c4d99aca257f01cadf,359eef1733ac154ddbcf29564a88f951fbeca0d606389ea320578a8ddfba04c3,4,0,0.060041341941235192,32.687986503223641,True,,False,matched_pair_uses_frozen_calibration_threshold
synthetic_long_horizon_identifiability_v1,matched_prefix_counterexamples,c_822d8a131d1e6d8deb5cb828970836ca,6e3aebfe9819266ef969f5e461d50f690338dd9c9fb27ae04a03e5da0e764590,5,0,0.084132633008867766,32.893432918565637,True,,False,matched_pair_uses_frozen_calibration_threshold
synthetic_long_horizon_identifiability_v1,matched_prefix_counterexamples,c_83aed27f3a34dc1716fbad3da7c3c740,8ba730ee3ba3092110b7312045ad73aef66e4ac1bd77cdb05b1257fcaf2e8d6a,5,0,0.12961279879224732,33.657444924101995,True,,False,matched_pair_uses_frozen_calibration_threshold
synthetic_long_horizon_identifiability_v1,matched_prefix_counterexamples,c_847fae98a5677988ccceb04e0daf6cb5,06d1955e74722467f188848d803ebba9a3b7b2957cb0b65b9295ee25956e5a3e,5,0,0.048701388180454157,32.141998990571423,True,,False,matched_pair_uses_frozen_calibration_threshold
synthetic_long_horizon_identifiability_v1,matched_prefix_counterexamples,c_84e59507f2079afbe4c6fb2214d46bad,7a450160879795634fb233d66e60bd20a5404f9fe2ff3945a9ae9b5343df89ed,5,0,0.094171199473697925,52.667287299698266,True,,False,matched_pair_uses_frozen_calibration_threshold
synthetic_long_horizon_identifiability_v1,matched_prefix_counterexamples,c_856c54123ea9e2e74ee7902d5de4afaf,67fdb84d13853c53daf1062091d8ff48025ac9477551ec70d937a728d77cfa78,5,0,0.1135723352930188,34.805137787868418,True,,False,matched_pair_uses_frozen_calibration_threshold
synthetic_long_horizon_identifiability_v1,matched_prefix_counterexamples,c_857d8a9a04fe6b0663a249d5463a0662,aed5f004bdc21e45861a7cfa899c23fc734b19ec69bb238a65e0600d658c89f9,5,0,0.05257672407615762,38.241952260797852,True,,False,matched_pair_uses_frozen_calibration_threshold
synthetic_long_horizon_identifiability_v1,matched_prefix_counterexamples,c_85c26d5e7b0d718eda5ea5f87cf87373,73f26a9f7beac3172180a62e40aed96764ce33c7ea1d0eeb4941f9c24dd7f447,5,0,0.089997257807419129,32.43753918087247,True,,False,matched_pair_uses_frozen_calibration_threshold
synthetic_long_horizon_identifiability_v1,matched_prefix_counterexamples,c_865425047f8cf38b3db6f52e293986e9,1ce23797e8cb34cf9373baeeac837bc8a65c320b6ec0bc4b0f59010ce77e017e,5,0,0.1388236177341137,32.961626362842495,True,,False,matched_pair_uses_frozen_calibration_threshold
synthetic_long_horizon_identifiability_v1,matched_prefix_counterexamples,c_86c830c854d607c17948b4ac12e5b393,34ce46900d799578f7a72a37fab78d6d55cf3fbc2e86a061188b29ab5566c06c,5,0,0.031016584874617854,32.141996977222462,True,,False,matched_pair_uses_frozen_calibration_threshold
synthetic_long_horizon_identifiability_v1,matched_prefix_counterexamples,c_875b0b8fbae928a86f030ffe02b9f985,60bb94c80b4300b9a6ca367e10d18655d5667b47eaa64c9ef123d0b334dba63d,5,0,0.09729337600007025,32.141996239039088,True,,False,matched_pair_uses_frozen_calibration_threshold
synthetic_long_horizon_identifiability_v1,matched_prefix_counterexamples,c_87cc19720770dd3fae06a57e5d2abda0,e0da2d663252a69e5b2b030747902ed46854f88a10f6e7e571738870cad69d8d,5,0,0.12737406425054296,32.873827746944002,True,,False,matched_pair_uses_frozen_calibration_threshold
synthetic_long_horizon_identifiability_v1,matched_prefix_counterexamples,c_88651f92e783954b1c785de3b0c78957,c8ee68fbc9c68d12a0f480d8f9f55defcc779048c6f49d4e4b3b9a1e6305f39d,5,0,0.082243918292304596,32.141997617525092,True,,False,matched_pair_uses_frozen_calibration_threshold
synthetic_long_horizon_identifiability_v1,matched_prefix_counterexamples,c_89aa84085dafaffdff33b16c6b64d07b,ab8f7e37fc26af770c618d0f2cd36c4994c911ee941c6853594be2ba947f18a6,4,0,0.10595666754157423,33.580958223323009,True,,False,matched_pair_uses_frozen_calibration_threshold
synthetic_long_horizon_identifiability_v1,matched_prefix_counterexamples,c_8b2634ac2eb59a0bf995544b9a6cefd1,be186d6e5e444eb65e7c6826e7e9f0acb1982f3130feb67820a0c93eaa27074d,5,0,0.13445763474506639,32.940226606874432,True,,False,matched_pair_uses_frozen_calibration_threshold
synthetic_long_horizon_identifiability_v1,matched_prefix_counterexamples,c_8c5de749492a0d921cbc85801dcf3f5b,4874ba4730ffaec30d764c3fbc784599c7f19da5d0373c3197f7fde519204f1a,6,0,0.17954623773606138,32.581117345430314,True,,False,matched_pair_uses_frozen_calibration_threshold
synthetic_long_horizon_identifiability_v1,matched_prefix_counterexamples,c_8c98190ecda75fc91b60703e7b67d998,cd0f48cb6123c63dd96b127e0e4649004a2522696dfa1fc08d34d844796e641e,5,0,0.10038892544015046,34.410069943545722,True,,False,matched_pair_uses_frozen_calibration_threshold
synthetic_long_horizon_identifiability_v1,matched_prefix_counterexamples,c_8d5d9caba807413e83133741af12efcd,47bf768c08887e156258a62ef01fc4b2041fc62e29b68338bc64cb1861151ed0,5,0,0.12772868439516499,36.644717629376593,True,,False,matched_pair_uses_frozen_calibration_threshold
synthetic_long_horizon_identifiability_v1,matched_prefix_counterexamples,c_8da82ca248a5885652610c4a7e71c080,18f9aee29bfa0106acde2a10d6c101927b8273573b41765d8d7da238ef50c83e,5,0,0.10761865157141405,32.141997941694967,True,,False,matched_pair_uses_frozen_calibration_threshold
synthetic_long_horizon_identifiability_v1,matched_prefix_counterexamples,c_8efe4a8a683588067ac33c0cd15a5e32,b80a990fa6d175749e8e3d37cd99a067edbdce44d530b62b0efbf7bd62c72ebf,4,0,0.064485168741787946,53.047609058983937,True,,False,matched_pair_uses_frozen_calibration_threshold
synthetic_long_horizon_identifiability_v1,matched_prefix_counterexamples,c_8fc9b8dd489397c4105a6962ea068b16,274295ec5578c3d875663d2b2377abd848963f3763c995732846273a77ff19d8,6,0,0.083464464461539115,32.141999929628213,True,,False,matched_pair_uses_frozen_calibration_threshold
synthetic_long_horizon_identifiability_v1,matched_prefix_counterexamples,c_9019e960af52ac4cfe873e20ede5dfa8,3c53b28741bfedb3dd47c534a361d0f0079c85c86fd6c6026891645b932cd83a,5,0,0.096157308254727611,36.090602202937752,True,,False,matched_pair_uses_frozen_calibration_threshold
synthetic_long_horizon_identifiability_v1,matched_prefix_counterexamples,c_909a8fa0a4e2e76f1a560aa7c54f0a09,9e1ea87ddbe40a3c8cd185282a078f48a31cdecbd901dc4b3b34a39ea7331a39,5,0,0.10047334995564007,34.963110351738301,True,,False,matched_pair_uses_frozen_calibration_threshold
synthetic_long_horizon_identifiability_v1,matched_prefix_counterexamples,c_922446ada993f101575be3e546672425,be1ca7d2a3bd47755fc4b73ea810d6e9630b0f84f66f362a50cf6b4fe606cd08,5,0,0.13137526129658725,35.021623135025315,True,,False,matched_pair_uses_frozen_calibration_threshold
synthetic_long_horizon_identifiability_v1,matched_prefix_counterexamples,c_93630317ecfd54941d2798ed0a4ed875,fce7ef65e8a80930cd4688e3d80740ad80cc73abbd40b0aa6d06b83f2c0ea8f1,5,0,0.031931498982699723,32.714468777571767,True,,False,matched_pair_uses_frozen_calibration_threshold
synthetic_long_horizon_identifiability_v1,matched_prefix_counterexamples,c_93c3704c01f5e8f3a7536658f0a13ee2,6eb48cfe1dcb56a1baec53bfd546a9521aaa2c93cc23744a22dcdf095d6d6a06,5,0,0.091332686450483438,32.570226179435835,True,,False,matched_pair_uses_frozen_calibration_threshold
synthetic_long_horizon_identifiability_v1,matched_prefix_counterexamples,c_93e381d113563e48684a47854e305fbd,3cf1b813b6d8410bf153ba304dd835320618daf3a0206f667e50646cb0ef8cb4,5,0,0.06174102042790014,32.37025220245215,True,,False,matched_pair_uses_frozen_calibration_threshold
synthetic_long_horizon_identifiability_v1,matched_prefix_counterexamples,c_9496731290ee92359e284e81811a890b,eacf96b0ec6d1efe5f8e649251c54fda3e5b96b3d08f2772912486f5b70504cc,5,0,0.042399443859716328,42.00888598253264,True,,False,matched_pair_uses_frozen_calibration_threshold
synthetic_long_horizon_identifiability_v1,matched_prefix_counterexamples,c_95ddcffc56177802b3885f0d8b71dc02,335d29b6d223f37375f004da040f67e770a7dfb1a84e2c82324c76d5478b84e7,5,0,0.032932517468098089,33.302995894352094,True,,False,matched_pair_uses_frozen_calibration_threshold
synthetic_long_horizon_identifiability_v1,matched_prefix_counterexamples,c_9690885450423e513a5379cf873eb5ae,913d50c55ff82e33f1427269d07a88273b12436de548d06c9044a323dd8f1ce4,5,0,0.14951100187041236,35.954990780270244,True,,False,matched_pair_uses_frozen_calibration_threshold
synthetic_long_horizon_identifiability_v1,matched_prefix_counterexamples,c_96bb9d80a04fd2c9799dbd1dbdc6fbec,f09818d99d876d85fd00634300a66b164efb4eb3028b6adc8c57fe896fa19bd3,5,0,0.14652641663505694,32.141997999630505,True,,False,matched_pair_uses_frozen_calibration_threshold
synthetic_long_horizon_identifiability_v1,matched_prefix_counterexamples,c_98027c560ce68ada464c2b77ea548f6a,9b30b68e947103fe451abe39f0adb16e4cad98267cf295b94b7982b5fc92db8c,5,0,0.19749679939992426,34.70877380367574,True,,False,matched_pair_uses_frozen_calibration_threshold
synthetic_long_horizon_identifiability_v1,matched_prefix_counterexamples,c_98d8172abf2bd74a533b617a56f5306c,9dc6d183e238a4547b7699a400ff05cef4668c30ed9ece5a7b40693bc46b3fcb,5,0,0.11982938444641326,35.017622871409678,True,,False,matched_pair_uses_frozen_calibration_threshold
synthetic_long_horizon_identifiability_v1,matched_prefix_counterexamples,c_99b7069378b0262ecb02b2446a060a5c,8b9dda8ed2e6950ba8ebe390a4dd35cd79996d5752e2d5bd1bbe98350ae5a2b7,5,0,0.14671125077677821,32.754673037562803,True,,False,matched_pair_uses_frozen_calibration_threshold
synthetic_long_horizon_identifiability_v1,matched_prefix_counterexamples,c_9a4b136b6e5aa6c23303fd58e5d978dd,a5c40d6483a2d6453cac74a3fd9a5f29124b7e4e681ffbe84bb5469cfb2e21c3,5,0,0.02909708639088943,32.141996741609603,True,,False,matched_pair_uses_frozen_calibration_threshold
synthetic_long_horizon_identifiability_v1,matched_prefix_counterexamples,c_9b311f1e76ef1a4faa99ea7abf93edf1,4d763de5371319dcd9ab9625b607f77ad33c9617b6c3cfc0853061e01af37c01,5,0,0.13013190652322346,36.908563635628603,True,,False,matched_pair_uses_frozen_calibration_threshold
synthetic_long_horizon_identifiability_v1,matched_prefix_counterexamples,c_9b46adc261287764a86128e609a57a54,c4f1d6653a7fbd5956dcd5e414242311474b010854e7ba5e3bf9995e617879a0,5,0,0.041956622979398291,33.577346344321136,True,,False,matched_pair_uses_frozen_calibration_threshold
synthetic_long_horizon_identifiability_v1,matched_prefix_counterexamples,c_9b61ac340aa8e7727c2a9c1da5bbffdc,c62d101b65585e008fc7906ae67446232bcf1d4e421934fbb8d25bf80e6f401f,4,0,0.14519980307838271,32.142005320127517,True,,False,matched_pair_uses_frozen_calibration_threshold
synthetic_long_horizon_identifiability_v1,matched_prefix_counterexamples,c_9bb0418b696db6164723cdc81a1b7701,a7eaf4c6585fbb2d1252ab8aef81e78d05e0150bec2bda74cf875b0ea0c965b8,5,0,0.058595434181061348,33.792173059818182,True,,False,matched_pair_uses_frozen_calibration_threshold
synthetic_long_horizon_identifiability_v1,matched_prefix_counterexamples,c_9da62035c613f135cb56d777adaa1661,fce7ef65e8a80930cd4688e3d80740ad80cc73abbd40b0aa6d06b83f2c0ea8f1,5,0,0.031931498982699723,32.714468777571767,True,,False,matched_pair_uses_frozen_calibration_threshold
synthetic_long_horizon_identifiability_v1,matched_prefix_counterexamples,c_9e3430a85954d078bd7e4ea7c1cad51c,0aae0e5017cfdc128ff091d4bd124dda3f244ecf8a75aa389962842ed2626a87,4,0,0.22870244823528132,50.815631875498987,True,,False,matched_pair_uses_frozen_calibration_threshold
synthetic_long_horizon_identifiability_v1,matched_prefix_counterexamples,c_9f88c8c21e556cbcc9630738eff31342,cc6c09f58f1a5406c8a54eae13be5a5a4a539f1e55f3cdc616665b2b4d17288b,5,0,0.039887391900449799,32.993563495927219,True,,False,matched_pair_uses_frozen_calibration_threshold
synthetic_long_horizon_identifiability_v1,matched_prefix_counterexamples,c_a116bf73cb7af95cd62cc3f9730712d1,d71658457a206caf2cef25be4e2712eba4266a284377b5db446166658ffe1c09,0,0,0.35049548293633676,inf,False,,False,fewer_than_two_credible_structure_families;nonfinite_disagreement
synthetic_long_horizon_identifiability_v1,matched_prefix_counterexamples,c_a175af7826c7d2bf0ce36150a448fac9,78151715a14f304415a9deaf70ed3b8fd696a2b478da8246a28ff1d497948fda,5,0,0.098056926226897975,35.841923743271344,True,,False,matched_pair_uses_frozen_calibration_threshold
synthetic_long_horizon_identifiability_v1,matched_prefix_counterexamples,c_a278530b449e69a61cddbf5ca669a231,155069bff263032281b0c1f6c2e806b87e242d082ee1662576dbf415e4f633f4,5,0,0.028033711457702608,32.190453577312589,True,,False,matched_pair_uses_frozen_calibration_threshold
synthetic_long_horizon_identifiability_v1,matched_prefix_counterexamples,c_a3dd09c19903032656826b6ce13024e8,604408ba1654df130355b71fca874fc3a812174169a0856cbc5db83e924a28c1,5,0,0.10102560640110281,38.318533566301944,True,,False,matched_pair_uses_frozen_calibration_threshold
synthetic_long_horizon_identifiability_v1,matched_prefix_counterexamples,c_a40040643f113a95f32e063fdab1d5f5,d7e8fe0a1a0392b4cd02b0e9181029cfe71a516764d7af53c471910b8b2d8dc2,5,0,0.22943979597407055,32.403949132881166,True,,False,matched_pair_uses_frozen_calibration_threshold
synthetic_long_horizon_identifiability_v1,matched_prefix_counterexamples,c_a4d208ff343b9b80483080df844b8a35,9e0e5cc55f0fe08b834a2ea48b2b4278ca1138b39798ea3fa1bcb77b3dd91471,5,0,0.063658304538405222,32.141998212248296,True,,False,matched_pair_uses_frozen_calibration_threshold
synthetic_long_horizon_identifiability_v1,matched_prefix_counterexamples,c_a63ff6833b8f2276deb44cbeabc66765,affeadb868cb72be15c660054d85f081aa135ca4474a91ca91e700a12d536e96,6,0,0.092178913668423526,32.14199995039499,True,,False,matched_pair_uses_frozen_calibration_threshold
synthetic_long_horizon_identifiability_v1,matched_prefix_counterexamples,c_a65245d3f046c6f86e4455980fab4761,47bf768c08887e156258a62ef01fc4b2041fc62e29b68338bc64cb1861151ed0,5,0,0.12772868439516499,36.644717629376593,True,,False,matched_pair_uses_frozen_calibration_threshold
synthetic_long_horizon_identifiability_v1,matched_prefix_counterexamples,c_a709f8aa80b213c1e31ad456a5549cba,78151715a14f304415a9deaf70ed3b8fd696a2b478da8246a28ff1d497948fda,5,0,0.098056926226897975,35.841923743271344,True,,False,matched_pair_uses_frozen_calibration_threshold
synthetic_long_horizon_identifiability_v1,matched_prefix_counterexamples,c_a8008b578d3a084a60049084408d62a5,05df5a07d9f2bda90f46000054cbdd170aef259b5f2e990c7f8097b32aa38bbe,5,0,0.045202681482793459,35.479804013656484,True,,False,matched_pair_uses_frozen_calibration_threshold
synthetic_long_horizon_identifiability_v1,matched_prefix_counterexamples,c_a9b78627d4fe168fb886665f4ada782c,b4f79103e7dd9d45d5fcec923a0f33dfe2870ce1070da397326f7d27a7fb20cc,0,0,0.2163765202302094,inf,False,,False,fewer_than_two_credible_structure_families;nonfinite_disagreement
synthetic_long_horizon_identifiability_v1,matched_prefix_counterexamples,c_aa2e2a036fe6e3a83995e81148b8d575,c29dedbea8735b4910c974d8fb94e4df7f9de79e524f98deadfb0a59adbd5e37,4,0,0.080507114508511043,39.46345383962565,True,,False,matched_pair_uses_frozen_calibration_threshold
synthetic_long_horizon_identifiability_v1,matched_prefix_counterexamples,c_aa92418600bc0fd049775ec84f5a549f,e9354c84c5bc96583fe1dc0a5895e1a459fb9bd1969e2771a02b51ec7ab87558,5,0,0.13815203365152798,38.748228229030893,True,,False,matched_pair_uses_frozen_calibration_threshold
synthetic_long_horizon_identifiability_v1,matched_prefix_counterexamples,c_aaa75f8cf99cfb3266162874d18b7975,50880aca81cb21d525aef2dab173628fb46223ac931cb1f551ab422e69d9badf,4,0,0.058591011680112333,32.141987149304718,True,,False,matched_pair_uses_frozen_calibration_threshold
synthetic_long_horizon_identifiability_v1,matched_prefix_counterexamples,c_ab7502787025a9cd63d71d7602701758,9e1ea87ddbe40a3c8cd185282a078f48a31cdecbd901dc4b3b34a39ea7331a39,5,0,0.10047334995564007,34.963110351738301,True,,False,matched_pair_uses_frozen_calibration_threshold
synthetic_long_horizon_identifiability_v1,matched_prefix_counterexamples,c_ab7d93f3b7ae07bf466358d5dcce8330,19967eeeb1f4e9fe8e22763cb97fbca4746b8765ba2476a422a46fbf1fe88a34,5,0,0.035324737269093985,34.085323119512402,True,,False,matched_pair_uses_frozen_calibration_threshold
synthetic_long_horizon_identifiability_v1,matched_prefix_counterexamples,c_abfbd4308cb689e67aa8fefde81e9d6f,60fb839841b9e32eac23758860159b3ef3361fe1f0040ded0ba15184515ce55e,5,0,0.025179302519228286,34.202144345942372,True,,False,matched_pair_uses_frozen_calibration_threshold
synthetic_long_horizon_identifiability_v1,matched_prefix_counterexamples,c_adc1f25988003126b84fa9ac24607e5f,9dc6d183e238a4547b7699a400ff05cef4668c30ed9ece5a7b40693bc46b3fcb,5,0,0.11982938444641326,35.017622871409678,True,,False,matched_pair_uses_frozen_calibration_threshold
synthetic_long_horizon_identifiability_v1,matched_prefix_counterexamples,c_af6d4196ce938328bb3114e7db12a43c,2f05ba15ffe3c85513d36898c9e9c4d63d6100a8728f0a92673c7142b09bb253,5,0,0.061688692048390482,44.073843779382521,True,,False,matched_pair_uses_frozen_calibration_threshold
synthetic_long_horizon_identifiability_v1,matched_prefix_counterexamples,c_b159e8e9f7fe5983aa85c22b26255b13,f84df505c20780addc6f6c9bfb836e48f4ed6c7ed7c7082305221bb4a48bc25f,5,0,0.088873312051643547,50.634735887502707,True,,False,matched_pair_uses_frozen_calibration_threshold
synthetic_long_horizon_identifiability_v1,matched_prefix_counterexamples,c_b1618f7fcd2a72533e571197b411bdb6,a24164167ad41944ea025b94e987515a9e1e7a45e91927a8d54c5e6539b7dd8d,5,0,0.082211711582579186,33.735592508372818,True,,False,matched_pair_uses_frozen_calibration_threshold
synthetic_long_horizon_identifiability_v1,matched_prefix_counterexamples,c_b1f2826313f25512fa62d117079f3a54,9b46c057079bc3367befe4b28bc28ac11036213d83b0a683f4891223fc400084,5,0,0.13497755892111482,32.381328453523651,True,,False,matched_pair_uses_frozen_calibration_threshold
synthetic_long_horizon_identifiability_v1,matched_prefix_counterexamples,c_b378987a9d71db8593b98fd3dae0d68a,95eed1d2e970743a6af2b4ee4f2b6819d556349ef9a24bbe31181221712f61c2,5,0,0.16470669066426213,32.45973105251619,True,,False,matched_pair_uses_frozen_calibration_threshold
synthetic_long_horizon_identifiability_v1,matched_prefix_counterexamples,c_b4b650a57094ccd69dcd31bb75ae9469,beaf7a5472f40d40282ea21f41b3683d13f0da5ee251c6e4eead36b283965eae,5,0,0.078482376867699433,32.953529426524298,True,,False,matched_pair_uses_frozen_calibration_threshold
synthetic_long_horizon_identifiability_v1,matched_prefix_counterexamples,c_b4b8d70b2ca39cfcf1fc493a2aba1b71,0e7daa5b48cf4e29832d7bf94b7dcdda9416507a30d3ed5a6e87507167a01c17,5,0,0.080021341361009315,39.682233783786863,True,,False,matched_pair_uses_frozen_calibration_threshold
synthetic_long_horizon_identifiability_v1,matched_prefix_counterexamples,c_b6868e73fc8175c77c5c96599e0dfca5,e76c804cdcf30f0db74ac4bf9c3924225bebab077cc94c830ca05ec2783a900f,5,0,0.041244632204707615,33.797910878048036,True,,False,matched_pair_uses_frozen_calibration_threshold
synthetic_long_horizon_identifiability_v1,matched_prefix_counterexamples,c_b6892a59c90a1dab5e353043d73969e8,d716633e0ba1c3cc10f607874f091b40cb3e2fd9be93c121121bb928fd9e7a09,5,0,0.031004567560665688,32.141996495558729,True,,False,matched_pair_uses_frozen_calibration_threshold
synthetic_long_horizon_identifiability_v1,matched_prefix_counterexamples,c_b6a14fd04400c55de94aa9166953d57e,a5155c73d99481b511d25bd3e864bdeef8836d5b203407060a4a6ffc36c2ca17,5,0,0.12400813385693293,32.365084377854174,True,,False,matched_pair_uses_frozen_calibration_threshold
synthetic_long_horizon_identifiability_v1,matched_prefix_counterexamples,c_b75583392727cf07aa49eefb88eed7b0,ea5db5b2673189c7f53e54dc8c8840fd804d40a11378cb45ea24c7f1d4cc6562,5,0,0.084470753527512529,32.475542853578389,True,,False,matched_pair_uses_frozen_calibration_threshold
synthetic_long_horizon_identifiability_v1,matched_prefix_counterexamples,c_b7ca07832a19460d8d8bdd4f457a5f99,7a450160879795634fb233d66e60bd20a5404f9fe2ff3945a9ae9b5343df89ed,5,0,0.094171199473697925,52.667287299698266,True,,False,matched_pair_uses_frozen_calibration_threshold
synthetic_long_horizon_identifiability_v1,matched_prefix_counterexamples,c_b813264e77cf1bd7bc63ed035c420efc,988a93ed44d295a684441a1cc6930ab81a7dd34681c1157fef6bfd6f39a1cc19,5,0,0.013837043747407402,32.601246559159257,True,,False,matched_pair_uses_frozen_calibration_threshold
synthetic_long_horizon_identifiability_v1,matched_prefix_counterexamples,c_b8288b8eee047321f589a078105fe5b5,2ede7b0fea295bc99981bc6f87ddb311f2da7cba3efb2bfee9d81627028cfa85,5,0,0.078054273535117361,35.312337295371371,True,,False,matched_pair_uses_frozen_calibration_threshold
synthetic_long_horizon_identifiability_v1,matched_prefix_counterexamples,c_b924e6f924a2e6d4a88ac6a6cb9464b1,63a66b69131c69be0816dbe8efc7579d257d08970dd419521603de6f5486c2d6,5,0,0.09222790004431701,32.438830002340254,True,,False,matched_pair_uses_frozen_calibration_threshold
synthetic_long_horizon_identifiability_v1,matched_prefix_counterexamples,c_b9757802102add35b62e1f9c16537cef,60bb94c80b4300b9a6ca367e10d18655d5667b47eaa64c9ef123d0b334dba63d,5,0,0.09729337600007025,32.141996239039088,True,,False,matched_pair_uses_frozen_calibration_threshold
synthetic_long_horizon_identifiability_v1,matched_prefix_counterexamples,c_ba0b94a38f23c4ab4c49301e886ca3cf,98da3c9a816f98bc5cf4797b5bfbfefb0f871d8b609e00b85d8a522fa0e8f826,5,0,0.039417147331122906,34.807986054688705,True,,False,matched_pair_uses_frozen_calibration_threshold
synthetic_long_horizon_identifiability_v1,matched_prefix_counterexamples,c_ba545132d05d912d1865c28fdf3b7d26,6a279be85e63978827e0412cef2c3aecfa5d15d3748b2f538396ec36cbba88fb,5,0,0.038296819155553025,32.653410202783434,True,,False,matched_pair_uses_frozen_calibration_threshold
synthetic_long_horizon_identifiability_v1,matched_prefix_counterexamples,c_bbefa61cabc7ab5a724c9eb88905a5cb,ef28310171e938ab4951003526f653ae142cc8745204d5ada1060bc75f51a8d4,5,0,0.14117722165538077,32.141997043678685,True,,False,matched_pair_uses_frozen_calibration_threshold
synthetic_long_horizon_identifiability_v1,matched_prefix_counterexamples,c_bc0961d94f3137e7fcc7c3c89bef9444,2ede7b0fea295bc99981bc6f87ddb311f2da7cba3efb2bfee9d81627028cfa85,5,0,0.078054273535117361,35.312337295371371,True,,False,matched_pair_uses_frozen_calibration_threshold
synthetic_long_horizon_identifiability_v1,matched_prefix_counterexamples,c_bc19ce84a7a0d7a35daa102a30d5fb80,b285d7f741f1c55aa4f7c64cbc6d2e767aa59a0360a0ddc4e2054cc660af04c4,5,0,0.080929439685751656,33.947260309933881,True,,False,matched_pair_uses_frozen_calibration_threshold
synthetic_long_horizon_identifiability_v1,matched_prefix_counterexamples,c_bc59671f507dfe146e03f711ee84dc60,6a279be85e63978827e0412cef2c3aecfa5d15d3748b2f538396ec36cbba88fb,5,0,0.038296819155553025,32.653410202783434,True,,False,matched_pair_uses_frozen_calibration_threshold
synthetic_long_horizon_identifiability_v1,matched_prefix_counterexamples,c_bcfc66d1032d0f55e5a5470f4ef3fcfe,2642e6c6473e82690df2ba6de2c713504aa71df9dc7dc90eb5afee4be83e7a84,5,0,0.03272729315502166,32.649513449296151,True,,False,matched_pair_uses_frozen_calibration_threshold
synthetic_long_horizon_identifiability_v1,matched_prefix_counterexamples,c_bd604436888df922236d47a9c3ee9512,9b30b68e947103fe451abe39f0adb16e4cad98267cf295b94b7982b5fc92db8c,5,0,0.19749679939992426,34.70877380367574,True,,False,matched_pair_uses_frozen_calibration_threshold
synthetic_long_horizon_identifiability_v1,matched_prefix_counterexamples,c_bd804298320709bc227273e85ab80ae6,777463db148ddfc136aaf0ddf1bb633434a2b9fa6c3c5e3e09d199a6da5b0843,5,0,0.086358118593583208,34.763832445776508,True,,False,matched_pair_uses_frozen_calibration_threshold
synthetic_long_horizon_identifiability_v1,matched_prefix_counterexamples,c_bd9321eeea04f0dea7e1f2101a06fab2,e573d3d37856a89ebaad96f4f5ba8a6cad79e10e3e42b78e6ffd6b50fe90b046,5,0,0.13084745295660338,32.142001166180449,True,,False,matched_pair_uses_frozen_calibration_threshold
synthetic_long_horizon_identifiability_v1,matched_prefix_counterexamples,c_bd9fe9180930ce5e733bcde69e73d2f5,4422d486cb839fcf94ab896f4e17d38ee822fbed18a4592a44192fa9367d8716,5,0,0.023964117160285885,39.96925956958372,True,,False,matched_pair_uses_frozen_calibration_threshold
synthetic_long_horizon_identifiability_v1,matched_prefix_counterexamples,c_be95276c848b12dbcc8e7686f7bda600,a5b0470d61b43ea80b355c64984729964ef0431c0ef1ea851ca0c9382b4a97ea,4,0,0.16457999432895992,32.647250680440152,True,,False,matched_pair_uses_frozen_calibration_threshold
synthetic_long_horizon_identifiability_v1,matched_prefix_counterexamples,c_bf6d1f446805843b2f52d42402568b3f,f09818d99d876d85fd00634300a66b164efb4eb3028b6adc8c57fe896fa19bd3,5,0,0.14652641663505694,32.141997999630505,True,,False,matched_pair_uses_frozen_calibration_threshold
synthetic_long_horizon_identifiability_v1,matched_prefix_counterexamples,c_c084c04019e5c1c75a82c09b510b0699,49af57081b01c2265f2526af50c4f77f99714754f58c97a308d7e21a16cfb672,5,0,0.072494845353472823,36.353203802170093,True,,False,matched_pair_uses_frozen_calibration_threshold
synthetic_long_horizon_identifiability_v1,matched_prefix_counterexamples,c_c134eb31810003b7075156b94b166afd,12ef66e3b8a54f04acf8d5aa955395dddffb275be922fc07e52bd7ef7dced856,4,0,0.23784845630987095,33.23460778156462,True,,False,matched_pair_uses_frozen_calibration_threshold
synthetic_long_horizon_identifiability_v1,matched_prefix_counterexamples,c_c1c7702610514fe302dd3c6d95c47eba,f97d3736d8771433a5c0c6ab6730e362f305e6794bd046fc76052f2ba646a185,5,0,0.16977908787503007,37.731661671077454,True,,False,matched_pair_uses_frozen_calibration_threshold
synthetic_long_horizon_identifiability_v1,matched_prefix_counterexamples,c_c1e85cadf53bef0e59ff840bb027f4bf,9e0e5cc55f0fe08b834a2ea48b2b4278ca1138b39798ea3fa1bcb77b3dd91471,5,0,0.063658304538405222,32.141998212248296,True,,False,matched_pair_uses_frozen_calibration_threshold
synthetic_long_horizon_identifiability_v1,matched_prefix_counterexamples,c_c34922a914a2ffd4c5dd3c1379c27040,b285d7f741f1c55aa4f7c64cbc6d2e767aa59a0360a0ddc4e2054cc660af04c4,5,0,0.080929439685751656,33.947260309933881,True,,False,matched_pair_uses_frozen_calibration_threshold
synthetic_long_horizon_identifiability_v1,matched_prefix_counterexamples,c_c427954d668d937ba2db25d07f5ecf4c,e7ab58039aaa0d3ce0d7a70d4c7c87d8d8bf1aa794aff297be6f24d3cb2fb1e7,5,0,0.078362704394433158,32.141995788802376,True,,False,matched_pair_uses_frozen_calibration_threshold
synthetic_long_horizon_identifiability_v1,matched_prefix_counterexamples,c_c4ad43af382857089dce88cf182cf2fd,274295ec5578c3d875663d2b2377abd848963f3763c995732846273a77ff19d8,6,0,0.083464464461539115,32.141999929628213,True,,False,matched_pair_uses_frozen_calibration_threshold
synthetic_long_horizon_identifiability_v1,matched_prefix_counterexamples,c_c5db9dca8cd58cb3fb6bfa80a7d20701,883323fcb066b906db889c6d9499ddb2478fc8b330c5a8c4e1f0747a0eeb6f8a,0,0,0.3275173617510152,inf,False,,False,fewer_than_two_credible_structure_families;nonfinite_disagreement
synthetic_long_horizon_identifiability_v1,matched_prefix_counterexamples,c_c5ec582219ad25f4ab4ea7bf9175ac64,efffdc8bbe0ca51e67289e13796b5ff3cc0d567122b6fd643bff6891b719aeb4,5,0,0.12159205691405889,36.461876336209777,True,,False,matched_pair_uses_frozen_calibration_threshold
synthetic_long_horizon_identifiability_v1,matched_prefix_counterexamples,c_c649b854401c0f063c39e8f1f633c04c,7654891b1856bd7d253e1dc0d67a6d810113eae29ae3ef0e12ba85e77affeea0,5,0,0.055227165915980203,33.907013833513716,True,,False,matched_pair_uses_frozen_calibration_threshold
synthetic_long_horizon_identifiability_v1,matched_prefix_counterexamples,c_c72d74056d04e151d552cc473fbd6ed1,7e4706f2a6fb07faec718a8f5f7f6cd50ee3f7a669dc481d37599562827d17c9,5,0,0.14999380437861415,32.161944778373325,True,,False,matched_pair_uses_frozen_calibration_threshold
synthetic_long_horizon_identifiability_v1,matched_prefix_counterexamples,c_c736a088e5f6c6c59a7d4428a5cf5e3e,ddf84b526a4dd96c9bf3e1951d9c4445c046f08dfbf015da16f3a2150d4fc113,5,0,0.20687528646996362,32.142000045400934,True,,False,matched_pair_uses_frozen_calibration_threshold
synthetic_long_horizon_identifiability_v1,matched_prefix_counterexamples,c_c784ba55ccc3df0064f69e4138c76220,10e04d73bda3dff0270381a2ac216bbf2f4c325f0e138a1d35910ba1207896e7,5,0,0.052080412266990388,32.141998662800248,True,,False,matched_pair_uses_frozen_calibration_threshold
synthetic_long_horizon_identifiability_v1,matched_prefix_counterexamples,c_c7d641254c2a67aa2d465a7f0ec6d6e6,498f9ba8d13e2b6953e1dae3023e08899a33ae91c3d4de80fb361175ce2e30e4,5,0,0.051955496260412369,32.141997896674908,True,,False,matched_pair_uses_frozen_calibration_threshold
synthetic_long_horizon_identifiability_v1,matched_prefix_counterexamples,c_c86b0736fb789f18de1fabe5fef31996,88eb73f510e2ad5d4d739a097381f1c31709f8ad974da681ebe27b4fd2e52842,5,0,0.053501728764600166,32.141998014103123,True,,False,matched_pair_uses_frozen_calibration_threshold
synthetic_long_horizon_identifiability_v1,matched_prefix_counterexamples,c_c9271c7b9970e1e234d4d0eec31cf0f4,cc6c09f58f1a5406c8a54eae13be5a5a4a539f1e55f3cdc616665b2b4d17288b,5,0,0.039887391900449799,32.993563495927219,True,,False,matched_pair_uses_frozen_calibration_threshold
synthetic_long_horizon_identifiability_v1,matched_prefix_counterexamples,c_c92a0a60197a037ccd9654b94a473f3f,792920ca94856dda1c2324b0a5a50736252e14e77224e9713a1999b000ff1a01,5,0,0.16462855525643114,55.550550336172087,True,,False,matched_pair_uses_frozen_calibration_threshold
synthetic_long_horizon_identifiability_v1,matched_prefix_counterexamples,c_c93da6a6b715fe031cb88808aa48a7b9,8329e371e0a5701a985544b9b0d0f084ac5034c35a099f84dad42bcea31595bd,5,0,0.051462138833810761,34.181137991028102,True,,False,matched_pair_uses_frozen_calibration_threshold
synthetic_long_horizon_identifiability_v1,matched_prefix_counterexamples,c_cb3d40250a3ac5ddbfb635a80788ce94,0459a95da35b9f4e2d477bd96513e834c963de493d42f692f511ba6e9a16c7c6,5,0,0.026853955269876276,35.660922707529728,True,,False,matched_pair_uses_frozen_calibration_threshold
synthetic_long_horizon_identifiability_v1,matched_prefix_counterexamples,c_cbced81a8d989df84134247a9e01ddbe,e4c9ef2d2cc7c3c73ca3f91cc7dc12684827bbad2b7d296d93a2e405c5433264,5,0,0.13396329138470064,33.626134883135734,True,,False,matched_pair_uses_frozen_calibration_threshold
synthetic_long_horizon_identifiability_v1,matched_prefix_counterexamples,c_ccacce36e5587afa9e13ee754534f50b,7583a50fde42fb2584060184213882b54aa06f59c55c1fe323dc395ca886ff15,0,0,0.1711431972353975,inf,False,,False,fewer_than_two_credible_structure_families;nonfinite_disagreement
synthetic_long_horizon_identifiability_v1,matched_prefix_counterexamples,c_cd15c105bbc07fc5d85ee8e1cd03df21,f97d3736d8771433a5c0c6ab6730e362f305e6794bd046fc76052f2ba646a185,5,0,0.16977908787503007,37.731661671077454,True,,False,matched_pair_uses_frozen_calibration_threshold
synthetic_long_horizon_identifiability_v1,matched_prefix_counterexamples,c_cdd17e7df6c56783f66b1d96aebac850,87eae888cf28e5ffc52efecdfa5a0b27d022b538331ee6db7082bc13a3cb9aee,5,0,0.12033511682189782,32.358497581224768,True,,False,matched_pair_uses_frozen_calibration_threshold
synthetic_long_horizon_identifiability_v1,matched_prefix_counterexamples,c_cdf341fd1d02217dbfdbf15577153d8b,67fdb84d13853c53daf1062091d8ff48025ac9477551ec70d937a728d77cfa78,5,0,0.1135723352930188,34.805137787868418,True,,False,matched_pair_uses_frozen_calibration_threshold
synthetic_long_horizon_identifiability_v1,matched_prefix_counterexamples,c_ce011e6c2462d471341fd5021d585ba9,50880aca81cb21d525aef2dab173628fb46223ac931cb1f551ab422e69d9badf,4,0,0.058591011680112333,32.141987149304718,True,,False,matched_pair_uses_frozen_calibration_threshold
synthetic_long_horizon_identifiability_v1,matched_prefix_counterexamples,c_ce105c03a301d2c5a86c4d367ea6ad70,eab8103385400495497d65c03ccdf54df7212e154b70f1b7a5c391e433f69fe4,5,0,0.044906117283448739,37.021972132299744,True,,False,matched_pair_uses_frozen_calibration_threshold
synthetic_long_horizon_identifiability_v1,matched_prefix_counterexamples,c_cec20f91f9beccf7a9d6ae308175c13e,f346a5a6a81bff2140c6f565a5d92ffd9d0b108f688356529c9951819e768e60,5,0,0.21882035980804274,34.484452108404525,True,,False,matched_pair_uses_frozen_calibration_threshold
synthetic_long_horizon_identifiability_v1,matched_prefix_counterexamples,c_cefbb4c8ec4f99b380f6e522f954edfd,c4f1d6653a7fbd5956dcd5e414242311474b010854e7ba5e3bf9995e617879a0,5,0,0.041956622979398291,33.577346344321136,True,,False,matched_pair_uses_frozen_calibration_threshold
synthetic_long_horizon_identifiability_v1,matched_prefix_counterexamples,c_cf7f8179d9332a7b877cb26c7d8f73ad,92a029f0bfa80ce441ef7d67410baf78aadfe9035d3e1ff36c77825c994a0893,5,0,0.032501874685038783,33.336181800783294,True,,False,matched_pair_uses_frozen_calibration_threshold
synthetic_long_horizon_identifiability_v1,matched_prefix_counterexamples,c_d06feb390932eb6524e9e4d3c592be38,465215783fe40a06b8b5effedd9f6245cd8a365678de4b11188b688870216023,5,0,0.064525249646814914,32.141999735692551,True,,False,matched_pair_uses_frozen_calibration_threshold
synthetic_long_horizon_identifiability_v1,matched_prefix_counterexamples,c_d258f1774b7617f455ad4914f2e54486,0d768a49aa157788d3817ac56d99a6265be67af9724e758eead243f19b38e373,5,0,0.064768144411132461,32.42387296383545,True,,False,matched_pair_uses_frozen_calibration_threshold
synthetic_long_horizon_identifiability_v1,matched_prefix_counterexamples,c_d38e99c86438b34ca4dc4a310f7a9112,1622fdb8b0be6b4ab08e9f16010c75c7e4b885169d971de00c773b7e5f0d4989,5,0,0.12887977958687294,32.141997206450029,True,,False,matched_pair_uses_frozen_calibration_threshold
synthetic_long_horizon_identifiability_v1,matched_prefix_counterexamples,c_d44a24c31a65713e6f278ac885f78ce7,d5616f7b6850c1d523fe3e01270d355bd1f2510dddd7ff97d4c0cfa103b282e5,5,0,0.076651090184087292,32.141995207410957,True,,False,matched_pair_uses_frozen_calibration_threshold
synthetic_long_horizon_identifiability_v1,matched_prefix_counterexamples,c_d4dfdae03e162679441ffcc26297045a,197ece783181002c21b7e74721e4439e37b952d41ea673e784b9b9894b5b82b8,5,0,0.1203205621487122,43.971628020944117,True,,False,matched_pair_uses_frozen_calibration_threshold
synthetic_long_horizon_identifiability_v1,matched_prefix_counterexamples,c_d4f1b4002b2b1bb5814315021607ecfc,248d31ba4553962e3409bba2275e95cd6217f02d98deedbd50b9cdd49e4e154e,5,0,0.1338413052918084,33.655671901539435,True,,False,matched_pair_uses_frozen_calibration_threshold
synthetic_long_horizon_identifiability_v1,matched_prefix_counterexamples,c_d58bf70b52afec4ea767f342d52111c8,b79c2027cf33170117685cf588455448b9fbe748c205fbce42dcd439294f3139,5,0,0.1394833572037974,32.227488555490538,True,,False,matched_pair_uses_frozen_calibration_threshold
synthetic_long_horizon_identifiability_v1,matched_prefix_counterexamples,c_d62de0ab735841835dfb31b8468d4619,331402794238e92879849ba3af3d28c8305182fc7b8a3233902885d7bb32b33f,5,0,0.057083047001213798,42.571760560630501,True,,False,matched_pair_uses_frozen_calibration_threshold
synthetic_long_horizon_identifiability_v1,matched_prefix_counterexamples,c_d680f46701cf58b2133f4638cab57cb0,a49bf667ef22241c5d0bd908c4a85aab7cbfcf9c38cf70680da813d949bcd66a,5,0,0.10627203485788138,57.196131937304493,True,,False,matched_pair_uses_frozen_calibration_threshold
synthetic_long_horizon_identifiability_v1,matched_prefix_counterexamples,c_d709105cc9a298d577859aa0e03bfaf1,709254159bb6f332a212b45a1760c16cfb149c6b52d7bf61ef2036db08f01001,5,0,0.10746065382164489,36.605531405909367,True,,False,matched_pair_uses_frozen_calibration_threshold
synthetic_long_horizon_identifiability_v1,matched_prefix_counterexamples,c_d7e42806758e687752d850ab086899a1,913d50c55ff82e33f1427269d07a88273b12436de548d06c9044a323dd8f1ce4,5,0,0.14951100187041236,35.954990780270244,True,,False,matched_pair_uses_frozen_calibration_threshold
synthetic_long_horizon_identifiability_v1,matched_prefix_counterexamples,c_d8594e3b6ea3d11eb23f0442155c9211,2f05ba15ffe3c85513d36898c9e9c4d63d6100a8728f0a92673c7142b09bb253,5,0,0.061688692048390482,44.073843779382521,True,,False,matched_pair_uses_frozen_calibration_threshold
synthetic_long_horizon_identifiability_v1,matched_prefix_counterexamples,c_da5777b1a7095f40b51a074e5172446a,3ba7779c8c585f2943257f87655ec19c1cf7815ff943aeb29146f3e8b4d19693,5,0,0.048834997990108146,32.652666325898608,True,,False,matched_pair_uses_frozen_calibration_threshold
synthetic_long_horizon_identifiability_v1,matched_prefix_counterexamples,c_da5a83424aff95a4b93c4a7f86a8caf4,aea1e800aab62892ddce9c41bf7826e49cdfa607defcf69d0e15255c9886c387,5,0,0.059069000072944841,32.141995076800839,True,,False,matched_pair_uses_frozen_calibration_threshold
synthetic_long_horizon_identifiability_v1,matched_prefix_counterexamples,c_db0c929860d876246f42d426c3dfd21a,f26c7c2f87e594f7802bdaf86511a8c9f0ca2e9c8e664a013ff89c6794b29c5e,5,0,0.14048949836372032,34.325835619215823,True,,False,matched_pair_uses_frozen_calibration_threshold
synthetic_long_horizon_identifiability_v1,matched_prefix_counterexamples,c_db3ac06a7baf8721f082db95157676ca,64de705e7f0534890835c9c43d7542cd43829673b5cfb24267bc7a11df6ad00b,5,0,0.03844538533369158,32.449676570638417,True,,False,matched_pair_uses_frozen_calibration_threshold
synthetic_long_horizon_identifiability_v1,matched_prefix_counterexamples,c_db82802281dc498516616ff77b76fc59,a24164167ad41944ea025b94e987515a9e1e7a45e91927a8d54c5e6539b7dd8d,5,0,0.082211711582579186,33.735592508372818,True,,False,matched_pair_uses_frozen_calibration_threshold
synthetic_long_horizon_identifiability_v1,matched_prefix_counterexamples,c_db8edbd4d87e95761e152f48ce17e36e,709254159bb6f332a212b45a1760c16cfb149c6b52d7bf61ef2036db08f01001,5,0,0.10746065382164489,36.605531405909367,True,,False,matched_pair_uses_frozen_calibration_threshold
synthetic_long_horizon_identifiability_v1,matched_prefix_counterexamples,c_dd215e66f1d31495c177d3bb10085fbe,34ce46900d799578f7a72a37fab78d6d55cf3fbc2e86a061188b29ab5566c06c,5,0,0.031016584874617854,32.141996977222462,True,,False,matched_pair_uses_frozen_calibration_threshold
synthetic_long_horizon_identifiability_v1,matched_prefix_counterexamples,c_de66a31197cbd5b6be26f82ae498f106,3cf1b813b6d8410bf153ba304dd835320618daf3a0206f667e50646cb0ef8cb4,5,0,0.06174102042790014,32.37025220245215,True,,False,matched_pair_uses_frozen_calibration_threshold
synthetic_long_horizon_identifiability_v1,matched_prefix_counterexamples,c_df10bfebc940ae5a009636eb7449c54c,0283d301391d3af12c4aac6587e9b2a01548075aa432b52519dd35b620852e5f,5,0,0.14634051930630559,33.153354371530767,True,,False,matched_pair_uses_frozen_calibration_threshold
synthetic_long_horizon_identifiability_v1,matched_prefix_counterexamples,c_df3834e4bad010f93c04ac2e358a055c,ddf84b526a4dd96c9bf3e1951d9c4445c046f08dfbf015da16f3a2150d4fc113,5,0,0.20687528646996362,32.142000045400934,True,,False,matched_pair_uses_frozen_calibration_threshold
synthetic_long_horizon_identifiability_v1,matched_prefix_counterexamples,c_dfe295996f9a18fa3c6768c2dbcdb196,0e7daa5b48cf4e29832d7bf94b7dcdda9416507a30d3ed5a6e87507167a01c17,5,0,0.080021341361009315,39.682233783786863,True,,False,matched_pair_uses_frozen_calibration_threshold
synthetic_long_horizon_identifiability_v1,matched_prefix_counterexamples,c_dff004330ff2c41f5d1618f369179032,96fab6cc1a832dc773633fdda78deba51edca90d31df3ded72e659c2939acfe4,5,0,0.14016250568246197,40.740535037119379,True,,False,matched_pair_uses_frozen_calibration_threshold
synthetic_long_horizon_identifiability_v1,matched_prefix_counterexamples,c_dffd1e39775e8c4cc8e8946d3813ef9b,9a61f9f43e443bad2fe90b4dd9332fd73b21bf6f40217825bacb98bdcc6508b0,1,0,0.1835335076274387,inf,False,,False,fewer_than_two_credible_structure_families;nonfinite_disagreement
synthetic_long_horizon_identifiability_v1,matched_prefix_counterexamples,c_e05abe47cf83a78a06e7604217dfcff8,a1b14f6b1487ed4aecfab98e75233cfa505766cc3e3df0812936767a3c760e7e,5,0,0.088101651783358936,33.748910876094655,True,,False,matched_pair_uses_frozen_calibration_threshold
synthetic_long_horizon_identifiability_v1,matched_prefix_counterexamples,c_e1d0456632f57cce92c36839e26841a1,225740f9ec428d8663bb1909002f11f6c9a9cb3acc07ff83d6311c3ca9473dbb,5,0,0.083476953110697583,32.141997957797059,True,,False,matched_pair_uses_frozen_calibration_threshold
synthetic_long_horizon_identifiability_v1,matched_prefix_counterexamples,c_e30ad54d1109e4e1efce836466acd5ad,f2cebb756bc7f022db6269d176553ad693ba4c682a4189804eb99afa57813bb8,5,0,0.024334640202135153,32.141997897944023,True,,False,matched_pair_uses_frozen_calibration_threshold
synthetic_long_horizon_identifiability_v1,matched_prefix_counterexamples,c_e3df8ed9fa65970b4d4284b424f735c8,0d48cdac41262f0ba9b6490745c79b8d0bab06f5bf03a004f4730816e104f652,5,0,0.18919676418032633,53.808614783199268,True,,False,matched_pair_uses_frozen_calibration_threshold
synthetic_long_horizon_identifiability_v1,matched_prefix_counterexamples,c_e418b5719a31ca3520eafcb009f8a861,12ef66e3b8a54f04acf8d5aa955395dddffb275be922fc07e52bd7ef7dced856,4,0,0.23784845630987095,33.23460778156462,True,,False,matched_pair_uses_frozen_calibration_threshold
synthetic_long_horizon_identifiability_v1,matched_prefix_counterexamples,c_e51e72b018d6a5b861eac36eec270e7b,edbc6d0cedf3f6b3e562a42f46cbee9f2065add66dfee51275834715a46685e1,5,0,0.03589844970894765,33.378562785097884,True,,False,matched_pair_uses_frozen_calibration_threshold
synthetic_long_horizon_identifiability_v1,matched_prefix_counterexamples,c_e53e54ba5d84515c7b9684e668f4f037,359eef1733ac154ddbcf29564a88f951fbeca0d606389ea320578a8ddfba04c3,4,0,0.060041341941235192,32.687986503223641,True,,False,matched_pair_uses_frozen_calibration_threshold
synthetic_long_horizon_identifiability_v1,matched_prefix_counterexamples,c_e5583f65080d989b3d6a55dd591073fd,92a029f0bfa80ce441ef7d67410baf78aadfe9035d3e1ff36c77825c994a0893,5,0,0.032501874685038783,33.336181800783294,True,,False,matched_pair_uses_frozen_calibration_threshold
synthetic_long_horizon_identifiability_v1,matched_prefix_counterexamples,c_e5f56dbd6640178fe98fa0e0ba240705,da79db195a0efd89d1e211523fe07356de1a26977854d92e9885ed3474fcabc7,5,0,0.13655974580875113,39.709500232220499,True,,False,matched_pair_uses_frozen_calibration_threshold
synthetic_long_horizon_identifiability_v1,matched_prefix_counterexamples,c_e64b7fc682e48169fad4e2dbf4976a0e,bf3959f2066792d3ff410f3272535701512e9751dfeb6edf2b6a217cacfd120d,6,0,0.22254234659754277,35.120217138174027,True,,False,matched_pair_uses_frozen_calibration_threshold
synthetic_long_horizon_identifiability_v1,matched_prefix_counterexamples,c_e7f2bed5ab0a5aa2c2f17dbc6ede9605,a384ac0d59e5528ae330f266b583a7b0c817a286f1ceaaa783f4017d8bf5df3b,5,0,0.075421339777319699,32.59550255291721,True,,False,matched_pair_uses_frozen_calibration_threshold
synthetic_long_horizon_identifiability_v1,matched_prefix_counterexamples,c_e92a49ac4b9ba4cf3e15495c124eae91,e19e61cf6cd9d1cbc08d5e0a50185a8ff3ba3fa2bdc6e18cdc69a24912bff569,4,0,0.17120773120610996,48.222209956416144,True,,False,matched_pair_uses_frozen_calibration_threshold
synthetic_long_horizon_identifiability_v1,matched_prefix_counterexamples,c_e9765d4bf5fb199dcf4f41d787931d5d,4422d486cb839fcf94ab896f4e17d38ee822fbed18a4592a44192fa9367d8716,5,0,0.023964117160285885,39.96925956958372,True,,False,matched_pair_uses_frozen_calibration_threshold
synthetic_long_horizon_identifiability_v1,matched_prefix_counterexamples,c_ea48389daf0ee32ba0a447ca04843c1e,85cdea6bb5d81fb31897aea9eeabd3a5ba0a90a03f54875593190a9c9cc4b071,5,0,0.050206258855339102,32.709611976755369,True,,False,matched_pair_uses_frozen_calibration_threshold
synthetic_long_horizon_identifiability_v1,matched_prefix_counterexamples,c_ebffa09e46d5936a486957474fe6159c,ee32a37f5487a4d01a1bd038ea2a1ac5b7397c7468c6d6296b004bd9c31298d8,5,0,0.11412028296760747,33.495433803522047,True,,False,matched_pair_uses_frozen_calibration_threshold
synthetic_long_horizon_identifiability_v1,matched_prefix_counterexamples,c_ed07686e621f3fb18c2264ee5cdede17,907706b8180706bf111e9c3969c278ceed4459d0ca4cc2d4a82a21d62c0e1fb6,5,0,0.028354747875076108,36.742956779689486,True,,False,matched_pair_uses_frozen_calibration_threshold
synthetic_long_horizon_identifiability_v1,matched_prefix_counterexamples,c_eda893f099f2ef644bc398b33edd21a6,1ce23797e8cb34cf9373baeeac837bc8a65c320b6ec0bc4b0f59010ce77e017e,5,0,0.1388236177341137,32.961626362842495,True,,False,matched_pair_uses_frozen_calibration_threshold
synthetic_long_horizon_identifiability_v1,matched_prefix_counterexamples,c_f03e7902ee7902788dc4b43e32e36c84,a49bf667ef22241c5d0bd908c4a85aab7cbfcf9c38cf70680da813d949bcd66a,5,0,0.10627203485788138,57.196131937304493,True,,False,matched_pair_uses_frozen_calibration_threshold
synthetic_long_horizon_identifiability_v1,matched_prefix_counterexamples,c_f0e0a7c81448ab86779f355247aa67e3,1702ce74ed821ce97e56351250019501d6265ceac00c41c0c62bb0a1ece60462,5,0,0.029879498161977432,32.141995579149643,True,,False,matched_pair_uses_frozen_calibration_threshold
synthetic_long_horizon_identifiability_v1,matched_prefix_counterexamples,c_f13e0d23e6219d8b9c892cfe82536ed8,64de705e7f0534890835c9c43d7542cd43829673b5cfb24267bc7a11df6ad00b,5,0,0.03844538533369158,32.449676570638417,True,,False,matched_pair_uses_frozen_calibration_threshold
synthetic_long_horizon_identifiability_v1,matched_prefix_counterexamples,c_f28f7ad884e85c73ef1225b3d0ae35b7,465215783fe40a06b8b5effedd9f6245cd8a365678de4b11188b688870216023,5,0,0.064525249646814914,32.141999735692551,True,,False,matched_pair_uses_frozen_calibration_threshold
synthetic_long_horizon_identifiability_v1,matched_prefix_counterexamples,c_f35de7609f5e1f830ed7cf1866ed0ae9,aea1e800aab62892ddce9c41bf7826e49cdfa607defcf69d0e15255c9886c387,5,0,0.059069000072944841,32.141995076800839,True,,False,matched_pair_uses_frozen_calibration_threshold
synthetic_long_horizon_identifiability_v1,matched_prefix_counterexamples,c_f3720896b704f9d89a88963393654e06,498a0f9f885e7faa3ecb5d6a53df72e96b9c9138758c94acf98d045f333071cd,5,0,0.028534781160297541,32.739223797881166,True,,False,matched_pair_uses_frozen_calibration_threshold
synthetic_long_horizon_identifiability_v1,matched_prefix_counterexamples,c_f39686a5f244631109ef321a38847fc7,325c4ecaa3ed93a7db7fa5f7d70ce313071227a3fc79608c3ad09a69945bc294,5,0,0.11867374589091112,43.362704740951862,True,,False,matched_pair_uses_frozen_calibration_threshold
synthetic_long_horizon_identifiability_v1,matched_prefix_counterexamples,c_f4590799e4f88cde68d7f6dac222a942,affeadb868cb72be15c660054d85f081aa135ca4474a91ca91e700a12d536e96,6,0,0.092178913668423526,32.14199995039499,True,,False,matched_pair_uses_frozen_calibration_threshold
synthetic_long_horizon_identifiability_v1,matched_prefix_counterexamples,c_f4675ab065511b7c9e3cc2d32893aacf,18f9aee29bfa0106acde2a10d6c101927b8273573b41765d8d7da238ef50c83e,5,0,0.10761865157141405,32.141997941694967,True,,False,matched_pair_uses_frozen_calibration_threshold
synthetic_long_horizon_identifiability_v1,matched_prefix_counterexamples,c_f49c65fefa4f873341d951f29672c43a,635d48bcd35be27c189ad809f896471c1d8eacfa113fc5937babd4b89f1bb102,5,0,0.054469795199343675,32.141992809354662,True,,False,matched_pair_uses_frozen_calibration_threshold
synthetic_long_horizon_identifiability_v1,matched_prefix_counterexamples,c_f548380235a612f3989df5353b4fe350,681456563af1c65e87104c886ce163be886535032801fabb2e7983376a4fb14f,0,0,0.34409887441439629,inf,False,,False,fewer_than_two_credible_structure_families;nonfinite_disagreement
synthetic_long_horizon_identifiability_v1,matched_prefix_counterexamples,c_f59527f1825a459ec548459fa6b83fe8,67e54962e67d362c9108b3fa0f33837f04ff2fcfde50993265217d1a37b1ad49,5,0,0.094175471995767063,32.14199707547926,True,,False,matched_pair_uses_frozen_calibration_threshold
synthetic_long_horizon_identifiability_v1,matched_prefix_counterexamples,c_f6d14db0a198246d2197024a6a939109,e0e23c7e4d38b5f0dadc69805bce31cb6c121fc7be13460d649443b4cd3ac7eb,5,0,0.056072829534259135,33.611116056938158,True,,False,matched_pair_uses_frozen_calibration_threshold
synthetic_long_horizon_identifiability_v1,matched_prefix_counterexamples,c_f6db1262771d7e85afb7021124183a8c,ab8f7e37fc26af770c618d0f2cd36c4994c911ee941c6853594be2ba947f18a6,4,0,0.10595666754157423,33.580958223323009,True,,False,matched_pair_uses_frozen_calibration_threshold
synthetic_long_horizon_identifiability_v1,matched_prefix_counterexamples,c_f6feb2107776050dc936eb8b52d2c626,3a031eb89146f8bc99a447d46ae23d1e7d539c55226cba90e245420cb446199e,4,0,0.083157548823434554,32.528195935594937,True,,False,matched_pair_uses_frozen_calibration_threshold
synthetic_long_horizon_identifiability_v1,matched_prefix_counterexamples,c_f8f62f73d890d7f894a38f2cd141b1a4,8471f93074766920c3bf04c632ee26ffc4e260257e57ad054295ca93426518fe,4,0,0.20225398550918841,39.262438228532282,True,,False,matched_pair_uses_frozen_calibration_threshold
synthetic_long_horizon_identifiability_v1,matched_prefix_counterexamples,c_fadbd62d702dadafcf60a1fc3f37cae7,4aaac363e67cd574feefc6323cf4cb4fdba5ae7703b6e8ccc1520336dbe4b503,5,0,0.139693234322914,32.141996694715161,True,,False,matched_pair_uses_frozen_calibration_threshold
synthetic_long_horizon_identifiability_v1,matched_prefix_counterexamples,c_fc40f419db33e1264e144061f0bd3ff0,ce1b98e06ea306b2ab668c60ec79047ddb5defb2af5e0d5f138d9d53e0e57271,5,0,0.055667214218411323,32.467984690392043,True,,False,matched_pair_uses_frozen_calibration_threshold
synthetic_long_horizon_identifiability_v1,matched_prefix_counterexamples,c_fccc5c242cf0bdcb91f097e73a9da171,9065dfc2b2d2397f16ebf52c774a3e9037a932cb3826996cf4d4ca951bb53ee8,5,0,0.15727264438701713,39.123871220303691,True,,False,matched_pair_uses_frozen_calibration_threshold
synthetic_long_horizon_identifiability_v1,matched_prefix_counterexamples,c_fcf071c474868396a1809927fc3b9a74,c29dedbea8735b4910c974d8fb94e4df7f9de79e524f98deadfb0a59adbd5e37,4,0,0.080507114508511043,39.46345383962565,True,,False,matched_pair_uses_frozen_calibration_threshold
synthetic_long_horizon_identifiability_v1,matched_prefix_counterexamples,c_fd9fa90502ffc9a6f4e8e268c8d3fd72,be186d6e5e444eb65e7c6826e7e9f0acb1982f3130feb67820a0c93eaa27074d,5,0,0.13445763474506639,32.940226606874432,True,,False,matched_pair_uses_frozen_calibration_threshold
synthetic_long_horizon_identifiability_v1,matched_prefix_counterexamples,c_fdc01f90cb31379d63e9f809d1b24cf1,a7b81fe1c86ecb3695a7ecba2a2924565419a5dac73bf1ac409cfd1198dd9324,0,0,0.29482262164207063,inf,False,,False,fewer_than_two_credible_structure_families;nonfinite_disagreement
synthetic_long_horizon_identifiability_v1,matched_prefix_counterexamples,c_fe2abb8b3406b1e1761446666b41ca8f,581165461e1c2e4f40a2d73895154a8207865bf60844a0afb66dbd6f5a0d0e5a,5,0,0.013058660621124532,32.401692433242061,True,,False,matched_pair_uses_frozen_calibration_threshold
synthetic_long_horizon_identifiability_v1,matched_prefix_counterexamples,c_feb8b4ba80efcdb1a8f3a3946b3131c3,d93d75c2f7cde846dae99abf2af5f8cf7119538cd1b9fb5039c97b756a45ac91,5,0,0.038307255790874496,32.609317050312868,True,,False,matched_pair_uses_frozen_calibration_threshold
synthetic_long_horizon_identifiability_v1,test,c_00028b60427397aefc0c5c6eefdff5f2,a824940a23c68dcdfff75794c7cf9d1e79e414af2e54136763505e749e6bcdab,5,0,0.047244895079416573,38.097381225083218,True,603,False,ranked_above_issuance_quota
synthetic_long_horizon_identifiability_v1,test,c_006fade261a618583a85c5e6cbd6406e,46555dc96f7a9d264ecca85ecf0153c733c913a14493802d0107622a3a469c00,5,0,0.11563815889122606,52.824672155897751,True,737,False,ranked_above_issuance_quota
synthetic_long_horizon_identifiability_v1,test,c_007b7d6a3939f4f12803467a6cb04ed4,1276047f995bb86fea3d5cdaffc9383fc58b007afc85b84d2ffa2bd236e1fb1a,5,0,0.19522105996563469,48.458576920167154,True,715,False,ranked_above_issuance_quota
synthetic_long_horizon_identifiability_v1,test,c_01a9e76f2ae3820175fab71b9ea74c4b,978212f1baf31933103a05f8c47f1bce348bb2d94d596ce73d39029d018c8387,1,0,0.04918621428082335,inf,False,,False,fewer_than_two_credible_structure_families;nonfinite_disagreement
synthetic_long_horizon_identifiability_v1,test,c_01d49a8ccccd62ec33175d9fe287949c,88085ec0fbaec8710dc4323aaf5740f32a905abd509bd1af641afd3a367ea525,4,0,0.14560959545586716,32.393930086155223,True,187,True,
synthetic_long_horizon_identifiability_v1,test,c_01e658e535ee559f2fb84c74ac6caecd,0230dcf4d9dc8fbe8edf79d9cdbf7601ebca1d0eb167d67882ae21bc7bc5cc8b,5,0,0.12684616656564551,32.14200051259445,True,123,True,
synthetic_long_horizon_identifiability_v1,test,c_02368cdf490e1244386bbd630c33e63a,7d503a87e7adc336a54ef3916f19453dc065b598b6fac58816fe6a1f8415497f,0,0,0.58512097259693374,inf,False,,False,fewer_than_two_credible_structure_families;nonfinite_disagreement
synthetic_long_horizon_identifiability_v1,test,c_02466ed76c82b38067b09f53c04d7608,b68cd87bcb01797ec556cf5ba7bc4d34489f6675cef0da9f1e7cd218c3482eb0,5,0,0.113630479885479,36.549131639107365,True,542,False,ranked_above_issuance_quota
synthetic_long_horizon_identifiability_v1,test,c_026bcb5d1bc6d289180c2a5483a33a13,cdf0cd32f782e742c5a0a35bab35c308e780118ea59ad3c69bf24480c868498a,5,0,0.035893256953886822,34.597868627013064,True,432,True,
synthetic_long_horizon_identifiability_v1,test,c_02722a993f8e2545f097827735a387df,13acdf0ebbadf2b73e1ed2d0341a6f568b2443d90b3286ee9c0ce64f48293cfb,5,0,0.061942173283746085,32.699904418285129,True,224,True,
synthetic_long_horizon_identifiability_v1,test,c_027e04a53e1e5949316a38d85cd62375,f32dfb329d46ac1c0bb42b509df9cd8a03953b71bdd9c39da08c565131a45b59,5,0,0.015227655069686638,33.443363720143417,True,336,True,
synthetic_long_horizon_identifiability_v1,test,c_0289d2a01f0064bf431f37d523f8c980,076e8cd3f3bef6824df4cba15e1dff6449d650e605ad03d3d21e9eb8431c5a8c,5,0,0.039843381803792648,32.731219739715101,True,234,True,
synthetic_long_horizon_identifiability_v1,test,c_029d2f8232255b325656cbf3398e50c0,c8f36837d08c40040706d9ec912ef62340851327b425ca82d914c4beb5014951,5,0,0.054718291755480479,32.141995428828452,True,12,True,
synthetic_long_horizon_identifiability_v1,test,c_02d045fe382772fc35bb98e77572f6c8,4597e196e23ef638b86f6cb7e009273e5b40f37297e49bdb2ab8e368bd658b9f,5,0,0.029894306662806357,36.66157587294726,True,548,False,ranked_above_issuance_quota
synthetic_long_horizon_identifiability_v1,test,c_030aa84975194eb330e6224bb8991865,a129f78638ccfd0a16d73e67e2e591cb8934097e386ae230ed0d8f32a3bb2fcd,5,0,0.028743401117893606,37.140174812937438,True,567,False,ranked_above_issuance_quota
synthetic_long_horizon_identifiability_v1,test,c_034ac3267bc3e88c99fe84ba446be074,17279fc0d58cb6d1eb181fc1ef21398e74d6ec6fc38855ec2a59b983a732f9c2,5,0,0.036965528435884992,35.267348628575739,True,473,True,
synthetic_long_horizon_identifiability_v1,test,c_03680a21e2668e5f3db2d7adf73d749c,f1e1b01f54482c80a337cd9f16f70f1a82f7bb27089fd87ba48d19abefd6b7fa,5,0,0.045848964999404225,34.982019436760631,True,453,True,
synthetic_long_horizon_identifiability_v1,test,c_036c1a31a0cc568084acf9dd46be5f33,2e81998e1232563ce6d1b2a7018fa1f660a75cef3278f07ad3a1e0331b5bd849,5,0,0.086868935040697717,32.185879768411993,True,150,True,
synthetic_long_horizon_identifiability_v1,test,c_0411ec75f516a942bfcdff2d3d3a82a4,1ecaf3377120aa91e5ff0e7c1a28265b0b6e64ee77315c3f56f73240bf3479f6,5,0,0.058516742789407605,34.479680999673064,True,427,True,
synthetic_long_horizon_identifiability_v1,test,c_04259de0e98271250e755f20f7fb7302,9884af55de5410e655c6dbdf2441dcf9930b753b296ea1bcc34de7067cb301d3,5,0,0.13822481629476591,48.98630615203539,True,718,False,ranked_above_issuance_quota
synthetic_long_horizon_identifiability_v1,test,c_0469bffaea997c8fa7f96f7a70a19f9e,d1b7af365b1fb1ca3ab93970ce989af9661a391eeb9b27e5e43e7f5c9df69383,1,0,0.061113083789307486,inf,False,,False,fewer_than_two_credible_structure_families;nonfinite_disagreement
synthetic_long_horizon_identifiability_v1,test,c_0483da463078b53ca7fdbd20353755bc,87ddcbd4b9bdeb982761dc5eccb33be42039940b871b65a14ff727df152dd25d,6,0,0.087409916017398726,32.403603272353834,True,190,True,
synthetic_long_horizon_identifiability_v1,test,c_04a5bef5ee0774e8941b110d9a68a0e3,b0b0b8300f687c0d29859897954b64dcad15e27a15da4bf41be459d382e6f773,1,0,0.14118652393014428,inf,False,,False,fewer_than_two_credible_structure_families;nonfinite_disagreement
synthetic_long_horizon_identifiability_v1,test,c_04b674dbbf46ef95f991acb04fac9e10,1e5d6c6169a91a2a545538fd20d5909f6e4c620e7d1e5343087b7cd5c130ccfe,5,0,0.11580770321133965,32.141998114658747,True,60,True,
synthetic_long_horizon_identifiability_v1,test,c_04d61b04988311b0941c4565361c6de7,a038dd00c5481483c7f0993967e78649e71b2c652ea302d4f53119276cfc3245,1,0,0.064551409021371867,inf,False,,False,fewer_than_two_credible_structure_families;nonfinite_disagreement
synthetic_long_horizon_identifiability_v1,test,c_04e4319ebe658848385f2840e00031c3,2976b34314e28bf3ad3642a95d3b7994abad6fe0b6e8cc97b1c75de167ee2813,4,0,0.13034123678558571,32.228580847104148,True,157,True,
synthetic_long_horizon_identifiability_v1,test,c_0507bbdcaa9ca41b8567461861d6bb48,01eb1ca2176be7a59868f1b88a0c6d4db3494c99104b995afe228765f92305e3,5,0,0.13832129050287259,34.709847456782789,True,437,True,
synthetic_long_horizon_identifiability_v1,test,c_051dc612aae6e1c9146d313744e54f58,fd7ccc8870a71538fb6aba7365633830ec3d4ea200836077d5ddc4235f81b78e,5,0,0.078592969572775229,33.872816016094554,True,377,True,
synthetic_long_horizon_identifiability_v1,test,c_05426815ea0be40e61728d4788cbd553,6be78a41229463cc13c22e6a3f1d569476cb3540f3b525e2d3f68e6a28c3eaf9,5,0,0.053082405351585586,32.191373070411181,True,151,True,
synthetic_long_horizon_identifiability_v1,test,c_055de72385d89384ff0a609e11474130,4447f0ba03faf3064849fd777eb406fb6aad48ca1adea147b2dabb4bcea92b40,5,0,0.13899810575133584,37.851902592810355,True,591,False,ranked_above_issuance_quota
synthetic_long_horizon_identifiability_v1,test,c_0560b908e8bea247e0beb4b4b9a416d4,77f3b3adadd77fc653c6ed7d56a58f7a1b67762713dfab44103d2840ad799f9b,5,0,0.1280730995879063,32.141995717211266,True,18,True,
synthetic_long_horizon_identifiability_v1,test,c_056764b6391d9ec4d812812cc5e55ba8,ee735a5393579a7d49b82380d3a86596403acfd06f54d0ba933155292229b3a1,5,0,0.13448053525557277,32.976688609777767,True,273,True,
synthetic_long_horizon_identifiability_v1,test,c_06044b9098dfb672024e4ea5983376f9,656d4dd39ba4304d6d0ff9059645e28090ee5732479a30aa9fcdb360aaf907d8,5,0,0.15054168431964585,37.042975630158828,True,564,False,ranked_above_issuance_quota
synthetic_long_horizon_identifiability_v1,test,c_06eed64eb303c78000557e5b5abbc841,58b362458c8b4f2ae4c4b7ec159821b55e51479c5179ea56e64fce54c2f90f1a,5,0,0.12769307229981031,32.141998111481136,True,59,True,
synthetic_long_horizon_identifiability_v1,test,c_07aa7bc1663293b3b3c224a7b847b6ea,61c406061c9b027f0dc6ecf191b381b58b83842e7e1c4664c43d6b3e6919cf35,4,0,0.16724635352567788,32.945451267523644,True,266,True,
synthetic_long_horizon_identifiability_v1,test,c_07c568e52fcd86d1856136b054d8bd48,568fc613177160d58820fae38a6fa21c2b7bb21acf89b1c14932fe4b1736e0f3,5,0,0.023703102506151406,32.784509040850921,True,242,True,
synthetic_long_horizon_identifiability_v1,test,c_07e6c698fd4394049f3a3fc56afce16b,92a562086947c39593d6f08203110125fff4814e320b7d5baa03662913852bc5,6,0,0.15415478521993201,34.776966157148593,True,441,True,
synthetic_long_horizon_identifiability_v1,test,c_081c3a7d65c4d2e4fc998f99f1cc3d62,dd4b0e7d077091ba8d33156629cd32ce5eb94c38eea3bdee75989309a24d51ff,5,0,0.03115864148340703,34.332630877713733,True,417,True,
synthetic_long_horizon_identifiability_v1,test,c_082a2ccdb3f43cb3c44485849bb9a9b6,46bd1da655d5b03ac74d664f31d0a164396e232a8bb37e7761caa808a91a5046,1,0,0.080056482934406606,inf,False,,False,fewer_than_two_credible_structure_families;nonfinite_disagreement
synthetic_long_horizon_identifiability_v1,test,c_082febccf4df8024cb86c676634a4be4,8ec6c28350c8991372fa12b2a6cad366e7ee2f632c4213b10d937b7a24b7218c,5,0,0.06079259663101113,44.629464062494883,True,694,False,ranked_above_issuance_quota
synthetic_long_horizon_identifiability_v1,test,c_0864a83d5e6b107dce9c26f3e363d7f1,46a33944c63198b73bfbbaac6f83ad3d84331bf315c7fb3b87b755dd0ca6abb1,5,0,0.15861083779251825,49.339009881256523,True,719,False,ranked_above_issuance_quota
synthetic_long_horizon_identifiability_v1,test,c_08887622bc3998eac987b8281b1b33d1,e2fb1faf191a57968da38d4c5468d89ceaba1535697fc36e1f222ec0d13671ec,6,0,0.12407647997338991,32.141999913774853,True,109,True,
synthetic_long_horizon_identifiability_v1,test,c_08a2375c6c3aae6aafc71a96b907583e,ea75725153217d5a0a4c2f2c07bb0b83e919bb80aa93deacac756abf685d501a,5,0,0.12786382029029708,39.592562416992983,True,635,False,ranked_above_issuance_quota
synthetic_long_horizon_identifiability_v1,test,c_08b8040eb8622677e7ab94785ceef70c,02c148e04011954083a42895691337e7df66ad02a3342832181f937362752255,5,0,0.096034408542672242,38.087640019353465,True,602,False,ranked_above_issuance_quota
synthetic_long_horizon_identifiability_v1,test,c_09029e2dae85bf1a697a8f4d96f53cd4,f65916137e3fa8174b33c63103c593825e5f488996c1e6b6d265507fea8d5ea3,4,0,0.06842072183223516,43.581112312968301,True,687,False,ranked_above_issuance_quota
synthetic_long_horizon_identifiability_v1,test,c_094f6d81c04f0b51fafc8d15c383ea76,da47f118c168ff4b081097c408bb0c9967bed2c4d51af310b5946b31bd25de4b,1,0,0.099785895849558798,inf,False,,False,fewer_than_two_credible_structure_families;nonfinite_disagreement
synthetic_long_horizon_identifiability_v1,test,c_097779c43f0511e797d1f74905505b7c,0f8830dd46b79e7844dbfccfa7557c5bab07d5a56438e198da824000f3e72cb7,5,0,0.021353641770693741,33.21548823426469,True,306,True,
synthetic_long_horizon_identifiability_v1,test,c_097e33980964bc4a3c8cd0e2bec4876b,bc8670523c9541649e78c5eb9832583fe912a35a49491d7bccea871e604f2b50,5,0,0.11253190444717168,32.141998207796306,True,61,True,
synthetic_long_horizon_identifiability_v1,test,c_0a99cd09d78b904bc19f720009b57c78,4145ebc7e0c2111b21b87bdeb30d92da5f3f31f1d2a31577cf96f174079dfafd,5,0,0.046381509811799997,33.515840955704981,True,343,True,
synthetic_long_horizon_identifiability_v1,test,c_0aecae349ea6dd91a76ddb70fa9df942,0d3980c189d361f0f4f969ae5f64838ae873082fe4c1e475f06ee58a995544a3,5,0,0.059253777458360947,32.141998886985348,True,81,True,
synthetic_long_horizon_identifiability_v1,test,c_0afa2918c436ca7439bb0bfd53261675,569fbee34d22da4631db26a5d338e1712408b46539699db43cc39a98947eb33a,5,0,0.080343353771525794,32.984505210163803,True,275,True,
synthetic_long_horizon_identifiability_v1,test,c_0afb34bff617e8d40b1cbc5296a8ab4c,d7da8418d6a25b7a364989e172d15468eb09bec385e095bd87e18dcdd1f9f75d,1,0,0.17218623540200087,inf,False,,False,fewer_than_two_credible_structure_families;nonfinite_disagreement
synthetic_long_horizon_identifiability_v1,test,c_0b3b8bf092b60fc763408903f5f91248,874876108f9d1419895054e145a1f74cfd614e607ecc87aee5a1c86d66f2983f,5,0,0.064059017637526,32.458125486822965,True,200,True,
synthetic_long_horizon_identifiability_v1,test,c_0cd58ccf5de8428dca8c0947d312928c,bcb3f7f679b523be89442027beec22a2a078dc83c3c4887cfe6b0195eb36a849,5,0,0.073452683461602261,33.465263483812848,True,338,True,
synthetic_long_horizon_identifiability_v1,test,c_0cf8eea5361087aa8abc7ed93a463c69,0ce787e4d08598f143d8968e2581b0ac267ad2dfbc1e5093bce020e2cf3305ec,5,0,0.10842022731911177,32.718167705213112,True,230,True,
synthetic_long_horizon_identifiability_v1,test,c_0d1612b964ae9b6038246816bbae1223,9d39319f50d41c6388229fe819d2ea2b5bfff6d4e63c698072132f4caffeb75b,5,0,0.027937073997682593,33.427987956952279,True,334,True,
synthetic_long_horizon_identifiability_v1,test,c_0d1e15040f07a35859483c0a63e0a1cf,18565e119d4f8a7d58798783b70cf07b9d26f628a132ce34608fe0a316bcf5dc,6,0,0.12092126360196324,32.361246731372219,True,180,True,
synthetic_long_horizon_identifiability_v1,test,c_0d474db973827c0d60d7df2346262004,bee37a9e5206720a916d30ada520fa1e85cfdd9da07e6c23d09759006f202d13,1,0,0.027512213031585367,inf,False,,False,fewer_than_two_credible_structure_families;nonfinite_disagreement
synthetic_long_horizon_identifiability_v1,test,c_0d6ce19acbf9950e208c19d8eb985a6d,88f1a5a3b2423b298c4694ca39c787d346ac63f4d658a9810ad892b29c3eec6d,4,0,0.088270038756262229,32.142006971218201,True,135,True,
synthetic_long_horizon_identifiability_v1,test,c_0df0df8e91a0ed59d5d2edabb9a568f9,9687d873103e899a894101e13006078cafdf4885c1d3230133452f0b9c4617b3,4,0,0.081595207505303011,39.53336851937339,True,633,False,ranked_above_issuance_quota
synthetic_long_horizon_identifiability_v1,test,c_0e33e462252bfd4ea74c86fc59d7ba10,e52d57c961409eb08b9f422889e31f1a5fe6f19c506b5d30f714a3799404d3fa,1,0,0.14946423511811105,inf,False,,False,fewer_than_two_credible_structure_families;nonfinite_disagreement
synthetic_long_horizon_identifiability_v1,test,c_0e9e0756e3d0a71cd6bb412759fe25ba,7bb6af2f55d56bc0548b6e9b8f1bba02f60173529f65fc92a942d1be0003f545,5,0,0.029299521307575783,38.234175594877975,True,606,False,ranked_above_issuance_quota
synthetic_long_horizon_identifiability_v1,test,c_0ec29e35165f7cdb57556d3a939b8f54,664d16d58379303055763f5e9778c7777493b1c56a1870063b413fab9055bfa2,0,0,0.37823246990660148,inf,False,,False,fewer_than_two_credible_structure_families;nonfinite_disagreement
synthetic_long_horizon_identifiability_v1,test,c_0ec97c2597db53b0be238de443628916,3d87a68ec80257fad68ddd1dc626ce4015f98d9c21f58b9da6928f098b850f5c,1,0,0.11782334813989587,inf,False,,False,fewer_than_two_credible_structure_families;nonfinite_disagreement
synthetic_long_horizon_identifiability_v1,test,c_0f3b7e9fd6ffb73a2e28a379b1a6bf56,5e33153fbde6b36f6d6b61d09160e785e8ecbcb8d01939d809a2094a40b0c5e8,5,0,0.13548053297570073,38.053832254269274,True,601,False,ranked_above_issuance_quota
synthetic_long_horizon_identifiability_v1,test,c_0f488f0522cb4deceb969a09a615837f,84a20f1dacca86a9b6126947b839ef44e00183cc888b7cb931bafc96d4203f5d,5,0,0.063226215935910338,32.141999763627254,True,106,True,
synthetic_long_horizon_identifiability_v1,test,c_0fae781b5146acbfbf5afab6a436f53f,dbee4a287b4f4add553b5a318d8d26e35d558067e7d230dfe7ec6792d2957693,5,0,0.16059142901155318,32.141995648093229,True,17,True,
synthetic_long_horizon_identifiability_v1,test,c_10165516d3d1a340e5e126140150d393,2dd1ec99713343a05963d4184a1ac4040266255938fe42912e544961bb90707d,5,0,0.070925472384436111,36.544935581669513,True,539,False,ranked_above_issuance_quota
synthetic_long_horizon_identifiability_v1,test,c_1031af09a5a9f00c991a1b9ddb961841,c806d6b94220720942ed352fd466a1d05d19144ea21354ed83bbb13ff341b809,5,0,0.09040402941253739,47.997081792083897,True,714,False,ranked_above_issuance_quota
synthetic_long_horizon_identifiability_v1,test,c_104800fb887b906a41084782b16fe747,c5a50fcdf07aaac98b9abbe4718a11b13d8b5e864342cee44d164a771a97994a,0,0,0.5433669035967994,inf,False,,False,fewer_than_two_credible_structure_families;nonfinite_disagreement
synthetic_long_horizon_identifiability_v1,test,c_1054cea05f2179cb8b4c6a69fb8d9c52,9c8b47cb3afa420a3d28af984872d22066aee671a636f7fd5cebed043e618ad6,4,0,0.26397415855204509,46.241505325833508,True,703,False,ranked_above_issuance_quota
synthetic_long_horizon_identifiability_v1,test,c_106d21e4a29c978f7819a416c0b1791d,483e54de7bf98d8e5a72b2810c32544142bdfcd6e42a58fd88417a3e53ab052b,1,0,0.024567250013290676,inf,False,,False,fewer_than_two_credible_structure_families;nonfinite_disagreement
synthetic_long_horizon_identifiability_v1,test,c_113be4c2addf7c78dd61b60d56852517,a526657449704058e817ef4f42a981c4ac66a62b612da5da5754752cbc57f315,5,0,0.11804829234702563,32.354222387814588,True,178,True,
synthetic_long_horizon_identifiability_v1,test,c_1161c8b3282f0369b12c559a9b751541,2ca04fbab1cf8e5d3b0ce47c7bb60450a6259f750f3b675efbac9c39a6cc58fc,4,0,0.10535318756847591,33.927639586229688,True,382,True,
synthetic_long_horizon_identifiability_v1,test,c_11f7bc443d57dc229c29c84b7cf83f80,13dde89a6448963e78fb93fc9e64c35d5e3e71de3b36b374dc0f0382d6190dc6,1,0,0.11699315162697713,inf,False,,False,fewer_than_two_credible_structure_families;nonfinite_disagreement
synthetic_long_horizon_identifiability_v1,test,c_122568d33349d5a7ca8f933d073adb03,60a6c3e24bc94f025fa46c144d97dd7a7da78f85ec71de970d72f4fccf70b585,5,0,0.064822869072515971,32.141998360934878,True,68,True,
synthetic_long_horizon_identifiability_v1,test,c_124a850e779d16292f74ea22a6c23abc,756e2c50ae8cb221ad8ccf549f3ffe13bc155a6bee593f1392c0a82f7a458a8e,5,0,0.12722751932799195,38.594299261140357,True,614,False,ranked_above_issuance_quota
synthetic_long_horizon_identifiability_v1,test,c_126143094a02f4f0e5fac93fddf5ba71,94efb0253f31db933a622ee617acf5f66cee20d360856601ff70a410f3fdc124,5,0,0.02594135548592395,38.379908813405144,True,609,False,ranked_above_issuance_quota
synthetic_long_horizon_identifiability_v1,test,c_12629ebb4328d33f10e6ac79b0bbfdba,ad26074ba0e41ba58c0ce4cb2f092c3294dfe08654963704ba568080ba425f96,0,0,0.26586826799448127,inf,False,,False,fewer_than_two_credible_structure_families;nonfinite_disagreement
synthetic_long_horizon_identifiability_v1,test,c_1292a75d753dc97061949fbac97d6d31,503c2a56dcb12250efbf55d36c8645c0b39fca95864a77e21fc396105c8e298c,0,0,0.51009400971377661,inf,False,,False,fewer_than_two_credible_structure_families;nonfinite_disagreement
synthetic_long_horizon_identifiability_v1,test,c_12bd971c52d58e42546bce8e12f6e7a8,f69bd7e309e6e5ec31ce311c3020ec40a5825bd21882c8752b120864997ab8cc,5,0,0.040048757745440505,34.045258213828433,True,390,True,
synthetic_long_horizon_identifiability_v1,test,c_12c93b03464a75408af17c35440e4784,ad3d10d100b7c112930ab60472c438c1c9e12ef91fc982a7f1a4671fbead4e2e,5,0,0.082687031112113146,32.413220030827503,True,194,True,
synthetic_long_horizon_identifiability_v1,test,c_12fc8eb2beb8e4114ec465cec005b345,03a86821ce0ea3e56bce96b16f6a2f6bb302a1c234bb0c0da92dc989484fb19e,5,0,0.026783597336972009,37.731496879451747,True,588,False,ranked_above_issuance_quota
synthetic_long_horizon_identifiability_v1,test,c_13169259764905e80d682f82c2ead48f,c8e862a36194fa7f3508b1c788989f599949e8c4e267c1e5ab02125783826f1f,5,0,0.060207843368171254,37.455374431867845,True,581,False,ranked_above_issuance_quota
synthetic_long_horizon_identifiability_v1,test,c_13191e2c66fb32c0025cf2e5e98e4c64,2007d331c595b950ed5619a09083e13f1a1dbf2c548f048d6798f25c550fcde8,5,0,0.044628430864245061,34.231110226460999,True,410,True,
synthetic_long_horizon_identifiability_v1,test,c_133cf21ec830b757cee6e840de9c957b,c5b1b06e86c354d666a9cda50ee8380e5619398fbed96f58e3c424126d22b704,0,0,0.27043426359232009,inf,False,,False,fewer_than_two_credible_structure_families;nonfinite_disagreement
synthetic_long_horizon_identifiability_v1,test,c_135f997586181bc64b396902b0a13950,496e4397760ec2c5b12cf58b000953925599935d557eb74f5c5ae2fc2c221813,0,0,0.363572684749361,inf,False,,False,fewer_than_two_credible_structure_families;nonfinite_disagreement
synthetic_long_horizon_identifiability_v1,test,c_1367f5755365329babf958d62b926e91,bc52c12ba0141740dc36eb40b130a552aedad70c2a3a86d5e5b1d5c2339b14b5,1,0,0.053729618353243351,inf,False,,False,fewer_than_two_credible_structure_families;nonfinite_disagreement
synthetic_long_horizon_identifiability_v1,test,c_136a9e6b925cf1eb934d78ec0297801d,9b1bd2a4653ccb9285297ea40a71b8c5a262a220039ac0f37b831d3f04a81d3b,4,0,0.17663948018969261,34.06840802711902,True,391,True,
synthetic_long_horizon_identifiability_v1,test,c_14bac7f79cd5f0cb8e346255dd3dc1a7,c562b9504875c8c505462f1619a27bf6ebba7e4587e9a2e8844a16468af12dd0,5,0,0.061269822880078838,32.380074155484394,True,183,True,
synthetic_long_horizon_identifiability_v1,test,c_14f761d76b95f9bf9646d981775207d4,eff7a046acf2d236a8c9a671af28bce8e4ea7d55f2a71a0cff1cdf151a7b2e91,5,0,0.16077990162638481,32.14199896813227,True,85,True,
synthetic_long_horizon_identifiability_v1,test,c_156329bc1436c00ff4784ab7cae27212,89096a5591e266ca2bca289715d07b065dda0e21c5df60df40db897f27e47e93,4,0,0.090969237266733657,43.829326147534495,True,689,False,ranked_above_issuance_quota
synthetic_long_horizon_identifiability_v1,test,c_1638951028e21dfb1f1d1a5959700027,e4548106d88eec22d66e88dc2ae1f0e993dee41b2262cd87b4926514721ddc08,5,0,0.057527914250227997,39.080437058595386,True,628,False,ranked_above_issuance_quota
synthetic_long_horizon_identifiability_v1,test,c_1665fe62b889851a908f5412e53e9ca1,87828202f83322f64fb65600d201aad332d720d8ac7f5392506ff61024d248a1,5,0,0.064959064081944143,32.141997622669869,True,43,True,
synthetic_long_horizon_identifiability_v1,test,c_16d9e7e2694268cb1c8817dbab68c790,8fe5a0c46c8745a75bdcdd95c4be25f0a25b88ad8e222df5a33f10ff2fda3f79,4,0,0.23909762860415659,53.561824080553798,True,745,False,ranked_above_issuance_quota
synthetic_long_horizon_identifiability_v1,test,c_17e4090bd72f90f3f604c408d3aec4b4,5ac4b118d3c16aba8dfe644f6d21b3d347d0ecf8bd805ae74439ec42ca27fe75,5,0,0.18310748224222526,52.132445846664346,True,734,False,ranked_above_issuance_quota
synthetic_long_horizon_identifiability_v1,test,c_17e9298b1b1b585c05fb8a909645b19c,98140533f2d988b5bf819f8f65d4b301b3745a2256707a838ad3d7bc9dedbe11,5,0,0.092317729639136398,33.359487806764719,True,325,True,
synthetic_long_horizon_identifiability_v1,test,c_185437077d0375c8dc527a69ed0ea7b1,c032989146f20cc0992a231f4f472b42f53dbf2a8ccc9a9ee12c4b20a24a2a99,5,0,0.13992140130428593,56.014552884330826,True,761,False,ranked_above_issuance_quota
synthetic_long_horizon_identifiability_v1,test,c_18b257146e79a3bfdf242a550fa85806,d1a56baa6947d37cc32f9c650c3f1f1d00f9c76ffbe1da9d60878b8ff78330af,5,0,0.064869686087801873,33.302182535644697,True,318,True,
synthetic_long_horizon_identifiability_v1,test,c_19af252db620092cae26cfd19ac73715,c6f8f6552fd5fe01fd9992de72bd649c93a79fa1dbc9569468e92c2911326bd8,0,0,0.29108740421506446,inf,False,,False,fewer_than_two_credible_structure_families;nonfinite_disagreement
synthetic_long_horizon_identifiability_v1,test,c_1a161b71a948c6c5dc4b201af064a1ee,7f4be13f2c8f70588d810b3e0e931d6091fcfa30411aedce119ef36f5822666d,4,0,0.048335836608964691,41.007647348922767,True,663,False,ranked_above_issuance_quota
synthetic_long_horizon_identifiability_v1,test,c_1a21c83f54a2dffdebd7fe37adca6f2d,f288fbeddae33707ea28b40271a6e331ba6e53b0e078a5ed8b3f459404a2f30a,4,0,0.18162977058676583,32.141998594157016,True,74,True,
synthetic_long_horizon_identifiability_v1,test,c_1a463a8bf6c4a6ae239adc5d020cb261,9473efbcc426c8caa0295541b6e175dddbb5981d1126650d8c387f80fb7ee7ed,5,0,0.10160500218951947,36.12427843019308,True,525,False,ranked_above_issuance_quota
synthetic_long_horizon_identifiability_v1,test,c_1a6400bd5d4a2d5ef36bc4efb8b375d6,4ce18fb2d1134cd9afafa9530e03e35a1b27c37ba213052bed74c594f1d2162b,5,0,0.095630996476297761,40.929786387766278,True,661,False,ranked_above_issuance_quota
synthetic_long_horizon_identifiability_v1,test,c_1ac32276000d312a5bb25fa59e21dc32,ea72e4e66a28c2efd49305fb9e3874295ab83bf184bc32d4825d823bcf652dfa,5,0,0.10192514589510736,39.192506817871156,True,631,False,ranked_above_issuance_quota
synthetic_long_horizon_identifiability_v1,test,c_1aeb331ff0654cec2315fa5bc83a13dc,34a285bf4783636236d531cf2d8922269fdc6868308e5af8a35eab4da96449f0,5,0,0.018860593767603965,32.297739343419309,True,169,True,
synthetic_long_horizon_identifiability_v1,test,c_1b86bcc955570712efe856dab1fc4c59,a78743c94120f27a0c7feab73b9fd2ab9cbef964f5828317307ab1b9ce1def69,5,0,0.049007773214045709,35.779506361290522,True,515,False,ranked_above_issuance_quota
synthetic_long_horizon_identifiability_v1,test,c_1b87e1eef5fe5d1ccc7219b52bbce7e3,c1bae73c088abd5aae36d0c9485b0396af211c39f53b1564974a15b3db9be018,5,0,0.038477187070395637,32.141997101275209,True,35,True,
synthetic_long_horizon_identifiability_v1,test,c_1bb27cd93dd9e6fd4efc03ce2e7f6891,faaaf8e4ac39ae564770d156331947b4370d96009ff5091f18331fd787691dcb,4,0,0.14156396224056944,50.324860200210658,True,724,False,ranked_above_issuance_quota
synthetic_long_horizon_identifiability_v1,test,c_1c1595fcd5d123d4a49f145556dd0a45,6097ca7e69658b20dbe586b3e91899edd7b3fbb193e641a215113e15990242a3,5,0,0.053163632950931912,34.454563466452107,True,426,True,
synthetic_long_horizon_identifiability_v1,test,c_1c39c93f852e58ef5c2163c54befcd1d,b0ff75e89870ac9d5c3b0e73682c7934837e0c2a5fdbf9c5249975cf88917c3e,5,0,0.071426086200401695,34.085839472575714,True,393,True,
synthetic_long_horizon_identifiability_v1,test,c_1cba75297bc09637c49f7e486739d903,ff981fbf447cdfe05e10247f9ff58945b3b32522599e02f5c31d692b63b521ec,5,0,0.062986726301055507,33.2678848479013,True,315,True,
synthetic_long_horizon_identifiability_v1,test,c_1ce01badbad64c65e3130a046718c0b9,d7f86711eee00c529938c94f8969d5d6083cd33433747d975ad4169a2f715b5c,5,0,0.044121812982112797,33.935160079078948,True,384,True,
synthetic_long_horizon_identifiability_v1,test,c_1d3917354e0562f0127c25226cf62b9f,0280af0f84a01d6ded26e83385e79ca379bfef7e349a316a46ca4e12eb8c8216,5,0,0.043039374926909568,36.089577916520177,True,524,False,ranked_above_issuance_quota
synthetic_long_horizon_identifiability_v1,test,c_1d3a98cbf2bbc8a81319b3f673b8fde6,95d095a78ace8fc86322d120940f86911065cc72fb3dc0f6fa5dc582182df251,5,0,0.10109680419116472,32.141998988773921,True,87,True,
synthetic_long_horizon_identifiability_v1,test,c_1d6283c8f0ca60e980ffee95c7daf385,b76544cfbb6fea38108b7b4a8a2f28ec4b29623ef8ac6ca1b57def4bfe0808ba,5,0,0.050576039121676464,32.141997892768003,True,49,True,
synthetic_long_horizon_identifiability_v1,test,c_1dc039966120fd408385778146bf2191,5bea158ee0f3b72a410ca60f82c317ba94a1ce7e536809b29a7464216746a2bb,5,0,0.10758264208370355,32.978167899749344,True,274,True,
synthetic_long_horizon_identifiability_v1,test,c_1dccf0231d2eeecf529e7bf9b89bec3c,8f9f4ad474f3cffaf40bae2a5ffa5e61872b52eedf2f7259cda29b48f624def8,4,0,0.058250222853020589,33.167308688849047,True,298,True,
synthetic_long_horizon_identifiability_v1,test,c_1dcdebffe822078895ffb3dd6d676d0d,1a1bfbb73f486b314cd0aa72f62b1b5286d38051a3ec2c60905fa8c98ec44ca7,5,0,0.10598918289713079,34.396545485315883,True,421,True,
synthetic_long_horizon_identifiability_v1,test,c_1ddd4a20fa3715449e8a6029de5ab48f,8f0ed928ce08f45002d00033d083bbc2f58c79985f9df3323aa98cb39fff1e4b,4,0,0.13300740292169422,34.671140098638837,True,435,True,
synthetic_long_horizon_identifiability_v1,test,c_1e17e98cd161cd5581c69ebdbb8fcf3e,b65de74f621207a78f30ef398340ae2b7b0693b783b1c8a644a55b7fb2d3b9a1,4,0,0.085082775359458032,35.181343260836236,True,469,True,
synthetic_long_horizon_identifiability_v1,test,c_1e2fa89c0735a6e0c0339b72c4ce1500,66d5cd62a574ecb82301dfe459897d1ba8d3e240ce4e4d2b578ac70ee664269f,5,0,0.22713132297825103,43.439253992232032,True,684,False,ranked_above_issuance_quota
synthetic_long_horizon_identifiability_v1,test,c_1e4ab10356d0fc91cb196c9c28fba18e,a402aef1b216e65f3b8200383acc83e75595d5bb78f7c8b1348d1f097d2a6e90,0,0,0.24863737659856455,inf,False,,False,fewer_than_two_credible_structure_families;nonfinite_disagreement
synthetic_long_horizon_identifiability_v1,test,c_1e4f00b7937b38652fc736562f609ea6,54650ec5d54fa1ebef5b2b7c64b0151d1defd41a0b4c13d3d1f324f71e5c0e2c,5,0,0.067491225248112172,32.523641013239832,True,210,True,
synthetic_long_horizon_identifiability_v1,test,c_1e51cec6f05f96482ebfe3a62e203f52,862678fcb5a02ad375d7c26cf2ec8a2d1edfaffd28bfe675547e6dec7bd1e4d4,1,0,0.050691674727975145,inf,False,,False,fewer_than_two_credible_structure_families;nonfinite_disagreement
synthetic_long_horizon_identifiability_v1,test,c_1e81b020ec9ac98f07765a3e166174c2,ee9c9f15deb61668ae5c207bf231d6404c2195f5bb193e295520fae1da6fc7f8,5,0,0.092807124534584229,33.097385179797797,True,287,True,
synthetic_long_horizon_identifiability_v1,test,c_1e9145e443bfa02ec91d82f05624f34d,f94dac08ee3497364f26ef8374f59523f242a444f2fc2b0392af218af04213b4,4,0,0.1453576777188669,56.614291156323972,True,762,False,ranked_above_issuance_quota
synthetic_long_horizon_identifiability_v1,test,c_1e9747888bfc4edafff51848d04bea5c,52e7cf86742ae0c386f35bcddad055490426c738ae62e3ddb43b1c83827b0bcc,5,0,0.071764588579576183,38.807306727043887,True,620,False,ranked_above_issuance_quota
synthetic_long_horizon_identifiability_v1,test,c_1eb92364f6f37daeafb61a76f30043b2,3ad66d5e1c4cb5888f85fcf841aac43f59ab50cd3d2ef6aa4488fd4fb5a84cc2,5,0,0.0172900821071631,32.56875633457075,True,213,True,
synthetic_long_horizon_identifiability_v1,test,c_1ec14fed49a246d4f02067acd8b616a7,4a996e08340d9490b0e625e2c34af48a938bb167c6fe2bf12d30ae4ca5f7e1ce,1,0,0.053747617987032592,inf,False,,False,fewer_than_two_credible_structure_families;nonfinite_disagreement
synthetic_long_horizon_identifiability_v1,test,c_1ef713b2c835f41dc768ea1a75273a1c,9b95fcccc4db8d147ef17db1e5b402ef032acc4ecfaa824104a0872d3f2bb11c,5,0,0.12480606048489563,36.214399780754285,True,531,False,ranked_above_issuance_quota
synthetic_long_horizon_identifiability_v1,test,c_1f3d853556bf630f599a702bb0f646ee,b45fd779e7d5fb4dc309de9d3f8ae53f8aed962c4f18eb1498929cd0020b2f90,5,0,0.072367986463636111,32.141999085810653,True,88,True,
synthetic_long_horizon_identifiability_v1,test,c_1fafe94dce1119830a2c8180a9eafc68,9f1deb2e540d31d3516eb3a09568eab40dfd4a68b03154f60a15b65aa46b1976,4,0,0.076877996757175215,33.750572445981831,True,365,True,
synthetic_long_horizon_identifiability_v1,test,c_1fb1b47e8b22d5ab1b52c48cd2557c47,ccd3493280e633d8e50a310e700233d55802e1298161d4e9c8ba716c814c7e12,4,0,0.051509463170948407,34.841744920534801,True,447,True,
synthetic_long_horizon_identifiability_v1,test,c_1fe3c45e03061b424ef3a2727cde85a3,f08494b4045df4d0ccac4a1287322341bb893ccbf3c000fdb30b539371ffcda6,5,0,0.051050049029694976,32.141996190155915,True,22,True,
synthetic_long_horizon_identifiability_v1,test,c_1ff4b10bcfa10d8ce660ff594cb5c53c,4db494009d8195d781e438890137e49eb4689a5e9f107a4c2724875a736f257e,5,0,0.13883584649122793,36.145142948317776,True,527,False,ranked_above_issuance_quota
synthetic_long_horizon_identifiability_v1,test,c_200b69c13665a628c2259eae300ace21,af361d3a48dc6aeb813b4daed31cf837f9c3f511f679effd1af565c5d9104751,6,0,0.072171492461042805,32.48153397094822,True,203,True,
synthetic_long_horizon_identifiability_v1,test,c_205f71067306766c5e310039430a938a,8ca89ccbcdda7f04e7cd7943a85b72bf87d4e49357c04a9027fb8bd337e50bc5,5,0,0.034897508939398907,32.141996329140781,True,24,True,
synthetic_long_horizon_identifiability_v1,test,c_206f49bb566c3a688383ef0e1c5d5b4f,1346e89ec57fe6edb5ede7039e9e53859cc0b946c1fe250a97e620e5316f744e,5,0,0.023714035248308975,32.141998257871577,True,64,True,
synthetic_long_horizon_identifiability_v1,test,c_2094059e379dcbe96df1ac955e71dc82,df8ee39f351e01b41705b2f489e2398d874fe600522579156fbf2dad87f8156d,6,0,0.070168742564382325,32.350108789574961,True,177,True,
synthetic_long_horizon_identifiability_v1,test,c_20f09cf38648d0319f7367bda6c513ee,2a59bbce61cbdae3cccea98a5315bd8c1c8f31ce04d02f67d1fc047d14e2b3d6,5,0,0.055272112532573678,32.141999407518369,True,96,True,
synthetic_long_horizon_identifiability_v1,test,c_20fc85c1e31858135bfb7a21a467eaba,2aac134babdcbdfa9a42a375d2b38cfffbe0d908a79c3722bd2039cf4e7f7b84,5,0,0.093456185986344725,33.747142174430714,True,364,True,
synthetic_long_horizon_identifiability_v1,test,c_211c96027f804a3a9e050bdd61f1e5c1,7c3e5c6258bd55edf0676e7404e84eb9236111f0d6be34992b6c902ca9080efb,5,0,0.086851367905429189,34.846433817459747,True,448,True,
synthetic_long_horizon_identifiability_v1,test,c_218a4aa56a00e9513c1ecb80d75ea234,27a80f038b92e0e00cf20c745344cd15684124f811e8abfe6c169aa6862023c7,0,0,0.64929347060639175,inf,False,,False,fewer_than_two_credible_structure_families;nonfinite_disagreement
synthetic_long_horizon_identifiability_v1,test,c_223f0c9599239e4334b4dd3b54dff017,6685c1f5a299f8d6f09965dfdfadfa284c423d1fbf38bc60a0512b5c2f313e90,5,0,0.06228478789586183,34.79406610392234,True,443,True,
synthetic_long_horizon_identifiability_v1,test,c_224e1717eea2ccf3104ca37479882508,1852cea218579f3309ce317df5ba27b0300d11cec336e7970eb71ed98605add5,5,0,0.055795893589553704,32.264337134510875,True,161,True,
synthetic_long_horizon_identifiability_v1,test,c_226826a5306567aae2afdae71e395721,3d61303e6b5104954215de94a598966d055972ff88822d5ed25dae569a74d204,5,0,0.065292196084434082,32.141996830067896,True,29,True,
synthetic_long_horizon_identifiability_v1,test,c_22a14d59fb15607af1cff0d243432ca8,50f76ea279d069ba3f259ee281e2246f3a60608c19e74200daab962f2ffb753b,0,0,0.24932226411676023,inf,False,,False,fewer_than_two_credible_structure_families;nonfinite_disagreement
synthetic_long_horizon_identifiability_v1,test,c_232d61000e3326d21a2003190d2933d6,ae03422ab0fbae3bab21e389c6ae5c76c91419069f47d51c87837099e417f2a1,4,0,0.060078515016485257,36.205522229385117,True,529,False,ranked_above_issuance_quota
synthetic_long_horizon_identifiability_v1,test,c_2340d293a40110f8edaab06cc89c4a17,f2b824cdacc1d20a54fefbbad60c1821456c8bc9cd97b12b4eeb7b58a98b2aa5,5,0,0.074656162001881882,37.226441218001476,True,572,False,ranked_above_issuance_quota
synthetic_long_horizon_identifiability_v1,test,c_23ab90e4e1e2fdb748a802ceae355191,64d94a910621574854d12afcf04d4331062f85b7895bda85f0e36e86770815db,5,0,0.045199078910367084,32.141996861918088,True,31,True,
synthetic_long_horizon_identifiability_v1,test,c_23ba74f955be695dfc451ba8748f8c65,abfe643527f6833607b8357997cfb93000a93db9952d90c38537d9481eb138ba,5,0,0.06721055637020576,32.142002411652939,True,131,True,
synthetic_long_horizon_identifiability_v1,test,c_23d6635cb9bfd148561b4a56a7255eee,0493dcfe9be0729de030b40948edad5fcbc3d161f85e34ff923532f7f21b23f8,5,0,0.087440964611242192,32.314069537340366,True,174,True,
synthetic_long_horizon_identifiability_v1,test,c_242e56d2becf53bcaf1174596e90491a,be4cc9d9a74b8a68f6288d951eb5c48bba5895dc9f502044ee4efcf04b0dc157,0,0,0.34628861388307225,inf,False,,False,fewer_than_two_credible_structure_families;nonfinite_disagreement
synthetic_long_horizon_identifiability_v1,test,c_24365ad852e438f73e0721df2e275951,531d5a8cc9d4f19bd143c8e7caf5079bfa521893d71377975a739e1cbbddfe3f,0,0,0.41102580466697647,inf,False,,False,fewer_than_two_credible_structure_families;nonfinite_disagreement
synthetic_long_horizon_identifiability_v1,test,c_2466222ab97e2d5891b8d24f359d954d,5b403de439f2eab4a1ae8861f400918b02597a303d113392a61f138af41786cb,0,0,0.2724274564148258,inf,False,,False,fewer_than_two_credible_structure_families;nonfinite_disagreement
synthetic_long_horizon_identifiability_v1,test,c_24ae56c2f6134b4f40f39d07e940e840,cf0b2dc6277b0c604673655a05e0f97f65247e3ebe65052343451eaeada4ea10,4,0,0.043886932614144274,32.141999602663837,True,99,True,
synthetic_long_horizon_identifiability_v1,test,c_24f3851df7d86a70fe5ee077e4f7488d,86a452e4f849e572765817459be6cd74025bda1e58dcdbac63f13c1a2b3b4911,5,0,0.19877079462795197,42.971901236677731,True,679,False,ranked_above_issuance_quota
synthetic_long_horizon_identifiability_v1,test,c_254d9212d36da861e5346e17c4cbe5d0,3a58c9d96e0c0b9c9679ea3463c15b0ca3196a0da843a8bb47499c3c123a3d19,5,0,0.10110420348696618,37.485132477905857,True,582,False,ranked_above_issuance_quota
synthetic_long_horizon_identifiability_v1,test,c_25dba8b706107bd109ab5a63cddfdd27,bbfef008a1cad2de7576471e30fff586818fcf50c5db37ed4211a626fc443e0b,5,0,0.056508565241097534,32.141999361520774,True,94,True,
synthetic_long_horizon_identifiability_v1,test,c_261e537b3e3c54a2bb20a506f01c82b0,83755a416227c3027fbb79e0007d688837ed37bf75b172c47e51d19898dd1f5c,5,0,0.024107207468076635,32.141999363325816,True,95,True,
synthetic_long_horizon_identifiability_v1,test,c_265af8150657b3413b72b535b63da2f0,94770266b4720425d350db4ae1e6caecb3bfaa8bd0da0ad8b1a277925270b1b0,5,0,0.030102228543991118,35.407502258578752,True,489,True,
synthetic_long_horizon_identifiability_v1,test,c_26a9f13552409e0b3231230fa5bff61e,f9d36cc52c55a68ca02c8431e0868a868278d6d99afc414578275322fee3d183,5,0,0.088524212007392702,32.924194403876015,True,260,True,
synthetic_long_horizon_identifiability_v1,test,c_26ad4bc32d406873bfdca0de4460af08,92052ca0f9ede818bbaaa41333865327d19b3f6ce5be61a5f15f1b5372d408eb,4,0,0.082794964613308458,52.904227803931292,True,738,False,ranked_above_issuance_quota
synthetic_long_horizon_identifiability_v1,test,c_26d57cf090f01f2baab110f6e08d72e6,81ca96850c88dc5160ff7264ea40db5f7dc7a8bb2e069cca35f5255389b6b9a1,0,0,0.47449391875611791,inf,False,,False,fewer_than_two_credible_structure_families;nonfinite_disagreement
synthetic_long_horizon_identifiability_v1,test,c_270611fdc84ae5cc8fd03bf3b3f55b71,743f7d64ca03deb84041ef26e743ada25a42bbefa593bf021b25d9efaba63c19,5,0,0.071809011847572962,32.771555533000161,True,241,True,
synthetic_long_horizon_identifiability_v1,test,c_273ab43f383f961c289370c181073a8b,bef51f1724360771c418695473dd5e836458f19ecb641518429b790f3f5a7146,0,0,0.30537161893835241,inf,False,,False,fewer_than_two_credible_structure_families;nonfinite_disagreement
synthetic_long_horizon_identifiability_v1,test,c_2767ca549cf9d20e0d5f11a827c9a3f8,b83ce9ae740b554cfd807ac02bd8981a81eb22d90118d5ee267255b06fdf71d9,5,0,0.14836024814795004,33.083908375212161,True,286,True,
synthetic_long_horizon_identifiability_v1,test,c_27c70353824b7504701b5f21cc4b6971,6be520186360e1e7e427b903cf9c1e42ffb3c96bb86069d827811823da57cf15,1,0,0.18411110031718414,inf,False,,False,fewer_than_two_credible_structure_families;nonfinite_disagreement
synthetic_long_horizon_identifiability_v1,test,c_27d03f27c06eedd61a8371c3bd22faf0,fa4279cfaf2ec52a5a69183f30d3fdcd9311b3bcd0681e06196d0d58056bce6d,5,0,0.057035315077101023,32.747938683293356,True,236,True,
synthetic_long_horizon_identifiability_v1,test,c_27f15995c483eefe3105858b7e828067,882e9f395cf654a0e210802f062ccb0a73d9daeb77a6debd8edcb075591cbbb0,5,0,0.12674509856025401,35.608602841173642,True,503,False,ranked_above_issuance_quota
synthetic_long_horizon_identifiability_v1,test,c_28b1249dd8de2cdf25c0e36c1e4a810f,0f1df07e72be611b5ef3e32370ea3f4ed95f3c0bab7afc2d6a595761d73b379c,5,0,0.04368144645755756,38.764678220148205,True,619,False,ranked_above_issuance_quota
synthetic_long_horizon_identifiability_v1,test,c_28c2af851affbbdcac6d281192fd36f6,d103b7bbaac878e4bb4a1e1bc862aa896ca2c502578ea4b6fa16899239ff0823,5,0,0.039206010292091531,32.141997277806837,True,38,True,
synthetic_long_horizon_identifiability_v1,test,c_28d5c154489cd049bf3a5ceded72780d,80ce4b9bf726da9534c0eba45679564c2326c115db760a1cb8c1a28bff28135b,5,0,0.076683393050057919,37.280734973938785,True,574,False,ranked_above_issuance_quota
synthetic_long_horizon_identifiability_v1,test,c_28d8e4423db5200221d2ccb2ee44f7fe,129fe31f3d76b2def4c5251ed844cd25ab76b0efb37dcb5c4f9cc4a2cb3caba0,5,0,0.098075610578145261,36.598067718207481,True,545,False,ranked_above_issuance_quota
synthetic_long_horizon_identifiability_v1,test,c_29962d06356d931b3a54a5926dbadb2f,8f0a7043dccbf1ae53128259381d85bde1d76bda08882412d9debb162ebfe1c8,4,0,0.18123241274607052,56.808886862290038,True,764,False,ranked_above_issuance_quota
synthetic_long_horizon_identifiability_v1,test,c_29b6b52cd400ffbe281bb80f2202fa1e,ad2b0e3b78fbc6324834a7fe446102344fa1d826b4c578f782a1806d57442116,5,0,0.026295324974248215,32.291536913384107,True,167,True,
synthetic_long_horizon_identifiability_v1,test,c_29d73abb0af4d59b293a656590aed12d,28770c44f463ec9d17a82ffbf4ac3bb1ca9d5e5d6bab05648d4a5bf037f0fe96,5,0,0.052092554465054612,32.141997673379024,True,45,True,
synthetic_long_horizon_identifiability_v1,test,c_2a5d46c1711b64d7f38b55a121044f8f,485b770112cd2cf4db77a04d8c9052f2be60e2bfb914d16fe7353ea7d7cd4c6e,5,0,0.052141714429573327,34.07788624772752,True,392,True,
synthetic_long_horizon_identifiability_v1,test,c_2a75aad7ac68418a05c37c674ff474de,dcc2e05b02db09a669fd8737c8c5fb249f1dd9a4e213f99bc05913a27d495de1,5,0,0.070565238899370025,33.606946294843667,True,351,True,
synthetic_long_horizon_identifiability_v1,test,c_2a77a09840d49db947f354f9868c7b7d,82e02d8825d588fd033e4e6d9aad38efb773e75b4b33c85fa729231af1ae8e78,5,0,0.13969312360141259,44.724163064079043,True,695,False,ranked_above_issuance_quota
synthetic_long_horizon_identifiability_v1,test,c_2a9b7ccc80eccca50cea7ac7de2be1c8,ac7e48e318d06fc0e66215d10d8face431128c8fc530c0eeb895366024c416ec,5,0,0.097950400889343536,38.951089409667269,True,626,False,ranked_above_issuance_quota
synthetic_long_horizon_identifiability_v1,test,c_2ab54b9969a3a9724a6a69d1cce5c5c3,62d11bfca120e66e94067f724ce66a6f81776ce76201e80202b8880593a0162c,5,0,0.089794227552664904,34.107916609517403,True,398,True,
synthetic_long_horizon_identifiability_v1,test,c_2ac587e9c1be4c3d33c7bdb49680db2b,bfe77360e6a5d7703e70ccf2346b24ef5fdf35cb07081bca0d122c4c9d1df691,1,0,0.084375113530919546,inf,False,,False,fewer_than_two_credible_structure_families;nonfinite_disagreement
synthetic_long_horizon_identifiability_v1,test,c_2af8b721edd794498cf5918614dccd76,e84b30153c50689eb0aaef5cfb589241f53df3ccf28340878f6a1458a219ee91,4,0,0.21436630611828159,58.286734251682979,True,776,False,ranked_above_issuance_quota
synthetic_long_horizon_identifiability_v1,test,c_2b2e82b1a6e6b59e310272ab9a825d9c,08b3f7055d9815ce813ff76dd1200ae29419be8ad494912d74116a508c8fbe56,4,0,0.11534368402814667,53.840286914412317,True,748,False,ranked_above_issuance_quota
synthetic_long_horizon_identifiability_v1,test,c_2b3771b87095648a08dad280c147eb6f,4c912ce6190de9f00d6d31e878c7962330a3ef7d9c75db575acd20f37fa3e995,5,0,0.13265711460587662,35.835320170189313,True,519,False,ranked_above_issuance_quota
synthetic_long_horizon_identifiability_v1,test,c_2b7ef77bcbada513359ee90c87bfa48a,8ef125cca8a69bbe6ac60acbdbbcb487681f02c0ea0fab6db3813677a3f70721,5,0,0.24511758403680881,46.980897124879625,True,709,False,ranked_above_issuance_quota
synthetic_long_horizon_identifiability_v1,test,c_2bd6436de20c0d80211ceac30c2dceb6,735fafa784076da6803a1fb04d75ccb3da4779282e9d0183479a73b632bd90dc,4,0,0.075581301406267093,57.718044982538117,True,772,False,ranked_above_issuance_quota
synthetic_long_horizon_identifiability_v1,test,c_2beb604590809f40829c394d248a8207,9487350c8c1aebebe08f48d9be4cb9fa90c796b3766c60de12668a224c2e7a50,0,0,0.56875312552077595,inf,False,,False,fewer_than_two_credible_structure_families;nonfinite_disagreement
synthetic_long_horizon_identifiability_v1,test,c_2c26a824a3e5adb9f272f922cbcf1ac6,33ed9004439d4043c84f0050399442e9d36b075e43584526e6d70d9195e05c37,1,0,0.055365712399345512,inf,False,,False,fewer_than_two_credible_structure_families;nonfinite_disagreement
synthetic_long_horizon_identifiability_v1,test,c_2c48342a48b09cc96c01a18d23143930,2ac32f465008035916519de0eaaf12e9ae84d23c13ef7729f6d450da3ed85eb9,1,0,0.14217397805239512,inf,False,,False,fewer_than_two_credible_structure_families;nonfinite_disagreement
synthetic_long_horizon_identifiability_v1,test,c_2c52a3bd10cd55e8539a8521f31ab849,eee96d7b5d6776e248325c94464d53b53c2495440a9557822467d85c66e04850,5,0,0.12797357363022152,37.338122252744263,True,576,False,ranked_above_issuance_quota
synthetic_long_horizon_identifiability_v1,test,c_2c55bebbe1ada216ef5544b14b97cb2c,46745cc202f749873531d6b4629a730f3e4ccf89febd2e8c09136d845c13206b,4,0,0.075773791943327076,47.555684956586425,True,712,False,ranked_above_issuance_quota
synthetic_long_horizon_identifiability_v1,test,c_2d65bd613cf6247881d09fd40cff4ad3,5d50ecbe959cb3c8d06ef43d2e88dee1b4e51236d85a626cb5c2e23f33a35604,1,0,0.031585279203089692,inf,False,,False,fewer_than_two_credible_structure_families;nonfinite_disagreement
synthetic_long_horizon_identifiability_v1,test,c_2d6c54085038547bdb3e6b749d2c2b2b,2f3631de85cc5b8f87e30f28be2e0ecb3629cd9413ecc172f1174c38d4469061,1,0,0.063537138299550461,inf,False,,False,fewer_than_two_credible_structure_families;nonfinite_disagreement
synthetic_long_horizon_identifiability_v1,test,c_2d9ae69579a3f3c0fc433293379d4a0d,48deb8883bbfd47de22c6b3f4c531cd73a31acbb5154599a1b7fab7b1de8df24,4,0,0.11052917700901348,49.754568805945162,True,721,False,ranked_above_issuance_quota
synthetic_long_horizon_identifiability_v1,test,c_2db15350516be58aaf9e626fee64d512,5a9f8c6d42937c5c4e19ac34dbc248e0b8e55195b1bff8c63612c6dee66b107a,5,0,0.024164284060976902,35.298610416254199,True,476,True,
synthetic_long_horizon_identifiability_v1,test,c_2de2254a24f64165ba12e54cf47364d3,2bb31d4fafdb56048807704f9c01816d97475efcfd9ac1ce6d827adfc305faba,5,0,0.17736173752364318,53.910725730339387,True,749,False,ranked_above_issuance_quota
synthetic_long_horizon_identifiability_v1,test,c_2e0a8267cd70464d63642d26bf6d3e05,2dd3617a3a1b86ad17feb8fb012b5e57c734261fd5a8f962aa9fe7738194d1ac,4,0,0.024262146383976783,39.892025000168054,True,641,False,ranked_above_issuance_quota
synthetic_long_horizon_identifiability_v1,test,c_2e1a7a9fad9084b035253496f53be9b8,ed1047180e75fd1e3ee8214ee2f3713cff2bcf831fab5be59ab84325fe0d6958,0,0,0.39611112725252168,inf,False,,False,fewer_than_two_credible_structure_families;nonfinite_disagreement
synthetic_long_horizon_identifiability_v1,test,c_2e20f51fd5140f4a168a3b0bf2e44013,f01d79ed2ccebc253c742615f2aec7ffa2af3afc5742e08d06a047bbc52cbd71,5,0,0.11094069215932878,34.811845135276478,True,445,True,
synthetic_long_horizon_identifiability_v1,test,c_2e3803a1e4674fc2bcb94d6b5ad90e97,ff901d009f25be8a684bdd90dcaff51e4f7359c0a6321099374abbba3a8ca22d,5,0,0.12484687358789165,35.687340676585357,True,513,False,ranked_above_issuance_quota
synthetic_long_horizon_identifiability_v1,test,c_2e5bf1025d7ab2501892a22ecea12ab9,8179805fc991e4284285500cce30f3a5c068a8bc0d8fb6e7f6c17a1d76c9a932,5,0,0.1852609207403699,43.379316466275931,True,683,False,ranked_above_issuance_quota
synthetic_long_horizon_identifiability_v1,test,c_2e9cbee279a0ab1b9327aed0b8cd7e84,7fab7321b88f8946b4df1879bea41b81cfea13126b6f0ea6eef7aa600e86eaf3,5,0,0.049974377876662736,32.141998732203476,True,78,True,
synthetic_long_horizon_identifiability_v1,test,c_2ea9907c5014f1843ba8f9523ed034b9,bcfed4c037345f48a3c7eee3f6fb78aa0ad4b592e7792dd9e9aa352ecff62a31,1,0,0.071731885628708747,inf,False,,False,fewer_than_two_credible_structure_families;nonfinite_disagreement
synthetic_long_horizon_identifiability_v1,test,c_2f5ed316f32f2f843d3045096ad2385b,2dce048b8363a2e355a306be61d9af69aa224381d91870233c5a52b68789d27b,5,0,0.043680358247860755,32.141998335842331,True,66,True,
synthetic_long_horizon_identifiability_v1,test,c_2fa8528f824f0473720fbf95890ce874,52b47142aafb14c364f238dc3ed9768d606b392fc1bfdc4f81ebb27be8dd24c1,5,0,0.01840659420037169,32.810925640122463,True,245,True,
synthetic_long_horizon_identifiability_v1,test,c_2faba6dbd38c9238dbec52e95062f5bf,8f8ddf0b527dab24c6ac56a66394b8c1a47d1c57028328c55c23be8ee25a1ac2,5,0,0.0743585475513074,33.223419284279174,True,309,True,
synthetic_long_horizon_identifiability_v1,test,c_305e080b6c347c6534368ecbe8aa2bf1,ce0ab86c71f77e20e3b2ca20d694898425118d6d53354e963eb5904daaefb570,5,0,0.067298678361299935,39.446543011318646,True,632,False,ranked_above_issuance_quota
synthetic_long_horizon_identifiability_v1,test,c_311ea8ee16ee055f1d629a0afe789526,7758b8d6f725db7230297b404a019425d19a8892ab7289c9fa2598b3b2f3671c,5,0,0.10673461811609862,32.215134516119434,True,156,True,
synthetic_long_horizon_identifiability_v1,test,c_325501930dc43fe944d378f8c95f9043,f4943b5b9a5e29352b56b5da5f0311da52f90f4cd0a9426f506489575ed6cc80,5,0,0.020197315099993528,34.002046256085748,True,389,True,
synthetic_long_horizon_identifiability_v1,test,c_32ca1a7ceb4805bd5e7ab802f860e26c,385570dfa2ab3375861fe02d9c7409cabcb3453df8ea0deba081cc014a6d4c01,2,0,0.18892767427174159,51.10897609558701,True,731,False,ranked_above_issuance_quota
synthetic_long_horizon_identifiability_v1,test,c_3322884e185fbaa8e55f1fd76603ac04,a97b8afdcb30cabf2f0875b4f395013a54ac4857302a34002b4a80400eaca6d4,5,0,0.22027823690923504,35.539370394105909,True,500,True,
synthetic_long_horizon_identifiability_v1,test,c_33263700e83a5ce3c8caf62c7f9875bf,b587218745733a7fd0fea01cc150e54a4ef6d16100d1b18a9d147330a9ae5d24,1,0,0.11638194510465157,inf,False,,False,fewer_than_two_credible_structure_families;nonfinite_disagreement
synthetic_long_horizon_identifiability_v1,test,c_335a6c31ac0407d632c819bad9fde9cc,1fad93b4cca004f34c9a89f3ecc3c3a98d74781b91b142670188b513b2506eaa,1,0,0.014485680474955924,inf,False,,False,fewer_than_two_credible_structure_families;nonfinite_disagreement
synthetic_long_horizon_identifiability_v1,test,c_3383c54c0e5085b378a1b1c9e43982d2,d65ed1d449becf9d467c504c3c28a40fea3564fdd5561b7f1545f6b21704bd5c,5,0,0.041263209110797124,32.745861906351138,True,235,True,
synthetic_long_horizon_identifiability_v1,test,c_33a6302e46ccbffc0c5b2056f3cbd378,7c0d96c3bc389063ebd43d39008ad7b1734fd0713c3b8719a8846249ee0ecf82,4,0,0.1860740806489069,48.865255411281687,True,717,False,ranked_above_issuance_quota
synthetic_long_horizon_identifiability_v1,test,c_3415712642f751c9a7725c542a9bfcd6,08be70c793393c411dd18c81b1cf9afb40fcade4676d15c4d6b469e592a20a20,0,0,0.41102684213043428,inf,False,,False,fewer_than_two_credible_structure_families;nonfinite_disagreement
synthetic_long_horizon_identifiability_v1,test,c_34317d8e1c6c2d4813b018b528c9ce8d,2ecf4b72e456455a3307c63d8ae5617078dfb753ad3d5a13d0d6720fc4dc3621,5,0,0.18208943222966945,57.705519855646529,True,771,False,ranked_above_issuance_quota
synthetic_long_horizon_identifiability_v1,test,c_34446392c061349fba882f341036be4b,93382306a6209e6cc39fd77252a1cb7c6404ee08a1f32e7397164f0c2882e23f,4,0,0.18977355977741206,53.595934751574426,True,746,False,ranked_above_issuance_quota
synthetic_long_horizon_identifiability_v1,test,c_34ebe45efae47e5d01bd6fbb4dc27096,8c2028445be5a5a285e10cdcbdc693b1df98eec0ec3fcedad62482e7ee88ce68,5,0,0.20453747063805225,43.517939200169927,True,686,False,ranked_above_issuance_quota
synthetic_long_horizon_identifiability_v1,test,c_35157353632138c42291b474e32c5262,62d051a3b22bf60fae8897939f46c0bfa2b5bf9be9ec7a51050e31c29c79a96d,5,0,0.087495448749988242,32.141997534351695,True,41,True,
synthetic_long_horizon_identifiability_v1,test,c_35a8dcbda91695d6c5948da0ba72ed2f,e206e8a842033fb61faea7cb4b5ba7aa9a8f6fcea917e44aad121ee3f79d1b60,5,0,0.08150527349705837,35.429507196856882,True,492,True,
synthetic_long_horizon_identifiability_v1,test,c_369f28619d64b32d80c9e0502c327793,4e083cd00a57f585c814e1b2863fadaf22706c5684ea950b1a3c65b4cad7d4f5,5,0,0.079980227117771419,36.415505170748155,True,538,False,ranked_above_issuance_quota
synthetic_long_horizon_identifiability_v1,test,c_36aabab4f461edaae29f4ff521d18dab,4e315db0b2d65e3fa41f5a6fce03e2bd45322227a95af27aa2f0009241b6c4ad,0,0,0.47759524405722414,inf,False,,False,fewer_than_two_credible_structure_families;nonfinite_disagreement
synthetic_long_horizon_identifiability_v1,test,c_36b75f068d0a3c69d3f030b67bb4e7e7,40a77e5ed2a43587e0e9bc634d96f62549de7200d3976319102d39b8abcc79f1,5,0,0.055111703011995132,33.932321546141793,True,383,True,
synthetic_long_horizon_identifiability_v1,test,c_36bc11b520050b043a4ccebb907f452c,bfb88ad3acc1f5ce23ec0632fecb7bca33ae2528bdf9172b5344e18bbaf195d7,1,0,0.27410183206566829,inf,False,,False,fewer_than_two_credible_structure_families;nonfinite_disagreement
synthetic_long_horizon_identifiability_v1,test,c_37694d6591154057248019fea3ac7a4a,8010b9bb9339d3e4da35f173994d3fc4c72d3e544cff3357b0df32b3deb703e9,5,0,0.09634541213147603,32.141999269263167,True,92,True,
synthetic_long_horizon_identifiability_v1,test,c_376e5489bc0da5988b3c7da623322ef6,e92eaad4eb69e7c6c34ed8227116074456f98b1a41b11c48280f8a67c2c9de6b,5,0,0.10908388632313856,32.141998877310016,True,80,True,
synthetic_long_horizon_identifiability_v1,test,c_377e4cd5a49cdea6f1d92e497cd84ba1,a8f297f6e9ec286f30ff26919bf639bbee3adf5306db922796e38ab5c040b340,5,0,0.11420581428518534,37.305288816678178,True,575,False,ranked_above_issuance_quota
synthetic_long_horizon_identifiability_v1,test,c_378b1e36b53995059bc5303bd2e308ef,23862c49a85e6478191071b68421a277bc2f54192b33de5261c141b01bcb1e7f,5,0,0.15689980813398344,54.8031675730712,True,757,False,ranked_above_issuance_quota
synthetic_long_horizon_identifiability_v1,test,c_37d4f3e65983c448ec1f440bd3718807,244845a754f8a6087bc6fc32afcad38339c6c19a706945b36fd219b930fa991d,5,0,0.10837007835069638,33.675823988097811,True,356,True,
synthetic_long_horizon_identifiability_v1,test,c_381d2a183a7fa6d89fd04777af5479f0,cec7e6fbd8453f09aba38f06cac9ec2a83e7bb513186a56cb585ef1dde082bd7,5,0,0.10058008119445407,38.851291236834804,True,622,False,ranked_above_issuance_quota
synthetic_long_horizon_identifiability_v1,test,c_3885f0589724cb4baee656f9cf408b88,72e3bfe06446769df665d3b370d8709eaa9fb53648f32b5b7c4ba3e500731657,0,0,0.25962224093054087,inf,False,,False,fewer_than_two_credible_structure_families;nonfinite_disagreement
synthetic_long_horizon_identifiability_v1,test,c_3a61d7b8ec10e9963abc92688ce7ccd4,fd72bf7d4f279f925f8c20d8d42ce5fc421b140b36074b853380ac5bf4927aa4,1,0,0.16847370441370665,inf,False,,False,fewer_than_two_credible_structure_families;nonfinite_disagreement
synthetic_long_horizon_identifiability_v1,test,c_3ab3826175f7cba449ac5a3846d33e4a,42b03af14d25371174cd4895b97fbe85dd7d429a342ecbe389f8c306e7c1181a,1,0,0.055519832918565298,inf,False,,False,fewer_than_two_credible_structure_families;nonfinite_disagreement
synthetic_long_horizon_identifiability_v1,test,c_3b60383ff6b7efe19d301ee8d0f1ab48,0bbf5de9c5ea75a216787e23a1f703410b981faafdf4d37db0120fceca69dda6,0,0,0.30809309965324388,inf,False,,False,fewer_than_two_credible_structure_families;nonfinite_disagreement
synthetic_long_horizon_identifiability_v1,test,c_3c1eba8cb70bf02536d0071bb5eedfab,816b35c87c07589116029061a2526f0f30c143b570d366c45e80740c1b56922f,5,0,0.072473132732131754,32.386961875945261,True,185,True,
synthetic_long_horizon_identifiability_v1,test,c_3c456d36d92477b366db4d6028b57968,d89a4b531837a750b19695fd0164f9dbdb4397f07ef6a01f94f1387a2037e212,6,0,0.19813147809588716,33.200792023882954,True,305,True,
synthetic_long_horizon_identifiability_v1,test,c_3c568ae0f7082d3e4eecdcc15a9803a3,da0934c0d77e7effdf45f5c699938b7eea7588528e458c310269f0acfcf5e8d1,1,0,0.07388242300246195,inf,False,,False,fewer_than_two_credible_structure_families;nonfinite_disagreement
synthetic_long_horizon_identifiability_v1,test,c_3c7a5580045afd75e6983a4e9e38e148,558602dc18f761ae8bdec827dfc4832264976a02a0193778742da7c3490c3945,5,0,0.065186476025854451,33.111782259258803,True,293,True,
synthetic_long_horizon_identifiability_v1,test,c_3c7d20c7bdcac2ef42039d58f0025444,fa248f4c82a21b9ebd24666fb355505c5e212f3e5d49f644bd5a1582a79d610b,5,0,0.10736957958776301,32.446912698737535,True,198,True,
synthetic_long_horizon_identifiability_v1,test,c_3c8de5d43e53c4b960120234fa938059,6e78b78a8af7e758d28cace19261049165acfdd99326fbae840adc038e61e212,5,0,0.098089105079829847,32.142009044429983,True,138,True,
synthetic_long_horizon_identifiability_v1,test,c_3d4a849dfbd9bf25d712ed91e357ec9d,6241d873757f36c43b074ddebdcdb4671de8043b7ce945dabcd15418545971ed,4,0,0.054099695788808529,32.141989900246848,True,7,True,
synthetic_long_horizon_identifiability_v1,test,c_3dc8e2bedbbe926c82f743c74c02778a,6fc928271af038b6d6da2f783dbac3069cf642cc047224b2cf3b09fcf44b8bd4,0,0,0.40746087276997178,inf,False,,False,fewer_than_two_credible_structure_families;nonfinite_disagreement
synthetic_long_horizon_identifiability_v1,test,c_3de6913963aa8af466bbc6f8301316a5,1a8b47419c4496a3d9b05e22f1b97add2daa96cb5f6d8d0edb33191ffcb12a93,4,0,0.17948532150038218,36.605822114185436,True,547,False,ranked_above_issuance_quota
synthetic_long_horizon_identifiability_v1,test,c_3e5a6670584999f61489abe2b71229bf,6c668452b881e2732b2635da9d4f51f78f18a745b098c75fa0a2bcf48c33b44c,5,0,0.10585366333565019,34.879116628289331,True,450,True,
synthetic_long_horizon_identifiability_v1,test,c_3ea28e9239057d85c1517cf47998625c,e334f65630c6c58b4da3416275ffdf378bba0d8567e738d0347a7ec13233690a,5,0,0.048313890114135602,35.364356188323704,True,482,True,
synthetic_long_horizon_identifiability_v1,test,c_3ec99b88f5e37e6989fe981c23fbba19,c989fcfe448bc0f1243c20e607452b1aaceac4c6e5558147fc34b87c6d0c8033,0,0,0.35070417999685255,inf,False,,False,fewer_than_two_credible_structure_families;nonfinite_disagreement
synthetic_long_horizon_identifiability_v1,test,c_3f62b9167d7d92244010c4d54461e1d9,aed14232461746aa884f04f3061c195151fea8dd49028d7aa947fffd6ea719ab,5,0,0.047579321450935852,34.831495420660289,True,446,True,
synthetic_long_horizon_identifiability_v1,test,c_3f6d64f2c260d6cab7d9cf9f2fe69145,b688ae0f8f1a7e34fb8025e8b3ae4cc3cc777108c1d4a64c054b0e541d4bf535,6,0,0.1218551386047616,32.199661888931615,True,155,True,
synthetic_long_horizon_identifiability_v1,test,c_3f6da95cd2bb4048286a60d46b0de8b0,a52fd272357cd4da1399455a927fda4dcde12b90653892cae08c2573c70c3310,1,0,0.062905776716856779,inf,False,,False,fewer_than_two_credible_structure_families;nonfinite_disagreement
synthetic_long_horizon_identifiability_v1,test,c_3fc2c1be24a74461a12b09ab8070d57c,0a936f16a91b8a36676b86c967600fce0de7721298172ef5c58627624126d46d,0,0,0.55067208787940347,inf,False,,False,fewer_than_two_credible_structure_families;nonfinite_disagreement
synthetic_long_horizon_identifiability_v1,test,c_3feaf2ca834f0b3b5bd08e8470e81bd1,62bfbf6aa5f20e253afc2ccf86ea39d6b461dcce6f6caf9074b1979ebb770254,5,0,0.054499948072632094,32.142000285772951,True,120,True,
synthetic_long_horizon_identifiability_v1,test,c_3ff889090a3278df8eb39a82a44ebebc,d9f139b67900b58dfbda08c43da96b10ea468466b55239ab44c916179f0bbdd5,5,0,0.062939725199307253,33.099274205864589,True,288,True,
synthetic_long_horizon_identifiability_v1,test,c_404a283c78a469483fcd6f79bd9ac4a3,379acf639df4943fef6a368a0a84a82471e4f85beef899b206728eac2c46448f,4,0,0.090416693829810893,32.141999738042585,True,103,True,
synthetic_long_horizon_identifiability_v1,test,c_40870c9b7768cec8ecec1343e4925b8e,ea7d443efa52d418a4acc403a99b7333615b4b9b6e8365b76147e1ad56c085e4,5,0,0.088458141150387512,35.371136771490335,True,484,True,
synthetic_long_horizon_identifiability_v1,test,c_40901fcd4f4942ba2fda9213cd0f165f,884af99b98f410b0d178a8f362c3120a6049ee3877c8d7adcf2f3b21f08109b6,4,0,0.12944569330040989,33.048091923416528,True,281,True,
synthetic_long_horizon_identifiability_v1,test,c_40b50f5c14dd3484dfe89c8a66f6cea3,91fa4b8d3460c24f809016ff43972ec003c739155d734a6087689ab814f4b6a2,5,0,0.036648590447680374,36.259765141552471,True,532,False,ranked_above_issuance_quota
synthetic_long_horizon_identifiability_v1,test,c_40d9cf6441220503582038e4abc726f7,6ecdb595a25d3b16f2c15c64417167683e306ade980eff3ed905e1148fa94b29,5,0,0.096730025229982197,32.141996596746381,True,26,True,
synthetic_long_horizon_identifiability_v1,test,c_4177404fbe24e7c4d2d4e1b6e7034718,0dd878a3e2a1e03757fe3056add7708f1ac9058053cc8c4065760a631278ddab,5,0,0.15686519489286613,33.800147618445678,True,369,True,
synthetic_long_horizon_identifiability_v1,test,c_41837ca9e018731f5a9ea4316c1d346b,cd0453f6bfc112433da803e5574ef049620b8a8dbc9059661dcf6a11d8ac94f6,0,0,0.25362623975617071,inf,False,,False,fewer_than_two_credible_structure_families;nonfinite_disagreement
synthetic_long_horizon_identifiability_v1,test,c_41953e7ad2657b54af0160a6dabd7ea7,3474447e827dc5f70474b82d36dd79d697e49c6bde6a434a971fb2863957a488,5,0,0.11529056475935516,33.855558236287493,True,374,True,
synthetic_long_horizon_identifiability_v1,test,c_41bdac723393dea769597a86ce10a7a7,624a279821830553c8e7548dca25d2f5f3155bb3085341e16c2892e472d9038e,4,0,0.078290768370283884,46.395700066305231,True,705,False,ranked_above_issuance_quota
synthetic_long_horizon_identifiability_v1,test,c_41cfd4193fdef28bc635eb67811798bf,d21311ebb8e426c25f0ea76429d4e278446aba24c7c4926a1158f891fa35cce8,0,0,0.22800707474790782,inf,False,,False,fewer_than_two_credible_structure_families;nonfinite_disagreement
synthetic_long_horizon_identifiability_v1,test,c_420f2c6a6728140241556d9b06edbb15,d4a4966d742faa0e67fbccef665e2170b9f3bdb2f6f2f85db3e40c30c9be4520,4,0,0.08502744912621181,44.462749211942672,True,693,False,ranked_above_issuance_quota
synthetic_long_horizon_identifiability_v1,test,c_426c4231b925d29e95442d481fc07715,9bb730d77770b64a73c14686b324fa8a22a3b6ef53af2dab6b8b165eab543f47,1,0,0.12470824698664335,inf,False,,False,fewer_than_two_credible_structure_families;nonfinite_disagreement
synthetic_long_horizon_identifiability_v1,test,c_429345981d1f4702b7f7a76cc66c87d3,f9988ca15ef1e5e56c36007dd1f54d40726a60a77fda6f78cfd186ef8820d08a,4,0,0.22072995896804665,40.949977282842561,True,662,False,ranked_above_issuance_quota
synthetic_long_horizon_identifiability_v1,test,c_42a793b5d5248706b9aa7cfb313ed520,a102cb618157729ca674f3d590ca26efa38b2ccb1fea0b65374e08a65d7ecfa0,4,0,0.12979008513126564,34.726496396076136,True,438,True,
synthetic_long_horizon_identifiability_v1,test,c_42a7f5bdfb4ffad7a556efe512a001a4,340c0c12e915cf27a9cb3535d50f76fc532a3ed1d40b4c6cab0d5cebbf16fdb6,5,0,0.14098891827356388,41.98516799256317,True,669,False,ranked_above_issuance_quota
synthetic_long_horizon_identifiability_v1,test,c_43a79eb35f72083700d9423c271e163b,1069da226fbdb7dd92c3a68d628b584edeefb655c8e454de06d3e7e2f902fbe4,5,0,0.11813795593618626,33.584006346314553,True,350,True,
synthetic_long_horizon_identifiability_v1,test,c_43b357670398897bf5eff7a3cf100a2b,27e6cc86e8248974a89bc88b87a7e2e5d73cefa81150c245dfa139129481039a,0,0,0.429458328555895,inf,False,,False,fewer_than_two_credible_structure_families;nonfinite_disagreement
synthetic_long_horizon_identifiability_v1,test,c_43b3fe077d3a4bb9f6c94c67ee92ea74,051fdeadd4e4565bb64833ed298c27a5c030ba808bfce2dcd89d59b97359dbb7,0,0,0.26032893136249063,inf,False,,False,fewer_than_two_credible_structure_families;nonfinite_disagreement
synthetic_long_horizon_identifiability_v1,test,c_43bd00e47bb1f1dab245bd5401e4bbc4,4729b035c4698b2ab53cea0dc841ec1c69e6963ab75ae8017c139952c56005d3,0,0,0.23028232830695078,inf,False,,False,fewer_than_two_credible_structure_families;nonfinite_disagreement
synthetic_long_horizon_identifiability_v1,test,c_43ec5ac5464066b27efa72448e29cdb3,ba6d90176a317e73711fe891137e171eaf6e71b2451bcab23d83a69df874b789,5,0,0.11317174102332248,50.624113898915702,True,727,False,ranked_above_issuance_quota
synthetic_long_horizon_identifiability_v1,test,c_440c10278a3ab019da96a6b62048475e,da62b1afaa4143c8322ee0bbb93aea81dc96dbfcd5de2f66fba3d861cf63d00a,0,0,0.21266694264565247,inf,False,,False,fewer_than_two_credible_structure_families;nonfinite_disagreement
synthetic_long_horizon_identifiability_v1,test,c_4411e42899e7860bbf26ff2876c28f18,252979a0b9eb2e8229a6fe88f82dde6bf1674d8ce2eebb196bded5b88548a382,0,0,0.41635445891711287,inf,False,,False,fewer_than_two_credible_structure_families;nonfinite_disagreement
synthetic_long_horizon_identifiability_v1,test,c_44e0ceac1f3c4a30d1f4bafb150d5378,d8756a09bbe673131876d3c5afd83bb0cdc1d34ced79ce4cb9f326749463a91a,5,0,0.087454244391156663,32.601290658722704,True,216,True,
synthetic_long_horizon_identifiability_v1,test,c_45348cf86210c3680ec950c29a57d711,7b9d62b577d6b9f6d54eb8a621b34be376b779f0e80c04a79685d17fc125f1bd,4,0,0.040346301827164179,32.142007464503088,True,136,True,
synthetic_long_horizon_identifiability_v1,test,c_4549855ee6651a652ab95a23c5789b48,5f77bf08df4acdcca24bba2d79e22c75df537f62fe51962bbfb7a6eff95ee0b3,5,0,0.066230515461968537,36.886273484446669,True,557,False,ranked_above_issuance_quota
synthetic_long_horizon_identifiability_v1,test,c_457c64f402bb4422f0d42c12cbc11e7d,060a891bee3a2c211498a240faba40258f39afdf2538a8b16cbd38fbda76d3c0,5,0,0.042236997392459341,35.119787546628736,True,464,True,
synthetic_long_horizon_identifiability_v1,test,c_45e21cffbec4ac1b3574ed81b1da92aa,4c687c659549132fb647cfbc1f3175b34d8c16988293122a44ae189344a73510,5,0,0.14898503922173398,42.259340809334084,True,672,False,ranked_above_issuance_quota
synthetic_long_horizon_identifiability_v1,test,c_467a5440e13632039b20bd2785fbf6d5,c2f7a1cf0f0e33966d7a9c5794b06a6c00b8e0b3e758875121854bcbd33623ab,0,0,0.58260865421866914,inf,False,,False,fewer_than_two_credible_structure_families;nonfinite_disagreement
synthetic_long_horizon_identifiability_v1,test,c_468b3fe8bcd3c31b02fa511cb50a9902,8a3f99e2b600e15c8d08512e6dab72bb10556aacf1f0dde06449a371e0a4ae0c,5,0,0.051227042127228395,35.462029684440942,True,496,True,
synthetic_long_horizon_identifiability_v1,test,c_46c0c2769c3bfc3712097e7558a6458b,e897b952a2a5eadd26232b40113b6608c85e485e5181d8e02a6c438394749307,5,0,0.072185143626985346,33.381008014278848,True,328,True,
synthetic_long_horizon_identifiability_v1,test,c_46d8609caa4f1327619b768a4764f702,6375748f7f210b817234f3136fc2b0f4a07c42903e8cdb5a4015b13da0b85496,5,0,0.077653002543126334,32.142001561021345,True,127,True,
synthetic_long_horizon_identifiability_v1,test,c_46d9952f809ab05a13ded8f4fc4494fe,ad05a740c354237ef8a3e2fb7a5523c371c3903359a46f78a001f2203cd9e506,0,0,0.3541811279630952,inf,False,,False,fewer_than_two_credible_structure_families;nonfinite_disagreement
synthetic_long_horizon_identifiability_v1,test,c_46ea00516dc70dbcd988064e464aad64,ed277bb247103b49146ac6c83b6ab21f7d7bc41efea216cad1f28c323fffa34a,5,0,0.12761553317706986,33.169138080295625,True,299,True,
synthetic_long_horizon_identifiability_v1,test,c_46f9a8080b159ae9e9889fa5792d7a1c,5ba688d5ec2113cb0c747cf06539ce2bc23cfc2c569bc738e01d9be81d42a7d9,5,0,0.038081912534921915,32.141995560603156,True,15,True,
synthetic_long_horizon_identifiability_v1,test,c_4711b05d12d2a64f92be3d7778a86b1a,efad97961c2838f8776c621904480db706dc1775177264ff53d580e94c681fc3,4,0,0.048194045799818182,32.141991090513265,True,9,True,
synthetic_long_horizon_identifiability_v1,test,c_4714ec04510b40d5ab491868b03a705c,d0d56be474e26eb1e54fb7cefcb37cd16aeb9e76a5e82cc689d45f9b1b59d5bf,5,0,0.085183593237260422,35.407926730782187,True,490,True,
synthetic_long_horizon_identifiability_v1,test,c_477e860019da35578a70da58467371f4,210c59e13d3283f90df8f98e9ecaf3a639960223646bef2f675245bfcce86326,5,0,0.12186980623825837,57.447873551963198,True,770,False,ranked_above_issuance_quota
synthetic_long_horizon_identifiability_v1,test,c_47ea5adcf3f0b949d6a718fa9be0a2bd,a28ba23b32664442938ad41a5d87922c3d656b4f5177278c35193832548ee4ed,5,0,0.030983429082346893,32.141998103939187,True,58,True,
synthetic_long_horizon_identifiability_v1,test,c_48ff4be0b72552a4ad2a60f9557823a1,69b401d94e58410959ae344b8a6c6776feae6b165c80f5b22bd45131094f22ad,0,0,0.22748130102300285,inf,False,,False,fewer_than_two_credible_structure_families;nonfinite_disagreement
synthetic_long_horizon_identifiability_v1,test,c_49662f37588cae92e1ec8052e804088f,996ca7a1cec337e9ce5bcb50d5bb335dfa7ab273e9a7556f56794fbaf01a7103,5,0,0.059957236304096759,33.491039429811458,True,341,True,
synthetic_long_horizon_identifiability_v1,test,c_49868505fa9c80161dffccb40fa5a047,fbe55cf51edd3b056e79243bb469fbd6447e88fb2ea1286b0b01cb8709827b4b,6,0,0.084731757456544515,32.141999958926945,True,114,True,
synthetic_long_horizon_identifiability_v1,test,c_49893a8bcb44eca7a1f47ff49636f964,4f703ed1aa233fb63293791d5f5dadf8b41d4f866642089d2e7f8d8f033afda5,5,0,0.07821078815623915,35.302766976579825,True,478,True,
synthetic_long_horizon_identifiability_v1,test,c_49a357d3abb0aeffea5cf2630bef9c7c,81498b3dd2b65029950a37b4c0c43667c219a4c1b47569bc3b2bd65fe58b49c4,5,0,0.046602225033592654,34.303681382307673,True,416,True,
synthetic_long_horizon_identifiability_v1,test,c_49b2e330cceb6040ded9791134b01afa,0ae7a64a65dbe012b5e6ce6faf1cb608da17d961ed2ebe1bf193878b6d998c28,0,0,0.50901629098208556,inf,False,,False,fewer_than_two_credible_structure_families;nonfinite_disagreement
synthetic_long_horizon_identifiability_v1,test,c_49da7ea06ccb2e8a8d2101e3449127a9,b85ec8b04fe2b7d027f41be0794b90d19a3570770c2c2417091ec5e43bb9bd3e,5,0,0.034503909074946659,34.122708123461429,True,400,True,
synthetic_long_horizon_identifiability_v1,test,c_4aafc36c9becd8df05f3c8009923a6da,5e8cb2877e49b8f15c40223cfc7eea9e35166a7d5c2abb7f32f67fd0cc7d74c4,6,0,0.14171055814208741,32.968857634342925,True,270,True,
synthetic_long_horizon_identifiability_v1,test,c_4ac120427ae654d1ebc43e77844c976f,258c833b90f3af085add325f34b5083e9d58dab230f5ecf731c4e3687715aae8,5,0,0.13624696616653603,34.765025813670576,True,440,True,
synthetic_long_horizon_identifiability_v1,test,c_4ad4c9d74f7f9d741319d15d5cc576b3,eade63189af44b7a473046de0b81f4070bc92ee9317d4eacae8a03242f53b3ae,5,0,0.11950032804043605,36.781993847401999,True,555,False,ranked_above_issuance_quota
synthetic_long_horizon_identifiability_v1,test,c_4ade85537b8098d03aa5fe663c48fd3a,06eb629ac73e6476beeb230e0622e7d6a53c9a9c873b201362fa3681458c38b1,5,0,0.033023419042615208,34.220677616375092,True,407,True,
synthetic_long_horizon_identifiability_v1,test,c_4b0c2cac6cc1c6875c8a0b8b2555b6f1,ae318cbdb078a95b760fd59ea96ccb3a3f2244756bdc74cbfeda0f6a159403da,0,0,0.47378178111349062,inf,False,,False,fewer_than_two_credible_structure_families;nonfinite_disagreement
synthetic_long_horizon_identifiability_v1,test,c_4b7541a532d59c8bfa43726ea95fdaf9,08eddef262b6de99d1146ce2654123c4516c895cb7565c7cd769e5ce5273a8a4,5,0,0.13587014048655188,40.595667863982563,True,655,False,ranked_above_issuance_quota
synthetic_long_horizon_identifiability_v1,test,c_4c088ff4d408bc2e866d23d33285899a,ee2a198a750d8d0fba8cbfd9cfca935462f5cf0bfd76e7e89d265b022d89e624,5,0,0.11233719120560937,32.14199842116642,True,71,True,
synthetic_long_horizon_identifiability_v1,test,c_4c149fdd6ec4840f1c6dad485924eff5,82a40cd61582ab0878b6a91a0b4bb5c5590326ba5fa356aa913931a6eeb56c45,5,0,0.020236675354590561,33.406390631646829,True,331,True,
synthetic_long_horizon_identifiability_v1,test,c_4c21dff0b3747a728aab422e7bb1a68b,1689c5acdcead5d29eaf2cf859423dc780ef41952b240cb86ffb271e7808b70a,5,0,0.058670455903753714,38.826317904996294,True,621,False,ranked_above_issuance_quota
synthetic_long_horizon_identifiability_v1,test,c_4c3b6d74a857db6dbbe70dc003baf4a0,fcc4d1251b7a719955e3c535aa451848eda4d0968cc82afa9a294e6d66fc3b8e,5,0,0.18312302434085917,51.987232283581612,True,732,False,ranked_above_issuance_quota
synthetic_long_horizon_identifiability_v1,test,c_4c43e265f0d80ce773d77d97ca3504e0,3045759cf3b5e07cbb88ae795c929b77745568ef0820cfb29bfff560e2efd323,5,0,0.062340420515047262,33.87254528183103,True,376,True,
synthetic_long_horizon_identifiability_v1,test,c_4c5d5037a55c757e100b6e0ced9b6273,02ac1c94c624d9060f2ddeb9c3a1b0310e0cef2a1a0193fa9304adc832646291,5,0,0.059633517330785653,32.141998658799423,True,76,True,
synthetic_long_horizon_identifiability_v1,test,c_4c6a18f98548627026948e19271872bd,6ad7e80994fb421c6a3182b94a5f05a25d83336b09e5e9d00c55a164a820155f,5,0,0.13564095370753584,40.688135129306197,True,658,False,ranked_above_issuance_quota
synthetic_long_horizon_identifiability_v1,test,c_4c8913ae6d71a3b30c102169c932e65d,f8a313914ed4d65cd9adfc7a9d2fc088b0dda7dcf122b99fcdb13c2c34ad69dc,5,0,0.069817697027646508,32.425657927535568,True,195,True,
synthetic_long_horizon_identifiability_v1,test,c_4cb0d49f793055137daf9ac15d7c4068,2f3b24d999f398a8e1a765d191d5c09368132de606ecd5558122ac06a4fe87f8,1,0,0.052191720702214811,inf,False,,False,fewer_than_two_credible_structure_families;nonfinite_disagreement
synthetic_long_horizon_identifiability_v1,test,c_4d15e62e88b1c4ace93fb1ca99990949,dcbb49c31d3d2e40c1d1d2ff3a7921bd79dea62ba002d3ab00bf1a4f1eef996f,5,0,0.077669882576525573,35.257164912057881,True,472,True,
synthetic_long_horizon_identifiability_v1,test,c_4d38551a21d3f6d50c99111fc51a24e4,d4fce25c9eb6cf72e7c934921b731ca560cb0df6a1ace93b6250548aa636ab6c,5,0,0.18252938321423623,36.547195713482857,True,540,False,ranked_above_issuance_quota
synthetic_long_horizon_identifiability_v1,test,c_4d89f122433e6a6dc53c4e4088d285e2,1a673ab74cc6119ddf41b73c485c86b951f338a86e7453b0c152667b0b101a2a,5,0,0.14814368731024502,36.403254362864864,True,537,False,ranked_above_issuance_quota
synthetic_long_horizon_identifiability_v1,test,c_4dcae7460ff03118f763f5c726d8ca0d,4f52827213aee469f1973355b0cda1e8c46df30c51e7e45f4fecf0c333dadd7f,5,0,0.21294209780852763,45.70807690230685,True,701,False,ranked_above_issuance_quota
synthetic_long_horizon_identifiability_v1,test,c_4dd33daff9c47bbfc94191eefd34a55e,e6912ba053eed49fc3e98983299b09889f598f578a85ceec10e3eca5a0d0b839,1,0,0.063349165141049199,inf,False,,False,fewer_than_two_credible_structure_families;nonfinite_disagreement
synthetic_long_horizon_identifiability_v1,test,c_4df9feb26add8d3d37094080c9b94c6d,34d1edb0d4bace7c0522ba0003bf0db21d8bda108598deaa6edba8b2eb54988b,1,0,0.02474159727182695,inf,False,,False,fewer_than_two_credible_structure_families;nonfinite_disagreement
synthetic_long_horizon_identifiability_v1,test,c_4e11ff103532c948349a6790ef7c8958,9860dfa58e128eb501a3b3161800a43724cca874a2e785f235623913fcb0983a,6,0,0.22379869806233077,32.309593328865631,True,173,True,
synthetic_long_horizon_identifiability_v1,test,c_4e36fe369e127397b2252a9b16a9cb17,a6914197b9b496a3c33fcbb12dba935faf65c724d8230095f1b801afc405b844,5,0,0.14862509934093612,39.149760071321928,True,630,False,ranked_above_issuance_quota
synthetic_long_horizon_identifiability_v1,test,c_4e8b840f540862daf17ddf22bc089e61,5b4fdd405ebaa4b1b2ea3b2649d8a0db727577e189cf107cb924fd241969dd1b,5,0,0.024110974704405246,32.141997529685156,True,40,True,
synthetic_long_horizon_identifiability_v1,test,c_4f19e3d89f96fa24f098b75952183efa,445a2cbc0d2d91ef44084a552bbc09118dcd3651abfbe10778e79e50f4595b1c,1,0,0.095148972947108529,inf,False,,False,fewer_than_two_credible_structure_families;nonfinite_disagreement
synthetic_long_horizon_identifiability_v1,test,c_4f2d5ceb5c1b4a76b27728199e753e08,a9d0912529370ae0be81b0c5bfd2e679e623f80dc2956701a46ef07fcf40b8bb,5,0,0.063008716643985649,34.794536618259691,True,444,True,
synthetic_long_horizon_identifiability_v1,test,c_4f3824fbe863f22a056b7668e54bd6d9,0eb9b9c3c0bfef7caf6eb43dc830a1d24915fb54ded9a56b5b20a506e76afe0d,4,0,0.0864267146996021,34.705460170086589,True,436,True,
synthetic_long_horizon_identifiability_v1,test,c_4f5736ae47bb6e2569cc72d6d450f047,d04478ab3e791cbdf73a483169a1e2b35673cd8edfc273d368ae68c35e3afb9e,5,0,0.050684675967513533,40.318310262051618,True,652,False,ranked_above_issuance_quota
synthetic_long_horizon_identifiability_v1,test,c_4f997051e560b264f2cafbe0863c2dbc,763aa46f5f41135959bb87f182d2f4d20f55a560d72b889056b575e17d9af8ed,0,0,0.48662950302077013,inf,False,,False,fewer_than_two_credible_structure_families;nonfinite_disagreement
synthetic_long_horizon_identifiability_v1,test,c_5004a555061d07ca53e4113906e9a83b,66e065541dff835bf1129ca29ea1c1d75fd548c97122e5170aec55b5e7feb0a0,5,0,0.052168605030865983,36.741226414052768,True,552,False,ranked_above_issuance_quota
synthetic_long_horizon_identifiability_v1,test,c_5079ebee5184c90404fcee2a7c00fa70,68c121566e84cb82ddf71cff6bb7ea70aaf1813857ea48a8c9b3721bbc397b59,1,0,0.15562692016290042,inf,False,,False,fewer_than_two_credible_structure_families;nonfinite_disagreement
synthetic_long_horizon_identifiability_v1,test,c_507bfc8030df114947b27d4a8d3f8876,f030005a4377b216891f558cef99ad625784acfdedf02c955660fab5ac63fd60,0,0,0.34176337839031762,inf,False,,False,fewer_than_two_credible_structure_families;nonfinite_disagreement
synthetic_long_horizon_identifiability_v1,test,c_508c78c327c5f12860658a4f627ec6f6,e4a028fc14fff1970d2a5183901c037c0dc313bf8b948b43e227a128e60359b7,6,0,0.091885001393340868,37.400454926792072,True,579,False,ranked_above_issuance_quota
synthetic_long_horizon_identifiability_v1,test,c_50a206499fb54b60e3ef5463c62c1bba,2ea6fc85ef65403aa8fa843f29c55afbda44f4e4574efc4efdc1057bb84d8e0d,4,0,0.093045729986735354,32.141999621130608,True,100,True,
synthetic_long_horizon_identifiability_v1,test,c_510a07f318218320fa651992717910c3,8776296553be034eead29b2d1f25d0de4c37aa4b78120fd875d2cd2514bf9de2,5,0,0.11974432553361673,35.502282059415542,True,497,True,
synthetic_long_horizon_identifiability_v1,test,c_5187a0e54c7d3ea3d83dd76424964313,5b461f7d46f04b2865b9d960191f87070363b70991163e601e99f1816a1a0161,5,0,0.094706160499627337,38.044445363998669,True,600,False,ranked_above_issuance_quota
synthetic_long_horizon_identifiability_v1,test,c_51d6228b60c22ebfbb09dc4206d5c7a8,9d9dd4dac4f6e318cd82c760b8591e2ee4c6084e3a582f3034c16e30ef559be7,5,0,0.048711950966783837,32.711158272040038,True,227,True,
synthetic_long_horizon_identifiability_v1,test,c_523f555ea3d331e8f2ec1d12cff90dc2,68cfc20793e9c8749564b590ce0bdaf3ce33ef9d4ed7acf5f8e0a54856a8684e,5,0,0.13002196230397947,33.17734336915899,True,302,True,
synthetic_long_horizon_identifiability_v1,test,c_52b5ed6d044eb71b13ad1301f1128825,96ec71a88cb1897e1e4077e0b208534325338120eff46235589721098273e539,0,0,0.43472447458846325,inf,False,,False,fewer_than_two_credible_structure_families;nonfinite_disagreement
synthetic_long_horizon_identifiability_v1,test,c_531d79863c4b57d5b05ac5b9431b89c9,20ef48a10a63c2cd226fb27d0b7c8612885a8c036b21d993df3353e76c3be5b0,5,0,0.11082136702185581,40.041398414855159,True,643,False,ranked_above_issuance_quota
synthetic_long_horizon_identifiability_v1,test,c_53c4c4e6c3b1e226725b3bf778933351,7dad5fe223eb566b43d26c6d61caf538594d34e99ce3fefd063f9d34c58a3681,1,0,0.069042663016894115,inf,False,,False,fewer_than_two_credible_structure_families;nonfinite_disagreement
synthetic_long_horizon_identifiability_v1,test,c_54242af053cc9eae2c2736097591929f,00da9e1ee0009f8eeb65c0ec49919e246c44545ae442b3ec07032dc798c54eed,5,0,0.14099810616192138,33.137360675784059,True,294,True,
synthetic_long_horizon_identifiability_v1,test,c_5430e8a481dba581279bfd27907aad44,6eac7716b0c2dc47fb35df4b064dde016e0b9cd08af1d41bc3e9dd603d39ff9e,5,0,0.086939347577949258,46.92889924208307,True,708,False,ranked_above_issuance_quota
synthetic_long_horizon_identifiability_v1,test,c_5484b059653ed1bcf74e9a545b219589,97f9681cae89219fb515d452f13f9d4f2c530bc33b11b1c884530c1de011a655,0,0,0.26021427254628443,inf,False,,False,fewer_than_two_credible_structure_families;nonfinite_disagreement
synthetic_long_horizon_identifiability_v1,test,c_548e61a8ceebd22b31644937f75a865d,378c51645e811ec5c18a283ff0a534513505209e82abd33990fe5e99c833af55,4,0,0.20060457785781544,32.142042892136338,True,143,True,
synthetic_long_horizon_identifiability_v1,test,c_54a3434ca8f3676227ee926b2010575b,4d2ab4d81ee38504624b4a5f5519cd985bd3a228b5ea0d53dbdee270861f0d4c,5,0,0.017397935325167237,32.396233034795785,True,188,True,
synthetic_long_horizon_identifiability_v1,test,c_54cc14139b62973a8d153ef44006b0d9,d98f4d8e87edfda55499fa7a82cb318511288e87faf9ef374c4508e00200494f,5,0,0.10797708966101144,34.106086776691633,True,397,True,
synthetic_long_horizon_identifiability_v1,test,c_54df09fc59f9781ad454d6e2c25ee192,6bb84f62c163c11bf056114733cb25c987ce392a81ca007bf62c29e1d24152c9,5,0,0.15232504573282221,32.496627276288592,True,206,True,
synthetic_long_horizon_identifiability_v1,test,c_54eaf00e5f03bd8cd70a2c9786a2b0f7,4aeb5a8819294e468e2fdae8ee1f636fcb764978573a71952ed81aa2350adc00,4,0,0.086903893426219098,32.141999959349072,True,115,True,
synthetic_long_horizon_identifiability_v1,test,c_55406b48334fb9cd753dbc8ddf2737fa,5487ce8ef4365940b292706219dfed56becd3153a88f64239a024ea53b385df8,0,0,0.46876717747114693,inf,False,,False,fewer_than_two_credible_structure_families;nonfinite_disagreement
synthetic_long_horizon_identifiability_v1,test,c_55ff953147c35490711af0484b1a5b93,497ba6413dc9204520ce14780307f47ab8adc816de56e1196630c8ec5ac4c171,5,0,0.094604998644008176,32.141998352421012,True,67,True,
synthetic_long_horizon_identifiability_v1,test,c_560418a69d59ec996abe2fbcdac6efde,5072d63e9adc5a51647cb09b223fd5716b7cd598308a1c573de8fe64ed610717,0,0,0.45078811226438104,inf,False,,False,fewer_than_two_credible_structure_families;nonfinite_disagreement
synthetic_long_horizon_identifiability_v1,test,c_5657f105c03e2c03e4549362a75a1f85,948516eff50a0034f3cf1b6c6342d3742766d1bb8652c5121841ff5913aa927c,5,0,0.04327339246153479,32.141995902103773,True,19,True,
synthetic_long_horizon_identifiability_v1,test,c_56c8833d0d07f16c613e1fa340157015,9cfd1dd4c2f484e333c138893e5c237f14898bcdc993c9285381128595998683,4,0,0.22358121069680773,50.497472791512003,True,725,False,ranked_above_issuance_quota
synthetic_long_horizon_identifiability_v1,test,c_5704102de1374b39a2107de863fad7a7,cc39c4126be315640e444206cd997a7dbb12c0fe9b1eb514e46e42f1b5434f5c,5,0,0.12215088279910119,38.348282306163021,True,608,False,ranked_above_issuance_quota
synthetic_long_horizon_identifiability_v1,test,c_57972a6f0bdbbde972446ff33ab54787,f10144c3db9055d50371c4ebf5bda4ef7b6a84a4cea100c7957266f1167cef54,5,0,0.058393420482068512,32.859407986716732,True,253,True,
synthetic_long_horizon_identifiability_v1,test,c_57d1483acc454d56d26cf4468b33ff27,e67a099e079f8b1b12d4a71f1d0542f1b6bbe89667b41827ca7dd8494a3fc308,1,0,0.064051755769436211,inf,False,,False,fewer_than_two_credible_structure_families;nonfinite_disagreement
synthetic_long_horizon_identifiability_v1,test,c_57f57d18617887e5d08a73ff3786b805,7be3871732fb4e2adffe9435da3b15807c7542f47f8cb40c85315bc1c0a03675,5,0,0.034838029031296257,32.85589849070432,True,251,True,
synthetic_long_horizon_identifiability_v1,test,c_583dd250bfc741eff044f089f45eb91d,f76e62175ee3411b2cbc76c2e924c99355ef2f1613cf25c3244e7e12c62aa0c2,5,0,0.12708943870499093,33.435315008420659,True,335,True,
synthetic_long_horizon_identifiability_v1,test,c_585682cad05fc7dca3bf95f6ddbae6fe,93524baa8cbf1ff32e2e644c4d23c707a3586dbc960096c73571cb86350e6873,5,0,0.15605284459044752,43.027010341564427,True,680,False,ranked_above_issuance_quota
synthetic_long_horizon_identifiability_v1,test,c_5872be2ae0a9115ef4c81c6b8601b6ee,7f91aee7eefd1a1da269263b5fcc95ff5d184f1ae6c59c1a9521a1d1c52b1d83,5,0,0.12981460534898545,33.71415075512418,True,361,True,
synthetic_long_horizon_identifiability_v1,test,c_58957f1cd25475d88a939253f977d57d,7f59e994a42cc4d5e7c345135ddf3260adcd92450d01a2ffeb2149cf7c40649a,5,0,0.093455199109961209,34.569540543466175,True,430,True,
synthetic_long_horizon_identifiability_v1,test,c_589e15b9dc0eecc4bbc7c50b74dbf2b3,b966885dc9ed5f100e6ae78c066075e3f475a37d95fb237a2a49934e77a032e5,5,0,0.17876306733312197,40.153332021104895,True,646,False,ranked_above_issuance_quota
synthetic_long_horizon_identifiability_v1,test,c_58df6e9069094b1acf8668ae5fb9acd6,48e0ec728de7977d2cd39ebdd52d58a0fe58716d744bc74bb6d3e71d3932327d,5,0,0.07130089350380768,32.76509935647033,True,240,True,
synthetic_long_horizon_identifiability_v1,test,c_5911083c9ece9c3dc4a9c89cd62c58e4,dc261f838a496b0ced66443d566de83f1191df351dbe76f5b4ced578c14b8198,5,0,0.057281641719481892,41.398637320432634,True,665,False,ranked_above_issuance_quota
synthetic_long_horizon_identifiability_v1,test,c_59228b60bba76fea4954a377eb9eb5d0,aab2f7565a8ad0caa1c28d7d9effafa491732532bcfcc955b9ad6c1be56e02fb,4,0,0.061261666330832069,32.141988711448228,True,5,True,
synthetic_long_horizon_identifiability_v1,test,c_59278219ede688357061054b11a13f68,9c3c551640076c9c0f8ffb790fcbed8c682475bc5482b350fee6ae931067a24d,0,0,0.37177453607574629,inf,False,,False,fewer_than_two_credible_structure_families;nonfinite_disagreement
synthetic_long_horizon_identifiability_v1,test,c_59481c2bfdc8c88aad6e765aae4ed725,ddb439aca3f9c62536b742ac3629e4721877817b7469d4c1a2de03c404db79e7,4,0,0.099854932820197445,34.222054331188637,True,408,True,
synthetic_long_horizon_identifiability_v1,test,c_5952b3dad2f02765ec3aac64d6fe9988,714ef6e2297e5063dbb3985bd1127fb55dcb1ebfc10e8376689638e7628d6b15,0,0,0.25172515559651015,inf,False,,False,fewer_than_two_credible_structure_families;nonfinite_disagreement
synthetic_long_horizon_identifiability_v1,test,c_59ca5189e27517f256f2468ae42493d2,61c393a06d905f271613d308a2f01582f8cca4d2b821c198899c1945d5ea0f02,5,0,0.02409405826312452,33.309341638601452,True,320,True,
synthetic_long_horizon_identifiability_v1,test,c_59cb1e33f669a4ae9da0389113594275,a4bedba29892b9304440cebc32dcf9fcd9129754c592c7330e5d68dc34a936cb,0,0,0.25822818507593065,inf,False,,False,fewer_than_two_credible_structure_families;nonfinite_disagreement
synthetic_long_horizon_identifiability_v1,test,c_59de9e628cf5e807047b31bfd1a3635a,31fa9a6a059a2b9553adfb87129345e373a948e404ad4ca65ec50c73176f7eee,5,0,0.066297657772555613,40.270999284270623,True,649,False,ranked_above_issuance_quota
synthetic_long_horizon_identifiability_v1,test,c_59e8da10b2422ad3b15cd147da05009c,3bb94a54e3a42bd2c1950f0fc8cbc79c6676a1728c9f5b22446b13be5fde5f31,4,0,0.1480642435958289,32.141999192450285,True,90,True,
synthetic_long_horizon_identifiability_v1,test,c_59e91b5e47b176e51e8a76a42c07a0f6,597cad03df673d1ce5354abd0387491452bd6c7c48cedd1914018fbbd479e825,5,0,0.0211118891776827,32.141996963498258,True,32,True,
synthetic_long_horizon_identifiability_v1,test,c_5a0c94942a2d67fb134a2407c73c4e63,5bfb3bcf5b5ced90695d9ed361730c7128f3b41f065cadfa010b392c2667d846,6,0,0.12683913995084295,32.307650476422992,True,172,True,
synthetic_long_horizon_identifiability_v1,test,c_5a1d21fdbf35a7f3d219f11361c9d81c,280aa9fe0d1202998e701592ea2c2791a6fd86bd25efd69032e0f9f0509679dd,4,0,0.12007294567965796,58.541184308509607,True,778,False,ranked_above_issuance_quota
synthetic_long_horizon_identifiability_v1,test,c_5a254b9b2fa5bd4cfd42ee1851c82022,80a378834bcaee7a26b45802612bd4100ac92e3358dc1e52fe05ffaba286b3dc,1,0,0.10319718391238245,inf,False,,False,fewer_than_two_credible_structure_families;nonfinite_disagreement
synthetic_long_horizon_identifiability_v1,test,c_5a8c5327c4139c3bc3036e21d38d1048,822ab23da8015fe849b7c61b79922fe81624a0c6e439c718de2abc7f1422f3d6,5,0,0.089977252188298718,53.938005751090806,True,750,False,ranked_above_issuance_quota
synthetic_long_horizon_identifiability_v1,test,c_5a982131bb75da1ac6086505edb48b90,b520585765fdabdb10bd748f6dff2c1a04fb0323d3a0b37b497a5c58beed3d84,5,0,0.086132092823949707,39.646887073088642,True,637,False,ranked_above_issuance_quota
synthetic_long_horizon_identifiability_v1,test,c_5aa42c1e9f1b428fcd761ff057bc6da7,a144a4231724c810ab4036739c2dd180d9b3c909e671cfdce77049b404948ff5,5,0,0.043221794711336602,36.334556744577306,True,535,False,ranked_above_issuance_quota
synthetic_long_horizon_identifiability_v1,test,c_5ae0132353edcd5652fc9d4d31a0e367,70ef6be71fe481a01375ce3938269ee7534f691948b27c0074f7f0d1ff6aa60e,5,0,0.17627091190828045,32.452314203057284,True,199,True,
synthetic_long_horizon_identifiability_v1,test,c_5b172ca2f45d66e31155c80282aa3bfd,f05d2ae1aeec30b5266b71dbfb8eafcf60652f9a6bd0bf7f9b60c3de8f0610ad,4,0,0.11589797734447163,45.641724925727978,True,700,False,ranked_above_issuance_quota
synthetic_long_horizon_identifiability_v1,test,c_5b21e59c9f1957a3245433bed6db50c1,63501ff4cb5ab0ff799db3f4caea34f624d04f9c7f3161693458a5a90b211cf6,5,0,0.076512477860255376,33.399697056768858,True,330,True,
synthetic_long_horizon_identifiability_v1,test,c_5ba1275e3e7c58b20c265d526a30fb2d,a776bd5f27f4683d6c94683336a357693b8f745643cf35bbaa52d515b5fa1a24,6,0,0.12893201978177066,32.141999925402956,True,111,True,
synthetic_long_horizon_identifiability_v1,test,c_5bb66a44e0b0ebf31a1cb1584b7fb1cf,5061eb0130be2d5f54082d596465483da0d2aab652a3abec748a0a5d1dc69470,0,0,0.25609848269523877,inf,False,,False,fewer_than_two_credible_structure_families;nonfinite_disagreement
synthetic_long_horizon_identifiability_v1,test,c_5bda0d3627fc1563ed04a247d07537ac,9b0cb256fe2c6a17cb0c3c635eef191a6afe60cd5ec0a950a33abe382ec3cfe9,0,0,0.66867140960096949,inf,False,,False,fewer_than_two_credible_structure_families;nonfinite_disagreement
synthetic_long_horizon_identifiability_v1,test,c_5cce5a05f1f8578a97ce95683d4d868c,83a03662fd303271e76cf2061faa0b474eeac8f31e5091ea0356f5d062888d30,5,0,0.30220347330534186,43.973712455135662,True,691,False,ranked_above_issuance_quota
synthetic_long_horizon_identifiability_v1,test,c_5ce3ed057c62dd8e8c8333f8d2ac87ae,70ba3c82d742dc3502e3e71f4047a2119442ca705d1494352430a648f6dde053,5,0,0.069332226459230262,36.73981436671793,True,551,False,ranked_above_issuance_quota
synthetic_long_horizon_identifiability_v1,test,c_5cff39a2156d4004756be3413b4f7616,76b3e82310386122a8c26982b498a4a6082bd761cbb767e589593c97a84df173,5,0,0.098811651917291646,32.141997769365339,True,48,True,
synthetic_long_horizon_identifiability_v1,test,c_5d1eb0aea74801f5b8d06f8777d3c1b8,be8cfe4c386106a56bdf35c1ca79e4ba26a31cbdd92b56939ce1f885d96e44de,5,0,0.15585717482992192,53.244878624434484,True,742,False,ranked_above_issuance_quota
synthetic_long_horizon_identifiability_v1,test,c_5d8d757253c0ef215c1e8f0d776a0980,6021221d8a51c96ec89fa62538e6b969b50d3a8c95991f7c5f06374ef2222fa5,5,0,0.13418575593069057,35.796631504181441,True,516,False,ranked_above_issuance_quota
synthetic_long_horizon_identifiability_v1,test,c_5e09750dfd5452389a5d84f67a4e2277,1c98fcefa9f9ad5e2fa6b264a8da5d80fbe93b943b391c493a66649e37b87b8e,5,0,0.021088054382201099,32.159063283706793,True,147,True,
synthetic_long_horizon_identifiability_v1,test,c_5e0dfe732fd2238cf79ff3909eb66f01,13ba5df76d1f0815137401d07d815e60165b84ca017b32ef0d88d93201ddefe9,4,0,0.15326713069781567,32.247717912447712,True,159,True,
synthetic_long_horizon_identifiability_v1,test,c_5e5440a516f9c8c66e33a3f6672603fc,06046a806de9c886eed40b762bb814a440924da87137e86fc3e915cfda1470e1,5,0,0.032110110312854698,33.17515985613386,True,300,True,
synthetic_long_horizon_identifiability_v1,test,c_5e65db09482a1ba1cca8b81f77b79a6d,dc4cca5d03dee6fe5133ce2654d5d82db96c6b67407acbbef40ba681ac0ab414,4,0,0.10303823622866716,27.319283464673191,True,3,True,
synthetic_long_horizon_identifiability_v1,test,c_5ea74a1ee763e99ade555c57915217d8,bb9afd3b9a5fcf90b662f74053bc02569cfa9bf1387eb8f927eb576ea4455b74,5,0,0.20246681074309428,44.81395554706625,True,696,False,ranked_above_issuance_quota
synthetic_long_horizon_identifiability_v1,test,c_5eba01b9671d868fa986d130ede0f1e2,b5795c69223f0f86e4c6507d887f6cd275d483f4c5d04056e11a0247330b3da0,5,0,0.028731119318021137,35.302480248751088,True,477,True,
synthetic_long_horizon_identifiability_v1,test,c_5ebd93b01dda2437a4ada6b75e1f91c3,69882cc40366da287fb61164a23dac4d68629162dd558feeff4abb35ffb8bbb4,5,0,0.034612194711273622,36.20662066131495,True,530,False,ranked_above_issuance_quota
synthetic_long_horizon_identifiability_v1,test,c_5f18a823d9f7341ccc2c289bfb8e3834,3626073a09eb7da5b4f53494b39f102a2880358be88d459e0983d7c88196ce03,4,0,0.030678226231989257,35.814909021891502,True,517,False,ranked_above_issuance_quota
synthetic_long_horizon_identifiability_v1,test,c_5f4687e82d365740368ea45b0d4cde3c,f4e7a2d0d0bbf8ae316720d68cafc54d9f2192dd13ebc255646631c65c8aa103,5,0,0.071593837142917074,32.141997378567638,True,39,True,
synthetic_long_horizon_identifiability_v1,test,c_5f5a1c8ba580a29ccb60169fc161152e,abf3986c7fc25a7b3e808da9f710b42b12fff5ed8fe85a519a180fbd15e6b6e9,5,0,0.10908279214587836,33.218691991821672,True,307,True,
synthetic_long_horizon_identifiability_v1,test,c_6017df4218abca92408b28000cbfe104,b477dcbeeeb2d7e8eba84102b8c2cd6536bc66cc94dea3b817189f25819562d6,1,0,0.069445857728741067,inf,False,,False,fewer_than_two_credible_structure_families;nonfinite_disagreement
synthetic_long_horizon_identifiability_v1,test,c_606ee17650d673f261b8f6cfd7018797,ae8aef666410dce59b4562cca8b188628e180d8e2a7407263f167e4ff7eac7ea,1,0,0.093199966519923363,inf,False,,False,fewer_than_two_credible_structure_families;nonfinite_disagreement
synthetic_long_horizon_identifiability_v1,test,c_60bdbc6a1ac9bf809d29ee44d6bb4705,0c8e4ba115b5755adf809ba95f664bcc25922f1e00e056fdef1cf9c188251377,5,0,0.093909922687839861,36.758545742218097,True,553,False,ranked_above_issuance_quota
synthetic_long_horizon_identifiability_v1,test,c_60f90ee2dd3d9be9220f816617f3b401,cf4b4062f24c33585e56ac34ac95ad121c9804c6fec84e9b14500ccf42e80cc5,5,0,0.052974202857470884,35.333194527772498,True,481,True,
synthetic_long_horizon_identifiability_v1,test,c_6114c53b2b6aff498e004e6364f14a19,182b0c202792c6c14e9f4383d1f7d605e745bcb3de54a02469aa5a2e8fe717c3,5,0,0.047826652693447061,33.766703702351769,True,366,True,
synthetic_long_horizon_identifiability_v1,test,c_61445be6f32e80926613d6cedbd0487d,f74077c3efea0b49a73bad0172faaa745c5737300ebd2c3f798151b5f2745561,6,0,0.072740786220532289,32.141999999999996,True,118,True,
synthetic_long_horizon_identifiability_v1,test,c_61b95c8214d7b55d3387cb0111133cc4,df21f559a31ea2145592e3b8a83640861ac41bf15484b09d5de973e0b86b109e,5,0,0.042668695357313526,33.065880648003386,True,282,True,
synthetic_long_horizon_identifiability_v1,test,c_61baa82db354b0e2270893989953f23e,b88b2cdfdccdd790266c58caa205f4956d801a8d0c5d9c9d9e4d8d5c52f51007,0,0,0.57730673054326631,inf,False,,False,fewer_than_two_credible_structure_families;nonfinite_disagreement
synthetic_long_horizon_identifiability_v1,test,c_61c3b2294f5a9cdbb7133a454eb071d1,da8981f40eaa8c710c88c5ffcc9b3f01ac4ac711c6278a5b8a6c38f8440cd52c,0,0,0.30664399443028972,inf,False,,False,fewer_than_two_credible_structure_families;nonfinite_disagreement
synthetic_long_horizon_identifiability_v1,test,c_61f0b1dfae893d5ea96e59a57330b5fc,7631ad1f8ca82b18b58f23fbb53f37c210decc29a63d37d695e8edf1e0e8e369,5,0,0.06834265598304122,32.14199717400642,True,37,True,
synthetic_long_horizon_identifiability_v1,test,c_61f2947fb7c3ea75b5c87120320c8676,fb43c824be1078ffaa5643e4a69741ed46e1d91dbdd1544bb0fc8caa6f2a1bd2,0,0,0.39729318597281277,inf,False,,False,fewer_than_two_credible_structure_families;nonfinite_disagreement
synthetic_long_horizon_identifiability_v1,test,c_61f888ffddd34b8afcddb6726be534a3,3b6660c4d78613437063debf1d58b871ea1ed4b387e63e246626b6e94cfa777e,5,0,0.044332005016210256,35.171036735413232,True,467,True,
synthetic_long_horizon_identifiability_v1,test,c_62a726dc2ab8f7a1a8164d427dc11693,6d66c0e7e2cdf1c1df9a539e4c3e177a3a95dbf7f1f0df7e1276f162e0a97708,6,0,0.1321364085726939,32.194098198461973,True,154,True,
synthetic_long_horizon_identifiability_v1,test,c_62f4bc29a642f97c759d6c5f197650c8,0f7b8584445349bce6a3a7533d6077d5eb6d104d82100444bea16b655f6d00b2,5,0,0.09137638144841996,33.100444370158371,True,289,True,
synthetic_long_horizon_identifiability_v1,test,c_6300b473e5638e45ea06e8ae5a4ca112,0603fe1bac00d965eff03f44f8a40fdf6b7440c16e10448897d2182eeacfc086,1,0,0.11011535163528696,inf,False,,False,fewer_than_two_credible_structure_families;nonfinite_disagreement
synthetic_long_horizon_identifiability_v1,test,c_6333e6b46d93658638a7fd0e76c717e6,babc86689bfb96aae47cf5b28766da220543f9136db1b8f0b22fab4f791aeaff,5,0,0.11123596059763761,32.938421977702134,True,262,True,
synthetic_long_horizon_identifiability_v1,test,c_6354f77798c9547a237a16096a0d0d85,3f05041e20663f05c35d16f4091dc7a69bf65c068d5c732defa93616398b9c80,5,0,0.057255722676054617,35.683725394285467,True,512,False,ranked_above_issuance_quota
synthetic_long_horizon_identifiability_v1,test,c_6358e21057fed3b89ad551563dfceac3,aeee0c4c46183ad933ff33394d38fdabbab74aacf4a20f7b7a80da2e26128c63,5,0,0.10590310877379756,33.663592254329835,True,355,True,
synthetic_long_horizon_identifiability_v1,test,c_638c7f819ad1f2416a85bfff24fbdefa,61b12e98a7c33de82bbd0febb951332f8a7ecb7f9c4e1c5e2b00298620c027ee,5,0,0.056716757581094172,37.016165064809165,True,561,False,ranked_above_issuance_quota
synthetic_long_horizon_identifiability_v1,test,c_63bba654e6b0eabb9bbdd385fe89a988,73c5e4934d22e4dc5731e320f86001539a27c717a1c43f49621de8ce66eeb39f,5,0,0.07522232895265242,34.296698615910941,True,415,True,
synthetic_long_horizon_identifiability_v1,test,c_63f9338a9d55e2af743b89eb52ea01a7,ef624a0fa5edb581d2a78222c16e74edae2acc85f8013d48688068fda5655996,5,0,0.1421328090256935,55.236498320877978,True,759,False,ranked_above_issuance_quota
synthetic_long_horizon_identifiability_v1,test,c_646559c0c2403580f3a675add41eca87,6f0efeb567ac18edcd1e46da993c06190cbb7c088a0151537680361d3ccb8659,1,0,0.21197408525457626,inf,False,,False,fewer_than_two_credible_structure_families;nonfinite_disagreement
synthetic_long_horizon_identifiability_v1,test,c_64976de8e428554b3f94bfdf8ad1d3a6,dcdcb427c4dc9048b74aa3da47d60233f0e8285b258fe5281219ea24f1647a04,5,0,0.086539362783298823,33.41614436783788,True,332,True,
synthetic_long_horizon_identifiability_v1,test,c_64b1b981948405df0c5351f3fe4b2957,960e96d65522953be7dc0a38350d41890c6253fdd8b4e79b728f6a5075d7463e,1,0,0.065509404157741799,inf,False,,False,fewer_than_two_credible_structure_families;nonfinite_disagreement
synthetic_long_horizon_identifiability_v1,test,c_6515bc66a15a21bf0990b8f4ad91e405,70eeb7aece9df5f57e651f4c393b9dcaef8e90ce1c34ba22172690540dda9fae,5,0,0.041205391776428339,32.141998253409156,True,63,True,
synthetic_long_horizon_identifiability_v1,test,c_6555f65ccf76f7d4ea499f57fdbba9fd,c78493b6b066bfa2ab26f29067f7a845f0473ee9af6062637201707e95575b43,6,0,0.090704595203636509,32.326322333046633,True,175,True,
synthetic_long_horizon_identifiability_v1,test,c_659c534e06f5b51832d7c58db4f67a95,feafc848998ae86dbcdf2c9559de53a3456dbdc6d7bbc8029967c0017bdc009c,5,0,0.059242363164457836,35.632845400421736,True,504,False,ranked_above_issuance_quota
synthetic_long_horizon_identifiability_v1,test,c_6610c33de65bcff0d371b102400de993,46fda8d7350bbe9c37b337f71333c4842385802029cd20d06fd92100df583852,5,0,0.078729461078356544,34.229575539284085,True,409,True,
synthetic_long_horizon_identifiability_v1,test,c_667e0c3c84340182aef7693d5a566d82,e70a12bb552c1dc73bde74c6dea5a964b7b24c8c1ae37cb90d1f16284f68524f,0,0,0.27281626159737754,inf,False,,False,fewer_than_two_credible_structure_families;nonfinite_disagreement
synthetic_long_horizon_identifiability_v1,test,c_66896b447e7d2841f08d5db12fe21127,b66b4869ba60c7f02e584d4b7e2bf5d3e9657156a669eb03d2dd353d7d201e7d,5,0,0.047064852310295315,32.141996385399658,True,25,True,
synthetic_long_horizon_identifiability_v1,test,c_66e9d5a3888befd2d9eb9c5960df74dc,4228433ba79e7bbbef9b28a028514047751fec87701efa77dec22b8dac036173,5,0,0.099360411929343195,32.141995616673348,True,16,True,
synthetic_long_horizon_identifiability_v1,test,c_677a4d74ab8a3c15703e859f934fed57,18661499bd8bbbc9738b80770a781079af58f5cde2fe21df09a5f8df9b72010d,1,0,0.079544081612925713,inf,False,,False,fewer_than_two_credible_structure_families;nonfinite_disagreement
synthetic_long_horizon_identifiability_v1,test,c_6795fed19e3fd44b7395271c7499e0b7,d0cf6fb03c119e563b3b3db5cb5c5348e109707627f1733187f18d0009587f3d,5,0,0.038588036995254239,34.374632399393064,True,420,True,
synthetic_long_horizon_identifiability_v1,test,c_6804ea90a9b3f8867e42a66da0bc95df,b6f360e99a62baf1176f6fbf44dd8f880ba34f714611d69b4ca2e72d008aa4ed,1,0,0.1723061614409937,inf,False,,False,fewer_than_two_credible_structure_families;nonfinite_disagreement
synthetic_long_horizon_identifiability_v1,test,c_684e2111e9ad29d3f4cf22d3268de3d6,e1900ce4a37d34d738e79bbd3fdf42605ecf9932b4374004e85024a79d366965,5,0,0.082660919590556353,35.318021187451976,True,479,True,
synthetic_long_horizon_identifiability_v1,test,c_68fcbfb953e921938358d21c9966e02f,cb4f3a6f00eb2910abdcd957f07909d16077164730dc9875e9aba6f7dc038df8,5,0,0.083114791095211693,35.283192245775105,True,475,True,
synthetic_long_horizon_identifiability_v1,test,c_6950083e45513a1566e2be4514acbccd,98ade906cb1e435b6296d5fdfa4fa2c332274751a85c18a56acfbc7a83a0733a,6,0,0.073158014407328761,35.642708477614462,True,505,False,ranked_above_issuance_quota
synthetic_long_horizon_identifiability_v1,test,c_69d45deafdd1cec41d13a44b62700ae1,f6ce2e3a4c35902dd4f8fd3811d49328cf61c23d7e0305a2cd77dae113145d00,6,0,0.12410750476822174,33.459801144363226,True,337,True,
synthetic_long_horizon_identifiability_v1,test,c_6aa5b4c0db27898943394fa3e4f1c4c2,21677f66e00703a845d3cf0a478d5e720f29c868b3de68f74d9ea771c16532ed,5,0,0.10339845629495509,42.47637688243875,True,673,False,ranked_above_issuance_quota
synthetic_long_horizon_identifiability_v1,test,c_6aa5d0f1e7cca69bc0a88f0deb492569,e2cb75fe1be165002c2850970032002989c0df302e0e2824d12ea9fa5f5a8a78,5,0,0.12302308805975717,45.583463818726393,True,698,False,ranked_above_issuance_quota
synthetic_long_horizon_identifiability_v1,test,c_6aab482c22ededaec76868204fa90473,d629fc525ad6688919bbbe016ebff91b29320b2450cf31da2be087ea1fd4390c,5,0,0.036390287494521653,32.969324165613635,True,271,True,
synthetic_long_horizon_identifiability_v1,test,c_6ace59dccaf02b1e63d5a183e98eccd3,0e38b9c82761b09eee78c1dfe93eefe0409e77ef1e2f1d1e523cf00016a3c556,5,0,0.10073816728055678,37.030449475115269,True,563,False,ranked_above_issuance_quota
synthetic_long_horizon_identifiability_v1,test,c_6ae3b51dd6973a6d6fdba5b54ca90fd0,04660f2f03dca2ffac3b2ad38a5fd74a827f529236db5224ccd8c291ba8ac680,5,0,0.066043202651317773,32.142000396728434,True,121,True,
synthetic_long_horizon_identifiability_v1,test,c_6b0a50a36beca3e45f0b67f3db19d39b,47527dc5df531ac3407485d0e15eeda8386b00ceebee167ed6568dd6a651cdfd,0,0,0.30456607125962787,inf,False,,False,fewer_than_two_credible_structure_families;nonfinite_disagreement
synthetic_long_horizon_identifiability_v1,test,c_6b12bbfc55094ac736bf30cc9d5f1116,66dbec8360e31f47b9afc955f2de6bf6399951c5369f267e2dd7b5152bce3199,5,0,0.057363127335248315,33.234587938777274,True,311,True,
synthetic_long_horizon_identifiability_v1,test,c_6b17ebfbe1d2038c797c07998bb991ae,506dff76a4890a90c3c036f03f6ecaa010339a551cf6ed1f9c57e580d52c2a6b,4,0,0.153304678232109,41.694050321229717,True,668,False,ranked_above_issuance_quota
synthetic_long_horizon_identifiability_v1,test,c_6b34fbf827263a059ec53c1b5ea5fef8,583d3b74b682b569c627e7b94aa14d990214cdc6e6b40c2c0ebd447164e7591f,1,0,0.048724619429750142,inf,False,,False,fewer_than_two_credible_structure_families;nonfinite_disagreement
synthetic_long_horizon_identifiability_v1,test,c_6b44d7c1f7129dc8297dac4a29e13c81,6b3e77c4b66e95190044cfa89e282b3ee29c23b1d3eb9a2e748cb254d03279c2,5,0,0.13075596918820528,32.273729018643422,True,163,True,
synthetic_long_horizon_identifiability_v1,test,c_6bcc1872d58d4894a7262e92096e1c41,380c702177a2f6deb5ce23ed01f2e56b6210d3517b9f8a3bec5674bad031b775,5,0,0.11750400074848409,38.669869644553948,True,615,False,ranked_above_issuance_quota
synthetic_long_horizon_identifiability_v1,test,c_6cbc68e3f1de6d50da040648e7bceefe,48211ae6fe98857fa96af37e4a56909a9868074eb1e50add71d910ea838d1f9f,0,0,0.3375480732729827,inf,False,,False,fewer_than_two_credible_structure_families;nonfinite_disagreement
synthetic_long_horizon_identifiability_v1,test,c_6d26e747aab0a58e19aaee7536c78a6e,baea083e292a096024e99f6188467c13b35a36c1d7c8e8929ead6b090bf8ce9c,5,0,0.13830771782568116,32.141997971962283,True,52,True,
synthetic_long_horizon_identifiability_v1,test,c_6d406975d95371f15c9fe3dfe69525d5,5d4d2b5946273cf0a6daca2b0edb66e007d172b493f0c1b48788324ba381f534,5,0,0.075830331970889397,32.141995909145571,True,20,True,
synthetic_long_horizon_identifiability_v1,test,c_6d54da6787b24a61b27c949e96ecf826,cd40a5128fff7d1cd58ae00c2c94c3c381289268a71999b936d47c7c4766f4c1,0,0,0.37862696818093422,inf,False,,False,fewer_than_two_credible_structure_families;nonfinite_disagreement
synthetic_long_horizon_identifiability_v1,test,c_6d6603344aad42749188a3b0e8aeebb6,0eaf84e2830d324aee7f4f27267e45f45edab0a0f9a343954dce6493aac660dd,0,0,0.35484692082154839,inf,False,,False,fewer_than_two_credible_structure_families;nonfinite_disagreement
synthetic_long_horizon_identifiability_v1,test,c_6e44e05eb214429612fcb2c3899bbfce,d54297b4e041515a3587ebc3610a18c46a5d57ab15c7201beeac89070f2f6ee0,5,0,0.064612654022328728,32.277266476831315,True,165,True,
synthetic_long_horizon_identifiability_v1,test,c_6e926b998a4903691feb917dbb398141,080d10d98e205b2191a125dbb0af52058268f9beb2d1e31ae985e925ac480a70,4,0,0.10204758076153299,58.109890350667143,True,775,False,ranked_above_issuance_quota
synthetic_long_horizon_identifiability_v1,test,c_6ed9d36067a1fd0357b60db3f0ba81df,43c24c2f6832e0d81b4f377ff6076388d95c909eb2be89e51eae577dc0fde821,5,0,0.098084877080815841,32.340380976105976,True,176,True,
synthetic_long_horizon_identifiability_v1,test,c_6ee09685a517c820c96ce415201db3c3,05ada5e301362a14b7cd1d9e9f7c7f90589b53f2f2c6954faa4be7985a474555,1,0,0.084047216850516138,inf,False,,False,fewer_than_two_credible_structure_families;nonfinite_disagreement
synthetic_long_horizon_identifiability_v1,test,c_6efab4619f3d5ea7d384435ef2d0cc63,6eafeb4a0c80e2fce0b816de2edd411f69bd7a09e91ea53629de10bab7600172,5,0,0.067940198424360568,32.141999423879582,True,97,True,
synthetic_long_horizon_identifiability_v1,test,c_6eff975fff2acefd02fd950242e6cbb5,8e030b5b0667cc65001a984e0687191046e2879656f8dc87de6f5280ff1aaa08,5,0,0.066947262612917988,40.435672598623633,True,653,False,ranked_above_issuance_quota
synthetic_long_horizon_identifiability_v1,test,c_6f8ad36092a6725d406772911a536bcf,44f1e4ef1880eceed6cf7fcf647334a0a7328e4f9fc1d8a651bac99741f2bb1b,5,0,0.050216598198586378,33.341560225174568,True,323,True,
synthetic_long_horizon_identifiability_v1,test,c_6fac2abf74dc67bd1f7985729841c5bc,a17667d518a3b5d974358eb8ecfbf9a03df4469a98e948c3a8fd96be16d10390,4,0,0.057532781514966949,32.724033407220745,True,231,True,
synthetic_long_horizon_identifiability_v1,test,c_6fbc21d127de154ecc755ec278cd28ab,415934ad71650fd9465b2d59789c7b495e122f6cab19e690fced8d90deff4dde,4,0,0.054062648761304309,32.142015534008316,True,140,True,
synthetic_long_horizon_identifiability_v1,test,c_6fe2727451c047a32d62f0f5066a63f8,69d00df18790e910d40cb26f785b49ca71e37cfa451e03eb7bbcac67411bb11f,1,0,0.20280406933361422,inf,False,,False,fewer_than_two_credible_structure_families;nonfinite_disagreement
synthetic_long_horizon_identifiability_v1,test,c_6fef28ce45e6589bebb78521e8a9030e,725965caeabe1ad6fad1694252e12cb4cf22a0a881bf73150d64ee8c4fed8109,5,0,0.11060971386605925,35.103637398678764,True,462,True,
synthetic_long_horizon_identifiability_v1,test,c_7033195a50aad3ccceac9de3a0044941,3f90c5c873ad3ea47acc042ebd9dd6daa25f0164be44ca31aed3e1f671a5c95a,1,0,0.24891976276616909,inf,False,,False,fewer_than_two_credible_structure_families;nonfinite_disagreement
synthetic_long_horizon_identifiability_v1,test,c_704ae51d9d00987a89e69ff0a4a597d5,0d64a0f5703b3e94179b3a899a41f3020077e7ae8124cb7e66dd7b274f9650cf,0,0,0.38264589961298828,inf,False,,False,fewer_than_two_credible_structure_families;nonfinite_disagreement
synthetic_long_horizon_identifiability_v1,test,c_7119d59ce2af3347d01d4331718ed98f,0c635575f1e15d6f797dc6d3c9dd8a1aafb92d7c85f1d08022ae0843d5b32709,5,0,0.18803817907869178,32.14199974021389,True,104,True,
synthetic_long_horizon_identifiability_v1,test,c_716254a589107e23bef2391648f72552,aa1dac803766eb0ff79c0ca72651a1f9630d071e44fb6662564b1efe1caed79e,5,0,0.19270396943764684,35.32620021715077,True,480,True,
synthetic_long_horizon_identifiability_v1,test,c_71a5fe038fd68f58ba8dead75c94ca4f,111893fee090e06ce7425f43d520b96427efa7b2ffe566c5dc88f0c3b77df18d,5,0,0.027727720617317198,32.879571842238718,True,255,True,
synthetic_long_horizon_identifiability_v1,test,c_71cb13cec4826c7fb2186df3d9ffd9d3,b94c2b72f9f86597e194434e455d0bca051df35dcf7075c2e163cd6585964661,1,0,0.048274715261488681,inf,False,,False,fewer_than_two_credible_structure_families;nonfinite_disagreement
synthetic_long_horizon_identifiability_v1,test,c_71e6d7cc89444bd2c70bc157f236a953,b68bf2cb05a9c2e496e684503eb08f18ed0774d0071d6a977bf442b38fb1b82f,4,0,0.11752922085272878,57.315741909104098,True,769,False,ranked_above_issuance_quota
synthetic_long_horizon_identifiability_v1,test,c_71f182431ecf4fdbc74f96c87b139d3a,8bb77146b6bc15cb71788062687ac5a85fb29ca827a3ce037942a05bba54d094,6,0,0.037060175994698366,32.411366786350655,True,193,True,
synthetic_long_horizon_identifiability_v1,test,c_720fdb0f33e0ee62dcc75ab350ffc4cd,48f2aba3634751cc8d2bf038745a9b262fd0769988411347db2e7307e33aea3a,4,0,0.22931165063695408,45.584867587586636,True,699,False,ranked_above_issuance_quota
synthetic_long_horizon_identifiability_v1,test,c_7247bd1478ad77aaa5e8e5f71c2753d8,d791c9005a6f362d719132100aafb8fba0902a63f28991cc7f4029150ab5c82d,0,0,0.42840571652627024,inf,False,,False,fewer_than_two_credible_structure_families;nonfinite_disagreement
synthetic_long_horizon_identifiability_v1,test,c_732cbccbcbbc0b8c268ca497626f6539,c057981d26652b56c07806d36f7f8981d5a2ee453bc117c6061da6d38ea7a58c,0,0,0.6302278454046748,inf,False,,False,fewer_than_two_credible_structure_families;nonfinite_disagreement
synthetic_long_horizon_identifiability_v1,test,c_738c0cd419061c70ed136eded1b49d65,ea04341b7657fb88d0035d8baec8ce1dc9aa9fb362d0180310d09cb134a7e22c,5,0,0.093529251459598742,32.592950332170965,True,215,True,
synthetic_long_horizon_identifiability_v1,test,c_73be31d4f4dc39904689a5b59f6a6159,d704e5fe46b7247c9e123e294e4753435fa0d9aec4e7ef06ce27bfa50c443489,4,0,0.16815825759523503,33.081518532312103,True,285,True,
synthetic_long_horizon_identifiability_v1,test,c_73bf16554b8dcc6e25c30dc2cc3f3991,5f748d962a1889f14cafaaa08a9838cc827816097f73470202952a825a7bea4d,5,0,0.11582724587802617,37.15875567420175,True,568,False,ranked_above_issuance_quota
synthetic_long_horizon_identifiability_v1,test,c_74ae7d0bca9ff6a78bbdddfca5896ecb,0ef253f7857eb510e7328bf658a6bdd0c9bfbb8e324ce7c7d67643a484b4a669,5,0,0.077910055215989427,40.178717089088629,True,647,False,ranked_above_issuance_quota
synthetic_long_horizon_identifiability_v1,test,c_74c3ca932c06bede144859d0da039431,aff51c7e2f2e26bdb51cba95692181168af9e5f1946f3a6fd220dd6f19be97ac,5,0,0.031811842495692806,32.141996994180246,True,33,True,
synthetic_long_horizon_identifiability_v1,test,c_74e085f158ab427a9fbb8ee67b3b9876,4ea531d61d6f84e1597cc43635e9a4f372ac92f1ff2887607986c78b2ea06eb3,0,0,0.34080723589856338,inf,False,,False,fewer_than_two_credible_structure_families;nonfinite_disagreement
synthetic_long_horizon_identifiability_v1,test,c_74e49c001af3bd784b0d4c6e4bf4be16,75be3b050bf9fd95a36ab0f70ffb7c7c4f0e0608fce6e13826622203df85dc39,4,0,0.094343683801643097,32.70703710301273,True,226,True,
synthetic_long_horizon_identifiability_v1,test,c_74fabdd25b3e2cfe4cccf6492f6d5c57,25d12ccf8f0d84fda7cc2c2549b1d66a63cd97353429ce80b0a7e802145d5735,0,0,0.29367254039325374,inf,False,,False,fewer_than_two_credible_structure_families;nonfinite_disagreement
synthetic_long_horizon_identifiability_v1,test,c_7512d613284723d714714988c1ae7817,50357512deff0abadc3f1b88fa320d243edf1bb8e7abf0a4dda74aa9fe1b018a,0,0,0.33285378940925386,inf,False,,False,fewer_than_two_credible_structure_families;nonfinite_disagreement
synthetic_long_horizon_identifiability_v1,test,c_7524ef62a07e44a480e6926eb6445d5b,906275699b9415ea14d6a60ee4712f981d9df84e025d53b342a2ae6f01eacd0c,5,0,0.02617170930566598,32.499057196210877,True,208,True,
synthetic_long_horizon_identifiability_v1,test,c_7548e2a79f4c835b57a035b8ba73ebd1,dd77ebf1ea9371974b24d9f2cea4be87920a9c1e535404509c5560fbdf67c199,1,0,0.089708641955682483,inf,False,,False,fewer_than_two_credible_structure_families;nonfinite_disagreement
synthetic_long_horizon_identifiability_v1,test,c_75547c87f920bc807c5325e6e2ce9d8a,6d71b3ae33417b5cf9220657661b42d16fea7c95a352b82e74ba4183191747c5,5,0,0.1285846035628376,38.444193673242573,True,611,False,ranked_above_issuance_quota
synthetic_long_horizon_identifiability_v1,test,c_75960c469e489f1973adeb247cb97dc0,aeecf3c9f6fecd62701fa5fdcf0e71f6c4b8acab017e2939f69b3e3444a6d833,5,0,0.057663679562553458,35.104891801548369,True,463,True,
synthetic_long_horizon_identifiability_v1,test,c_759d5d0acadaa550d379c419b549e186,9ce5012db4cfd49f4cd8cbe785d663eb24374f4e225eea6953202ab903170161,1,0,0.19149760050633596,inf,False,,False,fewer_than_two_credible_structure_families;nonfinite_disagreement
synthetic_long_horizon_identifiability_v1,test,c_75d8f3743931d07cf0b4f7342d237aba,bc71eee8e088160f05ec467669bcec14913a19f407d3b2d0b7a77ce9015b8736,5,0,0.078052517979563432,36.547522948836182,True,541,False,ranked_above_issuance_quota
synthetic_long_horizon_identifiability_v1,test,c_76a54b99463fb0b753b2201f8d18af6c,0416ace09b3cefec32027c13e3dccb6f6ac6a5d0f7d976e43bca4f13a942b2f5,0,0,0.78428692896113028,inf,False,,False,fewer_than_two_credible_structure_families;nonfinite_disagreement
synthetic_long_horizon_identifiability_v1,test,c_76bdec52e7368f272adeb69f9de45ddc,8536ba9a0e7b37545b47f9877c5d2654dfd87a429645c6b3dae25d6ac665a273,4,0,0.033567015724005313,40.206800032559393,True,648,False,ranked_above_issuance_quota
synthetic_long_horizon_identifiability_v1,test,c_779480cbb06b737a8cf56fdee6fb3124,17f20c32a1b2e1d102f5d8efb842d5365f706c46785a487c9400ba0a046981ea,5,0,0.097321534512492744,35.012917340156655,True,455,True,
synthetic_long_horizon_identifiability_v1,test,c_77e0ae5946e5bf2ae5a6a3df2b474d84,00e33b6243fc620367ba0a67a2a305e3f2e4347ddc3e18cb60fa93cdb4aeb3d1,5,0,0.097376511164276341,35.682276003250443,True,511,False,ranked_above_issuance_quota
synthetic_long_horizon_identifiability_v1,test,c_77f93c881dbee0ea5e56e7451a837764,a71daef410b8a2ba93161e43071826d448be3ba5d08907b5fd767f23d75374e3,4,0,0.18122027322000894,32.141999825811467,True,108,True,
synthetic_long_horizon_identifiability_v1,test,c_784297fc222936dd144305f9ee7ab521,8c6f57ee0c80c598ca199fbb6bee79eaf512384b34d5e31f465f247d02cba7fb,1,0,0.066558636657766998,inf,False,,False,fewer_than_two_credible_structure_families;nonfinite_disagreement
synthetic_long_horizon_identifiability_v1,test,c_784811f00cc8946f322dc9122fbcf3dd,6df89802231526e221a19323aecf680cac3d8323960fb4207fcebb1f98356358,5,0,0.20033523829959105,34.569214806215868,True,429,True,
synthetic_long_horizon_identifiability_v1,test,c_7850c7e5b2d4290283b5f3985bce6905,b067534b1d01ff47af4c468a25c1d24147633cc605052be4fa777fb730f5adf9,5,0,0.16020156486781209,32.14199668797113,True,27,True,
synthetic_long_horizon_identifiability_v1,test,c_787e2a810e277a88c42e869ab3ba6155,cdcd4f03e2e5feda494f88bfdc917fec887e0d4e834e7c896ced9041542565e6,6,0,0.18413068827464249,32.141999999999996,True,117,True,
synthetic_long_horizon_identifiability_v1,test,c_7907dd8d623fd8b3e9f02c6393537adb,a2978522acf5219f694f78ee4f561f855e606b1e8c233f9cb22e8991c8361795,5,0,0.12203273273555371,47.541144271715872,True,711,False,ranked_above_issuance_quota
synthetic_long_horizon_identifiability_v1,test,c_79366471ef8e87815413e090787f377c,1f442b3271635c4c6303180acbdeac27547519b902a70ae28eff603fc05ffb77,0,0,0.26383283548134023,inf,False,,False,fewer_than_two_credible_structure_families;nonfinite_disagreement
synthetic_long_horizon_identifiability_v1,test,c_795532a13f86d580ca21d9acf45b2767,ad0bef46068e785b87129649c7ca74d732b23899bda8338fbef2243bb9e2637f,5,0,0.17543733356620023,32.141997633060924,True,44,True,
synthetic_long_horizon_identifiability_v1,test,c_79596e97c82215837101cffedc9ef918,bc78813a9674cdf3ec99134088382b95564c95f23a8e0a6d2ece9bd5d36986cf,5,0,0.15226009254298029,32.541096806107674,True,211,True,
synthetic_long_horizon_identifiability_v1,test,c_79a172962c71bbcaa0de5bbde4a6ce4f,ce8e36233cfd765477a663f271ad94c05b636aa2523735f40e3e76fd045a2fea,5,0,0.011244003870829539,33.971102445198497,True,386,True,
synthetic_long_horizon_identifiability_v1,test,c_79da7acb2c5740f7f6f7c7b727c6dc97,d1339c859eb6376a84668a557b1d9d2c220ca47adaabaefe66b60b288ea47a58,3,0,0.20232593734113058,4.3469285619308238,True,1,True,
synthetic_long_horizon_identifiability_v1,test,c_79dc532453cd02876377f3e4840cbe19,ea1f7c62c276ec13c39bc2dd7c70384c16a15af1701dfabfb20e3625ac8872d3,5,0,0.13816999958322723,33.739373591136655,True,363,True,
synthetic_long_horizon_identifiability_v1,test,c_7a35288cc60f19d6d1b1efd3a452eaf5,9c1cc36feb0fd68bfec66784c5bff0a828a7a191403b26008c98dfa9d46724a2,5,0,0.13825772451932689,37.993695352937578,True,598,False,ranked_above_issuance_quota
synthetic_long_horizon_identifiability_v1,test,c_7a5dfee75dbda9664f07aca4b69c4941,8ce8b6d5e78b7cc4867e974bee5e9d29eef65c91857c600aa74795121446b721,4,0,0.060154777310331031,32.142003715617257,True,133,True,
synthetic_long_horizon_identifiability_v1,test,c_7a7f4dec0c957d390eab3472a30d111d,d2ae3513c2be9ccc3e7ce5c1e045b0ec9e461a7068b3c8133f0f35e5bc7ed8e0,1,0,0.070261419459166558,inf,False,,False,fewer_than_two_credible_structure_families;nonfinite_disagreement
synthetic_long_horizon_identifiability_v1,test,c_7aa4da29c102fb63be6d74f507550a29,8635c9113bcd9a302a12ecd85906ff28dd9e0600319fbc5e8019db0b1e3e2d6c,0,0,0.21884343440341322,inf,False,,False,fewer_than_two_credible_structure_families;nonfinite_disagreement
synthetic_long_horizon_identifiability_v1,test,c_7aac671161dd8df8702cbd35a1d7ea2a,3f6bf6d856ca6dc3823ea61f9adf519a50a802850a12446c87fc8df2707c4e49,5,0,0.17657291442863318,33.303142043762747,True,319,True,
synthetic_long_horizon_identifiability_v1,test,c_7ab661b7153a09e401d643a1c8b09da0,330909c90e7fe8a3e929dbfbf0d0ba5588ef973200c4038c67eebde2cbd6516b,6,0,0.086266297070941453,37.070108446705056,True,565,False,ranked_above_issuance_quota
synthetic_long_horizon_identifiability_v1,test,c_7b435f8fccb865a0602a5e7f4fe88e1b,cebbec81310b619a55720ae3ee1df6987b9438405111139ec46d4bb608504565,5,0,0.17818506077953436,32.141997989944215,True,53,True,
synthetic_long_horizon_identifiability_v1,test,c_7b6f5fca372b72c554a60809030a8d93,4d98476712a815053d00c0071b7a6bd50a71261344ce5a38d18b48817d9faed9,5,0,0.038280445670795381,34.435006195558223,True,424,True,
synthetic_long_horizon_identifiability_v1,test,c_7b8db10729f730d578ab9306f740e29e,4eca9c9152b83e1e4e767ed1b00bbe22e341bb0d222218588515f9d737e85468,1,0,0.089335780568318729,inf,False,,False,fewer_than_two_credible_structure_families;nonfinite_disagreement
synthetic_long_horizon_identifiability_v1,test,c_7bd6f654e12dfe29132414e7458887f4,5f30d718a60c6eeef4a2e33f5dceacca4f33e11a7b10e39684474d3ab055d904,5,0,0.12216666838934503,39.142749000728948,True,629,False,ranked_above_issuance_quota
synthetic_long_horizon_identifiability_v1,test,c_7bfc844cce06b3c4d59e3b8bd80de506,8efb8890d6096d55f5e63ae162686a3bcd210a66da993fcab3c7264ef5e7e29f,0,0,0.31784709523643634,inf,False,,False,fewer_than_two_credible_structure_families;nonfinite_disagreement
synthetic_long_horizon_identifiability_v1,test,c_7c197bae049abd8bb29757aeccb63cad,f8b141cfe4de7e93a812418426a59ef4bb5d463deec2ed45d0a8deac1ca9da21,5,0,0.055555780595567733,49.378904661124061,True,720,False,ranked_above_issuance_quota
synthetic_long_horizon_identifiability_v1,test,c_7c6b25b4521f8f60c3e9fd62faaf20c4,b02b33a95088c9b9e82a7e9c992902254cb03baee81fa6442ed676c0a0f3959d,5,0,0.026034621494715866,38.718717504494343,True,618,False,ranked_above_issuance_quota
synthetic_long_horizon_identifiability_v1,test,c_7d0ccceae687ae6e0b9c3e5748fc6fa4,871538ed7c9527095c0fc9376790b151779a54d0f0c292d09b55acdaac2b0b51,5,0,0.071103529189363107,32.141998953448777,True,84,True,
synthetic_long_horizon_identifiability_v1,test,c_7dee200d3c957a2c7382f738fc6dc1f6,a443ff02ace9168759867b543981f0a13433590ffd10a09c4058677bd6dfda9f,0,0,0.31880319791081441,inf,False,,False,fewer_than_two_credible_structure_families;nonfinite_disagreement
synthetic_long_horizon_identifiability_v1,test,c_7df382965747cd076a0f0c7ce4c023d6,e0ad3fa812466b016125c8e9653261e69dfa1eff8313daab23d9fd5a07656987,5,0,0.076832166896381476,32.727282949847904,True,232,True,
synthetic_long_horizon_identifiability_v1,test,c_7e35a1ea7cd3f7bdfdb65e7bd1c7eb84,6e7aafe7ae70dd03ee12017521615a53934a25687e34940ddf71c9bdca4883af,5,0,0.13379938163333122,40.671192032313947,True,657,False,ranked_above_issuance_quota
synthetic_long_horizon_identifiability_v1,test,c_7ee150a786568e7483e82772022ce84d,7c0863983e3a043d2b5e1ac78687acf2895ab6cc18c8d70bced0eb03cf6a6fec,5,0,0.12037339445182799,34.570173078753236,True,431,True,
synthetic_long_horizon_identifiability_v1,test,c_7efbfc6464c264ecadd99f1ae560ec6b,bb2624b5af2619a535b4e9cc60b85962421092db3cb64c18fff38b879839d949,3,0,0.053974633762681537,6.445959681543215,True,2,True,
synthetic_long_horizon_identifiability_v1,test,c_7efc85612a83ea498e7d55ab93c22741,f29ae69abf07890f3e472a6d9a29cb8aa0b94f0274e9a55b1fa71e857bcb4b24,5,0,0.079868645649912112,35.36827566286663,True,483,True,
synthetic_long_horizon_identifiability_v1,test,c_7f1ff0096e1460479c6a9d512d2ed0cf,e2c0916aa6448ec6d63d9d3807448d38fbb358dfd43dc6e62de3c8e023ed1b6f,5,0,0.096729357688782713,39.018530991377538,True,627,False,ranked_above_issuance_quota
synthetic_long_horizon_identifiability_v1,test,c_7f584ae04fc16199149c33b5c27233d7,4c8e9f6c821108e35812419079ab7fbdf7ea7b7c0587b2f7ef74ceeaca70f74c,1,0,0.12178830043771115,inf,False,,False,fewer_than_two_credible_structure_families;nonfinite_disagreement
synthetic_long_horizon_identifiability_v1,test,c_7f611a5913c2ce7ab298b693647668e2,a2605b49599fb82279dd678750179c7dd6d4ced0ecf7d3af29f347c3d9000bd4,0,0,0.32409595354439091,inf,False,,False,fewer_than_two_credible_structure_families;nonfinite_disagreement
synthetic_long_horizon_identifiability_v1,test,c_7fd3ad5b466e68cd637d72b12de4c0d2,da8e83cab45ba12975f74f2133ca75fa3c733848c38f251c9ed335fdf50384c7,5,0,0.034543037828057004,32.358323698987803,True,179,True,
synthetic_long_horizon_identifiability_v1,test,c_7fe2258919bb0e4e80208a6197f1b955,0781cc3a11d09d4bbc50480c8f12a607ce28f0fe686188959845da41eb8351b1,5,0,0.047779873978188434,34.112645064232744,True,399,True,
synthetic_long_horizon_identifiability_v1,test,c_8033a1c118cdcfaacc7f1b2e5c6b622e,2e8ddfdd24119d4ae253236d0e96b1d8be997a194eb7e09a72e7f85ff4effe20,5,0,0.0480402345082609,33.632883024271159,True,353,True,
synthetic_long_horizon_identifiability_v1,test,c_806d111c09e7d50bdefcbbc7435c908e,9ade169d1470a5276427f2a2ddc96966371796762205c4ef02a8d80e908be976,5,0,0.15996507047944827,33.300484482008599,True,317,True,
synthetic_long_horizon_identifiability_v1,test,c_80d5f3b4fd9283fd2073c60ec69d1567,d381755cb69d3b649e0059eaf580f3c7c5b159c8db0124c6472628233c75a1b4,4,0,0.19168888696409528,37.593406507879322,True,586,False,ranked_above_issuance_quota
synthetic_long_horizon_identifiability_v1,test,c_80e7cb55f5c2e7e54bc227abf904267b,f4327ab04da40b9704a313a2004dbe56e64022f9fdff788e233af1d329b06104,4,0,0.021163387845540237,32.142007677093694,True,137,True,
synthetic_long_horizon_identifiability_v1,test,c_811446c8d5a4fd30922ddac8672b7768,8141b26600049cffd20d34c33e4f2c90232d14ad4672027d3520970d5bb88219,5,0,0.10384240117883392,34.126631882725064,True,401,True,
synthetic_long_horizon_identifiability_v1,test,c_8118838babcb5f193d8b0b44a31316a9,0ad7701ccf2dac1caf667de0c04ed798918ae83f49d8863f9a43d423f17a23a9,1,0,0.10129685726396641,inf,False,,False,fewer_than_two_credible_structure_families;nonfinite_disagreement
synthetic_long_horizon_identifiability_v1,test,c_812777b87608351c704da3deb4b122ea,b84b7502d310b1ca1200f660a138fea1fd68232c143b4f16b21e7696d31b79cd,5,0,0.061777050670005308,35.442485962026332,True,495,True,
synthetic_long_horizon_identifiability_v1,test,c_812903a715b4fbba7c5920724bb5ad7e,7766e123b3192a52f7cfa69187a2d3e76e2cade58d4de3753d5eb855f7148cb2,5,0,0.084141116307503899,35.103396896387693,True,461,True,
synthetic_long_horizon_identifiability_v1,test,c_8162778f798e46531a74ad95cde32448,973065c091e330cd74ff964a43c73752ce56956ce189b069607c8b7f48b371b1,5,0,0.06843243361756593,35.053003992093402,True,458,True,
synthetic_long_horizon_identifiability_v1,test,c_81b37fa3fcf2aaf9c621ed49b2c75e44,766953f6a2e4bb6274f5722a895276b946ff11fc021793e4961a28f1f80b5c7e,5,0,0.096127260804709402,32.141995436569175,True,13,True,
synthetic_long_horizon_identifiability_v1,test,c_81bbd6562104096efad77b0e4fcbf907,014215f71de70677510ee997579a19257319fb46b991e9192eade722712890e6,6,0,0.11852416151328024,32.488380131609489,True,205,True,
synthetic_long_horizon_identifiability_v1,test,c_81d67e7faca17bc81ca16708e8b7d37f,755e532180590f520a66c11fbfe2dd04d050b06332257729ed8627bc57d25078,4,0,0.088462136825463986,53.738394674754886,True,747,False,ranked_above_issuance_quota
synthetic_long_horizon_identifiability_v1,test,c_81ea1adb7855c62427b9afb67645747b,3215cbfa1562b71c5b46c4f0dc719aff56bb0781aebae0151b5165e425ec9962,5,0,0.17286736858104834,37.767213352856992,True,589,False,ranked_above_issuance_quota
synthetic_long_horizon_identifiability_v1,test,c_82001b8e238c1e521787073b857e14ef,e9c564c30ea8d1aa0affc7e7a99f0939024b2a5fc0f0ff3ae252e05ec8d2c0fd,5,0,0.064057222773739653,43.81053169110649,True,688,False,ranked_above_issuance_quota
synthetic_long_horizon_identifiability_v1,test,c_821941436a9b306adffb69a33be29a23,78f4d77ac8582da58f2c46cf8562c319fa0a804473264ed0dbfd12a4f48f4f5f,5,0,0.16677316974899842,32.548381984925442,True,212,True,
synthetic_long_horizon_identifiability_v1,test,c_8271a5536e129734be2b668041c6f022,66eb5735cbafe621f7aff56259665e697c687ea0946428ea779ee178a6d2f539,5,0,0.040716709081545004,32.647886814192724,True,219,True,
synthetic_long_horizon_identifiability_v1,test,c_827bcd03975866bae968a4db7caf2784,04cb9b84db781e402c06c7c5559dba839d91ca19914d4bacc479ec5fb6083827,5,0,0.013431489323794661,32.971227963922132,True,272,True,
synthetic_long_horizon_identifiability_v1,test,c_8285940366c981d0c83bcee60e5c0dba,fa74bc576ddf240c8dab874e2a2cd18cff28c01a00e33a9cc7047d76383622fa,5,0,0.071676615378781339,35.396134705261339,True,485,True,
synthetic_long_horizon_identifiability_v1,test,c_82ce0776dc19d272625d836ea267de88,107ad328d10448d467d310550636b5decfd18214866f29b85a026d513b76df80,5,0,0.20666917835978565,33.679178399784981,True,357,True,
synthetic_long_horizon_identifiability_v1,test,c_833a64bbe3c7978b923d1bbfa537c0e3,973957b4c836d0e154d025d374c78fb5287853b3c48f059db7df750033d50fc6,5,0,0.12388503979868257,32.141997074733524,True,34,True,
synthetic_long_horizon_identifiability_v1,test,c_8355d0ceb0c29cd5185678b0b3078335,8bb2884713eb0ada56cba42d7d415690367f83736f1e1b8602f7f6b7abf12d8f,5,0,0.028481664315827753,36.770587129958336,True,554,False,ranked_above_issuance_quota
synthetic_long_horizon_identifiability_v1,test,c_83dc800a1634b10d6ee67862d3408de3,69e56c4a0bba562e8b9e65cde2459f60c93c6ace17ed02758a02f501acb2621b,5,0,0.066885271228141169,35.869695948363294,True,520,False,ranked_above_issuance_quota
synthetic_long_horizon_identifiability_v1,test,c_83df4e109482ebfd56dc18dabbcab7ab,1d8444651c69b8fed0a723e33ae3c41905a7b1ff7cb1c8b4d6bf504e85e9041c,4,0,0.19749767883696573,50.243193604502089,True,723,False,ranked_above_issuance_quota
synthetic_long_horizon_identifiability_v1,test,c_84429d8ee5c3fce6990622365a434626,c44b68e082c7b9746bebfb8f5307d996fd91797b2dc0c7f83feac9e378e0977b,5,0,0.15766141636825357,42.481905512977214,True,674,False,ranked_above_issuance_quota
synthetic_long_horizon_identifiability_v1,test,c_84c621a854e22760b5b6269dc3edeed9,421d0bfc87a0419dec891159114a68743a16a3115aa2113b2537bc1ee875cdb4,0,0,0.46874231183393339,inf,False,,False,fewer_than_two_credible_structure_families;nonfinite_disagreement
synthetic_long_horizon_identifiability_v1,test,c_85039eef05c302310afe8c9ce08ce471,35966fe1b4591d87f470455d1a8d33578bf733e963e9eebe2d17dba6f9006262,5,0,0.073584382745189386,43.499281559628507,True,685,False,ranked_above_issuance_quota
synthetic_long_horizon_identifiability_v1,test,c_85276d6ce29a81f1a6a02f3f8af1d5f6,f1021110fe428c3846f84763d759d7889466af4cfa90229eb2607b59a7373754,1,0,0.055288363627833105,inf,False,,False,fewer_than_two_credible_structure_families;nonfinite_disagreement
synthetic_long_horizon_identifiability_v1,test,c_854ef504e69c939d31abd78ffbe971bf,9590116e3e008e5c0b697b26676fe01390a43b46643414b7721567b5990c316c,5,0,0.02547779145148903,36.145243450820239,True,528,False,ranked_above_issuance_quota
synthetic_long_horizon_identifiability_v1,test,c_85c344a56a2c68535cc63c02ab221b8e,374f2d4ed802da7c2494100e582fbf4ea05f989e77d5aa193c48d2a0cf6fab6c,5,0,0.05944505053508594,35.974562572576396,True,523,False,ranked_above_issuance_quota
synthetic_long_horizon_identifiability_v1,test,c_85dc0321dc3be8ad59e2b1769ed22d10,32b5746a81b47a16595e7e342724a031b32054c82e2f6636b97f0ba7cc4550fb,4,0,0.14156424465559619,32.760618208746962,True,238,True,
synthetic_long_horizon_identifiability_v1,test,c_8635325c8f188f9cf16f0e8eee52182f,bb856e48a45bbe139bd63a5b23b4dc59be02bc9a63ba9d8194f317a902957330,5,0,0.09705294896059527,37.620701454892021,True,587,False,ranked_above_issuance_quota
synthetic_long_horizon_identifiability_v1,test,c_8659126dbd2f3cb01c2098aeb44f496c,77fb936e3b1f6917c8bf848153d990d7900be187d2a4f919711cb22ee7f151da,4,0,0.15078941862661896,32.941608329140024,True,264,True,
synthetic_long_horizon_identifiability_v1,test,c_8676548a759113d0eceaa49c64b1506b,4b4541c8a195e4e2b41d1be43a1227a1ac411c4bef4b1777f8699e209dba0533,5,0,0.096122320598595962,32.141996857332508,True,30,True,
synthetic_long_horizon_identifiability_v1,test,c_86d416bb67df7516e4d6e965370b4b0a,3580932b16f4714e470b7826c5e94f9f649326cdc49dbef285a2fe8f3387ca2c,5,0,0.069181229649902629,33.139149657142717,True,295,True,
synthetic_long_horizon_identifiability_v1,test,c_86e03c412c3cfed8666b79dd3515f790,25a577ba287fec4f55d2e4ea6929af7960e2fff5ca40fb90cce4352e607ceb4a,0,0,0.36383834524396608,inf,False,,False,fewer_than_two_credible_structure_families;nonfinite_disagreement
synthetic_long_horizon_identifiability_v1,test,c_88256cab322f59d52f583cbf51dc0983,9463464bb618ff819e27aa778d0126870a48eb00e7991a9d5bfc4c7f9a3d6bb5,5,0,0.053515797574341606,35.095993996026998,True,460,True,
synthetic_long_horizon_identifiability_v1,test,c_88270e51d1f4e27f67f0f426a96d3568,be5334164190795fb318839d47c504709160b45472d25865d9f122e4cf9e8675,6,0,0.12060681920330214,32.192427653189611,True,152,True,
synthetic_long_horizon_identifiability_v1,test,c_883834d05c39ab35874b28bbc8c687c9,a8607bfb2e1857d7738413769c311a85d52ebbb9e81053d944ccd04eb5f0c1e6,5,0,0.081717568519089318,39.735397332905102,True,639,False,ranked_above_issuance_quota
synthetic_long_horizon_identifiability_v1,test,c_8874f8833585bec89f97c247573836c8,973a58eb7eaaf770a891b20b29e430022b6229b49eb397d9a3228d13c12ebff6,5,0,0.11539504358482132,33.001953421902783,True,277,True,
synthetic_long_horizon_identifiability_v1,test,c_88d4ed6ff7db6c6cdcf769da369d076c,a9cd482e1b370c6cc6e58efafad7514b80aeb6856a3e12e0162d05c39e29c117,5,0,0.22822583025292584,45.913976327257267,True,702,False,ranked_above_issuance_quota
synthetic_long_horizon_identifiability_v1,test,c_88f53cae014f7db8957565e15a3e54ad,f68a3e55bc82667efbdc553054df4fd1445acfa0ac5b97d54ce9a0906fbacb0a,5,0,0.10642755961760028,32.41135683775228,True,192,True,
synthetic_long_horizon_identifiability_v1,test,c_894bf6ef935f917130e01dd58016d2e8,4a31fe3fa4f7fa7aab88844cd284e9402699a2cb8d318c9bf31db2d3a026a2e1,5,0,0.028935917140111799,36.59311679166084,True,544,False,ranked_above_issuance_quota
synthetic_long_horizon_identifiability_v1,test,c_89c30d3a3f2e782fe04b9b244b1e5a99,2cc0932bdc920934f988092ce81ecd63a9c02d74d025e633064f8d474ed7bd59,5,0,0.074446820094711916,32.14199848904309,True,72,True,
synthetic_long_horizon_identifiability_v1,test,c_89c85a027c9b8522e34bf902603d571c,bd136135d90d057c27f6a5f0bd705659ba60497cd2a4be1b7375a43969218c47,5,0,0.11789815487585678,32.141996305639111,True,23,True,
synthetic_long_horizon_identifiability_v1,test,c_8a1b8e23533cade2766e83d3476f44e8,c5cfbbbc94efcede36a46ef119ca140bae9bc97048b3e51efdb100dabb791705,6,0,0.057069343505347696,32.304108953715172,True,171,True,
synthetic_long_horizon_identifiability_v1,test,c_8a313b6507d07a3ac8512f5af6b208b0,d951b1195f3a5cfe083b4f867e839f4ffa7c5565b1831b98fee72384e32b9a87,6,0,0.087741300119293972,33.80815089138936,True,370,True,
synthetic_long_horizon_identifiability_v1,test,c_8a93455b8d3b61bdb9980485e1b1b078,f482c5e1f7d8b9f6640d869877d30002199a9467a65ca37fd33eb00c17ff227d,0,0,0.22136436953750341,inf,False,,False,fewer_than_two_credible_structure_families;nonfinite_disagreement
synthetic_long_horizon_identifiability_v1,test,c_8af0523844b39ab54d021846c504513b,029d28807c08dc58feaef5a98c38298134089942489119cb216d99542d68bf60,4,0,0.11680391058921066,32.634682557652354,True,217,True,
synthetic_long_horizon_identifiability_v1,test,c_8b6545b5428ee4e4b368dc9a85ba55fa,0227ba51d4c74f4ef625d2596d3297bc438865c2c0da9ec36768581c0c038a76,5,0,0.08748131785342092,32.375101936656293,True,182,True,
synthetic_long_horizon_identifiability_v1,test,c_8bd90401323ccebbc560f9ab7ebb84f3,fd54a078baf94a0e5c24837eb57e467f04a27ddd51f587a5382bc61b497de107,5,0,0.13595071119405458,35.402339576242348,True,486,True,
synthetic_long_horizon_identifiability_v1,test,c_8bf6b3bec68c07178bcfb847e639942c,4dd5d8ba873ff148ab072b8c35e578261b53fcefc373ab19cdf9588f4ec692aa,5,0,0.070194819278106627,33.073684587124987,True,284,True,
synthetic_long_horizon_identifiability_v1,test,c_8c93c5e96c8abdb8e634571c5d05bc00,7b7ad0770c864087368d25d5e24f14261a73df122eba31b324f76d0004a1e3ea,5,0,0.11283811210928281,37.556051467162241,True,585,False,ranked_above_issuance_quota
synthetic_long_horizon_identifiability_v1,test,c_8d97e6c660adb52ce1bec57dfd5d0b2e,a1fb07e53eac75f15ee140cc991cd64f74c0829a28b1baa0724d4414cf024a5a,5,0,0.030925485084364421,33.263248321520116,True,313,True,
synthetic_long_horizon_identifiability_v1,test,c_8dab129f6aae1be0c23521b6c5155c67,154a1697ddd67e29a967d8c716deecea2aa7b8b633abdaefb0c296e119ceea40,0,0,0.33006784826756064,inf,False,,False,fewer_than_two_credible_structure_families;nonfinite_disagreement
synthetic_long_horizon_identifiability_v1,test,c_8e0fc35acedf3323998d2dd088eee1f6,9f66ba3553fb6524089fe193639d414d2331daf3614d7f1d8256875cea6d7718,0,0,0.23909197254632344,inf,False,,False,fewer_than_two_credible_structure_families;nonfinite_disagreement
synthetic_long_horizon_identifiability_v1,test,c_8e34dadc4f20b8261eda7bf1d6fed53b,b36e61540160144a82557cc0ebefbe714600dc1b845cb4e181d158271dc017f6,4,0,0.24593993211487991,58.636678804126682,True,780,False,ranked_above_issuance_quota
synthetic_long_horizon_identifiability_v1,test,c_8e981a62a9f8620fe313c40e71efc148,50fbce54111480cd33f44f966b8309afe644dc255dcfd46f7b64e5776908b89e,5,0,0.16608989163527715,36.891272020953743,True,558,False,ranked_above_issuance_quota
synthetic_long_horizon_identifiability_v1,test,c_8ed2e429c81f7b85bfcbc2c6ba0a38c4,edfc9de378e9d5e9346c0ce6ef45d5d47c7e36b3d41c072ebdef35fab998976c,5,0,0.11103443206778749,45.518834527009354,True,697,False,ranked_above_issuance_quota
synthetic_long_horizon_identifiability_v1,test,c_8f7111a252681809cac4fc1a7e93a489,5ab0a955c36f9c2db3ad09697e59b7a1fe61ac296e4536fd356db9229ec19e6f,5,0,0.091100239376529862,32.141998970937053,True,86,True,
synthetic_long_horizon_identifiability_v1,test,c_8f9d9ea22cda368be66bb9043e561b70,994953bf5e41b8de1bb8aa3643796ef218bef30d2cd211864f218fadd6a7dd82,5,0,0.090905015851227539,40.816182280142989,True,660,False,ranked_above_issuance_quota
synthetic_long_horizon_identifiability_v1,test,c_8ff35495c1427a2693ab6bbcc4109b42,ac2e802b91c9af62b2f13acb01eb8d3c40b65af8948a261fa6fcc7daf34d40cf,5,0,0.13073913056681344,39.614993927217391,True,636,False,ranked_above_issuance_quota
synthetic_long_horizon_identifiability_v1,test,c_902859827b37ee649d6c838f94809cd8,0ad675e84519ff9eabca2751a3fd3c80653e0474be5e406b1a0c68e5b3d57e8b,5,0,0.10456010655084995,40.272021354776307,True,650,False,ranked_above_issuance_quota
synthetic_long_horizon_identifiability_v1,test,c_90602541cc6eaae666b62f6e8cada428,f9274a9169dd88bbe48acfade3c66f687f5c59697b22f983dbedd4b2212b7d44,5,0,0.081908508833298185,32.142001391864504,True,126,True,
synthetic_long_horizon_identifiability_v1,test,c_9070b54c4c8bca66370ebb15918e576d,c353e19a8790fa7e36bff8d7b7cb5bd382f24504dc2c9cf04de123319624087f,5,0,0.12016096722028481,32.272893996488818,True,162,True,
synthetic_long_horizon_identifiability_v1,test,c_908e44a900dab4be248fd1556f044f69,9ab9d34e1074c972b160baf8131d98b56a06c5dbe24c4b5238b20002c9b906ed,5,0,0.041176589792970092,32.702944982590111,True,225,True,
synthetic_long_horizon_identifiability_v1,test,c_9098b6786ffd2b8d526be5fe12b408d7,0dc74dffa8730fd627632dbc212c189aa07628b9bf460b7d542694b75b08b504,5,0,0.12963373920737681,32.141997721127581,True,46,True,
synthetic_long_horizon_identifiability_v1,test,c_90b3da5f550d8abdc5898629451d97fa,a80c239018c01293415ab940f2881265f7eee376d77fdc72e39ec2a1597d0059,5,0,0.063400471953343404,32.141998086274612,True,57,True,
synthetic_long_horizon_identifiability_v1,test,c_90f1fe15f5f1038b2b5e90a25f60eb66,1d813bf4e5b25c32af11cd498957e991c7b2837124fbc57f960501b9dcbe9637,0,0,0.49655732635377875,inf,False,,False,fewer_than_two_credible_structure_families;nonfinite_disagreement
synthetic_long_horizon_identifiability_v1,test,c_90f2ba8ea10d1704a955e4b9ec283215,9690aefd8249b91098d9c323d9e18bd7473f937cd87e2583fdfe47389f7eea6b,5,0,0.031324189066776864,34.882780564831243,True,451,True,
synthetic_long_horizon_identifiability_v1,test,c_910bdebbe02272c530761328b2db31c4,ba35462bb55e9beb6fe4b4c34f4e3343096314fc73646036d482783ce52f0147,4,0,0.089321404607541663,33.310052384027884,True,321,True,
synthetic_long_horizon_identifiability_v1,test,c_9127f164fa9addc353f4a1542b09a226,e7f4bf70cc2e0f5b90d0d7ee6cdc1649d1dcaf9477fc9666ee063359fcb0076d,5,0,0.019507732802741946,32.141998072786038,True,55,True,
synthetic_long_horizon_identifiability_v1,test,c_9151be20658efe4309acc3f69cbe80f0,3ceab345e79ca033649a2ec0ee78b657274a56c92310df34fbc63c6271be30ed,5,0,0.029214223357225476,32.141998895942066,True,82,True,
synthetic_long_horizon_identifiability_v1,test,c_918dafe5825755959690244cedde6138,3336f837dfbfd113638d84473b23ac429c27e85688d2b39ee2aecfdd66058072,1,0,0.12515109804224125,inf,False,,False,fewer_than_two_credible_structure_families;nonfinite_disagreement
synthetic_long_horizon_identifiability_v1,test,c_9204bb073673696f7dbc46f5211625ff,f353b0efde242ce18cdfc4a42dfc4bb0beabef008ab107318bd451892aeedfa6,5,0,0.15370956492783985,34.435818199925649,True,425,True,
synthetic_long_horizon_identifiability_v1,test,c_92314333f04341e3cb9c0090956dbc29,adfb8bf3c066c5defbafba823c052cd5e28cfc8d33c91f48c55fb6c4e197c4fb,5,0,0.091926533259927737,34.64808996688059,True,433,True,
synthetic_long_horizon_identifiability_v1,test,c_9297deb8def6aaae7acde7118509912f,ac28ca2b363b7679596059323f86f99e9075c343841402bc31d593e8b1f16ab8,5,0,0.021760237244672374,34.220307382441895,True,406,True,
synthetic_long_horizon_identifiability_v1,test,c_92af71c4ef15fe36496dc984744a1c5d,ac392c6215e3fbecb203f2dd807908378a5b67aa5e34d99bb773262718693ab3,4,0,0.16177162609468987,54.529296193405052,True,753,False,ranked_above_issuance_quota
synthetic_long_horizon_identifiability_v1,test,c_92bbdbb0ef49053f789e277142c35a20,d80b17c6d666f94bc84ce9879f851a4cf10c26d83a597f2c67cc6dead0b58354,0,0,0.22453402647614926,inf,False,,False,fewer_than_two_credible_structure_families;nonfinite_disagreement
synthetic_long_horizon_identifiability_v1,test,c_92d5befb2ad182a91cd074fa7cb48628,43adee495384906438584765c95f8c583452a148f7ac8430655aa3b124eb0881,4,0,0.081387097756544541,32.142010112968684,True,139,True,
synthetic_long_horizon_identifiability_v1,test,c_92dc831b675258c7b89101813b37037d,b707d2a36f9c06139cf221f2afb60adf4eb142579991b35152455e3b776ddb38,5,0,0.072134632577798757,33.108588278757473,True,291,True,
synthetic_long_horizon_identifiability_v1,test,c_92fe9004d1280cbd453ef032191f0d85,be30f5884025990eb0f2be19779c65f882f7a0c2d22e621ce754fab38d03b3b7,5,0,0.17747599113556009,32.142001639428472,True,128,True,
synthetic_long_horizon_identifiability_v1,test,c_932c893a1b77669fb39ed959e21e4652,e64ffae75f57a2c03f6da38038e42345de2f23d04aa1b5130fe211268e5f0c17,5,0,0.064851066172746566,38.594092683015809,True,613,False,ranked_above_issuance_quota
synthetic_long_horizon_identifiability_v1,test,c_939759b1df6e35dfbeef091e39ea250d,53539320e58691cd3b8b53abfeefdbfdf3c5bf51e56f0c879db561d28963c63a,5,0,0.22357047985824474,43.210029309347341,True,682,False,ranked_above_issuance_quota
synthetic_long_horizon_identifiability_v1,test,c_93ca05d3d2cb5205f5f309a4ee7f0aa8,d8fd6b7fde66385d302eb2167957a5773092d91692ea73c4ef89cb924cc337fc,0,0,0.30864723804109795,inf,False,,False,fewer_than_two_credible_structure_families;nonfinite_disagreement
synthetic_long_horizon_identifiability_v1,test,c_941cdc123335df0f1f8cd234462688f2,8dfc006bdead77facb35c63a43f80410e68411eb77b726aa1dba3732c7a3117f,5,0,0.10145314535305471,33.577478871282011,True,348,True,
synthetic_long_horizon_identifiability_v1,test,c_94766e6b3ab4b18dd4b37c26aab54814,157d5e5a82eafe378e689860b53025e6efe44a981114ce79c5824f301f1d12c5,5,0,0.086013516902347029,35.509077000194594,True,498,True,
synthetic_long_horizon_identifiability_v1,test,c_950839a7c979e0158b98de8f3b7a5323,61da005a8ce4af3531d1a415c3b39ce9ebcb3b25e551e714f3214f18b00d258c,5,0,0.054715227458058686,37.966655208901734,True,596,False,ranked_above_issuance_quota
synthetic_long_horizon_identifiability_v1,test,c_9526fa40e17e3c15237c97fc821bc4dc,911e115df10ca31c31149714d8a9117299e926b34a0fe41f0f1341953a6693a5,5,0,0.18444940192938367,33.943011661650033,True,385,True,
synthetic_long_horizon_identifiability_v1,test,c_952ee1d22a92ac3d9a9614d35c99f4f5,7a02a9f1fa26251313cc338d6576e0ae931006c4c6d720e64359c1ee2ca51f43,5,0,0.14314757607521914,38.201997927232725,True,604,False,ranked_above_issuance_quota
synthetic_long_horizon_identifiability_v1,test,c_95512b20cbfffa3d62ef243859dc668c,08c6514f2fcce55f97573a4714a7a6693d45e263bfdc0aa20ae8b4e20564c1a4,5,0,0.052307329505410997,32.141998623470442,True,75,True,
synthetic_long_horizon_identifiability_v1,test,c_95b456e2db7c3a05c9159a3447681716,0990e1311b739da0d3551c433ed77235babe249cb2bbfab05936c48c48d8a0b6,0,0,0.30421043900474087,inf,False,,False,fewer_than_two_credible_structure_families;nonfinite_disagreement
synthetic_long_horizon_identifiability_v1,test,c_95bb70696e8da1c7a5c81ddd60e31c18,738129d7c03901755e4c2f175763223c4c59f89e739b25b20dd38ac75432235d,5,0,0.094692983179784043,53.137505841848373,True,740,False,ranked_above_issuance_quota
synthetic_long_horizon_identifiability_v1,test,c_968f65239a8ba3fba7e40ec34b443f18,f680c443b47cabbae9c40aff408838def3bb731cb853d16ace2f3db5f7354402,5,0,0.12474939338265303,32.141997745634292,True,47,True,
synthetic_long_horizon_identifiability_v1,test,c_97274746c88e2bd89bd605387976d654,cfd128e3af4f8e0719c3d3f207bf773b1051600b36c4ef3f0dffb23350dab901,5,0,0.10162665303481554,32.142001641053206,True,129,True,
synthetic_long_horizon_identifiability_v1,test,c_97318388d19cec9a8eeae82b9d5999ed,c800ff741de648afa6c84b62ab54aba27e06e83d97d0735a698fc7a1464176e3,4,0,0.25651077748818257,50.181016108262419,True,722,False,ranked_above_issuance_quota
synthetic_long_horizon_identifiability_v1,test,c_974a29ade06c37460488832f96981472,7a139b1756bc0b0b85c62df5041e5dfff8ffb0051111bafe67d21fa4ea39c8c0,5,0,0.031997905009738092,34.100642683050111,True,396,True,
synthetic_long_horizon_identifiability_v1,test,c_975f42c7742dc5557711637e9781f246,89e740187fdd9b484c0cb27a05e830d50dd78c4a032d78375679758024945277,5,0,0.068295511376439397,46.332292888602034,True,704,False,ranked_above_issuance_quota
synthetic_long_horizon_identifiability_v1,test,c_97a312dd2b198b2385463dcc46836df8,f5d7be15b19bfc94cae031c11d0986615b280d76fc39e2b3b5a045b3c0963264,5,0,0.080164470915921895,54.194259364007912,True,751,False,ranked_above_issuance_quota
synthetic_long_horizon_identifiability_v1,test,c_97e78e575fb422aa7a6ed6b73bb235c2,8f024c0c14a04b4db9d4c52bde4b73a5cc929780eab88ba43b5d88f831d74ada,5,0,0.10599783526118924,32.717475496190985,True,229,True,
synthetic_long_horizon_identifiability_v1,test,c_98099d60833c4879f9df87527ed95e9b,13b2c5050e681d165c0404f8c7dcfd91867395444ed06b248165693e4c323a5d,4,0,0.084045785914490273,32.142027305156766,True,141,True,
synthetic_long_horizon_identifiability_v1,test,c_988284377bcbad8800ebfbd0f68ee365,eb84feb3ebfea3cea22fdf683e298e05f5e81abf139daa0757217e8f57c85028,5,0,0.1466725161147289,40.730334496952132,True,659,False,ranked_above_issuance_quota
synthetic_long_horizon_identifiability_v1,test,c_98c34681f2567c3b3f43da05348083c1,01a56508646ca9637f261dbcbdec60ca2f05b6a82f8e039f4634e45539c68390,5,0,0.15647698422046208,56.926016940648218,True,765,False,ranked_above_issuance_quota
synthetic_long_horizon_identifiability_v1,test,c_98d503f6ed02bb7d2d6d253c76e339af,4cf7bac29eb4faa4a8d2d9c50fd99e2d6843d9e8ddb0761e33856b2f49ab8a82,5,0,0.093396712780277155,38.432684903779425,True,610,False,ranked_above_issuance_quota
synthetic_long_horizon_identifiability_v1,test,c_991698133afdced247b556a5a77c00d3,bd2fc1d66ef725830343d1e6d03a598a07e722627c2d8ab5ec0388d566414d0c,5,0,0.098483775215731997,32.479420902657964,True,202,True,
synthetic_long_horizon_identifiability_v1,test,c_99835414dc52e7c5073432a003cfa13d,39f038bfec819752086874884fadccaa82cf0abb666c7ffde5173b90ebc861ee,6,0,0.048501947154691097,32.463804128289723,True,201,True,
synthetic_long_horizon_identifiability_v1,test,c_9986a0762d2019d55900baef2816d893,68978ad50dfcea1cd8d8905dd72de0d161ea50f64a71c5a65f40ec86ba5b8dec,5,0,0.034455474043194961,35.053739165497809,True,459,True,
synthetic_long_horizon_identifiability_v1,test,c_99ad9a3529bad1faccdc415f2edff6e5,338ea1cabb39f99e831b50da73e933299ef2113e7f91784343ad34de2365fe68,4,0,0.11163010020970966,43.155943867786469,True,681,False,ranked_above_issuance_quota
synthetic_long_horizon_identifiability_v1,test,c_99f434383132863719090a4112a7140f,bd8ce165532c4e8f8fe14c0948c4e7f8bd6bb3a0a3ecb91a4693b06391be44f0,5,0,0.082670395966452856,33.110166127897422,True,292,True,
synthetic_long_horizon_identifiability_v1,test,c_9a0846856357ae8e26018e1757233b0f,f680c6fab5fc00d29cc9e5366eeb392a519604d01a2537748de64fba56952ff5,4,0,0.1036096836778624,54.625869279740115,True,755,False,ranked_above_issuance_quota
synthetic_long_horizon_identifiability_v1,test,c_9a1766aca348ab57db403b85403d0620,a44cad08a37573b0cdb9f6eb055e8a39fbc54331a0c6f2c30b3771027cee4912,5,0,0.053213933410626107,32.8507640371025,True,249,True,
synthetic_long_horizon_identifiability_v1,test,c_9ad7716df46479c86d9ea1694c533dce,ded009f5593bede817fab56c30c449e4502982edcc5f76b8494117a22be802ee,5,0,0.12447407385787629,42.501994879069265,True,675,False,ranked_above_issuance_quota
synthetic_long_horizon_identifiability_v1,test,c_9b2bcb4fd7efb4134e869d950ad4aacc,0d58c18e5bf05ca92addcec7d93a37695cccb0e30f9ae93a599ad0982e08199f,5,0,0.12585276466923839,54.845386728232889,True,758,False,ranked_above_issuance_quota
synthetic_long_horizon_identifiability_v1,test,c_9b46000802e82ae0d07b723003520d01,6678a8ad9e00bd31dac22466ba75cc93ad97b0fe80f07d8c4568016a6ac5b882,5,0,0.061314492621403281,35.404588482922968,True,487,True,
synthetic_long_horizon_identifiability_v1,test,c_9bd8ad1b24c207e13a1288529387b836,cda7499a9e65b05dd744e6ca9794d02c6eb0f57c6a1e328b315e404e58fe9c14,5,0,0.080030325917902476,33.769882764405764,True,367,True,
synthetic_long_horizon_identifiability_v1,test,c_9c3c5e78bf130d88b46900db308f0bd0,5ba5842a1969d2df0f1266ced74b2381f8e9272c6d720f20f417e1c4724fcc8a,5,0,0.052651731267878282,32.141998387279514,True,69,True,
synthetic_long_horizon_identifiability_v1,test,c_9c699329bb09abee8d6b0d9abbc56611,adc69951eee7a176d19e2b2f378ce3c10a84050fa1b9123fc293a6e119a5ae3d,0,0,0.37034358303012999,inf,False,,False,fewer_than_two_credible_structure_families;nonfinite_disagreement
synthetic_long_horizon_identifiability_v1,test,c_9c8ef78f8e0b924023d225f60df4044e,dcf275cf5268adddcfc2a0a4547a3dfc6812ca682ddefbab57eec8c791f24180,0,0,0.33867880132852768,inf,False,,False,fewer_than_two_credible_structure_families;nonfinite_disagreement
synthetic_long_horizon_identifiability_v1,test,c_9caf9b82b3f77c49887a6c1244657a78,9a52fc796fcd97d3ecef3677c81dd6e3f5edad39dee89c51c6f54aba8edc365c,5,0,0.082350951795324687,32.141998005009356,True,54,True,
synthetic_long_horizon_identifiability_v1,test,c_9cd8f703ced8efa64220f3c4b0a0e018,54d644bbf5aa67f6dee3724fbdf6d51fca385d3a187b1abb4360316689d2510c,5,0,0.049380644739126782,33.975174660533291,True,387,True,
synthetic_long_horizon_identifiability_v1,test,c_9d0193cc5dca0fb58dda5457795f2f35,f5fbf07e5c5c13ce8ebd9c9deb2d72bb5542d9b1bf00352ff21fe36b1eaad9bf,4,0,0.26033491392307045,32.246626103267772,True,158,True,
synthetic_long_horizon_identifiability_v1,test,c_9d8382b64f89afa54f14fcf61451fba3,c7a4ac197f92cf5c0226411428254e7a74023714a28658096652b92296ebb78d,5,0,0.15988560341628566,38.879321723291277,True,625,False,ranked_above_issuance_quota
synthetic_long_horizon_identifiability_v1,test,c_9d8561e372340ebe4cd45a4856af84cf,86cde51c696135f8f7d5ba3c838d08acc198908c875ffb0e86e8670e779962d9,1,0,0.071338720321826546,inf,False,,False,fewer_than_two_credible_structure_families;nonfinite_disagreement
synthetic_long_horizon_identifiability_v1,test,c_9ddb49f4d55475b3b8907aa0bf221744,458562a7ea34b9d49ad44e9077b6de903e49b29be042436892d757e9659d5b3f,1,0,0.032868464115344213,inf,False,,False,fewer_than_two_credible_structure_families;nonfinite_disagreement
synthetic_long_horizon_identifiability_v1,test,c_9de601ca0e8804ff13c0d62530b06689,17c53dc5d2b4cf0c72de34de31ad0cd61716c8585019a537f6a5c10e54b06ade,5,0,0.11808897039764298,56.719767313008909,True,763,False,ranked_above_issuance_quota
synthetic_long_horizon_identifiability_v1,test,c_9e0900ca1e7f903550820a0fbac7ce75,0afb7be71578d3954e5ce5c46cd108436f0a4b818a716fa57891998eda18ba37,4,0,0.023428120628998284,32.141990151546572,True,8,True,
synthetic_long_horizon_identifiability_v1,test,c_9e90e890b920254f609cb13098b90534,0743cd86a9185a1be419ad46a77d5c602034d37d55abe678df3cdf2b1b3067a7,5,0,0.038094372246796175,33.502829099512844,True,342,True,
synthetic_long_horizon_identifiability_v1,test,c_9f17fca107004cd0b4ec0e8e6e405c9f,feffd6f3a6619b401d164334f6c7d990f0f1383a2c6e4d209d6d20bbf588196e,0,0,0.25252393712791182,inf,False,,False,fewer_than_two_credible_structure_families;nonfinite_disagreement
synthetic_long_horizon_identifiability_v1,test,c_9f7526437b370b0592e3870db776c1fd,8574cf8e247d10cf126d8dae595a524013fb1c21c29edf742857ef24cf64e48d,5,0,0.055736190154313955,37.78454489544027,True,590,False,ranked_above_issuance_quota
synthetic_long_horizon_identifiability_v1,test,c_9f9115ed101d7d973a13c80001158c0a,5e927234cdb125b6120e206e3528b81cbc62852d9e0d60cb41869a889eaa7763,5,0,0.14923057947593263,40.290538149105011,True,651,False,ranked_above_issuance_quota
synthetic_long_horizon_identifiability_v1,test,c_a02cd51728a1531f562efda2a5eddff4,4c65317f47c80ee87e376a5e9d960eb7e144d4fab5327d44796a5e963c21dd5e,1,0,0.14393663316425442,inf,False,,False,fewer_than_two_credible_structure_families;nonfinite_disagreement
synthetic_long_horizon_identifiability_v1,test,c_a03370ca09f371cba86e51970b1c88a2,b498a548b8a0029674e81e3511fd57bde74d0eb30679daf8f67ece58e832b7a9,6,0,0.043868717893107589,32.141999272035321,True,93,True,
synthetic_long_horizon_identifiability_v1,test,c_a04db0de5caec89067eb2196b9a51b67,e42ffa9dc69de361ac682959cc63f573a82497f5757edcc670f58233dd966643,4,0,0.14193215777224633,33.296005498770668,True,316,True,
synthetic_long_horizon_identifiability_v1,test,c_a06f294990b85626109b1c701d5c4d8a,e9f1e514f4fcfc74853ef42d8cfe7c8463fe8c548d98f179ee7c2bcfdfe4b4d1,5,0,0.11992396791121389,39.802126797583178,True,640,False,ranked_above_issuance_quota
synthetic_long_horizon_identifiability_v1,test,c_a0a5a3c186740ff6c7f5872bc1243d22,ec5d7e8a4da343e7fe44f77dde93eec22c4c7c646fe756ccaefabd6aa748bfe3,5,0,0.062008094774370186,37.161623057985118,True,569,False,ranked_above_issuance_quota
synthetic_long_horizon_identifiability_v1,test,c_a0ba907142e28b8b07c3b3ccf064f878,250cac1ee949eaa4acf809a6796c136dfde090f98119dec937be3238381e8c2d,5,0,0.056733789081257223,35.6760760063598,True,508,False,ranked_above_issuance_quota
synthetic_long_horizon_identifiability_v1,test,c_a0c2f94a8c2f778a4e899e733e0fb44b,0b021787ada83978c2a15aecf394100c4bf29e74fe052e5593e2f3c68ab8abfb,5,0,0.046836863635903052,32.823304615547329,True,246,True,
synthetic_long_horizon_identifiability_v1,test,c_a0c37afb4fd27f2b326c902daece689a,695d92ec724a34c2829885d81219e9ffb216e46bdea2d3ba7566dc576c58a264,6,0,0.19417613521485008,39.586915507809458,True,634,False,ranked_above_issuance_quota
synthetic_long_horizon_identifiability_v1,test,c_a193e43056f8d323a86f818004671018,3d5aa97185527bcb3710bfdf613b3b309e6fc52fd19abee65250b35a263abb5d,5,0,0.078234102815532378,34.736036038440709,True,439,True,
synthetic_long_horizon_identifiability_v1,test,c_a1cff8572f4ff602635340927ce02fc4,fc3e1faa18c3a5551550da32d6d0221a140ce8d8671d4cd58d4b7c9181f99354,5,0,0.054457808221595523,32.141998075526551,True,56,True,
synthetic_long_horizon_identifiability_v1,test,c_a2157f74c3dc4fa8c82771cb6fd56522,04a974102216d58de1583383782eee6cafae0c47624d86e41bc45eddb5335f83,5,0,0.04698589677358888,32.942255409050077,True,265,True,
synthetic_long_horizon_identifiability_v1,test,c_a2377e906aa58b304f35b1d2ad85fc1f,eb33965fda43a841f1630d55431875a6557b731b8ea4a92812bc008b49f751e3,5,0,0.16073591787711991,56.98318519157754,True,767,False,ranked_above_issuance_quota
synthetic_long_horizon_identifiability_v1,test,c_a263dc1a5a77e74a80b55bf6899cab4c,4a29230e290fedf32e3650906c313e1985efeba21917714864ac0e770ea385ab,4,0,0.10635604632162779,32.147353888744249,True,145,True,
synthetic_long_horizon_identifiability_v1,test,c_a2cdd218ffe29d7d6dd6f459eed78e13,66804a9f9a77057d2bbb621cc97930a67e411959102bbbac2d051b3fc7c9dd6b,4,0,0.22041891087464857,31.696958556971424,True,4,True,
synthetic_long_horizon_identifiability_v1,test,c_a2ea46a07cf64783d9591af6b0808462,c5b6187aff2596dbd4ce8cdf9db589f61e9b4bc749974787827da8e2ead8d3e9,4,0,0.099862566577876288,32.141995555664046,True,14,True,
synthetic_long_horizon_identifiability_v1,test,c_a2f901d080b52eb952ce5f714fb9ebf6,8276a91a0bf4a26cce88811081f387e97e33184359f83616fb94f21e94bf48f5,5,0,0.0183841645944057,35.739088774036311,True,514,False,ranked_above_issuance_quota
synthetic_long_horizon_identifiability_v1,test,c_a302fee3f917248f093b4561f5ffec6e,a95aa1453c21af32a3a43481e58731820367429943c43d298697de4827ad89ad,5,0,0.052052493045620395,34.270534364606569,True,413,True,
synthetic_long_horizon_identifiability_v1,test,c_a3481f052243eb5ff04ea79fd1cf2b34,517d22ac5c3436f51e2310c4b9fd2095e540c3566e67571797de6ef7b8cf9fad,5,0,0.02979746312611466,35.679200332554977,True,509,False,ranked_above_issuance_quota
synthetic_long_horizon_identifiability_v1,test,c_a34c78721f2f6a837ea2217694a16c7a,d4270d35b50375e87ae637523ae34f69a0ff91d7b54581102740b64539d95c5e,5,0,0.090553790626189984,32.939760798817552,True,263,True,
synthetic_long_horizon_identifiability_v1,test,c_a3b3be84cc7f8bc893d3961a569943d8,4023f584cf102fd4e7950b835becbe3a7d79f37f5533f63148065cd9c4017c74,0,0,0.44725477913011852,inf,False,,False,fewer_than_two_credible_structure_families;nonfinite_disagreement
synthetic_long_horizon_identifiability_v1,test,c_a460d759e6ecf3b789b0e781be446e5b,ed542c5109a10bcd97ff206327ecb7c3dac4ec510a327de2d9723f27d2aa58ed,5,0,0.044750091475980948,35.430804944015115,True,493,True,
synthetic_long_horizon_identifiability_v1,test,c_a48bcb0f12a1e55bc100dac2d88814e2,ab2da2eac7633a44c4cacc87a916316f7d6a7ec6dfda2ff72ec65944e0944596,0,0,0.42801528110446968,inf,False,,False,fewer_than_two_credible_structure_families;nonfinite_disagreement
synthetic_long_horizon_identifiability_v1,test,c_a4e009d10971bae123af087e58a02946,1a43a0f8964077f1b57bb97e14735cf575bf2cc9e53807091e53716c2925b945,5,0,0.088654551540978996,33.83924658850691,True,373,True,
synthetic_long_horizon_identifiability_v1,test,c_a4ead36505cf50170f63fa9086d0e31c,61f84445d7c5453902f736cef3f66f8a989b861e79bd2410d568f0a6668c8071,5,0,0.15105359654941092,38.674887238374929,True,616,False,ranked_above_issuance_quota
synthetic_long_horizon_identifiability_v1,test,c_a54bab0544d8539a62c2a5bdbf28640d,da517287a52ace1a7fd4a53591c3f75f3e45857f39b7bb79d1acba9ce95e4354,5,0,0.1472012944740797,32.914582646400518,True,258,True,
synthetic_long_horizon_identifiability_v1,test,c_a5f123a6d8316d3eacf269b7f9090bde,8eed6569a461eab773c96edc240732a0920844a03755d9da37d1cfc249c8b969,5,0,0.13150687391472332,38.292450538996754,True,607,False,ranked_above_issuance_quota
synthetic_long_horizon_identifiability_v1,test,c_a6333f22696bde83d576021e6dac1944,548148bebcee3b9fe9950f5aedff0c6594dffd45041ed047a1dca43f1d479086,5,0,0.14146987840753963,48.860843428794084,True,716,False,ranked_above_issuance_quota
synthetic_long_horizon_identifiability_v1,test,c_a645219cf355a8e4bfb273e5b0d995d3,ced80ce83be8ff16aa728608d3c4275c89b8fc899dfb6bd1ab686f1df7c3a005,1,0,0.0341821208219725,inf,False,,False,fewer_than_two_credible_structure_families;nonfinite_disagreement
synthetic_long_horizon_identifiability_v1,test,c_a6be7c008b4c1543617efb863d16a486,99e20b5619270bd2c632a035db5aa4a99449b9629da1f87e113c10cf173c4c5e,5,0,0.18632399599567448,33.162095367890345,True,296,True,
synthetic_long_horizon_identifiability_v1,test,c_a6d3c341437b616e4e5da278bfe41e0a,697903f95f1f6875127d8924cbd60a548f17360b89309ef94868b9410b83a3cf,1,0,0.059993144564831388,inf,False,,False,fewer_than_two_credible_structure_families;nonfinite_disagreement
synthetic_long_horizon_identifiability_v1,test,c_a83a7199d31d098b02ae4b1b946eb088,84cc5f38a6297edbdf982c57d83d60500bf07643f7157e70b352a3f8cd0cc461,1,0,0.11577925138867655,inf,False,,False,fewer_than_two_credible_structure_families;nonfinite_disagreement
synthetic_long_horizon_identifiability_v1,test,c_a841bc7167e007fe155c948ff9ed9c36,929410bb41d7c2e846009df75dfa5cd3f3e0a6b507ad52540c90895280cd61ca,0,0,0.48352514309209188,inf,False,,False,fewer_than_two_credible_structure_families;nonfinite_disagreement
synthetic_long_horizon_identifiability_v1,test,c_a88fcb50c21cf31ddb3d36b1d72ba31c,69591b37bf5f08c1b887a4c8c9091e0cdfdec517b6b613be77afe29d44dd399f,5,0,0.023166857965174745,32.141998689730897,True,77,True,
synthetic_long_horizon_identifiability_v1,test,c_a8a547da5e7ebfb643b5cff9ad2a8916,74c72898840d7602c3861f2b8286695e185ca87e550e83f6026be14dd2aadd92,5,0,0.2117923752327954,40.138084304496466,True,645,False,ranked_above_issuance_quota
synthetic_long_horizon_identifiability_v1,test,c_a8b22d01c3af86ad7d0bcdbc6a00fa3e,8ae23fc217800fe9ec1743e951aa27e54b7051c1099181ad0ebf728b82c96c31,5,0,0.023523655343777983,40.611830982771856,True,656,False,ranked_above_issuance_quota
synthetic_long_horizon_identifiability_v1,test,c_a8e61a98731efa1e7ec7911db38f73a9,aca6174f14e5cbefd697a42005829b78e6861b538244f5bdb8f40c8e4c46e76b,5,0,0.10568413220382428,35.543036837204262,True,501,False,ranked_above_issuance_quota
synthetic_long_horizon_identifiability_v1,test,c_a9043a3c1b0dd267be69a722a23397c0,016d2e391f7b4991c4cb7d40419f565ecb30d69d63c2ad7e0d1f8a4abf95f152,5,0,0.13988286500473024,35.177513783454394,True,468,True,
synthetic_long_horizon_identifiability_v1,test,c_a9159f17e003fd70197d59c7fc38eac7,772fb88f67bca207dc2a1fd0a5b01cd303d15ed400581e53e9aa7e0b9f934e51,5,0,0.11844298235186845,32.141999254542327,True,91,True,
synthetic_long_horizon_identifiability_v1,test,c_a9341f6ee4b13058fad58669deb1b994,d5333f63a435217e7418c405ba6f3a21f9ed7f99378c07dc8f3f4cebd90328e7,0,0,0.37354746634959329,inf,False,,False,fewer_than_two_credible_structure_families;nonfinite_disagreement
synthetic_long_horizon_identifiability_v1,test,c_aa2f93ca19c1439356fd891bd5838b3f,93b23eda42e9eac4e0aa8c15bdd9fe85760b4fd3e381407f9635cc2ab8a38806,5,0,0.10043345968776864,32.808956314866144,True,244,True,
synthetic_long_horizon_identifiability_v1,test,c_aa400fdf428b6fa392c1932682068138,66a8eb9192f380ea7e960ebdf614bed4422ecdaeb822b252228235dd588ea1ba,5,0,0.10733867418613147,36.861111480660604,True,556,False,ranked_above_issuance_quota
synthetic_long_horizon_identifiability_v1,test,c_aa5362fda546c1cb02a61e45e5fbfd3b,1d8e7ffa585ab6679afc28229942887a2ebf95de869fecee61c9ebe18915ef36,5,0,0.13735856101082705,32.142000470239878,True,122,True,
synthetic_long_horizon_identifiability_v1,test,c_aa6abcea20edb5d3509cb7c4b612fd9f,83eb9f38a184a52bd1bf5d362534b575bbacabc71111a72202a2296c9f99c7a2,5,0,0.077041596333565304,32.142001202466119,True,125,True,
synthetic_long_horizon_identifiability_v1,test,c_aa706c47df82f15731c54c511194d1e3,7b897308e0262baaa3576d1136d5eaf49ddd0a599a1051dfb5339f09ee9a8b17,5,0,0.068316885214263878,38.029088746053908,True,599,False,ranked_above_issuance_quota
synthetic_long_horizon_identifiability_v1,test,c_aabf5e9964482876f68d15a5f408c83d,933e1226ee96ecbbf3818e0a1ddee73bc896a46ab8249e2dea88e01573a2f740,1,0,0.24772179966625468,inf,False,,False,fewer_than_two_credible_structure_families;nonfinite_disagreement
synthetic_long_horizon_identifiability_v1,test,c_aaec9aeace471a9b316b7afa40c246b6,c8f0811d74c0cb3c96c2513a52b97a9092b4157399c78486329c4ba52737bd39,5,0,0.098747210650168282,32.853415520750026,True,250,True,
synthetic_long_horizon_identifiability_v1,test,c_abb1cfde941aab5a5111bf2dcc1d88e8,5d6eb060d01f66386daef5acdc0a8b537300a319a840d2756cc7cd7968c51aec,5,0,0.092460450176749504,32.955434312617378,True,269,True,
synthetic_long_horizon_identifiability_v1,test,c_acec276c2f77e0715e14d3d9fbf52e23,399e319f938782307514ca2a9393bbbde0bf970eb5f4005a6d69c38951b9cb51,5,0,0.11732281676227808,33.573143557917106,True,347,True,
synthetic_long_horizon_identifiability_v1,test,c_acef9a53d965025e9b9fd5a1ed4dc0e6,d9732fdce88b82aa7de4a6363654969ba63a39822c6aca0def476ebb435f06d4,5,0,0.15703438133933961,33.566171215336276,True,346,True,
synthetic_long_horizon_identifiability_v1,test,c_acf4c305ac218c85b099bba5131b3caf,efe1102008a2424e66fe3e00fbf0bac682006173e792547ec02adc9734f07e2c,5,0,0.035985805661465364,32.839397722218756,True,248,True,
synthetic_long_horizon_identifiability_v1,test,c_ad4e61f779947ecc30b8e9a523a48b68,c22e99c0158f6dedabae3a67215b7c931bd57add761b8d9705aff28bf47a1775,0,0,0.27619906377999026,inf,False,,False,fewer_than_two_credible_structure_families;nonfinite_disagreement
synthetic_long_horizon_identifiability_v1,test,c_ad92e467dda078107585773a336d1013,93c8f1b7e9d37d0ef906b95e900948d2573c057920176f06c1808b1f7d3399f7,5,0,0.20662096082399448,32.177014265814442,True,149,True,
synthetic_long_horizon_identifiability_v1,test,c_ad9d1a58e791487bb2356aa52ef2c6b5,666641e4b9c169e5739e934b3588428836dcf57948b6bcae42ff5f6dd32c72e7,5,0,0.028864860032452012,32.14199823768827,True,62,True,
synthetic_long_horizon_identifiability_v1,test,c_addb9294e22a0f30d3a95f42116152bb,0d44131652bb40feea553ba96aa4bf8ccaca80efae505226d3c54b848de7e437,5,0,0.14988555714739726,37.917446516556744,True,592,False,ranked_above_issuance_quota
synthetic_long_horizon_identifiability_v1,test,c_ae32b0f9ef50a11317b57a925892af25,25c2f0b6d08e36a27a09118819c67ac8169fb9a70178eccbe3de328c2b4226c9,5,0,0.05648524281335264,34.242847267191166,True,411,True,
synthetic_long_horizon_identifiability_v1,test,c_ae95599430a0c4485015ad481ff3a60f,689c648dc7e859d87954dc42518f681d74fac6e4c2a3b33dacded2534c4dd077,0,0,0.25576940843709334,inf,False,,False,fewer_than_two_credible_structure_families;nonfinite_disagreement
synthetic_long_horizon_identifiability_v1,test,c_ae9c2dbc1d464f4972f85df94c23426e,5a673bd2940f8366c293924f0e1e6ae645cebfc81ab2ecf8c4763e63970af74e,5,0,0.15129744125971362,35.564876903124862,True,502,False,ranked_above_issuance_quota
synthetic_long_horizon_identifiability_v1,test,c_ae9d51bab7d71a216dd16e71137bf7ca,a6222485e5d91167ce4939cc049964859bb044dbb528e728ae25788211bdc454,5,0,0.20455529875774608,32.69585753275399,True,223,True,
synthetic_long_horizon_identifiability_v1,test,c_af623da8680230ccbdd1baabea8d0f3f,09a0397a34ec5bdae9eb304c66bcb29f43b360a1e3ae51c90e97ea16b4f7d43c,0,0,0.38898536278310919,inf,False,,False,fewer_than_two_credible_structure_families;nonfinite_disagreement
synthetic_long_horizon_identifiability_v1,test,c_af86bacd972dca229f635ed36fdf3e1d,340a4e9e2bf2460a530af346486feee1ae92246153062ef3b53b420bcbb56524,5,0,0.12374007670228826,32.142006046664477,True,134,True,
synthetic_long_horizon_identifiability_v1,test,c_af99a4ef402b73598da5929a47aaf186,6696e92d5fe262f78f98876739ac41f62b7c02370d3bd1be537bec8086dba7ab,1,0,0.18779780241394803,inf,False,,False,fewer_than_two_credible_structure_families;nonfinite_disagreement
synthetic_long_horizon_identifiability_v1,test,c_afaf1c225e6d59823d0049e2f442d1eb,25c27154fe283447bf92e4e22da567a673104b5c61f2bc4cb88d7fe1a17f124c,4,0,0.12891025662637706,32.141994041266393,True,10,True,
synthetic_long_horizon_identifiability_v1,test,c_afc181463839ef4320b392bdee08cd15,8e8a4f63824416c213034fc1868591427b3467039c3df723aec653a4c0159b61,1,0,0.04260265254499615,inf,False,,False,fewer_than_two_credible_structure_families;nonfinite_disagreement
synthetic_long_horizon_identifiability_v1,test,c_b00feb5b34392cadec5b5801447c667c,a7c8c0667a07bc44b590cf914f16cee90ee54172de966b7b084c8b197c8669a3,5,0,0.092069054487177823,32.384798068029575,True,184,True,
synthetic_long_horizon_identifiability_v1,test,c_b02b8198b06b238d67dc10bc944d50fa,67353cdbac837dcac60ff3e9fe4f692ccf365904aa388a9f53e871b13189d517,5,0,0.066257050591583863,36.13690883106127,True,526,False,ranked_above_issuance_quota
synthetic_long_horizon_identifiability_v1,test,c_b133d690232cd8f0a40b44b97d7331f4,a9c5ae8db47efc8a57959ac7a0a4bca467c5df6472ed0412681c8a20b74cad3b,0,0,0.24280546868453812,inf,False,,False,fewer_than_two_credible_structure_families;nonfinite_disagreement
synthetic_long_horizon_identifiability_v1,test,c_b13c9ae4a9881bfeaabd88284073c22e,69d5f894c9cdd8e254993aa592813ed381c4c8eed0f7734c9846b09c6b8e125d,5,0,0.026901848929561406,37.933026779527275,True,594,False,ranked_above_issuance_quota
synthetic_long_horizon_identifiability_v1,test,c_b13cbeded2e5da5b20b61021bd4955b4,97ce2861162790209bc7e81f6dad076d91a426f54e0ef5e675bc43970bd780e5,5,0,0.11071891874486561,33.335477133807444,True,322,True,
synthetic_long_horizon_identifiability_v1,test,c_b17547ed690b3bb007028e665bf12750,46e43c3e16d6527f66d8b464e81599272492acc1e6e363bbccf8ba7cc18920a6,5,0,0.04772083426175372,32.142003082749561,True,132,True,
synthetic_long_horizon_identifiability_v1,test,c_b1d7182361e13783b3afe0c73958cf88,b33b7722eada7144dec6fa557b3da8a03fe6bdc587324caf0c7df4773e3ec4e6,5,0,0.046971091594607349,33.166113422257268,True,297,True,
synthetic_long_horizon_identifiability_v1,test,c_b22434939e3cca79e2706df72a245ea4,acc4b59c671bddd6713da9a4ee35e061c1b72d2eb0690588d0f6408af117ab17,0,0,0.50397920638947447,inf,False,,False,fewer_than_two_credible_structure_families;nonfinite_disagreement
synthetic_long_horizon_identifiability_v1,test,c_b2b6ce06b47433cd4da1b9fbfc3aa55d,913f4686334d946b2a93d5e0118a9f876c73eb943504e90dd8448d984cbe53b3,5,0,0.11237088154401,33.356306745399536,True,324,True,
synthetic_long_horizon_identifiability_v1,test,c_b321d1a543926b351da665225b184d53,10e689af580da5bf53bd7278d2f9899ce2e300da7408161708c35ac495685c41,5,0,0.092009334711855628,34.857690659387266,True,449,True,
synthetic_long_horizon_identifiability_v1,test,c_b3a8f1b9295f3c1248aa29f75bf14a39,44dd4132b756932e7bcf271179a3ae7ebc9af8a62db38319c495594fcccb5907,5,0,0.16796889399658416,32.794627902749582,True,243,True,
synthetic_long_horizon_identifiability_v1,test,c_b3cd7a7a01d3fcf99c45c919bd85cdaa,f173619765e1a6c63f41e7bef0c6fbefecbe8085af250754aa0e434c11ef20ae,5,0,0.12572663077542695,43.870501003361447,True,690,False,ranked_above_issuance_quota
synthetic_long_horizon_identifiability_v1,test,c_b40ba81f8d723fc2d863401d76938e21,8103de8096f34e868ca2fd39988b2595d333b2c19bf004e4178bf69de8bd0685,1,0,0.10514241188809746,inf,False,,False,fewer_than_two_credible_structure_families;nonfinite_disagreement
synthetic_long_horizon_identifiability_v1,test,c_b4157cf12201b81020d00a2adf68f33a,b0e8656cba0e4a75711bd320948a90cdb18d90af3956146ad461dea4ef2f83ab,5,0,0.04122898314573397,38.693895468398132,True,617,False,ranked_above_issuance_quota
synthetic_long_horizon_identifiability_v1,test,c_b4d5ee87a829397a0b67c69baf32c1a0,d0967f6342a51e2704abc2471e2afa9ee51038511930e11d1cf7592231b0a826,5,0,0.035191007837115276,33.774200593408608,True,368,True,
synthetic_long_horizon_identifiability_v1,test,c_b4f935eb373a33b905a575ae3d4af80f,1b40e6a7f81376e513a36ac1235098d304e5f55e8aed0927ecef21ef91c86b1f,5,0,0.018768779891036921,33.704941202110966,True,360,True,
synthetic_long_horizon_identifiability_v1,test,c_b5128638cee9b6ce6fa84d8cf4250ead,576113433f6d494f6f805a97ebddec4643e5c6da793ebda30c3665a7bb611789,5,0,0.027503010091627738,33.041106553880724,True,280,True,
synthetic_long_horizon_identifiability_v1,test,c_b519c2a145fe17cf9c8eceaf32d0e1c8,7ccb16508c97feb1abb783fd7ed4804321a5df346a4de05b6a213fcde7db7258,0,0,0.58843090540847376,inf,False,,False,fewer_than_two_credible_structure_families;nonfinite_disagreement
synthetic_long_horizon_identifiability_v1,test,c_b51a93b33e2f0dbeb9397d4b9ab539d0,43734ff76c8fce5d8f464d3c85d9ebf7aaa7a7d803aabb5908c0540cd16c0731,5,0,0.090168070648729101,33.224748806574041,True,310,True,
synthetic_long_horizon_identifiability_v1,test,c_b56b399778453519b24f657ca5d880bc,cad9846f5e6c31adc010bf5930737ae9fe9a966d30e5cd9bdac0fc8f801b931f,4,0,0.16451691232147292,58.095951398852748,True,774,False,ranked_above_issuance_quota
synthetic_long_horizon_identifiability_v1,test,c_b56c71c421ceaa9d94ef8373da7f6254,1b00b534d155ac0bacaf66f56d65661d3f7eacc44c1499a67d6cf582c4e786b6,0,0,0.33982156640214062,inf,False,,False,fewer_than_two_credible_structure_families;nonfinite_disagreement
synthetic_long_horizon_identifiability_v1,test,c_b5c460dd0a99535da3cc7819879f1652,755072e2444e76794496fd15bd34f817285b03638be244f53fcdc8ada568a641,5,0,0.07341374788843813,32.141999681521597,True,101,True,
synthetic_long_horizon_identifiability_v1,test,c_b5e036cdabb9fecc0ba4b2868d425a5b,013278af9092a68d7fc74f8be67c2d32533358cdc1e3d649b2adda06fa6e9e57,0,0,0.37703330638028454,inf,False,,False,fewer_than_two_credible_structure_families;nonfinite_disagreement
synthetic_long_horizon_identifiability_v1,test,c_b650a97901e689a62b7cb3118a5a89da,c614ff6d6fd2b9589024cc6b40e5d1455b4519e886edc3a97285d34743c956ba,5,0,0.070729127951468712,35.247241984184974,True,470,True,
synthetic_long_horizon_identifiability_v1,test,c_b6a0823931507ebada8fb933aa3fe06c,c55779e9cec4206627a1caa8d69f0613f673da51ddc22498fbf8d3aef07fc6d8,4,0,0.19274587871958562,32.141999820967314,True,107,True,
synthetic_long_horizon_identifiability_v1,test,c_b709499796a94a8f12e7af72443a33a5,337b5c2e3bf3cc8e5b6b4904026ad634414a9c332c74b27684e517449462d274,5,0,0.1000823845579875,32.635334609402662,True,218,True,
synthetic_long_horizon_identifiability_v1,test,c_b7555558dfe2b4775cd46c65cbc0f51e,6ff9ff559a6b2ee2d1fe2a298a7a409118a41dcd9149fe331245ed0dd70f5970,0,0,0.27339673989740904,inf,False,,False,fewer_than_two_credible_structure_families;nonfinite_disagreement
synthetic_long_horizon_identifiability_v1,test,c_b7582d7457c52290c80832606917107e,1922df216f4fde2373d37babecac7371c6673724b4ec5b729ecfe802347ad3dc,5,0,0.16314753284389882,32.859252235488654,True,252,True,
synthetic_long_horizon_identifiability_v1,test,c_b7e587f287c564bb1efd6a7b98c86cc5,9deabeaa539578f972073553b1e7c271be1258f132409864f63457506fa21746,5,0,0.15898977031297015,34.09371564432297,True,394,True,
synthetic_long_horizon_identifiability_v1,test,c_b80c21c65818f72a2a43ef1a1c07c4b8,72652de91b94ad5f578a9f5cc4bbbeb261e3855e5550b082c4a46aef34b2599e,0,0,0.31209073527587849,inf,False,,False,fewer_than_two_credible_structure_families;nonfinite_disagreement
synthetic_long_horizon_identifiability_v1,test,c_b8cfa3bd00068096e4be8860972c5f81,3ddf33c38ce99ad64b69c8a5ad315cb9a7c802bbd781a70c1fc956f6ae996bfd,0,0,0.43358622339379754,inf,False,,False,fewer_than_two_credible_structure_families;nonfinite_disagreement
synthetic_long_horizon_identifiability_v1,test,c_b8e4e2bfe4b06478e3b686ebfad8d1aa,2598cecd0ded35fb43656a32cba79dce12e8642691c9a12bb65865bc81d884cf,5,0,0.044413371351638906,33.218693323382425,True,308,True,
synthetic_long_horizon_identifiability_v1,test,c_b8fc9507a34fb7141f88ea089f1b98ef,03bb85cdd572599bcc395c0f7ef2e07d51bf14e04f2ce41087b98c972c16a427,5,0,0.076313634994567961,52.280417146407011,True,735,False,ranked_above_issuance_quota
synthetic_long_horizon_identifiability_v1,test,c_b91f5cb57f0004245225b10d06479773,96c96ff5c736e98e53738850a209133cfaa2dd6c17566064b63d48ebdd2db04d,4,0,0.083757676066408729,32.141999741445041,True,105,True,
synthetic_long_horizon_identifiability_v1,test,c_b95ed1c0527472c9c6da066e267ddd52,38dd1dbd76c919b0eb7d5727e05a69ce8599774b90f2b27c65bd8e2f01706daa,5,0,0.058753880075559428,32.141997933074528,True,51,True,
synthetic_long_horizon_identifiability_v1,test,c_b9a6b5a0d59f5330ae6c39c6224c48d4,e4a26ded3528a1d41ad60c5d7bb9cb1b7b2f3ad6f5e9d4fa86cadabb12e19baf,5,0,0.072276559308538837,35.420766391977345,True,491,True,
synthetic_long_horizon_identifiability_v1,test,c_b9df5a0b01d14f4f479f4600b2b25009,6595c769dceecd9934747bb1c8137e5d90faf6ded5d88dddb566efbf15402934,5,0,0.06015636686273363,32.91832142711128,True,259,True,
synthetic_long_horizon_identifiability_v1,test,c_ba3aa6fbf9dd4fe4b78750b176415c15,1373dd0a55e1436ccd1bed056ad4b5a1003a72a309d5a55721331369cb8f4212,5,0,0.1008986972516335,39.968491336824833,True,642,False,ranked_above_issuance_quota
synthetic_long_horizon_identifiability_v1,test,c_ba4a08b4002f68e6e378b47f047fea1e,d9108ef3bfb1d0849e64eb436d87c928c2508584f960561d0f6086bb76c81cd5,4,0,0.20920298802987289,58.687654577818357,True,781,False,ranked_above_issuance_quota
synthetic_long_horizon_identifiability_v1,test,c_ba598cc36841d548d8de78495962b534,b5a5b90cd27aaed1dc989a998658e1aa1e1228ca8b3e03d2c199a40a0a678904,0,0,0.36658135472888642,inf,False,,False,fewer_than_two_credible_structure_families;nonfinite_disagreement
synthetic_long_horizon_identifiability_v1,test,c_ba7de04dd5a4fdacf55dd0275bbdb2ee,77410ec583710fc2745fe70c65ad64b1c39fbcea40e1b3d0a7e03a9f999c5e1a,4,0,0.11753471462228494,33.873799235266731,True,378,True,
synthetic_long_horizon_identifiability_v1,test,c_ba9056919e10de83c802e695e2606877,84dcb3a330142a6861ca61811a4d2fdc97c4357b47923a07a32856fc70c58444,5,0,0.18346817587778327,36.59944602303829,True,546,False,ranked_above_issuance_quota
synthetic_long_horizon_identifiability_v1,test,c_bb3cb06f464adbcb5c21f24b88aae42b,ee25a67d7a05238439b158534f04bd62debf902f8b1c5f76a176310324a21b17,4,0,0.13607774814141388,32.909116551545537,True,257,True,
synthetic_long_horizon_identifiability_v1,test,c_bb64bd8de5a51e891551653dbfd028f0,ffc1ad1bfb9b25a4146efb73ac2dd97ed55fd9cc5055d706041de09d108ac89f,5,0,0.060066745777057416,42.223547663134262,True,671,False,ranked_above_issuance_quota
synthetic_long_horizon_identifiability_v1,test,c_bbbea286c6d66d3f660ba3b2f0d78455,526749b079beb438586acbe46324af582f69cf62094fdeb4d26765cbb8d838b2,1,0,0.11703623131670998,inf,False,,False,fewer_than_two_credible_structure_families;nonfinite_disagreement
synthetic_long_horizon_identifiability_v1,test,c_bc02c5990b752377ae9c7a5c50c7d4a0,9d6772bd60788e258a1cce9654d3f7f5987e53ce77162c9c9e388c3d2bd77b43,5,0,0.12374020782260554,42.072412213604913,True,670,False,ranked_above_issuance_quota
synthetic_long_horizon_identifiability_v1,test,c_bc5b887c9dc39e139d676e94991a02e1,a9e3d8267f770484dc86c229660f78e63070631327adb971b9c751c98e2d4d32,5,0,0.11706098873754633,33.872064085687029,True,375,True,
synthetic_long_horizon_identifiability_v1,test,c_bc76830fec9fc326668b79389dfbdb4b,4b7b0fcc17a120c04778f7af19b3b23c7062c67395936ea9d5d6f092c1f0624b,5,0,0.18031786595318233,32.141998918962784,True,83,True,
synthetic_long_horizon_identifiability_v1,test,c_bd138be2350daa7b2530463a7932ae12,a2a335f04bbb759e1c91775941330a0e0defeca04946f7d161a82c6750200df5,5,0,0.063314565683556201,32.396468515503145,True,189,True,
synthetic_long_horizon_identifiability_v1,test,c_bd46389693e271d066a4b51c1f31f304,0a80e043a6f5e2a414b518451f3ae19332d1cb83a756c4f7f79ee84a6df4b4bd,5,0,0.11294125225621286,35.014091935611319,True,456,True,
synthetic_long_horizon_identifiability_v1,test,c_bd77ad524532f72bfe795a09b811f8bd,7ef8fe986e0a6ddb434b3a0862dbd1e5cc91c8af8de84c625ac738b5910a8b25,1,0,0.032024974604187816,inf,False,,False,fewer_than_two_credible_structure_families;nonfinite_disagreement
synthetic_long_horizon_identifiability_v1,test,c_bda770f83f7c68dc32c950a46e6ef880,8091cf495f93db7d5e691bcdac2c8405c5093a02bb11132d857121d352eb8537,1,0,0.082606809030464134,inf,False,,False,fewer_than_two_credible_structure_families;nonfinite_disagreement
synthetic_long_horizon_identifiability_v1,test,c_be26c9184052e9c1a3ed0473829b030f,bcf946d7b0c8dbc24db46b3635f7925d4e63643fb07e9a1583eab604fe4f8a0b,5,0,0.052375406008857289,37.487565553353967,True,583,False,ranked_above_issuance_quota
synthetic_long_horizon_identifiability_v1,test,c_be27d85848e0b2b87f0d603925d016eb,289199b98cba3dac477a630ee982c544dc1a2661c469edaaff0ee6769123a8a5,5,0,0.064693412964428196,37.22525805327836,True,570,False,ranked_above_issuance_quota
synthetic_long_horizon_identifiability_v1,test,c_beaa3fcd374a6b08cf17251e64ddd1d9,798c656e774758d560b3540a9bcb4f178744aed5c76b762aa33117b6bfae5bd9,5,0,0.13138386163685498,32.693607687401013,True,222,True,
synthetic_long_horizon_identifiability_v1,test,c_beba98c5c54c98685bbf5a68054437fd,a76ae15ec2fe0837fa0010f577bb9310bf4988160f3eed344299a5ca4a121a3b,1,0,0.062367352648378456,inf,False,,False,fewer_than_two_credible_structure_families;nonfinite_disagreement
synthetic_long_horizon_identifiability_v1,test,c_bec82b760d3f52435e166167cda8c8db,3eb6850a43edb8d3cbe289a4a43805391546864e836543819379b75156eb6c5f,5,0,0.032258075791622938,33.104817470548525,True,290,True,
synthetic_long_horizon_identifiability_v1,test,c_bf30de89edb051bc27d04fdfd1415e3f,7cb3ef1bc451d2114d183a9f3adbd678d3e2f3e9ce01f8d0be6f4418554459d9,5,0,0.10481168084250424,33.581695241452785,True,349,True,
synthetic_long_horizon_identifiability_v1,test,c_bf34779535c79b4dca7ad726b38eeb22,4875e892fc538a1ff5d72b86991089102e1b42e0be0cfd87296212377e99ca0a,5,0,0.032242085783249726,32.141999188585956,True,89,True,
synthetic_long_horizon_identifiability_v1,test,c_bf4298833ad7722db575eabb01fabc86,ddb6daf52a1b71b5defa92eaa9d4af2e15f5093bca16d1eae05c69f122e0fb95,4,0,0.049945403956418243,44.086921988622542,True,692,False,ranked_above_issuance_quota
synthetic_long_horizon_identifiability_v1,test,c_bfa3af757eefdcd3f2180a74031496cd,7f966a4d1be4dee6624ba526fe460fcd2c2f40acacf9dacdb24d86ef9f59c9b6,5,0,0.068079897279908375,36.69639035026659,True,550,False,ranked_above_issuance_quota
synthetic_long_horizon_identifiability_v1,test,c_bfa806dbe6003bc0bd10bff33ab5adf8,5e904ef128a97e767c0a6a83c65d40092b496a9fdf2dac7097b5411c986081e0,5,0,0.19036050855877051,41.603046239369512,True,667,False,ranked_above_issuance_quota
synthetic_long_horizon_identifiability_v1,test,c_bfdafc458dd32995c5488ef2d0cc72fc,275554e875ddf0f68c1af7771389ef107ee79e170d3c6e384e0e4a9332b5bdaa,0,0,0.30669117946575858,inf,False,,False,fewer_than_two_credible_structure_families;nonfinite_disagreement
synthetic_long_horizon_identifiability_v1,test,c_c06af31dbd17fba5b55b54adfc5b0107,9eccae08c601171cf35640c85ad9c71c7422dda70f3df383fd822a4c742f3bd7,5,0,0.045782313472122874,33.903000514542121,True,381,True,
synthetic_long_horizon_identifiability_v1,test,c_c0e464eea94e4700362a856833a08144,b4837fd5a2a03e92c116b23fcdf6eadacbc8f69b3fa5e13910699f8240b62993,0,0,0.24260599272487551,inf,False,,False,fewer_than_two_credible_structure_families;nonfinite_disagreement
synthetic_long_horizon_identifiability_v1,test,c_c0f7dae79d029e59da80a9754666da8e,35e6b3d9262edb91755be1e63d03b11d66ceb94883722f681b19c7a1d58879df,5,0,0.033428867601047629,35.010147423801605,True,454,True,
synthetic_long_horizon_identifiability_v1,test,c_c10a1d7a50f0c0a54a159edb62d27eeb,5388935ed3eff3985d3ffc59863540ee86f8a26437783eda919a3d5aedd8a700,4,0,0.079551561707809609,35.674926159633323,True,507,False,ranked_above_issuance_quota
synthetic_long_horizon_identifiability_v1,test,c_c13b1bc95d5fb603d033fa364a22fc2a,971b01abf7ece7fa05ea30cae28cca30898ae7de73d1175d5bae02c391aa0071,1,0,0.16125488747625871,inf,False,,False,fewer_than_two_credible_structure_families;nonfinite_disagreement
synthetic_long_horizon_identifiability_v1,test,c_c17f1687185fc205ec07604256a3028f,d6b4fd2d872557a1441a231a73116f89e78ea8b1563358ae4af01b8622795aea,1,0,0.027417102799958747,inf,False,,False,fewer_than_two_credible_structure_families;nonfinite_disagreement
synthetic_long_horizon_identifiability_v1,test,c_c1f78819cf052637cd7431369a5d0ad5,950fd7762b14d66931c7ffccca47bb373837e87aaba3fe77e1262947c5feb281,0,0,0.45937613519010106,inf,False,,False,fewer_than_two_credible_structure_families;nonfinite_disagreement
synthetic_long_horizon_identifiability_v1,test,c_c209aa437b9035cc405c1ba38d4562f3,8b86ca2b58421feb48833da9e912f26d05db0a34995ea92c198b416df6d347bd,5,0,0.12065722064369896,32.653839597199863,True,220,True,
synthetic_long_horizon_identifiability_v1,test,c_c235a0b3b8ef1071443228914d2cf2ab,431e26275853304cf1a0e3a2d7302a33783aa7dddf37bd005a7372358ea600c6,1,0,0.10764088473929369,inf,False,,False,fewer_than_two_credible_structure_families;nonfinite_disagreement
synthetic_long_horizon_identifiability_v1,test,c_c2684eb9f0ff06820099e6593d879470,810dbb6edbc6a2b7a0ea92220cd3d43c7a43b95af5c2c39608dd15e43ae90031,1,0,0.056815786258052392,inf,False,,False,fewer_than_two_credible_structure_families;nonfinite_disagreement
synthetic_long_horizon_identifiability_v1,test,c_c2d2eafcfee4cdf29de209a07154fde8,a8e10b1a4187ed2c523a9a610c246a668537b87361729a20e096363ee7edd056,5,0,0.14494089584756042,38.491183905254466,True,612,False,ranked_above_issuance_quota
synthetic_long_horizon_identifiability_v1,test,c_c2f1b322fbf2a9f5c4554c44df7addce,21a9bb64b83ad451c7b17d1be50c85fd98d8b966e125cb200d9abf26d70e4d17,5,0,0.031445433006342526,32.904515572760076,True,256,True,
synthetic_long_horizon_identifiability_v1,test,c_c34701509177b89617aac5fcf3cd96b5,392758cd5c03febe9daa43d51eeb0bb193b9c9bd1636acad639d15e78193298d,4,0,0.24616358524488957,40.502972932525104,True,654,False,ranked_above_issuance_quota
synthetic_long_horizon_identifiability_v1,test,c_c409e0024d3ccaae02a66e80043067ee,7afe13d70562c65a71a86d9e3e5f9f2104c9609e383ba6f90e171984fc9f2730,6,0,0.078114051336916859,35.276439632773261,True,474,True,
synthetic_long_horizon_identifiability_v1,test,c_c434a936eeb2968cdd38b415569c01ee,9efd1b57bbcd1895bb07b54f3564e43042f182103a07857ac7e5e45004827342,5,0,0.12290216844598405,34.425705153915196,True,422,True,
synthetic_long_horizon_identifiability_v1,test,c_c48476396435bcbd0a831820750e6b6a,a4f002d3933327102211c2f757a9b5611c0a34f546a5636490655816e38a768e,0,0,0.53263825393613828,inf,False,,False,fewer_than_two_credible_structure_families;nonfinite_disagreement
synthetic_long_horizon_identifiability_v1,test,c_c4c9917593c400ef1e419b2b7adafc4e,78d23c517844da9b941788c3b35d8f81e36b0abe8faf5d36aae2e832803c5123,5,0,0.14244014634601995,52.354366079789891,True,736,False,ranked_above_issuance_quota
synthetic_long_horizon_identifiability_v1,test,c_c534c6c4a14c11535cba2411ad304cc9,859179d8b026a95ec7e4c7783ed5609477d69abe43177d06bd22ce329fb48fd6,5,0,0.043904075784828835,36.316889557803755,True,534,False,ranked_above_issuance_quota
synthetic_long_horizon_identifiability_v1,test,c_c548aa7a0e379e8f265433354fbe3389,1a51e513fc23528e79402b3ca3927d38e87aeab8a2096eeb838c9c7aa843c7fe,1,0,0.09337063318351782,inf,False,,False,fewer_than_two_credible_structure_families;nonfinite_disagreement
synthetic_long_horizon_identifiability_v1,test,c_c554600a3447b8d9b375c557acf5e60f,e69c8036ff4c95a039c4023d4a3dca2670b35d845308a2c5a6aa63a57258464a,5,0,0.031075512516310196,32.924901896780653,True,261,True,
synthetic_long_horizon_identifiability_v1,test,c_c5ef86fdbfeae50c27c92d7462feb8e5,3f621b346e7989d62b6e5345d11e4c9541e619acd328785ab8c72e0a0aacf21b,5,0,0.026219079161661791,35.947393184846199,True,522,False,ranked_above_issuance_quota
synthetic_long_horizon_identifiability_v1,test,c_c6339c673e2c825bd8870e92bce8339b,bb43ee57a500572b32c9f0bc29b0f6bc744fa6de35cc1c92ecdd54377757f4e7,0,0,0.3518521196140113,inf,False,,False,fewer_than_two_credible_structure_families;nonfinite_disagreement
synthetic_long_horizon_identifiability_v1,test,c_c65bc2a1edc0373e5a2199eb4e709ca9,c1d4973cb02f5ecbdd3dd518268551395bcae0f354f7eda7ab0a29838d1786b6,5,0,0.035804455642550352,32.762660700100781,True,239,True,
synthetic_long_horizon_identifiability_v1,test,c_c664a40e9b0d10ad2a3de4bb676d5343,8ae7fcb3325df67b00e4f75ee76fc2c003714319807e609b5e6f261ade0c2509,5,0,0.043199270133690848,33.647713033988786,True,354,True,
synthetic_long_horizon_identifiability_v1,test,c_c669323a6d4171bfde902ad3e19e7db9,c9eb181da8d2462f4f83b9f65534f72c9b070beb7fb8eeeab8577293ba35fc7d,6,0,0.10344101851531971,32.99862081413788,True,276,True,
synthetic_long_horizon_identifiability_v1,test,c_c688d358fde1c89ca18f7aac48810590,87eca26ccd5ff7dd6bd46ef73fa51c7f31f7731465b752c124618d24bf20f7b6,5,0,0.021465890969596751,33.820277474529078,True,372,True,
synthetic_long_horizon_identifiability_v1,test,c_c72344c5138221bf8259d85d6e8370c5,55468ddb6e57f4b2f6c6929f0407a4c2830005010eb5b070cdff2d02479a92fe,5,0,0.039809230761849432,33.176838521611131,True,301,True,
synthetic_long_horizon_identifiability_v1,test,c_c75670a37ff1789c65cdb55b0e2e2d4e,a1f86237c760a0668204e2641c369955b359659dcd9ce5db56271cd7bb80ff90,4,0,0.09550134494788895,53.113810881600735,True,739,False,ranked_above_issuance_quota
synthetic_long_horizon_identifiability_v1,test,c_c76b85634638022cc0ecbfd3ae840006,ba17283e1f860f52dd0a53b27594b9d0bc326afa373ac715fab5fbfc21503740,5,0,0.080071950358753238,32.141996766177812,True,28,True,
synthetic_long_horizon_identifiability_v1,test,c_c7f6f04bef789e2c1f2cfce0a5bb5e57,b79fca2d0142127ec0fd1efb56161373a392b3ade1d95f7ce80dc4e822142f11,1,0,0.08898079633220693,inf,False,,False,fewer_than_two_credible_structure_families;nonfinite_disagreement
synthetic_long_horizon_identifiability_v1,test,c_c81295ff20909ce300bbd6847872ba49,50e58e4ce7cb80ac24f67195e8381639421c88db008fba350c6ab0aa7c7fc137,5,0,0.075010382525153435,32.302834313718634,True,170,True,
synthetic_long_horizon_identifiability_v1,test,c_c8292f850b1fc780d552b3720fe7a286,fc149e47c60571a02d51541ae321bceb147095a4434579129053ff00d8e9ece2,5,0,0.18316423844891666,58.615385531655612,True,779,False,ranked_above_issuance_quota
synthetic_long_horizon_identifiability_v1,test,c_c8c944e1229c7768161de4b8a42cb757,f4f4e30b36dec9a394cc8e68405ceed651a2eb6266e3be97d77175f79c5ca80f,1,0,0.20701716437032847,inf,False,,False,fewer_than_two_credible_structure_families;nonfinite_disagreement
synthetic_long_horizon_identifiability_v1,test,c_c8f1dba2c498c68da99f87a5d56b86a2,f53ffa98fae9caa9d89da49d8376adb4c09abc93b41e4b4dbafe2b20d340dae7,5,0,0.063136003275966107,32.141999452925262,True,98,True,
synthetic_long_horizon_identifiability_v1,test,c_c90d24166a98b0e02c1868d2690a2fcc,f59abfdf8700ccea2c10b9a0d8b31c3a4867f5bb060c760f794e354a7f8b1472,1,0,0.17607597070433506,inf,False,,False,fewer_than_two_credible_structure_families;nonfinite_disagreement
synthetic_long_horizon_identifiability_v1,test,c_ca02ac50bb92ba97f68241112dbeb6d2,672797ef08064ba03e9d0d6950eaba87e61a11b0c96180578ec28d74473fd11b,0,0,0.35468866636213386,inf,False,,False,fewer_than_two_credible_structure_families;nonfinite_disagreement
synthetic_long_horizon_identifiability_v1,test,c_ca0c8dfd2919b82853bcaf5e4ea700f5,49f65a559e3c8b275cfea488277efec4728c6bb08f60afecd26a1fcc0f9d8136,5,0,0.040219385617826606,35.14333217792079,True,466,True,
synthetic_long_horizon_identifiability_v1,test,c_ca81aa276684d29db54a5ebe85fdbd72,5f0b870693e7f351d256b43d7c0e78d0307267d594f55ff9ca25bb2f1b57f809,5,0,0.045836465509579524,32.141999696222953,True,102,True,
synthetic_long_horizon_identifiability_v1,test,c_cb1965219f4bb9fbd96d43cb96c133f4,616d37734b48d00b5958b9e6577239751285a116b54bb248aa05de17d0f05b66,1,0,0.19144788533052831,inf,False,,False,fewer_than_two_credible_structure_families;nonfinite_disagreement
synthetic_long_horizon_identifiability_v1,test,c_cb3a4c12fa99e338c7165d76f734b37c,82ee096d1fe4853a837415e91ac4a72f72384f09cc4f9a52cf86e4222b7b69ea,5,0,0.11733577618612065,32.261618184403076,True,160,True,
synthetic_long_horizon_identifiability_v1,test,c_cb65b101bc29bd193f2eecbe9e61ab0b,e3c7613f99e68dec6a5d15ad601d924f900d37e65d34acbd8c20b9e487da4e85,4,0,0.19840189131077579,58.292680667738999,True,777,False,ranked_above_issuance_quota
synthetic_long_horizon_identifiability_v1,test,c_cb82e9470719e973601eb9c661068257,6138faec7710d578a595536de1b274152e4b9dae81affe7c7005338015fb9a2d,5,0,0.048999801185041277,32.39100651023503,True,186,True,
synthetic_long_horizon_identifiability_v1,test,c_cbff7b7f72dcbfcc759c90537a8f5dac,6cad6929b815303f2168775243b1762de4db4e975bc83de28552dd3f1d8124eb,0,0,0.46428149061923935,inf,False,,False,fewer_than_two_credible_structure_families;nonfinite_disagreement
synthetic_long_horizon_identifiability_v1,test,c_cc30e53c639cd53ee960c59e23a316ea,baa1684f4cef85b5c2963bc02d6a4a5734d62911462fc21bcbe2afd5243320a1,5,0,0.038784452852514216,37.135713427851407,True,566,False,ranked_above_issuance_quota
synthetic_long_horizon_identifiability_v1,test,c_cc36ea550df21b872d4f96d0f3bf921c,13b5344e541d4f1c07af67dd478702c76e79ff66fe06614b0667d4492a69d717,4,0,0.095993545025918309,54.305854118144111,True,752,False,ranked_above_issuance_quota
synthetic_long_horizon_identifiability_v1,test,c_cc6439958e039c200583f1cea14d9ca2,9d8b7d20754e146eb3a450dd56b17ba3c9ffa4c91ac67f77be7034f3856f06da,0,0,0.32636754897078507,inf,False,,False,fewer_than_two_credible_structure_families;nonfinite_disagreement
synthetic_long_horizon_identifiability_v1,test,c_cda96d0515e73e54d8dbefc7fd3358a7,754720fc689543e42b1b0d97e8c715323349d6be150eaba944d811e27da4c13b,5,0,0.11091837338516869,32.716271688789035,True,228,True,
synthetic_long_horizon_identifiability_v1,test,c_cdecbd6f33f2e42982dcf5bc34d799dd,899ca5bd41953300f2b3e7627785cf646b1daec00664f70567877f31eb015dca,0,0,0.41981017708302076,inf,False,,False,fewer_than_two_credible_structure_families;nonfinite_disagreement
synthetic_long_horizon_identifiability_v1,test,c_cdf2e2f85cb2c0386db1f993bcd09b7b,3125416d408ee330d507a2516c07bd2aa7fea146e4803a3ed70085cdf8395bc1,5,0,0.12373995997745664,32.141995963172853,True,21,True,
synthetic_long_horizon_identifiability_v1,test,c_ce08709a2b3ac3e429575263b1907303,b5c97cfe3c04a30bdc4a35b04fa72a07bdfa69d10777763a6120cfa32f48edce,5,0,0.08687855155215829,32.142000602022691,True,124,True,
synthetic_long_horizon_identifiability_v1,test,c_ce759e682c0f69eb750f88dea427e73c,93dbf0addb93d7bd1ed8250a9e070fa44f3b46dcd6813afe53e5f2695ce9e760,5,0,0.053374826040934152,37.53401538191283,True,584,False,ranked_above_issuance_quota
synthetic_long_horizon_identifiability_v1,test,c_ce95db4eff5a58bba6ab76b9d903d1b9,9cae75c8cc9bcd32720ad5edc064efb3c5ebd3eb1ef740bec0cba4ba00239134,1,0,0.05710926821385675,inf,False,,False,fewer_than_two_credible_structure_families;nonfinite_disagreement
synthetic_long_horizon_identifiability_v1,test,c_ceb2b82019fbd41475d6c17210f69305,1179e3ac0b02807d3c93019b0b81fb725ec8507633c6ed0ce81b2b20f2182e34,1,0,0.066329133072857691,inf,False,,False,fewer_than_two_credible_structure_families;nonfinite_disagreement
synthetic_long_horizon_identifiability_v1,test,c_cedb173db733b778ad81894398ccc9a9,580aa8e6791237f2524e08325a1b4228fb135a41c5fbb6d0d01e37876a352fa7,5,0,0.022424492418947447,33.1959972344048,True,304,True,
synthetic_long_horizon_identifiability_v1,test,c_cef4a3f69cdd9f66f403f23376de23c7,d94d64c98dbc4fc1ee76832beb0344c6b2900cb1bde9b52deb02077567dc741e,5,0,0.22722941338711491,32.159035110685238,True,146,True,
synthetic_long_horizon_identifiability_v1,test,c_cf28b88f253a1e4032fc743a7d15b27b,cb00ab4a264409617f5fe9bfc3b2bccf701d9702f6e76dbb959ff3e5fb721352,0,0,0.28088413896437348,inf,False,,False,fewer_than_two_credible_structure_families;nonfinite_disagreement
synthetic_long_horizon_identifiability_v1,test,c_cf487f5e973c46545aca3adacb7a67a5,3a46931e80245ff420750866dc55f3e19f80d578152926fc98d30d0fe4ae1c68,4,0,0.1260639275464496,34.428751754626553,True,423,True,
synthetic_long_horizon_identifiability_v1,test,c_cf52f10add5066445d508d112f81fb3f,8ba3837e2f66aff999ca02ecc3d346cee3a142985b9f8c3be3a7e89923d17e92,5,0,0.074327128388691308,33.813894074513144,True,371,True,
synthetic_long_horizon_identifiability_v1,test,c_cf58d8dba85daa4300f237e4e3cf342b,9f0d6f5d009a564c9162625996126cf533a5c1116c0b1db14c9dd0604f07116f,5,0,0.044015264433360964,32.141997129889631,True,36,True,
synthetic_long_horizon_identifiability_v1,test,c_cf75d5f0a257f0d19470ff9ce4623399,ef24085c93c30587b15b44c2a8c5933fbeff4db1c3db9262a4ba462af7b92aab,5,0,0.09696627246827158,53.24980710868747,True,744,False,ranked_above_issuance_quota
synthetic_long_horizon_identifiability_v1,test,c_cf8d8fa4126b742da7bcc21ad5bfd906,27e64ca40973f333ccf7abf4309f60bf231f741dd04b9afcff618e9b4cecdc95,5,0,0.032214862926404859,32.277288743082764,True,166,True,
synthetic_long_horizon_identifiability_v1,test,c_cfe9584ba27be87a751963f4efc38dae,adbcf70612c0638292c38fae645cc5a9df295191238f9eeb4b3231bf7bd9287e,4,0,0.12598506753129587,53.249135240956342,True,743,False,ranked_above_issuance_quota
synthetic_long_horizon_identifiability_v1,test,c_d085b02c5c445f6f9a97ba574bbda8ce,a95808a4cb0232e9391dd8cb1e31627a8be39d056e72b17f639865f2e3690e86,0,0,0.4309025059238758,inf,False,,False,fewer_than_two_credible_structure_families;nonfinite_disagreement
synthetic_long_horizon_identifiability_v1,test,c_d0865dbeddb246b1211033bc5a4d8063,bef04f7ac4469927717f9bed72d0493427815a5be4f1378c9dba9ec69d37a6cf,0,0,0.44365973732252573,inf,False,,False,fewer_than_two_credible_structure_families;nonfinite_disagreement
synthetic_long_horizon_identifiability_v1,test,c_d08cf32241791a01e03dbf9d8a0b523c,8185b693d6e74fb0f9a23b6767bb1c1ff7e110af9b7b6b54714fcc14e97c54b3,5,0,0.099550889752423252,32.759095336888947,True,237,True,
synthetic_long_horizon_identifiability_v1,test,c_d09195bff1539c54920c6683b73dbda1,c1becea6ba2e31a853058dd05214bd924512b316636fc39d329655e9df1ce44a,5,0,0.09251972846836265,38.865506432395684,True,624,False,ranked_above_issuance_quota
synthetic_long_horizon_identifiability_v1,test,c_d18bd0f033b46580fcd4809c03f1f66a,ee4f6f1f6722bd78d9758551e36a4f651644ccb5e1aa173a45c948deb0a1a10f,5,0,0.055816012054625809,34.33958062916853,True,418,True,
synthetic_long_horizon_identifiability_v1,test,c_d20a7408c7d767aae47ec1a937625850,c5acadb608f8adb744c446cf0c8c35f9ac41256f6dad4e625ef8013681903f48,4,0,0.092122095270475601,32.141989465492905,True,6,True,
synthetic_long_horizon_identifiability_v1,test,c_d26e4b5ccb4963617f9d3cc678cbfc2b,6526d79eca6b710915a611a771e40d59f541ce05d1807438d508c2967f9340e6,5,0,0.049589460888616009,37.237659676167276,True,573,False,ranked_above_issuance_quota
synthetic_long_horizon_identifiability_v1,test,c_d37486f90b67d215e0f1ee164ae117c6,cfccdff10907fdbf0246336f79a16656c6b4164f40dd1483ddcf0c95d6e4479d,5,0,0.050132227728626411,32.408371437959566,True,191,True,
synthetic_long_horizon_identifiability_v1,test,c_d3d663a407e0cdf7f18462693b2e61fa,72202266af6b5a82135a2bc812f523748eec3f887dcf059530471660d18ed077,0,0,0.41506864653387754,inf,False,,False,fewer_than_two_credible_structure_families;nonfinite_disagreement
synthetic_long_horizon_identifiability_v1,test,c_d3fcef0ac71ab4b3824f65fef8f7eb2f,a2a6c23d57f3a996f287c665af2048d9cc50a4ca4de1cae1396f3055d6db5826,5,0,0.095064306907703469,37.345326287939933,True,577,False,ranked_above_issuance_quota
synthetic_long_horizon_identifiability_v1,test,c_d407d750ea553d3048848a6ecdca5e1c,2380015c5e7e5a2a334e19290680dd76869ef826c4d75e216907303d9098c204,4,0,0.13348704829875835,32.142038570395194,True,142,True,
synthetic_long_horizon_identifiability_v1,test,c_d421b33b13b6c8507f2e29cf4506473d,9252e99fd1fbe14e5d9a0fed08306dec29b67e1f93cdf0ece1b72eca7ec44834,1,0,0.0368651159730519,inf,False,,False,fewer_than_two_credible_structure_families;nonfinite_disagreement
synthetic_long_horizon_identifiability_v1,test,c_d44f8dc4bc24f22e3e19e5376c256887,0a3e9a50550c430e39018ef7ac09f2e0b1c9bb1266090e803353beee72fff245,4,0,0.13592421280843681,32.141998849049997,True,79,True,
synthetic_long_horizon_identifiability_v1,test,c_d465306f00b7cb5fe3a03cd855b0f961,0a50a54a944e5dad653899a6274c79af4e4ee68f50efbaac43c1dbc4499c5527,5,0,0.13854056342051821,32.141998286199446,True,65,True,
synthetic_long_horizon_identifiability_v1,test,c_d4da9a2e2badd325a4e6f5d4fadae7d0,f3d8156440953b0486c0f7ddc7fd36350eb7c571c767c0d89844e0a151e9f6cf,5,0,0.15294264242331024,34.651456143463491,True,434,True,
synthetic_long_horizon_identifiability_v1,test,c_d57ed0c8558a0706bb9594eb51c77d27,281b0ea1f34b3614318d59293ae75727865e5147a5c126b1693a60f5e8401eaf,5,0,0.21440520966301135,50.664666896378627,True,728,False,ranked_above_issuance_quota
synthetic_long_horizon_identifiability_v1,test,c_d5b08abbd703cbe076b32efdf6d01155,a4c74841f2ce6978949a92a293b00626fbb4d5a7dbe59dad1858054d0239bcd9,5,0,0.16054831825039773,32.141999920776286,True,110,True,
synthetic_long_horizon_identifiability_v1,test,c_d5d9877c32f7dfe190a4d4a0780868af,03730a816883d47e07077fda179da1ec0b9c1952eaa5fbc4b40138891114505f,5,0,0.060821271756812623,33.90041992484479,True,380,True,
synthetic_long_horizon_identifiability_v1,test,c_d6b74b9633a4b150e148b8f2447fe8e0,3cc6eef2133641f78c6b3ea555e0f09d7aa5a451d0b84c3079e6e31ef56c96b0,5,0,0.11209173562941668,33.418881040912495,True,333,True,
synthetic_long_horizon_identifiability_v1,test,c_d7bef9cc64b105f482d425c4dd6cd023,c48f60db001d177006958cac2e3f854bc4ec6d2d51d08accde5c9ca9993b04eb,5,0,0.073070096796370415,34.182673180859659,True,403,True,
synthetic_long_horizon_identifiability_v1,test,c_d7f3743d90f78c01be4515323f0209cb,72e24e785a0c6cd90d2b7bb285fea0c88b13ff8e8cdc7c83f836fe9a53823f23,5,0,0.15083334231479223,34.360024396434305,True,419,True,
synthetic_long_horizon_identifiability_v1,test,c_d85401e574530013f68682788e2141df,0afd5dbccc5da26d8a800e8957a82bd9de1de5b2fab5ee8994b9b69ef21a6d4a,4,0,0.1066191805955001,32.512982907565643,True,209,True,
synthetic_long_horizon_identifiability_v1,test,c_d855acd696c44c2ecf404a252a7bbecb,dc234405ef8bab39da4b29916f3f7005432bd7abdea0858ffa25a7db347a02de,5,0,0.073535696249636476,35.406840268096396,True,488,True,
synthetic_long_horizon_identifiability_v1,test,c_d8567d62629a35ba78f12da0a0a90324,7533a9e3f18252ca22788373cb6f1b5563331ba83aafe78d3012b66e97dea9d3,6,0,0.075252001899100571,32.674589425129881,True,221,True,
synthetic_long_horizon_identifiability_v1,test,c_d8abbcf38556b3501606be5a217bf88b,0a2ad1ec26efab18b99027186f2f30898209bb8a85cfe22b27c5794a2ed66d4d,1,0,0.20266253894754724,inf,False,,False,fewer_than_two_credible_structure_families;nonfinite_disagreement
synthetic_long_horizon_identifiability_v1,test,c_d9151728571d43c8da881ac7238ac2b6,15e4630d23dd2cd3a5397d3d5e400253f061a150a398350b489c48773b198cc0,4,0,0.16120189348073791,32.142046010928333,True,144,True,
synthetic_long_horizon_identifiability_v1,test,c_da0af62cb02cedd776428d0f8f3631fe,33c7f1eece8f8b72a243adf04979b60c00ed0152015a6a2a7c001c7029684491,5,0,0.05069855944897253,33.249981335643191,True,312,True,
synthetic_long_horizon_identifiability_v1,test,c_da3ec3f7f546c7547b8696f3b250e843,39a6728e107a724407cd9a9ff408aed2d88b58557fe59a08413ba54b8cf02203,1,0,0.22972546302068847,inf,False,,False,fewer_than_two_credible_structure_families;nonfinite_disagreement
synthetic_long_horizon_identifiability_v1,test,c_da49dd3df54ea1ace092a11f18b34783,6e3a90e877cdacae4dedf6e50325c4651011443524dfed2e885da7f2872bd13b,5,0,0.056305922329183959,42.650706509075512,True,676,False,ranked_above_issuance_quota
synthetic_long_horizon_identifiability_v1,test,c_dbc52677da57e02705743bf92b414cd9,9816b39acf19db8727e871aba86b624efb2cdda44c4762ef0d33b2eb9f146369,5,0,0.14806387429849444,32.160851146186673,True,148,True,
synthetic_long_horizon_identifiability_v1,test,c_dc3bfa1881eb8e995b0e4c154fe0f4d1,f987a8897b8242a601f5582b0b01feb5ecb125d6261c6611f012b3d9681bbb1a,0,0,0.25962401563322296,inf,False,,False,fewer_than_two_credible_structure_families;nonfinite_disagreement
synthetic_long_horizon_identifiability_v1,test,c_dc7afaafb4a0831b9e5253b1460485ac,5814d01e1535ad6b9e2d9e2c09c8f73e48e461076d52f742f59a821f7f393134,0,0,0.2423839452895647,inf,False,,False,fewer_than_two_credible_structure_families;nonfinite_disagreement
synthetic_long_horizon_identifiability_v1,test,c_dccd07d072b02df033eb0d3b35162a72,26a3bcb7cd8f41817069160ca64c2adda2033a60790221dff7109e9f874e45c3,5,0,0.12486558661339192,38.865030723332033,True,623,False,ranked_above_issuance_quota
synthetic_long_horizon_identifiability_v1,test,c_dd06d285fe467d555459c177b6703e41,6c59e7d3afa157b29903790a41e98f981da5da54ccc34a0a4d2583d14f1b8934,4,0,0.1023497887958823,37.917786046910628,True,593,False,ranked_above_issuance_quota
synthetic_long_horizon_identifiability_v1,test,c_dd491f427279f3225f49889effeb64f2,2d346781d8a6f2b957e16befcecae910833d084a2f13b70ecdf926e2b3268d6e,5,0,0.01958819294378553,32.868408893402091,True,254,True,
synthetic_long_horizon_identifiability_v1,test,c_dd82b17147528b2cf92cec488ba858ec,d7e95586b8a396e668ccea05bf9e399a31c19d1ed1a0932e802d05c3b99ff6d9,1,0,0.055309036744815632,inf,False,,False,fewer_than_two_credible_structure_families;nonfinite_disagreement
synthetic_long_horizon_identifiability_v1,test,c_dd91105ea6de7922f5ed1f3cd6e1033b,bca18b0338b0aa2f9c06820331bafd160a476fb1d5618c507a62745838eeee77,5,0,0.030460494737382094,33.38985884587867,True,329,True,
synthetic_long_horizon_identifiability_v1,test,c_dda5a161bb5441f3f20cd82f6710aa9f,fc3ff09073f20f1ad998282dc606216da27cacf3ad59330c7667795378179fae,5,0,0.049456043549331558,56.963456493189184,True,766,False,ranked_above_issuance_quota
synthetic_long_horizon_identifiability_v1,test,c_ddc9b709e89516f0755474514d65a2fa,2f86ad4fd9fc6aa0dd79962328da58f05c181179a9d6cc3fee5f1428846f1a96,5,0,0.021547069839265586,34.162259246909784,True,402,True,
synthetic_long_horizon_identifiability_v1,test,c_dde40a938260d872679e3064e7a351ba,9a93624871909f6ef651823d770e85e447e22e79af0c9b07075bf454b225ea97,0,0,0.27543352401900489,inf,False,,False,fewer_than_two_credible_structure_families;nonfinite_disagreement
synthetic_long_horizon_identifiability_v1,test,c_de2f2530a3c0acdc99f1aeb5cf286e3c,ca53914c5dce93e28028d295540e07e9774749c16f36731cb2b0d4a5b60b86c4,5,0,0.06218071244985468,36.957523827188702,True,559,False,ranked_above_issuance_quota
synthetic_long_horizon_identifiability_v1,test,c_df6ac7193170798ef82318f23105a806,7e03b2266fdb6f2fd76d46090412bf881c62d34fbed122c0885d46270b2518d0,1,0,0.07408714106162495,inf,False,,False,fewer_than_two_credible_structure_families;nonfinite_disagreement
synthetic_long_horizon_identifiability_v1,test,c_e05f0efa62b8221cfd4f02d6b98ea535,f03c7326e847376338e9ae42b6c5968bdc0865e9ddfa2a3d5190f8c9d6f7a97d,0,0,0.30384214594095083,inf,False,,False,fewer_than_two_credible_structure_families;nonfinite_disagreement
synthetic_long_horizon_identifiability_v1,test,c_e0719ee5d9d0d71161097e4d9c7de959,d7fb6d36ea4e994f26f671fbdcd1bf668ce5615dab7fe471d4cf9c932ca90d59,0,0,0.22997929203714595,inf,False,,False,fewer_than_two_credible_structure_families;nonfinite_disagreement
synthetic_long_horizon_identifiability_v1,test,c_e10ad0db63388c473ee153e708416b37,b27e58641f947c11c42817dc29620101698818cf00b15e183a7aea16af4dd1b9,4,0,0.060778183257477074,52.037674834878025,True,733,False,ranked_above_issuance_quota
synthetic_long_horizon_identifiability_v1,test,c_e11911962575455cc5c2abb9a57ee096,ee644dfcf6d424e039100f9a3f657a8ab8cbd3699b2afd0c9ff3d26655924df4,5,0,0.1555628184118385,41.424564124377362,True,666,False,ranked_above_issuance_quota
synthetic_long_horizon_identifiability_v1,test,c_e139ca141647cd9c2499664f67fc8818,1d0d430f53a14e7d0ac03725fd9ced3aaa37aef0b79d4b9c45e6534a87b676f4,5,0,0.084296401264255597,34.212492233239459,True,405,True,
synthetic_long_horizon_identifiability_v1,test,c_e15684102031306fb57268ecfcaa5570,c99016602f5fb28ceaff3b13ac016809e24bdf864288b543092c7eab09c47c35,6,0,0.052807793321153561,32.19401976573846,True,153,True,
synthetic_long_horizon_identifiability_v1,test,c_e176bf753aa6f81a55e4662dff10c69d,b9ca478e169a4cccb7a1f9cffedcabd9406dfd320c32257c6457007069e2b62c,5,0,0.048840497827354203,33.999188091023449,True,388,True,
synthetic_long_horizon_identifiability_v1,test,c_e1aea222409d0fa0b379c62db2f7f8f5,5239f020220005c8828ab9c3b68cf8ab3d4dd81da6b9ac983839687cce910fc3,1,0,0.10079572227201514,inf,False,,False,fewer_than_two_credible_structure_families;nonfinite_disagreement
synthetic_long_horizon_identifiability_v1,test,c_e1cafa21e3530a8305f796b75ec1268e,e6ac8a78dccdbece73519a21398a4cb551f7d13eed8b768d29152c0a9eb7b16b,5,0,0.14974223950156243,34.947508165305898,True,452,True,
synthetic_long_horizon_identifiability_v1,test,c_e218c95c25cc0c81ecb1f16e873e3a0e,b72ebf6e5172958eabe6c06d5ea04d301069ea72b2074bb96ebd9fe012a80cd5,5,0,0.036423657221701024,35.682211580827861,True,510,False,ranked_above_issuance_quota
synthetic_long_horizon_identifiability_v1,test,c_e224d2f2ff3924a4a682ceb2f8177169,1327b604ba1a40dbbf2d77041ad9b1f1dad60c4c56d9b31b1949aba343387c44,5,0,0.076132998594256332,33.371842378222482,True,327,True,
synthetic_long_horizon_identifiability_v1,test,c_e24d178e40b05befdc5b9e619f7e968a,e4028fb5f979ea906d93ebff5fc2a9a7bedb9a91864aff5dd9a2124a948e123f,5,0,0.049719521910741228,32.274984952403443,True,164,True,
synthetic_long_horizon_identifiability_v1,test,c_e2f926168db7d7879abdf63e37d6431d,c4529a034b2e63b43bf3abd7b90c222bc7e0c42bd40b844eba121f7ff28efb03,4,0,0.081532937123628468,33.26728358086703,True,314,True,
synthetic_long_horizon_identifiability_v1,test,c_e30dffa44bd7822b4b0c170ea6290d57,96c5d4a212c0e3b9e7cda24f893b0fc91386668f42e65e7c2db4773d08653aa3,4,0,0.11923625214222554,51.065388108761162,True,730,False,ranked_above_issuance_quota
synthetic_long_horizon_identifiability_v1,test,c_e313aeeef9748c499c4f03e80a012502,d0718170f01ae960403ce89882fc58f51df474c279789637e268f011bf6c416f,5,0,0.095110645579277273,34.494122489552105,True,428,True,
synthetic_long_horizon_identifiability_v1,test,c_e40b613da8cc62f4bcd144e4356d41b4,68816ca4e4971a1a2e95dca54ae1d3192ebb4e5e11ce954e30acfd8d008ccd5f,5,0,0.077852471571963081,54.684430319721919,True,756,False,ranked_above_issuance_quota
synthetic_long_horizon_identifiability_v1,test,c_e4a710edfd90526a4158718658bf4439,c472c46f63aa4dba0b19b3225619d408a82674b17065d99ab03b8a5269f927e4,4,0,0.036440596092289591,36.694969463144098,True,549,False,ranked_above_issuance_quota
synthetic_long_horizon_identifiability_v1,test,c_e5b40579a56bd11c52e7e1905d0dab2f,6ed924b16a3c48c4b57bd2b30cebae95c99d229160c636a13f2a303b319e9db9,5,0,0.097565404963179447,32.141997619112317,True,42,True,
synthetic_long_horizon_identifiability_v1,test,c_e5b6e5264fd37169913eff2bdbe65f85,3bb6d2d198af2fef8f4418935922e3d12dcd2a4e3af3926154c1ad55ab76fd2a,5,0,0.12019185439241213,32.729085421590398,True,233,True,
synthetic_long_horizon_identifiability_v1,test,c_e611b7c802a0f10c5330102676a27d90,b17e6b2e5dae0501f821e8cc332cb3f31649924b1ba87af6540f226738e2a250,0,0,0.31606225499622098,inf,False,,False,fewer_than_two_credible_structure_families;nonfinite_disagreement
synthetic_long_horizon_identifiability_v1,test,c_e65e96c096410296d92e2b3cfd1dec12,ad0621d719a3986ec8f0ad24eb3e146a625b94f346d696521d30305d441a254e,0,0,0.54503675285650643,inf,False,,False,fewer_than_two_credible_structure_families;nonfinite_disagreement
synthetic_long_horizon_identifiability_v1,test,c_e79fd40b79e7f36783d50a5dfd70b40a,19ccc52e7d3dec5cc93eff3c3d1178808b904e213a86cfd1a0ee527117c63754,5,0,0.17654982624879956,32.830235368720054,True,247,True,
synthetic_long_horizon_identifiability_v1,test,c_e7d7049ddeda44cf34998225e0858a45,03cf70fce51a07f112461f0b49839823f2c98c4c165f974c25b77abe499ab4ac,5,0,0.05213518460119735,37.353551745290709,True,578,False,ranked_above_issuance_quota
synthetic_long_horizon_identifiability_v1,test,c_e882a540a8097dc706a34d5ac40bf8b8,b994115667bdd296d02edc0d3a556afc61cde7d5ccd204188991003138fa1dea,0,0,0.33473896560636213,inf,False,,False,fewer_than_two_credible_structure_families;nonfinite_disagreement
synthetic_long_horizon_identifiability_v1,test,c_e8e6b06b8aae8b75cdb8436f35d07855,215f98a774c7c7cfebfb66f69d3da8ace2382d91248382eaabe2b1a11395686a,0,0,0.23008785792437308,inf,False,,False,fewer_than_two_credible_structure_families;nonfinite_disagreement
synthetic_long_horizon_identifiability_v1,test,c_e9a171911dd2da5c7e302b2f3e39fd9a,c5cc0b5ae19250feead181753687825460b0029d9e19f3e7238d63e8bccc4bfc,5,0,0.076756833836328586,37.225936054138238,True,571,False,ranked_above_issuance_quota
synthetic_long_horizon_identifiability_v1,test,c_ea049909d0f2edc8086dfdc36f3b4644,7b4949016d724bc86a9ae4a9bd574946f868a3e226b8368396914155f3c15431,0,0,0.28973467459741781,inf,False,,False,fewer_than_two_credible_structure_families;nonfinite_disagreement
synthetic_long_horizon_identifiability_v1,test,c_ea27f363c90136a1d4fe6570dbf1e5c4,f36e9ef054397e011200d7d733328b0b111dcf4eb2ed81d9eaf803314833ba14,5,0,0.14732687612687359,35.90615855237052,True,521,False,ranked_above_issuance_quota
synthetic_long_horizon_identifiability_v1,test,c_ea719d1a3b3e7c445e3f0613baa30053,9638e946db0efe3ff7f2e72b59095c94d66d75c0f248a6027efd38eb059f8c86,4,0,0.1684899648123892,53.223388565025004,True,741,False,ranked_above_issuance_quota
synthetic_long_horizon_identifiability_v1,test,c_eb115b84a48aad9cbf4656508e6cec13,310d3ca2c923c48ea8ad673438d85c5d599e67916c2cfc6eec7ca09ee9c34f5c,5,0,0.079403515455372262,35.139775396753024,True,465,True,
synthetic_long_horizon_identifiability_v1,test,c_ebdc6669b33e45297f1ce7eed6d42d98,26defef9e959407a36b1bfd7b047431dbad22324faf16650786440b548d7ab21,0,0,0.54985532319795216,inf,False,,False,fewer_than_two_credible_structure_families;nonfinite_disagreement
synthetic_long_horizon_identifiability_v1,test,c_ec1996e25d92bf318abe76b593c4f576,36b87fb262f13c32918482c57ad49daea45edb086768b4118d4594ad94618e5e,5,0,0.05534860296476183,37.936563298333205,True,595,False,ranked_above_issuance_quota
synthetic_long_horizon_identifiability_v1,test,c_ec248f00be5728d7acec62034c469bfa,72fb77ab2a7519afb57633f40347da3a38045816b060fbc920b8f610c931b666,5,0,0.042198626529583082,35.25118658901129,True,471,True,
synthetic_long_horizon_identifiability_v1,test,c_ec7bc5c4d17694a0c320ad49b6de68dd,276594b9414bdf03f918d9355861a7728590ab915fdac94c150d69365e8c616f,5,0,0.13849153678307333,34.093750151098227,True,395,True,
synthetic_long_horizon_identifiability_v1,test,c_ec91ec68efbd0f0cf9fe83a72578b5f0,cd9c731f9663c77215e334f22d26cb9b12fa6879015b93ee43c420752ff8e59c,5,0,0.037796716618151836,32.292445477220653,True,168,True,
synthetic_long_horizon_identifiability_v1,test,c_ecf17cd97acd72160ed7347f72df6250,196ef62580e238504143771de188f3af91e13d044a2c82c12b0fc9c9ba9c990b,1,0,0.20737006119331239,inf,False,,False,fewer_than_two_credible_structure_families;nonfinite_disagreement
synthetic_long_horizon_identifiability_v1,test,c_ed0191df96cf3b40a9a888f06db33dc3,ab60fa5fd2ee23a13cf98e12b10b1a437d682e2cb3ae6f348c543dfd8476b04e,5,0,0.093077760864056405,32.14199789692023,True,50,True,
synthetic_long_horizon_identifiability_v1,test,c_ed2966def3d201cdeb06d1b520f9399c,37a9007f443b30960df222d3b05914064029f3799dfde788a2efc02024058802,0,0,0.38710382589020736,inf,False,,False,fewer_than_two_credible_structure_families;nonfinite_disagreement
synthetic_long_horizon_identifiability_v1,test,c_ed303481a921e64dc81c6f6babbf3c8a,10e3ac636b1b7c834b7fede0cb44b1058d9e3c78c6c65dffcf984aebe1e68811,6,0,0.1561742968590083,32.48168554923528,True,204,True,
synthetic_long_horizon_identifiability_v1,test,c_ed34ca7e559ad44703e41486ac9ff2d3,8ee8e9a2e1b0c8e3bef98d4dd6fc51152bee456953684cd2a2ef2a5e33511143,4,0,0.18998053203679496,50.745469006464212,True,729,False,ranked_above_issuance_quota
synthetic_long_horizon_identifiability_v1,test,c_edcd69f6c1aeb90b72afc6e4ac702915,c3f214274da03dc61e8aa6c08d11467f4b6109c44861d355fa312e126e46a95a,5,0,0.1212698423964757,33.480082479027999,True,340,True,
synthetic_long_horizon_identifiability_v1,test,c_eddabf8706e19bb52b2934a53d94fee8,9a477c57cb8509ba603c2e075ca6b21789806cf6f680fe53e32de89434e20a73,5,0,0.035565595816561296,36.354446511864772,True,536,False,ranked_above_issuance_quota
synthetic_long_horizon_identifiability_v1,test,c_ee0a22243e1794be9a68916d03606735,99811d8229c449c16be5e5daf7e7159161ec364999d56d649320a1a6cd779364,5,0,0.064026409867170953,36.592240257930079,True,543,False,ranked_above_issuance_quota
synthetic_long_horizon_identifiability_v1,test,c_ee3963d5f5f9af75aa2b0477f466ca8a,7b4d3ffff31a19a891b20a91c462525e26fda842b9a5db685a1d19572eb29d50,4,0,0.056743881366040735,55.359289875245288,True,760,False,ranked_above_issuance_quota
synthetic_long_horizon_identifiability_v1,test,c_ee4d3b909fbda24ddf823a78f272b346,4108a3e2df89f6f42b8485708337a4201a7319bc13ce306462a55958f4e0a122,0,0,0.42823171949636796,inf,False,,False,fewer_than_two_credible_structure_families;nonfinite_disagreement
synthetic_long_horizon_identifiability_v1,test,c_ee9a68b7489b6878d799999bdd0a6247,119baff491136360aab575dcfad4f78b1c94057a2e2f7fb3dac6838d540cec31,5,0,0.089089661008482368,33.68634424159292,True,358,True,
synthetic_long_horizon_identifiability_v1,test,c_ef2aaffb479cf2d94d5a5b14b63a1b07,1484a5fd57942e8f893032faac35aa44e6ed44c0ca3876d1b8b6980c53b83e80,5,0,0.15485706257303433,42.925856455750342,True,678,False,ranked_above_issuance_quota
synthetic_long_horizon_identifiability_v1,test,c_ef56887e9da71584405c11f25bfc7e24,daab7407e51391b185b1d6e51b1bace756e9e7525f20d547c511fc92f9c172c5,5,0,0.19557371263211282,33.613349347883485,True,352,True,
synthetic_long_horizon_identifiability_v1,test,c_efd4d5a61fd8b3dbf05c45b4e753480d,e8e4ab1fccb0a64de17e3fddc297df400e3dfd1581578321b1ed664dbfb1052e,5,0,0.11410243855226258,37.431554784873761,True,580,False,ranked_above_issuance_quota
synthetic_long_horizon_identifiability_v1,test,c_efe0a093c3423851abedef7905ec3b14,243d91179baaec46f5680a2eb45875ab1b0aacb7b250f0c356310bace824bf56,4,0,0.065933354743388017,47.100234008078694,True,710,False,ranked_above_issuance_quota
synthetic_long_horizon_identifiability_v1,test,c_effa648af7c014e4887eb38150f28203,4025426e8dd16220fa406f4690eb79437fc1c9c4fac9548b3b833840c9105e1a,5,0,0.058182068733487372,35.529970466079398,True,499,True,
synthetic_long_horizon_identifiability_v1,test,c_f0334f52ea3784e2b868b89537ce8669,4732c1b039d588c5f1a0460e1abd54c8be08d3ef5205797dafb629ef1506cb29,5,0,0.12893860619000611,35.02059656942982,True,457,True,
synthetic_long_horizon_identifiability_v1,test,c_f1922577577dc2917bc0fe4cbcd644e2,411dbb03bdfe6738467aa55d4f0b9031232d3233babff23d51885c6b25f8832f,5,0,0.052958535338634372,32.498921627266142,True,207,True,
synthetic_long_horizon_identifiability_v1,test,c_f1abdbe1b34a561fcbfd0cc2bcb9b664,ace2f0ef8fa4cc80bf8100cdc583507b2803ffe2b1312a96efcaca64f8bed946,4,0,0.23606292386536257,54.610411549194801,True,754,False,ranked_above_issuance_quota
synthetic_long_horizon_identifiability_v1,test,c_f205679a112dd7a2da317794791e8f83,df6fc85c2444c0347701bdba9645fa2b8e773e55ea7421bbcb984beca89b34d1,5,0,0.039010021128908161,34.292233347255575,True,414,True,
synthetic_long_horizon_identifiability_v1,test,c_f20bdc6182211d5a5393c73bc5fc7191,b7e41f1925e8392d16a46ec26b2c618d2ea7140dd44bbfeb6229f8f467566854,5,0,0.043876238204237736,35.438270541867546,True,494,True,
synthetic_long_horizon_identifiability_v1,test,c_f240077c421b22f30a377a42af3d98b4,34aa1ca5b14d70137e76c403f82f5df911fb1c93e0d0ffab62c8af1a361aa7d6,5,0,0.13587222882339089,32.141999937680893,True,113,True,
synthetic_long_horizon_identifiability_v1,test,c_f28b657e70771147d3257410e66d35d1,482c4cc485da67d9316cf747689ba0c5fbb2fc1579a69da02492ad57e614ae7f,5,0,0.14815396286844551,32.141999988323491,True,116,True,
synthetic_long_horizon_identifiability_v1,test,c_f2b8c2a349b8ea867e54dd3f2f31afa1,4204c95c77f91b8a78f96f64d25dc84357103f133868d2b6e5c394875f672c8a,0,0,0.32978427013724282,inf,False,,False,fewer_than_two_credible_structure_families;nonfinite_disagreement
synthetic_long_horizon_identifiability_v1,test,c_f2d7d73163506feec681fcd102afa469,eab3c635956c135ec8e727b1004f37e4c7318110c2d40b501db1703d8f43d020,4,0,0.03021133490557288,46.844718554658023,True,707,False,ranked_above_issuance_quota
synthetic_long_horizon_identifiability_v1,test,c_f3075af7c6a92238b5132533a710d067,744df7a9b1f5ef041d3bfeeba86c7fc768ae6404438dc3a7206007997310d1e1,5,0,0.047737518047761551,33.474531436768316,True,339,True,
synthetic_long_horizon_identifiability_v1,test,c_f34c838a7db8edc8b5c748aba803bc8d,e191469851d56bb0e606a5922d305187c973ad2b6995e950ff69ec84e8ec047b,1,0,0.12162193947306503,inf,False,,False,fewer_than_two_credible_structure_families;nonfinite_disagreement
synthetic_long_horizon_identifiability_v1,test,c_f3c617ef7b313d1e85c4d16a224b1999,233044e066ea193c2185e537e6e6f06ac7d981a651c5e7310295330aa87bb0ed,6,0,0.13215625353534521,33.731677526379826,True,362,True,
synthetic_long_horizon_identifiability_v1,test,c_f3fa5d7b03eee092748a8f5fc1f7288c,aaa8d23a35bc2f83f6e3fe98e7e6ae34abd639cb17bacd40b006984d4a8e13cb,5,0,0.13987540731729986,37.016720861911729,True,562,False,ranked_above_issuance_quota
synthetic_long_horizon_identifiability_v1,test,c_f45477d11cd68a9ab17eb9f02a82be25,f56c869c08dabab2f4f1962b310f2672246f3437d41ed25bd7dfe82af74fd0d2,5,0,0.067184032531627275,34.26187449335805,True,412,True,
synthetic_long_horizon_identifiability_v1,test,c_f49ae5553b22ecfa60faf7eb34db52d5,c1e7bf85b2112fbbafd747a0bddd8decf57ad069afade9bc997dbd5df7bd615a,5,0,0.10949373146572949,34.781379339773018,True,442,True,
synthetic_long_horizon_identifiability_v1,test,c_f4a48c3604f77ce69bdbbe471e57ca88,8b6643653587389dc53772d2696939c8896a768e3be39f53e19437d76c941e1a,5,0,0.059858333099381995,37.009834444859884,True,560,False,ranked_above_issuance_quota
synthetic_long_horizon_identifiability_v1,test,c_f511ba87a46a4f7513e6f2dd246df42f,37bf3df31d5fb83166eb8636310a5d2fc9e0bd205948454d7d35f52479fc2515,5,0,0.055217455625786359,38.216492492722658,True,605,False,ranked_above_issuance_quota
synthetic_long_horizon_identifiability_v1,test,c_f59d3a9da1a1a34a2c4ccfb3a02491f8,ccd9ef3d38ee7837a625debe9b5054f099416e4747c28341f3235a652d1092f8,0,0,0.36496580580254828,inf,False,,False,fewer_than_two_credible_structure_families;nonfinite_disagreement
synthetic_long_horizon_identifiability_v1,test,c_f5b31810ce40ed5e3448b1bc3b883acc,2722daa3c2daab9b298fce2d5967b663dd1d2ca00338a484c7ba538050f90950,4,0,0.085517036987999312,33.551580726298191,True,345,True,
synthetic_long_horizon_identifiability_v1,test,c_f5d731d560c646342d5dea046bc27c15,5dd29c865efa5d2bd8e7cf4b43f33f016dfc6db1eae0c8dfc10603c3cccea9a8,5,0,0.096569192353647568,33.038542816516284,True,279,True,
synthetic_long_horizon_identifiability_v1,test,c_f6575b2bab38179ef6a310db7abfba2c,69ccabcdc2ff486179d7e6ffbccd8020dacb2778c8ba3d315b649afc00e082d9,6,0,0.092830152763905854,32.141999999999996,True,119,True,
synthetic_long_horizon_identifiability_v1,test,c_f658e7b2ab62318276b0df8c715d8286,177a064a0bb6fc413afb1c717ecc4257738a5127a1dc0b2272b544d8604dda85,4,0,0.14114904299930925,50.567164783438365,True,726,False,ranked_above_issuance_quota
synthetic_long_horizon_identifiability_v1,test,c_f6dec37e3db0346c95c68a0c6b5cf0c9,9711e3687e076f370c7d5bcde15a3141640f9e279b53887e7353d212f772448c,0,0,0.37864509729739138,inf,False,,False,fewer_than_two_credible_structure_families;nonfinite_disagreement
synthetic_long_horizon_identifiability_v1,test,c_f7067df00b0b91f69f5d1e176b2c03c8,59459e5f4852938983fef986705f8a4937d943e1f7afa1cf7127c464d511fcdc,5,0,0.16874201881564302,57.828407325146031,True,773,False,ranked_above_issuance_quota
synthetic_long_horizon_identifiability_v1,test,c_f72b1def5b3219f9a6f751359a2e11b8,4115f4c15ededc049a4124ab669168ce71dccad628dc019bb1edbb5f02d92e5a,4,0,0.096044871979379165,32.36458226442997,True,181,True,
synthetic_long_horizon_identifiability_v1,test,c_f78fd22bf93204a86ef2948961351e61,4b0d8c2ecff45848f17090e77f05a53e47b645b921ec0205c0fe37d9dd8d04e3,5,0,0.062110446051459635,33.691937073487068,True,359,True,
synthetic_long_horizon_identifiability_v1,test,c_f7d895387383cc2c588c7fea33f55b4e,8382ab1fdbfbe81371a0e48878bcdbd0e986d09facd1908127b7f30b9ff65a03,5,0,0.07487377718454985,32.141998588551758,True,73,True,
synthetic_long_horizon_identifiability_v1,test,c_f7ddfa0ffc333ff7d9ccd9f8ff8034ab,e2439ed80f875a02962afac6707a4f4f0bc005498ac688fe4aab93dcf1783d07,4,0,0.17163584787809066,32.141999928433805,True,112,True,
synthetic_long_horizon_identifiability_v1,test,c_f81ebbb587c1c5489f7becf27f5781b7,2800fa5ff4e6edfd06d414d56ebcfdbf8bd1edd089a6601837a7dac7406330d5,5,0,0.041130016325025442,33.891192612443731,True,379,True,
synthetic_long_horizon_identifiability_v1,test,c_f83e44c21b5db37bc4384a99555062fb,d88a3c20226fb49a28301429f0f6fd1110796c6ed180a9c2c5242d8460b0b6d1,5,0,0.058107397780287617,33.365802090878645,True,326,True,
synthetic_long_horizon_identifiability_v1,test,c_f866150c94f1c98209acf1104ac8dd72,57eb20d9ef0b08644987f3cae85d7b1890e1466f8a711d525ac8a1f4c9b261ac,5,0,0.114606285515818,35.660585074372129,True,506,False,ranked_above_issuance_quota
synthetic_long_horizon_identifiability_v1,test,c_f9658cd687ec25e379089f5f9f34dc50,53b19f37d27c7715e93e32c11dcffc7461014c66917304663ab0b076a6eb22bd,5,0,0.072255482505100235,39.680719610602175,True,638,False,ranked_above_issuance_quota
synthetic_long_horizon_identifiability_v1,test,c_fa16a674fc5b47bf24e9b2aa1baaddb9,4f3586e552489ad2c1ef76fc945bfd38231be478555dc3343219ecf01b2bb332,5,0,0.19046908904687715,33.530570829546903,True,344,True,
synthetic_long_horizon_identifiability_v1,test,c_fa1aed8c2eb9bf007d2ba6b7b7c92b28,af12d7c4a0a1addfb280faac55563a604bb1ef896db0c13bef51eae19a0b3244,5,0,0.084701313481247764,32.951922810393135,True,267,True,
synthetic_long_horizon_identifiability_v1,test,c_fa29451e96ff81d548973903dcb54fa4,4463c4fda805dc9fc41b05a6985058e98f440cb27c2c4204c87a33308e0a042e,4,0,0.055158323988907396,32.428107441657474,True,197,True,
synthetic_long_horizon_identifiability_v1,test,c_fa78895ddeed48530f3d948f7b8eeac3,f5c73dc1f1e69bf1a9647a2410ba99686697f0232442356f83c677839b89f121,4,0,0.14353282063131181,37.99258409865174,True,597,False,ranked_above_issuance_quota
synthetic_long_horizon_identifiability_v1,test,c_fa9d012ff14d46ed5ecbfd7d8dfa7b75,1f29bb26afa880eeedf8863b976d01dba0fbf01dc8c9e6d935e4e4c518a8701d,5,0,0.09945071987899598,33.069531401504136,True,283,True,
synthetic_long_horizon_identifiability_v1,test,c_fb019a9837ebc99f164e7d995b683f5d,5f1906e2ab40b31df37f6b932b3b8257a9f097f809e8b3062ea2984659d2fbf4,5,0,0.047418755624958474,32.141998411385757,True,70,True,
synthetic_long_horizon_identifiability_v1,test,c_fb104c0ed4c8f8fdd23c9dd24b688837,1888b2a5578000d6d018b2823e03005b0484d333989dfd298d6a7469e4df32d2,5,0,0.13662890208539791,33.18237140076814,True,303,True,
synthetic_long_horizon_identifiability_v1,test,c_fb4fb7ea7390c72f41e62333dd98bf12,a3f71ce1628a8baecbd6946e24d1a39753cf3db9bcc541e0d1235f71c7e271e7,5,0,0.097363846894790301,47.944964223286767,True,713,False,ranked_above_issuance_quota
synthetic_long_horizon_identifiability_v1,test,c_fb9d022163c7741442a89f88745d411e,3154af32c8c08e93c81ae599b3265573d0fda94ac3676bd38d0a95eb19a89eb2,5,0,0.025914484473422133,34.19155228018635,True,404,True,
synthetic_long_horizon_identifiability_v1,test,c_fba75598cea05a1e6114fba1e91f9052,ffac021f97d7e71f6bddec45d9192af3b051c5464ef861b81757faefa96d1bc5,5,0,0.049390589012523217,32.142002129842481,True,130,True,
synthetic_long_horizon_identifiability_v1,test,c_fbd39a882b5c29230431951f0598ae61,a50e482fd2980a060aec0963c8b7cb709ff39893c2baa4248bb21f04c2c9edd9,5,0,0.18552106792061521,57.223396272786225,True,768,False,ranked_above_issuance_quota
synthetic_long_horizon_identifiability_v1,test,c_fc737bd11aec3f78d1a64553368e0d5a,1954dc81412673493d063f3fac13861e40970963d94e4fbdd2c30f907a64d979,1,0,0.24072265129603307,inf,False,,False,fewer_than_two_credible_structure_families;nonfinite_disagreement
synthetic_long_horizon_identifiability_v1,test,c_fcaf910dbd3442f12e0806ee18d8673c,d5ebcfb6d40a695ad70a160ed48aa08b38ebb5665026ca6c04ed1c6e265c612e,4,0,0.062568876102124471,42.723707970316816,True,677,False,ranked_above_issuance_quota
synthetic_long_horizon_identifiability_v1,test,c_fcb7215e96487e2b6b05f12905722496,e9e0997f6b9592d30e84e278d26c158c92f5aa93f9b2de7c8930e88210e043f5,4,0,0.073967414544074073,32.141995373339078,True,11,True,
synthetic_long_horizon_identifiability_v1,test,c_fd3efd45cadeea52ce2413e33c8ef29e,a2119b40dc01bf6ebf491fe58d64b824e352212757ebd23930a8964cfd87a067,5,0,0.043885637988276383,33.01788038776855,True,278,True,
synthetic_long_horizon_identifiability_v1,test,c_fda9b8fa2918b4dcf7439771ae5de694,0219c7c82661559f570567a52ec9116f554cb2c843c407c0ee346fe32a2b1382,5,0,0.11779617849569397,35.815416818589092,True,518,False,ranked_above_issuance_quota
synthetic_long_horizon_identifiability_v1,test,c_fdb3d61bffbe230293819cdaacf9667f,d67f9ce471385a8970910dc63bdf4a284acdd68fe3ae15c70a30cef2d0ec89d6,1,0,0.1945296015819849,inf,False,,False,fewer_than_two_credible_structure_families;nonfinite_disagreement
synthetic_long_horizon_identifiability_v1,test,c_fe1854adeac49a0b262c19ac83d39bd2,2391c49576f763f808b7c89ca1e2a219349531ebeb97a819d36e054c8862679b,4,0,0.057801054614468571,46.490493938350376,True,706,False,ranked_above_issuance_quota
synthetic_long_horizon_identifiability_v1,test,c_fe2d8955b8b6659770fc26927c4ca829,79dea67b4debf8d0a2a3823e7136610dc4f485d67f282747a3b3653f6e73b36a,5,0,0.10249702205252961,40.056840878275388,True,644,False,ranked_above_issuance_quota
synthetic_long_horizon_identifiability_v1,test,c_fe71c8b5838caec50d72ea18ceaf7060,d1fffc259b2864b0a7f9a3c9409481a6f901c845050012c4ab602e9c7af2d5f5,6,0,0.064444403809159584,32.425922818279858,True,196,True,
synthetic_long_horizon_identifiability_v1,test,c_fe8bbd3271da03195c0a62c5271e387f,631cd8b58860410184ce5e056d71a8106dd683a3c93c66f0104a1b998da54716,5,0,0.028031027173197699,32.953666898704981,True,268,True,
synthetic_long_horizon_identifiability_v1,test,c_fef22970b3bf94c85e39aa9e11ca34ac,2be11d506d387b3dd260bf2dd88d22aef1a241e5208742444d385cece85eb998,5,0,0.057551560154237624,41.10433017950664,True,664,False,ranked_above_issuance_quota
synthetic_long_horizon_identifiability_v1,test,c_ff1e75d2f84ca35a65d74034a61ba724,25c28d759e510769b74a5b4fdcbb0ba590bbe3baf97e4c911897f427628cb9df,5,0,0.063245729389904748,36.265415681034689,True,533,False,ranked_above_issuance_quota
synthetic_long_horizon_identifiability_v1,test,c_ff23b93c75250c923e8a2600b30f0941,a9231f28b615c19547be7ddcbae2f95104777b3179b6a8240a45ac029617fa7e,5,0,0.095484673149892452,32.579231048385076,True,214,True,
