ranking_index,status,issued_count,catastrophic_count,catastrophic_rate
0,defined,500,209,0.41799999999999998
1,defined,500,207,0.41399999999999998
2,defined,500,211,0.42199999999999999
3,defined,500,206,0.41199999999999998
4,defined,500,211,0.42199999999999999
5,defined,500,206,0.41199999999999998
6,defined,500,202,0.40400000000000003
7,defined,500,201,0.40200000000000002
8,defined,500,206,0.41199999999999998
9,defined,500,210,0.41999999999999998
10,defined,500,206,0.41199999999999998
11,defined,500,208,0.41599999999999998
12,defined,500,203,0.40600000000000003
13,defined,500,197,0.39400000000000002
14,defined,500,204,0.40799999999999997
15,defined,500,211,0.42199999999999999
16,defined,500,201,0.40200000000000002
17,defined,500,216,0.432
18,defined,500,208,0.41599999999999998
19,defined,500,201,0.40200000000000002
20,defined,500,206,0.41199999999999998
21,defined,500,198,0.39600000000000002
22,defined,500,205,0.40999999999999998
23,defined,500,212,0.42399999999999999
24,defined,500,198,0.39600000000000002
25,defined,500,195,0.39000000000000001
26,defined,500,213,0.42599999999999999
27,defined,500,202,0.40400000000000003
28,defined,500,208,0.41599999999999998
29,defined,500,203,0.40600000000000003
30,defined,500,199,0.39800000000000002
31,defined,500,210,0.41999999999999998
32,defined,500,205,0.40999999999999998
33,defined,500,193,0.38600000000000001
34,defined,500,211,0.42199999999999999
35,defined,500,206,0.41199999999999998
36,defined,500,197,0.39400000000000002
37,defined,500,206,0.41199999999999998
38,defined,500,201,0.40200000000000002
39,defined,500,210,0.41999999999999998
40,defined,500,194,0.38800000000000001
41,defined,500,210,0.41999999999999998
42,defined,500,214,0.42799999999999999
43,defined,500,203,0.40600000000000003
44,defined,500,214,0.42799999999999999
45,defined,500,202,0.40400000000000003
46,defined,500,208,0.41599999999999998
47,defined,500,206,0.41199999999999998
48,defined,500,203,0.40600000000000003
49,defined,500,210,0.41999999999999998
50,defined,500,208,0.41599999999999998
51,defined,500,201,0.40200000000000002
52,defined,500,202,0.40400000000000003
53,defined,500,201,0.40200000000000002
54,defined,500,207,0.41399999999999998
55,defined,500,198,0.39600000000000002
56,defined,500,196,0.39200000000000002
57,defined,500,194,0.38800000000000001
58,defined,500,202,0.40400000000000003
59,defined,500,208,0.41599999999999998
60,defined,500,207,0.41399999999999998
61,defined,500,201,0.40200000000000002
62,defined,500,215,0.42999999999999999
63,defined,500,205,0.40999999999999998
64,defined,500,212,0.42399999999999999
65,defined,500,202,0.40400000000000003
66,defined,500,201,0.40200000000000002
67,defined,500,213,0.42599999999999999
68,defined,500,213,0.42599999999999999
69,defined,500,195,0.39000000000000001
70,defined,500,212,0.42399999999999999
71,defined,500,205,0.40999999999999998
72,defined,500,208,0.41599999999999998
73,defined,500,202,0.40400000000000003
74,defined,500,215,0.42999999999999999
75,defined,500,207,0.41399999999999998
76,defined,500,205,0.40999999999999998
77,defined,500,195,0.39000000000000001
78,defined,500,201,0.40200000000000002
79,defined,500,209,0.41799999999999998
80,defined,500,209,0.41799999999999998
81,defined,500,200,0.40000000000000002
82,defined,500,208,0.41599999999999998
83,defined,500,206,0.41199999999999998
84,defined,500,199,0.39800000000000002
85,defined,500,212,0.42399999999999999
86,defined,500,201,0.40200000000000002
87,defined,500,208,0.41599999999999998
88,defined,500,207,0.41399999999999998
89,defined,500,208,0.41599999999999998
90,defined,500,199,0.39800000000000002
91,defined,500,203,0.40600000000000003
92,defined,500,196,0.39200000000000002
93,defined,500,197,0.39400000000000002
94,defined,500,202,0.40400000000000003
95,defined,500,210,0.41999999999999998
96,defined,500,204,0.40799999999999997
97,defined,500,205,0.40999999999999998
98,defined,500,211,0.42199999999999999
99,defined,500,201,0.40200000000000002
100,defined,500,199,0.39800000000000002
101,defined,500,218,0.436
102,defined,500,207,0.41399999999999998
103,defined,500,195,0.39000000000000001
104,defined,500,202,0.40400000000000003
105,defined,500,204,0.40799999999999997
106,defined,500,211,0.42199999999999999
107,defined,500,214,0.42799999999999999
108,defined,500,216,0.432
109,defined,500,214,0.42799999999999999
110,defined,500,219,0.438
111,defined,500,208,0.41599999999999998
112,defined,500,190,0.38
113,defined,500,216,0.432
114,defined,500,213,0.42599999999999999
115,defined,500,205,0.40999999999999998
116,defined,500,211,0.42199999999999999
117,defined,500,201,0.40200000000000002
118,defined,500,201,0.40200000000000002
119,defined,500,192,0.38400000000000001
120,defined,500,202,0.40400000000000003
121,defined,500,211,0.42199999999999999
122,defined,500,212,0.42399999999999999
123,defined,500,208,0.41599999999999998
124,defined,500,199,0.39800000000000002
125,defined,500,210,0.41999999999999998
126,defined,500,208,0.41599999999999998
127,defined,500,205,0.40999999999999998
128,defined,500,207,0.41399999999999998
129,defined,500,195,0.39000000000000001
130,defined,500,209,0.41799999999999998
131,defined,500,210,0.41999999999999998
132,defined,500,197,0.39400000000000002
133,defined,500,214,0.42799999999999999
134,defined,500,197,0.39400000000000002
135,defined,500,210,0.41999999999999998
136,defined,500,218,0.436
137,defined,500,213,0.42599999999999999
138,defined,500,205,0.40999999999999998
139,defined,500,204,0.40799999999999997
140,defined,500,207,0.41399999999999998
141,defined,500,216,0.432
142,defined,500,209,0.41799999999999998
143,defined,500,215,0.42999999999999999
144,defined,500,208,0.41599999999999998
145,defined,500,204,0.40799999999999997
146,defined,500,210,0.41999999999999998
147,defined,500,209,0.41799999999999998
148,defined,500,206,0.41199999999999998
149,defined,500,211,0.42199999999999999
150,defined,500,194,0.38800000000000001
151,defined,500,206,0.41199999999999998
152,defined,500,202,0.40400000000000003
153,defined,500,213,0.42599999999999999
154,defined,500,204,0.40799999999999997
155,defined,500,209,0.41799999999999998
156,defined,500,202,0.40400000000000003
157,defined,500,216,0.432
158,defined,500,207,0.41399999999999998
159,defined,500,212,0.42399999999999999
160,defined,500,200,0.40000000000000002
161,defined,500,204,0.40799999999999997
162,defined,500,210,0.41999999999999998
163,defined,500,210,0.41999999999999998
164,defined,500,199,0.39800000000000002
165,defined,500,208,0.41599999999999998
166,defined,500,206,0.41199999999999998
167,defined,500,213,0.42599999999999999
168,defined,500,215,0.42999999999999999
169,defined,500,203,0.40600000000000003
170,defined,500,202,0.40400000000000003
171,defined,500,207,0.41399999999999998
172,defined,500,207,0.41399999999999998
173,defined,500,202,0.40400000000000003
174,defined,500,206,0.41199999999999998
175,defined,500,195,0.39000000000000001
176,defined,500,210,0.41999999999999998
177,defined,500,199,0.39800000000000002
178,defined,500,198,0.39600000000000002
179,defined,500,217,0.434
180,defined,500,221,0.442
181,defined,500,203,0.40600000000000003
182,defined,500,211,0.42199999999999999
183,defined,500,206,0.41199999999999998
184,defined,500,206,0.41199999999999998
185,defined,500,212,0.42399999999999999
186,defined,500,206,0.41199999999999998
187,defined,500,206,0.41199999999999998
188,defined,500,202,0.40400000000000003
189,defined,500,208,0.41599999999999998
190,defined,500,213,0.42599999999999999
191,defined,500,204,0.40799999999999997
192,defined,500,208,0.41599999999999998
193,defined,500,201,0.40200000000000002
194,defined,500,212,0.42399999999999999
195,defined,500,206,0.41199999999999998
196,defined,500,201,0.40200000000000002
197,defined,500,198,0.39600000000000002
198,defined,500,211,0.42199999999999999
199,defined,500,218,0.436
200,defined,500,207,0.41399999999999998
201,defined,500,200,0.40000000000000002
202,defined,500,202,0.40400000000000003
203,defined,500,208,0.41599999999999998
204,defined,500,197,0.39400000000000002
205,defined,500,206,0.41199999999999998
206,defined,500,202,0.40400000000000003
207,defined,500,195,0.39000000000000001
208,defined,500,207,0.41399999999999998
209,defined,500,205,0.40999999999999998
210,defined,500,211,0.42199999999999999
211,defined,500,202,0.40400000000000003
212,defined,500,194,0.38800000000000001
213,defined,500,201,0.40200000000000002
214,defined,500,200,0.40000000000000002
215,defined,500,201,0.40200000000000002
216,defined,500,198,0.39600000000000002
217,defined,500,208,0.41599999999999998
218,defined,500,205,0.40999999999999998
219,defined,500,216,0.432
220,defined,500,212,0.42399999999999999
221,defined,500,197,0.39400000000000002
222,defined,500,197,0.39400000000000002
223,defined,500,212,0.42399999999999999
224,defined,500,214,0.42799999999999999
225,defined,500,211,0.42199999999999999
226,defined,500,213,0.42599999999999999
227,defined,500,209,0.41799999999999998
228,defined,500,204,0.40799999999999997
229,defined,500,201,0.40200000000000002
230,defined,500,202,0.40400000000000003
231,defined,500,206,0.41199999999999998
232,defined,500,205,0.40999999999999998
233,defined,500,213,0.42599999999999999
234,defined,500,211,0.42199999999999999
235,defined,500,196,0.39200000000000002
236,defined,500,203,0.40600000000000003
237,defined,500,202,0.40400000000000003
238,defined,500,211,0.42199999999999999
239,defined,500,206,0.41199999999999998
240,defined,500,216,0.432
241,defined,500,214,0.42799999999999999
242,defined,500,207,0.41399999999999998
243,defined,500,205,0.40999999999999998
244,defined,500,217,0.434
245,defined,500,218,0.436
246,defined,500,210,0.41999999999999998
247,defined,500,201,0.40200000000000002
248,defined,500,203,0.40600000000000003
249,defined,500,206,0.41199999999999998
250,defined,500,204,0.40799999999999997
251,defined,500,211,0.42199999999999999
252,defined,500,208,0.41599999999999998
253,defined,500,207,0.41399999999999998
254,defined,500,199,0.39800000000000002
255,defined,500,198,0.39600000000000002
256,defined,500,202,0.40400000000000003
257,defined,500,208,0.41599999999999998
258,defined,500,208,0.41599999999999998
259,defined,500,202,0.40400000000000003
260,defined,500,209,0.41799999999999998
261,defined,500,218,0.436
262,defined,500,215,0.42999999999999999
263,defined,500,198,0.39600000000000002
264,defined,500,211,0.42199999999999999
265,defined,500,199,0.39800000000000002
266,defined,500,197,0.39400000000000002
267,defined,500,211,0.42199999999999999
268,defined,500,216,0.432
269,defined,500,200,0.40000000000000002
270,defined,500,212,0.42399999999999999
271,defined,500,204,0.40799999999999997
272,defined,500,207,0.41399999999999998
273,defined,500,196,0.39200000000000002
274,defined,500,200,0.40000000000000002
275,defined,500,208,0.41599999999999998
276,defined,500,200,0.40000000000000002
277,defined,500,205,0.40999999999999998
278,defined,500,202,0.40400000000000003
279,defined,500,185,0.37
280,defined,500,197,0.39400000000000002
281,defined,500,210,0.41999999999999998
282,defined,500,196,0.39200000000000002
283,defined,500,198,0.39600000000000002
284,defined,500,200,0.40000000000000002
285,defined,500,207,0.41399999999999998
286,defined,500,203,0.40600000000000003
287,defined,500,199,0.39800000000000002
288,defined,500,217,0.434
289,defined,500,206,0.41199999999999998
290,defined,500,212,0.42399999999999999
291,defined,500,208,0.41599999999999998
292,defined,500,203,0.40600000000000003
293,defined,500,214,0.42799999999999999
294,defined,500,205,0.40999999999999998
295,defined,500,208,0.41599999999999998
296,defined,500,194,0.38800000000000001
297,defined,500,212,0.42399999999999999
298,defined,500,211,0.42199999999999999
299,defined,500,208,0.41599999999999998
300,defined,500,202,0.40400000000000003
301,defined,500,202,0.40400000000000003
302,defined,500,203,0.40600000000000003
303,defined,500,215,0.42999999999999999
304,defined,500,216,0.432
305,defined,500,203,0.40600000000000003
306,defined,500,222,0.44400000000000001
307,defined,500,223,0.44600000000000001
308,defined,500,205,0.40999999999999998
309,defined,500,210,0.41999999999999998
310,defined,500,201,0.40200000000000002
311,defined,500,205,0.40999999999999998
312,defined,500,209,0.41799999999999998
313,defined,500,210,0.41999999999999998
314,defined,500,202,0.40400000000000003
315,defined,500,216,0.432
316,defined,500,205,0.40999999999999998
317,defined,500,207,0.41399999999999998
318,defined,500,202,0.40400000000000003
319,defined,500,202,0.40400000000000003
320,defined,500,208,0.41599999999999998
321,defined,500,207,0.41399999999999998
322,defined,500,208,0.41599999999999998
323,defined,500,205,0.40999999999999998
324,defined,500,207,0.41399999999999998
325,defined,500,207,0.41399999999999998
326,defined,500,208,0.41599999999999998
327,defined,500,203,0.40600000000000003
328,defined,500,209,0.41799999999999998
329,defined,500,217,0.434
330,defined,500,212,0.42399999999999999
331,defined,500,211,0.42199999999999999
332,defined,500,220,0.44
333,defined,500,200,0.40000000000000002
334,defined,500,207,0.41399999999999998
335,defined,500,203,0.40600000000000003
336,defined,500,199,0.39800000000000002
337,defined,500,210,0.41999999999999998
338,defined,500,200,0.40000000000000002
339,defined,500,216,0.432
340,defined,500,219,0.438
341,defined,500,205,0.40999999999999998
342,defined,500,201,0.40200000000000002
343,defined,500,211,0.42199999999999999
344,defined,500,213,0.42599999999999999
345,defined,500,197,0.39400000000000002
346,defined,500,194,0.38800000000000001
347,defined,500,210,0.41999999999999998
348,defined,500,211,0.42199999999999999
349,defined,500,212,0.42399999999999999
350,defined,500,201,0.40200000000000002
351,defined,500,211,0.42199999999999999
352,defined,500,206,0.41199999999999998
353,defined,500,194,0.38800000000000001
354,defined,500,211,0.42199999999999999
355,defined,500,210,0.41999999999999998
356,defined,500,208,0.41599999999999998
357,defined,500,210,0.41999999999999998
358,defined,500,205,0.40999999999999998
359,defined,500,218,0.436
360,defined,500,202,0.40400000000000003
361,defined,500,204,0.40799999999999997
362,defined,500,209,0.41799999999999998
363,defined,500,207,0.41399999999999998
364,defined,500,204,0.40799999999999997
365,defined,500,201,0.40200000000000002
366,defined,500,210,0.41999999999999998
367,defined,500,211,0.42199999999999999
368,defined,500,213,0.42599999999999999
369,defined,500,207,0.41399999999999998
370,defined,500,212,0.42399999999999999
371,defined,500,204,0.40799999999999997
372,defined,500,197,0.39400000000000002
373,defined,500,209,0.41799999999999998
374,defined,500,202,0.40400000000000003
375,defined,500,208,0.41599999999999998
376,defined,500,211,0.42199999999999999
377,defined,500,208,0.41599999999999998
378,defined,500,198,0.39600000000000002
379,defined,500,207,0.41399999999999998
380,defined,500,213,0.42599999999999999
381,defined,500,210,0.41999999999999998
382,defined,500,216,0.432
383,defined,500,209,0.41799999999999998
384,defined,500,198,0.39600000000000002
385,defined,500,201,0.40200000000000002
386,defined,500,202,0.40400000000000003
387,defined,500,214,0.42799999999999999
388,defined,500,203,0.40600000000000003
389,defined,500,212,0.42399999999999999
390,defined,500,203,0.40600000000000003
391,defined,500,213,0.42599999999999999
392,defined,500,215,0.42999999999999999
393,defined,500,200,0.40000000000000002
394,defined,500,210,0.41999999999999998
395,defined,500,203,0.40600000000000003
396,defined,500,199,0.39800000000000002
397,defined,500,201,0.40200000000000002
398,defined,500,203,0.40600000000000003
399,defined,500,196,0.39200000000000002
400,defined,500,202,0.40400000000000003
401,defined,500,206,0.41199999999999998
402,defined,500,216,0.432
403,defined,500,199,0.39800000000000002
404,defined,500,208,0.41599999999999998
405,defined,500,200,0.40000000000000002
406,defined,500,210,0.41999999999999998
407,defined,500,227,0.45400000000000001
408,defined,500,217,0.434
409,defined,500,214,0.42799999999999999
410,defined,500,202,0.40400000000000003
411,defined,500,201,0.40200000000000002
412,defined,500,209,0.41799999999999998
413,defined,500,202,0.40400000000000003
414,defined,500,205,0.40999999999999998
415,defined,500,194,0.38800000000000001
416,defined,500,193,0.38600000000000001
417,defined,500,209,0.41799999999999998
418,defined,500,192,0.38400000000000001
419,defined,500,207,0.41399999999999998
420,defined,500,210,0.41999999999999998
421,defined,500,208,0.41599999999999998
422,defined,500,208,0.41599999999999998
423,defined,500,197,0.39400000000000002
424,defined,500,208,0.41599999999999998
425,defined,500,200,0.40000000000000002
426,defined,500,209,0.41799999999999998
427,defined,500,201,0.40200000000000002
428,defined,500,203,0.40600000000000003
429,defined,500,217,0.434
430,defined,500,203,0.40600000000000003
431,defined,500,198,0.39600000000000002
432,defined,500,211,0.42199999999999999
433,defined,500,209,0.41799999999999998
434,defined,500,207,0.41399999999999998
435,defined,500,220,0.44
436,defined,500,219,0.438
437,defined,500,203,0.40600000000000003
438,defined,500,198,0.39600000000000002
439,defined,500,215,0.42999999999999999
440,defined,500,204,0.40799999999999997
441,defined,500,214,0.42799999999999999
442,defined,500,202,0.40400000000000003
443,defined,500,212,0.42399999999999999
444,defined,500,205,0.40999999999999998
445,defined,500,199,0.39800000000000002
446,defined,500,196,0.39200000000000002
447,defined,500,210,0.41999999999999998
448,defined,500,201,0.40200000000000002
449,defined,500,202,0.40400000000000003
450,defined,500,215,0.42999999999999999
451,defined,500,210,0.41999999999999998
452,defined,500,212,0.42399999999999999
453,defined,500,217,0.434
454,defined,500,214,0.42799999999999999
455,defined,500,216,0.432
456,defined,500,207,0.41399999999999998
457,defined,500,202,0.40400000000000003
458,defined,500,201,0.40200000000000002
459,defined,500,210,0.41999999999999998
460,defined,500,208,0.41599999999999998
461,defined,500,212,0.42399999999999999
462,defined,500,212,0.42399999999999999
463,defined,500,214,0.42799999999999999
464,defined,500,214,0.42799999999999999
465,defined,500,205,0.40999999999999998
466,defined,500,207,0.41399999999999998
467,defined,500,216,0.432
468,defined,500,206,0.41199999999999998
469,defined,500,218,0.436
470,defined,500,225,0.45000000000000001
471,defined,500,207,0.41399999999999998
472,defined,500,226,0.45200000000000001
473,defined,500,202,0.40400000000000003
474,defined,500,221,0.442
475,defined,500,212,0.42399999999999999
476,defined,500,210,0.41999999999999998
477,defined,500,206,0.41199999999999998
478,defined,500,209,0.41799999999999998
479,defined,500,205,0.40999999999999998
480,defined,500,205,0.40999999999999998
481,defined,500,209,0.41799999999999998
482,defined,500,211,0.42199999999999999
483,defined,500,196,0.39200000000000002
484,defined,500,206,0.41199999999999998
485,defined,500,207,0.41399999999999998
486,defined,500,210,0.41999999999999998
487,defined,500,191,0.38200000000000001
488,defined,500,204,0.40799999999999997
489,defined,500,201,0.40200000000000002
490,defined,500,209,0.41799999999999998
491,defined,500,207,0.41399999999999998
492,defined,500,203,0.40600000000000003
493,defined,500,199,0.39800000000000002
494,defined,500,217,0.434
495,defined,500,209,0.41799999999999998
496,defined,500,200,0.40000000000000002
497,defined,500,223,0.44600000000000001
498,defined,500,198,0.39600000000000002
499,defined,500,208,0.41599999999999998
500,defined,500,202,0.40400000000000003
501,defined,500,198,0.39600000000000002
502,defined,500,205,0.40999999999999998
503,defined,500,216,0.432
504,defined,500,208,0.41599999999999998
505,defined,500,201,0.40200000000000002
506,defined,500,210,0.41999999999999998
507,defined,500,212,0.42399999999999999
508,defined,500,212,0.42399999999999999
509,defined,500,199,0.39800000000000002
510,defined,500,197,0.39400000000000002
511,defined,500,198,0.39600000000000002
512,defined,500,204,0.40799999999999997
513,defined,500,204,0.40799999999999997
514,defined,500,212,0.42399999999999999
515,defined,500,211,0.42199999999999999
516,defined,500,200,0.40000000000000002
517,defined,500,211,0.42199999999999999
518,defined,500,212,0.42399999999999999
519,defined,500,203,0.40600000000000003
520,defined,500,210,0.41999999999999998
521,defined,500,208,0.41599999999999998
522,defined,500,207,0.41399999999999998
523,defined,500,213,0.42599999999999999
524,defined,500,214,0.42799999999999999
525,defined,500,205,0.40999999999999998
526,defined,500,213,0.42599999999999999
527,defined,500,211,0.42199999999999999
528,defined,500,195,0.39000000000000001
529,defined,500,204,0.40799999999999997
530,defined,500,214,0.42799999999999999
531,defined,500,211,0.42199999999999999
532,defined,500,211,0.42199999999999999
533,defined,500,205,0.40999999999999998
534,defined,500,210,0.41999999999999998
535,defined,500,207,0.41399999999999998
536,defined,500,198,0.39600000000000002
537,defined,500,205,0.40999999999999998
538,defined,500,201,0.40200000000000002
539,defined,500,207,0.41399999999999998
540,defined,500,217,0.434
541,defined,500,207,0.41399999999999998
542,defined,500,210,0.41999999999999998
543,defined,500,213,0.42599999999999999
544,defined,500,207,0.41399999999999998
545,defined,500,204,0.40799999999999997
546,defined,500,203,0.40600000000000003
547,defined,500,211,0.42199999999999999
548,defined,500,199,0.39800000000000002
549,defined,500,205,0.40999999999999998
550,defined,500,201,0.40200000000000002
551,defined,500,204,0.40799999999999997
552,defined,500,204,0.40799999999999997
553,defined,500,204,0.40799999999999997
554,defined,500,206,0.41199999999999998
555,defined,500,204,0.40799999999999997
556,defined,500,203,0.40600000000000003
557,defined,500,229,0.45800000000000002
558,defined,500,206,0.41199999999999998
559,defined,500,210,0.41999999999999998
560,defined,500,192,0.38400000000000001
561,defined,500,222,0.44400000000000001
562,defined,500,206,0.41199999999999998
563,defined,500,200,0.40000000000000002
564,defined,500,211,0.42199999999999999
565,defined,500,205,0.40999999999999998
566,defined,500,204,0.40799999999999997
567,defined,500,200,0.40000000000000002
568,defined,500,208,0.41599999999999998
569,defined,500,187,0.374
570,defined,500,208,0.41599999999999998
571,defined,500,218,0.436
572,defined,500,199,0.39800000000000002
573,defined,500,206,0.41199999999999998
574,defined,500,205,0.40999999999999998
575,defined,500,217,0.434
576,defined,500,207,0.41399999999999998
577,defined,500,216,0.432
578,defined,500,219,0.438
579,defined,500,200,0.40000000000000002
580,defined,500,209,0.41799999999999998
581,defined,500,210,0.41999999999999998
582,defined,500,186,0.372
583,defined,500,213,0.42599999999999999
584,defined,500,209,0.41799999999999998
585,defined,500,216,0.432
586,defined,500,208,0.41599999999999998
587,defined,500,203,0.40600000000000003
588,defined,500,211,0.42199999999999999
589,defined,500,212,0.42399999999999999
590,defined,500,214,0.42799999999999999
591,defined,500,207,0.41399999999999998
592,defined,500,216,0.432
593,defined,500,206,0.41199999999999998
594,defined,500,219,0.438
595,defined,500,201,0.40200000000000002
596,defined,500,198,0.39600000000000002
597,defined,500,209,0.41799999999999998
598,defined,500,199,0.39800000000000002
599,defined,500,208,0.41599999999999998
600,defined,500,200,0.40000000000000002
601,defined,500,210,0.41999999999999998
602,defined,500,197,0.39400000000000002
603,defined,500,219,0.438
604,defined,500,205,0.40999999999999998
605,defined,500,204,0.40799999999999997
606,defined,500,218,0.436
607,defined,500,215,0.42999999999999999
608,defined,500,214,0.42799999999999999
609,defined,500,197,0.39400000000000002
610,defined,500,207,0.41399999999999998
611,defined,500,203,0.40600000000000003
612,defined,500,220,0.44
613,defined,500,202,0.40400000000000003
614,defined,500,208,0.41599999999999998
615,defined,500,211,0.42199999999999999
616,defined,500,203,0.40600000000000003
617,defined,500,200,0.40000000000000002
618,defined,500,202,0.40400000000000003
619,defined,500,209,0.41799999999999998
620,defined,500,208,0.41599999999999998
621,defined,500,203,0.40600000000000003
622,defined,500,203,0.40600000000000003
623,defined,500,207,0.41399999999999998
624,defined,500,205,0.40999999999999998
625,defined,500,202,0.40400000000000003
626,defined,500,213,0.42599999999999999
627,defined,500,204,0.40799999999999997
628,defined,500,211,0.42199999999999999
629,defined,500,199,0.39800000000000002
630,defined,500,201,0.40200000000000002
631,defined,500,214,0.42799999999999999
632,defined,500,208,0.41599999999999998
633,defined,500,202,0.40400000000000003
634,defined,500,204,0.40799999999999997
635,defined,500,204,0.40799999999999997
636,defined,500,210,0.41999999999999998
637,defined,500,208,0.41599999999999998
638,defined,500,203,0.40600000000000003
639,defined,500,215,0.42999999999999999
640,defined,500,210,0.41999999999999998
641,defined,500,195,0.39000000000000001
642,defined,500,216,0.432
643,defined,500,202,0.40400000000000003
644,defined,500,223,0.44600000000000001
645,defined,500,207,0.41399999999999998
646,defined,500,204,0.40799999999999997
647,defined,500,210,0.41999999999999998
648,defined,500,203,0.40600000000000003
649,defined,500,210,0.41999999999999998
650,defined,500,216,0.432
651,defined,500,202,0.40400000000000003
652,defined,500,205,0.40999999999999998
653,defined,500,202,0.40400000000000003
654,defined,500,211,0.42199999999999999
655,defined,500,205,0.40999999999999998
656,defined,500,201,0.40200000000000002
657,defined,500,212,0.42399999999999999
658,defined,500,206,0.41199999999999998
659,defined,500,201,0.40200000000000002
660,defined,500,201,0.40200000000000002
661,defined,500,217,0.434
662,defined,500,210,0.41999999999999998
663,defined,500,198,0.39600000000000002
664,defined,500,206,0.41199999999999998
665,defined,500,213,0.42599999999999999
666,defined,500,198,0.39600000000000002
667,defined,500,204,0.40799999999999997
668,defined,500,204,0.40799999999999997
669,defined,500,196,0.39200000000000002
670,defined,500,206,0.41199999999999998
671,defined,500,215,0.42999999999999999
672,defined,500,209,0.41799999999999998
673,defined,500,204,0.40799999999999997
674,defined,500,205,0.40999999999999998
675,defined,500,207,0.41399999999999998
676,defined,500,211,0.42199999999999999
677,defined,500,193,0.38600000000000001
678,defined,500,212,0.42399999999999999
679,defined,500,211,0.42199999999999999
680,defined,500,211,0.42199999999999999
681,defined,500,219,0.438
682,defined,500,200,0.40000000000000002
683,defined,500,205,0.40999999999999998
684,defined,500,214,0.42799999999999999
685,defined,500,206,0.41199999999999998
686,defined,500,200,0.40000000000000002
687,defined,500,203,0.40600000000000003
688,defined,500,203,0.40600000000000003
689,defined,500,202,0.40400000000000003
690,defined,500,220,0.44
691,defined,500,220,0.44
692,defined,500,213,0.42599999999999999
693,defined,500,201,0.40200000000000002
694,defined,500,200,0.40000000000000002
695,defined,500,207,0.41399999999999998
696,defined,500,207,0.41399999999999998
697,defined,500,197,0.39400000000000002
698,defined,500,215,0.42999999999999999
699,defined,500,209,0.41799999999999998
700,defined,500,199,0.39800000000000002
701,defined,500,205,0.40999999999999998
702,defined,500,206,0.41199999999999998
703,defined,500,199,0.39800000000000002
704,defined,500,215,0.42999999999999999
705,defined,500,213,0.42599999999999999
706,defined,500,204,0.40799999999999997
707,defined,500,204,0.40799999999999997
708,defined,500,214,0.42799999999999999
709,defined,500,202,0.40400000000000003
710,defined,500,208,0.41599999999999998
711,defined,500,200,0.40000000000000002
712,defined,500,218,0.436
713,defined,500,198,0.39600000000000002
714,defined,500,210,0.41999999999999998
715,defined,500,213,0.42599999999999999
716,defined,500,208,0.41599999999999998
717,defined,500,205,0.40999999999999998
718,defined,500,201,0.40200000000000002
719,defined,500,219,0.438
720,defined,500,197,0.39400000000000002
721,defined,500,212,0.42399999999999999
722,defined,500,205,0.40999999999999998
723,defined,500,210,0.41999999999999998
724,defined,500,218,0.436
725,defined,500,216,0.432
726,defined,500,202,0.40400000000000003
727,defined,500,206,0.41199999999999998
728,defined,500,206,0.41199999999999998
729,defined,500,204,0.40799999999999997
730,defined,500,210,0.41999999999999998
731,defined,500,211,0.42199999999999999
732,defined,500,216,0.432
733,defined,500,196,0.39200000000000002
734,defined,500,205,0.40999999999999998
735,defined,500,211,0.42199999999999999
736,defined,500,213,0.42599999999999999
737,defined,500,209,0.41799999999999998
738,defined,500,214,0.42799999999999999
739,defined,500,204,0.40799999999999997
740,defined,500,204,0.40799999999999997
741,defined,500,205,0.40999999999999998
742,defined,500,217,0.434
743,defined,500,210,0.41999999999999998
744,defined,500,216,0.432
745,defined,500,206,0.41199999999999998
746,defined,500,203,0.40600000000000003
747,defined,500,201,0.40200000000000002
748,defined,500,200,0.40000000000000002
749,defined,500,200,0.40000000000000002
750,defined,500,214,0.42799999999999999
751,defined,500,203,0.40600000000000003
752,defined,500,207,0.41399999999999998
753,defined,500,204,0.40799999999999997
754,defined,500,212,0.42399999999999999
755,defined,500,214,0.42799999999999999
756,defined,500,203,0.40600000000000003
757,defined,500,210,0.41999999999999998
758,defined,500,202,0.40400000000000003
759,defined,500,203,0.40600000000000003
760,defined,500,206,0.41199999999999998
761,defined,500,208,0.41599999999999998
762,defined,500,220,0.44
763,defined,500,212,0.42399999999999999
764,defined,500,205,0.40999999999999998
765,defined,500,204,0.40799999999999997
766,defined,500,205,0.40999999999999998
767,defined,500,214,0.42799999999999999
768,defined,500,199,0.39800000000000002
769,defined,500,208,0.41599999999999998
770,defined,500,201,0.40200000000000002
771,defined,500,208,0.41599999999999998
772,defined,500,198,0.39600000000000002
773,defined,500,221,0.442
774,defined,500,219,0.438
775,defined,500,212,0.42399999999999999
776,defined,500,196,0.39200000000000002
777,defined,500,212,0.42399999999999999
778,defined,500,203,0.40600000000000003
779,defined,500,201,0.40200000000000002
780,defined,500,212,0.42399999999999999
781,defined,500,208,0.41599999999999998
782,defined,500,210,0.41999999999999998
783,defined,500,208,0.41599999999999998
784,defined,500,200,0.40000000000000002
785,defined,500,205,0.40999999999999998
786,defined,500,209,0.41799999999999998
787,defined,500,208,0.41599999999999998
788,defined,500,207,0.41399999999999998
789,defined,500,211,0.42199999999999999
790,defined,500,214,0.42799999999999999
791,defined,500,202,0.40400000000000003
792,defined,500,209,0.41799999999999998
793,defined,500,220,0.44
794,defined,500,204,0.40799999999999997
795,defined,500,199,0.39800000000000002
796,defined,500,205,0.40999999999999998
797,defined,500,208,0.41599999999999998
798,defined,500,212,0.42399999999999999
799,defined,500,211,0.42199999999999999
800,defined,500,197,0.39400000000000002
801,defined,500,205,0.40999999999999998
802,defined,500,200,0.40000000000000002
803,defined,500,212,0.42399999999999999
804,defined,500,215,0.42999999999999999
805,defined,500,223,0.44600000000000001
806,defined,500,208,0.41599999999999998
807,defined,500,202,0.40400000000000003
808,defined,500,214,0.42799999999999999
809,defined,500,209,0.41799999999999998
810,defined,500,223,0.44600000000000001
811,defined,500,202,0.40400000000000003
812,defined,500,198,0.39600000000000002
813,defined,500,208,0.41599999999999998
814,defined,500,209,0.41799999999999998
815,defined,500,219,0.438
816,defined,500,216,0.432
817,defined,500,211,0.42199999999999999
818,defined,500,206,0.41199999999999998
819,defined,500,219,0.438
820,defined,500,204,0.40799999999999997
821,defined,500,221,0.442
822,defined,500,196,0.39200000000000002
823,defined,500,214,0.42799999999999999
824,defined,500,199,0.39800000000000002
825,defined,500,215,0.42999999999999999
826,defined,500,199,0.39800000000000002
827,defined,500,215,0.42999999999999999
828,defined,500,204,0.40799999999999997
829,defined,500,206,0.41199999999999998
830,defined,500,207,0.41399999999999998
831,defined,500,216,0.432
832,defined,500,218,0.436
833,defined,500,197,0.39400000000000002
834,defined,500,219,0.438
835,defined,500,211,0.42199999999999999
836,defined,500,209,0.41799999999999998
837,defined,500,197,0.39400000000000002
838,defined,500,199,0.39800000000000002
839,defined,500,206,0.41199999999999998
840,defined,500,213,0.42599999999999999
841,defined,500,200,0.40000000000000002
842,defined,500,200,0.40000000000000002
843,defined,500,204,0.40799999999999997
844,defined,500,203,0.40600000000000003
845,defined,500,198,0.39600000000000002
846,defined,500,209,0.41799999999999998
847,defined,500,203,0.40600000000000003
848,defined,500,200,0.40000000000000002
849,defined,500,214,0.42799999999999999
850,defined,500,205,0.40999999999999998
851,defined,500,197,0.39400000000000002
852,defined,500,206,0.41199999999999998
853,defined,500,210,0.41999999999999998
854,defined,500,206,0.41199999999999998
855,defined,500,214,0.42799999999999999
856,defined,500,204,0.40799999999999997
857,defined,500,198,0.39600000000000002
858,defined,500,208,0.41599999999999998
859,defined,500,208,0.41599999999999998
860,defined,500,204,0.40799999999999997
861,defined,500,204,0.40799999999999997
862,defined,500,213,0.42599999999999999
863,defined,500,201,0.40200000000000002
864,defined,500,210,0.41999999999999998
865,defined,500,215,0.42999999999999999
866,defined,500,204,0.40799999999999997
867,defined,500,207,0.41399999999999998
868,defined,500,211,0.42199999999999999
869,defined,500,214,0.42799999999999999
870,defined,500,206,0.41199999999999998
871,defined,500,189,0.378
872,defined,500,212,0.42399999999999999
873,defined,500,205,0.40999999999999998
874,defined,500,192,0.38400000000000001
875,defined,500,215,0.42999999999999999
876,defined,500,210,0.41999999999999998
877,defined,500,206,0.41199999999999998
878,defined,500,222,0.44400000000000001
879,defined,500,204,0.40799999999999997
880,defined,500,198,0.39600000000000002
881,defined,500,193,0.38600000000000001
882,defined,500,206,0.41199999999999998
883,defined,500,217,0.434
884,defined,500,188,0.376
885,defined,500,203,0.40600000000000003
886,defined,500,205,0.40999999999999998
887,defined,500,192,0.38400000000000001
888,defined,500,209,0.41799999999999998
889,defined,500,207,0.41399999999999998
890,defined,500,208,0.41599999999999998
891,defined,500,205,0.40999999999999998
892,defined,500,216,0.432
893,defined,500,206,0.41199999999999998
894,defined,500,213,0.42599999999999999
895,defined,500,201,0.40200000000000002
896,defined,500,208,0.41599999999999998
897,defined,500,205,0.40999999999999998
898,defined,500,209,0.41799999999999998
899,defined,500,193,0.38600000000000001
900,defined,500,208,0.41599999999999998
901,defined,500,206,0.41199999999999998
902,defined,500,199,0.39800000000000002
903,defined,500,208,0.41599999999999998
904,defined,500,205,0.40999999999999998
905,defined,500,207,0.41399999999999998
906,defined,500,203,0.40600000000000003
907,defined,500,202,0.40400000000000003
908,defined,500,218,0.436
909,defined,500,200,0.40000000000000002
910,defined,500,214,0.42799999999999999
911,defined,500,211,0.42199999999999999
912,defined,500,215,0.42999999999999999
913,defined,500,221,0.442
914,defined,500,196,0.39200000000000002
915,defined,500,200,0.40000000000000002
916,defined,500,215,0.42999999999999999
917,defined,500,212,0.42399999999999999
918,defined,500,202,0.40400000000000003
919,defined,500,198,0.39600000000000002
920,defined,500,215,0.42999999999999999
921,defined,500,204,0.40799999999999997
922,defined,500,206,0.41199999999999998
923,defined,500,213,0.42599999999999999
924,defined,500,208,0.41599999999999998
925,defined,500,195,0.39000000000000001
926,defined,500,201,0.40200000000000002
927,defined,500,218,0.436
928,defined,500,209,0.41799999999999998
929,defined,500,202,0.40400000000000003
930,defined,500,207,0.41399999999999998
931,defined,500,203,0.40600000000000003
932,defined,500,217,0.434
933,defined,500,205,0.40999999999999998
934,defined,500,196,0.39200000000000002
935,defined,500,199,0.39800000000000002
936,defined,500,217,0.434
937,defined,500,214,0.42799999999999999
938,defined,500,211,0.42199999999999999
939,defined,500,198,0.39600000000000002
940,defined,500,207,0.41399999999999998
941,defined,500,211,0.42199999999999999
942,defined,500,206,0.41199999999999998
943,defined,500,205,0.40999999999999998
944,defined,500,211,0.42199999999999999
945,defined,500,214,0.42799999999999999
946,defined,500,199,0.39800000000000002
947,defined,500,215,0.42999999999999999
948,defined,500,213,0.42599999999999999
949,defined,500,202,0.40400000000000003
950,defined,500,196,0.39200000000000002
951,defined,500,214,0.42799999999999999
952,defined,500,215,0.42999999999999999
953,defined,500,201,0.40200000000000002
954,defined,500,209,0.41799999999999998
955,defined,500,203,0.40600000000000003
956,defined,500,205,0.40999999999999998
957,defined,500,212,0.42399999999999999
958,defined,500,206,0.41199999999999998
959,defined,500,205,0.40999999999999998
960,defined,500,211,0.42199999999999999
961,defined,500,204,0.40799999999999997
962,defined,500,206,0.41199999999999998
963,defined,500,212,0.42399999999999999
964,defined,500,210,0.41999999999999998
965,defined,500,212,0.42399999999999999
966,defined,500,204,0.40799999999999997
967,defined,500,208,0.41599999999999998
968,defined,500,207,0.41399999999999998
969,defined,500,193,0.38600000000000001
970,defined,500,210,0.41999999999999998
971,defined,500,194,0.38800000000000001
972,defined,500,207,0.41399999999999998
973,defined,500,203,0.40600000000000003
974,defined,500,197,0.39400000000000002
975,defined,500,208,0.41599999999999998
976,defined,500,213,0.42599999999999999
977,defined,500,208,0.41599999999999998
978,defined,500,205,0.40999999999999998
979,defined,500,210,0.41999999999999998
980,defined,500,218,0.436
981,defined,500,206,0.41199999999999998
982,defined,500,210,0.41999999999999998
983,defined,500,203,0.40600000000000003
984,defined,500,206,0.41199999999999998
985,defined,500,192,0.38400000000000001
986,defined,500,207,0.41399999999999998
987,defined,500,209,0.41799999999999998
988,defined,500,213,0.42599999999999999
989,defined,500,201,0.40200000000000002
990,defined,500,211,0.42199999999999999
991,defined,500,198,0.39600000000000002
992,defined,500,196,0.39200000000000002
993,defined,500,207,0.41399999999999998
994,defined,500,214,0.42799999999999999
995,defined,500,203,0.40600000000000003
996,defined,500,207,0.41399999999999998
997,defined,500,206,0.41199999999999998
998,defined,500,213,0.42599999999999999
999,defined,500,205,0.40999999999999998
1000,defined,500,204,0.40799999999999997
1001,defined,500,210,0.41999999999999998
1002,defined,500,213,0.42599999999999999
1003,defined,500,198,0.39600000000000002
1004,defined,500,204,0.40799999999999997
1005,defined,500,206,0.41199999999999998
1006,defined,500,192,0.38400000000000001
1007,defined,500,204,0.40799999999999997
1008,defined,500,207,0.41399999999999998
1009,defined,500,204,0.40799999999999997
1010,defined,500,208,0.41599999999999998
1011,defined,500,198,0.39600000000000002
1012,defined,500,196,0.39200000000000002
1013,defined,500,194,0.38800000000000001
1014,defined,500,207,0.41399999999999998
1015,defined,500,199,0.39800000000000002
1016,defined,500,203,0.40600000000000003
1017,defined,500,210,0.41999999999999998
1018,defined,500,205,0.40999999999999998
1019,defined,500,215,0.42999999999999999
1020,defined,500,204,0.40799999999999997
1021,defined,500,190,0.38
1022,defined,500,204,0.40799999999999997
1023,defined,500,221,0.442
1024,defined,500,215,0.42999999999999999
1025,defined,500,208,0.41599999999999998
1026,defined,500,195,0.39000000000000001
1027,defined,500,216,0.432
1028,defined,500,205,0.40999999999999998
1029,defined,500,208,0.41599999999999998
1030,defined,500,221,0.442
1031,defined,500,198,0.39600000000000002
1032,defined,500,210,0.41999999999999998
1033,defined,500,210,0.41999999999999998
1034,defined,500,208,0.41599999999999998
1035,defined,500,199,0.39800000000000002
1036,defined,500,212,0.42399999999999999
1037,defined,500,210,0.41999999999999998
1038,defined,500,205,0.40999999999999998
1039,defined,500,210,0.41999999999999998
1040,defined,500,202,0.40400000000000003
1041,defined,500,204,0.40799999999999997
1042,defined,500,198,0.39600000000000002
1043,defined,500,196,0.39200000000000002
1044,defined,500,209,0.41799999999999998
1045,defined,500,204,0.40799999999999997
1046,defined,500,211,0.42199999999999999
1047,defined,500,200,0.40000000000000002
1048,defined,500,213,0.42599999999999999
1049,defined,500,204,0.40799999999999997
1050,defined,500,213,0.42599999999999999
1051,defined,500,194,0.38800000000000001
1052,defined,500,216,0.432
1053,defined,500,201,0.40200000000000002
1054,defined,500,212,0.42399999999999999
1055,defined,500,218,0.436
1056,defined,500,207,0.41399999999999998
1057,defined,500,204,0.40799999999999997
1058,defined,500,202,0.40400000000000003
1059,defined,500,201,0.40200000000000002
1060,defined,500,196,0.39200000000000002
1061,defined,500,212,0.42399999999999999
1062,defined,500,207,0.41399999999999998
1063,defined,500,195,0.39000000000000001
1064,defined,500,205,0.40999999999999998
1065,defined,500,199,0.39800000000000002
1066,defined,500,201,0.40200000000000002
1067,defined,500,207,0.41399999999999998
1068,defined,500,210,0.41999999999999998
1069,defined,500,205,0.40999999999999998
1070,defined,500,201,0.40200000000000002
1071,defined,500,208,0.41599999999999998
1072,defined,500,208,0.41599999999999998
1073,defined,500,195,0.39000000000000001
1074,defined,500,218,0.436
1075,defined,500,214,0.42799999999999999
1076,defined,500,215,0.42999999999999999
1077,defined,500,216,0.432
1078,defined,500,202,0.40400000000000003
1079,defined,500,201,0.40200000000000002
1080,defined,500,210,0.41999999999999998
1081,defined,500,199,0.39800000000000002
1082,defined,500,210,0.41999999999999998
1083,defined,500,212,0.42399999999999999
1084,defined,500,210,0.41999999999999998
1085,defined,500,202,0.40400000000000003
1086,defined,500,200,0.40000000000000002
1087,defined,500,204,0.40799999999999997
1088,defined,500,211,0.42199999999999999
1089,defined,500,199,0.39800000000000002
1090,defined,500,214,0.42799999999999999
1091,defined,500,207,0.41399999999999998
1092,defined,500,205,0.40999999999999998
1093,defined,500,216,0.432
1094,defined,500,200,0.40000000000000002
1095,defined,500,209,0.41799999999999998
1096,defined,500,205,0.40999999999999998
1097,defined,500,195,0.39000000000000001
1098,defined,500,208,0.41599999999999998
1099,defined,500,212,0.42399999999999999
1100,defined,500,214,0.42799999999999999
1101,defined,500,199,0.39800000000000002
1102,defined,500,208,0.41599999999999998
1103,defined,500,202,0.40400000000000003
1104,defined,500,200,0.40000000000000002
1105,defined,500,211,0.42199999999999999
1106,defined,500,201,0.40200000000000002
1107,defined,500,200,0.40000000000000002
1108,defined,500,211,0.42199999999999999
1109,defined,500,205,0.40999999999999998
1110,defined,500,194,0.38800000000000001
1111,defined,500,204,0.40799999999999997
1112,defined,500,203,0.40600000000000003
1113,defined,500,209,0.41799999999999998
1114,defined,500,220,0.44
1115,defined,500,208,0.41599999999999998
1116,defined,500,202,0.40400000000000003
1117,defined,500,198,0.39600000000000002
1118,defined,500,200,0.40000000000000002
1119,defined,500,200,0.40000000000000002
1120,defined,500,212,0.42399999999999999
1121,defined,500,202,0.40400000000000003
1122,defined,500,203,0.40600000000000003
1123,defined,500,207,0.41399999999999998
1124,defined,500,194,0.38800000000000001
1125,defined,500,213,0.42599999999999999
1126,defined,500,205,0.40999999999999998
1127,defined,500,200,0.40000000000000002
1128,defined,500,201,0.40200000000000002
1129,defined,500,212,0.42399999999999999
1130,defined,500,214,0.42799999999999999
1131,defined,500,204,0.40799999999999997
1132,defined,500,206,0.41199999999999998
1133,defined,500,223,0.44600000000000001
1134,defined,500,207,0.41399999999999998
1135,defined,500,214,0.42799999999999999
1136,defined,500,208,0.41599999999999998
1137,defined,500,211,0.42199999999999999
1138,defined,500,198,0.39600000000000002
1139,defined,500,221,0.442
1140,defined,500,208,0.41599999999999998
1141,defined,500,207,0.41399999999999998
1142,defined,500,206,0.41199999999999998
1143,defined,500,202,0.40400000000000003
1144,defined,500,207,0.41399999999999998
1145,defined,500,201,0.40200000000000002
1146,defined,500,205,0.40999999999999998
1147,defined,500,215,0.42999999999999999
1148,defined,500,217,0.434
1149,defined,500,198,0.39600000000000002
1150,defined,500,209,0.41799999999999998
1151,defined,500,204,0.40799999999999997
1152,defined,500,215,0.42999999999999999
1153,defined,500,208,0.41599999999999998
1154,defined,500,210,0.41999999999999998
1155,defined,500,195,0.39000000000000001
1156,defined,500,209,0.41799999999999998
1157,defined,500,204,0.40799999999999997
1158,defined,500,203,0.40600000000000003
1159,defined,500,214,0.42799999999999999
1160,defined,500,196,0.39200000000000002
1161,defined,500,214,0.42799999999999999
1162,defined,500,214,0.42799999999999999
1163,defined,500,203,0.40600000000000003
1164,defined,500,211,0.42199999999999999
1165,defined,500,211,0.42199999999999999
1166,defined,500,196,0.39200000000000002
1167,defined,500,216,0.432
1168,defined,500,198,0.39600000000000002
1169,defined,500,197,0.39400000000000002
1170,defined,500,211,0.42199999999999999
1171,defined,500,215,0.42999999999999999
1172,defined,500,211,0.42199999999999999
1173,defined,500,206,0.41199999999999998
1174,defined,500,203,0.40600000000000003
1175,defined,500,213,0.42599999999999999
1176,defined,500,204,0.40799999999999997
1177,defined,500,194,0.38800000000000001
1178,defined,500,215,0.42999999999999999
1179,defined,500,209,0.41799999999999998
1180,defined,500,213,0.42599999999999999
1181,defined,500,209,0.41799999999999998
1182,defined,500,212,0.42399999999999999
1183,defined,500,211,0.42199999999999999
1184,defined,500,207,0.41399999999999998
1185,defined,500,192,0.38400000000000001
1186,defined,500,199,0.39800000000000002
1187,defined,500,199,0.39800000000000002
1188,defined,500,218,0.436
1189,defined,500,196,0.39200000000000002
1190,defined,500,213,0.42599999999999999
1191,defined,500,207,0.41399999999999998
1192,defined,500,213,0.42599999999999999
1193,defined,500,197,0.39400000000000002
1194,defined,500,205,0.40999999999999998
1195,defined,500,201,0.40200000000000002
1196,defined,500,207,0.41399999999999998
1197,defined,500,205,0.40999999999999998
1198,defined,500,219,0.438
1199,defined,500,209,0.41799999999999998
1200,defined,500,201,0.40200000000000002
1201,defined,500,195,0.39000000000000001
1202,defined,500,205,0.40999999999999998
1203,defined,500,213,0.42599999999999999
1204,defined,500,198,0.39600000000000002
1205,defined,500,208,0.41599999999999998
1206,defined,500,210,0.41999999999999998
1207,defined,500,206,0.41199999999999998
1208,defined,500,208,0.41599999999999998
1209,defined,500,202,0.40400000000000003
1210,defined,500,217,0.434
1211,defined,500,199,0.39800000000000002
1212,defined,500,199,0.39800000000000002
1213,defined,500,203,0.40600000000000003
1214,defined,500,206,0.41199999999999998
1215,defined,500,208,0.41599999999999998
1216,defined,500,206,0.41199999999999998
1217,defined,500,209,0.41799999999999998
1218,defined,500,218,0.436
1219,defined,500,211,0.42199999999999999
1220,defined,500,206,0.41199999999999998
1221,defined,500,212,0.42399999999999999
1222,defined,500,212,0.42399999999999999
1223,defined,500,220,0.44
1224,defined,500,203,0.40600000000000003
1225,defined,500,219,0.438
1226,defined,500,221,0.442
1227,defined,500,199,0.39800000000000002
1228,defined,500,210,0.41999999999999998
1229,defined,500,203,0.40600000000000003
1230,defined,500,218,0.436
1231,defined,500,209,0.41799999999999998
1232,defined,500,212,0.42399999999999999
1233,defined,500,208,0.41599999999999998
1234,defined,500,201,0.40200000000000002
1235,defined,500,204,0.40799999999999997
1236,defined,500,211,0.42199999999999999
1237,defined,500,203,0.40600000000000003
1238,defined,500,205,0.40999999999999998
1239,defined,500,211,0.42199999999999999
1240,defined,500,216,0.432
1241,defined,500,210,0.41999999999999998
1242,defined,500,196,0.39200000000000002
1243,defined,500,207,0.41399999999999998
1244,defined,500,200,0.40000000000000002
1245,defined,500,204,0.40799999999999997
1246,defined,500,212,0.42399999999999999
1247,defined,500,201,0.40200000000000002
1248,defined,500,204,0.40799999999999997
1249,defined,500,206,0.41199999999999998
1250,defined,500,210,0.41999999999999998
1251,defined,500,210,0.41999999999999998
1252,defined,500,203,0.40600000000000003
1253,defined,500,213,0.42599999999999999
1254,defined,500,214,0.42799999999999999
1255,defined,500,210,0.41999999999999998
1256,defined,500,203,0.40600000000000003
1257,defined,500,211,0.42199999999999999
1258,defined,500,218,0.436
1259,defined,500,213,0.42599999999999999
1260,defined,500,194,0.38800000000000001
1261,defined,500,217,0.434
1262,defined,500,221,0.442
1263,defined,500,206,0.41199999999999998
1264,defined,500,213,0.42599999999999999
1265,defined,500,199,0.39800000000000002
1266,defined,500,203,0.40600000000000003
1267,defined,500,213,0.42599999999999999
1268,defined,500,194,0.38800000000000001
1269,defined,500,219,0.438
1270,defined,500,205,0.40999999999999998
1271,defined,500,200,0.40000000000000002
1272,defined,500,207,0.41399999999999998
1273,defined,500,199,0.39800000000000002
1274,defined,500,218,0.436
1275,defined,500,196,0.39200000000000002
1276,defined,500,208,0.41599999999999998
1277,defined,500,196,0.39200000000000002
1278,defined,500,215,0.42999999999999999
1279,defined,500,208,0.41599999999999998
1280,defined,500,206,0.41199999999999998
1281,defined,500,202,0.40400000000000003
1282,defined,500,207,0.41399999999999998
1283,defined,500,217,0.434
1284,defined,500,202,0.40400000000000003
1285,defined,500,209,0.41799999999999998
1286,defined,500,212,0.42399999999999999
1287,defined,500,204,0.40799999999999997
1288,defined,500,204,0.40799999999999997
1289,defined,500,214,0.42799999999999999
1290,defined,500,203,0.40600000000000003
1291,defined,500,196,0.39200000000000002
1292,defined,500,211,0.42199999999999999
1293,defined,500,209,0.41799999999999998
1294,defined,500,200,0.40000000000000002
1295,defined,500,192,0.38400000000000001
1296,defined,500,207,0.41399999999999998
1297,defined,500,204,0.40799999999999997
1298,defined,500,208,0.41599999999999998
1299,defined,500,210,0.41999999999999998
1300,defined,500,206,0.41199999999999998
1301,defined,500,203,0.40600000000000003
1302,defined,500,210,0.41999999999999998
1303,defined,500,193,0.38600000000000001
1304,defined,500,209,0.41799999999999998
1305,defined,500,201,0.40200000000000002
1306,defined,500,209,0.41799999999999998
1307,defined,500,211,0.42199999999999999
1308,defined,500,207,0.41399999999999998
1309,defined,500,204,0.40799999999999997
1310,defined,500,218,0.436
1311,defined,500,203,0.40600000000000003
1312,defined,500,199,0.39800000000000002
1313,defined,500,226,0.45200000000000001
1314,defined,500,218,0.436
1315,defined,500,204,0.40799999999999997
1316,defined,500,198,0.39600000000000002
1317,defined,500,205,0.40999999999999998
1318,defined,500,210,0.41999999999999998
1319,defined,500,198,0.39600000000000002
1320,defined,500,209,0.41799999999999998
1321,defined,500,212,0.42399999999999999
1322,defined,500,204,0.40799999999999997
1323,defined,500,194,0.38800000000000001
1324,defined,500,200,0.40000000000000002
1325,defined,500,211,0.42199999999999999
1326,defined,500,211,0.42199999999999999
1327,defined,500,197,0.39400000000000002
1328,defined,500,192,0.38400000000000001
1329,defined,500,201,0.40200000000000002
1330,defined,500,207,0.41399999999999998
1331,defined,500,205,0.40999999999999998
1332,defined,500,219,0.438
1333,defined,500,206,0.41199999999999998
1334,defined,500,201,0.40200000000000002
1335,defined,500,210,0.41999999999999998
1336,defined,500,205,0.40999999999999998
1337,defined,500,212,0.42399999999999999
1338,defined,500,206,0.41199999999999998
1339,defined,500,206,0.41199999999999998
1340,defined,500,205,0.40999999999999998
1341,defined,500,212,0.42399999999999999
1342,defined,500,206,0.41199999999999998
1343,defined,500,206,0.41199999999999998
1344,defined,500,217,0.434
1345,defined,500,207,0.41399999999999998
1346,defined,500,205,0.40999999999999998
1347,defined,500,201,0.40200000000000002
1348,defined,500,210,0.41999999999999998
1349,defined,500,199,0.39800000000000002
1350,defined,500,195,0.39000000000000001
1351,defined,500,207,0.41399999999999998
1352,defined,500,212,0.42399999999999999
1353,defined,500,215,0.42999999999999999
1354,defined,500,208,0.41599999999999998
1355,defined,500,202,0.40400000000000003
1356,defined,500,206,0.41199999999999998
1357,defined,500,203,0.40600000000000003
1358,defined,500,217,0.434
1359,defined,500,219,0.438
1360,defined,500,205,0.40999999999999998
1361,defined,500,211,0.42199999999999999
1362,defined,500,199,0.39800000000000002
1363,defined,500,212,0.42399999999999999
1364,defined,500,212,0.42399999999999999
1365,defined,500,206,0.41199999999999998
1366,defined,500,209,0.41799999999999998
1367,defined,500,201,0.40200000000000002
1368,defined,500,196,0.39200000000000002
1369,defined,500,197,0.39400000000000002
1370,defined,500,199,0.39800000000000002
1371,defined,500,200,0.40000000000000002
1372,defined,500,211,0.42199999999999999
1373,defined,500,218,0.436
1374,defined,500,214,0.42799999999999999
1375,defined,500,210,0.41999999999999998
1376,defined,500,201,0.40200000000000002
1377,defined,500,201,0.40200000000000002
1378,defined,500,204,0.40799999999999997
1379,defined,500,213,0.42599999999999999
1380,defined,500,203,0.40600000000000003
1381,defined,500,211,0.42199999999999999
1382,defined,500,187,0.374
1383,defined,500,207,0.41399999999999998
1384,defined,500,210,0.41999999999999998
1385,defined,500,218,0.436
1386,defined,500,214,0.42799999999999999
1387,defined,500,215,0.42999999999999999
1388,defined,500,207,0.41399999999999998
1389,defined,500,205,0.40999999999999998
1390,defined,500,203,0.40600000000000003
1391,defined,500,209,0.41799999999999998
1392,defined,500,197,0.39400000000000002
1393,defined,500,214,0.42799999999999999
1394,defined,500,211,0.42199999999999999
1395,defined,500,201,0.40200000000000002
1396,defined,500,203,0.40600000000000003
1397,defined,500,199,0.39800000000000002
1398,defined,500,214,0.42799999999999999
1399,defined,500,211,0.42199999999999999
1400,defined,500,200,0.40000000000000002
1401,defined,500,205,0.40999999999999998
1402,defined,500,192,0.38400000000000001
1403,defined,500,203,0.40600000000000003
1404,defined,500,220,0.44
1405,defined,500,203,0.40600000000000003
1406,defined,500,215,0.42999999999999999
1407,defined,500,205,0.40999999999999998
1408,defined,500,203,0.40600000000000003
1409,defined,500,200,0.40000000000000002
1410,defined,500,212,0.42399999999999999
1411,defined,500,219,0.438
1412,defined,500,211,0.42199999999999999
1413,defined,500,201,0.40200000000000002
1414,defined,500,205,0.40999999999999998
1415,defined,500,189,0.378
1416,defined,500,218,0.436
1417,defined,500,195,0.39000000000000001
1418,defined,500,212,0.42399999999999999
1419,defined,500,217,0.434
1420,defined,500,206,0.41199999999999998
1421,defined,500,212,0.42399999999999999
1422,defined,500,203,0.40600000000000003
1423,defined,500,213,0.42599999999999999
1424,defined,500,201,0.40200000000000002
1425,defined,500,203,0.40600000000000003
1426,defined,500,211,0.42199999999999999
1427,defined,500,215,0.42999999999999999
1428,defined,500,211,0.42199999999999999
1429,defined,500,205,0.40999999999999998
1430,defined,500,215,0.42999999999999999
1431,defined,500,208,0.41599999999999998
1432,defined,500,218,0.436
1433,defined,500,219,0.438
1434,defined,500,212,0.42399999999999999
1435,defined,500,211,0.42199999999999999
1436,defined,500,207,0.41399999999999998
1437,defined,500,209,0.41799999999999998
1438,defined,500,209,0.41799999999999998
1439,defined,500,208,0.41599999999999998
1440,defined,500,194,0.38800000000000001
1441,defined,500,194,0.38800000000000001
1442,defined,500,207,0.41399999999999998
1443,defined,500,207,0.41399999999999998
1444,defined,500,207,0.41399999999999998
1445,defined,500,222,0.44400000000000001
1446,defined,500,216,0.432
1447,defined,500,207,0.41399999999999998
1448,defined,500,199,0.39800000000000002
1449,defined,500,210,0.41999999999999998
1450,defined,500,204,0.40799999999999997
1451,defined,500,212,0.42399999999999999
1452,defined,500,208,0.41599999999999998
1453,defined,500,200,0.40000000000000002
1454,defined,500,220,0.44
1455,defined,500,201,0.40200000000000002
1456,defined,500,206,0.41199999999999998
1457,defined,500,216,0.432
1458,defined,500,217,0.434
1459,defined,500,198,0.39600000000000002
1460,defined,500,195,0.39000000000000001
1461,defined,500,209,0.41799999999999998
1462,defined,500,194,0.38800000000000001
1463,defined,500,211,0.42199999999999999
1464,defined,500,206,0.41199999999999998
1465,defined,500,212,0.42399999999999999
1466,defined,500,200,0.40000000000000002
1467,defined,500,188,0.376
1468,defined,500,191,0.38200000000000001
1469,defined,500,193,0.38600000000000001
1470,defined,500,207,0.41399999999999998
1471,defined,500,206,0.41199999999999998
1472,defined,500,199,0.39800000000000002
1473,defined,500,202,0.40400000000000003
1474,defined,500,204,0.40799999999999997
1475,defined,500,195,0.39000000000000001
1476,defined,500,215,0.42999999999999999
1477,defined,500,207,0.41399999999999998
1478,defined,500,203,0.40600000000000003
1479,defined,500,211,0.42199999999999999
1480,defined,500,197,0.39400000000000002
1481,defined,500,206,0.41199999999999998
1482,defined,500,192,0.38400000000000001
1483,defined,500,205,0.40999999999999998
1484,defined,500,201,0.40200000000000002
1485,defined,500,216,0.432
1486,defined,500,213,0.42599999999999999
1487,defined,500,219,0.438
1488,defined,500,207,0.41399999999999998
1489,defined,500,204,0.40799999999999997
1490,defined,500,203,0.40600000000000003
1491,defined,500,215,0.42999999999999999
1492,defined,500,192,0.38400000000000001
1493,defined,500,200,0.40000000000000002
1494,defined,500,206,0.41199999999999998
1495,defined,500,205,0.40999999999999998
1496,defined,500,216,0.432
1497,defined,500,206,0.41199999999999998
1498,defined,500,209,0.41799999999999998
1499,defined,500,200,0.40000000000000002
1500,defined,500,209,0.41799999999999998
1501,defined,500,208,0.41599999999999998
1502,defined,500,203,0.40600000000000003
1503,defined,500,211,0.42199999999999999
1504,defined,500,189,0.378
1505,defined,500,216,0.432
1506,defined,500,200,0.40000000000000002
1507,defined,500,207,0.41399999999999998
1508,defined,500,202,0.40400000000000003
1509,defined,500,198,0.39600000000000002
1510,defined,500,209,0.41799999999999998
1511,defined,500,211,0.42199999999999999
1512,defined,500,197,0.39400000000000002
1513,defined,500,211,0.42199999999999999
1514,defined,500,221,0.442
1515,defined,500,219,0.438
1516,defined,500,207,0.41399999999999998
1517,defined,500,211,0.42199999999999999
1518,defined,500,209,0.41799999999999998
1519,defined,500,205,0.40999999999999998
1520,defined,500,209,0.41799999999999998
1521,defined,500,207,0.41399999999999998
1522,defined,500,207,0.41399999999999998
1523,defined,500,202,0.40400000000000003
1524,defined,500,208,0.41599999999999998
1525,defined,500,214,0.42799999999999999
1526,defined,500,199,0.39800000000000002
1527,defined,500,203,0.40600000000000003
1528,defined,500,205,0.40999999999999998
1529,defined,500,214,0.42799999999999999
1530,defined,500,206,0.41199999999999998
1531,defined,500,200,0.40000000000000002
1532,defined,500,190,0.38
1533,defined,500,205,0.40999999999999998
1534,defined,500,205,0.40999999999999998
1535,defined,500,224,0.44800000000000001
1536,defined,500,207,0.41399999999999998
1537,defined,500,196,0.39200000000000002
1538,defined,500,208,0.41599999999999998
1539,defined,500,204,0.40799999999999997
1540,defined,500,214,0.42799999999999999
1541,defined,500,206,0.41199999999999998
1542,defined,500,208,0.41599999999999998
1543,defined,500,216,0.432
1544,defined,500,216,0.432
1545,defined,500,202,0.40400000000000003
1546,defined,500,206,0.41199999999999998
1547,defined,500,213,0.42599999999999999
1548,defined,500,207,0.41399999999999998
1549,defined,500,207,0.41399999999999998
1550,defined,500,207,0.41399999999999998
1551,defined,500,201,0.40200000000000002
1552,defined,500,202,0.40400000000000003
1553,defined,500,216,0.432
1554,defined,500,199,0.39800000000000002
1555,defined,500,208,0.41599999999999998
1556,defined,500,201,0.40200000000000002
1557,defined,500,221,0.442
1558,defined,500,209,0.41799999999999998
1559,defined,500,221,0.442
1560,defined,500,200,0.40000000000000002
1561,defined,500,204,0.40799999999999997
1562,defined,500,205,0.40999999999999998
1563,defined,500,212,0.42399999999999999
1564,defined,500,211,0.42199999999999999
1565,defined,500,192,0.38400000000000001
1566,defined,500,197,0.39400000000000002
1567,defined,500,203,0.40600000000000003
1568,defined,500,206,0.41199999999999998
1569,defined,500,218,0.436
1570,defined,500,220,0.44
1571,defined,500,211,0.42199999999999999
1572,defined,500,199,0.39800000000000002
1573,defined,500,204,0.40799999999999997
1574,defined,500,207,0.41399999999999998
1575,defined,500,205,0.40999999999999998
1576,defined,500,194,0.38800000000000001
1577,defined,500,205,0.40999999999999998
1578,defined,500,207,0.41399999999999998
1579,defined,500,201,0.40200000000000002
1580,defined,500,203,0.40600000000000003
1581,defined,500,212,0.42399999999999999
1582,defined,500,209,0.41799999999999998
1583,defined,500,207,0.41399999999999998
1584,defined,500,206,0.41199999999999998
1585,defined,500,209,0.41799999999999998
1586,defined,500,207,0.41399999999999998
1587,defined,500,196,0.39200000000000002
1588,defined,500,205,0.40999999999999998
1589,defined,500,212,0.42399999999999999
1590,defined,500,221,0.442
1591,defined,500,223,0.44600000000000001
1592,defined,500,206,0.41199999999999998
1593,defined,500,216,0.432
1594,defined,500,208,0.41599999999999998
1595,defined,500,204,0.40799999999999997
1596,defined,500,204,0.40799999999999997
1597,defined,500,203,0.40600000000000003
1598,defined,500,202,0.40400000000000003
1599,defined,500,212,0.42399999999999999
1600,defined,500,207,0.41399999999999998
1601,defined,500,208,0.41599999999999998
1602,defined,500,214,0.42799999999999999
1603,defined,500,206,0.41199999999999998
1604,defined,500,213,0.42599999999999999
1605,defined,500,206,0.41199999999999998
1606,defined,500,205,0.40999999999999998
1607,defined,500,202,0.40400000000000003
1608,defined,500,188,0.376
1609,defined,500,188,0.376
1610,defined,500,197,0.39400000000000002
1611,defined,500,202,0.40400000000000003
1612,defined,500,215,0.42999999999999999
1613,defined,500,212,0.42399999999999999
1614,defined,500,207,0.41399999999999998
1615,defined,500,215,0.42999999999999999
1616,defined,500,210,0.41999999999999998
1617,defined,500,200,0.40000000000000002
1618,defined,500,206,0.41199999999999998
1619,defined,500,197,0.39400000000000002
1620,defined,500,203,0.40600000000000003
1621,defined,500,204,0.40799999999999997
1622,defined,500,213,0.42599999999999999
1623,defined,500,198,0.39600000000000002
1624,defined,500,209,0.41799999999999998
1625,defined,500,211,0.42199999999999999
1626,defined,500,208,0.41599999999999998
1627,defined,500,219,0.438
1628,defined,500,212,0.42399999999999999
1629,defined,500,208,0.41599999999999998
1630,defined,500,213,0.42599999999999999
1631,defined,500,196,0.39200000000000002
1632,defined,500,211,0.42199999999999999
1633,defined,500,216,0.432
1634,defined,500,207,0.41399999999999998
1635,defined,500,211,0.42199999999999999
1636,defined,500,216,0.432
1637,defined,500,209,0.41799999999999998
1638,defined,500,209,0.41799999999999998
1639,defined,500,208,0.41599999999999998
1640,defined,500,202,0.40400000000000003
1641,defined,500,201,0.40200000000000002
1642,defined,500,207,0.41399999999999998
1643,defined,500,219,0.438
1644,defined,500,201,0.40200000000000002
1645,defined,500,204,0.40799999999999997
1646,defined,500,208,0.41599999999999998
1647,defined,500,215,0.42999999999999999
1648,defined,500,194,0.38800000000000001
1649,defined,500,198,0.39600000000000002
1650,defined,500,207,0.41399999999999998
1651,defined,500,197,0.39400000000000002
1652,defined,500,201,0.40200000000000002
1653,defined,500,201,0.40200000000000002
1654,defined,500,202,0.40400000000000003
1655,defined,500,196,0.39200000000000002
1656,defined,500,207,0.41399999999999998
1657,defined,500,199,0.39800000000000002
1658,defined,500,211,0.42199999999999999
1659,defined,500,201,0.40200000000000002
1660,defined,500,203,0.40600000000000003
1661,defined,500,204,0.40799999999999997
1662,defined,500,211,0.42199999999999999
1663,defined,500,208,0.41599999999999998
1664,defined,500,214,0.42799999999999999
1665,defined,500,201,0.40200000000000002
1666,defined,500,213,0.42599999999999999
1667,defined,500,216,0.432
1668,defined,500,207,0.41399999999999998
1669,defined,500,210,0.41999999999999998
1670,defined,500,219,0.438
1671,defined,500,195,0.39000000000000001
1672,defined,500,202,0.40400000000000003
1673,defined,500,199,0.39800000000000002
1674,defined,500,205,0.40999999999999998
1675,defined,500,213,0.42599999999999999
1676,defined,500,215,0.42999999999999999
1677,defined,500,204,0.40799999999999997
1678,defined,500,213,0.42599999999999999
1679,defined,500,207,0.41399999999999998
1680,defined,500,204,0.40799999999999997
1681,defined,500,208,0.41599999999999998
1682,defined,500,198,0.39600000000000002
1683,defined,500,197,0.39400000000000002
1684,defined,500,215,0.42999999999999999
1685,defined,500,211,0.42199999999999999
1686,defined,500,215,0.42999999999999999
1687,defined,500,201,0.40200000000000002
1688,defined,500,207,0.41399999999999998
1689,defined,500,205,0.40999999999999998
1690,defined,500,219,0.438
1691,defined,500,207,0.41399999999999998
1692,defined,500,193,0.38600000000000001
1693,defined,500,210,0.41999999999999998
1694,defined,500,209,0.41799999999999998
1695,defined,500,188,0.376
1696,defined,500,193,0.38600000000000001
1697,defined,500,202,0.40400000000000003
1698,defined,500,213,0.42599999999999999
1699,defined,500,203,0.40600000000000003
1700,defined,500,209,0.41799999999999998
1701,defined,500,210,0.41999999999999998
1702,defined,500,211,0.42199999999999999
1703,defined,500,209,0.41799999999999998
1704,defined,500,215,0.42999999999999999
1705,defined,500,203,0.40600000000000003
1706,defined,500,204,0.40799999999999997
1707,defined,500,209,0.41799999999999998
1708,defined,500,204,0.40799999999999997
1709,defined,500,208,0.41599999999999998
1710,defined,500,205,0.40999999999999998
1711,defined,500,212,0.42399999999999999
1712,defined,500,202,0.40400000000000003
1713,defined,500,210,0.41999999999999998
1714,defined,500,207,0.41399999999999998
1715,defined,500,196,0.39200000000000002
1716,defined,500,211,0.42199999999999999
1717,defined,500,204,0.40799999999999997
1718,defined,500,200,0.40000000000000002
1719,defined,500,207,0.41399999999999998
1720,defined,500,218,0.436
1721,defined,500,211,0.42199999999999999
1722,defined,500,218,0.436
1723,defined,500,213,0.42599999999999999
1724,defined,500,209,0.41799999999999998
1725,defined,500,198,0.39600000000000002
1726,defined,500,214,0.42799999999999999
1727,defined,500,216,0.432
1728,defined,500,216,0.432
1729,defined,500,196,0.39200000000000002
1730,defined,500,213,0.42599999999999999
1731,defined,500,206,0.41199999999999998
1732,defined,500,203,0.40600000000000003
1733,defined,500,208,0.41599999999999998
1734,defined,500,212,0.42399999999999999
1735,defined,500,218,0.436
1736,defined,500,196,0.39200000000000002
1737,defined,500,206,0.41199999999999998
1738,defined,500,204,0.40799999999999997
1739,defined,500,196,0.39200000000000002
1740,defined,500,213,0.42599999999999999
1741,defined,500,196,0.39200000000000002
1742,defined,500,196,0.39200000000000002
1743,defined,500,216,0.432
1744,defined,500,206,0.41199999999999998
1745,defined,500,216,0.432
1746,defined,500,209,0.41799999999999998
1747,defined,500,204,0.40799999999999997
1748,defined,500,211,0.42199999999999999
1749,defined,500,203,0.40600000000000003
1750,defined,500,208,0.41599999999999998
1751,defined,500,207,0.41399999999999998
1752,defined,500,204,0.40799999999999997
1753,defined,500,200,0.40000000000000002
1754,defined,500,216,0.432
1755,defined,500,210,0.41999999999999998
1756,defined,500,196,0.39200000000000002
1757,defined,500,214,0.42799999999999999
1758,defined,500,212,0.42399999999999999
1759,defined,500,206,0.41199999999999998
1760,defined,500,212,0.42399999999999999
1761,defined,500,224,0.44800000000000001
1762,defined,500,212,0.42399999999999999
1763,defined,500,213,0.42599999999999999
1764,defined,500,209,0.41799999999999998
1765,defined,500,217,0.434
1766,defined,500,208,0.41599999999999998
1767,defined,500,212,0.42399999999999999
1768,defined,500,209,0.41799999999999998
1769,defined,500,210,0.41999999999999998
1770,defined,500,202,0.40400000000000003
1771,defined,500,203,0.40600000000000003
1772,defined,500,198,0.39600000000000002
1773,defined,500,201,0.40200000000000002
1774,defined,500,204,0.40799999999999997
1775,defined,500,200,0.40000000000000002
1776,defined,500,197,0.39400000000000002
1777,defined,500,209,0.41799999999999998
1778,defined,500,207,0.41399999999999998
1779,defined,500,215,0.42999999999999999
1780,defined,500,204,0.40799999999999997
1781,defined,500,211,0.42199999999999999
1782,defined,500,207,0.41399999999999998
1783,defined,500,216,0.432
1784,defined,500,208,0.41599999999999998
1785,defined,500,200,0.40000000000000002
1786,defined,500,212,0.42399999999999999
1787,defined,500,214,0.42799999999999999
1788,defined,500,217,0.434
1789,defined,500,197,0.39400000000000002
1790,defined,500,213,0.42599999999999999
1791,defined,500,204,0.40799999999999997
1792,defined,500,218,0.436
1793,defined,500,202,0.40400000000000003
1794,defined,500,214,0.42799999999999999
1795,defined,500,195,0.39000000000000001
1796,defined,500,198,0.39600000000000002
1797,defined,500,208,0.41599999999999998
1798,defined,500,206,0.41199999999999998
1799,defined,500,208,0.41599999999999998
1800,defined,500,206,0.41199999999999998
1801,defined,500,210,0.41999999999999998
1802,defined,500,234,0.46800000000000003
1803,defined,500,201,0.40200000000000002
1804,defined,500,216,0.432
1805,defined,500,210,0.41999999999999998
1806,defined,500,199,0.39800000000000002
1807,defined,500,211,0.42199999999999999
1808,defined,500,209,0.41799999999999998
1809,defined,500,209,0.41799999999999998
1810,defined,500,214,0.42799999999999999
1811,defined,500,213,0.42599999999999999
1812,defined,500,211,0.42199999999999999
1813,defined,500,212,0.42399999999999999
1814,defined,500,221,0.442
1815,defined,500,207,0.41399999999999998
1816,defined,500,210,0.41999999999999998
1817,defined,500,207,0.41399999999999998
1818,defined,500,205,0.40999999999999998
1819,defined,500,207,0.41399999999999998
1820,defined,500,203,0.40600000000000003
1821,defined,500,213,0.42599999999999999
1822,defined,500,203,0.40600000000000003
1823,defined,500,202,0.40400000000000003
1824,defined,500,195,0.39000000000000001
1825,defined,500,200,0.40000000000000002
1826,defined,500,214,0.42799999999999999
1827,defined,500,217,0.434
1828,defined,500,207,0.41399999999999998
1829,defined,500,206,0.41199999999999998
1830,defined,500,204,0.40799999999999997
1831,defined,500,215,0.42999999999999999
1832,defined,500,212,0.42399999999999999
1833,defined,500,213,0.42599999999999999
1834,defined,500,204,0.40799999999999997
1835,defined,500,209,0.41799999999999998
1836,defined,500,197,0.39400000000000002
1837,defined,500,205,0.40999999999999998
1838,defined,500,217,0.434
1839,defined,500,210,0.41999999999999998
1840,defined,500,206,0.41199999999999998
1841,defined,500,201,0.40200000000000002
1842,defined,500,205,0.40999999999999998
1843,defined,500,206,0.41199999999999998
1844,defined,500,221,0.442
1845,defined,500,198,0.39600000000000002
1846,defined,500,212,0.42399999999999999
1847,defined,500,207,0.41399999999999998
1848,defined,500,201,0.40200000000000002
1849,defined,500,209,0.41799999999999998
1850,defined,500,201,0.40200000000000002
1851,defined,500,202,0.40400000000000003
1852,defined,500,209,0.41799999999999998
1853,defined,500,211,0.42199999999999999
1854,defined,500,202,0.40400000000000003
1855,defined,500,194,0.38800000000000001
1856,defined,500,191,0.38200000000000001
1857,defined,500,206,0.41199999999999998
1858,defined,500,210,0.41999999999999998
1859,defined,500,216,0.432
1860,defined,500,213,0.42599999999999999
1861,defined,500,204,0.40799999999999997
1862,defined,500,197,0.39400000000000002
1863,defined,500,212,0.42399999999999999
1864,defined,500,215,0.42999999999999999
1865,defined,500,209,0.41799999999999998
1866,defined,500,203,0.40600000000000003
1867,defined,500,216,0.432
1868,defined,500,204,0.40799999999999997
1869,defined,500,206,0.41199999999999998
1870,defined,500,205,0.40999999999999998
1871,defined,500,214,0.42799999999999999
1872,defined,500,200,0.40000000000000002
1873,defined,500,204,0.40799999999999997
1874,defined,500,209,0.41799999999999998
1875,defined,500,204,0.40799999999999997
1876,defined,500,204,0.40799999999999997
1877,defined,500,208,0.41599999999999998
1878,defined,500,210,0.41999999999999998
1879,defined,500,201,0.40200000000000002
1880,defined,500,209,0.41799999999999998
1881,defined,500,198,0.39600000000000002
1882,defined,500,205,0.40999999999999998
1883,defined,500,223,0.44600000000000001
1884,defined,500,201,0.40200000000000002
1885,defined,500,216,0.432
1886,defined,500,208,0.41599999999999998
1887,defined,500,198,0.39600000000000002
1888,defined,500,219,0.438
1889,defined,500,210,0.41999999999999998
1890,defined,500,195,0.39000000000000001
1891,defined,500,208,0.41599999999999998
1892,defined,500,200,0.40000000000000002
1893,defined,500,211,0.42199999999999999
1894,defined,500,203,0.40600000000000003
1895,defined,500,221,0.442
1896,defined,500,197,0.39400000000000002
1897,defined,500,202,0.40400000000000003
1898,defined,500,205,0.40999999999999998
1899,defined,500,224,0.44800000000000001
1900,defined,500,210,0.41999999999999998
1901,defined,500,216,0.432
1902,defined,500,213,0.42599999999999999
1903,defined,500,196,0.39200000000000002
1904,defined,500,205,0.40999999999999998
1905,defined,500,207,0.41399999999999998
1906,defined,500,210,0.41999999999999998
1907,defined,500,209,0.41799999999999998
1908,defined,500,211,0.42199999999999999
1909,defined,500,210,0.41999999999999998
1910,defined,500,208,0.41599999999999998
1911,defined,500,202,0.40400000000000003
1912,defined,500,212,0.42399999999999999
1913,defined,500,204,0.40799999999999997
1914,defined,500,212,0.42399999999999999
1915,defined,500,204,0.40799999999999997
1916,defined,500,195,0.39000000000000001
1917,defined,500,225,0.45000000000000001
1918,defined,500,203,0.40600000000000003
1919,defined,500,207,0.41399999999999998
1920,defined,500,202,0.40400000000000003
1921,defined,500,205,0.40999999999999998
1922,defined,500,210,0.41999999999999998
1923,defined,500,210,0.41999999999999998
1924,defined,500,217,0.434
1925,defined,500,197,0.39400000000000002
1926,defined,500,198,0.39600000000000002
1927,defined,500,205,0.40999999999999998
1928,defined,500,216,0.432
1929,defined,500,216,0.432
1930,defined,500,199,0.39800000000000002
1931,defined,500,206,0.41199999999999998
1932,defined,500,207,0.41399999999999998
1933,defined,500,201,0.40200000000000002
1934,defined,500,212,0.42399999999999999
1935,defined,500,197,0.39400000000000002
1936,defined,500,197,0.39400000000000002
1937,defined,500,205,0.40999999999999998
1938,defined,500,224,0.44800000000000001
1939,defined,500,221,0.442
1940,defined,500,212,0.42399999999999999
1941,defined,500,207,0.41399999999999998
1942,defined,500,210,0.41999999999999998
1943,defined,500,199,0.39800000000000002
1944,defined,500,206,0.41199999999999998
1945,defined,500,206,0.41199999999999998
1946,defined,500,207,0.41399999999999998
1947,defined,500,212,0.42399999999999999
1948,defined,500,188,0.376
1949,defined,500,201,0.40200000000000002
1950,defined,500,200,0.40000000000000002
1951,defined,500,207,0.41399999999999998
1952,defined,500,208,0.41599999999999998
1953,defined,500,213,0.42599999999999999
1954,defined,500,211,0.42199999999999999
1955,defined,500,199,0.39800000000000002
1956,defined,500,204,0.40799999999999997
1957,defined,500,204,0.40799999999999997
1958,defined,500,210,0.41999999999999998
1959,defined,500,211,0.42199999999999999
1960,defined,500,205,0.40999999999999998
1961,defined,500,197,0.39400000000000002
1962,defined,500,208,0.41599999999999998
1963,defined,500,220,0.44
1964,defined,500,198,0.39600000000000002
1965,defined,500,195,0.39000000000000001
1966,defined,500,207,0.41399999999999998
1967,defined,500,207,0.41399999999999998
1968,defined,500,207,0.41399999999999998
1969,defined,500,212,0.42399999999999999
1970,defined,500,207,0.41399999999999998
1971,defined,500,204,0.40799999999999997
1972,defined,500,212,0.42399999999999999
1973,defined,500,210,0.41999999999999998
1974,defined,500,207,0.41399999999999998
1975,defined,500,201,0.40200000000000002
1976,defined,500,199,0.39800000000000002
1977,defined,500,211,0.42199999999999999
1978,defined,500,214,0.42799999999999999
1979,defined,500,212,0.42399999999999999
1980,defined,500,201,0.40200000000000002
1981,defined,500,206,0.41199999999999998
1982,defined,500,209,0.41799999999999998
1983,defined,500,215,0.42999999999999999
1984,defined,500,220,0.44
1985,defined,500,215,0.42999999999999999
1986,defined,500,194,0.38800000000000001
1987,defined,500,210,0.41999999999999998
1988,defined,500,201,0.40200000000000002
1989,defined,500,206,0.41199999999999998
1990,defined,500,202,0.40400000000000003
1991,defined,500,202,0.40400000000000003
1992,defined,500,202,0.40400000000000003
1993,defined,500,202,0.40400000000000003
1994,defined,500,193,0.38600000000000001
1995,defined,500,212,0.42399999999999999
1996,defined,500,200,0.40000000000000002
1997,defined,500,193,0.38600000000000001
1998,defined,500,216,0.432
1999,defined,500,201,0.40200000000000002
2000,defined,500,202,0.40400000000000003
2001,defined,500,211,0.42199999999999999
2002,defined,500,209,0.41799999999999998
2003,defined,500,211,0.42199999999999999
2004,defined,500,190,0.38
2005,defined,500,204,0.40799999999999997
2006,defined,500,217,0.434
2007,defined,500,195,0.39000000000000001
2008,defined,500,205,0.40999999999999998
2009,defined,500,212,0.42399999999999999
2010,defined,500,196,0.39200000000000002
2011,defined,500,199,0.39800000000000002
2012,defined,500,196,0.39200000000000002
2013,defined,500,212,0.42399999999999999
2014,defined,500,210,0.41999999999999998
2015,defined,500,207,0.41399999999999998
2016,defined,500,203,0.40600000000000003
2017,defined,500,218,0.436
2018,defined,500,211,0.42199999999999999
2019,defined,500,214,0.42799999999999999
2020,defined,500,213,0.42599999999999999
2021,defined,500,208,0.41599999999999998
2022,defined,500,213,0.42599999999999999
2023,defined,500,212,0.42399999999999999
2024,defined,500,214,0.42799999999999999
2025,defined,500,199,0.39800000000000002
2026,defined,500,188,0.376
2027,defined,500,199,0.39800000000000002
2028,defined,500,221,0.442
2029,defined,500,191,0.38200000000000001
2030,defined,500,206,0.41199999999999998
2031,defined,500,209,0.41799999999999998
2032,defined,500,211,0.42199999999999999
2033,defined,500,210,0.41999999999999998
2034,defined,500,218,0.436
2035,defined,500,203,0.40600000000000003
2036,defined,500,208,0.41599999999999998
2037,defined,500,203,0.40600000000000003
2038,defined,500,211,0.42199999999999999
2039,defined,500,203,0.40600000000000003
2040,defined,500,207,0.41399999999999998
2041,defined,500,215,0.42999999999999999
2042,defined,500,211,0.42199999999999999
2043,defined,500,215,0.42999999999999999
2044,defined,500,205,0.40999999999999998
2045,defined,500,219,0.438
2046,defined,500,203,0.40600000000000003
2047,defined,500,208,0.41599999999999998
2048,defined,500,221,0.442
2049,defined,500,204,0.40799999999999997
2050,defined,500,219,0.438
2051,defined,500,195,0.39000000000000001
2052,defined,500,206,0.41199999999999998
2053,defined,500,213,0.42599999999999999
2054,defined,500,213,0.42599999999999999
2055,defined,500,206,0.41199999999999998
2056,defined,500,204,0.40799999999999997
2057,defined,500,199,0.39800000000000002
2058,defined,500,212,0.42399999999999999
2059,defined,500,202,0.40400000000000003
2060,defined,500,208,0.41599999999999998
2061,defined,500,199,0.39800000000000002
2062,defined,500,210,0.41999999999999998
2063,defined,500,214,0.42799999999999999
2064,defined,500,215,0.42999999999999999
2065,defined,500,203,0.40600000000000003
2066,defined,500,200,0.40000000000000002
2067,defined,500,207,0.41399999999999998
2068,defined,500,209,0.41799999999999998
2069,defined,500,212,0.42399999999999999
2070,defined,500,206,0.41199999999999998
2071,defined,500,202,0.40400000000000003
2072,defined,500,212,0.42399999999999999
2073,defined,500,209,0.41799999999999998
2074,defined,500,208,0.41599999999999998
2075,defined,500,217,0.434
2076,defined,500,196,0.39200000000000002
2077,defined,500,213,0.42599999999999999
2078,defined,500,208,0.41599999999999998
2079,defined,500,205,0.40999999999999998
2080,defined,500,205,0.40999999999999998
2081,defined,500,214,0.42799999999999999
2082,defined,500,205,0.40999999999999998
2083,defined,500,194,0.38800000000000001
2084,defined,500,203,0.40600000000000003
2085,defined,500,209,0.41799999999999998
2086,defined,500,210,0.41999999999999998
2087,defined,500,205,0.40999999999999998
2088,defined,500,211,0.42199999999999999
2089,defined,500,207,0.41399999999999998
2090,defined,500,205,0.40999999999999998
2091,defined,500,207,0.41399999999999998
2092,defined,500,203,0.40600000000000003
2093,defined,500,214,0.42799999999999999
2094,defined,500,208,0.41599999999999998
2095,defined,500,215,0.42999999999999999
2096,defined,500,209,0.41799999999999998
2097,defined,500,191,0.38200000000000001
2098,defined,500,213,0.42599999999999999
2099,defined,500,207,0.41399999999999998
2100,defined,500,204,0.40799999999999997
2101,defined,500,209,0.41799999999999998
2102,defined,500,192,0.38400000000000001
2103,defined,500,208,0.41599999999999998
2104,defined,500,208,0.41599999999999998
2105,defined,500,196,0.39200000000000002
2106,defined,500,206,0.41199999999999998
2107,defined,500,212,0.42399999999999999
2108,defined,500,207,0.41399999999999998
2109,defined,500,193,0.38600000000000001
2110,defined,500,209,0.41799999999999998
2111,defined,500,207,0.41399999999999998
2112,defined,500,210,0.41999999999999998
2113,defined,500,203,0.40600000000000003
2114,defined,500,223,0.44600000000000001
2115,defined,500,200,0.40000000000000002
2116,defined,500,206,0.41199999999999998
2117,defined,500,211,0.42199999999999999
2118,defined,500,203,0.40600000000000003
2119,defined,500,206,0.41199999999999998
2120,defined,500,205,0.40999999999999998
2121,defined,500,202,0.40400000000000003
2122,defined,500,213,0.42599999999999999
2123,defined,500,211,0.42199999999999999
2124,defined,500,209,0.41799999999999998
2125,defined,500,205,0.40999999999999998
2126,defined,500,199,0.39800000000000002
2127,defined,500,190,0.38
2128,defined,500,203,0.40600000000000003
2129,defined,500,213,0.42599999999999999
2130,defined,500,198,0.39600000000000002
2131,defined,500,205,0.40999999999999998
2132,defined,500,209,0.41799999999999998
2133,defined,500,194,0.38800000000000001
2134,defined,500,202,0.40400000000000003
2135,defined,500,200,0.40000000000000002
2136,defined,500,193,0.38600000000000001
2137,defined,500,207,0.41399999999999998
2138,defined,500,211,0.42199999999999999
2139,defined,500,207,0.41399999999999998
2140,defined,500,200,0.40000000000000002
2141,defined,500,202,0.40400000000000003
2142,defined,500,203,0.40600000000000003
2143,defined,500,197,0.39400000000000002
2144,defined,500,208,0.41599999999999998
2145,defined,500,195,0.39000000000000001
2146,defined,500,198,0.39600000000000002
2147,defined,500,215,0.42999999999999999
2148,defined,500,201,0.40200000000000002
2149,defined,500,212,0.42399999999999999
2150,defined,500,202,0.40400000000000003
2151,defined,500,215,0.42999999999999999
2152,defined,500,211,0.42199999999999999
2153,defined,500,212,0.42399999999999999
2154,defined,500,207,0.41399999999999998
2155,defined,500,204,0.40799999999999997
2156,defined,500,207,0.41399999999999998
2157,defined,500,210,0.41999999999999998
2158,defined,500,205,0.40999999999999998
2159,defined,500,205,0.40999999999999998
2160,defined,500,213,0.42599999999999999
2161,defined,500,196,0.39200000000000002
2162,defined,500,210,0.41999999999999998
2163,defined,500,209,0.41799999999999998
2164,defined,500,203,0.40600000000000003
2165,defined,500,210,0.41999999999999998
2166,defined,500,199,0.39800000000000002
2167,defined,500,203,0.40600000000000003
2168,defined,500,206,0.41199999999999998
2169,defined,500,212,0.42399999999999999
2170,defined,500,200,0.40000000000000002
2171,defined,500,202,0.40400000000000003
2172,defined,500,199,0.39800000000000002
2173,defined,500,206,0.41199999999999998
2174,defined,500,218,0.436
2175,defined,500,198,0.39600000000000002
2176,defined,500,212,0.42399999999999999
2177,defined,500,204,0.40799999999999997
2178,defined,500,209,0.41799999999999998
2179,defined,500,202,0.40400000000000003
2180,defined,500,204,0.40799999999999997
2181,defined,500,219,0.438
2182,defined,500,206,0.41199999999999998
2183,defined,500,206,0.41199999999999998
2184,defined,500,206,0.41199999999999998
2185,defined,500,212,0.42399999999999999
2186,defined,500,207,0.41399999999999998
2187,defined,500,201,0.40200000000000002
2188,defined,500,209,0.41799999999999998
2189,defined,500,217,0.434
2190,defined,500,197,0.39400000000000002
2191,defined,500,203,0.40600000000000003
2192,defined,500,213,0.42599999999999999
2193,defined,500,215,0.42999999999999999
2194,defined,500,205,0.40999999999999998
2195,defined,500,204,0.40799999999999997
2196,defined,500,204,0.40799999999999997
2197,defined,500,215,0.42999999999999999
2198,defined,500,218,0.436
2199,defined,500,204,0.40799999999999997
2200,defined,500,205,0.40999999999999998
2201,defined,500,205,0.40999999999999998
2202,defined,500,196,0.39200000000000002
2203,defined,500,208,0.41599999999999998
2204,defined,500,211,0.42199999999999999
2205,defined,500,199,0.39800000000000002
2206,defined,500,212,0.42399999999999999
2207,defined,500,210,0.41999999999999998
2208,defined,500,198,0.39600000000000002
2209,defined,500,202,0.40400000000000003
2210,defined,500,205,0.40999999999999998
2211,defined,500,212,0.42399999999999999
2212,defined,500,210,0.41999999999999998
2213,defined,500,204,0.40799999999999997
2214,defined,500,204,0.40799999999999997
2215,defined,500,212,0.42399999999999999
2216,defined,500,209,0.41799999999999998
2217,defined,500,209,0.41799999999999998
2218,defined,500,210,0.41999999999999998
2219,defined,500,197,0.39400000000000002
2220,defined,500,212,0.42399999999999999
2221,defined,500,203,0.40600000000000003
2222,defined,500,210,0.41999999999999998
2223,defined,500,207,0.41399999999999998
2224,defined,500,204,0.40799999999999997
2225,defined,500,205,0.40999999999999998
2226,defined,500,203,0.40600000000000003
2227,defined,500,201,0.40200000000000002
2228,defined,500,211,0.42199999999999999
2229,defined,500,201,0.40200000000000002
2230,defined,500,214,0.42799999999999999
2231,defined,500,200,0.40000000000000002
2232,defined,500,211,0.42199999999999999
2233,defined,500,198,0.39600000000000002
2234,defined,500,191,0.38200000000000001
2235,defined,500,206,0.41199999999999998
2236,defined,500,200,0.40000000000000002
2237,defined,500,202,0.40400000000000003
2238,defined,500,196,0.39200000000000002
2239,defined,500,192,0.38400000000000001
2240,defined,500,213,0.42599999999999999
2241,defined,500,205,0.40999999999999998
2242,defined,500,209,0.41799999999999998
2243,defined,500,198,0.39600000000000002
2244,defined,500,204,0.40799999999999997
2245,defined,500,202,0.40400000000000003
2246,defined,500,194,0.38800000000000001
2247,defined,500,219,0.438
2248,defined,500,203,0.40600000000000003
2249,defined,500,204,0.40799999999999997
2250,defined,500,202,0.40400000000000003
2251,defined,500,202,0.40400000000000003
2252,defined,500,217,0.434
2253,defined,500,206,0.41199999999999998
2254,defined,500,211,0.42199999999999999
2255,defined,500,206,0.41199999999999998
2256,defined,500,213,0.42599999999999999
2257,defined,500,207,0.41399999999999998
2258,defined,500,211,0.42199999999999999
2259,defined,500,209,0.41799999999999998
2260,defined,500,203,0.40600000000000003
2261,defined,500,209,0.41799999999999998
2262,defined,500,207,0.41399999999999998
2263,defined,500,205,0.40999999999999998
2264,defined,500,200,0.40000000000000002
2265,defined,500,214,0.42799999999999999
2266,defined,500,199,0.39800000000000002
2267,defined,500,206,0.41199999999999998
2268,defined,500,211,0.42199999999999999
2269,defined,500,209,0.41799999999999998
2270,defined,500,206,0.41199999999999998
2271,defined,500,202,0.40400000000000003
2272,defined,500,192,0.38400000000000001
2273,defined,500,202,0.40400000000000003
2274,defined,500,208,0.41599999999999998
2275,defined,500,211,0.42199999999999999
2276,defined,500,205,0.40999999999999998
2277,defined,500,214,0.42799999999999999
2278,defined,500,204,0.40799999999999997
2279,defined,500,203,0.40600000000000003
2280,defined,500,209,0.41799999999999998
2281,defined,500,200,0.40000000000000002
2282,defined,500,209,0.41799999999999998
2283,defined,500,205,0.40999999999999998
2284,defined,500,208,0.41599999999999998
2285,defined,500,211,0.42199999999999999
2286,defined,500,202,0.40400000000000003
2287,defined,500,211,0.42199999999999999
2288,defined,500,199,0.39800000000000002
2289,defined,500,207,0.41399999999999998
2290,defined,500,202,0.40400000000000003
2291,defined,500,200,0.40000000000000002
2292,defined,500,204,0.40799999999999997
2293,defined,500,206,0.41199999999999998
2294,defined,500,192,0.38400000000000001
2295,defined,500,195,0.39000000000000001
2296,defined,500,207,0.41399999999999998
2297,defined,500,204,0.40799999999999997
2298,defined,500,206,0.41199999999999998
2299,defined,500,211,0.42199999999999999
2300,defined,500,199,0.39800000000000002
2301,defined,500,198,0.39600000000000002
2302,defined,500,209,0.41799999999999998
2303,defined,500,203,0.40600000000000003
2304,defined,500,207,0.41399999999999998
2305,defined,500,219,0.438
2306,defined,500,207,0.41399999999999998
2307,defined,500,203,0.40600000000000003
2308,defined,500,198,0.39600000000000002
2309,defined,500,210,0.41999999999999998
2310,defined,500,200,0.40000000000000002
2311,defined,500,201,0.40200000000000002
2312,defined,500,194,0.38800000000000001
2313,defined,500,201,0.40200000000000002
2314,defined,500,205,0.40999999999999998
2315,defined,500,198,0.39600000000000002
2316,defined,500,202,0.40400000000000003
2317,defined,500,202,0.40400000000000003
2318,defined,500,206,0.41199999999999998
2319,defined,500,202,0.40400000000000003
2320,defined,500,191,0.38200000000000001
2321,defined,500,214,0.42799999999999999
2322,defined,500,196,0.39200000000000002
2323,defined,500,206,0.41199999999999998
2324,defined,500,195,0.39000000000000001
2325,defined,500,200,0.40000000000000002
2326,defined,500,212,0.42399999999999999
2327,defined,500,216,0.432
2328,defined,500,207,0.41399999999999998
2329,defined,500,208,0.41599999999999998
2330,defined,500,201,0.40200000000000002
2331,defined,500,212,0.42399999999999999
2332,defined,500,200,0.40000000000000002
2333,defined,500,208,0.41599999999999998
2334,defined,500,205,0.40999999999999998
2335,defined,500,207,0.41399999999999998
2336,defined,500,211,0.42199999999999999
2337,defined,500,205,0.40999999999999998
2338,defined,500,202,0.40400000000000003
2339,defined,500,203,0.40600000000000003
2340,defined,500,212,0.42399999999999999
2341,defined,500,210,0.41999999999999998
2342,defined,500,206,0.41199999999999998
2343,defined,500,205,0.40999999999999998
2344,defined,500,210,0.41999999999999998
2345,defined,500,205,0.40999999999999998
2346,defined,500,205,0.40999999999999998
2347,defined,500,205,0.40999999999999998
2348,defined,500,190,0.38
2349,defined,500,197,0.39400000000000002
2350,defined,500,209,0.41799999999999998
2351,defined,500,203,0.40600000000000003
2352,defined,500,201,0.40200000000000002
2353,defined,500,215,0.42999999999999999
2354,defined,500,221,0.442
2355,defined,500,205,0.40999999999999998
2356,defined,500,210,0.41999999999999998
2357,defined,500,207,0.41399999999999998
2358,defined,500,214,0.42799999999999999
2359,defined,500,211,0.42199999999999999
2360,defined,500,218,0.436
2361,defined,500,199,0.39800000000000002
2362,defined,500,202,0.40400000000000003
2363,defined,500,209,0.41799999999999998
2364,defined,500,227,0.45400000000000001
2365,defined,500,219,0.438
2366,defined,500,200,0.40000000000000002
2367,defined,500,212,0.42399999999999999
2368,defined,500,203,0.40600000000000003
2369,defined,500,212,0.42399999999999999
2370,defined,500,207,0.41399999999999998
2371,defined,500,216,0.432
2372,defined,500,209,0.41799999999999998
2373,defined,500,217,0.434
2374,defined,500,209,0.41799999999999998
2375,defined,500,208,0.41599999999999998
2376,defined,500,215,0.42999999999999999
2377,defined,500,215,0.42999999999999999
2378,defined,500,205,0.40999999999999998
2379,defined,500,206,0.41199999999999998
2380,defined,500,199,0.39800000000000002
2381,defined,500,213,0.42599999999999999
2382,defined,500,202,0.40400000000000003
2383,defined,500,217,0.434
2384,defined,500,213,0.42599999999999999
2385,defined,500,204,0.40799999999999997
2386,defined,500,206,0.41199999999999998
2387,defined,500,196,0.39200000000000002
2388,defined,500,221,0.442
2389,defined,500,196,0.39200000000000002
2390,defined,500,193,0.38600000000000001
2391,defined,500,209,0.41799999999999998
2392,defined,500,216,0.432
2393,defined,500,216,0.432
2394,defined,500,208,0.41599999999999998
2395,defined,500,201,0.40200000000000002
2396,defined,500,206,0.41199999999999998
2397,defined,500,207,0.41399999999999998
2398,defined,500,207,0.41399999999999998
2399,defined,500,221,0.442
2400,defined,500,209,0.41799999999999998
2401,defined,500,203,0.40600000000000003
2402,defined,500,198,0.39600000000000002
2403,defined,500,209,0.41799999999999998
2404,defined,500,194,0.38800000000000001
2405,defined,500,214,0.42799999999999999
2406,defined,500,201,0.40200000000000002
2407,defined,500,216,0.432
2408,defined,500,203,0.40600000000000003
2409,defined,500,213,0.42599999999999999
2410,defined,500,208,0.41599999999999998
2411,defined,500,195,0.39000000000000001
2412,defined,500,206,0.41199999999999998
2413,defined,500,201,0.40200000000000002
2414,defined,500,204,0.40799999999999997
2415,defined,500,211,0.42199999999999999
2416,defined,500,212,0.42399999999999999
2417,defined,500,209,0.41799999999999998
2418,defined,500,217,0.434
2419,defined,500,217,0.434
2420,defined,500,201,0.40200000000000002
2421,defined,500,210,0.41999999999999998
2422,defined,500,194,0.38800000000000001
2423,defined,500,193,0.38600000000000001
2424,defined,500,210,0.41999999999999998
2425,defined,500,209,0.41799999999999998
2426,defined,500,217,0.434
2427,defined,500,204,0.40799999999999997
2428,defined,500,209,0.41799999999999998
2429,defined,500,202,0.40400000000000003
2430,defined,500,204,0.40799999999999997
2431,defined,500,197,0.39400000000000002
2432,defined,500,205,0.40999999999999998
2433,defined,500,204,0.40799999999999997
2434,defined,500,204,0.40799999999999997
2435,defined,500,211,0.42199999999999999
2436,defined,500,211,0.42199999999999999
2437,defined,500,207,0.41399999999999998
2438,defined,500,200,0.40000000000000002
2439,defined,500,202,0.40400000000000003
2440,defined,500,210,0.41999999999999998
2441,defined,500,199,0.39800000000000002
2442,defined,500,199,0.39800000000000002
2443,defined,500,202,0.40400000000000003
2444,defined,500,205,0.40999999999999998
2445,defined,500,210,0.41999999999999998
2446,defined,500,218,0.436
2447,defined,500,205,0.40999999999999998
2448,defined,500,204,0.40799999999999997
2449,defined,500,204,0.40799999999999997
2450,defined,500,207,0.41399999999999998
2451,defined,500,199,0.39800000000000002
2452,defined,500,221,0.442
2453,defined,500,212,0.42399999999999999
2454,defined,500,198,0.39600000000000002
2455,defined,500,210,0.41999999999999998
2456,defined,500,215,0.42999999999999999
2457,defined,500,195,0.39000000000000001
2458,defined,500,207,0.41399999999999998
2459,defined,500,203,0.40600000000000003
2460,defined,500,207,0.41399999999999998
2461,defined,500,213,0.42599999999999999
2462,defined,500,205,0.40999999999999998
2463,defined,500,213,0.42599999999999999
2464,defined,500,214,0.42799999999999999
2465,defined,500,195,0.39000000000000001
2466,defined,500,205,0.40999999999999998
2467,defined,500,205,0.40999999999999998
2468,defined,500,221,0.442
2469,defined,500,214,0.42799999999999999
2470,defined,500,222,0.44400000000000001
2471,defined,500,217,0.434
2472,defined,500,209,0.41799999999999998
2473,defined,500,206,0.41199999999999998
2474,defined,500,202,0.40400000000000003
2475,defined,500,198,0.39600000000000002
2476,defined,500,214,0.42799999999999999
2477,defined,500,208,0.41599999999999998
2478,defined,500,215,0.42999999999999999
2479,defined,500,204,0.40799999999999997
2480,defined,500,196,0.39200000000000002
2481,defined,500,192,0.38400000000000001
2482,defined,500,209,0.41799999999999998
2483,defined,500,211,0.42199999999999999
2484,defined,500,219,0.438
2485,defined,500,212,0.42399999999999999
2486,defined,500,208,0.41599999999999998
2487,defined,500,202,0.40400000000000003
2488,defined,500,210,0.41999999999999998
2489,defined,500,202,0.40400000000000003
2490,defined,500,209,0.41799999999999998
2491,defined,500,212,0.42399999999999999
2492,defined,500,211,0.42199999999999999
2493,defined,500,199,0.39800000000000002
2494,defined,500,205,0.40999999999999998
2495,defined,500,211,0.42199999999999999
2496,defined,500,203,0.40600000000000003
2497,defined,500,212,0.42399999999999999
2498,defined,500,211,0.42199999999999999
2499,defined,500,216,0.432
2500,defined,500,204,0.40799999999999997
2501,defined,500,212,0.42399999999999999
2502,defined,500,212,0.42399999999999999
2503,defined,500,209,0.41799999999999998
2504,defined,500,212,0.42399999999999999
2505,defined,500,202,0.40400000000000003
2506,defined,500,199,0.39800000000000002
2507,defined,500,204,0.40799999999999997
2508,defined,500,215,0.42999999999999999
2509,defined,500,214,0.42799999999999999
2510,defined,500,214,0.42799999999999999
2511,defined,500,194,0.38800000000000001
2512,defined,500,209,0.41799999999999998
2513,defined,500,206,0.41199999999999998
2514,defined,500,214,0.42799999999999999
2515,defined,500,221,0.442
2516,defined,500,215,0.42999999999999999
2517,defined,500,217,0.434
2518,defined,500,215,0.42999999999999999
2519,defined,500,200,0.40000000000000002
2520,defined,500,214,0.42799999999999999
2521,defined,500,229,0.45800000000000002
2522,defined,500,212,0.42399999999999999
2523,defined,500,217,0.434
2524,defined,500,215,0.42999999999999999
2525,defined,500,204,0.40799999999999997
2526,defined,500,205,0.40999999999999998
2527,defined,500,207,0.41399999999999998
2528,defined,500,210,0.41999999999999998
2529,defined,500,220,0.44
2530,defined,500,209,0.41799999999999998
2531,defined,500,204,0.40799999999999997
2532,defined,500,217,0.434
2533,defined,500,209,0.41799999999999998
2534,defined,500,207,0.41399999999999998
2535,defined,500,210,0.41999999999999998
2536,defined,500,213,0.42599999999999999
2537,defined,500,198,0.39600000000000002
2538,defined,500,207,0.41399999999999998
2539,defined,500,206,0.41199999999999998
2540,defined,500,202,0.40400000000000003
2541,defined,500,199,0.39800000000000002
2542,defined,500,198,0.39600000000000002
2543,defined,500,193,0.38600000000000001
2544,defined,500,198,0.39600000000000002
2545,defined,500,207,0.41399999999999998
2546,defined,500,202,0.40400000000000003
2547,defined,500,220,0.44
2548,defined,500,214,0.42799999999999999
2549,defined,500,205,0.40999999999999998
2550,defined,500,216,0.432
2551,defined,500,213,0.42599999999999999
2552,defined,500,202,0.40400000000000003
2553,defined,500,198,0.39600000000000002
2554,defined,500,205,0.40999999999999998
2555,defined,500,220,0.44
2556,defined,500,196,0.39200000000000002
2557,defined,500,209,0.41799999999999998
2558,defined,500,204,0.40799999999999997
2559,defined,500,194,0.38800000000000001
2560,defined,500,206,0.41199999999999998
2561,defined,500,214,0.42799999999999999
2562,defined,500,211,0.42199999999999999
2563,defined,500,214,0.42799999999999999
2564,defined,500,206,0.41199999999999998
2565,defined,500,202,0.40400000000000003
2566,defined,500,218,0.436
2567,defined,500,209,0.41799999999999998
2568,defined,500,200,0.40000000000000002
2569,defined,500,197,0.39400000000000002
2570,defined,500,214,0.42799999999999999
2571,defined,500,206,0.41199999999999998
2572,defined,500,210,0.41999999999999998
2573,defined,500,218,0.436
2574,defined,500,210,0.41999999999999998
2575,defined,500,210,0.41999999999999998
2576,defined,500,199,0.39800000000000002
2577,defined,500,205,0.40999999999999998
2578,defined,500,208,0.41599999999999998
2579,defined,500,220,0.44
2580,defined,500,213,0.42599999999999999
2581,defined,500,205,0.40999999999999998
2582,defined,500,210,0.41999999999999998
2583,defined,500,204,0.40799999999999997
2584,defined,500,211,0.42199999999999999
2585,defined,500,208,0.41599999999999998
2586,defined,500,203,0.40600000000000003
2587,defined,500,203,0.40600000000000003
2588,defined,500,203,0.40600000000000003
2589,defined,500,228,0.45600000000000002
2590,defined,500,197,0.39400000000000002
2591,defined,500,211,0.42199999999999999
2592,defined,500,209,0.41799999999999998
2593,defined,500,201,0.40200000000000002
2594,defined,500,212,0.42399999999999999
2595,defined,500,211,0.42199999999999999
2596,defined,500,207,0.41399999999999998
2597,defined,500,208,0.41599999999999998
2598,defined,500,212,0.42399999999999999
2599,defined,500,207,0.41399999999999998
2600,defined,500,202,0.40400000000000003
2601,defined,500,207,0.41399999999999998
2602,defined,500,207,0.41399999999999998
2603,defined,500,212,0.42399999999999999
2604,defined,500,207,0.41399999999999998
2605,defined,500,208,0.41599999999999998
2606,defined,500,210,0.41999999999999998
2607,defined,500,200,0.40000000000000002
2608,defined,500,212,0.42399999999999999
2609,defined,500,204,0.40799999999999997
2610,defined,500,214,0.42799999999999999
2611,defined,500,202,0.40400000000000003
2612,defined,500,199,0.39800000000000002
2613,defined,500,203,0.40600000000000003
2614,defined,500,216,0.432
2615,defined,500,206,0.41199999999999998
2616,defined,500,213,0.42599999999999999
2617,defined,500,217,0.434
2618,defined,500,207,0.41399999999999998
2619,defined,500,201,0.40200000000000002
2620,defined,500,212,0.42399999999999999
2621,defined,500,203,0.40600000000000003
2622,defined,500,208,0.41599999999999998
2623,defined,500,201,0.40200000000000002
2624,defined,500,215,0.42999999999999999
2625,defined,500,200,0.40000000000000002
2626,defined,500,203,0.40600000000000003
2627,defined,500,213,0.42599999999999999
2628,defined,500,210,0.41999999999999998
2629,defined,500,216,0.432
2630,defined,500,217,0.434
2631,defined,500,207,0.41399999999999998
2632,defined,500,204,0.40799999999999997
2633,defined,500,220,0.44
2634,defined,500,208,0.41599999999999998
2635,defined,500,213,0.42599999999999999
2636,defined,500,207,0.41399999999999998
2637,defined,500,207,0.41399999999999998
2638,defined,500,193,0.38600000000000001
2639,defined,500,199,0.39800000000000002
2640,defined,500,219,0.438
2641,defined,500,202,0.40400000000000003
2642,defined,500,209,0.41799999999999998
2643,defined,500,191,0.38200000000000001
2644,defined,500,206,0.41199999999999998
2645,defined,500,210,0.41999999999999998
2646,defined,500,193,0.38600000000000001
2647,defined,500,213,0.42599999999999999
2648,defined,500,202,0.40400000000000003
2649,defined,500,215,0.42999999999999999
2650,defined,500,213,0.42599999999999999
2651,defined,500,217,0.434
2652,defined,500,208,0.41599999999999998
2653,defined,500,213,0.42599999999999999
2654,defined,500,212,0.42399999999999999
2655,defined,500,215,0.42999999999999999
2656,defined,500,212,0.42399999999999999
2657,defined,500,222,0.44400000000000001
2658,defined,500,207,0.41399999999999998
2659,defined,500,205,0.40999999999999998
2660,defined,500,212,0.42399999999999999
2661,defined,500,197,0.39400000000000002
2662,defined,500,205,0.40999999999999998
2663,defined,500,205,0.40999999999999998
2664,defined,500,203,0.40600000000000003
2665,defined,500,201,0.40200000000000002
2666,defined,500,204,0.40799999999999997
2667,defined,500,202,0.40400000000000003
2668,defined,500,211,0.42199999999999999
2669,defined,500,205,0.40999999999999998
2670,defined,500,208,0.41599999999999998
2671,defined,500,211,0.42199999999999999
2672,defined,500,194,0.38800000000000001
2673,defined,500,207,0.41399999999999998
2674,defined,500,208,0.41599999999999998
2675,defined,500,199,0.39800000000000002
2676,defined,500,211,0.42199999999999999
2677,defined,500,213,0.42599999999999999
2678,defined,500,214,0.42799999999999999
2679,defined,500,210,0.41999999999999998
2680,defined,500,202,0.40400000000000003
2681,defined,500,209,0.41799999999999998
2682,defined,500,196,0.39200000000000002
2683,defined,500,204,0.40799999999999997
2684,defined,500,193,0.38600000000000001
2685,defined,500,213,0.42599999999999999
2686,defined,500,207,0.41399999999999998
2687,defined,500,202,0.40400000000000003
2688,defined,500,202,0.40400000000000003
2689,defined,500,205,0.40999999999999998
2690,defined,500,206,0.41199999999999998
2691,defined,500,197,0.39400000000000002
2692,defined,500,207,0.41399999999999998
2693,defined,500,212,0.42399999999999999
2694,defined,500,205,0.40999999999999998
2695,defined,500,211,0.42199999999999999
2696,defined,500,202,0.40400000000000003
2697,defined,500,207,0.41399999999999998
2698,defined,500,206,0.41199999999999998
2699,defined,500,196,0.39200000000000002
2700,defined,500,224,0.44800000000000001
2701,defined,500,208,0.41599999999999998
2702,defined,500,211,0.42199999999999999
2703,defined,500,208,0.41599999999999998
2704,defined,500,197,0.39400000000000002
2705,defined,500,214,0.42799999999999999
2706,defined,500,208,0.41599999999999998
2707,defined,500,204,0.40799999999999997
2708,defined,500,209,0.41799999999999998
2709,defined,500,211,0.42199999999999999
2710,defined,500,204,0.40799999999999997
2711,defined,500,219,0.438
2712,defined,500,214,0.42799999999999999
2713,defined,500,207,0.41399999999999998
2714,defined,500,203,0.40600000000000003
2715,defined,500,199,0.39800000000000002
2716,defined,500,213,0.42599999999999999
2717,defined,500,205,0.40999999999999998
2718,defined,500,197,0.39400000000000002
2719,defined,500,207,0.41399999999999998
2720,defined,500,211,0.42199999999999999
2721,defined,500,201,0.40200000000000002
2722,defined,500,213,0.42599999999999999
2723,defined,500,212,0.42399999999999999
2724,defined,500,206,0.41199999999999998
2725,defined,500,206,0.41199999999999998
2726,defined,500,207,0.41399999999999998
2727,defined,500,211,0.42199999999999999
2728,defined,500,202,0.40400000000000003
2729,defined,500,207,0.41399999999999998
2730,defined,500,197,0.39400000000000002
2731,defined,500,208,0.41599999999999998
2732,defined,500,219,0.438
2733,defined,500,215,0.42999999999999999
2734,defined,500,211,0.42199999999999999
2735,defined,500,198,0.39600000000000002
2736,defined,500,213,0.42599999999999999
2737,defined,500,200,0.40000000000000002
2738,defined,500,215,0.42999999999999999
2739,defined,500,205,0.40999999999999998
2740,defined,500,197,0.39400000000000002
2741,defined,500,209,0.41799999999999998
2742,defined,500,217,0.434
2743,defined,500,203,0.40600000000000003
2744,defined,500,210,0.41999999999999998
2745,defined,500,205,0.40999999999999998
2746,defined,500,208,0.41599999999999998
2747,defined,500,207,0.41399999999999998
2748,defined,500,203,0.40600000000000003
2749,defined,500,207,0.41399999999999998
2750,defined,500,203,0.40600000000000003
2751,defined,500,200,0.40000000000000002
2752,defined,500,205,0.40999999999999998
2753,defined,500,210,0.41999999999999998
2754,defined,500,205,0.40999999999999998
2755,defined,500,199,0.39800000000000002
2756,defined,500,223,0.44600000000000001
2757,defined,500,207,0.41399999999999998
2758,defined,500,213,0.42599999999999999
2759,defined,500,205,0.40999999999999998
2760,defined,500,204,0.40799999999999997
2761,defined,500,211,0.42199999999999999
2762,defined,500,213,0.42599999999999999
2763,defined,500,200,0.40000000000000002
2764,defined,500,215,0.42999999999999999
2765,defined,500,203,0.40600000000000003
2766,defined,500,208,0.41599999999999998
2767,defined,500,216,0.432
2768,defined,500,209,0.41799999999999998
2769,defined,500,203,0.40600000000000003
2770,defined,500,205,0.40999999999999998
2771,defined,500,223,0.44600000000000001
2772,defined,500,207,0.41399999999999998
2773,defined,500,202,0.40400000000000003
2774,defined,500,200,0.40000000000000002
2775,defined,500,210,0.41999999999999998
2776,defined,500,218,0.436
2777,defined,500,196,0.39200000000000002
2778,defined,500,210,0.41999999999999998
2779,defined,500,207,0.41399999999999998
2780,defined,500,210,0.41999999999999998
2781,defined,500,200,0.40000000000000002
2782,defined,500,212,0.42399999999999999
2783,defined,500,217,0.434
2784,defined,500,205,0.40999999999999998
2785,defined,500,211,0.42199999999999999
2786,defined,500,194,0.38800000000000001
2787,defined,500,200,0.40000000000000002
2788,defined,500,210,0.41999999999999998
2789,defined,500,210,0.41999999999999998
2790,defined,500,219,0.438
2791,defined,500,215,0.42999999999999999
2792,defined,500,199,0.39800000000000002
2793,defined,500,209,0.41799999999999998
2794,defined,500,185,0.37
2795,defined,500,203,0.40600000000000003
2796,defined,500,187,0.374
2797,defined,500,198,0.39600000000000002
2798,defined,500,210,0.41999999999999998
2799,defined,500,209,0.41799999999999998
2800,defined,500,195,0.39000000000000001
2801,defined,500,211,0.42199999999999999
2802,defined,500,202,0.40400000000000003
2803,defined,500,199,0.39800000000000002
2804,defined,500,213,0.42599999999999999
2805,defined,500,212,0.42399999999999999
2806,defined,500,207,0.41399999999999998
2807,defined,500,213,0.42599999999999999
2808,defined,500,206,0.41199999999999998
2809,defined,500,203,0.40600000000000003
2810,defined,500,201,0.40200000000000002
2811,defined,500,206,0.41199999999999998
2812,defined,500,212,0.42399999999999999
2813,defined,500,205,0.40999999999999998
2814,defined,500,207,0.41399999999999998
2815,defined,500,206,0.41199999999999998
2816,defined,500,196,0.39200000000000002
2817,defined,500,215,0.42999999999999999
2818,defined,500,213,0.42599999999999999
2819,defined,500,211,0.42199999999999999
2820,defined,500,202,0.40400000000000003
2821,defined,500,199,0.39800000000000002
2822,defined,500,211,0.42199999999999999
2823,defined,500,214,0.42799999999999999
2824,defined,500,206,0.41199999999999998
2825,defined,500,194,0.38800000000000001
2826,defined,500,209,0.41799999999999998
2827,defined,500,202,0.40400000000000003
2828,defined,500,201,0.40200000000000002
2829,defined,500,206,0.41199999999999998
2830,defined,500,210,0.41999999999999998
2831,defined,500,199,0.39800000000000002
2832,defined,500,206,0.41199999999999998
2833,defined,500,200,0.40000000000000002
2834,defined,500,208,0.41599999999999998
2835,defined,500,214,0.42799999999999999
2836,defined,500,204,0.40799999999999997
2837,defined,500,213,0.42599999999999999
2838,defined,500,199,0.39800000000000002
2839,defined,500,220,0.44
2840,defined,500,205,0.40999999999999998
2841,defined,500,205,0.40999999999999998
2842,defined,500,206,0.41199999999999998
2843,defined,500,203,0.40600000000000003
2844,defined,500,200,0.40000000000000002
2845,defined,500,206,0.41199999999999998
2846,defined,500,196,0.39200000000000002
2847,defined,500,203,0.40600000000000003
2848,defined,500,208,0.41599999999999998
2849,defined,500,208,0.41599999999999998
2850,defined,500,207,0.41399999999999998
2851,defined,500,203,0.40600000000000003
2852,defined,500,203,0.40600000000000003
2853,defined,500,213,0.42599999999999999
2854,defined,500,204,0.40799999999999997
2855,defined,500,212,0.42399999999999999
2856,defined,500,214,0.42799999999999999
2857,defined,500,200,0.40000000000000002
2858,defined,500,212,0.42399999999999999
2859,defined,500,202,0.40400000000000003
2860,defined,500,210,0.41999999999999998
2861,defined,500,205,0.40999999999999998
2862,defined,500,203,0.40600000000000003
2863,defined,500,207,0.41399999999999998
2864,defined,500,202,0.40400000000000003
2865,defined,500,196,0.39200000000000002
2866,defined,500,212,0.42399999999999999
2867,defined,500,194,0.38800000000000001
2868,defined,500,215,0.42999999999999999
2869,defined,500,207,0.41399999999999998
2870,defined,500,213,0.42599999999999999
2871,defined,500,205,0.40999999999999998
2872,defined,500,205,0.40999999999999998
2873,defined,500,196,0.39200000000000002
2874,defined,500,199,0.39800000000000002
2875,defined,500,208,0.41599999999999998
2876,defined,500,202,0.40400000000000003
2877,defined,500,204,0.40799999999999997
2878,defined,500,209,0.41799999999999998
2879,defined,500,213,0.42599999999999999
2880,defined,500,212,0.42399999999999999
2881,defined,500,203,0.40600000000000003
2882,defined,500,200,0.40000000000000002
2883,defined,500,213,0.42599999999999999
2884,defined,500,210,0.41999999999999998
2885,defined,500,193,0.38600000000000001
2886,defined,500,215,0.42999999999999999
2887,defined,500,209,0.41799999999999998
2888,defined,500,203,0.40600000000000003
2889,defined,500,217,0.434
2890,defined,500,209,0.41799999999999998
2891,defined,500,197,0.39400000000000002
2892,defined,500,208,0.41599999999999998
2893,defined,500,205,0.40999999999999998
2894,defined,500,197,0.39400000000000002
2895,defined,500,217,0.434
2896,defined,500,209,0.41799999999999998
2897,defined,500,217,0.434
2898,defined,500,215,0.42999999999999999
2899,defined,500,211,0.42199999999999999
2900,defined,500,192,0.38400000000000001
2901,defined,500,207,0.41399999999999998
2902,defined,500,210,0.41999999999999998
2903,defined,500,213,0.42599999999999999
2904,defined,500,200,0.40000000000000002
2905,defined,500,198,0.39600000000000002
2906,defined,500,213,0.42599999999999999
2907,defined,500,207,0.41399999999999998
2908,defined,500,208,0.41599999999999998
2909,defined,500,221,0.442
2910,defined,500,199,0.39800000000000002
2911,defined,500,203,0.40600000000000003
2912,defined,500,202,0.40400000000000003
2913,defined,500,206,0.41199999999999998
2914,defined,500,205,0.40999999999999998
2915,defined,500,209,0.41799999999999998
2916,defined,500,211,0.42199999999999999
2917,defined,500,207,0.41399999999999998
2918,defined,500,213,0.42599999999999999
2919,defined,500,217,0.434
2920,defined,500,208,0.41599999999999998
2921,defined,500,218,0.436
2922,defined,500,211,0.42199999999999999
2923,defined,500,203,0.40600000000000003
2924,defined,500,217,0.434
2925,defined,500,203,0.40600000000000003
2926,defined,500,203,0.40600000000000003
2927,defined,500,216,0.432
2928,defined,500,203,0.40600000000000003
2929,defined,500,204,0.40799999999999997
2930,defined,500,220,0.44
2931,defined,500,197,0.39400000000000002
2932,defined,500,205,0.40999999999999998
2933,defined,500,190,0.38
2934,defined,500,197,0.39400000000000002
2935,defined,500,204,0.40799999999999997
2936,defined,500,203,0.40600000000000003
2937,defined,500,207,0.41399999999999998
2938,defined,500,205,0.40999999999999998
2939,defined,500,207,0.41399999999999998
2940,defined,500,219,0.438
2941,defined,500,207,0.41399999999999998
2942,defined,500,217,0.434
2943,defined,500,208,0.41599999999999998
2944,defined,500,204,0.40799999999999997
2945,defined,500,209,0.41799999999999998
2946,defined,500,207,0.41399999999999998
2947,defined,500,205,0.40999999999999998
2948,defined,500,214,0.42799999999999999
2949,defined,500,212,0.42399999999999999
2950,defined,500,212,0.42399999999999999
2951,defined,500,204,0.40799999999999997
2952,defined,500,214,0.42799999999999999
2953,defined,500,205,0.40999999999999998
2954,defined,500,213,0.42599999999999999
2955,defined,500,213,0.42599999999999999
2956,defined,500,202,0.40400000000000003
2957,defined,500,198,0.39600000000000002
2958,defined,500,208,0.41599999999999998
2959,defined,500,213,0.42599999999999999
2960,defined,500,204,0.40799999999999997
2961,defined,500,207,0.41399999999999998
2962,defined,500,199,0.39800000000000002
2963,defined,500,197,0.39400000000000002
2964,defined,500,207,0.41399999999999998
2965,defined,500,208,0.41599999999999998
2966,defined,500,211,0.42199999999999999
2967,defined,500,199,0.39800000000000002
2968,defined,500,207,0.41399999999999998
2969,defined,500,209,0.41799999999999998
2970,defined,500,213,0.42599999999999999
2971,defined,500,215,0.42999999999999999
2972,defined,500,226,0.45200000000000001
2973,defined,500,216,0.432
2974,defined,500,203,0.40600000000000003
2975,defined,500,203,0.40600000000000003
2976,defined,500,209,0.41799999999999998
2977,defined,500,190,0.38
2978,defined,500,210,0.41999999999999998
2979,defined,500,209,0.41799999999999998
2980,defined,500,208,0.41599999999999998
2981,defined,500,198,0.39600000000000002
2982,defined,500,198,0.39600000000000002
2983,defined,500,206,0.41199999999999998
2984,defined,500,216,0.432
2985,defined,500,187,0.374
2986,defined,500,214,0.42799999999999999
2987,defined,500,206,0.41199999999999998
2988,defined,500,200,0.40000000000000002
2989,defined,500,193,0.38600000000000001
2990,defined,500,217,0.434
2991,defined,500,206,0.41199999999999998
2992,defined,500,203,0.40600000000000003
2993,defined,500,211,0.42199999999999999
2994,defined,500,222,0.44400000000000001
2995,defined,500,197,0.39400000000000002
2996,defined,500,207,0.41399999999999998
2997,defined,500,204,0.40799999999999997
2998,defined,500,208,0.41599999999999998
2999,defined,500,201,0.40200000000000002
3000,defined,500,209,0.41799999999999998
3001,defined,500,204,0.40799999999999997
3002,defined,500,195,0.39000000000000001
3003,defined,500,206,0.41199999999999998
3004,defined,500,204,0.40799999999999997
3005,defined,500,193,0.38600000000000001
3006,defined,500,203,0.40600000000000003
3007,defined,500,203,0.40600000000000003
3008,defined,500,210,0.41999999999999998
3009,defined,500,204,0.40799999999999997
3010,defined,500,212,0.42399999999999999
3011,defined,500,212,0.42399999999999999
3012,defined,500,199,0.39800000000000002
3013,defined,500,206,0.41199999999999998
3014,defined,500,210,0.41999999999999998
3015,defined,500,203,0.40600000000000003
3016,defined,500,209,0.41799999999999998
3017,defined,500,216,0.432
3018,defined,500,218,0.436
3019,defined,500,212,0.42399999999999999
3020,defined,500,211,0.42199999999999999
3021,defined,500,199,0.39800000000000002
3022,defined,500,207,0.41399999999999998
3023,defined,500,212,0.42399999999999999
3024,defined,500,207,0.41399999999999998
3025,defined,500,214,0.42799999999999999
3026,defined,500,209,0.41799999999999998
3027,defined,500,224,0.44800000000000001
3028,defined,500,210,0.41999999999999998
3029,defined,500,206,0.41199999999999998
3030,defined,500,203,0.40600000000000003
3031,defined,500,202,0.40400000000000003
3032,defined,500,200,0.40000000000000002
3033,defined,500,201,0.40200000000000002
3034,defined,500,201,0.40200000000000002
3035,defined,500,200,0.40000000000000002
3036,defined,500,199,0.39800000000000002
3037,defined,500,216,0.432
3038,defined,500,211,0.42199999999999999
3039,defined,500,209,0.41799999999999998
3040,defined,500,206,0.41199999999999998
3041,defined,500,225,0.45000000000000001
3042,defined,500,204,0.40799999999999997
3043,defined,500,201,0.40200000000000002
3044,defined,500,208,0.41599999999999998
3045,defined,500,210,0.41999999999999998
3046,defined,500,196,0.39200000000000002
3047,defined,500,199,0.39800000000000002
3048,defined,500,204,0.40799999999999997
3049,defined,500,214,0.42799999999999999
3050,defined,500,221,0.442
3051,defined,500,211,0.42199999999999999
3052,defined,500,206,0.41199999999999998
3053,defined,500,215,0.42999999999999999
3054,defined,500,199,0.39800000000000002
3055,defined,500,211,0.42199999999999999
3056,defined,500,212,0.42399999999999999
3057,defined,500,214,0.42799999999999999
3058,defined,500,215,0.42999999999999999
3059,defined,500,205,0.40999999999999998
3060,defined,500,209,0.41799999999999998
3061,defined,500,206,0.41199999999999998
3062,defined,500,210,0.41999999999999998
3063,defined,500,203,0.40600000000000003
3064,defined,500,208,0.41599999999999998
3065,defined,500,213,0.42599999999999999
3066,defined,500,211,0.42199999999999999
3067,defined,500,201,0.40200000000000002
3068,defined,500,211,0.42199999999999999
3069,defined,500,198,0.39600000000000002
3070,defined,500,198,0.39600000000000002
3071,defined,500,215,0.42999999999999999
3072,defined,500,195,0.39000000000000001
3073,defined,500,216,0.432
3074,defined,500,206,0.41199999999999998
3075,defined,500,203,0.40600000000000003
3076,defined,500,210,0.41999999999999998
3077,defined,500,207,0.41399999999999998
3078,defined,500,203,0.40600000000000003
3079,defined,500,214,0.42799999999999999
3080,defined,500,199,0.39800000000000002
3081,defined,500,202,0.40400000000000003
3082,defined,500,203,0.40600000000000003
3083,defined,500,206,0.41199999999999998
3084,defined,500,207,0.41399999999999998
3085,defined,500,208,0.41599999999999998
3086,defined,500,223,0.44600000000000001
3087,defined,500,204,0.40799999999999997
3088,defined,500,215,0.42999999999999999
3089,defined,500,200,0.40000000000000002
3090,defined,500,205,0.40999999999999998
3091,defined,500,209,0.41799999999999998
3092,defined,500,212,0.42399999999999999
3093,defined,500,214,0.42799999999999999
3094,defined,500,211,0.42199999999999999
3095,defined,500,208,0.41599999999999998
3096,defined,500,213,0.42599999999999999
3097,defined,500,212,0.42399999999999999
3098,defined,500,214,0.42799999999999999
3099,defined,500,205,0.40999999999999998
3100,defined,500,211,0.42199999999999999
3101,defined,500,214,0.42799999999999999
3102,defined,500,205,0.40999999999999998
3103,defined,500,203,0.40600000000000003
3104,defined,500,209,0.41799999999999998
3105,defined,500,213,0.42599999999999999
3106,defined,500,203,0.40600000000000003
3107,defined,500,206,0.41199999999999998
3108,defined,500,202,0.40400000000000003
3109,defined,500,208,0.41599999999999998
3110,defined,500,212,0.42399999999999999
3111,defined,500,213,0.42599999999999999
3112,defined,500,218,0.436
3113,defined,500,210,0.41999999999999998
3114,defined,500,212,0.42399999999999999
3115,defined,500,215,0.42999999999999999
3116,defined,500,206,0.41199999999999998
3117,defined,500,211,0.42199999999999999
3118,defined,500,204,0.40799999999999997
3119,defined,500,210,0.41999999999999998
3120,defined,500,202,0.40400000000000003
3121,defined,500,218,0.436
3122,defined,500,207,0.41399999999999998
3123,defined,500,201,0.40200000000000002
3124,defined,500,198,0.39600000000000002
3125,defined,500,202,0.40400000000000003
3126,defined,500,214,0.42799999999999999
3127,defined,500,212,0.42399999999999999
3128,defined,500,208,0.41599999999999998
3129,defined,500,209,0.41799999999999998
3130,defined,500,218,0.436
3131,defined,500,219,0.438
3132,defined,500,210,0.41999999999999998
3133,defined,500,206,0.41199999999999998
3134,defined,500,199,0.39800000000000002
3135,defined,500,206,0.41199999999999998
3136,defined,500,211,0.42199999999999999
3137,defined,500,207,0.41399999999999998
3138,defined,500,209,0.41799999999999998
3139,defined,500,214,0.42799999999999999
3140,defined,500,213,0.42599999999999999
3141,defined,500,209,0.41799999999999998
3142,defined,500,198,0.39600000000000002
3143,defined,500,202,0.40400000000000003
3144,defined,500,199,0.39800000000000002
3145,defined,500,197,0.39400000000000002
3146,defined,500,207,0.41399999999999998
3147,defined,500,196,0.39200000000000002
3148,defined,500,207,0.41399999999999998
3149,defined,500,213,0.42599999999999999
3150,defined,500,200,0.40000000000000002
3151,defined,500,205,0.40999999999999998
3152,defined,500,214,0.42799999999999999
3153,defined,500,189,0.378
3154,defined,500,218,0.436
3155,defined,500,196,0.39200000000000002
3156,defined,500,204,0.40799999999999997
3157,defined,500,206,0.41199999999999998
3158,defined,500,209,0.41799999999999998
3159,defined,500,211,0.42199999999999999
3160,defined,500,201,0.40200000000000002
3161,defined,500,205,0.40999999999999998
3162,defined,500,204,0.40799999999999997
3163,defined,500,213,0.42599999999999999
3164,defined,500,205,0.40999999999999998
3165,defined,500,203,0.40600000000000003
3166,defined,500,204,0.40799999999999997
3167,defined,500,202,0.40400000000000003
3168,defined,500,200,0.40000000000000002
3169,defined,500,221,0.442
3170,defined,500,205,0.40999999999999998
3171,defined,500,219,0.438
3172,defined,500,187,0.374
3173,defined,500,205,0.40999999999999998
3174,defined,500,200,0.40000000000000002
3175,defined,500,215,0.42999999999999999
3176,defined,500,205,0.40999999999999998
3177,defined,500,195,0.39000000000000001
3178,defined,500,201,0.40200000000000002
3179,defined,500,209,0.41799999999999998
3180,defined,500,212,0.42399999999999999
3181,defined,500,203,0.40600000000000003
3182,defined,500,204,0.40799999999999997
3183,defined,500,213,0.42599999999999999
3184,defined,500,207,0.41399999999999998
3185,defined,500,211,0.42199999999999999
3186,defined,500,204,0.40799999999999997
3187,defined,500,205,0.40999999999999998
3188,defined,500,200,0.40000000000000002
3189,defined,500,213,0.42599999999999999
3190,defined,500,207,0.41399999999999998
3191,defined,500,216,0.432
3192,defined,500,197,0.39400000000000002
3193,defined,500,208,0.41599999999999998
3194,defined,500,194,0.38800000000000001
3195,defined,500,205,0.40999999999999998
3196,defined,500,200,0.40000000000000002
3197,defined,500,211,0.42199999999999999
3198,defined,500,207,0.41399999999999998
3199,defined,500,214,0.42799999999999999
3200,defined,500,209,0.41799999999999998
3201,defined,500,205,0.40999999999999998
3202,defined,500,201,0.40200000000000002
3203,defined,500,212,0.42399999999999999
3204,defined,500,209,0.41799999999999998
3205,defined,500,218,0.436
3206,defined,500,212,0.42399999999999999
3207,defined,500,205,0.40999999999999998
3208,defined,500,199,0.39800000000000002
3209,defined,500,216,0.432
3210,defined,500,210,0.41999999999999998
3211,defined,500,204,0.40799999999999997
3212,defined,500,190,0.38
3213,defined,500,220,0.44
3214,defined,500,210,0.41999999999999998
3215,defined,500,208,0.41599999999999998
3216,defined,500,207,0.41399999999999998
3217,defined,500,205,0.40999999999999998
3218,defined,500,203,0.40600000000000003
3219,defined,500,205,0.40999999999999998
3220,defined,500,208,0.41599999999999998
3221,defined,500,207,0.41399999999999998
3222,defined,500,205,0.40999999999999998
3223,defined,500,197,0.39400000000000002
3224,defined,500,209,0.41799999999999998
3225,defined,500,203,0.40600000000000003
3226,defined,500,208,0.41599999999999998
3227,defined,500,204,0.40799999999999997
3228,defined,500,208,0.41599999999999998
3229,defined,500,200,0.40000000000000002
3230,defined,500,207,0.41399999999999998
3231,defined,500,200,0.40000000000000002
3232,defined,500,205,0.40999999999999998
3233,defined,500,212,0.42399999999999999
3234,defined,500,213,0.42599999999999999
3235,defined,500,212,0.42399999999999999
3236,defined,500,213,0.42599999999999999
3237,defined,500,211,0.42199999999999999
3238,defined,500,205,0.40999999999999998
3239,defined,500,215,0.42999999999999999
3240,defined,500,202,0.40400000000000003
3241,defined,500,208,0.41599999999999998
3242,defined,500,209,0.41799999999999998
3243,defined,500,194,0.38800000000000001
3244,defined,500,213,0.42599999999999999
3245,defined,500,211,0.42199999999999999
3246,defined,500,213,0.42599999999999999
3247,defined,500,202,0.40400000000000003
3248,defined,500,200,0.40000000000000002
3249,defined,500,196,0.39200000000000002
3250,defined,500,213,0.42599999999999999
3251,defined,500,213,0.42599999999999999
3252,defined,500,215,0.42999999999999999
3253,defined,500,203,0.40600000000000003
3254,defined,500,193,0.38600000000000001
3255,defined,500,205,0.40999999999999998
3256,defined,500,206,0.41199999999999998
3257,defined,500,199,0.39800000000000002
3258,defined,500,210,0.41999999999999998
3259,defined,500,208,0.41599999999999998
3260,defined,500,214,0.42799999999999999
3261,defined,500,210,0.41999999999999998
3262,defined,500,203,0.40600000000000003
3263,defined,500,212,0.42399999999999999
3264,defined,500,210,0.41999999999999998
3265,defined,500,207,0.41399999999999998
3266,defined,500,208,0.41599999999999998
3267,defined,500,204,0.40799999999999997
3268,defined,500,190,0.38
3269,defined,500,210,0.41999999999999998
3270,defined,500,207,0.41399999999999998
3271,defined,500,210,0.41999999999999998
3272,defined,500,208,0.41599999999999998
3273,defined,500,220,0.44
3274,defined,500,213,0.42599999999999999
3275,defined,500,208,0.41599999999999998
3276,defined,500,205,0.40999999999999998
3277,defined,500,202,0.40400000000000003
3278,defined,500,201,0.40200000000000002
3279,defined,500,216,0.432
3280,defined,500,211,0.42199999999999999
3281,defined,500,207,0.41399999999999998
3282,defined,500,209,0.41799999999999998
3283,defined,500,206,0.41199999999999998
3284,defined,500,206,0.41199999999999998
3285,defined,500,198,0.39600000000000002
3286,defined,500,204,0.40799999999999997
3287,defined,500,200,0.40000000000000002
3288,defined,500,209,0.41799999999999998
3289,defined,500,201,0.40200000000000002
3290,defined,500,214,0.42799999999999999
3291,defined,500,213,0.42599999999999999
3292,defined,500,204,0.40799999999999997
3293,defined,500,206,0.41199999999999998
3294,defined,500,203,0.40600000000000003
3295,defined,500,204,0.40799999999999997
3296,defined,500,208,0.41599999999999998
3297,defined,500,197,0.39400000000000002
3298,defined,500,209,0.41799999999999998
3299,defined,500,195,0.39000000000000001
3300,defined,500,217,0.434
3301,defined,500,203,0.40600000000000003
3302,defined,500,211,0.42199999999999999
3303,defined,500,202,0.40400000000000003
3304,defined,500,205,0.40999999999999998
3305,defined,500,205,0.40999999999999998
3306,defined,500,205,0.40999999999999998
3307,defined,500,214,0.42799999999999999
3308,defined,500,203,0.40600000000000003
3309,defined,500,202,0.40400000000000003
3310,defined,500,214,0.42799999999999999
3311,defined,500,212,0.42399999999999999
3312,defined,500,199,0.39800000000000002
3313,defined,500,193,0.38600000000000001
3314,defined,500,206,0.41199999999999998
3315,defined,500,209,0.41799999999999998
3316,defined,500,200,0.40000000000000002
3317,defined,500,208,0.41599999999999998
3318,defined,500,213,0.42599999999999999
3319,defined,500,205,0.40999999999999998
3320,defined,500,212,0.42399999999999999
3321,defined,500,203,0.40600000000000003
3322,defined,500,200,0.40000000000000002
3323,defined,500,197,0.39400000000000002
3324,defined,500,195,0.39000000000000001
3325,defined,500,210,0.41999999999999998
3326,defined,500,223,0.44600000000000001
3327,defined,500,200,0.40000000000000002
3328,defined,500,208,0.41599999999999998
3329,defined,500,202,0.40400000000000003
3330,defined,500,211,0.42199999999999999
3331,defined,500,221,0.442
3332,defined,500,207,0.41399999999999998
3333,defined,500,205,0.40999999999999998
3334,defined,500,208,0.41599999999999998
3335,defined,500,201,0.40200000000000002
3336,defined,500,197,0.39400000000000002
3337,defined,500,213,0.42599999999999999
3338,defined,500,215,0.42999999999999999
3339,defined,500,208,0.41599999999999998
3340,defined,500,201,0.40200000000000002
3341,defined,500,205,0.40999999999999998
3342,defined,500,200,0.40000000000000002
3343,defined,500,192,0.38400000000000001
3344,defined,500,207,0.41399999999999998
3345,defined,500,207,0.41399999999999998
3346,defined,500,203,0.40600000000000003
3347,defined,500,221,0.442
3348,defined,500,204,0.40799999999999997
3349,defined,500,199,0.39800000000000002
3350,defined,500,203,0.40600000000000003
3351,defined,500,205,0.40999999999999998
3352,defined,500,205,0.40999999999999998
3353,defined,500,189,0.378
3354,defined,500,206,0.41199999999999998
3355,defined,500,199,0.39800000000000002
3356,defined,500,211,0.42199999999999999
3357,defined,500,208,0.41599999999999998
3358,defined,500,204,0.40799999999999997
3359,defined,500,211,0.42199999999999999
3360,defined,500,214,0.42799999999999999
3361,defined,500,200,0.40000000000000002
3362,defined,500,211,0.42199999999999999
3363,defined,500,209,0.41799999999999998
3364,defined,500,219,0.438
3365,defined,500,196,0.39200000000000002
3366,defined,500,203,0.40600000000000003
3367,defined,500,218,0.436
3368,defined,500,204,0.40799999999999997
3369,defined,500,218,0.436
3370,defined,500,208,0.41599999999999998
3371,defined,500,205,0.40999999999999998
3372,defined,500,201,0.40200000000000002
3373,defined,500,209,0.41799999999999998
3374,defined,500,217,0.434
3375,defined,500,209,0.41799999999999998
3376,defined,500,212,0.42399999999999999
3377,defined,500,217,0.434
3378,defined,500,200,0.40000000000000002
3379,defined,500,203,0.40600000000000003
3380,defined,500,212,0.42399999999999999
3381,defined,500,195,0.39000000000000001
3382,defined,500,206,0.41199999999999998
3383,defined,500,212,0.42399999999999999
3384,defined,500,221,0.442
3385,defined,500,202,0.40400000000000003
3386,defined,500,204,0.40799999999999997
3387,defined,500,202,0.40400000000000003
3388,defined,500,207,0.41399999999999998
3389,defined,500,209,0.41799999999999998
3390,defined,500,205,0.40999999999999998
3391,defined,500,211,0.42199999999999999
3392,defined,500,214,0.42799999999999999
3393,defined,500,210,0.41999999999999998
3394,defined,500,213,0.42599999999999999
3395,defined,500,211,0.42199999999999999
3396,defined,500,214,0.42799999999999999
3397,defined,500,210,0.41999999999999998
3398,defined,500,206,0.41199999999999998
3399,defined,500,208,0.41599999999999998
3400,defined,500,211,0.42199999999999999
3401,defined,500,191,0.38200000000000001
3402,defined,500,206,0.41199999999999998
3403,defined,500,206,0.41199999999999998
3404,defined,500,215,0.42999999999999999
3405,defined,500,203,0.40600000000000003
3406,defined,500,213,0.42599999999999999
3407,defined,500,208,0.41599999999999998
3408,defined,500,191,0.38200000000000001
3409,defined,500,208,0.41599999999999998
3410,defined,500,205,0.40999999999999998
3411,defined,500,198,0.39600000000000002
3412,defined,500,202,0.40400000000000003
3413,defined,500,209,0.41799999999999998
3414,defined,500,201,0.40200000000000002
3415,defined,500,201,0.40200000000000002
3416,defined,500,210,0.41999999999999998
3417,defined,500,205,0.40999999999999998
3418,defined,500,216,0.432
3419,defined,500,198,0.39600000000000002
3420,defined,500,212,0.42399999999999999
3421,defined,500,205,0.40999999999999998
3422,defined,500,209,0.41799999999999998
3423,defined,500,197,0.39400000000000002
3424,defined,500,204,0.40799999999999997
3425,defined,500,202,0.40400000000000003
3426,defined,500,218,0.436
3427,defined,500,212,0.42399999999999999
3428,defined,500,201,0.40200000000000002
3429,defined,500,210,0.41999999999999998
3430,defined,500,203,0.40600000000000003
3431,defined,500,213,0.42599999999999999
3432,defined,500,213,0.42599999999999999
3433,defined,500,201,0.40200000000000002
3434,defined,500,203,0.40600000000000003
3435,defined,500,204,0.40799999999999997
3436,defined,500,206,0.41199999999999998
3437,defined,500,218,0.436
3438,defined,500,197,0.39400000000000002
3439,defined,500,206,0.41199999999999998
3440,defined,500,207,0.41399999999999998
3441,defined,500,211,0.42199999999999999
3442,defined,500,196,0.39200000000000002
3443,defined,500,191,0.38200000000000001
3444,defined,500,209,0.41799999999999998
3445,defined,500,195,0.39000000000000001
3446,defined,500,215,0.42999999999999999
3447,defined,500,202,0.40400000000000003
3448,defined,500,213,0.42599999999999999
3449,defined,500,200,0.40000000000000002
3450,defined,500,219,0.438
3451,defined,500,218,0.436
3452,defined,500,221,0.442
3453,defined,500,210,0.41999999999999998
3454,defined,500,200,0.40000000000000002
3455,defined,500,199,0.39800000000000002
3456,defined,500,217,0.434
3457,defined,500,209,0.41799999999999998
3458,defined,500,207,0.41399999999999998
3459,defined,500,204,0.40799999999999997
3460,defined,500,209,0.41799999999999998
3461,defined,500,211,0.42199999999999999
3462,defined,500,201,0.40200000000000002
3463,defined,500,205,0.40999999999999998
3464,defined,500,200,0.40000000000000002
3465,defined,500,207,0.41399999999999998
3466,defined,500,208,0.41599999999999998
3467,defined,500,190,0.38
3468,defined,500,212,0.42399999999999999
3469,defined,500,208,0.41599999999999998
3470,defined,500,208,0.41599999999999998
3471,defined,500,211,0.42199999999999999
3472,defined,500,205,0.40999999999999998
3473,defined,500,209,0.41799999999999998
3474,defined,500,218,0.436
3475,defined,500,202,0.40400000000000003
3476,defined,500,207,0.41399999999999998
3477,defined,500,215,0.42999999999999999
3478,defined,500,208,0.41599999999999998
3479,defined,500,206,0.41199999999999998
3480,defined,500,211,0.42199999999999999
3481,defined,500,222,0.44400000000000001
3482,defined,500,205,0.40999999999999998
3483,defined,500,202,0.40400000000000003
3484,defined,500,207,0.41399999999999998
3485,defined,500,209,0.41799999999999998
3486,defined,500,202,0.40400000000000003
3487,defined,500,210,0.41999999999999998
3488,defined,500,206,0.41199999999999998
3489,defined,500,208,0.41599999999999998
3490,defined,500,212,0.42399999999999999
3491,defined,500,202,0.40400000000000003
3492,defined,500,199,0.39800000000000002
3493,defined,500,209,0.41799999999999998
3494,defined,500,205,0.40999999999999998
3495,defined,500,210,0.41999999999999998
3496,defined,500,201,0.40200000000000002
3497,defined,500,211,0.42199999999999999
3498,defined,500,202,0.40400000000000003
3499,defined,500,202,0.40400000000000003
3500,defined,500,207,0.41399999999999998
3501,defined,500,217,0.434
3502,defined,500,204,0.40799999999999997
3503,defined,500,206,0.41199999999999998
3504,defined,500,212,0.42399999999999999
3505,defined,500,208,0.41599999999999998
3506,defined,500,197,0.39400000000000002
3507,defined,500,203,0.40600000000000003
3508,defined,500,220,0.44
3509,defined,500,195,0.39000000000000001
3510,defined,500,214,0.42799999999999999
3511,defined,500,216,0.432
3512,defined,500,197,0.39400000000000002
3513,defined,500,214,0.42799999999999999
3514,defined,500,211,0.42199999999999999
3515,defined,500,207,0.41399999999999998
3516,defined,500,213,0.42599999999999999
3517,defined,500,199,0.39800000000000002
3518,defined,500,209,0.41799999999999998
3519,defined,500,210,0.41999999999999998
3520,defined,500,211,0.42199999999999999
3521,defined,500,221,0.442
3522,defined,500,210,0.41999999999999998
3523,defined,500,200,0.40000000000000002
3524,defined,500,203,0.40600000000000003
3525,defined,500,202,0.40400000000000003
3526,defined,500,206,0.41199999999999998
3527,defined,500,209,0.41799999999999998
3528,defined,500,215,0.42999999999999999
3529,defined,500,191,0.38200000000000001
3530,defined,500,208,0.41599999999999998
3531,defined,500,204,0.40799999999999997
3532,defined,500,195,0.39000000000000001
3533,defined,500,214,0.42799999999999999
3534,defined,500,210,0.41999999999999998
3535,defined,500,212,0.42399999999999999
3536,defined,500,204,0.40799999999999997
3537,defined,500,199,0.39800000000000002
3538,defined,500,206,0.41199999999999998
3539,defined,500,207,0.41399999999999998
3540,defined,500,212,0.42399999999999999
3541,defined,500,205,0.40999999999999998
3542,defined,500,210,0.41999999999999998
3543,defined,500,199,0.39800000000000002
3544,defined,500,203,0.40600000000000003
3545,defined,500,206,0.41199999999999998
3546,defined,500,202,0.40400000000000003
3547,defined,500,202,0.40400000000000003
3548,defined,500,205,0.40999999999999998
3549,defined,500,214,0.42799999999999999
3550,defined,500,205,0.40999999999999998
3551,defined,500,211,0.42199999999999999
3552,defined,500,203,0.40600000000000003
3553,defined,500,208,0.41599999999999998
3554,defined,500,218,0.436
3555,defined,500,211,0.42199999999999999
3556,defined,500,197,0.39400000000000002
3557,defined,500,210,0.41999999999999998
3558,defined,500,202,0.40400000000000003
3559,defined,500,212,0.42399999999999999
3560,defined,500,198,0.39600000000000002
3561,defined,500,207,0.41399999999999998
3562,defined,500,209,0.41799999999999998
3563,defined,500,209,0.41799999999999998
3564,defined,500,207,0.41399999999999998
3565,defined,500,196,0.39200000000000002
3566,defined,500,214,0.42799999999999999
3567,defined,500,212,0.42399999999999999
3568,defined,500,212,0.42399999999999999
3569,defined,500,219,0.438
3570,defined,500,208,0.41599999999999998
3571,defined,500,218,0.436
3572,defined,500,199,0.39800000000000002
3573,defined,500,211,0.42199999999999999
3574,defined,500,207,0.41399999999999998
3575,defined,500,199,0.39800000000000002
3576,defined,500,206,0.41199999999999998
3577,defined,500,210,0.41999999999999998
3578,defined,500,222,0.44400000000000001
3579,defined,500,203,0.40600000000000003
3580,defined,500,208,0.41599999999999998
3581,defined,500,213,0.42599999999999999
3582,defined,500,208,0.41599999999999998
3583,defined,500,207,0.41399999999999998
3584,defined,500,216,0.432
3585,defined,500,201,0.40200000000000002
3586,defined,500,198,0.39600000000000002
3587,defined,500,205,0.40999999999999998
3588,defined,500,212,0.42399999999999999
3589,defined,500,210,0.41999999999999998
3590,defined,500,207,0.41399999999999998
3591,defined,500,205,0.40999999999999998
3592,defined,500,207,0.41399999999999998
3593,defined,500,218,0.436
3594,defined,500,200,0.40000000000000002
3595,defined,500,204,0.40799999999999997
3596,defined,500,201,0.40200000000000002
3597,defined,500,207,0.41399999999999998
3598,defined,500,214,0.42799999999999999
3599,defined,500,202,0.40400000000000003
3600,defined,500,205,0.40999999999999998
3601,defined,500,205,0.40999999999999998
3602,defined,500,207,0.41399999999999998
3603,defined,500,195,0.39000000000000001
3604,defined,500,203,0.40600000000000003
3605,defined,500,209,0.41799999999999998
3606,defined,500,205,0.40999999999999998
3607,defined,500,205,0.40999999999999998
3608,defined,500,213,0.42599999999999999
3609,defined,500,201,0.40200000000000002
3610,defined,500,210,0.41999999999999998
3611,defined,500,211,0.42199999999999999
3612,defined,500,203,0.40600000000000003
3613,defined,500,204,0.40799999999999997
3614,defined,500,199,0.39800000000000002
3615,defined,500,197,0.39400000000000002
3616,defined,500,198,0.39600000000000002
3617,defined,500,219,0.438
3618,defined,500,205,0.40999999999999998
3619,defined,500,195,0.39000000000000001
3620,defined,500,215,0.42999999999999999
3621,defined,500,214,0.42799999999999999
3622,defined,500,208,0.41599999999999998
3623,defined,500,201,0.40200000000000002
3624,defined,500,200,0.40000000000000002
3625,defined,500,207,0.41399999999999998
3626,defined,500,195,0.39000000000000001
3627,defined,500,202,0.40400000000000003
3628,defined,500,215,0.42999999999999999
3629,defined,500,203,0.40600000000000003
3630,defined,500,209,0.41799999999999998
3631,defined,500,215,0.42999999999999999
3632,defined,500,209,0.41799999999999998
3633,defined,500,205,0.40999999999999998
3634,defined,500,208,0.41599999999999998
3635,defined,500,206,0.41199999999999998
3636,defined,500,201,0.40200000000000002
3637,defined,500,206,0.41199999999999998
3638,defined,500,205,0.40999999999999998
3639,defined,500,210,0.41999999999999998
3640,defined,500,217,0.434
3641,defined,500,207,0.41399999999999998
3642,defined,500,204,0.40799999999999997
3643,defined,500,209,0.41799999999999998
3644,defined,500,202,0.40400000000000003
3645,defined,500,199,0.39800000000000002
3646,defined,500,198,0.39600000000000002
3647,defined,500,212,0.42399999999999999
3648,defined,500,208,0.41599999999999998
3649,defined,500,200,0.40000000000000002
3650,defined,500,215,0.42999999999999999
3651,defined,500,205,0.40999999999999998
3652,defined,500,208,0.41599999999999998
3653,defined,500,212,0.42399999999999999
3654,defined,500,215,0.42999999999999999
3655,defined,500,214,0.42799999999999999
3656,defined,500,202,0.40400000000000003
3657,defined,500,201,0.40200000000000002
3658,defined,500,205,0.40999999999999998
3659,defined,500,195,0.39000000000000001
3660,defined,500,203,0.40600000000000003
3661,defined,500,214,0.42799999999999999
3662,defined,500,210,0.41999999999999998
3663,defined,500,203,0.40600000000000003
3664,defined,500,215,0.42999999999999999
3665,defined,500,215,0.42999999999999999
3666,defined,500,208,0.41599999999999998
3667,defined,500,215,0.42999999999999999
3668,defined,500,211,0.42199999999999999
3669,defined,500,203,0.40600000000000003
3670,defined,500,196,0.39200000000000002
3671,defined,500,213,0.42599999999999999
3672,defined,500,201,0.40200000000000002
3673,defined,500,207,0.41399999999999998
3674,defined,500,207,0.41399999999999998
3675,defined,500,212,0.42399999999999999
3676,defined,500,202,0.40400000000000003
3677,defined,500,209,0.41799999999999998
3678,defined,500,194,0.38800000000000001
3679,defined,500,197,0.39400000000000002
3680,defined,500,205,0.40999999999999998
3681,defined,500,204,0.40799999999999997
3682,defined,500,200,0.40000000000000002
3683,defined,500,216,0.432
3684,defined,500,203,0.40600000000000003
3685,defined,500,200,0.40000000000000002
3686,defined,500,210,0.41999999999999998
3687,defined,500,203,0.40600000000000003
3688,defined,500,201,0.40200000000000002
3689,defined,500,192,0.38400000000000001
3690,defined,500,213,0.42599999999999999
3691,defined,500,208,0.41599999999999998
3692,defined,500,216,0.432
3693,defined,500,208,0.41599999999999998
3694,defined,500,207,0.41399999999999998
3695,defined,500,204,0.40799999999999997
3696,defined,500,200,0.40000000000000002
3697,defined,500,206,0.41199999999999998
3698,defined,500,208,0.41599999999999998
3699,defined,500,206,0.41199999999999998
3700,defined,500,203,0.40600000000000003
3701,defined,500,195,0.39000000000000001
3702,defined,500,208,0.41599999999999998
3703,defined,500,201,0.40200000000000002
3704,defined,500,207,0.41399999999999998
3705,defined,500,213,0.42599999999999999
3706,defined,500,192,0.38400000000000001
3707,defined,500,201,0.40200000000000002
3708,defined,500,205,0.40999999999999998
3709,defined,500,212,0.42399999999999999
3710,defined,500,208,0.41599999999999998
3711,defined,500,198,0.39600000000000002
3712,defined,500,209,0.41799999999999998
3713,defined,500,215,0.42999999999999999
3714,defined,500,201,0.40200000000000002
3715,defined,500,207,0.41399999999999998
3716,defined,500,199,0.39800000000000002
3717,defined,500,218,0.436
3718,defined,500,207,0.41399999999999998
3719,defined,500,210,0.41999999999999998
3720,defined,500,209,0.41799999999999998
3721,defined,500,208,0.41599999999999998
3722,defined,500,209,0.41799999999999998
3723,defined,500,205,0.40999999999999998
3724,defined,500,196,0.39200000000000002
3725,defined,500,193,0.38600000000000001
3726,defined,500,206,0.41199999999999998
3727,defined,500,208,0.41599999999999998
3728,defined,500,210,0.41999999999999998
3729,defined,500,196,0.39200000000000002
3730,defined,500,201,0.40200000000000002
3731,defined,500,208,0.41599999999999998
3732,defined,500,194,0.38800000000000001
3733,defined,500,203,0.40600000000000003
3734,defined,500,205,0.40999999999999998
3735,defined,500,215,0.42999999999999999
3736,defined,500,196,0.39200000000000002
3737,defined,500,196,0.39200000000000002
3738,defined,500,199,0.39800000000000002
3739,defined,500,220,0.44
3740,defined,500,221,0.442
3741,defined,500,203,0.40600000000000003
3742,defined,500,205,0.40999999999999998
3743,defined,500,221,0.442
3744,defined,500,205,0.40999999999999998
3745,defined,500,202,0.40400000000000003
3746,defined,500,204,0.40799999999999997
3747,defined,500,208,0.41599999999999998
3748,defined,500,211,0.42199999999999999
3749,defined,500,202,0.40400000000000003
3750,defined,500,215,0.42999999999999999
3751,defined,500,198,0.39600000000000002
3752,defined,500,211,0.42199999999999999
3753,defined,500,201,0.40200000000000002
3754,defined,500,208,0.41599999999999998
3755,defined,500,210,0.41999999999999998
3756,defined,500,216,0.432
3757,defined,500,210,0.41999999999999998
3758,defined,500,211,0.42199999999999999
3759,defined,500,220,0.44
3760,defined,500,204,0.40799999999999997
3761,defined,500,211,0.42199999999999999
3762,defined,500,203,0.40600000000000003
3763,defined,500,213,0.42599999999999999
3764,defined,500,217,0.434
3765,defined,500,209,0.41799999999999998
3766,defined,500,209,0.41799999999999998
3767,defined,500,208,0.41599999999999998
3768,defined,500,209,0.41799999999999998
3769,defined,500,197,0.39400000000000002
3770,defined,500,208,0.41599999999999998
3771,defined,500,213,0.42599999999999999
3772,defined,500,206,0.41199999999999998
3773,defined,500,204,0.40799999999999997
3774,defined,500,209,0.41799999999999998
3775,defined,500,210,0.41999999999999998
3776,defined,500,207,0.41399999999999998
3777,defined,500,189,0.378
3778,defined,500,213,0.42599999999999999
3779,defined,500,205,0.40999999999999998
3780,defined,500,219,0.438
3781,defined,500,206,0.41199999999999998
3782,defined,500,216,0.432
3783,defined,500,200,0.40000000000000002
3784,defined,500,208,0.41599999999999998
3785,defined,500,206,0.41199999999999998
3786,defined,500,214,0.42799999999999999
3787,defined,500,199,0.39800000000000002
3788,defined,500,207,0.41399999999999998
3789,defined,500,210,0.41999999999999998
3790,defined,500,201,0.40200000000000002
3791,defined,500,209,0.41799999999999998
3792,defined,500,204,0.40799999999999997
3793,defined,500,210,0.41999999999999998
3794,defined,500,204,0.40799999999999997
3795,defined,500,211,0.42199999999999999
3796,defined,500,214,0.42799999999999999
3797,defined,500,201,0.40200000000000002
3798,defined,500,206,0.41199999999999998
3799,defined,500,218,0.436
3800,defined,500,197,0.39400000000000002
3801,defined,500,206,0.41199999999999998
3802,defined,500,203,0.40600000000000003
3803,defined,500,206,0.41199999999999998
3804,defined,500,213,0.42599999999999999
3805,defined,500,216,0.432
3806,defined,500,208,0.41599999999999998
3807,defined,500,206,0.41199999999999998
3808,defined,500,204,0.40799999999999997
3809,defined,500,206,0.41199999999999998
3810,defined,500,208,0.41599999999999998
3811,defined,500,207,0.41399999999999998
3812,defined,500,213,0.42599999999999999
3813,defined,500,213,0.42599999999999999
3814,defined,500,216,0.432
3815,defined,500,199,0.39800000000000002
3816,defined,500,198,0.39600000000000002
3817,defined,500,194,0.38800000000000001
3818,defined,500,216,0.432
3819,defined,500,199,0.39800000000000002
3820,defined,500,195,0.39000000000000001
3821,defined,500,206,0.41199999999999998
3822,defined,500,206,0.41199999999999998
3823,defined,500,213,0.42599999999999999
3824,defined,500,213,0.42599999999999999
3825,defined,500,208,0.41599999999999998
3826,defined,500,198,0.39600000000000002
3827,defined,500,199,0.39800000000000002
3828,defined,500,211,0.42199999999999999
3829,defined,500,205,0.40999999999999998
3830,defined,500,218,0.436
3831,defined,500,208,0.41599999999999998
3832,defined,500,208,0.41599999999999998
3833,defined,500,211,0.42199999999999999
3834,defined,500,215,0.42999999999999999
3835,defined,500,198,0.39600000000000002
3836,defined,500,215,0.42999999999999999
3837,defined,500,201,0.40200000000000002
3838,defined,500,206,0.41199999999999998
3839,defined,500,202,0.40400000000000003
3840,defined,500,207,0.41399999999999998
3841,defined,500,210,0.41999999999999998
3842,defined,500,214,0.42799999999999999
3843,defined,500,206,0.41199999999999998
3844,defined,500,222,0.44400000000000001
3845,defined,500,206,0.41199999999999998
3846,defined,500,215,0.42999999999999999
3847,defined,500,215,0.42999999999999999
3848,defined,500,198,0.39600000000000002
3849,defined,500,204,0.40799999999999997
3850,defined,500,205,0.40999999999999998
3851,defined,500,204,0.40799999999999997
3852,defined,500,216,0.432
3853,defined,500,211,0.42199999999999999
3854,defined,500,197,0.39400000000000002
3855,defined,500,208,0.41599999999999998
3856,defined,500,201,0.40200000000000002
3857,defined,500,201,0.40200000000000002
3858,defined,500,217,0.434
3859,defined,500,213,0.42599999999999999
3860,defined,500,203,0.40600000000000003
3861,defined,500,211,0.42199999999999999
3862,defined,500,205,0.40999999999999998
3863,defined,500,203,0.40600000000000003
3864,defined,500,200,0.40000000000000002
3865,defined,500,211,0.42199999999999999
3866,defined,500,203,0.40600000000000003
3867,defined,500,216,0.432
3868,defined,500,220,0.44
3869,defined,500,202,0.40400000000000003
3870,defined,500,213,0.42599999999999999
3871,defined,500,199,0.39800000000000002
3872,defined,500,201,0.40200000000000002
3873,defined,500,198,0.39600000000000002
3874,defined,500,205,0.40999999999999998
3875,defined,500,212,0.42399999999999999
3876,defined,500,214,0.42799999999999999
3877,defined,500,192,0.38400000000000001
3878,defined,500,200,0.40000000000000002
3879,defined,500,209,0.41799999999999998
3880,defined,500,207,0.41399999999999998
3881,defined,500,207,0.41399999999999998
3882,defined,500,217,0.434
3883,defined,500,205,0.40999999999999998
3884,defined,500,206,0.41199999999999998
3885,defined,500,217,0.434
3886,defined,500,213,0.42599999999999999
3887,defined,500,193,0.38600000000000001
3888,defined,500,205,0.40999999999999998
3889,defined,500,210,0.41999999999999998
3890,defined,500,212,0.42399999999999999
3891,defined,500,203,0.40600000000000003
3892,defined,500,196,0.39200000000000002
3893,defined,500,215,0.42999999999999999
3894,defined,500,216,0.432
3895,defined,500,213,0.42599999999999999
3896,defined,500,210,0.41999999999999998
3897,defined,500,208,0.41599999999999998
3898,defined,500,203,0.40600000000000003
3899,defined,500,195,0.39000000000000001
3900,defined,500,225,0.45000000000000001
3901,defined,500,202,0.40400000000000003
3902,defined,500,206,0.41199999999999998
3903,defined,500,208,0.41599999999999998
3904,defined,500,195,0.39000000000000001
3905,defined,500,218,0.436
3906,defined,500,205,0.40999999999999998
3907,defined,500,205,0.40999999999999998
3908,defined,500,214,0.42799999999999999
3909,defined,500,204,0.40799999999999997
3910,defined,500,205,0.40999999999999998
3911,defined,500,211,0.42199999999999999
3912,defined,500,214,0.42799999999999999
3913,defined,500,199,0.39800000000000002
3914,defined,500,207,0.41399999999999998
3915,defined,500,206,0.41199999999999998
3916,defined,500,201,0.40200000000000002
3917,defined,500,207,0.41399999999999998
3918,defined,500,203,0.40600000000000003
3919,defined,500,202,0.40400000000000003
3920,defined,500,210,0.41999999999999998
3921,defined,500,201,0.40200000000000002
3922,defined,500,213,0.42599999999999999
3923,defined,500,216,0.432
3924,defined,500,211,0.42199999999999999
3925,defined,500,207,0.41399999999999998
3926,defined,500,202,0.40400000000000003
3927,defined,500,211,0.42199999999999999
3928,defined,500,206,0.41199999999999998
3929,defined,500,217,0.434
3930,defined,500,216,0.432
3931,defined,500,213,0.42599999999999999
3932,defined,500,218,0.436
3933,defined,500,199,0.39800000000000002
3934,defined,500,215,0.42999999999999999
3935,defined,500,202,0.40400000000000003
3936,defined,500,194,0.38800000000000001
3937,defined,500,210,0.41999999999999998
3938,defined,500,210,0.41999999999999998
3939,defined,500,211,0.42199999999999999
3940,defined,500,212,0.42399999999999999
3941,defined,500,208,0.41599999999999998
3942,defined,500,212,0.42399999999999999
3943,defined,500,209,0.41799999999999998
3944,defined,500,208,0.41599999999999998
3945,defined,500,222,0.44400000000000001
3946,defined,500,209,0.41799999999999998
3947,defined,500,214,0.42799999999999999
3948,defined,500,209,0.41799999999999998
3949,defined,500,205,0.40999999999999998
3950,defined,500,210,0.41999999999999998
3951,defined,500,211,0.42199999999999999
3952,defined,500,213,0.42599999999999999
3953,defined,500,205,0.40999999999999998
3954,defined,500,206,0.41199999999999998
3955,defined,500,203,0.40600000000000003
3956,defined,500,211,0.42199999999999999
3957,defined,500,204,0.40799999999999997
3958,defined,500,195,0.39000000000000001
3959,defined,500,211,0.42199999999999999
3960,defined,500,210,0.41999999999999998
3961,defined,500,199,0.39800000000000002
3962,defined,500,211,0.42199999999999999
3963,defined,500,192,0.38400000000000001
3964,defined,500,217,0.434
3965,defined,500,204,0.40799999999999997
3966,defined,500,212,0.42399999999999999
3967,defined,500,208,0.41599999999999998
3968,defined,500,209,0.41799999999999998
3969,defined,500,212,0.42399999999999999
3970,defined,500,199,0.39800000000000002
3971,defined,500,214,0.42799999999999999
3972,defined,500,205,0.40999999999999998
3973,defined,500,206,0.41199999999999998
3974,defined,500,207,0.41399999999999998
3975,defined,500,206,0.41199999999999998
3976,defined,500,201,0.40200000000000002
3977,defined,500,208,0.41599999999999998
3978,defined,500,208,0.41599999999999998
3979,defined,500,214,0.42799999999999999
3980,defined,500,206,0.41199999999999998
3981,defined,500,202,0.40400000000000003
3982,defined,500,204,0.40799999999999997
3983,defined,500,201,0.40200000000000002
3984,defined,500,209,0.41799999999999998
3985,defined,500,205,0.40999999999999998
3986,defined,500,211,0.42199999999999999
3987,defined,500,207,0.41399999999999998
3988,defined,500,205,0.40999999999999998
3989,defined,500,206,0.41199999999999998
3990,defined,500,203,0.40600000000000003
3991,defined,500,205,0.40999999999999998
3992,defined,500,217,0.434
3993,defined,500,204,0.40799999999999997
3994,defined,500,210,0.41999999999999998
3995,defined,500,206,0.41199999999999998
3996,defined,500,211,0.42199999999999999
3997,defined,500,216,0.432
3998,defined,500,195,0.39000000000000001
3999,defined,500,209,0.41799999999999998
4000,defined,500,194,0.38800000000000001
4001,defined,500,209,0.41799999999999998
4002,defined,500,208,0.41599999999999998
4003,defined,500,194,0.38800000000000001
4004,defined,500,207,0.41399999999999998
4005,defined,500,194,0.38800000000000001
4006,defined,500,199,0.39800000000000002
4007,defined,500,206,0.41199999999999998
4008,defined,500,205,0.40999999999999998
4009,defined,500,208,0.41599999999999998
4010,defined,500,215,0.42999999999999999
4011,defined,500,207,0.41399999999999998
4012,defined,500,208,0.41599999999999998
4013,defined,500,210,0.41999999999999998
4014,defined,500,207,0.41399999999999998
4015,defined,500,201,0.40200000000000002
4016,defined,500,202,0.40400000000000003
4017,defined,500,209,0.41799999999999998
4018,defined,500,200,0.40000000000000002
4019,defined,500,209,0.41799999999999998
4020,defined,500,211,0.42199999999999999
4021,defined,500,201,0.40200000000000002
4022,defined,500,193,0.38600000000000001
4023,defined,500,211,0.42199999999999999
4024,defined,500,197,0.39400000000000002
4025,defined,500,211,0.42199999999999999
4026,defined,500,197,0.39400000000000002
4027,defined,500,210,0.41999999999999998
4028,defined,500,203,0.40600000000000003
4029,defined,500,208,0.41599999999999998
4030,defined,500,201,0.40200000000000002
4031,defined,500,207,0.41399999999999998
4032,defined,500,211,0.42199999999999999
4033,defined,500,208,0.41599999999999998
4034,defined,500,210,0.41999999999999998
4035,defined,500,216,0.432
4036,defined,500,204,0.40799999999999997
4037,defined,500,201,0.40200000000000002
4038,defined,500,199,0.39800000000000002
4039,defined,500,206,0.41199999999999998
4040,defined,500,202,0.40400000000000003
4041,defined,500,205,0.40999999999999998
4042,defined,500,213,0.42599999999999999
4043,defined,500,211,0.42199999999999999
4044,defined,500,208,0.41599999999999998
4045,defined,500,209,0.41799999999999998
4046,defined,500,196,0.39200000000000002
4047,defined,500,211,0.42199999999999999
4048,defined,500,209,0.41799999999999998
4049,defined,500,199,0.39800000000000002
4050,defined,500,208,0.41599999999999998
4051,defined,500,221,0.442
4052,defined,500,198,0.39600000000000002
4053,defined,500,203,0.40600000000000003
4054,defined,500,212,0.42399999999999999
4055,defined,500,212,0.42399999999999999
4056,defined,500,204,0.40799999999999997
4057,defined,500,211,0.42199999999999999
4058,defined,500,210,0.41999999999999998
4059,defined,500,194,0.38800000000000001
4060,defined,500,214,0.42799999999999999
4061,defined,500,212,0.42399999999999999
4062,defined,500,207,0.41399999999999998
4063,defined,500,207,0.41399999999999998
4064,defined,500,206,0.41199999999999998
4065,defined,500,207,0.41399999999999998
4066,defined,500,197,0.39400000000000002
4067,defined,500,208,0.41599999999999998
4068,defined,500,220,0.44
4069,defined,500,208,0.41599999999999998
4070,defined,500,218,0.436
4071,defined,500,207,0.41399999999999998
4072,defined,500,217,0.434
4073,defined,500,207,0.41399999999999998
4074,defined,500,206,0.41199999999999998
4075,defined,500,206,0.41199999999999998
4076,defined,500,203,0.40600000000000003
4077,defined,500,204,0.40799999999999997
4078,defined,500,189,0.378
4079,defined,500,197,0.39400000000000002
4080,defined,500,205,0.40999999999999998
4081,defined,500,203,0.40600000000000003
4082,defined,500,209,0.41799999999999998
4083,defined,500,223,0.44600000000000001
4084,defined,500,213,0.42599999999999999
4085,defined,500,193,0.38600000000000001
4086,defined,500,205,0.40999999999999998
4087,defined,500,206,0.41199999999999998
4088,defined,500,197,0.39400000000000002
4089,defined,500,210,0.41999999999999998
4090,defined,500,205,0.40999999999999998
4091,defined,500,206,0.41199999999999998
4092,defined,500,205,0.40999999999999998
4093,defined,500,212,0.42399999999999999
4094,defined,500,203,0.40600000000000003
4095,defined,500,208,0.41599999999999998
4096,defined,500,205,0.40999999999999998
4097,defined,500,206,0.41199999999999998
4098,defined,500,205,0.40999999999999998
4099,defined,500,207,0.41399999999999998
4100,defined,500,204,0.40799999999999997
4101,defined,500,200,0.40000000000000002
4102,defined,500,207,0.41399999999999998
4103,defined,500,219,0.438
4104,defined,500,205,0.40999999999999998
4105,defined,500,208,0.41599999999999998
4106,defined,500,204,0.40799999999999997
4107,defined,500,188,0.376
4108,defined,500,200,0.40000000000000002
4109,defined,500,204,0.40799999999999997
4110,defined,500,196,0.39200000000000002
4111,defined,500,223,0.44600000000000001
4112,defined,500,218,0.436
4113,defined,500,211,0.42199999999999999
4114,defined,500,223,0.44600000000000001
4115,defined,500,205,0.40999999999999998
4116,defined,500,213,0.42599999999999999
4117,defined,500,208,0.41599999999999998
4118,defined,500,203,0.40600000000000003
4119,defined,500,209,0.41799999999999998
4120,defined,500,205,0.40999999999999998
4121,defined,500,203,0.40600000000000003
4122,defined,500,198,0.39600000000000002
4123,defined,500,200,0.40000000000000002
4124,defined,500,205,0.40999999999999998
4125,defined,500,198,0.39600000000000002
4126,defined,500,212,0.42399999999999999
4127,defined,500,209,0.41799999999999998
4128,defined,500,221,0.442
4129,defined,500,200,0.40000000000000002
4130,defined,500,186,0.372
4131,defined,500,205,0.40999999999999998
4132,defined,500,202,0.40400000000000003
4133,defined,500,209,0.41799999999999998
4134,defined,500,209,0.41799999999999998
4135,defined,500,205,0.40999999999999998
4136,defined,500,202,0.40400000000000003
4137,defined,500,201,0.40200000000000002
4138,defined,500,206,0.41199999999999998
4139,defined,500,210,0.41999999999999998
4140,defined,500,206,0.41199999999999998
4141,defined,500,208,0.41599999999999998
4142,defined,500,199,0.39800000000000002
4143,defined,500,203,0.40600000000000003
4144,defined,500,208,0.41599999999999998
4145,defined,500,208,0.41599999999999998
4146,defined,500,197,0.39400000000000002
4147,defined,500,211,0.42199999999999999
4148,defined,500,201,0.40200000000000002
4149,defined,500,215,0.42999999999999999
4150,defined,500,215,0.42999999999999999
4151,defined,500,214,0.42799999999999999
4152,defined,500,208,0.41599999999999998
4153,defined,500,199,0.39800000000000002
4154,defined,500,206,0.41199999999999998
4155,defined,500,203,0.40600000000000003
4156,defined,500,203,0.40600000000000003
4157,defined,500,213,0.42599999999999999
4158,defined,500,210,0.41999999999999998
4159,defined,500,206,0.41199999999999998
4160,defined,500,206,0.41199999999999998
4161,defined,500,206,0.41199999999999998
4162,defined,500,211,0.42199999999999999
4163,defined,500,211,0.42199999999999999
4164,defined,500,205,0.40999999999999998
4165,defined,500,201,0.40200000000000002
4166,defined,500,217,0.434
4167,defined,500,204,0.40799999999999997
4168,defined,500,221,0.442
4169,defined,500,208,0.41599999999999998
4170,defined,500,199,0.39800000000000002
4171,defined,500,217,0.434
4172,defined,500,208,0.41599999999999998
4173,defined,500,208,0.41599999999999998
4174,defined,500,204,0.40799999999999997
4175,defined,500,200,0.40000000000000002
4176,defined,500,197,0.39400000000000002
4177,defined,500,207,0.41399999999999998
4178,defined,500,219,0.438
4179,defined,500,202,0.40400000000000003
4180,defined,500,199,0.39800000000000002
4181,defined,500,203,0.40600000000000003
4182,defined,500,205,0.40999999999999998
4183,defined,500,208,0.41599999999999998
4184,defined,500,216,0.432
4185,defined,500,216,0.432
4186,defined,500,211,0.42199999999999999
4187,defined,500,217,0.434
4188,defined,500,203,0.40600000000000003
4189,defined,500,205,0.40999999999999998
4190,defined,500,205,0.40999999999999998
4191,defined,500,204,0.40799999999999997
4192,defined,500,205,0.40999999999999998
4193,defined,500,210,0.41999999999999998
4194,defined,500,193,0.38600000000000001
4195,defined,500,211,0.42199999999999999
4196,defined,500,194,0.38800000000000001
4197,defined,500,219,0.438
4198,defined,500,215,0.42999999999999999
4199,defined,500,202,0.40400000000000003
4200,defined,500,206,0.41199999999999998
4201,defined,500,211,0.42199999999999999
4202,defined,500,203,0.40600000000000003
4203,defined,500,202,0.40400000000000003
4204,defined,500,196,0.39200000000000002
4205,defined,500,213,0.42599999999999999
4206,defined,500,182,0.36399999999999999
4207,defined,500,198,0.39600000000000002
4208,defined,500,212,0.42399999999999999
4209,defined,500,207,0.41399999999999998
4210,defined,500,198,0.39600000000000002
4211,defined,500,207,0.41399999999999998
4212,defined,500,205,0.40999999999999998
4213,defined,500,208,0.41599999999999998
4214,defined,500,198,0.39600000000000002
4215,defined,500,199,0.39800000000000002
4216,defined,500,214,0.42799999999999999
4217,defined,500,205,0.40999999999999998
4218,defined,500,203,0.40600000000000003
4219,defined,500,212,0.42399999999999999
4220,defined,500,202,0.40400000000000003
4221,defined,500,202,0.40400000000000003
4222,defined,500,216,0.432
4223,defined,500,203,0.40600000000000003
4224,defined,500,211,0.42199999999999999
4225,defined,500,201,0.40200000000000002
4226,defined,500,213,0.42599999999999999
4227,defined,500,196,0.39200000000000002
4228,defined,500,192,0.38400000000000001
4229,defined,500,204,0.40799999999999997
4230,defined,500,211,0.42199999999999999
4231,defined,500,204,0.40799999999999997
4232,defined,500,201,0.40200000000000002
4233,defined,500,213,0.42599999999999999
4234,defined,500,195,0.39000000000000001
4235,defined,500,206,0.41199999999999998
4236,defined,500,210,0.41999999999999998
4237,defined,500,211,0.42199999999999999
4238,defined,500,204,0.40799999999999997
4239,defined,500,205,0.40999999999999998
4240,defined,500,208,0.41599999999999998
4241,defined,500,208,0.41599999999999998
4242,defined,500,193,0.38600000000000001
4243,defined,500,208,0.41599999999999998
4244,defined,500,201,0.40200000000000002
4245,defined,500,206,0.41199999999999998
4246,defined,500,208,0.41599999999999998
4247,defined,500,205,0.40999999999999998
4248,defined,500,203,0.40600000000000003
4249,defined,500,192,0.38400000000000001
4250,defined,500,208,0.41599999999999998
4251,defined,500,216,0.432
4252,defined,500,190,0.38
4253,defined,500,204,0.40799999999999997
4254,defined,500,208,0.41599999999999998
4255,defined,500,206,0.41199999999999998
4256,defined,500,215,0.42999999999999999
4257,defined,500,208,0.41599999999999998
4258,defined,500,205,0.40999999999999998
4259,defined,500,202,0.40400000000000003
4260,defined,500,208,0.41599999999999998
4261,defined,500,191,0.38200000000000001
4262,defined,500,204,0.40799999999999997
4263,defined,500,205,0.40999999999999998
4264,defined,500,202,0.40400000000000003
4265,defined,500,207,0.41399999999999998
4266,defined,500,204,0.40799999999999997
4267,defined,500,196,0.39200000000000002
4268,defined,500,201,0.40200000000000002
4269,defined,500,206,0.41199999999999998
4270,defined,500,198,0.39600000000000002
4271,defined,500,210,0.41999999999999998
4272,defined,500,201,0.40200000000000002
4273,defined,500,206,0.41199999999999998
4274,defined,500,196,0.39200000000000002
4275,defined,500,200,0.40000000000000002
4276,defined,500,213,0.42599999999999999
4277,defined,500,198,0.39600000000000002
4278,defined,500,213,0.42599999999999999
4279,defined,500,210,0.41999999999999998
4280,defined,500,208,0.41599999999999998
4281,defined,500,203,0.40600000000000003
4282,defined,500,209,0.41799999999999998
4283,defined,500,205,0.40999999999999998
4284,defined,500,215,0.42999999999999999
4285,defined,500,206,0.41199999999999998
4286,defined,500,213,0.42599999999999999
4287,defined,500,207,0.41399999999999998
4288,defined,500,206,0.41199999999999998
4289,defined,500,200,0.40000000000000002
4290,defined,500,210,0.41999999999999998
4291,defined,500,192,0.38400000000000001
4292,defined,500,193,0.38600000000000001
4293,defined,500,216,0.432
4294,defined,500,215,0.42999999999999999
4295,defined,500,210,0.41999999999999998
4296,defined,500,210,0.41999999999999998
4297,defined,500,207,0.41399999999999998
4298,defined,500,198,0.39600000000000002
4299,defined,500,221,0.442
4300,defined,500,206,0.41199999999999998
4301,defined,500,213,0.42599999999999999
4302,defined,500,205,0.40999999999999998
4303,defined,500,207,0.41399999999999998
4304,defined,500,208,0.41599999999999998
4305,defined,500,206,0.41199999999999998
4306,defined,500,210,0.41999999999999998
4307,defined,500,212,0.42399999999999999
4308,defined,500,189,0.378
4309,defined,500,210,0.41999999999999998
4310,defined,500,192,0.38400000000000001
4311,defined,500,209,0.41799999999999998
4312,defined,500,211,0.42199999999999999
4313,defined,500,200,0.40000000000000002
4314,defined,500,200,0.40000000000000002
4315,defined,500,207,0.41399999999999998
4316,defined,500,207,0.41399999999999998
4317,defined,500,202,0.40400000000000003
4318,defined,500,211,0.42199999999999999
4319,defined,500,200,0.40000000000000002
4320,defined,500,202,0.40400000000000003
4321,defined,500,205,0.40999999999999998
4322,defined,500,202,0.40400000000000003
4323,defined,500,220,0.44
4324,defined,500,211,0.42199999999999999
4325,defined,500,203,0.40600000000000003
4326,defined,500,198,0.39600000000000002
4327,defined,500,194,0.38800000000000001
4328,defined,500,207,0.41399999999999998
4329,defined,500,203,0.40600000000000003
4330,defined,500,206,0.41199999999999998
4331,defined,500,197,0.39400000000000002
4332,defined,500,200,0.40000000000000002
4333,defined,500,208,0.41599999999999998
4334,defined,500,214,0.42799999999999999
4335,defined,500,224,0.44800000000000001
4336,defined,500,210,0.41999999999999998
4337,defined,500,211,0.42199999999999999
4338,defined,500,200,0.40000000000000002
4339,defined,500,217,0.434
4340,defined,500,197,0.39400000000000002
4341,defined,500,203,0.40600000000000003
4342,defined,500,210,0.41999999999999998
4343,defined,500,208,0.41599999999999998
4344,defined,500,199,0.39800000000000002
4345,defined,500,195,0.39000000000000001
4346,defined,500,213,0.42599999999999999
4347,defined,500,217,0.434
4348,defined,500,208,0.41599999999999998
4349,defined,500,212,0.42399999999999999
4350,defined,500,207,0.41399999999999998
4351,defined,500,210,0.41999999999999998
4352,defined,500,204,0.40799999999999997
4353,defined,500,197,0.39400000000000002
4354,defined,500,205,0.40999999999999998
4355,defined,500,199,0.39800000000000002
4356,defined,500,215,0.42999999999999999
4357,defined,500,204,0.40799999999999997
4358,defined,500,209,0.41799999999999998
4359,defined,500,199,0.39800000000000002
4360,defined,500,213,0.42599999999999999
4361,defined,500,218,0.436
4362,defined,500,207,0.41399999999999998
4363,defined,500,211,0.42199999999999999
4364,defined,500,211,0.42199999999999999
4365,defined,500,206,0.41199999999999998
4366,defined,500,210,0.41999999999999998
4367,defined,500,205,0.40999999999999998
4368,defined,500,204,0.40799999999999997
4369,defined,500,204,0.40799999999999997
4370,defined,500,214,0.42799999999999999
4371,defined,500,196,0.39200000000000002
4372,defined,500,211,0.42199999999999999
4373,defined,500,217,0.434
4374,defined,500,208,0.41599999999999998
4375,defined,500,207,0.41399999999999998
4376,defined,500,207,0.41399999999999998
4377,defined,500,208,0.41599999999999998
4378,defined,500,213,0.42599999999999999
4379,defined,500,206,0.41199999999999998
4380,defined,500,211,0.42199999999999999
4381,defined,500,208,0.41599999999999998
4382,defined,500,206,0.41199999999999998
4383,defined,500,209,0.41799999999999998
4384,defined,500,215,0.42999999999999999
4385,defined,500,211,0.42199999999999999
4386,defined,500,207,0.41399999999999998
4387,defined,500,204,0.40799999999999997
4388,defined,500,209,0.41799999999999998
4389,defined,500,209,0.41799999999999998
4390,defined,500,207,0.41399999999999998
4391,defined,500,203,0.40600000000000003
4392,defined,500,211,0.42199999999999999
4393,defined,500,208,0.41599999999999998
4394,defined,500,214,0.42799999999999999
4395,defined,500,215,0.42999999999999999
4396,defined,500,211,0.42199999999999999
4397,defined,500,201,0.40200000000000002
4398,defined,500,202,0.40400000000000003
4399,defined,500,208,0.41599999999999998
4400,defined,500,213,0.42599999999999999
4401,defined,500,192,0.38400000000000001
4402,defined,500,201,0.40200000000000002
4403,defined,500,206,0.41199999999999998
4404,defined,500,209,0.41799999999999998
4405,defined,500,220,0.44
4406,defined,500,192,0.38400000000000001
4407,defined,500,204,0.40799999999999997
4408,defined,500,189,0.378
4409,defined,500,200,0.40000000000000002
4410,defined,500,207,0.41399999999999998
4411,defined,500,203,0.40600000000000003
4412,defined,500,214,0.42799999999999999
4413,defined,500,209,0.41799999999999998
4414,defined,500,203,0.40600000000000003
4415,defined,500,197,0.39400000000000002
4416,defined,500,214,0.42799999999999999
4417,defined,500,225,0.45000000000000001
4418,defined,500,205,0.40999999999999998
4419,defined,500,192,0.38400000000000001
4420,defined,500,201,0.40200000000000002
4421,defined,500,213,0.42599999999999999
4422,defined,500,207,0.41399999999999998
4423,defined,500,209,0.41799999999999998
4424,defined,500,194,0.38800000000000001
4425,defined,500,219,0.438
4426,defined,500,194,0.38800000000000001
4427,defined,500,211,0.42199999999999999
4428,defined,500,212,0.42399999999999999
4429,defined,500,202,0.40400000000000003
4430,defined,500,209,0.41799999999999998
4431,defined,500,203,0.40600000000000003
4432,defined,500,192,0.38400000000000001
4433,defined,500,212,0.42399999999999999
4434,defined,500,207,0.41399999999999998
4435,defined,500,205,0.40999999999999998
4436,defined,500,205,0.40999999999999998
4437,defined,500,214,0.42799999999999999
4438,defined,500,212,0.42399999999999999
4439,defined,500,197,0.39400000000000002
4440,defined,500,206,0.41199999999999998
4441,defined,500,201,0.40200000000000002
4442,defined,500,201,0.40200000000000002
4443,defined,500,192,0.38400000000000001
4444,defined,500,193,0.38600000000000001
4445,defined,500,217,0.434
4446,defined,500,210,0.41999999999999998
4447,defined,500,210,0.41999999999999998
4448,defined,500,206,0.41199999999999998
4449,defined,500,209,0.41799999999999998
4450,defined,500,207,0.41399999999999998
4451,defined,500,211,0.42199999999999999
4452,defined,500,216,0.432
4453,defined,500,205,0.40999999999999998
4454,defined,500,211,0.42199999999999999
4455,defined,500,206,0.41199999999999998
4456,defined,500,205,0.40999999999999998
4457,defined,500,220,0.44
4458,defined,500,206,0.41199999999999998
4459,defined,500,196,0.39200000000000002
4460,defined,500,208,0.41599999999999998
4461,defined,500,209,0.41799999999999998
4462,defined,500,203,0.40600000000000003
4463,defined,500,192,0.38400000000000001
4464,defined,500,202,0.40400000000000003
4465,defined,500,206,0.41199999999999998
4466,defined,500,206,0.41199999999999998
4467,defined,500,201,0.40200000000000002
4468,defined,500,213,0.42599999999999999
4469,defined,500,200,0.40000000000000002
4470,defined,500,204,0.40799999999999997
4471,defined,500,207,0.41399999999999998
4472,defined,500,197,0.39400000000000002
4473,defined,500,203,0.40600000000000003
4474,defined,500,207,0.41399999999999998
4475,defined,500,225,0.45000000000000001
4476,defined,500,212,0.42399999999999999
4477,defined,500,207,0.41399999999999998
4478,defined,500,208,0.41599999999999998
4479,defined,500,216,0.432
4480,defined,500,207,0.41399999999999998
4481,defined,500,214,0.42799999999999999
4482,defined,500,212,0.42399999999999999
4483,defined,500,205,0.40999999999999998
4484,defined,500,210,0.41999999999999998
4485,defined,500,202,0.40400000000000003
4486,defined,500,206,0.41199999999999998
4487,defined,500,207,0.41399999999999998
4488,defined,500,206,0.41199999999999998
4489,defined,500,195,0.39000000000000001
4490,defined,500,203,0.40600000000000003
4491,defined,500,214,0.42799999999999999
4492,defined,500,205,0.40999999999999998
4493,defined,500,207,0.41399999999999998
4494,defined,500,207,0.41399999999999998
4495,defined,500,208,0.41599999999999998
4496,defined,500,188,0.376
4497,defined,500,203,0.40600000000000003
4498,defined,500,216,0.432
4499,defined,500,205,0.40999999999999998
4500,defined,500,213,0.42599999999999999
4501,defined,500,207,0.41399999999999998
4502,defined,500,199,0.39800000000000002
4503,defined,500,208,0.41599999999999998
4504,defined,500,200,0.40000000000000002
4505,defined,500,197,0.39400000000000002
4506,defined,500,216,0.432
4507,defined,500,212,0.42399999999999999
4508,defined,500,201,0.40200000000000002
4509,defined,500,217,0.434
4510,defined,500,202,0.40400000000000003
4511,defined,500,197,0.39400000000000002
4512,defined,500,216,0.432
4513,defined,500,201,0.40200000000000002
4514,defined,500,203,0.40600000000000003
4515,defined,500,218,0.436
4516,defined,500,217,0.434
4517,defined,500,216,0.432
4518,defined,500,213,0.42599999999999999
4519,defined,500,195,0.39000000000000001
4520,defined,500,197,0.39400000000000002
4521,defined,500,212,0.42399999999999999
4522,defined,500,213,0.42599999999999999
4523,defined,500,195,0.39000000000000001
4524,defined,500,202,0.40400000000000003
4525,defined,500,202,0.40400000000000003
4526,defined,500,204,0.40799999999999997
4527,defined,500,200,0.40000000000000002
4528,defined,500,209,0.41799999999999998
4529,defined,500,214,0.42799999999999999
4530,defined,500,206,0.41199999999999998
4531,defined,500,203,0.40600000000000003
4532,defined,500,206,0.41199999999999998
4533,defined,500,204,0.40799999999999997
4534,defined,500,207,0.41399999999999998
4535,defined,500,209,0.41799999999999998
4536,defined,500,222,0.44400000000000001
4537,defined,500,213,0.42599999999999999
4538,defined,500,202,0.40400000000000003
4539,defined,500,205,0.40999999999999998
4540,defined,500,203,0.40600000000000003
4541,defined,500,200,0.40000000000000002
4542,defined,500,219,0.438
4543,defined,500,217,0.434
4544,defined,500,207,0.41399999999999998
4545,defined,500,200,0.40000000000000002
4546,defined,500,210,0.41999999999999998
4547,defined,500,212,0.42399999999999999
4548,defined,500,214,0.42799999999999999
4549,defined,500,204,0.40799999999999997
4550,defined,500,209,0.41799999999999998
4551,defined,500,204,0.40799999999999997
4552,defined,500,221,0.442
4553,defined,500,194,0.38800000000000001
4554,defined,500,201,0.40200000000000002
4555,defined,500,209,0.41799999999999998
4556,defined,500,196,0.39200000000000002
4557,defined,500,211,0.42199999999999999
4558,defined,500,216,0.432
4559,defined,500,200,0.40000000000000002
4560,defined,500,209,0.41799999999999998
4561,defined,500,201,0.40200000000000002
4562,defined,500,209,0.41799999999999998
4563,defined,500,202,0.40400000000000003
4564,defined,500,206,0.41199999999999998
4565,defined,500,209,0.41799999999999998
4566,defined,500,212,0.42399999999999999
4567,defined,500,203,0.40600000000000003
4568,defined,500,210,0.41999999999999998
4569,defined,500,214,0.42799999999999999
4570,defined,500,205,0.40999999999999998
4571,defined,500,205,0.40999999999999998
4572,defined,500,213,0.42599999999999999
4573,defined,500,210,0.41999999999999998
4574,defined,500,206,0.41199999999999998
4575,defined,500,214,0.42799999999999999
4576,defined,500,213,0.42599999999999999
4577,defined,500,213,0.42599999999999999
4578,defined,500,198,0.39600000000000002
4579,defined,500,211,0.42199999999999999
4580,defined,500,207,0.41399999999999998
4581,defined,500,197,0.39400000000000002
4582,defined,500,214,0.42799999999999999
4583,defined,500,203,0.40600000000000003
4584,defined,500,197,0.39400000000000002
4585,defined,500,199,0.39800000000000002
4586,defined,500,210,0.41999999999999998
4587,defined,500,222,0.44400000000000001
4588,defined,500,207,0.41399999999999998
4589,defined,500,205,0.40999999999999998
4590,defined,500,196,0.39200000000000002
4591,defined,500,208,0.41599999999999998
4592,defined,500,213,0.42599999999999999
4593,defined,500,200,0.40000000000000002
4594,defined,500,205,0.40999999999999998
4595,defined,500,200,0.40000000000000002
4596,defined,500,215,0.42999999999999999
4597,defined,500,202,0.40400000000000003
4598,defined,500,203,0.40600000000000003
4599,defined,500,203,0.40600000000000003
4600,defined,500,213,0.42599999999999999
4601,defined,500,213,0.42599999999999999
4602,defined,500,200,0.40000000000000002
4603,defined,500,202,0.40400000000000003
4604,defined,500,204,0.40799999999999997
4605,defined,500,200,0.40000000000000002
4606,defined,500,211,0.42199999999999999
4607,defined,500,206,0.41199999999999998
4608,defined,500,208,0.41599999999999998
4609,defined,500,201,0.40200000000000002
4610,defined,500,187,0.374
4611,defined,500,203,0.40600000000000003
4612,defined,500,198,0.39600000000000002
4613,defined,500,203,0.40600000000000003
4614,defined,500,209,0.41799999999999998
4615,defined,500,202,0.40400000000000003
4616,defined,500,209,0.41799999999999998
4617,defined,500,208,0.41599999999999998
4618,defined,500,216,0.432
4619,defined,500,206,0.41199999999999998
4620,defined,500,194,0.38800000000000001
4621,defined,500,199,0.39800000000000002
4622,defined,500,205,0.40999999999999998
4623,defined,500,206,0.41199999999999998
4624,defined,500,204,0.40799999999999997
4625,defined,500,196,0.39200000000000002
4626,defined,500,200,0.40000000000000002
4627,defined,500,218,0.436
4628,defined,500,210,0.41999999999999998
4629,defined,500,203,0.40600000000000003
4630,defined,500,208,0.41599999999999998
4631,defined,500,205,0.40999999999999998
4632,defined,500,195,0.39000000000000001
4633,defined,500,210,0.41999999999999998
4634,defined,500,204,0.40799999999999997
4635,defined,500,202,0.40400000000000003
4636,defined,500,209,0.41799999999999998
4637,defined,500,198,0.39600000000000002
4638,defined,500,206,0.41199999999999998
4639,defined,500,209,0.41799999999999998
4640,defined,500,216,0.432
4641,defined,500,201,0.40200000000000002
4642,defined,500,218,0.436
4643,defined,500,208,0.41599999999999998
4644,defined,500,213,0.42599999999999999
4645,defined,500,212,0.42399999999999999
4646,defined,500,204,0.40799999999999997
4647,defined,500,207,0.41399999999999998
4648,defined,500,195,0.39000000000000001
4649,defined,500,209,0.41799999999999998
4650,defined,500,191,0.38200000000000001
4651,defined,500,206,0.41199999999999998
4652,defined,500,211,0.42199999999999999
4653,defined,500,207,0.41399999999999998
4654,defined,500,205,0.40999999999999998
4655,defined,500,206,0.41199999999999998
4656,defined,500,210,0.41999999999999998
4657,defined,500,215,0.42999999999999999
4658,defined,500,203,0.40600000000000003
4659,defined,500,212,0.42399999999999999
4660,defined,500,228,0.45600000000000002
4661,defined,500,212,0.42399999999999999
4662,defined,500,218,0.436
4663,defined,500,198,0.39600000000000002
4664,defined,500,205,0.40999999999999998
4665,defined,500,210,0.41999999999999998
4666,defined,500,200,0.40000000000000002
4667,defined,500,209,0.41799999999999998
4668,defined,500,214,0.42799999999999999
4669,defined,500,202,0.40400000000000003
4670,defined,500,205,0.40999999999999998
4671,defined,500,219,0.438
4672,defined,500,198,0.39600000000000002
4673,defined,500,221,0.442
4674,defined,500,204,0.40799999999999997
4675,defined,500,205,0.40999999999999998
4676,defined,500,208,0.41599999999999998
4677,defined,500,200,0.40000000000000002
4678,defined,500,193,0.38600000000000001
4679,defined,500,205,0.40999999999999998
4680,defined,500,205,0.40999999999999998
4681,defined,500,206,0.41199999999999998
4682,defined,500,217,0.434
4683,defined,500,213,0.42599999999999999
4684,defined,500,202,0.40400000000000003
4685,defined,500,206,0.41199999999999998
4686,defined,500,198,0.39600000000000002
4687,defined,500,223,0.44600000000000001
4688,defined,500,210,0.41999999999999998
4689,defined,500,212,0.42399999999999999
4690,defined,500,204,0.40799999999999997
4691,defined,500,201,0.40200000000000002
4692,defined,500,202,0.40400000000000003
4693,defined,500,198,0.39600000000000002
4694,defined,500,206,0.41199999999999998
4695,defined,500,198,0.39600000000000002
4696,defined,500,202,0.40400000000000003
4697,defined,500,215,0.42999999999999999
4698,defined,500,194,0.38800000000000001
4699,defined,500,207,0.41399999999999998
4700,defined,500,205,0.40999999999999998
4701,defined,500,206,0.41199999999999998
4702,defined,500,205,0.40999999999999998
4703,defined,500,210,0.41999999999999998
4704,defined,500,202,0.40400000000000003
4705,defined,500,202,0.40400000000000003
4706,defined,500,213,0.42599999999999999
4707,defined,500,208,0.41599999999999998
4708,defined,500,204,0.40799999999999997
4709,defined,500,210,0.41999999999999998
4710,defined,500,207,0.41399999999999998
4711,defined,500,217,0.434
4712,defined,500,206,0.41199999999999998
4713,defined,500,209,0.41799999999999998
4714,defined,500,205,0.40999999999999998
4715,defined,500,196,0.39200000000000002
4716,defined,500,214,0.42799999999999999
4717,defined,500,199,0.39800000000000002
4718,defined,500,212,0.42399999999999999
4719,defined,500,207,0.41399999999999998
4720,defined,500,204,0.40799999999999997
4721,defined,500,210,0.41999999999999998
4722,defined,500,206,0.41199999999999998
4723,defined,500,215,0.42999999999999999
4724,defined,500,216,0.432
4725,defined,500,202,0.40400000000000003
4726,defined,500,226,0.45200000000000001
4727,defined,500,204,0.40799999999999997
4728,defined,500,202,0.40400000000000003
4729,defined,500,207,0.41399999999999998
4730,defined,500,207,0.41399999999999998
4731,defined,500,206,0.41199999999999998
4732,defined,500,211,0.42199999999999999
4733,defined,500,207,0.41399999999999998
4734,defined,500,217,0.434
4735,defined,500,212,0.42399999999999999
4736,defined,500,209,0.41799999999999998
4737,defined,500,200,0.40000000000000002
4738,defined,500,202,0.40400000000000003
4739,defined,500,218,0.436
4740,defined,500,197,0.39400000000000002
4741,defined,500,214,0.42799999999999999
4742,defined,500,194,0.38800000000000001
4743,defined,500,201,0.40200000000000002
4744,defined,500,212,0.42399999999999999
4745,defined,500,206,0.41199999999999998
4746,defined,500,214,0.42799999999999999
4747,defined,500,217,0.434
4748,defined,500,213,0.42599999999999999
4749,defined,500,209,0.41799999999999998
4750,defined,500,205,0.40999999999999998
4751,defined,500,199,0.39800000000000002
4752,defined,500,212,0.42399999999999999
4753,defined,500,200,0.40000000000000002
4754,defined,500,207,0.41399999999999998
4755,defined,500,199,0.39800000000000002
4756,defined,500,209,0.41799999999999998
4757,defined,500,198,0.39600000000000002
4758,defined,500,211,0.42199999999999999
4759,defined,500,195,0.39000000000000001
4760,defined,500,219,0.438
4761,defined,500,205,0.40999999999999998
4762,defined,500,215,0.42999999999999999
4763,defined,500,210,0.41999999999999998
4764,defined,500,220,0.44
4765,defined,500,216,0.432
4766,defined,500,211,0.42199999999999999
4767,defined,500,217,0.434
4768,defined,500,205,0.40999999999999998
4769,defined,500,197,0.39400000000000002
4770,defined,500,201,0.40200000000000002
4771,defined,500,213,0.42599999999999999
4772,defined,500,204,0.40799999999999997
4773,defined,500,202,0.40400000000000003
4774,defined,500,209,0.41799999999999998
4775,defined,500,208,0.41599999999999998
4776,defined,500,204,0.40799999999999997
4777,defined,500,202,0.40400000000000003
4778,defined,500,207,0.41399999999999998
4779,defined,500,210,0.41999999999999998
4780,defined,500,207,0.41399999999999998
4781,defined,500,207,0.41399999999999998
4782,defined,500,190,0.38
4783,defined,500,208,0.41599999999999998
4784,defined,500,204,0.40799999999999997
4785,defined,500,211,0.42199999999999999
4786,defined,500,207,0.41399999999999998
4787,defined,500,207,0.41399999999999998
4788,defined,500,210,0.41999999999999998
4789,defined,500,200,0.40000000000000002
4790,defined,500,212,0.42399999999999999
4791,defined,500,209,0.41799999999999998
4792,defined,500,196,0.39200000000000002
4793,defined,500,202,0.40400000000000003
4794,defined,500,196,0.39200000000000002
4795,defined,500,198,0.39600000000000002
4796,defined,500,197,0.39400000000000002
4797,defined,500,205,0.40999999999999998
4798,defined,500,209,0.41799999999999998
4799,defined,500,207,0.41399999999999998
4800,defined,500,212,0.42399999999999999
4801,defined,500,212,0.42399999999999999
4802,defined,500,212,0.42399999999999999
4803,defined,500,209,0.41799999999999998
4804,defined,500,209,0.41799999999999998
4805,defined,500,207,0.41399999999999998
4806,defined,500,202,0.40400000000000003
4807,defined,500,200,0.40000000000000002
4808,defined,500,207,0.41399999999999998
4809,defined,500,206,0.41199999999999998
4810,defined,500,211,0.42199999999999999
4811,defined,500,202,0.40400000000000003
4812,defined,500,206,0.41199999999999998
4813,defined,500,213,0.42599999999999999
4814,defined,500,200,0.40000000000000002
4815,defined,500,211,0.42199999999999999
4816,defined,500,202,0.40400000000000003
4817,defined,500,211,0.42199999999999999
4818,defined,500,208,0.41599999999999998
4819,defined,500,211,0.42199999999999999
4820,defined,500,208,0.41599999999999998
4821,defined,500,209,0.41799999999999998
4822,defined,500,216,0.432
4823,defined,500,213,0.42599999999999999
4824,defined,500,195,0.39000000000000001
4825,defined,500,209,0.41799999999999998
4826,defined,500,203,0.40600000000000003
4827,defined,500,202,0.40400000000000003
4828,defined,500,208,0.41599999999999998
4829,defined,500,199,0.39800000000000002
4830,defined,500,217,0.434
4831,defined,500,207,0.41399999999999998
4832,defined,500,194,0.38800000000000001
4833,defined,500,219,0.438
4834,defined,500,216,0.432
4835,defined,500,200,0.40000000000000002
4836,defined,500,199,0.39800000000000002
4837,defined,500,195,0.39000000000000001
4838,defined,500,195,0.39000000000000001
4839,defined,500,208,0.41599999999999998
4840,defined,500,200,0.40000000000000002
4841,defined,500,209,0.41799999999999998
4842,defined,500,201,0.40200000000000002
4843,defined,500,198,0.39600000000000002
4844,defined,500,201,0.40200000000000002
4845,defined,500,203,0.40600000000000003
4846,defined,500,202,0.40400000000000003
4847,defined,500,211,0.42199999999999999
4848,defined,500,207,0.41399999999999998
4849,defined,500,209,0.41799999999999998
4850,defined,500,206,0.41199999999999998
4851,defined,500,205,0.40999999999999998
4852,defined,500,206,0.41199999999999998
4853,defined,500,192,0.38400000000000001
4854,defined,500,221,0.442
4855,defined,500,203,0.40600000000000003
4856,defined,500,201,0.40200000000000002
4857,defined,500,201,0.40200000000000002
4858,defined,500,216,0.432
4859,defined,500,200,0.40000000000000002
4860,defined,500,220,0.44
4861,defined,500,203,0.40600000000000003
4862,defined,500,202,0.40400000000000003
4863,defined,500,198,0.39600000000000002
4864,defined,500,215,0.42999999999999999
4865,defined,500,205,0.40999999999999998
4866,defined,500,198,0.39600000000000002
4867,defined,500,198,0.39600000000000002
4868,defined,500,206,0.41199999999999998
4869,defined,500,219,0.438
4870,defined,500,193,0.38600000000000001
4871,defined,500,214,0.42799999999999999
4872,defined,500,207,0.41399999999999998
4873,defined,500,202,0.40400000000000003
4874,defined,500,216,0.432
4875,defined,500,207,0.41399999999999998
4876,defined,500,213,0.42599999999999999
4877,defined,500,210,0.41999999999999998
4878,defined,500,211,0.42199999999999999
4879,defined,500,200,0.40000000000000002
4880,defined,500,188,0.376
4881,defined,500,210,0.41999999999999998
4882,defined,500,206,0.41199999999999998
4883,defined,500,210,0.41999999999999998
4884,defined,500,218,0.436
4885,defined,500,197,0.39400000000000002
4886,defined,500,198,0.39600000000000002
4887,defined,500,206,0.41199999999999998
4888,defined,500,206,0.41199999999999998
4889,defined,500,208,0.41599999999999998
4890,defined,500,207,0.41399999999999998
4891,defined,500,196,0.39200000000000002
4892,defined,500,189,0.378
4893,defined,500,208,0.41599999999999998
4894,defined,500,205,0.40999999999999998
4895,defined,500,215,0.42999999999999999
4896,defined,500,202,0.40400000000000003
4897,defined,500,204,0.40799999999999997
4898,defined,500,197,0.39400000000000002
4899,defined,500,213,0.42599999999999999
4900,defined,500,195,0.39000000000000001
4901,defined,500,211,0.42199999999999999
4902,defined,500,214,0.42799999999999999
4903,defined,500,214,0.42799999999999999
4904,defined,500,203,0.40600000000000003
4905,defined,500,214,0.42799999999999999
4906,defined,500,201,0.40200000000000002
4907,defined,500,218,0.436
4908,defined,500,201,0.40200000000000002
4909,defined,500,212,0.42399999999999999
4910,defined,500,195,0.39000000000000001
4911,defined,500,213,0.42599999999999999
4912,defined,500,206,0.41199999999999998
4913,defined,500,215,0.42999999999999999
4914,defined,500,215,0.42999999999999999
4915,defined,500,196,0.39200000000000002
4916,defined,500,204,0.40799999999999997
4917,defined,500,207,0.41399999999999998
4918,defined,500,206,0.41199999999999998
4919,defined,500,204,0.40799999999999997
4920,defined,500,217,0.434
4921,defined,500,203,0.40600000000000003
4922,defined,500,215,0.42999999999999999
4923,defined,500,203,0.40600000000000003
4924,defined,500,209,0.41799999999999998
4925,defined,500,214,0.42799999999999999
4926,defined,500,217,0.434
4927,defined,500,202,0.40400000000000003
4928,defined,500,213,0.42599999999999999
4929,defined,500,208,0.41599999999999998
4930,defined,500,194,0.38800000000000001
4931,defined,500,205,0.40999999999999998
4932,defined,500,193,0.38600000000000001
4933,defined,500,202,0.40400000000000003
4934,defined,500,198,0.39600000000000002
4935,defined,500,205,0.40999999999999998
4936,defined,500,210,0.41999999999999998
4937,defined,500,211,0.42199999999999999
4938,defined,500,210,0.41999999999999998
4939,defined,500,206,0.41199999999999998
4940,defined,500,207,0.41399999999999998
4941,defined,500,201,0.40200000000000002
4942,defined,500,216,0.432
4943,defined,500,216,0.432
4944,defined,500,199,0.39800000000000002
4945,defined,500,199,0.39800000000000002
4946,defined,500,210,0.41999999999999998
4947,defined,500,209,0.41799999999999998
4948,defined,500,214,0.42799999999999999
4949,defined,500,197,0.39400000000000002
4950,defined,500,205,0.40999999999999998
4951,defined,500,198,0.39600000000000002
4952,defined,500,207,0.41399999999999998
4953,defined,500,210,0.41999999999999998
4954,defined,500,209,0.41799999999999998
4955,defined,500,206,0.41199999999999998
4956,defined,500,210,0.41999999999999998
4957,defined,500,206,0.41199999999999998
4958,defined,500,210,0.41999999999999998
4959,defined,500,209,0.41799999999999998
4960,defined,500,212,0.42399999999999999
4961,defined,500,210,0.41999999999999998
4962,defined,500,209,0.41799999999999998
4963,defined,500,200,0.40000000000000002
4964,defined,500,212,0.42399999999999999
4965,defined,500,217,0.434
4966,defined,500,208,0.41599999999999998
4967,defined,500,218,0.436
4968,defined,500,217,0.434
4969,defined,500,198,0.39600000000000002
4970,defined,500,203,0.40600000000000003
4971,defined,500,211,0.42199999999999999
4972,defined,500,213,0.42599999999999999
4973,defined,500,200,0.40000000000000002
4974,defined,500,203,0.40600000000000003
4975,defined,500,199,0.39800000000000002
4976,defined,500,201,0.40200000000000002
4977,defined,500,217,0.434
4978,defined,500,200,0.40000000000000002
4979,defined,500,201,0.40200000000000002
4980,defined,500,206,0.41199999999999998
4981,defined,500,212,0.42399999999999999
4982,defined,500,211,0.42199999999999999
4983,defined,500,206,0.41199999999999998
4984,defined,500,204,0.40799999999999997
4985,defined,500,209,0.41799999999999998
4986,defined,500,210,0.41999999999999998
4987,defined,500,203,0.40600000000000003
4988,defined,500,207,0.41399999999999998
4989,defined,500,203,0.40600000000000003
4990,defined,500,202,0.40400000000000003
4991,defined,500,205,0.40999999999999998
4992,defined,500,201,0.40200000000000002
4993,defined,500,213,0.42599999999999999
4994,defined,500,203,0.40600000000000003
4995,defined,500,210,0.41999999999999998
4996,defined,500,210,0.41999999999999998
4997,defined,500,215,0.42999999999999999
4998,defined,500,216,0.432
4999,defined,500,203,0.40600000000000003
5000,defined,500,205,0.40999999999999998
5001,defined,500,211,0.42199999999999999
5002,defined,500,211,0.42199999999999999
5003,defined,500,195,0.39000000000000001
5004,defined,500,205,0.40999999999999998
5005,defined,500,209,0.41799999999999998
5006,defined,500,213,0.42599999999999999
5007,defined,500,197,0.39400000000000002
5008,defined,500,191,0.38200000000000001
5009,defined,500,201,0.40200000000000002
5010,defined,500,211,0.42199999999999999
5011,defined,500,218,0.436
5012,defined,500,215,0.42999999999999999
5013,defined,500,208,0.41599999999999998
5014,defined,500,216,0.432
5015,defined,500,208,0.41599999999999998
5016,defined,500,210,0.41999999999999998
5017,defined,500,205,0.40999999999999998
5018,defined,500,202,0.40400000000000003
5019,defined,500,211,0.42199999999999999
5020,defined,500,209,0.41799999999999998
5021,defined,500,213,0.42599999999999999
5022,defined,500,209,0.41799999999999998
5023,defined,500,203,0.40600000000000003
5024,defined,500,217,0.434
5025,defined,500,208,0.41599999999999998
5026,defined,500,204,0.40799999999999997
5027,defined,500,200,0.40000000000000002
5028,defined,500,208,0.41599999999999998
5029,defined,500,213,0.42599999999999999
5030,defined,500,196,0.39200000000000002
5031,defined,500,202,0.40400000000000003
5032,defined,500,213,0.42599999999999999
5033,defined,500,206,0.41199999999999998
5034,defined,500,221,0.442
5035,defined,500,212,0.42399999999999999
5036,defined,500,207,0.41399999999999998
5037,defined,500,203,0.40600000000000003
5038,defined,500,223,0.44600000000000001
5039,defined,500,200,0.40000000000000002
5040,defined,500,210,0.41999999999999998
5041,defined,500,198,0.39600000000000002
5042,defined,500,203,0.40600000000000003
5043,defined,500,206,0.41199999999999998
5044,defined,500,209,0.41799999999999998
5045,defined,500,208,0.41599999999999998
5046,defined,500,211,0.42199999999999999
5047,defined,500,203,0.40600000000000003
5048,defined,500,198,0.39600000000000002
5049,defined,500,209,0.41799999999999998
5050,defined,500,205,0.40999999999999998
5051,defined,500,201,0.40200000000000002
5052,defined,500,212,0.42399999999999999
5053,defined,500,200,0.40000000000000002
5054,defined,500,198,0.39600000000000002
5055,defined,500,189,0.378
5056,defined,500,207,0.41399999999999998
5057,defined,500,209,0.41799999999999998
5058,defined,500,205,0.40999999999999998
5059,defined,500,204,0.40799999999999997
5060,defined,500,199,0.39800000000000002
5061,defined,500,206,0.41199999999999998
5062,defined,500,201,0.40200000000000002
5063,defined,500,214,0.42799999999999999
5064,defined,500,202,0.40400000000000003
5065,defined,500,205,0.40999999999999998
5066,defined,500,214,0.42799999999999999
5067,defined,500,215,0.42999999999999999
5068,defined,500,201,0.40200000000000002
5069,defined,500,204,0.40799999999999997
5070,defined,500,197,0.39400000000000002
5071,defined,500,202,0.40400000000000003
5072,defined,500,204,0.40799999999999997
5073,defined,500,196,0.39200000000000002
5074,defined,500,208,0.41599999999999998
5075,defined,500,211,0.42199999999999999
5076,defined,500,203,0.40600000000000003
5077,defined,500,215,0.42999999999999999
5078,defined,500,215,0.42999999999999999
5079,defined,500,204,0.40799999999999997
5080,defined,500,213,0.42599999999999999
5081,defined,500,213,0.42599999999999999
5082,defined,500,210,0.41999999999999998
5083,defined,500,201,0.40200000000000002
5084,defined,500,196,0.39200000000000002
5085,defined,500,213,0.42599999999999999
5086,defined,500,206,0.41199999999999998
5087,defined,500,200,0.40000000000000002
5088,defined,500,201,0.40200000000000002
5089,defined,500,206,0.41199999999999998
5090,defined,500,204,0.40799999999999997
5091,defined,500,209,0.41799999999999998
5092,defined,500,209,0.41799999999999998
5093,defined,500,222,0.44400000000000001
5094,defined,500,198,0.39600000000000002
5095,defined,500,203,0.40600000000000003
5096,defined,500,207,0.41399999999999998
5097,defined,500,205,0.40999999999999998
5098,defined,500,202,0.40400000000000003
5099,defined,500,208,0.41599999999999998
5100,defined,500,210,0.41999999999999998
5101,defined,500,216,0.432
5102,defined,500,195,0.39000000000000001
5103,defined,500,213,0.42599999999999999
5104,defined,500,221,0.442
5105,defined,500,209,0.41799999999999998
5106,defined,500,200,0.40000000000000002
5107,defined,500,214,0.42799999999999999
5108,defined,500,218,0.436
5109,defined,500,217,0.434
5110,defined,500,199,0.39800000000000002
5111,defined,500,213,0.42599999999999999
5112,defined,500,208,0.41599999999999998
5113,defined,500,202,0.40400000000000003
5114,defined,500,204,0.40799999999999997
5115,defined,500,202,0.40400000000000003
5116,defined,500,202,0.40400000000000003
5117,defined,500,206,0.41199999999999998
5118,defined,500,212,0.42399999999999999
5119,defined,500,210,0.41999999999999998
5120,defined,500,215,0.42999999999999999
5121,defined,500,206,0.41199999999999998
5122,defined,500,211,0.42199999999999999
5123,defined,500,211,0.42199999999999999
5124,defined,500,201,0.40200000000000002
5125,defined,500,194,0.38800000000000001
5126,defined,500,210,0.41999999999999998
5127,defined,500,204,0.40799999999999997
5128,defined,500,200,0.40000000000000002
5129,defined,500,207,0.41399999999999998
5130,defined,500,216,0.432
5131,defined,500,206,0.41199999999999998
5132,defined,500,195,0.39000000000000001
5133,defined,500,211,0.42199999999999999
5134,defined,500,222,0.44400000000000001
5135,defined,500,194,0.38800000000000001
5136,defined,500,203,0.40600000000000003
5137,defined,500,204,0.40799999999999997
5138,defined,500,206,0.41199999999999998
5139,defined,500,200,0.40000000000000002
5140,defined,500,206,0.41199999999999998
5141,defined,500,207,0.41399999999999998
5142,defined,500,210,0.41999999999999998
5143,defined,500,204,0.40799999999999997
5144,defined,500,208,0.41599999999999998
5145,defined,500,203,0.40600000000000003
5146,defined,500,213,0.42599999999999999
5147,defined,500,213,0.42599999999999999
5148,defined,500,213,0.42599999999999999
5149,defined,500,208,0.41599999999999998
5150,defined,500,212,0.42399999999999999
5151,defined,500,206,0.41199999999999998
5152,defined,500,212,0.42399999999999999
5153,defined,500,204,0.40799999999999997
5154,defined,500,209,0.41799999999999998
5155,defined,500,208,0.41599999999999998
5156,defined,500,199,0.39800000000000002
5157,defined,500,194,0.38800000000000001
5158,defined,500,204,0.40799999999999997
5159,defined,500,212,0.42399999999999999
5160,defined,500,212,0.42399999999999999
5161,defined,500,214,0.42799999999999999
5162,defined,500,215,0.42999999999999999
5163,defined,500,215,0.42999999999999999
5164,defined,500,215,0.42999999999999999
5165,defined,500,208,0.41599999999999998
5166,defined,500,204,0.40799999999999997
5167,defined,500,204,0.40799999999999997
5168,defined,500,198,0.39600000000000002
5169,defined,500,198,0.39600000000000002
5170,defined,500,202,0.40400000000000003
5171,defined,500,218,0.436
5172,defined,500,207,0.41399999999999998
5173,defined,500,201,0.40200000000000002
5174,defined,500,185,0.37
5175,defined,500,206,0.41199999999999998
5176,defined,500,210,0.41999999999999998
5177,defined,500,206,0.41199999999999998
5178,defined,500,206,0.41199999999999998
5179,defined,500,204,0.40799999999999997
5180,defined,500,221,0.442
5181,defined,500,210,0.41999999999999998
5182,defined,500,215,0.42999999999999999
5183,defined,500,216,0.432
5184,defined,500,203,0.40600000000000003
5185,defined,500,204,0.40799999999999997
5186,defined,500,196,0.39200000000000002
5187,defined,500,206,0.41199999999999998
5188,defined,500,216,0.432
5189,defined,500,215,0.42999999999999999
5190,defined,500,205,0.40999999999999998
5191,defined,500,202,0.40400000000000003
5192,defined,500,214,0.42799999999999999
5193,defined,500,209,0.41799999999999998
5194,defined,500,201,0.40200000000000002
5195,defined,500,214,0.42799999999999999
5196,defined,500,205,0.40999999999999998
5197,defined,500,213,0.42599999999999999
5198,defined,500,208,0.41599999999999998
5199,defined,500,216,0.432
5200,defined,500,201,0.40200000000000002
5201,defined,500,213,0.42599999999999999
5202,defined,500,211,0.42199999999999999
5203,defined,500,213,0.42599999999999999
5204,defined,500,209,0.41799999999999998
5205,defined,500,216,0.432
5206,defined,500,202,0.40400000000000003
5207,defined,500,206,0.41199999999999998
5208,defined,500,210,0.41999999999999998
5209,defined,500,199,0.39800000000000002
5210,defined,500,216,0.432
5211,defined,500,207,0.41399999999999998
5212,defined,500,196,0.39200000000000002
5213,defined,500,200,0.40000000000000002
5214,defined,500,208,0.41599999999999998
5215,defined,500,222,0.44400000000000001
5216,defined,500,199,0.39800000000000002
5217,defined,500,206,0.41199999999999998
5218,defined,500,218,0.436
5219,defined,500,202,0.40400000000000003
5220,defined,500,219,0.438
5221,defined,500,212,0.42399999999999999
5222,defined,500,207,0.41399999999999998
5223,defined,500,215,0.42999999999999999
5224,defined,500,205,0.40999999999999998
5225,defined,500,209,0.41799999999999998
5226,defined,500,201,0.40200000000000002
5227,defined,500,207,0.41399999999999998
5228,defined,500,204,0.40799999999999997
5229,defined,500,205,0.40999999999999998
5230,defined,500,212,0.42399999999999999
5231,defined,500,211,0.42199999999999999
5232,defined,500,201,0.40200000000000002
5233,defined,500,202,0.40400000000000003
5234,defined,500,208,0.41599999999999998
5235,defined,500,214,0.42799999999999999
5236,defined,500,202,0.40400000000000003
5237,defined,500,208,0.41599999999999998
5238,defined,500,198,0.39600000000000002
5239,defined,500,203,0.40600000000000003
5240,defined,500,204,0.40799999999999997
5241,defined,500,209,0.41799999999999998
5242,defined,500,212,0.42399999999999999
5243,defined,500,212,0.42399999999999999
5244,defined,500,197,0.39400000000000002
5245,defined,500,203,0.40600000000000003
5246,defined,500,210,0.41999999999999998
5247,defined,500,197,0.39400000000000002
5248,defined,500,202,0.40400000000000003
5249,defined,500,207,0.41399999999999998
5250,defined,500,206,0.41199999999999998
5251,defined,500,206,0.41199999999999998
5252,defined,500,210,0.41999999999999998
5253,defined,500,199,0.39800000000000002
5254,defined,500,209,0.41799999999999998
5255,defined,500,207,0.41399999999999998
5256,defined,500,213,0.42599999999999999
5257,defined,500,207,0.41399999999999998
5258,defined,500,199,0.39800000000000002
5259,defined,500,210,0.41999999999999998
5260,defined,500,211,0.42199999999999999
5261,defined,500,203,0.40600000000000003
5262,defined,500,198,0.39600000000000002
5263,defined,500,206,0.41199999999999998
5264,defined,500,214,0.42799999999999999
5265,defined,500,215,0.42999999999999999
5266,defined,500,194,0.38800000000000001
5267,defined,500,210,0.41999999999999998
5268,defined,500,193,0.38600000000000001
5269,defined,500,201,0.40200000000000002
5270,defined,500,209,0.41799999999999998
5271,defined,500,218,0.436
5272,defined,500,207,0.41399999999999998
5273,defined,500,208,0.41599999999999998
5274,defined,500,209,0.41799999999999998
5275,defined,500,207,0.41399999999999998
5276,defined,500,212,0.42399999999999999
5277,defined,500,214,0.42799999999999999
5278,defined,500,195,0.39000000000000001
5279,defined,500,196,0.39200000000000002
5280,defined,500,198,0.39600000000000002
5281,defined,500,210,0.41999999999999998
5282,defined,500,212,0.42399999999999999
5283,defined,500,208,0.41599999999999998
5284,defined,500,212,0.42399999999999999
5285,defined,500,204,0.40799999999999997
5286,defined,500,208,0.41599999999999998
5287,defined,500,204,0.40799999999999997
5288,defined,500,220,0.44
5289,defined,500,211,0.42199999999999999
5290,defined,500,210,0.41999999999999998
5291,defined,500,191,0.38200000000000001
5292,defined,500,209,0.41799999999999998
5293,defined,500,213,0.42599999999999999
5294,defined,500,205,0.40999999999999998
5295,defined,500,211,0.42199999999999999
5296,defined,500,205,0.40999999999999998
5297,defined,500,201,0.40200000000000002
5298,defined,500,203,0.40600000000000003
5299,defined,500,194,0.38800000000000001
5300,defined,500,205,0.40999999999999998
5301,defined,500,202,0.40400000000000003
5302,defined,500,215,0.42999999999999999
5303,defined,500,213,0.42599999999999999
5304,defined,500,213,0.42599999999999999
5305,defined,500,204,0.40799999999999997
5306,defined,500,201,0.40200000000000002
5307,defined,500,217,0.434
5308,defined,500,216,0.432
5309,defined,500,214,0.42799999999999999
5310,defined,500,205,0.40999999999999998
5311,defined,500,207,0.41399999999999998
5312,defined,500,215,0.42999999999999999
5313,defined,500,208,0.41599999999999998
5314,defined,500,211,0.42199999999999999
5315,defined,500,211,0.42199999999999999
5316,defined,500,208,0.41599999999999998
5317,defined,500,203,0.40600000000000003
5318,defined,500,209,0.41799999999999998
5319,defined,500,214,0.42799999999999999
5320,defined,500,202,0.40400000000000003
5321,defined,500,207,0.41399999999999998
5322,defined,500,209,0.41799999999999998
5323,defined,500,205,0.40999999999999998
5324,defined,500,202,0.40400000000000003
5325,defined,500,205,0.40999999999999998
5326,defined,500,211,0.42199999999999999
5327,defined,500,208,0.41599999999999998
5328,defined,500,217,0.434
5329,defined,500,199,0.39800000000000002
5330,defined,500,200,0.40000000000000002
5331,defined,500,207,0.41399999999999998
5332,defined,500,205,0.40999999999999998
5333,defined,500,224,0.44800000000000001
5334,defined,500,208,0.41599999999999998
5335,defined,500,210,0.41999999999999998
5336,defined,500,203,0.40600000000000003
5337,defined,500,202,0.40400000000000003
5338,defined,500,188,0.376
5339,defined,500,207,0.41399999999999998
5340,defined,500,212,0.42399999999999999
5341,defined,500,207,0.41399999999999998
5342,defined,500,204,0.40799999999999997
5343,defined,500,203,0.40600000000000003
5344,defined,500,204,0.40799999999999997
5345,defined,500,209,0.41799999999999998
5346,defined,500,203,0.40600000000000003
5347,defined,500,210,0.41999999999999998
5348,defined,500,203,0.40600000000000003
5349,defined,500,203,0.40600000000000003
5350,defined,500,199,0.39800000000000002
5351,defined,500,195,0.39000000000000001
5352,defined,500,201,0.40200000000000002
5353,defined,500,199,0.39800000000000002
5354,defined,500,202,0.40400000000000003
5355,defined,500,211,0.42199999999999999
5356,defined,500,214,0.42799999999999999
5357,defined,500,205,0.40999999999999998
5358,defined,500,213,0.42599999999999999
5359,defined,500,210,0.41999999999999998
5360,defined,500,208,0.41599999999999998
5361,defined,500,207,0.41399999999999998
5362,defined,500,210,0.41999999999999998
5363,defined,500,194,0.38800000000000001
5364,defined,500,209,0.41799999999999998
5365,defined,500,215,0.42999999999999999
5366,defined,500,205,0.40999999999999998
5367,defined,500,199,0.39800000000000002
5368,defined,500,201,0.40200000000000002
5369,defined,500,204,0.40799999999999997
5370,defined,500,195,0.39000000000000001
5371,defined,500,200,0.40000000000000002
5372,defined,500,212,0.42399999999999999
5373,defined,500,211,0.42199999999999999
5374,defined,500,204,0.40799999999999997
5375,defined,500,201,0.40200000000000002
5376,defined,500,218,0.436
5377,defined,500,207,0.41399999999999998
5378,defined,500,205,0.40999999999999998
5379,defined,500,191,0.38200000000000001
5380,defined,500,204,0.40799999999999997
5381,defined,500,203,0.40600000000000003
5382,defined,500,206,0.41199999999999998
5383,defined,500,219,0.438
5384,defined,500,212,0.42399999999999999
5385,defined,500,202,0.40400000000000003
5386,defined,500,204,0.40799999999999997
5387,defined,500,216,0.432
5388,defined,500,213,0.42599999999999999
5389,defined,500,218,0.436
5390,defined,500,200,0.40000000000000002
5391,defined,500,199,0.39800000000000002
5392,defined,500,193,0.38600000000000001
5393,defined,500,208,0.41599999999999998
5394,defined,500,203,0.40600000000000003
5395,defined,500,207,0.41399999999999998
5396,defined,500,201,0.40200000000000002
5397,defined,500,214,0.42799999999999999
5398,defined,500,208,0.41599999999999998
5399,defined,500,213,0.42599999999999999
5400,defined,500,202,0.40400000000000003
5401,defined,500,212,0.42399999999999999
5402,defined,500,208,0.41599999999999998
5403,defined,500,204,0.40799999999999997
5404,defined,500,204,0.40799999999999997
5405,defined,500,209,0.41799999999999998
5406,defined,500,208,0.41599999999999998
5407,defined,500,201,0.40200000000000002
5408,defined,500,214,0.42799999999999999
5409,defined,500,201,0.40200000000000002
5410,defined,500,220,0.44
5411,defined,500,204,0.40799999999999997
5412,defined,500,209,0.41799999999999998
5413,defined,500,201,0.40200000000000002
5414,defined,500,198,0.39600000000000002
5415,defined,500,206,0.41199999999999998
5416,defined,500,210,0.41999999999999998
5417,defined,500,215,0.42999999999999999
5418,defined,500,210,0.41999999999999998
5419,defined,500,212,0.42399999999999999
5420,defined,500,198,0.39600000000000002
5421,defined,500,206,0.41199999999999998
5422,defined,500,210,0.41999999999999998
5423,defined,500,209,0.41799999999999998
5424,defined,500,204,0.40799999999999997
5425,defined,500,209,0.41799999999999998
5426,defined,500,207,0.41399999999999998
5427,defined,500,216,0.432
5428,defined,500,199,0.39800000000000002
5429,defined,500,197,0.39400000000000002
5430,defined,500,202,0.40400000000000003
5431,defined,500,219,0.438
5432,defined,500,210,0.41999999999999998
5433,defined,500,203,0.40600000000000003
5434,defined,500,206,0.41199999999999998
5435,defined,500,213,0.42599999999999999
5436,defined,500,210,0.41999999999999998
5437,defined,500,217,0.434
5438,defined,500,213,0.42599999999999999
5439,defined,500,202,0.40400000000000003
5440,defined,500,199,0.39800000000000002
5441,defined,500,217,0.434
5442,defined,500,199,0.39800000000000002
5443,defined,500,193,0.38600000000000001
5444,defined,500,211,0.42199999999999999
5445,defined,500,209,0.41799999999999998
5446,defined,500,206,0.41199999999999998
5447,defined,500,208,0.41599999999999998
5448,defined,500,202,0.40400000000000003
5449,defined,500,202,0.40400000000000003
5450,defined,500,207,0.41399999999999998
5451,defined,500,193,0.38600000000000001
5452,defined,500,215,0.42999999999999999
5453,defined,500,215,0.42999999999999999
5454,defined,500,211,0.42199999999999999
5455,defined,500,203,0.40600000000000003
5456,defined,500,208,0.41599999999999998
5457,defined,500,194,0.38800000000000001
5458,defined,500,202,0.40400000000000003
5459,defined,500,211,0.42199999999999999
5460,defined,500,211,0.42199999999999999
5461,defined,500,217,0.434
5462,defined,500,204,0.40799999999999997
5463,defined,500,206,0.41199999999999998
5464,defined,500,214,0.42799999999999999
5465,defined,500,207,0.41399999999999998
5466,defined,500,206,0.41199999999999998
5467,defined,500,201,0.40200000000000002
5468,defined,500,208,0.41599999999999998
5469,defined,500,201,0.40200000000000002
5470,defined,500,206,0.41199999999999998
5471,defined,500,212,0.42399999999999999
5472,defined,500,210,0.41999999999999998
5473,defined,500,198,0.39600000000000002
5474,defined,500,213,0.42599999999999999
5475,defined,500,198,0.39600000000000002
5476,defined,500,203,0.40600000000000003
5477,defined,500,204,0.40799999999999997
5478,defined,500,210,0.41999999999999998
5479,defined,500,205,0.40999999999999998
5480,defined,500,209,0.41799999999999998
5481,defined,500,213,0.42599999999999999
5482,defined,500,199,0.39800000000000002
5483,defined,500,207,0.41399999999999998
5484,defined,500,212,0.42399999999999999
5485,defined,500,199,0.39800000000000002
5486,defined,500,215,0.42999999999999999
5487,defined,500,215,0.42999999999999999
5488,defined,500,222,0.44400000000000001
5489,defined,500,215,0.42999999999999999
5490,defined,500,208,0.41599999999999998
5491,defined,500,205,0.40999999999999998
5492,defined,500,209,0.41799999999999998
5493,defined,500,217,0.434
5494,defined,500,228,0.45600000000000002
5495,defined,500,207,0.41399999999999998
5496,defined,500,213,0.42599999999999999
5497,defined,500,215,0.42999999999999999
5498,defined,500,205,0.40999999999999998
5499,defined,500,204,0.40799999999999997
5500,defined,500,216,0.432
5501,defined,500,212,0.42399999999999999
5502,defined,500,210,0.41999999999999998
5503,defined,500,205,0.40999999999999998
5504,defined,500,211,0.42199999999999999
5505,defined,500,205,0.40999999999999998
5506,defined,500,200,0.40000000000000002
5507,defined,500,206,0.41199999999999998
5508,defined,500,202,0.40400000000000003
5509,defined,500,208,0.41599999999999998
5510,defined,500,213,0.42599999999999999
5511,defined,500,213,0.42599999999999999
5512,defined,500,195,0.39000000000000001
5513,defined,500,202,0.40400000000000003
5514,defined,500,198,0.39600000000000002
5515,defined,500,210,0.41999999999999998
5516,defined,500,210,0.41999999999999998
5517,defined,500,203,0.40600000000000003
5518,defined,500,205,0.40999999999999998
5519,defined,500,214,0.42799999999999999
5520,defined,500,196,0.39200000000000002
5521,defined,500,194,0.38800000000000001
5522,defined,500,210,0.41999999999999998
5523,defined,500,202,0.40400000000000003
5524,defined,500,206,0.41199999999999998
5525,defined,500,208,0.41599999999999998
5526,defined,500,205,0.40999999999999998
5527,defined,500,215,0.42999999999999999
5528,defined,500,217,0.434
5529,defined,500,202,0.40400000000000003
5530,defined,500,196,0.39200000000000002
5531,defined,500,217,0.434
5532,defined,500,207,0.41399999999999998
5533,defined,500,213,0.42599999999999999
5534,defined,500,206,0.41199999999999998
5535,defined,500,204,0.40799999999999997
5536,defined,500,212,0.42399999999999999
5537,defined,500,198,0.39600000000000002
5538,defined,500,207,0.41399999999999998
5539,defined,500,212,0.42399999999999999
5540,defined,500,215,0.42999999999999999
5541,defined,500,190,0.38
5542,defined,500,200,0.40000000000000002
5543,defined,500,211,0.42199999999999999
5544,defined,500,194,0.38800000000000001
5545,defined,500,210,0.41999999999999998
5546,defined,500,214,0.42799999999999999
5547,defined,500,210,0.41999999999999998
5548,defined,500,208,0.41599999999999998
5549,defined,500,206,0.41199999999999998
5550,defined,500,211,0.42199999999999999
5551,defined,500,214,0.42799999999999999
5552,defined,500,216,0.432
5553,defined,500,203,0.40600000000000003
5554,defined,500,214,0.42799999999999999
5555,defined,500,209,0.41799999999999998
5556,defined,500,203,0.40600000000000003
5557,defined,500,213,0.42599999999999999
5558,defined,500,197,0.39400000000000002
5559,defined,500,209,0.41799999999999998
5560,defined,500,204,0.40799999999999997
5561,defined,500,210,0.41999999999999998
5562,defined,500,205,0.40999999999999998
5563,defined,500,210,0.41999999999999998
5564,defined,500,200,0.40000000000000002
5565,defined,500,219,0.438
5566,defined,500,198,0.39600000000000002
5567,defined,500,189,0.378
5568,defined,500,211,0.42199999999999999
5569,defined,500,209,0.41799999999999998
5570,defined,500,209,0.41799999999999998
5571,defined,500,203,0.40600000000000003
5572,defined,500,211,0.42199999999999999
5573,defined,500,211,0.42199999999999999
5574,defined,500,197,0.39400000000000002
5575,defined,500,197,0.39400000000000002
5576,defined,500,215,0.42999999999999999
5577,defined,500,219,0.438
5578,defined,500,204,0.40799999999999997
5579,defined,500,211,0.42199999999999999
5580,defined,500,197,0.39400000000000002
5581,defined,500,213,0.42599999999999999
5582,defined,500,204,0.40799999999999997
5583,defined,500,205,0.40999999999999998
5584,defined,500,209,0.41799999999999998
5585,defined,500,207,0.41399999999999998
5586,defined,500,208,0.41599999999999998
5587,defined,500,210,0.41999999999999998
5588,defined,500,204,0.40799999999999997
5589,defined,500,207,0.41399999999999998
5590,defined,500,210,0.41999999999999998
5591,defined,500,218,0.436
5592,defined,500,214,0.42799999999999999
5593,defined,500,201,0.40200000000000002
5594,defined,500,210,0.41999999999999998
5595,defined,500,202,0.40400000000000003
5596,defined,500,205,0.40999999999999998
5597,defined,500,214,0.42799999999999999
5598,defined,500,208,0.41599999999999998
5599,defined,500,207,0.41399999999999998
5600,defined,500,210,0.41999999999999998
5601,defined,500,206,0.41199999999999998
5602,defined,500,208,0.41599999999999998
5603,defined,500,199,0.39800000000000002
5604,defined,500,199,0.39800000000000002
5605,defined,500,213,0.42599999999999999
5606,defined,500,202,0.40400000000000003
5607,defined,500,203,0.40600000000000003
5608,defined,500,200,0.40000000000000002
5609,defined,500,207,0.41399999999999998
5610,defined,500,210,0.41999999999999998
5611,defined,500,199,0.39800000000000002
5612,defined,500,197,0.39400000000000002
5613,defined,500,217,0.434
5614,defined,500,215,0.42999999999999999
5615,defined,500,210,0.41999999999999998
5616,defined,500,205,0.40999999999999998
5617,defined,500,208,0.41599999999999998
5618,defined,500,202,0.40400000000000003
5619,defined,500,210,0.41999999999999998
5620,defined,500,211,0.42199999999999999
5621,defined,500,208,0.41599999999999998
5622,defined,500,211,0.42199999999999999
5623,defined,500,211,0.42199999999999999
5624,defined,500,204,0.40799999999999997
5625,defined,500,209,0.41799999999999998
5626,defined,500,205,0.40999999999999998
5627,defined,500,201,0.40200000000000002
5628,defined,500,207,0.41399999999999998
5629,defined,500,207,0.41399999999999998
5630,defined,500,205,0.40999999999999998
5631,defined,500,204,0.40799999999999997
5632,defined,500,206,0.41199999999999998
5633,defined,500,210,0.41999999999999998
5634,defined,500,202,0.40400000000000003
5635,defined,500,200,0.40000000000000002
5636,defined,500,199,0.39800000000000002
5637,defined,500,219,0.438
5638,defined,500,199,0.39800000000000002
5639,defined,500,196,0.39200000000000002
5640,defined,500,205,0.40999999999999998
5641,defined,500,214,0.42799999999999999
5642,defined,500,202,0.40400000000000003
5643,defined,500,202,0.40400000000000003
5644,defined,500,209,0.41799999999999998
5645,defined,500,199,0.39800000000000002
5646,defined,500,201,0.40200000000000002
5647,defined,500,206,0.41199999999999998
5648,defined,500,197,0.39400000000000002
5649,defined,500,216,0.432
5650,defined,500,197,0.39400000000000002
5651,defined,500,211,0.42199999999999999
5652,defined,500,212,0.42399999999999999
5653,defined,500,202,0.40400000000000003
5654,defined,500,205,0.40999999999999998
5655,defined,500,216,0.432
5656,defined,500,216,0.432
5657,defined,500,206,0.41199999999999998
5658,defined,500,212,0.42399999999999999
5659,defined,500,202,0.40400000000000003
5660,defined,500,200,0.40000000000000002
5661,defined,500,213,0.42599999999999999
5662,defined,500,208,0.41599999999999998
5663,defined,500,205,0.40999999999999998
5664,defined,500,203,0.40600000000000003
5665,defined,500,219,0.438
5666,defined,500,206,0.41199999999999998
5667,defined,500,196,0.39200000000000002
5668,defined,500,202,0.40400000000000003
5669,defined,500,208,0.41599999999999998
5670,defined,500,217,0.434
5671,defined,500,212,0.42399999999999999
5672,defined,500,206,0.41199999999999998
5673,defined,500,205,0.40999999999999998
5674,defined,500,219,0.438
5675,defined,500,213,0.42599999999999999
5676,defined,500,208,0.41599999999999998
5677,defined,500,201,0.40200000000000002
5678,defined,500,204,0.40799999999999997
5679,defined,500,201,0.40200000000000002
5680,defined,500,198,0.39600000000000002
5681,defined,500,212,0.42399999999999999
5682,defined,500,215,0.42999999999999999
5683,defined,500,202,0.40400000000000003
5684,defined,500,207,0.41399999999999998
5685,defined,500,210,0.41999999999999998
5686,defined,500,196,0.39200000000000002
5687,defined,500,208,0.41599999999999998
5688,defined,500,208,0.41599999999999998
5689,defined,500,203,0.40600000000000003
5690,defined,500,221,0.442
5691,defined,500,204,0.40799999999999997
5692,defined,500,193,0.38600000000000001
5693,defined,500,208,0.41599999999999998
5694,defined,500,219,0.438
5695,defined,500,207,0.41399999999999998
5696,defined,500,216,0.432
5697,defined,500,206,0.41199999999999998
5698,defined,500,196,0.39200000000000002
5699,defined,500,208,0.41599999999999998
5700,defined,500,208,0.41599999999999998
5701,defined,500,202,0.40400000000000003
5702,defined,500,219,0.438
5703,defined,500,223,0.44600000000000001
5704,defined,500,198,0.39600000000000002
5705,defined,500,215,0.42999999999999999
5706,defined,500,208,0.41599999999999998
5707,defined,500,212,0.42399999999999999
5708,defined,500,205,0.40999999999999998
5709,defined,500,208,0.41599999999999998
5710,defined,500,204,0.40799999999999997
5711,defined,500,202,0.40400000000000003
5712,defined,500,208,0.41599999999999998
5713,defined,500,202,0.40400000000000003
5714,defined,500,202,0.40400000000000003
5715,defined,500,208,0.41599999999999998
5716,defined,500,211,0.42199999999999999
5717,defined,500,192,0.38400000000000001
5718,defined,500,216,0.432
5719,defined,500,195,0.39000000000000001
5720,defined,500,201,0.40200000000000002
5721,defined,500,207,0.41399999999999998
5722,defined,500,199,0.39800000000000002
5723,defined,500,212,0.42399999999999999
5724,defined,500,204,0.40799999999999997
5725,defined,500,206,0.41199999999999998
5726,defined,500,202,0.40400000000000003
5727,defined,500,202,0.40400000000000003
5728,defined,500,197,0.39400000000000002
5729,defined,500,218,0.436
5730,defined,500,216,0.432
5731,defined,500,208,0.41599999999999998
5732,defined,500,195,0.39000000000000001
5733,defined,500,195,0.39000000000000001
5734,defined,500,203,0.40600000000000003
5735,defined,500,211,0.42199999999999999
5736,defined,500,200,0.40000000000000002
5737,defined,500,204,0.40799999999999997
5738,defined,500,208,0.41599999999999998
5739,defined,500,210,0.41999999999999998
5740,defined,500,214,0.42799999999999999
5741,defined,500,199,0.39800000000000002
5742,defined,500,205,0.40999999999999998
5743,defined,500,195,0.39000000000000001
5744,defined,500,213,0.42599999999999999
5745,defined,500,203,0.40600000000000003
5746,defined,500,200,0.40000000000000002
5747,defined,500,207,0.41399999999999998
5748,defined,500,204,0.40799999999999997
5749,defined,500,204,0.40799999999999997
5750,defined,500,198,0.39600000000000002
5751,defined,500,200,0.40000000000000002
5752,defined,500,202,0.40400000000000003
5753,defined,500,208,0.41599999999999998
5754,defined,500,211,0.42199999999999999
5755,defined,500,203,0.40600000000000003
5756,defined,500,203,0.40600000000000003
5757,defined,500,210,0.41999999999999998
5758,defined,500,207,0.41399999999999998
5759,defined,500,211,0.42199999999999999
5760,defined,500,210,0.41999999999999998
5761,defined,500,209,0.41799999999999998
5762,defined,500,213,0.42599999999999999
5763,defined,500,198,0.39600000000000002
5764,defined,500,211,0.42199999999999999
5765,defined,500,200,0.40000000000000002
5766,defined,500,208,0.41599999999999998
5767,defined,500,209,0.41799999999999998
5768,defined,500,218,0.436
5769,defined,500,214,0.42799999999999999
5770,defined,500,204,0.40799999999999997
5771,defined,500,210,0.41999999999999998
5772,defined,500,224,0.44800000000000001
5773,defined,500,202,0.40400000000000003
5774,defined,500,204,0.40799999999999997
5775,defined,500,211,0.42199999999999999
5776,defined,500,200,0.40000000000000002
5777,defined,500,206,0.41199999999999998
5778,defined,500,215,0.42999999999999999
5779,defined,500,199,0.39800000000000002
5780,defined,500,193,0.38600000000000001
5781,defined,500,215,0.42999999999999999
5782,defined,500,205,0.40999999999999998
5783,defined,500,198,0.39600000000000002
5784,defined,500,192,0.38400000000000001
5785,defined,500,185,0.37
5786,defined,500,200,0.40000000000000002
5787,defined,500,212,0.42399999999999999
5788,defined,500,211,0.42199999999999999
5789,defined,500,207,0.41399999999999998
5790,defined,500,214,0.42799999999999999
5791,defined,500,224,0.44800000000000001
5792,defined,500,199,0.39800000000000002
5793,defined,500,205,0.40999999999999998
5794,defined,500,205,0.40999999999999998
5795,defined,500,203,0.40600000000000003
5796,defined,500,199,0.39800000000000002
5797,defined,500,205,0.40999999999999998
5798,defined,500,216,0.432
5799,defined,500,201,0.40200000000000002
5800,defined,500,215,0.42999999999999999
5801,defined,500,206,0.41199999999999998
5802,defined,500,212,0.42399999999999999
5803,defined,500,206,0.41199999999999998
5804,defined,500,219,0.438
5805,defined,500,187,0.374
5806,defined,500,219,0.438
5807,defined,500,212,0.42399999999999999
5808,defined,500,204,0.40799999999999997
5809,defined,500,208,0.41599999999999998
5810,defined,500,220,0.44
5811,defined,500,205,0.40999999999999998
5812,defined,500,218,0.436
5813,defined,500,213,0.42599999999999999
5814,defined,500,196,0.39200000000000002
5815,defined,500,204,0.40799999999999997
5816,defined,500,204,0.40799999999999997
5817,defined,500,213,0.42599999999999999
5818,defined,500,211,0.42199999999999999
5819,defined,500,207,0.41399999999999998
5820,defined,500,208,0.41599999999999998
5821,defined,500,213,0.42599999999999999
5822,defined,500,208,0.41599999999999998
5823,defined,500,205,0.40999999999999998
5824,defined,500,207,0.41399999999999998
5825,defined,500,211,0.42199999999999999
5826,defined,500,197,0.39400000000000002
5827,defined,500,198,0.39600000000000002
5828,defined,500,208,0.41599999999999998
5829,defined,500,198,0.39600000000000002
5830,defined,500,216,0.432
5831,defined,500,197,0.39400000000000002
5832,defined,500,209,0.41799999999999998
5833,defined,500,204,0.40799999999999997
5834,defined,500,208,0.41599999999999998
5835,defined,500,209,0.41799999999999998
5836,defined,500,215,0.42999999999999999
5837,defined,500,197,0.39400000000000002
5838,defined,500,201,0.40200000000000002
5839,defined,500,194,0.38800000000000001
5840,defined,500,204,0.40799999999999997
5841,defined,500,202,0.40400000000000003
5842,defined,500,215,0.42999999999999999
5843,defined,500,206,0.41199999999999998
5844,defined,500,205,0.40999999999999998
5845,defined,500,204,0.40799999999999997
5846,defined,500,217,0.434
5847,defined,500,202,0.40400000000000003
5848,defined,500,212,0.42399999999999999
5849,defined,500,208,0.41599999999999998
5850,defined,500,206,0.41199999999999998
5851,defined,500,217,0.434
5852,defined,500,212,0.42399999999999999
5853,defined,500,215,0.42999999999999999
5854,defined,500,215,0.42999999999999999
5855,defined,500,221,0.442
5856,defined,500,209,0.41799999999999998
5857,defined,500,204,0.40799999999999997
5858,defined,500,199,0.39800000000000002
5859,defined,500,202,0.40400000000000003
5860,defined,500,206,0.41199999999999998
5861,defined,500,222,0.44400000000000001
5862,defined,500,209,0.41799999999999998
5863,defined,500,207,0.41399999999999998
5864,defined,500,209,0.41799999999999998
5865,defined,500,205,0.40999999999999998
5866,defined,500,208,0.41599999999999998
5867,defined,500,217,0.434
5868,defined,500,212,0.42399999999999999
5869,defined,500,206,0.41199999999999998
5870,defined,500,208,0.41599999999999998
5871,defined,500,213,0.42599999999999999
5872,defined,500,213,0.42599999999999999
5873,defined,500,211,0.42199999999999999
5874,defined,500,215,0.42999999999999999
5875,defined,500,202,0.40400000000000003
5876,defined,500,182,0.36399999999999999
5877,defined,500,211,0.42199999999999999
5878,defined,500,205,0.40999999999999998
5879,defined,500,207,0.41399999999999998
5880,defined,500,199,0.39800000000000002
5881,defined,500,205,0.40999999999999998
5882,defined,500,218,0.436
5883,defined,500,219,0.438
5884,defined,500,200,0.40000000000000002
5885,defined,500,199,0.39800000000000002
5886,defined,500,211,0.42199999999999999
5887,defined,500,206,0.41199999999999998
5888,defined,500,208,0.41599999999999998
5889,defined,500,198,0.39600000000000002
5890,defined,500,201,0.40200000000000002
5891,defined,500,203,0.40600000000000003
5892,defined,500,205,0.40999999999999998
5893,defined,500,204,0.40799999999999997
5894,defined,500,205,0.40999999999999998
5895,defined,500,211,0.42199999999999999
5896,defined,500,194,0.38800000000000001
5897,defined,500,196,0.39200000000000002
5898,defined,500,208,0.41599999999999998
5899,defined,500,194,0.38800000000000001
5900,defined,500,208,0.41599999999999998
5901,defined,500,206,0.41199999999999998
5902,defined,500,212,0.42399999999999999
5903,defined,500,201,0.40200000000000002
5904,defined,500,195,0.39000000000000001
5905,defined,500,193,0.38600000000000001
5906,defined,500,203,0.40600000000000003
5907,defined,500,209,0.41799999999999998
5908,defined,500,203,0.40600000000000003
5909,defined,500,208,0.41599999999999998
5910,defined,500,215,0.42999999999999999
5911,defined,500,222,0.44400000000000001
5912,defined,500,211,0.42199999999999999
5913,defined,500,204,0.40799999999999997
5914,defined,500,212,0.42399999999999999
5915,defined,500,210,0.41999999999999998
5916,defined,500,206,0.41199999999999998
5917,defined,500,205,0.40999999999999998
5918,defined,500,198,0.39600000000000002
5919,defined,500,216,0.432
5920,defined,500,208,0.41599999999999998
5921,defined,500,216,0.432
5922,defined,500,203,0.40600000000000003
5923,defined,500,194,0.38800000000000001
5924,defined,500,209,0.41799999999999998
5925,defined,500,213,0.42599999999999999
5926,defined,500,206,0.41199999999999998
5927,defined,500,218,0.436
5928,defined,500,198,0.39600000000000002
5929,defined,500,214,0.42799999999999999
5930,defined,500,212,0.42399999999999999
5931,defined,500,212,0.42399999999999999
5932,defined,500,203,0.40600000000000003
5933,defined,500,204,0.40799999999999997
5934,defined,500,216,0.432
5935,defined,500,195,0.39000000000000001
5936,defined,500,212,0.42399999999999999
5937,defined,500,208,0.41599999999999998
5938,defined,500,207,0.41399999999999998
5939,defined,500,214,0.42799999999999999
5940,defined,500,203,0.40600000000000003
5941,defined,500,213,0.42599999999999999
5942,defined,500,213,0.42599999999999999
5943,defined,500,204,0.40799999999999997
5944,defined,500,204,0.40799999999999997
5945,defined,500,203,0.40600000000000003
5946,defined,500,204,0.40799999999999997
5947,defined,500,208,0.41599999999999998
5948,defined,500,198,0.39600000000000002
5949,defined,500,202,0.40400000000000003
5950,defined,500,205,0.40999999999999998
5951,defined,500,202,0.40400000000000003
5952,defined,500,209,0.41799999999999998
5953,defined,500,208,0.41599999999999998
5954,defined,500,207,0.41399999999999998
5955,defined,500,206,0.41199999999999998
5956,defined,500,207,0.41399999999999998
5957,defined,500,193,0.38600000000000001
5958,defined,500,204,0.40799999999999997
5959,defined,500,199,0.39800000000000002
5960,defined,500,196,0.39200000000000002
5961,defined,500,194,0.38800000000000001
5962,defined,500,214,0.42799999999999999
5963,defined,500,205,0.40999999999999998
5964,defined,500,205,0.40999999999999998
5965,defined,500,213,0.42599999999999999
5966,defined,500,215,0.42999999999999999
5967,defined,500,198,0.39600000000000002
5968,defined,500,201,0.40200000000000002
5969,defined,500,211,0.42199999999999999
5970,defined,500,199,0.39800000000000002
5971,defined,500,198,0.39600000000000002
5972,defined,500,199,0.39800000000000002
5973,defined,500,215,0.42999999999999999
5974,defined,500,217,0.434
5975,defined,500,202,0.40400000000000003
5976,defined,500,202,0.40400000000000003
5977,defined,500,202,0.40400000000000003
5978,defined,500,202,0.40400000000000003
5979,defined,500,212,0.42399999999999999
5980,defined,500,210,0.41999999999999998
5981,defined,500,202,0.40400000000000003
5982,defined,500,211,0.42199999999999999
5983,defined,500,215,0.42999999999999999
5984,defined,500,212,0.42399999999999999
5985,defined,500,203,0.40600000000000003
5986,defined,500,207,0.41399999999999998
5987,defined,500,211,0.42199999999999999
5988,defined,500,199,0.39800000000000002
5989,defined,500,210,0.41999999999999998
5990,defined,500,206,0.41199999999999998
5991,defined,500,205,0.40999999999999998
5992,defined,500,209,0.41799999999999998
5993,defined,500,195,0.39000000000000001
5994,defined,500,207,0.41399999999999998
5995,defined,500,215,0.42999999999999999
5996,defined,500,213,0.42599999999999999
5997,defined,500,217,0.434
5998,defined,500,198,0.39600000000000002
5999,defined,500,204,0.40799999999999997
6000,defined,500,207,0.41399999999999998
6001,defined,500,214,0.42799999999999999
6002,defined,500,213,0.42599999999999999
6003,defined,500,205,0.40999999999999998
6004,defined,500,207,0.41399999999999998
6005,defined,500,216,0.432
6006,defined,500,212,0.42399999999999999
6007,defined,500,205,0.40999999999999998
6008,defined,500,209,0.41799999999999998
6009,defined,500,205,0.40999999999999998
6010,defined,500,203,0.40600000000000003
6011,defined,500,212,0.42399999999999999
6012,defined,500,215,0.42999999999999999
6013,defined,500,209,0.41799999999999998
6014,defined,500,211,0.42199999999999999
6015,defined,500,211,0.42199999999999999
6016,defined,500,209,0.41799999999999998
6017,defined,500,214,0.42799999999999999
6018,defined,500,200,0.40000000000000002
6019,defined,500,211,0.42199999999999999
6020,defined,500,206,0.41199999999999998
6021,defined,500,207,0.41399999999999998
6022,defined,500,207,0.41399999999999998
6023,defined,500,201,0.40200000000000002
6024,defined,500,210,0.41999999999999998
6025,defined,500,210,0.41999999999999998
6026,defined,500,210,0.41999999999999998
6027,defined,500,209,0.41799999999999998
6028,defined,500,210,0.41999999999999998
6029,defined,500,213,0.42599999999999999
6030,defined,500,219,0.438
6031,defined,500,208,0.41599999999999998
6032,defined,500,208,0.41599999999999998
6033,defined,500,198,0.39600000000000002
6034,defined,500,203,0.40600000000000003
6035,defined,500,206,0.41199999999999998
6036,defined,500,207,0.41399999999999998
6037,defined,500,210,0.41999999999999998
6038,defined,500,196,0.39200000000000002
6039,defined,500,203,0.40600000000000003
6040,defined,500,200,0.40000000000000002
6041,defined,500,196,0.39200000000000002
6042,defined,500,197,0.39400000000000002
6043,defined,500,209,0.41799999999999998
6044,defined,500,186,0.372
6045,defined,500,214,0.42799999999999999
6046,defined,500,207,0.41399999999999998
6047,defined,500,196,0.39200000000000002
6048,defined,500,201,0.40200000000000002
6049,defined,500,209,0.41799999999999998
6050,defined,500,206,0.41199999999999998
6051,defined,500,199,0.39800000000000002
6052,defined,500,214,0.42799999999999999
6053,defined,500,201,0.40200000000000002
6054,defined,500,205,0.40999999999999998
6055,defined,500,208,0.41599999999999998
6056,defined,500,205,0.40999999999999998
6057,defined,500,210,0.41999999999999998
6058,defined,500,217,0.434
6059,defined,500,218,0.436
6060,defined,500,199,0.39800000000000002
6061,defined,500,201,0.40200000000000002
6062,defined,500,207,0.41399999999999998
6063,defined,500,213,0.42599999999999999
6064,defined,500,208,0.41599999999999998
6065,defined,500,202,0.40400000000000003
6066,defined,500,217,0.434
6067,defined,500,217,0.434
6068,defined,500,206,0.41199999999999998
6069,defined,500,211,0.42199999999999999
6070,defined,500,202,0.40400000000000003
6071,defined,500,211,0.42199999999999999
6072,defined,500,199,0.39800000000000002
6073,defined,500,209,0.41799999999999998
6074,defined,500,212,0.42399999999999999
6075,defined,500,211,0.42199999999999999
6076,defined,500,210,0.41999999999999998
6077,defined,500,208,0.41599999999999998
6078,defined,500,212,0.42399999999999999
6079,defined,500,217,0.434
6080,defined,500,205,0.40999999999999998
6081,defined,500,212,0.42399999999999999
6082,defined,500,209,0.41799999999999998
6083,defined,500,202,0.40400000000000003
6084,defined,500,200,0.40000000000000002
6085,defined,500,207,0.41399999999999998
6086,defined,500,206,0.41199999999999998
6087,defined,500,207,0.41399999999999998
6088,defined,500,195,0.39000000000000001
6089,defined,500,205,0.40999999999999998
6090,defined,500,212,0.42399999999999999
6091,defined,500,200,0.40000000000000002
6092,defined,500,205,0.40999999999999998
6093,defined,500,210,0.41999999999999998
6094,defined,500,206,0.41199999999999998
6095,defined,500,211,0.42199999999999999
6096,defined,500,210,0.41999999999999998
6097,defined,500,197,0.39400000000000002
6098,defined,500,205,0.40999999999999998
6099,defined,500,209,0.41799999999999998
6100,defined,500,206,0.41199999999999998
6101,defined,500,202,0.40400000000000003
6102,defined,500,198,0.39600000000000002
6103,defined,500,205,0.40999999999999998
6104,defined,500,216,0.432
6105,defined,500,205,0.40999999999999998
6106,defined,500,205,0.40999999999999998
6107,defined,500,206,0.41199999999999998
6108,defined,500,211,0.42199999999999999
6109,defined,500,211,0.42199999999999999
6110,defined,500,200,0.40000000000000002
6111,defined,500,201,0.40200000000000002
6112,defined,500,207,0.41399999999999998
6113,defined,500,195,0.39000000000000001
6114,defined,500,212,0.42399999999999999
6115,defined,500,221,0.442
6116,defined,500,206,0.41199999999999998
6117,defined,500,212,0.42399999999999999
6118,defined,500,206,0.41199999999999998
6119,defined,500,208,0.41599999999999998
6120,defined,500,202,0.40400000000000003
6121,defined,500,195,0.39000000000000001
6122,defined,500,206,0.41199999999999998
6123,defined,500,212,0.42399999999999999
6124,defined,500,211,0.42199999999999999
6125,defined,500,214,0.42799999999999999
6126,defined,500,211,0.42199999999999999
6127,defined,500,208,0.41599999999999998
6128,defined,500,216,0.432
6129,defined,500,200,0.40000000000000002
6130,defined,500,210,0.41999999999999998
6131,defined,500,209,0.41799999999999998
6132,defined,500,207,0.41399999999999998
6133,defined,500,208,0.41599999999999998
6134,defined,500,204,0.40799999999999997
6135,defined,500,204,0.40799999999999997
6136,defined,500,200,0.40000000000000002
6137,defined,500,210,0.41999999999999998
6138,defined,500,219,0.438
6139,defined,500,204,0.40799999999999997
6140,defined,500,215,0.42999999999999999
6141,defined,500,208,0.41599999999999998
6142,defined,500,201,0.40200000000000002
6143,defined,500,210,0.41999999999999998
6144,defined,500,208,0.41599999999999998
6145,defined,500,208,0.41599999999999998
6146,defined,500,201,0.40200000000000002
6147,defined,500,213,0.42599999999999999
6148,defined,500,211,0.42199999999999999
6149,defined,500,202,0.40400000000000003
6150,defined,500,210,0.41999999999999998
6151,defined,500,214,0.42799999999999999
6152,defined,500,202,0.40400000000000003
6153,defined,500,210,0.41999999999999998
6154,defined,500,213,0.42599999999999999
6155,defined,500,213,0.42599999999999999
6156,defined,500,193,0.38600000000000001
6157,defined,500,199,0.39800000000000002
6158,defined,500,209,0.41799999999999998
6159,defined,500,202,0.40400000000000003
6160,defined,500,195,0.39000000000000001
6161,defined,500,202,0.40400000000000003
6162,defined,500,209,0.41799999999999998
6163,defined,500,204,0.40799999999999997
6164,defined,500,204,0.40799999999999997
6165,defined,500,208,0.41599999999999998
6166,defined,500,214,0.42799999999999999
6167,defined,500,194,0.38800000000000001
6168,defined,500,212,0.42399999999999999
6169,defined,500,199,0.39800000000000002
6170,defined,500,204,0.40799999999999997
6171,defined,500,204,0.40799999999999997
6172,defined,500,198,0.39600000000000002
6173,defined,500,209,0.41799999999999998
6174,defined,500,214,0.42799999999999999
6175,defined,500,220,0.44
6176,defined,500,210,0.41999999999999998
6177,defined,500,212,0.42399999999999999
6178,defined,500,209,0.41799999999999998
6179,defined,500,195,0.39000000000000001
6180,defined,500,209,0.41799999999999998
6181,defined,500,203,0.40600000000000003
6182,defined,500,201,0.40200000000000002
6183,defined,500,201,0.40200000000000002
6184,defined,500,211,0.42199999999999999
6185,defined,500,215,0.42999999999999999
6186,defined,500,214,0.42799999999999999
6187,defined,500,195,0.39000000000000001
6188,defined,500,208,0.41599999999999998
6189,defined,500,212,0.42399999999999999
6190,defined,500,199,0.39800000000000002
6191,defined,500,201,0.40200000000000002
6192,defined,500,211,0.42199999999999999
6193,defined,500,211,0.42199999999999999
6194,defined,500,218,0.436
6195,defined,500,220,0.44
6196,defined,500,200,0.40000000000000002
6197,defined,500,197,0.39400000000000002
6198,defined,500,203,0.40600000000000003
6199,defined,500,214,0.42799999999999999
6200,defined,500,216,0.432
6201,defined,500,206,0.41199999999999998
6202,defined,500,203,0.40600000000000003
6203,defined,500,190,0.38
6204,defined,500,193,0.38600000000000001
6205,defined,500,207,0.41399999999999998
6206,defined,500,203,0.40600000000000003
6207,defined,500,196,0.39200000000000002
6208,defined,500,202,0.40400000000000003
6209,defined,500,189,0.378
6210,defined,500,197,0.39400000000000002
6211,defined,500,206,0.41199999999999998
6212,defined,500,202,0.40400000000000003
6213,defined,500,215,0.42999999999999999
6214,defined,500,208,0.41599999999999998
6215,defined,500,201,0.40200000000000002
6216,defined,500,214,0.42799999999999999
6217,defined,500,196,0.39200000000000002
6218,defined,500,196,0.39200000000000002
6219,defined,500,206,0.41199999999999998
6220,defined,500,209,0.41799999999999998
6221,defined,500,213,0.42599999999999999
6222,defined,500,204,0.40799999999999997
6223,defined,500,212,0.42399999999999999
6224,defined,500,198,0.39600000000000002
6225,defined,500,194,0.38800000000000001
6226,defined,500,216,0.432
6227,defined,500,214,0.42799999999999999
6228,defined,500,212,0.42399999999999999
6229,defined,500,209,0.41799999999999998
6230,defined,500,220,0.44
6231,defined,500,205,0.40999999999999998
6232,defined,500,216,0.432
6233,defined,500,215,0.42999999999999999
6234,defined,500,202,0.40400000000000003
6235,defined,500,192,0.38400000000000001
6236,defined,500,211,0.42199999999999999
6237,defined,500,216,0.432
6238,defined,500,191,0.38200000000000001
6239,defined,500,194,0.38800000000000001
6240,defined,500,215,0.42999999999999999
6241,defined,500,203,0.40600000000000003
6242,defined,500,208,0.41599999999999998
6243,defined,500,201,0.40200000000000002
6244,defined,500,202,0.40400000000000003
6245,defined,500,201,0.40200000000000002
6246,defined,500,205,0.40999999999999998
6247,defined,500,212,0.42399999999999999
6248,defined,500,208,0.41599999999999998
6249,defined,500,200,0.40000000000000002
6250,defined,500,208,0.41599999999999998
6251,defined,500,211,0.42199999999999999
6252,defined,500,202,0.40400000000000003
6253,defined,500,196,0.39200000000000002
6254,defined,500,204,0.40799999999999997
6255,defined,500,200,0.40000000000000002
6256,defined,500,201,0.40200000000000002
6257,defined,500,206,0.41199999999999998
6258,defined,500,209,0.41799999999999998
6259,defined,500,213,0.42599999999999999
6260,defined,500,218,0.436
6261,defined,500,198,0.39600000000000002
6262,defined,500,194,0.38800000000000001
6263,defined,500,214,0.42799999999999999
6264,defined,500,212,0.42399999999999999
6265,defined,500,209,0.41799999999999998
6266,defined,500,212,0.42399999999999999
6267,defined,500,216,0.432
6268,defined,500,199,0.39800000000000002
6269,defined,500,206,0.41199999999999998
6270,defined,500,216,0.432
6271,defined,500,206,0.41199999999999998
6272,defined,500,212,0.42399999999999999
6273,defined,500,202,0.40400000000000003
6274,defined,500,211,0.42199999999999999
6275,defined,500,197,0.39400000000000002
6276,defined,500,206,0.41199999999999998
6277,defined,500,210,0.41999999999999998
6278,defined,500,199,0.39800000000000002
6279,defined,500,208,0.41599999999999998
6280,defined,500,207,0.41399999999999998
6281,defined,500,211,0.42199999999999999
6282,defined,500,209,0.41799999999999998
6283,defined,500,213,0.42599999999999999
6284,defined,500,205,0.40999999999999998
6285,defined,500,211,0.42199999999999999
6286,defined,500,215,0.42999999999999999
6287,defined,500,219,0.438
6288,defined,500,206,0.41199999999999998
6289,defined,500,190,0.38
6290,defined,500,198,0.39600000000000002
6291,defined,500,225,0.45000000000000001
6292,defined,500,207,0.41399999999999998
6293,defined,500,217,0.434
6294,defined,500,194,0.38800000000000001
6295,defined,500,202,0.40400000000000003
6296,defined,500,219,0.438
6297,defined,500,205,0.40999999999999998
6298,defined,500,212,0.42399999999999999
6299,defined,500,210,0.41999999999999998
6300,defined,500,207,0.41399999999999998
6301,defined,500,208,0.41599999999999998
6302,defined,500,200,0.40000000000000002
6303,defined,500,200,0.40000000000000002
6304,defined,500,210,0.41999999999999998
6305,defined,500,207,0.41399999999999998
6306,defined,500,214,0.42799999999999999
6307,defined,500,207,0.41399999999999998
6308,defined,500,211,0.42199999999999999
6309,defined,500,204,0.40799999999999997
6310,defined,500,216,0.432
6311,defined,500,198,0.39600000000000002
6312,defined,500,215,0.42999999999999999
6313,defined,500,211,0.42199999999999999
6314,defined,500,203,0.40600000000000003
6315,defined,500,207,0.41399999999999998
6316,defined,500,210,0.41999999999999998
6317,defined,500,216,0.432
6318,defined,500,204,0.40799999999999997
6319,defined,500,203,0.40600000000000003
6320,defined,500,218,0.436
6321,defined,500,208,0.41599999999999998
6322,defined,500,204,0.40799999999999997
6323,defined,500,209,0.41799999999999998
6324,defined,500,210,0.41999999999999998
6325,defined,500,202,0.40400000000000003
6326,defined,500,217,0.434
6327,defined,500,214,0.42799999999999999
6328,defined,500,197,0.39400000000000002
6329,defined,500,195,0.39000000000000001
6330,defined,500,202,0.40400000000000003
6331,defined,500,214,0.42799999999999999
6332,defined,500,200,0.40000000000000002
6333,defined,500,205,0.40999999999999998
6334,defined,500,205,0.40999999999999998
6335,defined,500,213,0.42599999999999999
6336,defined,500,209,0.41799999999999998
6337,defined,500,214,0.42799999999999999
6338,defined,500,206,0.41199999999999998
6339,defined,500,197,0.39400000000000002
6340,defined,500,211,0.42199999999999999
6341,defined,500,215,0.42999999999999999
6342,defined,500,211,0.42199999999999999
6343,defined,500,199,0.39800000000000002
6344,defined,500,215,0.42999999999999999
6345,defined,500,220,0.44
6346,defined,500,216,0.432
6347,defined,500,203,0.40600000000000003
6348,defined,500,192,0.38400000000000001
6349,defined,500,210,0.41999999999999998
6350,defined,500,205,0.40999999999999998
6351,defined,500,201,0.40200000000000002
6352,defined,500,195,0.39000000000000001
6353,defined,500,213,0.42599999999999999
6354,defined,500,213,0.42599999999999999
6355,defined,500,199,0.39800000000000002
6356,defined,500,200,0.40000000000000002
6357,defined,500,199,0.39800000000000002
6358,defined,500,198,0.39600000000000002
6359,defined,500,208,0.41599999999999998
6360,defined,500,201,0.40200000000000002
6361,defined,500,208,0.41599999999999998
6362,defined,500,206,0.41199999999999998
6363,defined,500,222,0.44400000000000001
6364,defined,500,200,0.40000000000000002
6365,defined,500,203,0.40600000000000003
6366,defined,500,212,0.42399999999999999
6367,defined,500,216,0.432
6368,defined,500,197,0.39400000000000002
6369,defined,500,201,0.40200000000000002
6370,defined,500,211,0.42199999999999999
6371,defined,500,200,0.40000000000000002
6372,defined,500,203,0.40600000000000003
6373,defined,500,213,0.42599999999999999
6374,defined,500,216,0.432
6375,defined,500,204,0.40799999999999997
6376,defined,500,204,0.40799999999999997
6377,defined,500,203,0.40600000000000003
6378,defined,500,191,0.38200000000000001
6379,defined,500,202,0.40400000000000003
6380,defined,500,198,0.39600000000000002
6381,defined,500,208,0.41599999999999998
6382,defined,500,195,0.39000000000000001
6383,defined,500,213,0.42599999999999999
6384,defined,500,203,0.40600000000000003
6385,defined,500,197,0.39400000000000002
6386,defined,500,208,0.41599999999999998
6387,defined,500,210,0.41999999999999998
6388,defined,500,207,0.41399999999999998
6389,defined,500,206,0.41199999999999998
6390,defined,500,213,0.42599999999999999
6391,defined,500,202,0.40400000000000003
6392,defined,500,214,0.42799999999999999
6393,defined,500,209,0.41799999999999998
6394,defined,500,210,0.41999999999999998
6395,defined,500,208,0.41599999999999998
6396,defined,500,215,0.42999999999999999
6397,defined,500,205,0.40999999999999998
6398,defined,500,205,0.40999999999999998
6399,defined,500,216,0.432
6400,defined,500,201,0.40200000000000002
6401,defined,500,210,0.41999999999999998
6402,defined,500,210,0.41999999999999998
6403,defined,500,205,0.40999999999999998
6404,defined,500,202,0.40400000000000003
6405,defined,500,203,0.40600000000000003
6406,defined,500,213,0.42599999999999999
6407,defined,500,215,0.42999999999999999
6408,defined,500,200,0.40000000000000002
6409,defined,500,203,0.40600000000000003
6410,defined,500,195,0.39000000000000001
6411,defined,500,210,0.41999999999999998
6412,defined,500,213,0.42599999999999999
6413,defined,500,208,0.41599999999999998
6414,defined,500,225,0.45000000000000001
6415,defined,500,215,0.42999999999999999
6416,defined,500,207,0.41399999999999998
6417,defined,500,199,0.39800000000000002
6418,defined,500,204,0.40799999999999997
6419,defined,500,205,0.40999999999999998
6420,defined,500,199,0.39800000000000002
6421,defined,500,192,0.38400000000000001
6422,defined,500,220,0.44
6423,defined,500,216,0.432
6424,defined,500,217,0.434
6425,defined,500,193,0.38600000000000001
6426,defined,500,214,0.42799999999999999
6427,defined,500,211,0.42199999999999999
6428,defined,500,201,0.40200000000000002
6429,defined,500,201,0.40200000000000002
6430,defined,500,207,0.41399999999999998
6431,defined,500,202,0.40400000000000003
6432,defined,500,214,0.42799999999999999
6433,defined,500,208,0.41599999999999998
6434,defined,500,206,0.41199999999999998
6435,defined,500,205,0.40999999999999998
6436,defined,500,206,0.41199999999999998
6437,defined,500,212,0.42399999999999999
6438,defined,500,209,0.41799999999999998
6439,defined,500,205,0.40999999999999998
6440,defined,500,204,0.40799999999999997
6441,defined,500,214,0.42799999999999999
6442,defined,500,211,0.42199999999999999
6443,defined,500,203,0.40600000000000003
6444,defined,500,220,0.44
6445,defined,500,214,0.42799999999999999
6446,defined,500,209,0.41799999999999998
6447,defined,500,201,0.40200000000000002
6448,defined,500,216,0.432
6449,defined,500,213,0.42599999999999999
6450,defined,500,201,0.40200000000000002
6451,defined,500,198,0.39600000000000002
6452,defined,500,199,0.39800000000000002
6453,defined,500,204,0.40799999999999997
6454,defined,500,211,0.42199999999999999
6455,defined,500,217,0.434
6456,defined,500,205,0.40999999999999998
6457,defined,500,216,0.432
6458,defined,500,211,0.42199999999999999
6459,defined,500,215,0.42999999999999999
6460,defined,500,203,0.40600000000000003
6461,defined,500,210,0.41999999999999998
6462,defined,500,202,0.40400000000000003
6463,defined,500,217,0.434
6464,defined,500,219,0.438
6465,defined,500,200,0.40000000000000002
6466,defined,500,198,0.39600000000000002
6467,defined,500,210,0.41999999999999998
6468,defined,500,209,0.41799999999999998
6469,defined,500,208,0.41599999999999998
6470,defined,500,211,0.42199999999999999
6471,defined,500,203,0.40600000000000003
6472,defined,500,212,0.42399999999999999
6473,defined,500,203,0.40600000000000003
6474,defined,500,206,0.41199999999999998
6475,defined,500,202,0.40400000000000003
6476,defined,500,197,0.39400000000000002
6477,defined,500,214,0.42799999999999999
6478,defined,500,188,0.376
6479,defined,500,210,0.41999999999999998
6480,defined,500,211,0.42199999999999999
6481,defined,500,200,0.40000000000000002
6482,defined,500,216,0.432
6483,defined,500,213,0.42599999999999999
6484,defined,500,211,0.42199999999999999
6485,defined,500,209,0.41799999999999998
6486,defined,500,204,0.40799999999999997
6487,defined,500,207,0.41399999999999998
6488,defined,500,205,0.40999999999999998
6489,defined,500,199,0.39800000000000002
6490,defined,500,213,0.42599999999999999
6491,defined,500,205,0.40999999999999998
6492,defined,500,204,0.40799999999999997
6493,defined,500,203,0.40600000000000003
6494,defined,500,209,0.41799999999999998
6495,defined,500,212,0.42399999999999999
6496,defined,500,210,0.41999999999999998
6497,defined,500,203,0.40600000000000003
6498,defined,500,220,0.44
6499,defined,500,203,0.40600000000000003
6500,defined,500,220,0.44
6501,defined,500,211,0.42199999999999999
6502,defined,500,193,0.38600000000000001
6503,defined,500,201,0.40200000000000002
6504,defined,500,203,0.40600000000000003
6505,defined,500,208,0.41599999999999998
6506,defined,500,202,0.40400000000000003
6507,defined,500,209,0.41799999999999998
6508,defined,500,209,0.41799999999999998
6509,defined,500,210,0.41999999999999998
6510,defined,500,208,0.41599999999999998
6511,defined,500,210,0.41999999999999998
6512,defined,500,210,0.41999999999999998
6513,defined,500,213,0.42599999999999999
6514,defined,500,208,0.41599999999999998
6515,defined,500,203,0.40600000000000003
6516,defined,500,204,0.40799999999999997
6517,defined,500,207,0.41399999999999998
6518,defined,500,200,0.40000000000000002
6519,defined,500,205,0.40999999999999998
6520,defined,500,187,0.374
6521,defined,500,207,0.41399999999999998
6522,defined,500,200,0.40000000000000002
6523,defined,500,208,0.41599999999999998
6524,defined,500,198,0.39600000000000002
6525,defined,500,202,0.40400000000000003
6526,defined,500,212,0.42399999999999999
6527,defined,500,224,0.44800000000000001
6528,defined,500,209,0.41799999999999998
6529,defined,500,210,0.41999999999999998
6530,defined,500,209,0.41799999999999998
6531,defined,500,209,0.41799999999999998
6532,defined,500,214,0.42799999999999999
6533,defined,500,194,0.38800000000000001
6534,defined,500,208,0.41599999999999998
6535,defined,500,201,0.40200000000000002
6536,defined,500,213,0.42599999999999999
6537,defined,500,205,0.40999999999999998
6538,defined,500,202,0.40400000000000003
6539,defined,500,201,0.40200000000000002
6540,defined,500,219,0.438
6541,defined,500,209,0.41799999999999998
6542,defined,500,200,0.40000000000000002
6543,defined,500,212,0.42399999999999999
6544,defined,500,209,0.41799999999999998
6545,defined,500,211,0.42199999999999999
6546,defined,500,200,0.40000000000000002
6547,defined,500,198,0.39600000000000002
6548,defined,500,201,0.40200000000000002
6549,defined,500,207,0.41399999999999998
6550,defined,500,201,0.40200000000000002
6551,defined,500,206,0.41199999999999998
6552,defined,500,207,0.41399999999999998
6553,defined,500,204,0.40799999999999997
6554,defined,500,202,0.40400000000000003
6555,defined,500,210,0.41999999999999998
6556,defined,500,204,0.40799999999999997
6557,defined,500,207,0.41399999999999998
6558,defined,500,213,0.42599999999999999
6559,defined,500,200,0.40000000000000002
6560,defined,500,209,0.41799999999999998
6561,defined,500,204,0.40799999999999997
6562,defined,500,213,0.42599999999999999
6563,defined,500,193,0.38600000000000001
6564,defined,500,215,0.42999999999999999
6565,defined,500,204,0.40799999999999997
6566,defined,500,187,0.374
6567,defined,500,208,0.41599999999999998
6568,defined,500,201,0.40200000000000002
6569,defined,500,207,0.41399999999999998
6570,defined,500,211,0.42199999999999999
6571,defined,500,195,0.39000000000000001
6572,defined,500,210,0.41999999999999998
6573,defined,500,222,0.44400000000000001
6574,defined,500,212,0.42399999999999999
6575,defined,500,203,0.40600000000000003
6576,defined,500,218,0.436
6577,defined,500,194,0.38800000000000001
6578,defined,500,214,0.42799999999999999
6579,defined,500,204,0.40799999999999997
6580,defined,500,217,0.434
6581,defined,500,189,0.378
6582,defined,500,209,0.41799999999999998
6583,defined,500,212,0.42399999999999999
6584,defined,500,206,0.41199999999999998
6585,defined,500,209,0.41799999999999998
6586,defined,500,208,0.41599999999999998
6587,defined,500,207,0.41399999999999998
6588,defined,500,209,0.41799999999999998
6589,defined,500,209,0.41799999999999998
6590,defined,500,208,0.41599999999999998
6591,defined,500,210,0.41999999999999998
6592,defined,500,210,0.41999999999999998
6593,defined,500,212,0.42399999999999999
6594,defined,500,220,0.44
6595,defined,500,207,0.41399999999999998
6596,defined,500,201,0.40200000000000002
6597,defined,500,204,0.40799999999999997
6598,defined,500,214,0.42799999999999999
6599,defined,500,204,0.40799999999999997
6600,defined,500,212,0.42399999999999999
6601,defined,500,201,0.40200000000000002
6602,defined,500,211,0.42199999999999999
6603,defined,500,201,0.40200000000000002
6604,defined,500,200,0.40000000000000002
6605,defined,500,205,0.40999999999999998
6606,defined,500,210,0.41999999999999998
6607,defined,500,193,0.38600000000000001
6608,defined,500,205,0.40999999999999998
6609,defined,500,210,0.41999999999999998
6610,defined,500,205,0.40999999999999998
6611,defined,500,205,0.40999999999999998
6612,defined,500,211,0.42199999999999999
6613,defined,500,199,0.39800000000000002
6614,defined,500,218,0.436
6615,defined,500,218,0.436
6616,defined,500,217,0.434
6617,defined,500,205,0.40999999999999998
6618,defined,500,215,0.42999999999999999
6619,defined,500,198,0.39600000000000002
6620,defined,500,207,0.41399999999999998
6621,defined,500,202,0.40400000000000003
6622,defined,500,202,0.40400000000000003
6623,defined,500,208,0.41599999999999998
6624,defined,500,208,0.41599999999999998
6625,defined,500,205,0.40999999999999998
6626,defined,500,213,0.42599999999999999
6627,defined,500,205,0.40999999999999998
6628,defined,500,200,0.40000000000000002
6629,defined,500,205,0.40999999999999998
6630,defined,500,213,0.42599999999999999
6631,defined,500,195,0.39000000000000001
6632,defined,500,203,0.40600000000000003
6633,defined,500,222,0.44400000000000001
6634,defined,500,198,0.39600000000000002
6635,defined,500,195,0.39000000000000001
6636,defined,500,200,0.40000000000000002
6637,defined,500,217,0.434
6638,defined,500,201,0.40200000000000002
6639,defined,500,210,0.41999999999999998
6640,defined,500,207,0.41399999999999998
6641,defined,500,199,0.39800000000000002
6642,defined,500,202,0.40400000000000003
6643,defined,500,191,0.38200000000000001
6644,defined,500,205,0.40999999999999998
6645,defined,500,205,0.40999999999999998
6646,defined,500,205,0.40999999999999998
6647,defined,500,203,0.40600000000000003
6648,defined,500,199,0.39800000000000002
6649,defined,500,210,0.41999999999999998
6650,defined,500,211,0.42199999999999999
6651,defined,500,204,0.40799999999999997
6652,defined,500,228,0.45600000000000002
6653,defined,500,223,0.44600000000000001
6654,defined,500,206,0.41199999999999998
6655,defined,500,209,0.41799999999999998
6656,defined,500,204,0.40799999999999997
6657,defined,500,200,0.40000000000000002
6658,defined,500,208,0.41599999999999998
6659,defined,500,215,0.42999999999999999
6660,defined,500,209,0.41799999999999998
6661,defined,500,209,0.41799999999999998
6662,defined,500,209,0.41799999999999998
6663,defined,500,201,0.40200000000000002
6664,defined,500,218,0.436
6665,defined,500,212,0.42399999999999999
6666,defined,500,209,0.41799999999999998
6667,defined,500,210,0.41999999999999998
6668,defined,500,200,0.40000000000000002
6669,defined,500,212,0.42399999999999999
6670,defined,500,215,0.42999999999999999
6671,defined,500,211,0.42199999999999999
6672,defined,500,209,0.41799999999999998
6673,defined,500,213,0.42599999999999999
6674,defined,500,206,0.41199999999999998
6675,defined,500,210,0.41999999999999998
6676,defined,500,197,0.39400000000000002
6677,defined,500,214,0.42799999999999999
6678,defined,500,205,0.40999999999999998
6679,defined,500,217,0.434
6680,defined,500,203,0.40600000000000003
6681,defined,500,197,0.39400000000000002
6682,defined,500,204,0.40799999999999997
6683,defined,500,199,0.39800000000000002
6684,defined,500,195,0.39000000000000001
6685,defined,500,205,0.40999999999999998
6686,defined,500,211,0.42199999999999999
6687,defined,500,203,0.40600000000000003
6688,defined,500,196,0.39200000000000002
6689,defined,500,197,0.39400000000000002
6690,defined,500,204,0.40799999999999997
6691,defined,500,201,0.40200000000000002
6692,defined,500,203,0.40600000000000003
6693,defined,500,213,0.42599999999999999
6694,defined,500,214,0.42799999999999999
6695,defined,500,200,0.40000000000000002
6696,defined,500,208,0.41599999999999998
6697,defined,500,201,0.40200000000000002
6698,defined,500,206,0.41199999999999998
6699,defined,500,202,0.40400000000000003
6700,defined,500,199,0.39800000000000002
6701,defined,500,187,0.374
6702,defined,500,210,0.41999999999999998
6703,defined,500,209,0.41799999999999998
6704,defined,500,200,0.40000000000000002
6705,defined,500,202,0.40400000000000003
6706,defined,500,205,0.40999999999999998
6707,defined,500,204,0.40799999999999997
6708,defined,500,215,0.42999999999999999
6709,defined,500,216,0.432
6710,defined,500,201,0.40200000000000002
6711,defined,500,216,0.432
6712,defined,500,205,0.40999999999999998
6713,defined,500,204,0.40799999999999997
6714,defined,500,203,0.40600000000000003
6715,defined,500,210,0.41999999999999998
6716,defined,500,212,0.42399999999999999
6717,defined,500,213,0.42599999999999999
6718,defined,500,216,0.432
6719,defined,500,200,0.40000000000000002
6720,defined,500,200,0.40000000000000002
6721,defined,500,207,0.41399999999999998
6722,defined,500,215,0.42999999999999999
6723,defined,500,197,0.39400000000000002
6724,defined,500,201,0.40200000000000002
6725,defined,500,203,0.40600000000000003
6726,defined,500,212,0.42399999999999999
6727,defined,500,198,0.39600000000000002
6728,defined,500,215,0.42999999999999999
6729,defined,500,229,0.45800000000000002
6730,defined,500,207,0.41399999999999998
6731,defined,500,213,0.42599999999999999
6732,defined,500,206,0.41199999999999998
6733,defined,500,205,0.40999999999999998
6734,defined,500,208,0.41599999999999998
6735,defined,500,202,0.40400000000000003
6736,defined,500,203,0.40600000000000003
6737,defined,500,212,0.42399999999999999
6738,defined,500,206,0.41199999999999998
6739,defined,500,204,0.40799999999999997
6740,defined,500,201,0.40200000000000002
6741,defined,500,206,0.41199999999999998
6742,defined,500,208,0.41599999999999998
6743,defined,500,199,0.39800000000000002
6744,defined,500,212,0.42399999999999999
6745,defined,500,202,0.40400000000000003
6746,defined,500,207,0.41399999999999998
6747,defined,500,203,0.40600000000000003
6748,defined,500,217,0.434
6749,defined,500,211,0.42199999999999999
6750,defined,500,220,0.44
6751,defined,500,207,0.41399999999999998
6752,defined,500,196,0.39200000000000002
6753,defined,500,206,0.41199999999999998
6754,defined,500,204,0.40799999999999997
6755,defined,500,195,0.39000000000000001
6756,defined,500,210,0.41999999999999998
6757,defined,500,202,0.40400000000000003
6758,defined,500,198,0.39600000000000002
6759,defined,500,209,0.41799999999999998
6760,defined,500,209,0.41799999999999998
6761,defined,500,217,0.434
6762,defined,500,212,0.42399999999999999
6763,defined,500,211,0.42199999999999999
6764,defined,500,212,0.42399999999999999
6765,defined,500,207,0.41399999999999998
6766,defined,500,212,0.42399999999999999
6767,defined,500,204,0.40799999999999997
6768,defined,500,199,0.39800000000000002
6769,defined,500,211,0.42199999999999999
6770,defined,500,204,0.40799999999999997
6771,defined,500,198,0.39600000000000002
6772,defined,500,203,0.40600000000000003
6773,defined,500,220,0.44
6774,defined,500,188,0.376
6775,defined,500,212,0.42399999999999999
6776,defined,500,211,0.42199999999999999
6777,defined,500,211,0.42199999999999999
6778,defined,500,202,0.40400000000000003
6779,defined,500,197,0.39400000000000002
6780,defined,500,215,0.42999999999999999
6781,defined,500,217,0.434
6782,defined,500,209,0.41799999999999998
6783,defined,500,205,0.40999999999999998
6784,defined,500,208,0.41599999999999998
6785,defined,500,217,0.434
6786,defined,500,206,0.41199999999999998
6787,defined,500,209,0.41799999999999998
6788,defined,500,207,0.41399999999999998
6789,defined,500,211,0.42199999999999999
6790,defined,500,210,0.41999999999999998
6791,defined,500,201,0.40200000000000002
6792,defined,500,200,0.40000000000000002
6793,defined,500,211,0.42199999999999999
6794,defined,500,200,0.40000000000000002
6795,defined,500,198,0.39600000000000002
6796,defined,500,207,0.41399999999999998
6797,defined,500,206,0.41199999999999998
6798,defined,500,206,0.41199999999999998
6799,defined,500,205,0.40999999999999998
6800,defined,500,201,0.40200000000000002
6801,defined,500,208,0.41599999999999998
6802,defined,500,198,0.39600000000000002
6803,defined,500,212,0.42399999999999999
6804,defined,500,212,0.42399999999999999
6805,defined,500,203,0.40600000000000003
6806,defined,500,217,0.434
6807,defined,500,197,0.39400000000000002
6808,defined,500,208,0.41599999999999998
6809,defined,500,214,0.42799999999999999
6810,defined,500,214,0.42799999999999999
6811,defined,500,206,0.41199999999999998
6812,defined,500,198,0.39600000000000002
6813,defined,500,204,0.40799999999999997
6814,defined,500,202,0.40400000000000003
6815,defined,500,204,0.40799999999999997
6816,defined,500,217,0.434
6817,defined,500,212,0.42399999999999999
6818,defined,500,219,0.438
6819,defined,500,209,0.41799999999999998
6820,defined,500,204,0.40799999999999997
6821,defined,500,204,0.40799999999999997
6822,defined,500,205,0.40999999999999998
6823,defined,500,204,0.40799999999999997
6824,defined,500,217,0.434
6825,defined,500,207,0.41399999999999998
6826,defined,500,203,0.40600000000000003
6827,defined,500,209,0.41799999999999998
6828,defined,500,205,0.40999999999999998
6829,defined,500,197,0.39400000000000002
6830,defined,500,212,0.42399999999999999
6831,defined,500,199,0.39800000000000002
6832,defined,500,209,0.41799999999999998
6833,defined,500,198,0.39600000000000002
6834,defined,500,208,0.41599999999999998
6835,defined,500,211,0.42199999999999999
6836,defined,500,202,0.40400000000000003
6837,defined,500,202,0.40400000000000003
6838,defined,500,206,0.41199999999999998
6839,defined,500,196,0.39200000000000002
6840,defined,500,199,0.39800000000000002
6841,defined,500,213,0.42599999999999999
6842,defined,500,192,0.38400000000000001
6843,defined,500,202,0.40400000000000003
6844,defined,500,207,0.41399999999999998
6845,defined,500,203,0.40600000000000003
6846,defined,500,204,0.40799999999999997
6847,defined,500,213,0.42599999999999999
6848,defined,500,208,0.41599999999999998
6849,defined,500,207,0.41399999999999998
6850,defined,500,208,0.41599999999999998
6851,defined,500,211,0.42199999999999999
6852,defined,500,207,0.41399999999999998
6853,defined,500,212,0.42399999999999999
6854,defined,500,209,0.41799999999999998
6855,defined,500,202,0.40400000000000003
6856,defined,500,208,0.41599999999999998
6857,defined,500,209,0.41799999999999998
6858,defined,500,205,0.40999999999999998
6859,defined,500,214,0.42799999999999999
6860,defined,500,205,0.40999999999999998
6861,defined,500,213,0.42599999999999999
6862,defined,500,207,0.41399999999999998
6863,defined,500,207,0.41399999999999998
6864,defined,500,193,0.38600000000000001
6865,defined,500,215,0.42999999999999999
6866,defined,500,207,0.41399999999999998
6867,defined,500,200,0.40000000000000002
6868,defined,500,200,0.40000000000000002
6869,defined,500,209,0.41799999999999998
6870,defined,500,210,0.41999999999999998
6871,defined,500,197,0.39400000000000002
6872,defined,500,205,0.40999999999999998
6873,defined,500,211,0.42199999999999999
6874,defined,500,202,0.40400000000000003
6875,defined,500,202,0.40400000000000003
6876,defined,500,206,0.41199999999999998
6877,defined,500,214,0.42799999999999999
6878,defined,500,208,0.41599999999999998
6879,defined,500,213,0.42599999999999999
6880,defined,500,213,0.42599999999999999
6881,defined,500,218,0.436
6882,defined,500,216,0.432
6883,defined,500,214,0.42799999999999999
6884,defined,500,212,0.42399999999999999
6885,defined,500,217,0.434
6886,defined,500,213,0.42599999999999999
6887,defined,500,212,0.42399999999999999
6888,defined,500,212,0.42399999999999999
6889,defined,500,206,0.41199999999999998
6890,defined,500,215,0.42999999999999999
6891,defined,500,213,0.42599999999999999
6892,defined,500,202,0.40400000000000003
6893,defined,500,214,0.42799999999999999
6894,defined,500,216,0.432
6895,defined,500,202,0.40400000000000003
6896,defined,500,197,0.39400000000000002
6897,defined,500,206,0.41199999999999998
6898,defined,500,220,0.44
6899,defined,500,203,0.40600000000000003
6900,defined,500,199,0.39800000000000002
6901,defined,500,213,0.42599999999999999
6902,defined,500,197,0.39400000000000002
6903,defined,500,218,0.436
6904,defined,500,208,0.41599999999999998
6905,defined,500,204,0.40799999999999997
6906,defined,500,199,0.39800000000000002
6907,defined,500,216,0.432
6908,defined,500,209,0.41799999999999998
6909,defined,500,209,0.41799999999999998
6910,defined,500,219,0.438
6911,defined,500,209,0.41799999999999998
6912,defined,500,212,0.42399999999999999
6913,defined,500,217,0.434
6914,defined,500,211,0.42199999999999999
6915,defined,500,201,0.40200000000000002
6916,defined,500,203,0.40600000000000003
6917,defined,500,205,0.40999999999999998
6918,defined,500,201,0.40200000000000002
6919,defined,500,205,0.40999999999999998
6920,defined,500,201,0.40200000000000002
6921,defined,500,211,0.42199999999999999
6922,defined,500,206,0.41199999999999998
6923,defined,500,206,0.41199999999999998
6924,defined,500,222,0.44400000000000001
6925,defined,500,199,0.39800000000000002
6926,defined,500,202,0.40400000000000003
6927,defined,500,207,0.41399999999999998
6928,defined,500,207,0.41399999999999998
6929,defined,500,204,0.40799999999999997
6930,defined,500,208,0.41599999999999998
6931,defined,500,214,0.42799999999999999
6932,defined,500,207,0.41399999999999998
6933,defined,500,219,0.438
6934,defined,500,194,0.38800000000000001
6935,defined,500,211,0.42199999999999999
6936,defined,500,204,0.40799999999999997
6937,defined,500,199,0.39800000000000002
6938,defined,500,214,0.42799999999999999
6939,defined,500,210,0.41999999999999998
6940,defined,500,195,0.39000000000000001
6941,defined,500,203,0.40600000000000003
6942,defined,500,203,0.40600000000000003
6943,defined,500,211,0.42199999999999999
6944,defined,500,203,0.40600000000000003
6945,defined,500,212,0.42399999999999999
6946,defined,500,210,0.41999999999999998
6947,defined,500,206,0.41199999999999998
6948,defined,500,207,0.41399999999999998
6949,defined,500,212,0.42399999999999999
6950,defined,500,206,0.41199999999999998
6951,defined,500,203,0.40600000000000003
6952,defined,500,204,0.40799999999999997
6953,defined,500,212,0.42399999999999999
6954,defined,500,210,0.41999999999999998
6955,defined,500,208,0.41599999999999998
6956,defined,500,216,0.432
6957,defined,500,201,0.40200000000000002
6958,defined,500,213,0.42599999999999999
6959,defined,500,205,0.40999999999999998
6960,defined,500,213,0.42599999999999999
6961,defined,500,215,0.42999999999999999
6962,defined,500,206,0.41199999999999998
6963,defined,500,207,0.41399999999999998
6964,defined,500,200,0.40000000000000002
6965,defined,500,209,0.41799999999999998
6966,defined,500,210,0.41999999999999998
6967,defined,500,213,0.42599999999999999
6968,defined,500,202,0.40400000000000003
6969,defined,500,212,0.42399999999999999
6970,defined,500,216,0.432
6971,defined,500,207,0.41399999999999998
6972,defined,500,213,0.42599999999999999
6973,defined,500,206,0.41199999999999998
6974,defined,500,213,0.42599999999999999
6975,defined,500,206,0.41199999999999998
6976,defined,500,213,0.42599999999999999
6977,defined,500,210,0.41999999999999998
6978,defined,500,200,0.40000000000000002
6979,defined,500,204,0.40799999999999997
6980,defined,500,198,0.39600000000000002
6981,defined,500,214,0.42799999999999999
6982,defined,500,215,0.42999999999999999
6983,defined,500,209,0.41799999999999998
6984,defined,500,203,0.40600000000000003
6985,defined,500,212,0.42399999999999999
6986,defined,500,200,0.40000000000000002
6987,defined,500,201,0.40200000000000002
6988,defined,500,204,0.40799999999999997
6989,defined,500,212,0.42399999999999999
6990,defined,500,203,0.40600000000000003
6991,defined,500,206,0.41199999999999998
6992,defined,500,195,0.39000000000000001
6993,defined,500,210,0.41999999999999998
6994,defined,500,188,0.376
6995,defined,500,206,0.41199999999999998
6996,defined,500,198,0.39600000000000002
6997,defined,500,213,0.42599999999999999
6998,defined,500,210,0.41999999999999998
6999,defined,500,206,0.41199999999999998
7000,defined,500,196,0.39200000000000002
7001,defined,500,204,0.40799999999999997
7002,defined,500,203,0.40600000000000003
7003,defined,500,205,0.40999999999999998
7004,defined,500,204,0.40799999999999997
7005,defined,500,212,0.42399999999999999
7006,defined,500,206,0.41199999999999998
7007,defined,500,213,0.42599999999999999
7008,defined,500,204,0.40799999999999997
7009,defined,500,206,0.41199999999999998
7010,defined,500,207,0.41399999999999998
7011,defined,500,201,0.40200000000000002
7012,defined,500,198,0.39600000000000002
7013,defined,500,211,0.42199999999999999
7014,defined,500,209,0.41799999999999998
7015,defined,500,203,0.40600000000000003
7016,defined,500,197,0.39400000000000002
7017,defined,500,209,0.41799999999999998
7018,defined,500,199,0.39800000000000002
7019,defined,500,216,0.432
7020,defined,500,191,0.38200000000000001
7021,defined,500,212,0.42399999999999999
7022,defined,500,207,0.41399999999999998
7023,defined,500,204,0.40799999999999997
7024,defined,500,210,0.41999999999999998
7025,defined,500,210,0.41999999999999998
7026,defined,500,189,0.378
7027,defined,500,213,0.42599999999999999
7028,defined,500,203,0.40600000000000003
7029,defined,500,204,0.40799999999999997
7030,defined,500,193,0.38600000000000001
7031,defined,500,203,0.40600000000000003
7032,defined,500,208,0.41599999999999998
7033,defined,500,208,0.41599999999999998
7034,defined,500,213,0.42599999999999999
7035,defined,500,205,0.40999999999999998
7036,defined,500,204,0.40799999999999997
7037,defined,500,214,0.42799999999999999
7038,defined,500,207,0.41399999999999998
7039,defined,500,203,0.40600000000000003
7040,defined,500,206,0.41199999999999998
7041,defined,500,212,0.42399999999999999
7042,defined,500,213,0.42599999999999999
7043,defined,500,203,0.40600000000000003
7044,defined,500,216,0.432
7045,defined,500,207,0.41399999999999998
7046,defined,500,208,0.41599999999999998
7047,defined,500,199,0.39800000000000002
7048,defined,500,209,0.41799999999999998
7049,defined,500,208,0.41599999999999998
7050,defined,500,204,0.40799999999999997
7051,defined,500,215,0.42999999999999999
7052,defined,500,207,0.41399999999999998
7053,defined,500,193,0.38600000000000001
7054,defined,500,195,0.39000000000000001
7055,defined,500,204,0.40799999999999997
7056,defined,500,211,0.42199999999999999
7057,defined,500,215,0.42999999999999999
7058,defined,500,196,0.39200000000000002
7059,defined,500,204,0.40799999999999997
7060,defined,500,193,0.38600000000000001
7061,defined,500,211,0.42199999999999999
7062,defined,500,209,0.41799999999999998
7063,defined,500,203,0.40600000000000003
7064,defined,500,198,0.39600000000000002
7065,defined,500,215,0.42999999999999999
7066,defined,500,208,0.41599999999999998
7067,defined,500,199,0.39800000000000002
7068,defined,500,213,0.42599999999999999
7069,defined,500,203,0.40600000000000003
7070,defined,500,194,0.38800000000000001
7071,defined,500,204,0.40799999999999997
7072,defined,500,221,0.442
7073,defined,500,213,0.42599999999999999
7074,defined,500,186,0.372
7075,defined,500,200,0.40000000000000002
7076,defined,500,207,0.41399999999999998
7077,defined,500,206,0.41199999999999998
7078,defined,500,204,0.40799999999999997
7079,defined,500,204,0.40799999999999997
7080,defined,500,203,0.40600000000000003
7081,defined,500,201,0.40200000000000002
7082,defined,500,208,0.41599999999999998
7083,defined,500,204,0.40799999999999997
7084,defined,500,216,0.432
7085,defined,500,217,0.434
7086,defined,500,220,0.44
7087,defined,500,204,0.40799999999999997
7088,defined,500,217,0.434
7089,defined,500,212,0.42399999999999999
7090,defined,500,203,0.40600000000000003
7091,defined,500,206,0.41199999999999998
7092,defined,500,202,0.40400000000000003
7093,defined,500,203,0.40600000000000003
7094,defined,500,211,0.42199999999999999
7095,defined,500,212,0.42399999999999999
7096,defined,500,207,0.41399999999999998
7097,defined,500,215,0.42999999999999999
7098,defined,500,210,0.41999999999999998
7099,defined,500,203,0.40600000000000003
7100,defined,500,219,0.438
7101,defined,500,207,0.41399999999999998
7102,defined,500,209,0.41799999999999998
7103,defined,500,209,0.41799999999999998
7104,defined,500,202,0.40400000000000003
7105,defined,500,210,0.41999999999999998
7106,defined,500,206,0.41199999999999998
7107,defined,500,214,0.42799999999999999
7108,defined,500,210,0.41999999999999998
7109,defined,500,209,0.41799999999999998
7110,defined,500,203,0.40600000000000003
7111,defined,500,205,0.40999999999999998
7112,defined,500,212,0.42399999999999999
7113,defined,500,202,0.40400000000000003
7114,defined,500,210,0.41999999999999998
7115,defined,500,207,0.41399999999999998
7116,defined,500,212,0.42399999999999999
7117,defined,500,200,0.40000000000000002
7118,defined,500,205,0.40999999999999998
7119,defined,500,209,0.41799999999999998
7120,defined,500,212,0.42399999999999999
7121,defined,500,208,0.41599999999999998
7122,defined,500,208,0.41599999999999998
7123,defined,500,203,0.40600000000000003
7124,defined,500,204,0.40799999999999997
7125,defined,500,194,0.38800000000000001
7126,defined,500,217,0.434
7127,defined,500,213,0.42599999999999999
7128,defined,500,205,0.40999999999999998
7129,defined,500,210,0.41999999999999998
7130,defined,500,199,0.39800000000000002
7131,defined,500,201,0.40200000000000002
7132,defined,500,202,0.40400000000000003
7133,defined,500,203,0.40600000000000003
7134,defined,500,213,0.42599999999999999
7135,defined,500,214,0.42799999999999999
7136,defined,500,206,0.41199999999999998
7137,defined,500,211,0.42199999999999999
7138,defined,500,190,0.38
7139,defined,500,221,0.442
7140,defined,500,208,0.41599999999999998
7141,defined,500,203,0.40600000000000003
7142,defined,500,223,0.44600000000000001
7143,defined,500,209,0.41799999999999998
7144,defined,500,205,0.40999999999999998
7145,defined,500,213,0.42599999999999999
7146,defined,500,217,0.434
7147,defined,500,201,0.40200000000000002
7148,defined,500,205,0.40999999999999998
7149,defined,500,214,0.42799999999999999
7150,defined,500,199,0.39800000000000002
7151,defined,500,204,0.40799999999999997
7152,defined,500,208,0.41599999999999998
7153,defined,500,214,0.42799999999999999
7154,defined,500,205,0.40999999999999998
7155,defined,500,210,0.41999999999999998
7156,defined,500,203,0.40600000000000003
7157,defined,500,214,0.42799999999999999
7158,defined,500,189,0.378
7159,defined,500,209,0.41799999999999998
7160,defined,500,203,0.40600000000000003
7161,defined,500,209,0.41799999999999998
7162,defined,500,206,0.41199999999999998
7163,defined,500,205,0.40999999999999998
7164,defined,500,195,0.39000000000000001
7165,defined,500,197,0.39400000000000002
7166,defined,500,212,0.42399999999999999
7167,defined,500,205,0.40999999999999998
7168,defined,500,201,0.40200000000000002
7169,defined,500,209,0.41799999999999998
7170,defined,500,212,0.42399999999999999
7171,defined,500,194,0.38800000000000001
7172,defined,500,204,0.40799999999999997
7173,defined,500,203,0.40600000000000003
7174,defined,500,207,0.41399999999999998
7175,defined,500,210,0.41999999999999998
7176,defined,500,192,0.38400000000000001
7177,defined,500,217,0.434
7178,defined,500,216,0.432
7179,defined,500,220,0.44
7180,defined,500,198,0.39600000000000002
7181,defined,500,211,0.42199999999999999
7182,defined,500,201,0.40200000000000002
7183,defined,500,202,0.40400000000000003
7184,defined,500,214,0.42799999999999999
7185,defined,500,201,0.40200000000000002
7186,defined,500,213,0.42599999999999999
7187,defined,500,211,0.42199999999999999
7188,defined,500,213,0.42599999999999999
7189,defined,500,199,0.39800000000000002
7190,defined,500,206,0.41199999999999998
7191,defined,500,199,0.39800000000000002
7192,defined,500,196,0.39200000000000002
7193,defined,500,199,0.39800000000000002
7194,defined,500,202,0.40400000000000003
7195,defined,500,195,0.39000000000000001
7196,defined,500,222,0.44400000000000001
7197,defined,500,207,0.41399999999999998
7198,defined,500,216,0.432
7199,defined,500,191,0.38200000000000001
7200,defined,500,201,0.40200000000000002
7201,defined,500,196,0.39200000000000002
7202,defined,500,204,0.40799999999999997
7203,defined,500,204,0.40799999999999997
7204,defined,500,209,0.41799999999999998
7205,defined,500,208,0.41599999999999998
7206,defined,500,206,0.41199999999999998
7207,defined,500,217,0.434
7208,defined,500,204,0.40799999999999997
7209,defined,500,204,0.40799999999999997
7210,defined,500,204,0.40799999999999997
7211,defined,500,210,0.41999999999999998
7212,defined,500,210,0.41999999999999998
7213,defined,500,206,0.41199999999999998
7214,defined,500,200,0.40000000000000002
7215,defined,500,201,0.40200000000000002
7216,defined,500,205,0.40999999999999998
7217,defined,500,200,0.40000000000000002
7218,defined,500,217,0.434
7219,defined,500,208,0.41599999999999998
7220,defined,500,204,0.40799999999999997
7221,defined,500,205,0.40999999999999998
7222,defined,500,204,0.40799999999999997
7223,defined,500,205,0.40999999999999998
7224,defined,500,204,0.40799999999999997
7225,defined,500,207,0.41399999999999998
7226,defined,500,214,0.42799999999999999
7227,defined,500,204,0.40799999999999997
7228,defined,500,216,0.432
7229,defined,500,206,0.41199999999999998
7230,defined,500,197,0.39400000000000002
7231,defined,500,202,0.40400000000000003
7232,defined,500,215,0.42999999999999999
7233,defined,500,205,0.40999999999999998
7234,defined,500,207,0.41399999999999998
7235,defined,500,211,0.42199999999999999
7236,defined,500,212,0.42399999999999999
7237,defined,500,216,0.432
7238,defined,500,196,0.39200000000000002
7239,defined,500,195,0.39000000000000001
7240,defined,500,210,0.41999999999999998
7241,defined,500,208,0.41599999999999998
7242,defined,500,216,0.432
7243,defined,500,211,0.42199999999999999
7244,defined,500,207,0.41399999999999998
7245,defined,500,207,0.41399999999999998
7246,defined,500,206,0.41199999999999998
7247,defined,500,200,0.40000000000000002
7248,defined,500,202,0.40400000000000003
7249,defined,500,217,0.434
7250,defined,500,205,0.40999999999999998
7251,defined,500,218,0.436
7252,defined,500,217,0.434
7253,defined,500,216,0.432
7254,defined,500,206,0.41199999999999998
7255,defined,500,207,0.41399999999999998
7256,defined,500,209,0.41799999999999998
7257,defined,500,207,0.41399999999999998
7258,defined,500,218,0.436
7259,defined,500,209,0.41799999999999998
7260,defined,500,217,0.434
7261,defined,500,197,0.39400000000000002
7262,defined,500,202,0.40400000000000003
7263,defined,500,205,0.40999999999999998
7264,defined,500,211,0.42199999999999999
7265,defined,500,201,0.40200000000000002
7266,defined,500,199,0.39800000000000002
7267,defined,500,204,0.40799999999999997
7268,defined,500,211,0.42199999999999999
7269,defined,500,215,0.42999999999999999
7270,defined,500,203,0.40600000000000003
7271,defined,500,215,0.42999999999999999
7272,defined,500,231,0.46200000000000002
7273,defined,500,218,0.436
7274,defined,500,222,0.44400000000000001
7275,defined,500,212,0.42399999999999999
7276,defined,500,202,0.40400000000000003
7277,defined,500,214,0.42799999999999999
7278,defined,500,209,0.41799999999999998
7279,defined,500,201,0.40200000000000002
7280,defined,500,207,0.41399999999999998
7281,defined,500,212,0.42399999999999999
7282,defined,500,216,0.432
7283,defined,500,209,0.41799999999999998
7284,defined,500,216,0.432
7285,defined,500,207,0.41399999999999998
7286,defined,500,200,0.40000000000000002
7287,defined,500,214,0.42799999999999999
7288,defined,500,214,0.42799999999999999
7289,defined,500,213,0.42599999999999999
7290,defined,500,204,0.40799999999999997
7291,defined,500,206,0.41199999999999998
7292,defined,500,197,0.39400000000000002
7293,defined,500,205,0.40999999999999998
7294,defined,500,208,0.41599999999999998
7295,defined,500,211,0.42199999999999999
7296,defined,500,217,0.434
7297,defined,500,213,0.42599999999999999
7298,defined,500,202,0.40400000000000003
7299,defined,500,198,0.39600000000000002
7300,defined,500,218,0.436
7301,defined,500,205,0.40999999999999998
7302,defined,500,204,0.40799999999999997
7303,defined,500,210,0.41999999999999998
7304,defined,500,209,0.41799999999999998
7305,defined,500,217,0.434
7306,defined,500,206,0.41199999999999998
7307,defined,500,208,0.41599999999999998
7308,defined,500,211,0.42199999999999999
7309,defined,500,202,0.40400000000000003
7310,defined,500,217,0.434
7311,defined,500,204,0.40799999999999997
7312,defined,500,201,0.40200000000000002
7313,defined,500,207,0.41399999999999998
7314,defined,500,205,0.40999999999999998
7315,defined,500,218,0.436
7316,defined,500,208,0.41599999999999998
7317,defined,500,210,0.41999999999999998
7318,defined,500,204,0.40799999999999997
7319,defined,500,199,0.39800000000000002
7320,defined,500,209,0.41799999999999998
7321,defined,500,211,0.42199999999999999
7322,defined,500,205,0.40999999999999998
7323,defined,500,210,0.41999999999999998
7324,defined,500,205,0.40999999999999998
7325,defined,500,203,0.40600000000000003
7326,defined,500,223,0.44600000000000001
7327,defined,500,227,0.45400000000000001
7328,defined,500,197,0.39400000000000002
7329,defined,500,206,0.41199999999999998
7330,defined,500,215,0.42999999999999999
7331,defined,500,217,0.434
7332,defined,500,202,0.40400000000000003
7333,defined,500,205,0.40999999999999998
7334,defined,500,203,0.40600000000000003
7335,defined,500,204,0.40799999999999997
7336,defined,500,211,0.42199999999999999
7337,defined,500,216,0.432
7338,defined,500,208,0.41599999999999998
7339,defined,500,207,0.41399999999999998
7340,defined,500,207,0.41399999999999998
7341,defined,500,215,0.42999999999999999
7342,defined,500,212,0.42399999999999999
7343,defined,500,197,0.39400000000000002
7344,defined,500,207,0.41399999999999998
7345,defined,500,212,0.42399999999999999
7346,defined,500,210,0.41999999999999998
7347,defined,500,210,0.41999999999999998
7348,defined,500,208,0.41599999999999998
7349,defined,500,206,0.41199999999999998
7350,defined,500,207,0.41399999999999998
7351,defined,500,204,0.40799999999999997
7352,defined,500,190,0.38
7353,defined,500,206,0.41199999999999998
7354,defined,500,199,0.39800000000000002
7355,defined,500,203,0.40600000000000003
7356,defined,500,202,0.40400000000000003
7357,defined,500,209,0.41799999999999998
7358,defined,500,209,0.41799999999999998
7359,defined,500,216,0.432
7360,defined,500,217,0.434
7361,defined,500,190,0.38
7362,defined,500,218,0.436
7363,defined,500,208,0.41599999999999998
7364,defined,500,213,0.42599999999999999
7365,defined,500,215,0.42999999999999999
7366,defined,500,217,0.434
7367,defined,500,213,0.42599999999999999
7368,defined,500,220,0.44
7369,defined,500,201,0.40200000000000002
7370,defined,500,199,0.39800000000000002
7371,defined,500,215,0.42999999999999999
7372,defined,500,202,0.40400000000000003
7373,defined,500,209,0.41799999999999998
7374,defined,500,214,0.42799999999999999
7375,defined,500,194,0.38800000000000001
7376,defined,500,206,0.41199999999999998
7377,defined,500,203,0.40600000000000003
7378,defined,500,199,0.39800000000000002
7379,defined,500,202,0.40400000000000003
7380,defined,500,200,0.40000000000000002
7381,defined,500,212,0.42399999999999999
7382,defined,500,202,0.40400000000000003
7383,defined,500,217,0.434
7384,defined,500,194,0.38800000000000001
7385,defined,500,215,0.42999999999999999
7386,defined,500,203,0.40600000000000003
7387,defined,500,203,0.40600000000000003
7388,defined,500,202,0.40400000000000003
7389,defined,500,209,0.41799999999999998
7390,defined,500,211,0.42199999999999999
7391,defined,500,211,0.42199999999999999
7392,defined,500,209,0.41799999999999998
7393,defined,500,212,0.42399999999999999
7394,defined,500,209,0.41799999999999998
7395,defined,500,216,0.432
7396,defined,500,207,0.41399999999999998
7397,defined,500,202,0.40400000000000003
7398,defined,500,197,0.39400000000000002
7399,defined,500,204,0.40799999999999997
7400,defined,500,218,0.436
7401,defined,500,209,0.41799999999999998
7402,defined,500,208,0.41599999999999998
7403,defined,500,203,0.40600000000000003
7404,defined,500,216,0.432
7405,defined,500,223,0.44600000000000001
7406,defined,500,206,0.41199999999999998
7407,defined,500,220,0.44
7408,defined,500,203,0.40600000000000003
7409,defined,500,205,0.40999999999999998
7410,defined,500,216,0.432
7411,defined,500,204,0.40799999999999997
7412,defined,500,216,0.432
7413,defined,500,214,0.42799999999999999
7414,defined,500,211,0.42199999999999999
7415,defined,500,210,0.41999999999999998
7416,defined,500,212,0.42399999999999999
7417,defined,500,199,0.39800000000000002
7418,defined,500,212,0.42399999999999999
7419,defined,500,217,0.434
7420,defined,500,211,0.42199999999999999
7421,defined,500,199,0.39800000000000002
7422,defined,500,211,0.42199999999999999
7423,defined,500,207,0.41399999999999998
7424,defined,500,204,0.40799999999999997
7425,defined,500,202,0.40400000000000003
7426,defined,500,207,0.41399999999999998
7427,defined,500,220,0.44
7428,defined,500,204,0.40799999999999997
7429,defined,500,214,0.42799999999999999
7430,defined,500,211,0.42199999999999999
7431,defined,500,197,0.39400000000000002
7432,defined,500,205,0.40999999999999998
7433,defined,500,197,0.39400000000000002
7434,defined,500,214,0.42799999999999999
7435,defined,500,217,0.434
7436,defined,500,196,0.39200000000000002
7437,defined,500,196,0.39200000000000002
7438,defined,500,211,0.42199999999999999
7439,defined,500,208,0.41599999999999998
7440,defined,500,191,0.38200000000000001
7441,defined,500,206,0.41199999999999998
7442,defined,500,204,0.40799999999999997
7443,defined,500,214,0.42799999999999999
7444,defined,500,203,0.40600000000000003
7445,defined,500,206,0.41199999999999998
7446,defined,500,207,0.41399999999999998
7447,defined,500,199,0.39800000000000002
7448,defined,500,208,0.41599999999999998
7449,defined,500,201,0.40200000000000002
7450,defined,500,211,0.42199999999999999
7451,defined,500,204,0.40799999999999997
7452,defined,500,205,0.40999999999999998
7453,defined,500,215,0.42999999999999999
7454,defined,500,201,0.40200000000000002
7455,defined,500,209,0.41799999999999998
7456,defined,500,201,0.40200000000000002
7457,defined,500,217,0.434
7458,defined,500,200,0.40000000000000002
7459,defined,500,209,0.41799999999999998
7460,defined,500,206,0.41199999999999998
7461,defined,500,210,0.41999999999999998
7462,defined,500,204,0.40799999999999997
7463,defined,500,211,0.42199999999999999
7464,defined,500,206,0.41199999999999998
7465,defined,500,201,0.40200000000000002
7466,defined,500,198,0.39600000000000002
7467,defined,500,208,0.41599999999999998
7468,defined,500,210,0.41999999999999998
7469,defined,500,210,0.41999999999999998
7470,defined,500,209,0.41799999999999998
7471,defined,500,201,0.40200000000000002
7472,defined,500,211,0.42199999999999999
7473,defined,500,198,0.39600000000000002
7474,defined,500,199,0.39800000000000002
7475,defined,500,221,0.442
7476,defined,500,210,0.41999999999999998
7477,defined,500,212,0.42399999999999999
7478,defined,500,200,0.40000000000000002
7479,defined,500,212,0.42399999999999999
7480,defined,500,206,0.41199999999999998
7481,defined,500,215,0.42999999999999999
7482,defined,500,198,0.39600000000000002
7483,defined,500,217,0.434
7484,defined,500,209,0.41799999999999998
7485,defined,500,206,0.41199999999999998
7486,defined,500,217,0.434
7487,defined,500,210,0.41999999999999998
7488,defined,500,200,0.40000000000000002
7489,defined,500,203,0.40600000000000003
7490,defined,500,214,0.42799999999999999
7491,defined,500,201,0.40200000000000002
7492,defined,500,210,0.41999999999999998
7493,defined,500,208,0.41599999999999998
7494,defined,500,205,0.40999999999999998
7495,defined,500,208,0.41599999999999998
7496,defined,500,202,0.40400000000000003
7497,defined,500,200,0.40000000000000002
7498,defined,500,204,0.40799999999999997
7499,defined,500,202,0.40400000000000003
7500,defined,500,212,0.42399999999999999
7501,defined,500,195,0.39000000000000001
7502,defined,500,203,0.40600000000000003
7503,defined,500,208,0.41599999999999998
7504,defined,500,205,0.40999999999999998
7505,defined,500,193,0.38600000000000001
7506,defined,500,207,0.41399999999999998
7507,defined,500,214,0.42799999999999999
7508,defined,500,206,0.41199999999999998
7509,defined,500,215,0.42999999999999999
7510,defined,500,209,0.41799999999999998
7511,defined,500,202,0.40400000000000003
7512,defined,500,200,0.40000000000000002
7513,defined,500,212,0.42399999999999999
7514,defined,500,217,0.434
7515,defined,500,204,0.40799999999999997
7516,defined,500,214,0.42799999999999999
7517,defined,500,204,0.40799999999999997
7518,defined,500,199,0.39800000000000002
7519,defined,500,212,0.42399999999999999
7520,defined,500,209,0.41799999999999998
7521,defined,500,200,0.40000000000000002
7522,defined,500,211,0.42199999999999999
7523,defined,500,206,0.41199999999999998
7524,defined,500,208,0.41599999999999998
7525,defined,500,194,0.38800000000000001
7526,defined,500,208,0.41599999999999998
7527,defined,500,205,0.40999999999999998
7528,defined,500,204,0.40799999999999997
7529,defined,500,193,0.38600000000000001
7530,defined,500,204,0.40799999999999997
7531,defined,500,201,0.40200000000000002
7532,defined,500,214,0.42799999999999999
7533,defined,500,210,0.41999999999999998
7534,defined,500,208,0.41599999999999998
7535,defined,500,207,0.41399999999999998
7536,defined,500,205,0.40999999999999998
7537,defined,500,199,0.39800000000000002
7538,defined,500,207,0.41399999999999998
7539,defined,500,202,0.40400000000000003
7540,defined,500,211,0.42199999999999999
7541,defined,500,208,0.41599999999999998
7542,defined,500,209,0.41799999999999998
7543,defined,500,215,0.42999999999999999
7544,defined,500,201,0.40200000000000002
7545,defined,500,207,0.41399999999999998
7546,defined,500,204,0.40799999999999997
7547,defined,500,215,0.42999999999999999
7548,defined,500,210,0.41999999999999998
7549,defined,500,204,0.40799999999999997
7550,defined,500,205,0.40999999999999998
7551,defined,500,225,0.45000000000000001
7552,defined,500,208,0.41599999999999998
7553,defined,500,205,0.40999999999999998
7554,defined,500,211,0.42199999999999999
7555,defined,500,205,0.40999999999999998
7556,defined,500,208,0.41599999999999998
7557,defined,500,208,0.41599999999999998
7558,defined,500,213,0.42599999999999999
7559,defined,500,208,0.41599999999999998
7560,defined,500,199,0.39800000000000002
7561,defined,500,204,0.40799999999999997
7562,defined,500,209,0.41799999999999998
7563,defined,500,216,0.432
7564,defined,500,217,0.434
7565,defined,500,211,0.42199999999999999
7566,defined,500,209,0.41799999999999998
7567,defined,500,211,0.42199999999999999
7568,defined,500,211,0.42199999999999999
7569,defined,500,206,0.41199999999999998
7570,defined,500,207,0.41399999999999998
7571,defined,500,209,0.41799999999999998
7572,defined,500,208,0.41599999999999998
7573,defined,500,202,0.40400000000000003
7574,defined,500,213,0.42599999999999999
7575,defined,500,190,0.38
7576,defined,500,201,0.40200000000000002
7577,defined,500,208,0.41599999999999998
7578,defined,500,203,0.40600000000000003
7579,defined,500,213,0.42599999999999999
7580,defined,500,206,0.41199999999999998
7581,defined,500,213,0.42599999999999999
7582,defined,500,199,0.39800000000000002
7583,defined,500,205,0.40999999999999998
7584,defined,500,215,0.42999999999999999
7585,defined,500,212,0.42399999999999999
7586,defined,500,206,0.41199999999999998
7587,defined,500,195,0.39000000000000001
7588,defined,500,206,0.41199999999999998
7589,defined,500,209,0.41799999999999998
7590,defined,500,203,0.40600000000000003
7591,defined,500,202,0.40400000000000003
7592,defined,500,211,0.42199999999999999
7593,defined,500,209,0.41799999999999998
7594,defined,500,208,0.41599999999999998
7595,defined,500,211,0.42199999999999999
7596,defined,500,216,0.432
7597,defined,500,227,0.45400000000000001
7598,defined,500,203,0.40600000000000003
7599,defined,500,212,0.42399999999999999
7600,defined,500,207,0.41399999999999998
7601,defined,500,214,0.42799999999999999
7602,defined,500,209,0.41799999999999998
7603,defined,500,207,0.41399999999999998
7604,defined,500,202,0.40400000000000003
7605,defined,500,215,0.42999999999999999
7606,defined,500,203,0.40600000000000003
7607,defined,500,211,0.42199999999999999
7608,defined,500,202,0.40400000000000003
7609,defined,500,202,0.40400000000000003
7610,defined,500,207,0.41399999999999998
7611,defined,500,216,0.432
7612,defined,500,202,0.40400000000000003
7613,defined,500,217,0.434
7614,defined,500,200,0.40000000000000002
7615,defined,500,207,0.41399999999999998
7616,defined,500,212,0.42399999999999999
7617,defined,500,202,0.40400000000000003
7618,defined,500,209,0.41799999999999998
7619,defined,500,194,0.38800000000000001
7620,defined,500,204,0.40799999999999997
7621,defined,500,201,0.40200000000000002
7622,defined,500,205,0.40999999999999998
7623,defined,500,214,0.42799999999999999
7624,defined,500,209,0.41799999999999998
7625,defined,500,212,0.42399999999999999
7626,defined,500,212,0.42399999999999999
7627,defined,500,205,0.40999999999999998
7628,defined,500,193,0.38600000000000001
7629,defined,500,206,0.41199999999999998
7630,defined,500,209,0.41799999999999998
7631,defined,500,208,0.41599999999999998
7632,defined,500,202,0.40400000000000003
7633,defined,500,209,0.41799999999999998
7634,defined,500,209,0.41799999999999998
7635,defined,500,207,0.41399999999999998
7636,defined,500,211,0.42199999999999999
7637,defined,500,206,0.41199999999999998
7638,defined,500,202,0.40400000000000003
7639,defined,500,211,0.42199999999999999
7640,defined,500,196,0.39200000000000002
7641,defined,500,207,0.41399999999999998
7642,defined,500,202,0.40400000000000003
7643,defined,500,215,0.42999999999999999
7644,defined,500,200,0.40000000000000002
7645,defined,500,199,0.39800000000000002
7646,defined,500,197,0.39400000000000002
7647,defined,500,208,0.41599999999999998
7648,defined,500,213,0.42599999999999999
7649,defined,500,198,0.39600000000000002
7650,defined,500,222,0.44400000000000001
7651,defined,500,209,0.41799999999999998
7652,defined,500,215,0.42999999999999999
7653,defined,500,201,0.40200000000000002
7654,defined,500,207,0.41399999999999998
7655,defined,500,211,0.42199999999999999
7656,defined,500,214,0.42799999999999999
7657,defined,500,208,0.41599999999999998
7658,defined,500,204,0.40799999999999997
7659,defined,500,186,0.372
7660,defined,500,199,0.39800000000000002
7661,defined,500,207,0.41399999999999998
7662,defined,500,222,0.44400000000000001
7663,defined,500,215,0.42999999999999999
7664,defined,500,209,0.41799999999999998
7665,defined,500,202,0.40400000000000003
7666,defined,500,208,0.41599999999999998
7667,defined,500,204,0.40799999999999997
7668,defined,500,214,0.42799999999999999
7669,defined,500,208,0.41599999999999998
7670,defined,500,207,0.41399999999999998
7671,defined,500,199,0.39800000000000002
7672,defined,500,204,0.40799999999999997
7673,defined,500,206,0.41199999999999998
7674,defined,500,207,0.41399999999999998
7675,defined,500,199,0.39800000000000002
7676,defined,500,211,0.42199999999999999
7677,defined,500,208,0.41599999999999998
7678,defined,500,212,0.42399999999999999
7679,defined,500,197,0.39400000000000002
7680,defined,500,214,0.42799999999999999
7681,defined,500,206,0.41199999999999998
7682,defined,500,214,0.42799999999999999
7683,defined,500,203,0.40600000000000003
7684,defined,500,199,0.39800000000000002
7685,defined,500,208,0.41599999999999998
7686,defined,500,205,0.40999999999999998
7687,defined,500,213,0.42599999999999999
7688,defined,500,193,0.38600000000000001
7689,defined,500,215,0.42999999999999999
7690,defined,500,216,0.432
7691,defined,500,204,0.40799999999999997
7692,defined,500,208,0.41599999999999998
7693,defined,500,213,0.42599999999999999
7694,defined,500,205,0.40999999999999998
7695,defined,500,208,0.41599999999999998
7696,defined,500,204,0.40799999999999997
7697,defined,500,213,0.42599999999999999
7698,defined,500,200,0.40000000000000002
7699,defined,500,204,0.40799999999999997
7700,defined,500,205,0.40999999999999998
7701,defined,500,206,0.41199999999999998
7702,defined,500,205,0.40999999999999998
7703,defined,500,197,0.39400000000000002
7704,defined,500,198,0.39600000000000002
7705,defined,500,212,0.42399999999999999
7706,defined,500,213,0.42599999999999999
7707,defined,500,212,0.42399999999999999
7708,defined,500,215,0.42999999999999999
7709,defined,500,190,0.38
7710,defined,500,204,0.40799999999999997
7711,defined,500,215,0.42999999999999999
7712,defined,500,206,0.41199999999999998
7713,defined,500,209,0.41799999999999998
7714,defined,500,204,0.40799999999999997
7715,defined,500,215,0.42999999999999999
7716,defined,500,202,0.40400000000000003
7717,defined,500,208,0.41599999999999998
7718,defined,500,212,0.42399999999999999
7719,defined,500,208,0.41599999999999998
7720,defined,500,208,0.41599999999999998
7721,defined,500,206,0.41199999999999998
7722,defined,500,208,0.41599999999999998
7723,defined,500,203,0.40600000000000003
7724,defined,500,204,0.40799999999999997
7725,defined,500,201,0.40200000000000002
7726,defined,500,211,0.42199999999999999
7727,defined,500,209,0.41799999999999998
7728,defined,500,207,0.41399999999999998
7729,defined,500,198,0.39600000000000002
7730,defined,500,225,0.45000000000000001
7731,defined,500,205,0.40999999999999998
7732,defined,500,215,0.42999999999999999
7733,defined,500,206,0.41199999999999998
7734,defined,500,197,0.39400000000000002
7735,defined,500,207,0.41399999999999998
7736,defined,500,213,0.42599999999999999
7737,defined,500,208,0.41599999999999998
7738,defined,500,207,0.41399999999999998
7739,defined,500,211,0.42199999999999999
7740,defined,500,210,0.41999999999999998
7741,defined,500,202,0.40400000000000003
7742,defined,500,199,0.39800000000000002
7743,defined,500,207,0.41399999999999998
7744,defined,500,210,0.41999999999999998
7745,defined,500,208,0.41599999999999998
7746,defined,500,195,0.39000000000000001
7747,defined,500,199,0.39800000000000002
7748,defined,500,215,0.42999999999999999
7749,defined,500,198,0.39600000000000002
7750,defined,500,214,0.42799999999999999
7751,defined,500,220,0.44
7752,defined,500,208,0.41599999999999998
7753,defined,500,198,0.39600000000000002
7754,defined,500,205,0.40999999999999998
7755,defined,500,221,0.442
7756,defined,500,212,0.42399999999999999
7757,defined,500,223,0.44600000000000001
7758,defined,500,212,0.42399999999999999
7759,defined,500,197,0.39400000000000002
7760,defined,500,220,0.44
7761,defined,500,215,0.42999999999999999
7762,defined,500,205,0.40999999999999998
7763,defined,500,200,0.40000000000000002
7764,defined,500,202,0.40400000000000003
7765,defined,500,203,0.40600000000000003
7766,defined,500,215,0.42999999999999999
7767,defined,500,212,0.42399999999999999
7768,defined,500,218,0.436
7769,defined,500,197,0.39400000000000002
7770,defined,500,204,0.40799999999999997
7771,defined,500,203,0.40600000000000003
7772,defined,500,206,0.41199999999999998
7773,defined,500,204,0.40799999999999997
7774,defined,500,193,0.38600000000000001
7775,defined,500,208,0.41599999999999998
7776,defined,500,199,0.39800000000000002
7777,defined,500,205,0.40999999999999998
7778,defined,500,198,0.39600000000000002
7779,defined,500,205,0.40999999999999998
7780,defined,500,198,0.39600000000000002
7781,defined,500,197,0.39400000000000002
7782,defined,500,210,0.41999999999999998
7783,defined,500,207,0.41399999999999998
7784,defined,500,212,0.42399999999999999
7785,defined,500,208,0.41599999999999998
7786,defined,500,198,0.39600000000000002
7787,defined,500,212,0.42399999999999999
7788,defined,500,210,0.41999999999999998
7789,defined,500,208,0.41599999999999998
7790,defined,500,214,0.42799999999999999
7791,defined,500,221,0.442
7792,defined,500,214,0.42799999999999999
7793,defined,500,196,0.39200000000000002
7794,defined,500,208,0.41599999999999998
7795,defined,500,203,0.40600000000000003
7796,defined,500,210,0.41999999999999998
7797,defined,500,210,0.41999999999999998
7798,defined,500,205,0.40999999999999998
7799,defined,500,205,0.40999999999999998
7800,defined,500,207,0.41399999999999998
7801,defined,500,203,0.40600000000000003
7802,defined,500,213,0.42599999999999999
7803,defined,500,206,0.41199999999999998
7804,defined,500,204,0.40799999999999997
7805,defined,500,210,0.41999999999999998
7806,defined,500,200,0.40000000000000002
7807,defined,500,205,0.40999999999999998
7808,defined,500,200,0.40000000000000002
7809,defined,500,209,0.41799999999999998
7810,defined,500,198,0.39600000000000002
7811,defined,500,208,0.41599999999999998
7812,defined,500,223,0.44600000000000001
7813,defined,500,203,0.40600000000000003
7814,defined,500,212,0.42399999999999999
7815,defined,500,209,0.41799999999999998
7816,defined,500,213,0.42599999999999999
7817,defined,500,204,0.40799999999999997
7818,defined,500,201,0.40200000000000002
7819,defined,500,198,0.39600000000000002
7820,defined,500,205,0.40999999999999998
7821,defined,500,210,0.41999999999999998
7822,defined,500,200,0.40000000000000002
7823,defined,500,207,0.41399999999999998
7824,defined,500,208,0.41599999999999998
7825,defined,500,205,0.40999999999999998
7826,defined,500,212,0.42399999999999999
7827,defined,500,204,0.40799999999999997
7828,defined,500,208,0.41599999999999998
7829,defined,500,217,0.434
7830,defined,500,205,0.40999999999999998
7831,defined,500,208,0.41599999999999998
7832,defined,500,208,0.41599999999999998
7833,defined,500,216,0.432
7834,defined,500,198,0.39600000000000002
7835,defined,500,203,0.40600000000000003
7836,defined,500,202,0.40400000000000003
7837,defined,500,203,0.40600000000000003
7838,defined,500,209,0.41799999999999998
7839,defined,500,212,0.42399999999999999
7840,defined,500,211,0.42199999999999999
7841,defined,500,207,0.41399999999999998
7842,defined,500,212,0.42399999999999999
7843,defined,500,214,0.42799999999999999
7844,defined,500,208,0.41599999999999998
7845,defined,500,200,0.40000000000000002
7846,defined,500,207,0.41399999999999998
7847,defined,500,196,0.39200000000000002
7848,defined,500,201,0.40200000000000002
7849,defined,500,207,0.41399999999999998
7850,defined,500,209,0.41799999999999998
7851,defined,500,201,0.40200000000000002
7852,defined,500,223,0.44600000000000001
7853,defined,500,215,0.42999999999999999
7854,defined,500,201,0.40200000000000002
7855,defined,500,214,0.42799999999999999
7856,defined,500,214,0.42799999999999999
7857,defined,500,205,0.40999999999999998
7858,defined,500,200,0.40000000000000002
7859,defined,500,197,0.39400000000000002
7860,defined,500,213,0.42599999999999999
7861,defined,500,203,0.40600000000000003
7862,defined,500,209,0.41799999999999998
7863,defined,500,199,0.39800000000000002
7864,defined,500,208,0.41599999999999998
7865,defined,500,209,0.41799999999999998
7866,defined,500,202,0.40400000000000003
7867,defined,500,218,0.436
7868,defined,500,206,0.41199999999999998
7869,defined,500,211,0.42199999999999999
7870,defined,500,209,0.41799999999999998
7871,defined,500,212,0.42399999999999999
7872,defined,500,208,0.41599999999999998
7873,defined,500,223,0.44600000000000001
7874,defined,500,222,0.44400000000000001
7875,defined,500,201,0.40200000000000002
7876,defined,500,205,0.40999999999999998
7877,defined,500,204,0.40799999999999997
7878,defined,500,209,0.41799999999999998
7879,defined,500,211,0.42199999999999999
7880,defined,500,209,0.41799999999999998
7881,defined,500,218,0.436
7882,defined,500,201,0.40200000000000002
7883,defined,500,206,0.41199999999999998
7884,defined,500,219,0.438
7885,defined,500,197,0.39400000000000002
7886,defined,500,207,0.41399999999999998
7887,defined,500,211,0.42199999999999999
7888,defined,500,214,0.42799999999999999
7889,defined,500,211,0.42199999999999999
7890,defined,500,205,0.40999999999999998
7891,defined,500,217,0.434
7892,defined,500,209,0.41799999999999998
7893,defined,500,204,0.40799999999999997
7894,defined,500,196,0.39200000000000002
7895,defined,500,212,0.42399999999999999
7896,defined,500,198,0.39600000000000002
7897,defined,500,209,0.41799999999999998
7898,defined,500,199,0.39800000000000002
7899,defined,500,203,0.40600000000000003
7900,defined,500,212,0.42399999999999999
7901,defined,500,212,0.42399999999999999
7902,defined,500,187,0.374
7903,defined,500,200,0.40000000000000002
7904,defined,500,204,0.40799999999999997
7905,defined,500,206,0.41199999999999998
7906,defined,500,185,0.37
7907,defined,500,197,0.39400000000000002
7908,defined,500,211,0.42199999999999999
7909,defined,500,205,0.40999999999999998
7910,defined,500,201,0.40200000000000002
7911,defined,500,198,0.39600000000000002
7912,defined,500,202,0.40400000000000003
7913,defined,500,205,0.40999999999999998
7914,defined,500,209,0.41799999999999998
7915,defined,500,205,0.40999999999999998
7916,defined,500,199,0.39800000000000002
7917,defined,500,205,0.40999999999999998
7918,defined,500,206,0.41199999999999998
7919,defined,500,218,0.436
7920,defined,500,217,0.434
7921,defined,500,199,0.39800000000000002
7922,defined,500,202,0.40400000000000003
7923,defined,500,208,0.41599999999999998
7924,defined,500,203,0.40600000000000003
7925,defined,500,214,0.42799999999999999
7926,defined,500,203,0.40600000000000003
7927,defined,500,194,0.38800000000000001
7928,defined,500,204,0.40799999999999997
7929,defined,500,208,0.41599999999999998
7930,defined,500,200,0.40000000000000002
7931,defined,500,207,0.41399999999999998
7932,defined,500,206,0.41199999999999998
7933,defined,500,215,0.42999999999999999
7934,defined,500,206,0.41199999999999998
7935,defined,500,202,0.40400000000000003
7936,defined,500,211,0.42199999999999999
7937,defined,500,208,0.41599999999999998
7938,defined,500,206,0.41199999999999998
7939,defined,500,210,0.41999999999999998
7940,defined,500,208,0.41599999999999998
7941,defined,500,193,0.38600000000000001
7942,defined,500,203,0.40600000000000003
7943,defined,500,209,0.41799999999999998
7944,defined,500,210,0.41999999999999998
7945,defined,500,208,0.41599999999999998
7946,defined,500,210,0.41999999999999998
7947,defined,500,219,0.438
7948,defined,500,210,0.41999999999999998
7949,defined,500,208,0.41599999999999998
7950,defined,500,204,0.40799999999999997
7951,defined,500,214,0.42799999999999999
7952,defined,500,208,0.41599999999999998
7953,defined,500,206,0.41199999999999998
7954,defined,500,200,0.40000000000000002
7955,defined,500,198,0.39600000000000002
7956,defined,500,200,0.40000000000000002
7957,defined,500,207,0.41399999999999998
7958,defined,500,195,0.39000000000000001
7959,defined,500,215,0.42999999999999999
7960,defined,500,209,0.41799999999999998
7961,defined,500,209,0.41799999999999998
7962,defined,500,209,0.41799999999999998
7963,defined,500,188,0.376
7964,defined,500,211,0.42199999999999999
7965,defined,500,209,0.41799999999999998
7966,defined,500,199,0.39800000000000002
7967,defined,500,195,0.39000000000000001
7968,defined,500,212,0.42399999999999999
7969,defined,500,199,0.39800000000000002
7970,defined,500,211,0.42199999999999999
7971,defined,500,204,0.40799999999999997
7972,defined,500,217,0.434
7973,defined,500,208,0.41599999999999998
7974,defined,500,205,0.40999999999999998
7975,defined,500,208,0.41599999999999998
7976,defined,500,218,0.436
7977,defined,500,206,0.41199999999999998
7978,defined,500,202,0.40400000000000003
7979,defined,500,213,0.42599999999999999
7980,defined,500,188,0.376
7981,defined,500,213,0.42599999999999999
7982,defined,500,210,0.41999999999999998
7983,defined,500,200,0.40000000000000002
7984,defined,500,198,0.39600000000000002
7985,defined,500,202,0.40400000000000003
7986,defined,500,205,0.40999999999999998
7987,defined,500,190,0.38
7988,defined,500,200,0.40000000000000002
7989,defined,500,196,0.39200000000000002
7990,defined,500,196,0.39200000000000002
7991,defined,500,198,0.39600000000000002
7992,defined,500,192,0.38400000000000001
7993,defined,500,208,0.41599999999999998
7994,defined,500,221,0.442
7995,defined,500,215,0.42999999999999999
7996,defined,500,214,0.42799999999999999
7997,defined,500,212,0.42399999999999999
7998,defined,500,208,0.41599999999999998
7999,defined,500,207,0.41399999999999998
8000,defined,500,201,0.40200000000000002
8001,defined,500,202,0.40400000000000003
8002,defined,500,212,0.42399999999999999
8003,defined,500,203,0.40600000000000003
8004,defined,500,223,0.44600000000000001
8005,defined,500,207,0.41399999999999998
8006,defined,500,208,0.41599999999999998
8007,defined,500,202,0.40400000000000003
8008,defined,500,204,0.40799999999999997
8009,defined,500,207,0.41399999999999998
8010,defined,500,209,0.41799999999999998
8011,defined,500,209,0.41799999999999998
8012,defined,500,215,0.42999999999999999
8013,defined,500,219,0.438
8014,defined,500,198,0.39600000000000002
8015,defined,500,206,0.41199999999999998
8016,defined,500,213,0.42599999999999999
8017,defined,500,201,0.40200000000000002
8018,defined,500,207,0.41399999999999998
8019,defined,500,205,0.40999999999999998
8020,defined,500,198,0.39600000000000002
8021,defined,500,206,0.41199999999999998
8022,defined,500,214,0.42799999999999999
8023,defined,500,209,0.41799999999999998
8024,defined,500,202,0.40400000000000003
8025,defined,500,197,0.39400000000000002
8026,defined,500,211,0.42199999999999999
8027,defined,500,207,0.41399999999999998
8028,defined,500,207,0.41399999999999998
8029,defined,500,210,0.41999999999999998
8030,defined,500,198,0.39600000000000002
8031,defined,500,206,0.41199999999999998
8032,defined,500,205,0.40999999999999998
8033,defined,500,212,0.42399999999999999
8034,defined,500,206,0.41199999999999998
8035,defined,500,202,0.40400000000000003
8036,defined,500,211,0.42199999999999999
8037,defined,500,211,0.42199999999999999
8038,defined,500,201,0.40200000000000002
8039,defined,500,209,0.41799999999999998
8040,defined,500,205,0.40999999999999998
8041,defined,500,210,0.41999999999999998
8042,defined,500,197,0.39400000000000002
8043,defined,500,191,0.38200000000000001
8044,defined,500,214,0.42799999999999999
8045,defined,500,211,0.42199999999999999
8046,defined,500,214,0.42799999999999999
8047,defined,500,209,0.41799999999999998
8048,defined,500,216,0.432
8049,defined,500,213,0.42599999999999999
8050,defined,500,206,0.41199999999999998
8051,defined,500,205,0.40999999999999998
8052,defined,500,202,0.40400000000000003
8053,defined,500,203,0.40600000000000003
8054,defined,500,202,0.40400000000000003
8055,defined,500,202,0.40400000000000003
8056,defined,500,210,0.41999999999999998
8057,defined,500,203,0.40600000000000003
8058,defined,500,201,0.40200000000000002
8059,defined,500,205,0.40999999999999998
8060,defined,500,191,0.38200000000000001
8061,defined,500,219,0.438
8062,defined,500,211,0.42199999999999999
8063,defined,500,218,0.436
8064,defined,500,206,0.41199999999999998
8065,defined,500,203,0.40600000000000003
8066,defined,500,209,0.41799999999999998
8067,defined,500,201,0.40200000000000002
8068,defined,500,203,0.40600000000000003
8069,defined,500,206,0.41199999999999998
8070,defined,500,208,0.41599999999999998
8071,defined,500,211,0.42199999999999999
8072,defined,500,207,0.41399999999999998
8073,defined,500,201,0.40200000000000002
8074,defined,500,215,0.42999999999999999
8075,defined,500,194,0.38800000000000001
8076,defined,500,209,0.41799999999999998
8077,defined,500,205,0.40999999999999998
8078,defined,500,209,0.41799999999999998
8079,defined,500,217,0.434
8080,defined,500,197,0.39400000000000002
8081,defined,500,205,0.40999999999999998
8082,defined,500,204,0.40799999999999997
8083,defined,500,200,0.40000000000000002
8084,defined,500,204,0.40799999999999997
8085,defined,500,200,0.40000000000000002
8086,defined,500,213,0.42599999999999999
8087,defined,500,200,0.40000000000000002
8088,defined,500,208,0.41599999999999998
8089,defined,500,199,0.39800000000000002
8090,defined,500,204,0.40799999999999997
8091,defined,500,209,0.41799999999999998
8092,defined,500,206,0.41199999999999998
8093,defined,500,205,0.40999999999999998
8094,defined,500,217,0.434
8095,defined,500,217,0.434
8096,defined,500,204,0.40799999999999997
8097,defined,500,203,0.40600000000000003
8098,defined,500,218,0.436
8099,defined,500,204,0.40799999999999997
8100,defined,500,216,0.432
8101,defined,500,203,0.40600000000000003
8102,defined,500,211,0.42199999999999999
8103,defined,500,216,0.432
8104,defined,500,217,0.434
8105,defined,500,199,0.39800000000000002
8106,defined,500,202,0.40400000000000003
8107,defined,500,204,0.40799999999999997
8108,defined,500,199,0.39800000000000002
8109,defined,500,214,0.42799999999999999
8110,defined,500,208,0.41599999999999998
8111,defined,500,220,0.44
8112,defined,500,204,0.40799999999999997
8113,defined,500,217,0.434
8114,defined,500,202,0.40400000000000003
8115,defined,500,216,0.432
8116,defined,500,209,0.41799999999999998
8117,defined,500,209,0.41799999999999998
8118,defined,500,210,0.41999999999999998
8119,defined,500,190,0.38
8120,defined,500,207,0.41399999999999998
8121,defined,500,209,0.41799999999999998
8122,defined,500,214,0.42799999999999999
8123,defined,500,216,0.432
8124,defined,500,202,0.40400000000000003
8125,defined,500,204,0.40799999999999997
8126,defined,500,204,0.40799999999999997
8127,defined,500,203,0.40600000000000003
8128,defined,500,199,0.39800000000000002
8129,defined,500,202,0.40400000000000003
8130,defined,500,193,0.38600000000000001
8131,defined,500,216,0.432
8132,defined,500,211,0.42199999999999999
8133,defined,500,219,0.438
8134,defined,500,198,0.39600000000000002
8135,defined,500,213,0.42599999999999999
8136,defined,500,214,0.42799999999999999
8137,defined,500,206,0.41199999999999998
8138,defined,500,211,0.42199999999999999
8139,defined,500,206,0.41199999999999998
8140,defined,500,214,0.42799999999999999
8141,defined,500,208,0.41599999999999998
8142,defined,500,212,0.42399999999999999
8143,defined,500,207,0.41399999999999998
8144,defined,500,208,0.41599999999999998
8145,defined,500,210,0.41999999999999998
8146,defined,500,219,0.438
8147,defined,500,208,0.41599999999999998
8148,defined,500,210,0.41999999999999998
8149,defined,500,201,0.40200000000000002
8150,defined,500,194,0.38800000000000001
8151,defined,500,212,0.42399999999999999
8152,defined,500,214,0.42799999999999999
8153,defined,500,202,0.40400000000000003
8154,defined,500,213,0.42599999999999999
8155,defined,500,205,0.40999999999999998
8156,defined,500,205,0.40999999999999998
8157,defined,500,205,0.40999999999999998
8158,defined,500,209,0.41799999999999998
8159,defined,500,213,0.42599999999999999
8160,defined,500,197,0.39400000000000002
8161,defined,500,215,0.42999999999999999
8162,defined,500,207,0.41399999999999998
8163,defined,500,204,0.40799999999999997
8164,defined,500,207,0.41399999999999998
8165,defined,500,206,0.41199999999999998
8166,defined,500,210,0.41999999999999998
8167,defined,500,202,0.40400000000000003
8168,defined,500,196,0.39200000000000002
8169,defined,500,212,0.42399999999999999
8170,defined,500,225,0.45000000000000001
8171,defined,500,213,0.42599999999999999
8172,defined,500,200,0.40000000000000002
8173,defined,500,208,0.41599999999999998
8174,defined,500,215,0.42999999999999999
8175,defined,500,202,0.40400000000000003
8176,defined,500,205,0.40999999999999998
8177,defined,500,202,0.40400000000000003
8178,defined,500,202,0.40400000000000003
8179,defined,500,202,0.40400000000000003
8180,defined,500,200,0.40000000000000002
8181,defined,500,213,0.42599999999999999
8182,defined,500,209,0.41799999999999998
8183,defined,500,203,0.40600000000000003
8184,defined,500,207,0.41399999999999998
8185,defined,500,221,0.442
8186,defined,500,193,0.38600000000000001
8187,defined,500,210,0.41999999999999998
8188,defined,500,214,0.42799999999999999
8189,defined,500,212,0.42399999999999999
8190,defined,500,211,0.42199999999999999
8191,defined,500,208,0.41599999999999998
8192,defined,500,206,0.41199999999999998
8193,defined,500,207,0.41399999999999998
8194,defined,500,209,0.41799999999999998
8195,defined,500,205,0.40999999999999998
8196,defined,500,210,0.41999999999999998
8197,defined,500,217,0.434
8198,defined,500,204,0.40799999999999997
8199,defined,500,204,0.40799999999999997
8200,defined,500,203,0.40600000000000003
8201,defined,500,197,0.39400000000000002
8202,defined,500,222,0.44400000000000001
8203,defined,500,211,0.42199999999999999
8204,defined,500,207,0.41399999999999998
8205,defined,500,208,0.41599999999999998
8206,defined,500,213,0.42599999999999999
8207,defined,500,216,0.432
8208,defined,500,208,0.41599999999999998
8209,defined,500,202,0.40400000000000003
8210,defined,500,203,0.40600000000000003
8211,defined,500,211,0.42199999999999999
8212,defined,500,220,0.44
8213,defined,500,203,0.40600000000000003
8214,defined,500,208,0.41599999999999998
8215,defined,500,199,0.39800000000000002
8216,defined,500,198,0.39600000000000002
8217,defined,500,208,0.41599999999999998
8218,defined,500,200,0.40000000000000002
8219,defined,500,210,0.41999999999999998
8220,defined,500,197,0.39400000000000002
8221,defined,500,211,0.42199999999999999
8222,defined,500,209,0.41799999999999998
8223,defined,500,196,0.39200000000000002
8224,defined,500,204,0.40799999999999997
8225,defined,500,218,0.436
8226,defined,500,215,0.42999999999999999
8227,defined,500,209,0.41799999999999998
8228,defined,500,206,0.41199999999999998
8229,defined,500,209,0.41799999999999998
8230,defined,500,208,0.41599999999999998
8231,defined,500,206,0.41199999999999998
8232,defined,500,197,0.39400000000000002
8233,defined,500,207,0.41399999999999998
8234,defined,500,198,0.39600000000000002
8235,defined,500,206,0.41199999999999998
8236,defined,500,215,0.42999999999999999
8237,defined,500,208,0.41599999999999998
8238,defined,500,199,0.39800000000000002
8239,defined,500,207,0.41399999999999998
8240,defined,500,203,0.40600000000000003
8241,defined,500,206,0.41199999999999998
8242,defined,500,196,0.39200000000000002
8243,defined,500,199,0.39800000000000002
8244,defined,500,206,0.41199999999999998
8245,defined,500,212,0.42399999999999999
8246,defined,500,201,0.40200000000000002
8247,defined,500,212,0.42399999999999999
8248,defined,500,209,0.41799999999999998
8249,defined,500,193,0.38600000000000001
8250,defined,500,202,0.40400000000000003
8251,defined,500,202,0.40400000000000003
8252,defined,500,205,0.40999999999999998
8253,defined,500,201,0.40200000000000002
8254,defined,500,200,0.40000000000000002
8255,defined,500,219,0.438
8256,defined,500,209,0.41799999999999998
8257,defined,500,200,0.40000000000000002
8258,defined,500,207,0.41399999999999998
8259,defined,500,207,0.41399999999999998
8260,defined,500,220,0.44
8261,defined,500,200,0.40000000000000002
8262,defined,500,211,0.42199999999999999
8263,defined,500,205,0.40999999999999998
8264,defined,500,212,0.42399999999999999
8265,defined,500,204,0.40799999999999997
8266,defined,500,208,0.41599999999999998
8267,defined,500,208,0.41599999999999998
8268,defined,500,213,0.42599999999999999
8269,defined,500,202,0.40400000000000003
8270,defined,500,210,0.41999999999999998
8271,defined,500,218,0.436
8272,defined,500,207,0.41399999999999998
8273,defined,500,206,0.41199999999999998
8274,defined,500,203,0.40600000000000003
8275,defined,500,213,0.42599999999999999
8276,defined,500,203,0.40600000000000003
8277,defined,500,214,0.42799999999999999
8278,defined,500,215,0.42999999999999999
8279,defined,500,210,0.41999999999999998
8280,defined,500,209,0.41799999999999998
8281,defined,500,212,0.42399999999999999
8282,defined,500,201,0.40200000000000002
8283,defined,500,207,0.41399999999999998
8284,defined,500,220,0.44
8285,defined,500,199,0.39800000000000002
8286,defined,500,201,0.40200000000000002
8287,defined,500,201,0.40200000000000002
8288,defined,500,214,0.42799999999999999
8289,defined,500,207,0.41399999999999998
8290,defined,500,207,0.41399999999999998
8291,defined,500,208,0.41599999999999998
8292,defined,500,209,0.41799999999999998
8293,defined,500,209,0.41799999999999998
8294,defined,500,218,0.436
8295,defined,500,208,0.41599999999999998
8296,defined,500,215,0.42999999999999999
8297,defined,500,205,0.40999999999999998
8298,defined,500,209,0.41799999999999998
8299,defined,500,211,0.42199999999999999
8300,defined,500,213,0.42599999999999999
8301,defined,500,204,0.40799999999999997
8302,defined,500,211,0.42199999999999999
8303,defined,500,202,0.40400000000000003
8304,defined,500,211,0.42199999999999999
8305,defined,500,216,0.432
8306,defined,500,198,0.39600000000000002
8307,defined,500,201,0.40200000000000002
8308,defined,500,210,0.41999999999999998
8309,defined,500,203,0.40600000000000003
8310,defined,500,207,0.41399999999999998
8311,defined,500,209,0.41799999999999998
8312,defined,500,204,0.40799999999999997
8313,defined,500,209,0.41799999999999998
8314,defined,500,207,0.41399999999999998
8315,defined,500,214,0.42799999999999999
8316,defined,500,209,0.41799999999999998
8317,defined,500,202,0.40400000000000003
8318,defined,500,212,0.42399999999999999
8319,defined,500,209,0.41799999999999998
8320,defined,500,191,0.38200000000000001
8321,defined,500,205,0.40999999999999998
8322,defined,500,217,0.434
8323,defined,500,213,0.42599999999999999
8324,defined,500,211,0.42199999999999999
8325,defined,500,214,0.42799999999999999
8326,defined,500,212,0.42399999999999999
8327,defined,500,220,0.44
8328,defined,500,198,0.39600000000000002
8329,defined,500,207,0.41399999999999998
8330,defined,500,198,0.39600000000000002
8331,defined,500,211,0.42199999999999999
8332,defined,500,207,0.41399999999999998
8333,defined,500,204,0.40799999999999997
8334,defined,500,202,0.40400000000000003
8335,defined,500,204,0.40799999999999997
8336,defined,500,210,0.41999999999999998
8337,defined,500,201,0.40200000000000002
8338,defined,500,205,0.40999999999999998
8339,defined,500,204,0.40799999999999997
8340,defined,500,207,0.41399999999999998
8341,defined,500,197,0.39400000000000002
8342,defined,500,193,0.38600000000000001
8343,defined,500,214,0.42799999999999999
8344,defined,500,207,0.41399999999999998
8345,defined,500,209,0.41799999999999998
8346,defined,500,215,0.42999999999999999
8347,defined,500,212,0.42399999999999999
8348,defined,500,209,0.41799999999999998
8349,defined,500,198,0.39600000000000002
8350,defined,500,212,0.42399999999999999
8351,defined,500,208,0.41599999999999998
8352,defined,500,206,0.41199999999999998
8353,defined,500,201,0.40200000000000002
8354,defined,500,206,0.41199999999999998
8355,defined,500,196,0.39200000000000002
8356,defined,500,211,0.42199999999999999
8357,defined,500,210,0.41999999999999998
8358,defined,500,200,0.40000000000000002
8359,defined,500,214,0.42799999999999999
8360,defined,500,196,0.39200000000000002
8361,defined,500,209,0.41799999999999998
8362,defined,500,206,0.41199999999999998
8363,defined,500,197,0.39400000000000002
8364,defined,500,201,0.40200000000000002
8365,defined,500,203,0.40600000000000003
8366,defined,500,213,0.42599999999999999
8367,defined,500,199,0.39800000000000002
8368,defined,500,212,0.42399999999999999
8369,defined,500,204,0.40799999999999997
8370,defined,500,203,0.40600000000000003
8371,defined,500,196,0.39200000000000002
8372,defined,500,206,0.41199999999999998
8373,defined,500,197,0.39400000000000002
8374,defined,500,197,0.39400000000000002
8375,defined,500,205,0.40999999999999998
8376,defined,500,206,0.41199999999999998
8377,defined,500,210,0.41999999999999998
8378,defined,500,208,0.41599999999999998
8379,defined,500,210,0.41999999999999998
8380,defined,500,205,0.40999999999999998
8381,defined,500,208,0.41599999999999998
8382,defined,500,208,0.41599999999999998
8383,defined,500,205,0.40999999999999998
8384,defined,500,207,0.41399999999999998
8385,defined,500,218,0.436
8386,defined,500,198,0.39600000000000002
8387,defined,500,199,0.39800000000000002
8388,defined,500,211,0.42199999999999999
8389,defined,500,198,0.39600000000000002
8390,defined,500,196,0.39200000000000002
8391,defined,500,207,0.41399999999999998
8392,defined,500,202,0.40400000000000003
8393,defined,500,213,0.42599999999999999
8394,defined,500,209,0.41799999999999998
8395,defined,500,199,0.39800000000000002
8396,defined,500,199,0.39800000000000002
8397,defined,500,199,0.39800000000000002
8398,defined,500,195,0.39000000000000001
8399,defined,500,205,0.40999999999999998
8400,defined,500,205,0.40999999999999998
8401,defined,500,195,0.39000000000000001
8402,defined,500,203,0.40600000000000003
8403,defined,500,208,0.41599999999999998
8404,defined,500,206,0.41199999999999998
8405,defined,500,195,0.39000000000000001
8406,defined,500,206,0.41199999999999998
8407,defined,500,212,0.42399999999999999
8408,defined,500,207,0.41399999999999998
8409,defined,500,215,0.42999999999999999
8410,defined,500,206,0.41199999999999998
8411,defined,500,206,0.41199999999999998
8412,defined,500,204,0.40799999999999997
8413,defined,500,212,0.42399999999999999
8414,defined,500,216,0.432
8415,defined,500,193,0.38600000000000001
8416,defined,500,215,0.42999999999999999
8417,defined,500,221,0.442
8418,defined,500,207,0.41399999999999998
8419,defined,500,189,0.378
8420,defined,500,194,0.38800000000000001
8421,defined,500,200,0.40000000000000002
8422,defined,500,216,0.432
8423,defined,500,208,0.41599999999999998
8424,defined,500,209,0.41799999999999998
8425,defined,500,204,0.40799999999999997
8426,defined,500,204,0.40799999999999997
8427,defined,500,209,0.41799999999999998
8428,defined,500,215,0.42999999999999999
8429,defined,500,209,0.41799999999999998
8430,defined,500,200,0.40000000000000002
8431,defined,500,212,0.42399999999999999
8432,defined,500,198,0.39600000000000002
8433,defined,500,219,0.438
8434,defined,500,204,0.40799999999999997
8435,defined,500,213,0.42599999999999999
8436,defined,500,207,0.41399999999999998
8437,defined,500,215,0.42999999999999999
8438,defined,500,216,0.432
8439,defined,500,214,0.42799999999999999
8440,defined,500,215,0.42999999999999999
8441,defined,500,212,0.42399999999999999
8442,defined,500,211,0.42199999999999999
8443,defined,500,206,0.41199999999999998
8444,defined,500,205,0.40999999999999998
8445,defined,500,212,0.42399999999999999
8446,defined,500,201,0.40200000000000002
8447,defined,500,210,0.41999999999999998
8448,defined,500,208,0.41599999999999998
8449,defined,500,190,0.38
8450,defined,500,193,0.38600000000000001
8451,defined,500,207,0.41399999999999998
8452,defined,500,212,0.42399999999999999
8453,defined,500,210,0.41999999999999998
8454,defined,500,217,0.434
8455,defined,500,200,0.40000000000000002
8456,defined,500,208,0.41599999999999998
8457,defined,500,204,0.40799999999999997
8458,defined,500,210,0.41999999999999998
8459,defined,500,215,0.42999999999999999
8460,defined,500,213,0.42599999999999999
8461,defined,500,208,0.41599999999999998
8462,defined,500,205,0.40999999999999998
8463,defined,500,198,0.39600000000000002
8464,defined,500,209,0.41799999999999998
8465,defined,500,211,0.42199999999999999
8466,defined,500,200,0.40000000000000002
8467,defined,500,206,0.41199999999999998
8468,defined,500,207,0.41399999999999998
8469,defined,500,207,0.41399999999999998
8470,defined,500,218,0.436
8471,defined,500,206,0.41199999999999998
8472,defined,500,195,0.39000000000000001
8473,defined,500,209,0.41799999999999998
8474,defined,500,210,0.41999999999999998
8475,defined,500,206,0.41199999999999998
8476,defined,500,199,0.39800000000000002
8477,defined,500,209,0.41799999999999998
8478,defined,500,208,0.41599999999999998
8479,defined,500,209,0.41799999999999998
8480,defined,500,213,0.42599999999999999
8481,defined,500,211,0.42199999999999999
8482,defined,500,208,0.41599999999999998
8483,defined,500,203,0.40600000000000003
8484,defined,500,205,0.40999999999999998
8485,defined,500,199,0.39800000000000002
8486,defined,500,208,0.41599999999999998
8487,defined,500,209,0.41799999999999998
8488,defined,500,206,0.41199999999999998
8489,defined,500,202,0.40400000000000003
8490,defined,500,194,0.38800000000000001
8491,defined,500,199,0.39800000000000002
8492,defined,500,202,0.40400000000000003
8493,defined,500,198,0.39600000000000002
8494,defined,500,212,0.42399999999999999
8495,defined,500,210,0.41999999999999998
8496,defined,500,215,0.42999999999999999
8497,defined,500,206,0.41199999999999998
8498,defined,500,209,0.41799999999999998
8499,defined,500,210,0.41999999999999998
8500,defined,500,220,0.44
8501,defined,500,208,0.41599999999999998
8502,defined,500,203,0.40600000000000003
8503,defined,500,200,0.40000000000000002
8504,defined,500,222,0.44400000000000001
8505,defined,500,199,0.39800000000000002
8506,defined,500,197,0.39400000000000002
8507,defined,500,200,0.40000000000000002
8508,defined,500,216,0.432
8509,defined,500,208,0.41599999999999998
8510,defined,500,218,0.436
8511,defined,500,192,0.38400000000000001
8512,defined,500,215,0.42999999999999999
8513,defined,500,218,0.436
8514,defined,500,212,0.42399999999999999
8515,defined,500,213,0.42599999999999999
8516,defined,500,210,0.41999999999999998
8517,defined,500,218,0.436
8518,defined,500,214,0.42799999999999999
8519,defined,500,203,0.40600000000000003
8520,defined,500,212,0.42399999999999999
8521,defined,500,201,0.40200000000000002
8522,defined,500,221,0.442
8523,defined,500,211,0.42199999999999999
8524,defined,500,209,0.41799999999999998
8525,defined,500,214,0.42799999999999999
8526,defined,500,206,0.41199999999999998
8527,defined,500,206,0.41199999999999998
8528,defined,500,203,0.40600000000000003
8529,defined,500,198,0.39600000000000002
8530,defined,500,211,0.42199999999999999
8531,defined,500,210,0.41999999999999998
8532,defined,500,208,0.41599999999999998
8533,defined,500,196,0.39200000000000002
8534,defined,500,190,0.38
8535,defined,500,205,0.40999999999999998
8536,defined,500,210,0.41999999999999998
8537,defined,500,214,0.42799999999999999
8538,defined,500,218,0.436
8539,defined,500,221,0.442
8540,defined,500,198,0.39600000000000002
8541,defined,500,198,0.39600000000000002
8542,defined,500,204,0.40799999999999997
8543,defined,500,197,0.39400000000000002
8544,defined,500,215,0.42999999999999999
8545,defined,500,206,0.41199999999999998
8546,defined,500,204,0.40799999999999997
8547,defined,500,216,0.432
8548,defined,500,208,0.41599999999999998
8549,defined,500,212,0.42399999999999999
8550,defined,500,206,0.41199999999999998
8551,defined,500,209,0.41799999999999998
8552,defined,500,203,0.40600000000000003
8553,defined,500,206,0.41199999999999998
8554,defined,500,197,0.39400000000000002
8555,defined,500,223,0.44600000000000001
8556,defined,500,210,0.41999999999999998
8557,defined,500,201,0.40200000000000002
8558,defined,500,219,0.438
8559,defined,500,209,0.41799999999999998
8560,defined,500,211,0.42199999999999999
8561,defined,500,212,0.42399999999999999
8562,defined,500,206,0.41199999999999998
8563,defined,500,222,0.44400000000000001
8564,defined,500,203,0.40600000000000003
8565,defined,500,200,0.40000000000000002
8566,defined,500,199,0.39800000000000002
8567,defined,500,210,0.41999999999999998
8568,defined,500,208,0.41599999999999998
8569,defined,500,209,0.41799999999999998
8570,defined,500,214,0.42799999999999999
8571,defined,500,210,0.41999999999999998
8572,defined,500,210,0.41999999999999998
8573,defined,500,218,0.436
8574,defined,500,204,0.40799999999999997
8575,defined,500,202,0.40400000000000003
8576,defined,500,209,0.41799999999999998
8577,defined,500,199,0.39800000000000002
8578,defined,500,201,0.40200000000000002
8579,defined,500,208,0.41599999999999998
8580,defined,500,225,0.45000000000000001
8581,defined,500,207,0.41399999999999998
8582,defined,500,201,0.40200000000000002
8583,defined,500,211,0.42199999999999999
8584,defined,500,201,0.40200000000000002
8585,defined,500,207,0.41399999999999998
8586,defined,500,210,0.41999999999999998
8587,defined,500,212,0.42399999999999999
8588,defined,500,202,0.40400000000000003
8589,defined,500,220,0.44
8590,defined,500,204,0.40799999999999997
8591,defined,500,214,0.42799999999999999
8592,defined,500,218,0.436
8593,defined,500,211,0.42199999999999999
8594,defined,500,193,0.38600000000000001
8595,defined,500,202,0.40400000000000003
8596,defined,500,197,0.39400000000000002
8597,defined,500,220,0.44
8598,defined,500,213,0.42599999999999999
8599,defined,500,207,0.41399999999999998
8600,defined,500,200,0.40000000000000002
8601,defined,500,199,0.39800000000000002
8602,defined,500,219,0.438
8603,defined,500,214,0.42799999999999999
8604,defined,500,193,0.38600000000000001
8605,defined,500,203,0.40600000000000003
8606,defined,500,213,0.42599999999999999
8607,defined,500,211,0.42199999999999999
8608,defined,500,214,0.42799999999999999
8609,defined,500,206,0.41199999999999998
8610,defined,500,213,0.42599999999999999
8611,defined,500,203,0.40600000000000003
8612,defined,500,201,0.40200000000000002
8613,defined,500,208,0.41599999999999998
8614,defined,500,207,0.41399999999999998
8615,defined,500,211,0.42199999999999999
8616,defined,500,195,0.39000000000000001
8617,defined,500,205,0.40999999999999998
8618,defined,500,207,0.41399999999999998
8619,defined,500,210,0.41999999999999998
8620,defined,500,208,0.41599999999999998
8621,defined,500,205,0.40999999999999998
8622,defined,500,208,0.41599999999999998
8623,defined,500,219,0.438
8624,defined,500,213,0.42599999999999999
8625,defined,500,218,0.436
8626,defined,500,202,0.40400000000000003
8627,defined,500,194,0.38800000000000001
8628,defined,500,212,0.42399999999999999
8629,defined,500,208,0.41599999999999998
8630,defined,500,207,0.41399999999999998
8631,defined,500,199,0.39800000000000002
8632,defined,500,206,0.41199999999999998
8633,defined,500,209,0.41799999999999998
8634,defined,500,211,0.42199999999999999
8635,defined,500,195,0.39000000000000001
8636,defined,500,203,0.40600000000000003
8637,defined,500,199,0.39800000000000002
8638,defined,500,202,0.40400000000000003
8639,defined,500,206,0.41199999999999998
8640,defined,500,211,0.42199999999999999
8641,defined,500,203,0.40600000000000003
8642,defined,500,218,0.436
8643,defined,500,212,0.42399999999999999
8644,defined,500,209,0.41799999999999998
8645,defined,500,206,0.41199999999999998
8646,defined,500,207,0.41399999999999998
8647,defined,500,206,0.41199999999999998
8648,defined,500,215,0.42999999999999999
8649,defined,500,203,0.40600000000000003
8650,defined,500,212,0.42399999999999999
8651,defined,500,202,0.40400000000000003
8652,defined,500,215,0.42999999999999999
8653,defined,500,215,0.42999999999999999
8654,defined,500,198,0.39600000000000002
8655,defined,500,200,0.40000000000000002
8656,defined,500,205,0.40999999999999998
8657,defined,500,205,0.40999999999999998
8658,defined,500,200,0.40000000000000002
8659,defined,500,205,0.40999999999999998
8660,defined,500,213,0.42599999999999999
8661,defined,500,207,0.41399999999999998
8662,defined,500,204,0.40799999999999997
8663,defined,500,212,0.42399999999999999
8664,defined,500,203,0.40600000000000003
8665,defined,500,204,0.40799999999999997
8666,defined,500,213,0.42599999999999999
8667,defined,500,208,0.41599999999999998
8668,defined,500,212,0.42399999999999999
8669,defined,500,204,0.40799999999999997
8670,defined,500,220,0.44
8671,defined,500,204,0.40799999999999997
8672,defined,500,212,0.42399999999999999
8673,defined,500,206,0.41199999999999998
8674,defined,500,218,0.436
8675,defined,500,208,0.41599999999999998
8676,defined,500,216,0.432
8677,defined,500,212,0.42399999999999999
8678,defined,500,211,0.42199999999999999
8679,defined,500,213,0.42599999999999999
8680,defined,500,210,0.41999999999999998
8681,defined,500,211,0.42199999999999999
8682,defined,500,211,0.42199999999999999
8683,defined,500,211,0.42199999999999999
8684,defined,500,201,0.40200000000000002
8685,defined,500,196,0.39200000000000002
8686,defined,500,209,0.41799999999999998
8687,defined,500,197,0.39400000000000002
8688,defined,500,207,0.41399999999999998
8689,defined,500,210,0.41999999999999998
8690,defined,500,203,0.40600000000000003
8691,defined,500,207,0.41399999999999998
8692,defined,500,211,0.42199999999999999
8693,defined,500,200,0.40000000000000002
8694,defined,500,211,0.42199999999999999
8695,defined,500,207,0.41399999999999998
8696,defined,500,201,0.40200000000000002
8697,defined,500,216,0.432
8698,defined,500,221,0.442
8699,defined,500,212,0.42399999999999999
8700,defined,500,211,0.42199999999999999
8701,defined,500,219,0.438
8702,defined,500,203,0.40600000000000003
8703,defined,500,213,0.42599999999999999
8704,defined,500,214,0.42799999999999999
8705,defined,500,212,0.42399999999999999
8706,defined,500,207,0.41399999999999998
8707,defined,500,204,0.40799999999999997
8708,defined,500,204,0.40799999999999997
8709,defined,500,209,0.41799999999999998
8710,defined,500,218,0.436
8711,defined,500,221,0.442
8712,defined,500,209,0.41799999999999998
8713,defined,500,203,0.40600000000000003
8714,defined,500,210,0.41999999999999998
8715,defined,500,204,0.40799999999999997
8716,defined,500,214,0.42799999999999999
8717,defined,500,201,0.40200000000000002
8718,defined,500,203,0.40600000000000003
8719,defined,500,208,0.41599999999999998
8720,defined,500,208,0.41599999999999998
8721,defined,500,213,0.42599999999999999
8722,defined,500,213,0.42599999999999999
8723,defined,500,212,0.42399999999999999
8724,defined,500,204,0.40799999999999997
8725,defined,500,212,0.42399999999999999
8726,defined,500,204,0.40799999999999997
8727,defined,500,205,0.40999999999999998
8728,defined,500,207,0.41399999999999998
8729,defined,500,203,0.40600000000000003
8730,defined,500,206,0.41199999999999998
8731,defined,500,204,0.40799999999999997
8732,defined,500,200,0.40000000000000002
8733,defined,500,217,0.434
8734,defined,500,193,0.38600000000000001
8735,defined,500,201,0.40200000000000002
8736,defined,500,202,0.40400000000000003
8737,defined,500,194,0.38800000000000001
8738,defined,500,214,0.42799999999999999
8739,defined,500,216,0.432
8740,defined,500,213,0.42599999999999999
8741,defined,500,225,0.45000000000000001
8742,defined,500,205,0.40999999999999998
8743,defined,500,207,0.41399999999999998
8744,defined,500,203,0.40600000000000003
8745,defined,500,204,0.40799999999999997
8746,defined,500,205,0.40999999999999998
8747,defined,500,202,0.40400000000000003
8748,defined,500,201,0.40200000000000002
8749,defined,500,228,0.45600000000000002
8750,defined,500,215,0.42999999999999999
8751,defined,500,203,0.40600000000000003
8752,defined,500,198,0.39600000000000002
8753,defined,500,202,0.40400000000000003
8754,defined,500,199,0.39800000000000002
8755,defined,500,204,0.40799999999999997
8756,defined,500,196,0.39200000000000002
8757,defined,500,215,0.42999999999999999
8758,defined,500,207,0.41399999999999998
8759,defined,500,194,0.38800000000000001
8760,defined,500,199,0.39800000000000002
8761,defined,500,204,0.40799999999999997
8762,defined,500,208,0.41599999999999998
8763,defined,500,211,0.42199999999999999
8764,defined,500,210,0.41999999999999998
8765,defined,500,200,0.40000000000000002
8766,defined,500,211,0.42199999999999999
8767,defined,500,191,0.38200000000000001
8768,defined,500,201,0.40200000000000002
8769,defined,500,214,0.42799999999999999
8770,defined,500,212,0.42399999999999999
8771,defined,500,202,0.40400000000000003
8772,defined,500,207,0.41399999999999998
8773,defined,500,206,0.41199999999999998
8774,defined,500,206,0.41199999999999998
8775,defined,500,203,0.40600000000000003
8776,defined,500,207,0.41399999999999998
8777,defined,500,211,0.42199999999999999
8778,defined,500,189,0.378
8779,defined,500,205,0.40999999999999998
8780,defined,500,201,0.40200000000000002
8781,defined,500,206,0.41199999999999998
8782,defined,500,208,0.41599999999999998
8783,defined,500,203,0.40600000000000003
8784,defined,500,205,0.40999999999999998
8785,defined,500,203,0.40600000000000003
8786,defined,500,203,0.40600000000000003
8787,defined,500,224,0.44800000000000001
8788,defined,500,208,0.41599999999999998
8789,defined,500,205,0.40999999999999998
8790,defined,500,202,0.40400000000000003
8791,defined,500,210,0.41999999999999998
8792,defined,500,203,0.40600000000000003
8793,defined,500,207,0.41399999999999998
8794,defined,500,211,0.42199999999999999
8795,defined,500,201,0.40200000000000002
8796,defined,500,202,0.40400000000000003
8797,defined,500,218,0.436
8798,defined,500,205,0.40999999999999998
8799,defined,500,209,0.41799999999999998
8800,defined,500,212,0.42399999999999999
8801,defined,500,209,0.41799999999999998
8802,defined,500,212,0.42399999999999999
8803,defined,500,206,0.41199999999999998
8804,defined,500,207,0.41399999999999998
8805,defined,500,210,0.41999999999999998
8806,defined,500,197,0.39400000000000002
8807,defined,500,210,0.41999999999999998
8808,defined,500,208,0.41599999999999998
8809,defined,500,202,0.40400000000000003
8810,defined,500,218,0.436
8811,defined,500,211,0.42199999999999999
8812,defined,500,216,0.432
8813,defined,500,205,0.40999999999999998
8814,defined,500,186,0.372
8815,defined,500,197,0.39400000000000002
8816,defined,500,201,0.40200000000000002
8817,defined,500,211,0.42199999999999999
8818,defined,500,207,0.41399999999999998
8819,defined,500,203,0.40600000000000003
8820,defined,500,201,0.40200000000000002
8821,defined,500,206,0.41199999999999998
8822,defined,500,203,0.40600000000000003
8823,defined,500,197,0.39400000000000002
8824,defined,500,198,0.39600000000000002
8825,defined,500,217,0.434
8826,defined,500,209,0.41799999999999998
8827,defined,500,205,0.40999999999999998
8828,defined,500,200,0.40000000000000002
8829,defined,500,200,0.40000000000000002
8830,defined,500,206,0.41199999999999998
8831,defined,500,210,0.41999999999999998
8832,defined,500,199,0.39800000000000002
8833,defined,500,209,0.41799999999999998
8834,defined,500,203,0.40600000000000003
8835,defined,500,221,0.442
8836,defined,500,208,0.41599999999999998
8837,defined,500,216,0.432
8838,defined,500,199,0.39800000000000002
8839,defined,500,205,0.40999999999999998
8840,defined,500,206,0.41199999999999998
8841,defined,500,207,0.41399999999999998
8842,defined,500,199,0.39800000000000002
8843,defined,500,206,0.41199999999999998
8844,defined,500,203,0.40600000000000003
8845,defined,500,201,0.40200000000000002
8846,defined,500,218,0.436
8847,defined,500,215,0.42999999999999999
8848,defined,500,204,0.40799999999999997
8849,defined,500,214,0.42799999999999999
8850,defined,500,214,0.42799999999999999
8851,defined,500,215,0.42999999999999999
8852,defined,500,205,0.40999999999999998
8853,defined,500,206,0.41199999999999998
8854,defined,500,204,0.40799999999999997
8855,defined,500,216,0.432
8856,defined,500,212,0.42399999999999999
8857,defined,500,209,0.41799999999999998
8858,defined,500,214,0.42799999999999999
8859,defined,500,206,0.41199999999999998
8860,defined,500,217,0.434
8861,defined,500,201,0.40200000000000002
8862,defined,500,201,0.40200000000000002
8863,defined,500,208,0.41599999999999998
8864,defined,500,205,0.40999999999999998
8865,defined,500,200,0.40000000000000002
8866,defined,500,202,0.40400000000000003
8867,defined,500,204,0.40799999999999997
8868,defined,500,205,0.40999999999999998
8869,defined,500,215,0.42999999999999999
8870,defined,500,210,0.41999999999999998
8871,defined,500,203,0.40600000000000003
8872,defined,500,195,0.39000000000000001
8873,defined,500,195,0.39000000000000001
8874,defined,500,205,0.40999999999999998
8875,defined,500,209,0.41799999999999998
8876,defined,500,200,0.40000000000000002
8877,defined,500,201,0.40200000000000002
8878,defined,500,210,0.41999999999999998
8879,defined,500,214,0.42799999999999999
8880,defined,500,208,0.41599999999999998
8881,defined,500,211,0.42199999999999999
8882,defined,500,205,0.40999999999999998
8883,defined,500,216,0.432
8884,defined,500,202,0.40400000000000003
8885,defined,500,199,0.39800000000000002
8886,defined,500,213,0.42599999999999999
8887,defined,500,209,0.41799999999999998
8888,defined,500,204,0.40799999999999997
8889,defined,500,212,0.42399999999999999
8890,defined,500,210,0.41999999999999998
8891,defined,500,204,0.40799999999999997
8892,defined,500,207,0.41399999999999998
8893,defined,500,205,0.40999999999999998
8894,defined,500,202,0.40400000000000003
8895,defined,500,201,0.40200000000000002
8896,defined,500,222,0.44400000000000001
8897,defined,500,202,0.40400000000000003
8898,defined,500,204,0.40799999999999997
8899,defined,500,205,0.40999999999999998
8900,defined,500,203,0.40600000000000003
8901,defined,500,211,0.42199999999999999
8902,defined,500,214,0.42799999999999999
8903,defined,500,206,0.41199999999999998
8904,defined,500,208,0.41599999999999998
8905,defined,500,205,0.40999999999999998
8906,defined,500,209,0.41799999999999998
8907,defined,500,209,0.41799999999999998
8908,defined,500,203,0.40600000000000003
8909,defined,500,195,0.39000000000000001
8910,defined,500,200,0.40000000000000002
8911,defined,500,193,0.38600000000000001
8912,defined,500,197,0.39400000000000002
8913,defined,500,198,0.39600000000000002
8914,defined,500,199,0.39800000000000002
8915,defined,500,211,0.42199999999999999
8916,defined,500,204,0.40799999999999997
8917,defined,500,206,0.41199999999999998
8918,defined,500,208,0.41599999999999998
8919,defined,500,209,0.41799999999999998
8920,defined,500,224,0.44800000000000001
8921,defined,500,205,0.40999999999999998
8922,defined,500,209,0.41799999999999998
8923,defined,500,205,0.40999999999999998
8924,defined,500,206,0.41199999999999998
8925,defined,500,201,0.40200000000000002
8926,defined,500,206,0.41199999999999998
8927,defined,500,207,0.41399999999999998
8928,defined,500,208,0.41599999999999998
8929,defined,500,210,0.41999999999999998
8930,defined,500,200,0.40000000000000002
8931,defined,500,195,0.39000000000000001
8932,defined,500,214,0.42799999999999999
8933,defined,500,207,0.41399999999999998
8934,defined,500,211,0.42199999999999999
8935,defined,500,211,0.42199999999999999
8936,defined,500,206,0.41199999999999998
8937,defined,500,210,0.41999999999999998
8938,defined,500,201,0.40200000000000002
8939,defined,500,209,0.41799999999999998
8940,defined,500,217,0.434
8941,defined,500,200,0.40000000000000002
8942,defined,500,203,0.40600000000000003
8943,defined,500,196,0.39200000000000002
8944,defined,500,216,0.432
8945,defined,500,209,0.41799999999999998
8946,defined,500,200,0.40000000000000002
8947,defined,500,220,0.44
8948,defined,500,200,0.40000000000000002
8949,defined,500,212,0.42399999999999999
8950,defined,500,207,0.41399999999999998
8951,defined,500,211,0.42199999999999999
8952,defined,500,203,0.40600000000000003
8953,defined,500,214,0.42799999999999999
8954,defined,500,203,0.40600000000000003
8955,defined,500,207,0.41399999999999998
8956,defined,500,200,0.40000000000000002
8957,defined,500,211,0.42199999999999999
8958,defined,500,213,0.42599999999999999
8959,defined,500,204,0.40799999999999997
8960,defined,500,210,0.41999999999999998
8961,defined,500,219,0.438
8962,defined,500,209,0.41799999999999998
8963,defined,500,206,0.41199999999999998
8964,defined,500,204,0.40799999999999997
8965,defined,500,217,0.434
8966,defined,500,201,0.40200000000000002
8967,defined,500,196,0.39200000000000002
8968,defined,500,212,0.42399999999999999
8969,defined,500,204,0.40799999999999997
8970,defined,500,197,0.39400000000000002
8971,defined,500,193,0.38600000000000001
8972,defined,500,204,0.40799999999999997
8973,defined,500,223,0.44600000000000001
8974,defined,500,214,0.42799999999999999
8975,defined,500,202,0.40400000000000003
8976,defined,500,216,0.432
8977,defined,500,197,0.39400000000000002
8978,defined,500,203,0.40600000000000003
8979,defined,500,203,0.40600000000000003
8980,defined,500,202,0.40400000000000003
8981,defined,500,213,0.42599999999999999
8982,defined,500,218,0.436
8983,defined,500,211,0.42199999999999999
8984,defined,500,210,0.41999999999999998
8985,defined,500,201,0.40200000000000002
8986,defined,500,215,0.42999999999999999
8987,defined,500,203,0.40600000000000003
8988,defined,500,217,0.434
8989,defined,500,205,0.40999999999999998
8990,defined,500,201,0.40200000000000002
8991,defined,500,213,0.42599999999999999
8992,defined,500,209,0.41799999999999998
8993,defined,500,207,0.41399999999999998
8994,defined,500,209,0.41799999999999998
8995,defined,500,206,0.41199999999999998
8996,defined,500,207,0.41399999999999998
8997,defined,500,206,0.41199999999999998
8998,defined,500,199,0.39800000000000002
8999,defined,500,219,0.438
9000,defined,500,206,0.41199999999999998
9001,defined,500,211,0.42199999999999999
9002,defined,500,201,0.40200000000000002
9003,defined,500,218,0.436
9004,defined,500,207,0.41399999999999998
9005,defined,500,198,0.39600000000000002
9006,defined,500,212,0.42399999999999999
9007,defined,500,207,0.41399999999999998
9008,defined,500,200,0.40000000000000002
9009,defined,500,213,0.42599999999999999
9010,defined,500,201,0.40200000000000002
9011,defined,500,213,0.42599999999999999
9012,defined,500,192,0.38400000000000001
9013,defined,500,207,0.41399999999999998
9014,defined,500,214,0.42799999999999999
9015,defined,500,207,0.41399999999999998
9016,defined,500,205,0.40999999999999998
9017,defined,500,202,0.40400000000000003
9018,defined,500,208,0.41599999999999998
9019,defined,500,205,0.40999999999999998
9020,defined,500,205,0.40999999999999998
9021,defined,500,205,0.40999999999999998
9022,defined,500,210,0.41999999999999998
9023,defined,500,206,0.41199999999999998
9024,defined,500,201,0.40200000000000002
9025,defined,500,214,0.42799999999999999
9026,defined,500,201,0.40200000000000002
9027,defined,500,217,0.434
9028,defined,500,210,0.41999999999999998
9029,defined,500,203,0.40600000000000003
9030,defined,500,211,0.42199999999999999
9031,defined,500,211,0.42199999999999999
9032,defined,500,210,0.41999999999999998
9033,defined,500,203,0.40600000000000003
9034,defined,500,202,0.40400000000000003
9035,defined,500,209,0.41799999999999998
9036,defined,500,211,0.42199999999999999
9037,defined,500,208,0.41599999999999998
9038,defined,500,204,0.40799999999999997
9039,defined,500,195,0.39000000000000001
9040,defined,500,208,0.41599999999999998
9041,defined,500,214,0.42799999999999999
9042,defined,500,191,0.38200000000000001
9043,defined,500,213,0.42599999999999999
9044,defined,500,203,0.40600000000000003
9045,defined,500,205,0.40999999999999998
9046,defined,500,204,0.40799999999999997
9047,defined,500,218,0.436
9048,defined,500,204,0.40799999999999997
9049,defined,500,208,0.41599999999999998
9050,defined,500,212,0.42399999999999999
9051,defined,500,197,0.39400000000000002
9052,defined,500,206,0.41199999999999998
9053,defined,500,191,0.38200000000000001
9054,defined,500,208,0.41599999999999998
9055,defined,500,205,0.40999999999999998
9056,defined,500,207,0.41399999999999998
9057,defined,500,211,0.42199999999999999
9058,defined,500,204,0.40799999999999997
9059,defined,500,210,0.41999999999999998
9060,defined,500,208,0.41599999999999998
9061,defined,500,204,0.40799999999999997
9062,defined,500,206,0.41199999999999998
9063,defined,500,208,0.41599999999999998
9064,defined,500,211,0.42199999999999999
9065,defined,500,200,0.40000000000000002
9066,defined,500,201,0.40200000000000002
9067,defined,500,204,0.40799999999999997
9068,defined,500,204,0.40799999999999997
9069,defined,500,223,0.44600000000000001
9070,defined,500,212,0.42399999999999999
9071,defined,500,206,0.41199999999999998
9072,defined,500,219,0.438
9073,defined,500,195,0.39000000000000001
9074,defined,500,219,0.438
9075,defined,500,208,0.41599999999999998
9076,defined,500,207,0.41399999999999998
9077,defined,500,201,0.40200000000000002
9078,defined,500,196,0.39200000000000002
9079,defined,500,210,0.41999999999999998
9080,defined,500,216,0.432
9081,defined,500,210,0.41999999999999998
9082,defined,500,211,0.42199999999999999
9083,defined,500,198,0.39600000000000002
9084,defined,500,211,0.42199999999999999
9085,defined,500,198,0.39600000000000002
9086,defined,500,203,0.40600000000000003
9087,defined,500,211,0.42199999999999999
9088,defined,500,204,0.40799999999999997
9089,defined,500,201,0.40200000000000002
9090,defined,500,210,0.41999999999999998
9091,defined,500,212,0.42399999999999999
9092,defined,500,206,0.41199999999999998
9093,defined,500,204,0.40799999999999997
9094,defined,500,195,0.39000000000000001
9095,defined,500,213,0.42599999999999999
9096,defined,500,215,0.42999999999999999
9097,defined,500,210,0.41999999999999998
9098,defined,500,212,0.42399999999999999
9099,defined,500,206,0.41199999999999998
9100,defined,500,203,0.40600000000000003
9101,defined,500,207,0.41399999999999998
9102,defined,500,206,0.41199999999999998
9103,defined,500,199,0.39800000000000002
9104,defined,500,205,0.40999999999999998
9105,defined,500,211,0.42199999999999999
9106,defined,500,214,0.42799999999999999
9107,defined,500,196,0.39200000000000002
9108,defined,500,193,0.38600000000000001
9109,defined,500,212,0.42399999999999999
9110,defined,500,216,0.432
9111,defined,500,207,0.41399999999999998
9112,defined,500,204,0.40799999999999997
9113,defined,500,207,0.41399999999999998
9114,defined,500,203,0.40600000000000003
9115,defined,500,197,0.39400000000000002
9116,defined,500,205,0.40999999999999998
9117,defined,500,190,0.38
9118,defined,500,197,0.39400000000000002
9119,defined,500,204,0.40799999999999997
9120,defined,500,212,0.42399999999999999
9121,defined,500,217,0.434
9122,defined,500,206,0.41199999999999998
9123,defined,500,211,0.42199999999999999
9124,defined,500,212,0.42399999999999999
9125,defined,500,210,0.41999999999999998
9126,defined,500,208,0.41599999999999998
9127,defined,500,207,0.41399999999999998
9128,defined,500,217,0.434
9129,defined,500,211,0.42199999999999999
9130,defined,500,211,0.42199999999999999
9131,defined,500,207,0.41399999999999998
9132,defined,500,208,0.41599999999999998
9133,defined,500,191,0.38200000000000001
9134,defined,500,213,0.42599999999999999
9135,defined,500,219,0.438
9136,defined,500,209,0.41799999999999998
9137,defined,500,213,0.42599999999999999
9138,defined,500,204,0.40799999999999997
9139,defined,500,206,0.41199999999999998
9140,defined,500,204,0.40799999999999997
9141,defined,500,204,0.40799999999999997
9142,defined,500,224,0.44800000000000001
9143,defined,500,203,0.40600000000000003
9144,defined,500,207,0.41399999999999998
9145,defined,500,209,0.41799999999999998
9146,defined,500,211,0.42199999999999999
9147,defined,500,209,0.41799999999999998
9148,defined,500,211,0.42199999999999999
9149,defined,500,211,0.42199999999999999
9150,defined,500,214,0.42799999999999999
9151,defined,500,195,0.39000000000000001
9152,defined,500,208,0.41599999999999998
9153,defined,500,210,0.41999999999999998
9154,defined,500,206,0.41199999999999998
9155,defined,500,212,0.42399999999999999
9156,defined,500,222,0.44400000000000001
9157,defined,500,203,0.40600000000000003
9158,defined,500,197,0.39400000000000002
9159,defined,500,206,0.41199999999999998
9160,defined,500,214,0.42799999999999999
9161,defined,500,199,0.39800000000000002
9162,defined,500,203,0.40600000000000003
9163,defined,500,191,0.38200000000000001
9164,defined,500,201,0.40200000000000002
9165,defined,500,204,0.40799999999999997
9166,defined,500,201,0.40200000000000002
9167,defined,500,212,0.42399999999999999
9168,defined,500,205,0.40999999999999998
9169,defined,500,214,0.42799999999999999
9170,defined,500,207,0.41399999999999998
9171,defined,500,202,0.40400000000000003
9172,defined,500,212,0.42399999999999999
9173,defined,500,207,0.41399999999999998
9174,defined,500,205,0.40999999999999998
9175,defined,500,211,0.42199999999999999
9176,defined,500,212,0.42399999999999999
9177,defined,500,195,0.39000000000000001
9178,defined,500,203,0.40600000000000003
9179,defined,500,201,0.40200000000000002
9180,defined,500,208,0.41599999999999998
9181,defined,500,213,0.42599999999999999
9182,defined,500,204,0.40799999999999997
9183,defined,500,203,0.40600000000000003
9184,defined,500,216,0.432
9185,defined,500,212,0.42399999999999999
9186,defined,500,211,0.42199999999999999
9187,defined,500,201,0.40200000000000002
9188,defined,500,208,0.41599999999999998
9189,defined,500,197,0.39400000000000002
9190,defined,500,211,0.42199999999999999
9191,defined,500,209,0.41799999999999998
9192,defined,500,195,0.39000000000000001
9193,defined,500,212,0.42399999999999999
9194,defined,500,206,0.41199999999999998
9195,defined,500,200,0.40000000000000002
9196,defined,500,198,0.39600000000000002
9197,defined,500,211,0.42199999999999999
9198,defined,500,209,0.41799999999999998
9199,defined,500,217,0.434
9200,defined,500,213,0.42599999999999999
9201,defined,500,208,0.41599999999999998
9202,defined,500,206,0.41199999999999998
9203,defined,500,213,0.42599999999999999
9204,defined,500,206,0.41199999999999998
9205,defined,500,193,0.38600000000000001
9206,defined,500,197,0.39400000000000002
9207,defined,500,219,0.438
9208,defined,500,207,0.41399999999999998
9209,defined,500,202,0.40400000000000003
9210,defined,500,202,0.40400000000000003
9211,defined,500,209,0.41799999999999998
9212,defined,500,202,0.40400000000000003
9213,defined,500,193,0.38600000000000001
9214,defined,500,203,0.40600000000000003
9215,defined,500,209,0.41799999999999998
9216,defined,500,220,0.44
9217,defined,500,205,0.40999999999999998
9218,defined,500,209,0.41799999999999998
9219,defined,500,202,0.40400000000000003
9220,defined,500,209,0.41799999999999998
9221,defined,500,205,0.40999999999999998
9222,defined,500,202,0.40400000000000003
9223,defined,500,206,0.41199999999999998
9224,defined,500,206,0.41199999999999998
9225,defined,500,207,0.41399999999999998
9226,defined,500,209,0.41799999999999998
9227,defined,500,212,0.42399999999999999
9228,defined,500,211,0.42199999999999999
9229,defined,500,196,0.39200000000000002
9230,defined,500,203,0.40600000000000003
9231,defined,500,208,0.41599999999999998
9232,defined,500,207,0.41399999999999998
9233,defined,500,212,0.42399999999999999
9234,defined,500,189,0.378
9235,defined,500,202,0.40400000000000003
9236,defined,500,198,0.39600000000000002
9237,defined,500,206,0.41199999999999998
9238,defined,500,209,0.41799999999999998
9239,defined,500,218,0.436
9240,defined,500,203,0.40600000000000003
9241,defined,500,213,0.42599999999999999
9242,defined,500,213,0.42599999999999999
9243,defined,500,214,0.42799999999999999
9244,defined,500,198,0.39600000000000002
9245,defined,500,203,0.40600000000000003
9246,defined,500,206,0.41199999999999998
9247,defined,500,206,0.41199999999999998
9248,defined,500,206,0.41199999999999998
9249,defined,500,206,0.41199999999999998
9250,defined,500,202,0.40400000000000003
9251,defined,500,201,0.40200000000000002
9252,defined,500,211,0.42199999999999999
9253,defined,500,209,0.41799999999999998
9254,defined,500,205,0.40999999999999998
9255,defined,500,202,0.40400000000000003
9256,defined,500,199,0.39800000000000002
9257,defined,500,207,0.41399999999999998
9258,defined,500,211,0.42199999999999999
9259,defined,500,219,0.438
9260,defined,500,195,0.39000000000000001
9261,defined,500,206,0.41199999999999998
9262,defined,500,201,0.40200000000000002
9263,defined,500,200,0.40000000000000002
9264,defined,500,211,0.42199999999999999
9265,defined,500,203,0.40600000000000003
9266,defined,500,201,0.40200000000000002
9267,defined,500,200,0.40000000000000002
9268,defined,500,202,0.40400000000000003
9269,defined,500,206,0.41199999999999998
9270,defined,500,215,0.42999999999999999
9271,defined,500,207,0.41399999999999998
9272,defined,500,216,0.432
9273,defined,500,203,0.40600000000000003
9274,defined,500,205,0.40999999999999998
9275,defined,500,216,0.432
9276,defined,500,201,0.40200000000000002
9277,defined,500,203,0.40600000000000003
9278,defined,500,210,0.41999999999999998
9279,defined,500,203,0.40600000000000003
9280,defined,500,214,0.42799999999999999
9281,defined,500,213,0.42599999999999999
9282,defined,500,189,0.378
9283,defined,500,215,0.42999999999999999
9284,defined,500,208,0.41599999999999998
9285,defined,500,208,0.41599999999999998
9286,defined,500,201,0.40200000000000002
9287,defined,500,211,0.42199999999999999
9288,defined,500,193,0.38600000000000001
9289,defined,500,220,0.44
9290,defined,500,210,0.41999999999999998
9291,defined,500,204,0.40799999999999997
9292,defined,500,207,0.41399999999999998
9293,defined,500,196,0.39200000000000002
9294,defined,500,211,0.42199999999999999
9295,defined,500,217,0.434
9296,defined,500,212,0.42399999999999999
9297,defined,500,210,0.41999999999999998
9298,defined,500,209,0.41799999999999998
9299,defined,500,209,0.41799999999999998
9300,defined,500,210,0.41999999999999998
9301,defined,500,210,0.41999999999999998
9302,defined,500,202,0.40400000000000003
9303,defined,500,214,0.42799999999999999
9304,defined,500,205,0.40999999999999998
9305,defined,500,211,0.42199999999999999
9306,defined,500,202,0.40400000000000003
9307,defined,500,198,0.39600000000000002
9308,defined,500,213,0.42599999999999999
9309,defined,500,204,0.40799999999999997
9310,defined,500,205,0.40999999999999998
9311,defined,500,200,0.40000000000000002
9312,defined,500,215,0.42999999999999999
9313,defined,500,202,0.40400000000000003
9314,defined,500,209,0.41799999999999998
9315,defined,500,201,0.40200000000000002
9316,defined,500,206,0.41199999999999998
9317,defined,500,214,0.42799999999999999
9318,defined,500,198,0.39600000000000002
9319,defined,500,205,0.40999999999999998
9320,defined,500,211,0.42199999999999999
9321,defined,500,205,0.40999999999999998
9322,defined,500,210,0.41999999999999998
9323,defined,500,201,0.40200000000000002
9324,defined,500,209,0.41799999999999998
9325,defined,500,204,0.40799999999999997
9326,defined,500,198,0.39600000000000002
9327,defined,500,211,0.42199999999999999
9328,defined,500,196,0.39200000000000002
9329,defined,500,201,0.40200000000000002
9330,defined,500,209,0.41799999999999998
9331,defined,500,219,0.438
9332,defined,500,208,0.41599999999999998
9333,defined,500,211,0.42199999999999999
9334,defined,500,200,0.40000000000000002
9335,defined,500,213,0.42599999999999999
9336,defined,500,214,0.42799999999999999
9337,defined,500,223,0.44600000000000001
9338,defined,500,196,0.39200000000000002
9339,defined,500,203,0.40600000000000003
9340,defined,500,214,0.42799999999999999
9341,defined,500,195,0.39000000000000001
9342,defined,500,211,0.42199999999999999
9343,defined,500,199,0.39800000000000002
9344,defined,500,195,0.39000000000000001
9345,defined,500,208,0.41599999999999998
9346,defined,500,207,0.41399999999999998
9347,defined,500,205,0.40999999999999998
9348,defined,500,204,0.40799999999999997
9349,defined,500,199,0.39800000000000002
9350,defined,500,205,0.40999999999999998
9351,defined,500,198,0.39600000000000002
9352,defined,500,213,0.42599999999999999
9353,defined,500,201,0.40200000000000002
9354,defined,500,211,0.42199999999999999
9355,defined,500,205,0.40999999999999998
9356,defined,500,216,0.432
9357,defined,500,211,0.42199999999999999
9358,defined,500,199,0.39800000000000002
9359,defined,500,209,0.41799999999999998
9360,defined,500,205,0.40999999999999998
9361,defined,500,213,0.42599999999999999
9362,defined,500,203,0.40600000000000003
9363,defined,500,211,0.42199999999999999
9364,defined,500,211,0.42199999999999999
9365,defined,500,217,0.434
9366,defined,500,201,0.40200000000000002
9367,defined,500,210,0.41999999999999998
9368,defined,500,204,0.40799999999999997
9369,defined,500,200,0.40000000000000002
9370,defined,500,211,0.42199999999999999
9371,defined,500,206,0.41199999999999998
9372,defined,500,205,0.40999999999999998
9373,defined,500,203,0.40600000000000003
9374,defined,500,194,0.38800000000000001
9375,defined,500,206,0.41199999999999998
9376,defined,500,204,0.40799999999999997
9377,defined,500,207,0.41399999999999998
9378,defined,500,207,0.41399999999999998
9379,defined,500,209,0.41799999999999998
9380,defined,500,200,0.40000000000000002
9381,defined,500,211,0.42199999999999999
9382,defined,500,217,0.434
9383,defined,500,221,0.442
9384,defined,500,203,0.40600000000000003
9385,defined,500,191,0.38200000000000001
9386,defined,500,190,0.38
9387,defined,500,214,0.42799999999999999
9388,defined,500,206,0.41199999999999998
9389,defined,500,216,0.432
9390,defined,500,209,0.41799999999999998
9391,defined,500,217,0.434
9392,defined,500,212,0.42399999999999999
9393,defined,500,203,0.40600000000000003
9394,defined,500,206,0.41199999999999998
9395,defined,500,205,0.40999999999999998
9396,defined,500,221,0.442
9397,defined,500,193,0.38600000000000001
9398,defined,500,202,0.40400000000000003
9399,defined,500,200,0.40000000000000002
9400,defined,500,220,0.44
9401,defined,500,209,0.41799999999999998
9402,defined,500,216,0.432
9403,defined,500,214,0.42799999999999999
9404,defined,500,216,0.432
9405,defined,500,219,0.438
9406,defined,500,210,0.41999999999999998
9407,defined,500,207,0.41399999999999998
9408,defined,500,208,0.41599999999999998
9409,defined,500,198,0.39600000000000002
9410,defined,500,207,0.41399999999999998
9411,defined,500,206,0.41199999999999998
9412,defined,500,205,0.40999999999999998
9413,defined,500,201,0.40200000000000002
9414,defined,500,201,0.40200000000000002
9415,defined,500,216,0.432
9416,defined,500,202,0.40400000000000003
9417,defined,500,203,0.40600000000000003
9418,defined,500,208,0.41599999999999998
9419,defined,500,207,0.41399999999999998
9420,defined,500,194,0.38800000000000001
9421,defined,500,212,0.42399999999999999
9422,defined,500,202,0.40400000000000003
9423,defined,500,198,0.39600000000000002
9424,defined,500,214,0.42799999999999999
9425,defined,500,208,0.41599999999999998
9426,defined,500,212,0.42399999999999999
9427,defined,500,209,0.41799999999999998
9428,defined,500,214,0.42799999999999999
9429,defined,500,207,0.41399999999999998
9430,defined,500,209,0.41799999999999998
9431,defined,500,205,0.40999999999999998
9432,defined,500,218,0.436
9433,defined,500,212,0.42399999999999999
9434,defined,500,199,0.39800000000000002
9435,defined,500,194,0.38800000000000001
9436,defined,500,205,0.40999999999999998
9437,defined,500,202,0.40400000000000003
9438,defined,500,209,0.41799999999999998
9439,defined,500,211,0.42199999999999999
9440,defined,500,196,0.39200000000000002
9441,defined,500,214,0.42799999999999999
9442,defined,500,221,0.442
9443,defined,500,210,0.41999999999999998
9444,defined,500,206,0.41199999999999998
9445,defined,500,198,0.39600000000000002
9446,defined,500,209,0.41799999999999998
9447,defined,500,201,0.40200000000000002
9448,defined,500,205,0.40999999999999998
9449,defined,500,206,0.41199999999999998
9450,defined,500,202,0.40400000000000003
9451,defined,500,210,0.41999999999999998
9452,defined,500,201,0.40200000000000002
9453,defined,500,207,0.41399999999999998
9454,defined,500,198,0.39600000000000002
9455,defined,500,202,0.40400000000000003
9456,defined,500,203,0.40600000000000003
9457,defined,500,210,0.41999999999999998
9458,defined,500,202,0.40400000000000003
9459,defined,500,197,0.39400000000000002
9460,defined,500,207,0.41399999999999998
9461,defined,500,193,0.38600000000000001
9462,defined,500,199,0.39800000000000002
9463,defined,500,210,0.41999999999999998
9464,defined,500,213,0.42599999999999999
9465,defined,500,197,0.39400000000000002
9466,defined,500,221,0.442
9467,defined,500,223,0.44600000000000001
9468,defined,500,211,0.42199999999999999
9469,defined,500,203,0.40600000000000003
9470,defined,500,193,0.38600000000000001
9471,defined,500,206,0.41199999999999998
9472,defined,500,207,0.41399999999999998
9473,defined,500,208,0.41599999999999998
9474,defined,500,210,0.41999999999999998
9475,defined,500,209,0.41799999999999998
9476,defined,500,206,0.41199999999999998
9477,defined,500,217,0.434
9478,defined,500,205,0.40999999999999998
9479,defined,500,204,0.40799999999999997
9480,defined,500,212,0.42399999999999999
9481,defined,500,215,0.42999999999999999
9482,defined,500,198,0.39600000000000002
9483,defined,500,209,0.41799999999999998
9484,defined,500,214,0.42799999999999999
9485,defined,500,209,0.41799999999999998
9486,defined,500,206,0.41199999999999998
9487,defined,500,206,0.41199999999999998
9488,defined,500,206,0.41199999999999998
9489,defined,500,197,0.39400000000000002
9490,defined,500,211,0.42199999999999999
9491,defined,500,211,0.42199999999999999
9492,defined,500,192,0.38400000000000001
9493,defined,500,214,0.42799999999999999
9494,defined,500,206,0.41199999999999998
9495,defined,500,215,0.42999999999999999
9496,defined,500,216,0.432
9497,defined,500,202,0.40400000000000003
9498,defined,500,203,0.40600000000000003
9499,defined,500,214,0.42799999999999999
9500,defined,500,215,0.42999999999999999
9501,defined,500,205,0.40999999999999998
9502,defined,500,194,0.38800000000000001
9503,defined,500,215,0.42999999999999999
9504,defined,500,213,0.42599999999999999
9505,defined,500,195,0.39000000000000001
9506,defined,500,207,0.41399999999999998
9507,defined,500,212,0.42399999999999999
9508,defined,500,223,0.44600000000000001
9509,defined,500,218,0.436
9510,defined,500,213,0.42599999999999999
9511,defined,500,218,0.436
9512,defined,500,217,0.434
9513,defined,500,207,0.41399999999999998
9514,defined,500,208,0.41599999999999998
9515,defined,500,222,0.44400000000000001
9516,defined,500,204,0.40799999999999997
9517,defined,500,207,0.41399999999999998
9518,defined,500,197,0.39400000000000002
9519,defined,500,200,0.40000000000000002
9520,defined,500,202,0.40400000000000003
9521,defined,500,203,0.40600000000000003
9522,defined,500,202,0.40400000000000003
9523,defined,500,203,0.40600000000000003
9524,defined,500,215,0.42999999999999999
9525,defined,500,220,0.44
9526,defined,500,211,0.42199999999999999
9527,defined,500,208,0.41599999999999998
9528,defined,500,199,0.39800000000000002
9529,defined,500,213,0.42599999999999999
9530,defined,500,203,0.40600000000000003
9531,defined,500,204,0.40799999999999997
9532,defined,500,197,0.39400000000000002
9533,defined,500,198,0.39600000000000002
9534,defined,500,209,0.41799999999999998
9535,defined,500,217,0.434
9536,defined,500,208,0.41599999999999998
9537,defined,500,212,0.42399999999999999
9538,defined,500,211,0.42199999999999999
9539,defined,500,211,0.42199999999999999
9540,defined,500,191,0.38200000000000001
9541,defined,500,204,0.40799999999999997
9542,defined,500,224,0.44800000000000001
9543,defined,500,210,0.41999999999999998
9544,defined,500,194,0.38800000000000001
9545,defined,500,211,0.42199999999999999
9546,defined,500,205,0.40999999999999998
9547,defined,500,207,0.41399999999999998
9548,defined,500,212,0.42399999999999999
9549,defined,500,207,0.41399999999999998
9550,defined,500,222,0.44400000000000001
9551,defined,500,204,0.40799999999999997
9552,defined,500,214,0.42799999999999999
9553,defined,500,216,0.432
9554,defined,500,206,0.41199999999999998
9555,defined,500,208,0.41599999999999998
9556,defined,500,207,0.41399999999999998
9557,defined,500,210,0.41999999999999998
9558,defined,500,205,0.40999999999999998
9559,defined,500,218,0.436
9560,defined,500,207,0.41399999999999998
9561,defined,500,215,0.42999999999999999
9562,defined,500,202,0.40400000000000003
9563,defined,500,211,0.42199999999999999
9564,defined,500,206,0.41199999999999998
9565,defined,500,206,0.41199999999999998
9566,defined,500,205,0.40999999999999998
9567,defined,500,206,0.41199999999999998
9568,defined,500,212,0.42399999999999999
9569,defined,500,211,0.42199999999999999
9570,defined,500,204,0.40799999999999997
9571,defined,500,207,0.41399999999999998
9572,defined,500,205,0.40999999999999998
9573,defined,500,193,0.38600000000000001
9574,defined,500,216,0.432
9575,defined,500,210,0.41999999999999998
9576,defined,500,201,0.40200000000000002
9577,defined,500,205,0.40999999999999998
9578,defined,500,215,0.42999999999999999
9579,defined,500,203,0.40600000000000003
9580,defined,500,208,0.41599999999999998
9581,defined,500,212,0.42399999999999999
9582,defined,500,213,0.42599999999999999
9583,defined,500,219,0.438
9584,defined,500,206,0.41199999999999998
9585,defined,500,214,0.42799999999999999
9586,defined,500,209,0.41799999999999998
9587,defined,500,202,0.40400000000000003
9588,defined,500,204,0.40799999999999997
9589,defined,500,206,0.41199999999999998
9590,defined,500,207,0.41399999999999998
9591,defined,500,194,0.38800000000000001
9592,defined,500,202,0.40400000000000003
9593,defined,500,212,0.42399999999999999
9594,defined,500,214,0.42799999999999999
9595,defined,500,195,0.39000000000000001
9596,defined,500,203,0.40600000000000003
9597,defined,500,209,0.41799999999999998
9598,defined,500,218,0.436
9599,defined,500,200,0.40000000000000002
9600,defined,500,223,0.44600000000000001
9601,defined,500,210,0.41999999999999998
9602,defined,500,206,0.41199999999999998
9603,defined,500,213,0.42599999999999999
9604,defined,500,200,0.40000000000000002
9605,defined,500,205,0.40999999999999998
9606,defined,500,201,0.40200000000000002
9607,defined,500,207,0.41399999999999998
9608,defined,500,207,0.41399999999999998
9609,defined,500,222,0.44400000000000001
9610,defined,500,207,0.41399999999999998
9611,defined,500,199,0.39800000000000002
9612,defined,500,218,0.436
9613,defined,500,205,0.40999999999999998
9614,defined,500,203,0.40600000000000003
9615,defined,500,203,0.40600000000000003
9616,defined,500,210,0.41999999999999998
9617,defined,500,212,0.42399999999999999
9618,defined,500,210,0.41999999999999998
9619,defined,500,213,0.42599999999999999
9620,defined,500,200,0.40000000000000002
9621,defined,500,203,0.40600000000000003
9622,defined,500,207,0.41399999999999998
9623,defined,500,210,0.41999999999999998
9624,defined,500,200,0.40000000000000002
9625,defined,500,203,0.40600000000000003
9626,defined,500,209,0.41799999999999998
9627,defined,500,196,0.39200000000000002
9628,defined,500,215,0.42999999999999999
9629,defined,500,203,0.40600000000000003
9630,defined,500,203,0.40600000000000003
9631,defined,500,220,0.44
9632,defined,500,216,0.432
9633,defined,500,200,0.40000000000000002
9634,defined,500,211,0.42199999999999999
9635,defined,500,204,0.40799999999999997
9636,defined,500,204,0.40799999999999997
9637,defined,500,199,0.39800000000000002
9638,defined,500,203,0.40600000000000003
9639,defined,500,211,0.42199999999999999
9640,defined,500,214,0.42799999999999999
9641,defined,500,203,0.40600000000000003
9642,defined,500,216,0.432
9643,defined,500,204,0.40799999999999997
9644,defined,500,199,0.39800000000000002
9645,defined,500,202,0.40400000000000003
9646,defined,500,196,0.39200000000000002
9647,defined,500,209,0.41799999999999998
9648,defined,500,207,0.41399999999999998
9649,defined,500,187,0.374
9650,defined,500,215,0.42999999999999999
9651,defined,500,207,0.41399999999999998
9652,defined,500,209,0.41799999999999998
9653,defined,500,216,0.432
9654,defined,500,213,0.42599999999999999
9655,defined,500,206,0.41199999999999998
9656,defined,500,209,0.41799999999999998
9657,defined,500,206,0.41199999999999998
9658,defined,500,208,0.41599999999999998
9659,defined,500,209,0.41799999999999998
9660,defined,500,209,0.41799999999999998
9661,defined,500,213,0.42599999999999999
9662,defined,500,204,0.40799999999999997
9663,defined,500,209,0.41799999999999998
9664,defined,500,212,0.42399999999999999
9665,defined,500,206,0.41199999999999998
9666,defined,500,209,0.41799999999999998
9667,defined,500,216,0.432
9668,defined,500,227,0.45400000000000001
9669,defined,500,211,0.42199999999999999
9670,defined,500,199,0.39800000000000002
9671,defined,500,204,0.40799999999999997
9672,defined,500,216,0.432
9673,defined,500,205,0.40999999999999998
9674,defined,500,208,0.41599999999999998
9675,defined,500,218,0.436
9676,defined,500,206,0.41199999999999998
9677,defined,500,207,0.41399999999999998
9678,defined,500,205,0.40999999999999998
9679,defined,500,212,0.42399999999999999
9680,defined,500,201,0.40200000000000002
9681,defined,500,206,0.41199999999999998
9682,defined,500,207,0.41399999999999998
9683,defined,500,207,0.41399999999999998
9684,defined,500,211,0.42199999999999999
9685,defined,500,207,0.41399999999999998
9686,defined,500,208,0.41599999999999998
9687,defined,500,208,0.41599999999999998
9688,defined,500,207,0.41399999999999998
9689,defined,500,206,0.41199999999999998
9690,defined,500,214,0.42799999999999999
9691,defined,500,220,0.44
9692,defined,500,219,0.438
9693,defined,500,204,0.40799999999999997
9694,defined,500,200,0.40000000000000002
9695,defined,500,190,0.38
9696,defined,500,208,0.41599999999999998
9697,defined,500,210,0.41999999999999998
9698,defined,500,204,0.40799999999999997
9699,defined,500,204,0.40799999999999997
9700,defined,500,205,0.40999999999999998
9701,defined,500,213,0.42599999999999999
9702,defined,500,207,0.41399999999999998
9703,defined,500,206,0.41199999999999998
9704,defined,500,226,0.45200000000000001
9705,defined,500,200,0.40000000000000002
9706,defined,500,198,0.39600000000000002
9707,defined,500,209,0.41799999999999998
9708,defined,500,213,0.42599999999999999
9709,defined,500,211,0.42199999999999999
9710,defined,500,213,0.42599999999999999
9711,defined,500,206,0.41199999999999998
9712,defined,500,195,0.39000000000000001
9713,defined,500,204,0.40799999999999997
9714,defined,500,199,0.39800000000000002
9715,defined,500,214,0.42799999999999999
9716,defined,500,206,0.41199999999999998
9717,defined,500,204,0.40799999999999997
9718,defined,500,195,0.39000000000000001
9719,defined,500,213,0.42599999999999999
9720,defined,500,202,0.40400000000000003
9721,defined,500,197,0.39400000000000002
9722,defined,500,210,0.41999999999999998
9723,defined,500,204,0.40799999999999997
9724,defined,500,201,0.40200000000000002
9725,defined,500,206,0.41199999999999998
9726,defined,500,201,0.40200000000000002
9727,defined,500,208,0.41599999999999998
9728,defined,500,202,0.40400000000000003
9729,defined,500,211,0.42199999999999999
9730,defined,500,207,0.41399999999999998
9731,defined,500,214,0.42799999999999999
9732,defined,500,207,0.41399999999999998
9733,defined,500,213,0.42599999999999999
9734,defined,500,198,0.39600000000000002
9735,defined,500,211,0.42199999999999999
9736,defined,500,202,0.40400000000000003
9737,defined,500,203,0.40600000000000003
9738,defined,500,205,0.40999999999999998
9739,defined,500,207,0.41399999999999998
9740,defined,500,206,0.41199999999999998
9741,defined,500,210,0.41999999999999998
9742,defined,500,208,0.41599999999999998
9743,defined,500,198,0.39600000000000002
9744,defined,500,207,0.41399999999999998
9745,defined,500,208,0.41599999999999998
9746,defined,500,218,0.436
9747,defined,500,203,0.40600000000000003
9748,defined,500,205,0.40999999999999998
9749,defined,500,208,0.41599999999999998
9750,defined,500,213,0.42599999999999999
9751,defined,500,211,0.42199999999999999
9752,defined,500,197,0.39400000000000002
9753,defined,500,213,0.42599999999999999
9754,defined,500,214,0.42799999999999999
9755,defined,500,211,0.42199999999999999
9756,defined,500,205,0.40999999999999998
9757,defined,500,200,0.40000000000000002
9758,defined,500,215,0.42999999999999999
9759,defined,500,205,0.40999999999999998
9760,defined,500,210,0.41999999999999998
9761,defined,500,216,0.432
9762,defined,500,201,0.40200000000000002
9763,defined,500,222,0.44400000000000001
9764,defined,500,198,0.39600000000000002
9765,defined,500,201,0.40200000000000002
9766,defined,500,202,0.40400000000000003
9767,defined,500,213,0.42599999999999999
9768,defined,500,213,0.42599999999999999
9769,defined,500,205,0.40999999999999998
9770,defined,500,210,0.41999999999999998
9771,defined,500,213,0.42599999999999999
9772,defined,500,205,0.40999999999999998
9773,defined,500,195,0.39000000000000001
9774,defined,500,210,0.41999999999999998
9775,defined,500,211,0.42199999999999999
9776,defined,500,212,0.42399999999999999
9777,defined,500,202,0.40400000000000003
9778,defined,500,204,0.40799999999999997
9779,defined,500,196,0.39200000000000002
9780,defined,500,213,0.42599999999999999
9781,defined,500,205,0.40999999999999998
9782,defined,500,198,0.39600000000000002
9783,defined,500,222,0.44400000000000001
9784,defined,500,218,0.436
9785,defined,500,213,0.42599999999999999
9786,defined,500,212,0.42399999999999999
9787,defined,500,213,0.42599999999999999
9788,defined,500,227,0.45400000000000001
9789,defined,500,197,0.39400000000000002
9790,defined,500,218,0.436
9791,defined,500,197,0.39400000000000002
9792,defined,500,201,0.40200000000000002
9793,defined,500,205,0.40999999999999998
9794,defined,500,195,0.39000000000000001
9795,defined,500,210,0.41999999999999998
9796,defined,500,204,0.40799999999999997
9797,defined,500,198,0.39600000000000002
9798,defined,500,219,0.438
9799,defined,500,222,0.44400000000000001
9800,defined,500,216,0.432
9801,defined,500,211,0.42199999999999999
9802,defined,500,208,0.41599999999999998
9803,defined,500,227,0.45400000000000001
9804,defined,500,209,0.41799999999999998
9805,defined,500,209,0.41799999999999998
9806,defined,500,217,0.434
9807,defined,500,181,0.36199999999999999
9808,defined,500,200,0.40000000000000002
9809,defined,500,206,0.41199999999999998
9810,defined,500,204,0.40799999999999997
9811,defined,500,204,0.40799999999999997
9812,defined,500,202,0.40400000000000003
9813,defined,500,216,0.432
9814,defined,500,203,0.40600000000000003
9815,defined,500,210,0.41999999999999998
9816,defined,500,204,0.40799999999999997
9817,defined,500,206,0.41199999999999998
9818,defined,500,205,0.40999999999999998
9819,defined,500,197,0.39400000000000002
9820,defined,500,207,0.41399999999999998
9821,defined,500,196,0.39200000000000002
9822,defined,500,217,0.434
9823,defined,500,210,0.41999999999999998
9824,defined,500,205,0.40999999999999998
9825,defined,500,205,0.40999999999999998
9826,defined,500,198,0.39600000000000002
9827,defined,500,211,0.42199999999999999
9828,defined,500,197,0.39400000000000002
9829,defined,500,217,0.434
9830,defined,500,206,0.41199999999999998
9831,defined,500,204,0.40799999999999997
9832,defined,500,203,0.40600000000000003
9833,defined,500,203,0.40600000000000003
9834,defined,500,207,0.41399999999999998
9835,defined,500,211,0.42199999999999999
9836,defined,500,200,0.40000000000000002
9837,defined,500,217,0.434
9838,defined,500,210,0.41999999999999998
9839,defined,500,213,0.42599999999999999
9840,defined,500,218,0.436
9841,defined,500,207,0.41399999999999998
9842,defined,500,203,0.40600000000000003
9843,defined,500,205,0.40999999999999998
9844,defined,500,192,0.38400000000000001
9845,defined,500,194,0.38800000000000001
9846,defined,500,203,0.40600000000000003
9847,defined,500,213,0.42599999999999999
9848,defined,500,216,0.432
9849,defined,500,205,0.40999999999999998
9850,defined,500,201,0.40200000000000002
9851,defined,500,201,0.40200000000000002
9852,defined,500,212,0.42399999999999999
9853,defined,500,204,0.40799999999999997
9854,defined,500,209,0.41799999999999998
9855,defined,500,201,0.40200000000000002
9856,defined,500,212,0.42399999999999999
9857,defined,500,195,0.39000000000000001
9858,defined,500,218,0.436
9859,defined,500,217,0.434
9860,defined,500,213,0.42599999999999999
9861,defined,500,212,0.42399999999999999
9862,defined,500,204,0.40799999999999997
9863,defined,500,194,0.38800000000000001
9864,defined,500,204,0.40799999999999997
9865,defined,500,215,0.42999999999999999
9866,defined,500,213,0.42599999999999999
9867,defined,500,198,0.39600000000000002
9868,defined,500,198,0.39600000000000002
9869,defined,500,204,0.40799999999999997
9870,defined,500,203,0.40600000000000003
9871,defined,500,207,0.41399999999999998
9872,defined,500,205,0.40999999999999998
9873,defined,500,193,0.38600000000000001
9874,defined,500,205,0.40999999999999998
9875,defined,500,203,0.40600000000000003
9876,defined,500,219,0.438
9877,defined,500,207,0.41399999999999998
9878,defined,500,205,0.40999999999999998
9879,defined,500,224,0.44800000000000001
9880,defined,500,221,0.442
9881,defined,500,208,0.41599999999999998
9882,defined,500,209,0.41799999999999998
9883,defined,500,208,0.41599999999999998
9884,defined,500,208,0.41599999999999998
9885,defined,500,210,0.41999999999999998
9886,defined,500,199,0.39800000000000002
9887,defined,500,205,0.40999999999999998
9888,defined,500,216,0.432
9889,defined,500,197,0.39400000000000002
9890,defined,500,197,0.39400000000000002
9891,defined,500,204,0.40799999999999997
9892,defined,500,217,0.434
9893,defined,500,208,0.41599999999999998
9894,defined,500,204,0.40799999999999997
9895,defined,500,204,0.40799999999999997
9896,defined,500,215,0.42999999999999999
9897,defined,500,205,0.40999999999999998
9898,defined,500,206,0.41199999999999998
9899,defined,500,197,0.39400000000000002
9900,defined,500,198,0.39600000000000002
9901,defined,500,209,0.41799999999999998
9902,defined,500,225,0.45000000000000001
9903,defined,500,211,0.42199999999999999
9904,defined,500,222,0.44400000000000001
9905,defined,500,204,0.40799999999999997
9906,defined,500,200,0.40000000000000002
9907,defined,500,212,0.42399999999999999
9908,defined,500,202,0.40400000000000003
9909,defined,500,210,0.41999999999999998
9910,defined,500,207,0.41399999999999998
9911,defined,500,220,0.44
9912,defined,500,216,0.432
9913,defined,500,212,0.42399999999999999
9914,defined,500,211,0.42199999999999999
9915,defined,500,199,0.39800000000000002
9916,defined,500,192,0.38400000000000001
9917,defined,500,203,0.40600000000000003
9918,defined,500,203,0.40600000000000003
9919,defined,500,211,0.42199999999999999
9920,defined,500,207,0.41399999999999998
9921,defined,500,209,0.41799999999999998
9922,defined,500,206,0.41199999999999998
9923,defined,500,207,0.41399999999999998
9924,defined,500,206,0.41199999999999998
9925,defined,500,215,0.42999999999999999
9926,defined,500,212,0.42399999999999999
9927,defined,500,210,0.41999999999999998
9928,defined,500,208,0.41599999999999998
9929,defined,500,204,0.40799999999999997
9930,defined,500,201,0.40200000000000002
9931,defined,500,214,0.42799999999999999
9932,defined,500,204,0.40799999999999997
9933,defined,500,207,0.41399999999999998
9934,defined,500,199,0.39800000000000002
9935,defined,500,207,0.41399999999999998
9936,defined,500,207,0.41399999999999998
9937,defined,500,203,0.40600000000000003
9938,defined,500,213,0.42599999999999999
9939,defined,500,214,0.42799999999999999
9940,defined,500,211,0.42199999999999999
9941,defined,500,210,0.41999999999999998
9942,defined,500,216,0.432
9943,defined,500,206,0.41199999999999998
9944,defined,500,196,0.39200000000000002
9945,defined,500,194,0.38800000000000001
9946,defined,500,205,0.40999999999999998
9947,defined,500,202,0.40400000000000003
9948,defined,500,202,0.40400000000000003
9949,defined,500,205,0.40999999999999998
9950,defined,500,216,0.432
9951,defined,500,209,0.41799999999999998
9952,defined,500,206,0.41199999999999998
9953,defined,500,196,0.39200000000000002
9954,defined,500,204,0.40799999999999997
9955,defined,500,208,0.41599999999999998
9956,defined,500,203,0.40600000000000003
9957,defined,500,213,0.42599999999999999
9958,defined,500,210,0.41999999999999998
9959,defined,500,202,0.40400000000000003
9960,defined,500,202,0.40400000000000003
9961,defined,500,203,0.40600000000000003
9962,defined,500,213,0.42599999999999999
9963,defined,500,197,0.39400000000000002
9964,defined,500,209,0.41799999999999998
9965,defined,500,196,0.39200000000000002
9966,defined,500,212,0.42399999999999999
9967,defined,500,225,0.45000000000000001
9968,defined,500,202,0.40400000000000003
9969,defined,500,201,0.40200000000000002
9970,defined,500,213,0.42599999999999999
9971,defined,500,209,0.41799999999999998
9972,defined,500,207,0.41399999999999998
9973,defined,500,212,0.42399999999999999
9974,defined,500,211,0.42199999999999999
9975,defined,500,201,0.40200000000000002
9976,defined,500,193,0.38600000000000001
9977,defined,500,212,0.42399999999999999
9978,defined,500,202,0.40400000000000003
9979,defined,500,211,0.42199999999999999
9980,defined,500,196,0.39200000000000002
9981,defined,500,201,0.40200000000000002
9982,defined,500,210,0.41999999999999998
9983,defined,500,209,0.41799999999999998
9984,defined,500,211,0.42199999999999999
9985,defined,500,195,0.39000000000000001
9986,defined,500,213,0.42599999999999999
9987,defined,500,211,0.42199999999999999
9988,defined,500,202,0.40400000000000003
9989,defined,500,198,0.39600000000000002
9990,defined,500,204,0.40799999999999997
9991,defined,500,208,0.41599999999999998
9992,defined,500,209,0.41799999999999998
9993,defined,500,206,0.41199999999999998
9994,defined,500,200,0.40000000000000002
9995,defined,500,207,0.41399999999999998
9996,defined,500,205,0.40999999999999998
9997,defined,500,209,0.41799999999999998
9998,defined,500,214,0.42799999999999999
9999,defined,500,203,0.40600000000000003
