partition,cluster_id,truth_family,hard_eligible,primary_issued,credible_structure_family_count,disagreement_score_pp,candidate_endpoint_absolute_error_pp,candidate_trajectory_iae_pp,catastrophic_error
audit,c_007c5469e0202f163a26d51fe56425dd,single_power,True,False,5,39.019051419293881,5.3290826507782185,2.4883610583261992,True
audit,c_00acef5aa5d8286ebf76233ecf123b20,early_activation_plus_power,True,False,5,39.975889444487215,6.5600796730597608,3.6310230564667436,True
audit,c_016c49fa50a5865a0fe8e07e4825fcd9,saturating_plus_slow,True,True,4,25.594508069765915,29.995859948863,14.821756501283186,True
audit,c_017ded3396ede44264965ff07629030e,late_knee,True,True,4,32.510247357768307,12.290255632643095,4.4643090341069982,True
audit,c_01de08b1d1895c78cdf51585efa92db8,single_power,True,True,5,32.699279095681035,0.89574916401109306,0.61701426453623009,False
audit,c_02750b806f7e03f64d4937c14ad4a4d1,dual_power,True,True,5,33.022954391068332,1.7951558603779887,0.54211845293255068,False
audit,c_028ba0daa685de3d645c4dd91a72edb6,early_activation_plus_power,False,False,0,inf,29.729587710621615,12.953979496959796,True
audit,c_03a2f6cdc59bd959ec1ed375c659ef8e,late_knee,True,True,4,32.141997258590862,2.3378473216075975,1.5265841644383855,False
audit,c_048268b3529b2b7911850f7dbeca8898,late_knee,True,False,5,42.049775847906595,5.4350011539412293,2.606837700262389,True
audit,c_053e979ca83c708e5be4da309a232b89,late_knee,True,True,5,35.179345908523821,8.6060692821402114,3.6844009386905778,True
audit,c_05b4409274b2b1a80419a9d58f7121e8,single_power,True,True,5,32.80031586198195,2.3321780283574327,1.2548854331629757,False
audit,c_05d277cf738c7fd6ecd3a6d0701c97cb,single_power,True,True,5,32.141993705012823,0.086825659746438077,0.4569375616303572,False
audit,c_05e3ed5da8fde4cbf171d8d50f8e2e60,dual_power,True,True,5,32.363356754836815,1.0526937685294229,0.48194948246627917,False
audit,c_064902bd948f47c98dcb6710de77d839,dual_power,True,True,5,33.482795513493429,0.1621764770384857,0.11626377644400065,False
audit,c_0681d7a8112d8f5b8ed4e716c20f5fa3,single_power,True,True,5,33.525537278053747,0.9162238780691041,0.38888163793734393,False
audit,c_06ea275adaee3c78474a1608588c3963,late_knee,True,True,6,32.141999919210747,9.5172804739414687,3.9088775704552718,True
audit,c_070c2da479f4061e2968698980d2c166,dual_power,True,True,5,35.307016736827201,5.3884830963024228,2.349328520029315,True
audit,c_07150bf433ba0557ba7d8cbc5fa8b70c,late_knee,True,True,6,32.226943839448708,5.4277451992547441,2.8065433135067019,True
audit,c_08471bae124c38d744e5a1836e80734c,dual_power,True,True,5,33.335661406549391,2.570831300951852,1.2299856959871132,False
audit,c_08dcb85d47f5a830601b4c8aabcac900,dual_power,True,True,5,33.789904890652281,0.71251450963222851,0.33851156883546646,False
audit,c_093da2edee567a556450130fc28fac67,dual_power,True,False,5,41.264002545448385,5.5379443029505211,2.1562015004824291,True
audit,c_0a913ac1920987dfb18f603eaa979005,late_knee,True,True,5,32.141999120063886,13.264718457294776,5.9796110571946048,True
audit,c_0a9f4b28c7feb8e8ded28ce79168454b,dual_power,False,False,0,inf,2.6547492130371637,1.369363421761411,False
audit,c_0aaa4a83a51214670a47b03c1f0bf881,early_activation_plus_power,True,False,5,35.9694991983093,3.3389307393843382,1.7905625268243262,False
audit,c_0ab8d5cae4cf51171eacdc958055605b,late_knee,True,True,4,32.881968448738192,12.834187360266156,5.2421636224720247,True
audit,c_0c78ed7fb66f914d971423df2eb5307c,early_activation_plus_power,True,False,5,36.705543829381376,2.4076584217251877,0.99981641923161158,False
audit,c_0cd549e60c02b82acd89cc5c75d317d1,early_activation_plus_power,False,False,0,inf,11.865711240216811,5.9255257733582507,True
audit,c_0cf29cb2ddbe176918fed13a27fc9e2c,dual_power,True,False,5,37.361964201091233,2.8973636380488159,1.6184864733233801,False
audit,c_0d742044b6963d099c48916790e93055,late_knee,True,True,4,32.706527429488361,1.2082220206691403,0.51144012769675529,False
audit,c_0eec2733c2f7b88e7097c302d4df01b0,dual_power,True,False,5,37.431213125548815,0.24870097709684558,0.15081676531683869,False
audit,c_0ffbaa2576463e6233bbc92af79c54cd,saturating_plus_slow,False,False,1,inf,5.7947357380918447,3.7450561427101174,True
audit,c_105da9b78c70f66b4fc6797f11579048,single_power,True,True,5,32.141998353293047,1.9817069903148621,0.93206484645613541,False
audit,c_115a38050d44a7b4cd76e4a164f7af05,single_power,True,True,5,32.141998880025895,1.8391261434004349,0.86646291873639958,False
audit,c_11b2cb4fe7d312bb97eacc46714837cb,early_activation_plus_power,False,False,0,inf,22.180087136339338,10.946515972202972,True
audit,c_1220ed16028fc799753c00ae6029ad8e,early_activation_plus_power,False,False,0,inf,24.173764756614517,10.551154350222003,True
audit,c_12aa2ce50e91f547ec390aa21c899875,saturating_plus_slow,False,False,1,inf,4.0374653958923403,2.7034386915924369,False
audit,c_12f6bec12602d4d1226afeb1474b0c45,saturating_plus_slow,False,False,1,inf,2.905251765171954,2.1158544449863497,False
audit,c_13a5d41f99cb0a24e11ca3c5e8c76ff4,late_knee,True,True,5,32.299553453673312,2.2188572161420552,0.59238248707412788,False
audit,c_147443cd8d14c0b18c6d38b20f3b2e3d,early_activation_plus_power,True,True,5,32.453828635174993,1.3316997308695449,0.75381955174723836,False
audit,c_1474d2c79c9da3ab71a3ea60634770c6,saturating_plus_slow,True,True,5,33.692748479405722,0.50512731104672071,0.19854652521435831,False
audit,c_15b19f1c57a9823126f20b242065fe34,late_knee,True,True,5,32.627369811316385,8.1216947832674151,3.7691561581905328,True
audit,c_161f8b0ceb26ff8345dcb58172c29146,dual_power,True,True,5,32.956290982882166,8.5329173034534023,3.7868392802521589,True
audit,c_164accd48f554de86e6cd3314b15b927,late_knee,True,False,5,36.702902226559381,1.823530951388264,0.67964529144851082,False
audit,c_16beb41ae929d1aef5fed449a2e1de85,saturating_plus_slow,False,False,1,inf,5.8368073986027156,3.8078542557468382,True
audit,c_17346689320d8280062fa98aaf559dbb,dual_power,True,True,5,33.53137273268068,0.6042987215840725,0.40047610083772189,False
audit,c_179a4642b8e00cf38acfd7f04f8a2eb3,saturating_plus_slow,True,True,4,32.142001543052551,11.635693528107637,6.6365368629940935,True
audit,c_18095e1b0f22c292045da99276c6a3ae,dual_power,True,True,4,32.464302184798953,3.1822312474522079,1.4621516418338489,False
audit,c_18831cfbebdf2d55c1f1a3a6a5bf9fbf,dual_power,True,True,5,34.041692045052436,0.25029795222459938,0.24332295355042047,False
audit,c_191962bfab99a7e7fc0d9f9ddce1acdc,single_power,True,True,5,35.076630900288144,0.44215122218929537,0.31584151169925045,False
audit,c_1a15cdff7b30a0e16a60a824c1190602,saturating_plus_slow,True,False,5,37.452000908691893,7.882584181087239,4.4744607452140688,True
audit,c_1a379fae0125f9a91b579f9a96e05f6b,late_knee,True,False,5,36.109723893993355,5.0210833636816403,1.842025157975669,True
audit,c_1b845345fc1c36a17363cc54d9316aa0,dual_power,True,True,5,32.208085465416858,5.2117338502762891,2.6339364637719922,True
audit,c_1ba68facc9d53f7681628703d96ac5a6,late_knee,True,True,5,32.141999118714907,5.0546352492823701,1.6874830828984855,True
audit,c_1bfde83d6da0077819c8b4a274e69af9,early_activation_plus_power,False,False,0,inf,15.219771934930662,6.869789153966777,True
audit,c_1c1c9df47d9cc24fe4009c9be64f8a92,single_power,True,True,5,32.332164594983553,0.41867783467642994,0.29767249433651116,False
audit,c_1c82382ade2c5f8f1365e7bf6f4b2f33,early_activation_plus_power,False,False,0,inf,29.32788563512527,12.612701737212118,True
audit,c_1d467e93ca1946da0c59346a5a72c58e,saturating_plus_slow,False,False,1,inf,6.6434773160745664,4.2762743545110444,True
audit,c_1d621a9ab6c87e0ceb04864dc595ce93,dual_power,True,False,5,38.011021883512946,5.1100426735647915,1.9953747310581149,True
audit,c_1e2c46a140667a0f376802448c36bc4b,late_knee,True,False,4,48.939097922301521,6.7184997046554855,2.7872112307675017,True
audit,c_1e4f8858f7b845e64c0c2e6664666bac,saturating_plus_slow,True,True,5,32.142000880275745,1.4465602381964402,0.75195652285763948,False
audit,c_1ede29f6964728a682bc71be4a97c7e8,early_activation_plus_power,False,False,0,inf,33.016601205502617,13.915947745018846,True
audit,c_1f69577b87ccb85dead9e6c98bf62743,dual_power,True,True,5,34.012581479707329,9.2204785198806718,4.1280324429787081,True
audit,c_1ff8bbc491b96c077b27585e0f5e0b9a,single_power,True,True,5,35.52525577164193,0.92216628692770541,0.43854201957897582,False
audit,c_20182c64eff57428702e4e113fa6c52a,late_knee,True,True,5,32.437899825467184,20.301005573445622,7.8511722458503623,True
audit,c_2059151432f233d28c1c43accfe639a6,saturating_plus_slow,False,False,1,inf,5.9463635626006521,3.9735171233168565,True
audit,c_20d4d38c0f2413502df2b981717cfafb,early_activation_plus_power,False,False,0,inf,6.0154608651548074,3.6130985378304055,True
audit,c_21503a6489ac6a46c1c7e31238e7ff8c,saturating_plus_slow,False,False,1,inf,2.2327549142983116,1.6646008293173484,False
audit,c_23c5b71251589912645b79a53591fc69,late_knee,True,True,5,33.467395919969739,5.2743639125884414,2.3449478827313186,True
audit,c_23cd97326cc6577d590256f794dc7b66,late_knee,True,True,5,32.141993885082712,7.2529858546557335,2.3317203129282631,True
audit,c_23d114443549b929f6fc40e41b7fe655,dual_power,True,True,5,33.484108141073946,10.25038344877423,4.6835068100414254,True
audit,c_246318196a7dfec54c61d65441336356,early_activation_plus_power,True,False,5,36.011340253369291,2.7956931620573613,1.6375744937056631,False
audit,c_254e1a1e4db06a38a1b7284d05b9263a,dual_power,True,True,5,33.937088858024559,9.2024758852558222,3.900433520752757,True
audit,c_260a7baf0227a99d6ef68ee6557c1896,early_activation_plus_power,True,False,5,35.776167977289866,2.9949658446608822,2.035620947977463,False
audit,c_2686794c9e60b30c8edc30de6d5ba427,late_knee,True,True,5,33.823411595766203,11.869933681624175,5.8159744109955316,True
audit,c_26e5458dd8515040565f419b28b544ae,saturating_plus_slow,False,False,1,inf,6.4742174314316827,4.5625207643695873,True
audit,c_27888c935aa4853a1dc03ac401afd877,early_activation_plus_power,False,False,0,inf,43.334862135149251,18.698691474206534,True
audit,c_27ae80a344c39e1a908dd02767bdb256,single_power,True,True,5,32.141999001050252,0.031066542548202847,0.16492082662071667,False
audit,c_27bfb4d5e3472d6acfe6be64355bd670,dual_power,True,True,5,32.789963682184691,1.5746227135615527,0.76073001241226057,False
audit,c_2902f79005f339a6bcc307378446b524,early_activation_plus_power,False,False,0,inf,23.582609296214301,10.408370039047728,True
audit,c_294e43961e20f6181dc777fd0025fab0,early_activation_plus_power,True,False,5,46.418129766122341,11.471351968716561,5.0690383968709494,True
audit,c_2986dfa7cae4048c9b3a35e314aa2ca5,single_power,True,False,5,36.327780248969191,1.7942229785214749,1.4109970751714371,False
audit,c_29f8081d98752993bde50ce6cbe341d2,dual_power,True,True,5,32.14199822143209,3.6330954279621039,0.73156049710132365,False
audit,c_2a6d05af1e71d6735f85412a973d66c7,late_knee,True,False,5,37.063402000080998,25.697480648860207,11.620164552166756,True
audit,c_2d4353d3d4dab97fbdb6e6e49e26b0f3,early_activation_plus_power,False,False,1,inf,3.6586744928352175,2.3579128501533066,False
audit,c_2dc1bf9a46c3f2609c7dee207c18c23d,early_activation_plus_power,True,True,5,34.64645111667479,2.8699183594303861,1.82379388011362,False
audit,c_2de573aae6661f9cb820697748e2da35,early_activation_plus_power,True,False,5,49.323774175710348,16.013500903609099,6.8170987227212221,True
audit,c_2e4238b0e024955f091f673ae4b1caf3,saturating_plus_slow,True,True,5,32.141998529867337,8.3269422381766418,2.858291344240905,True
audit,c_2f1e01d133f10d8270f790ef9380ff35,dual_power,True,True,5,32.9943762006085,3.0053615336646402,1.3653251088027547,False
audit,c_2fd5d10bbed14d87e5861c3a9ecb1932,late_knee,True,True,4,33.483877555618946,30.057154192068708,14.222354582582247,True
audit,c_2fd99a34e01489ad25e4eda7cc440bd3,dual_power,True,True,5,32.141998923585149,0.3289632795942623,0.2747013869599067,False
audit,c_300e705a0daeefcdae3d9dfff6dbc6f3,saturating_plus_slow,False,False,1,inf,8.3199501397463251,5.5136887580688771,True
audit,c_31a8c52cfb245d1359942cecd86f0a00,single_power,True,True,5,32.14199966600259,1.7269244542600148,1.1621003128442278,False
audit,c_320551deb11259ec0b8fe06f535691cf,saturating_plus_slow,True,False,4,37.413700779381223,4.2435868410265414,2.7339290411981727,False
audit,c_33050960b016c0ed15fe2eb949467ae5,dual_power,True,True,5,32.141996170688969,4.863549313554941,2.4137385018516762,False
audit,c_331caef8dcfd309636f7f457a0437b48,late_knee,True,False,5,45.623118245511399,8.7078202270772209,3.0481035650404329,True
audit,c_333552562e31b75affb136f964fecfcb,dual_power,True,True,5,34.431852124166987,5.0008051607610753,2.3678460807386461,True
audit,c_33d93f5311da73fb678c864d6b55b243,saturating_plus_slow,False,False,1,inf,3.328099469169473,2.632452745011244,False
audit,c_340d5466365b9d975806b92862b19d31,late_knee,True,True,5,33.933424510507734,14.230574558465221,5.607561535208708,True
audit,c_34936fc478d9995d8253abe59bf97a30,single_power,True,True,4,32.141992670037091,3.4645264639924989,0.97822298081230064,False
audit,c_350bb05b76d938e9d36f8b5242008bfb,dual_power,True,False,5,39.384707561710677,5.5855528289446568,3.2537925981086606,True
audit,c_357d597c6680f7fc5c769c8cf3d87cca,dual_power,True,False,5,38.922548467922162,6.1675965201957013,2.4349975364200236,True
audit,c_36047615b5c11b4550eac1fcb20e0962,early_activation_plus_power,True,True,5,32.489476941017763,0.41840007687291347,0.22491724850631489,False
audit,c_367e4b3a7768c9e5680266cf7600840b,late_knee,True,True,5,33.296185142823163,21.275586298690214,11.323031872627311,True
audit,c_36d1a9fa1cfe35e780a58e7b629c2744,early_activation_plus_power,False,False,0,inf,33.098651610409327,14.30974440352883,True
audit,c_36de8b1d8fce8c765368aab65b65d701,early_activation_plus_power,True,True,4,32.14200891146222,13.543860802769217,6.0616277739457196,True
audit,c_37941e13e481c9e2aec81bedde9b3522,early_activation_plus_power,True,True,5,32.811311274705702,0.32335832725333091,0.19891491868362915,False
audit,c_37a7bc44585287d54bfabd6bfa43ed4a,dual_power,True,False,5,36.416140869729425,7.4096555713315837,3.0946915887467532,True
audit,c_37ab80852ec81b9db67221fd70d92da8,late_knee,True,True,6,32.972973051744148,15.591065357656205,4.8713024661732183,True
audit,c_37e27c2971f2b8fa56c61da0a40964ff,saturating_plus_slow,False,False,1,inf,0.57965531973547968,0.29483200450999059,False
audit,c_380ee2e479738b90af1f0cfb3b2e197b,early_activation_plus_power,False,False,0,inf,1.1719341216672916,0.99407741150742268,False
audit,c_38ff0c17970cc5b7759fd1c38cfc1611,single_power,False,False,0,inf,2.4941693692031777,1.1562492884556796,False
audit,c_39a762712b3e3868291a726266572fac,late_knee,True,True,5,32.141997377161545,4.6381462676099119,2.266375918981844,False
audit,c_3ad21d3d22ecbd5b236a5b5b18d44e83,single_power,True,False,5,40.346541793387267,4.5331335560704815,1.7561143015119174,False
audit,c_3b355fa800d4a00ee7113d2a13827cfd,late_knee,True,False,4,52.609009480983232,6.1757444865241951,1.6477701205431716,True
audit,c_3b38d6f6fd38bffad963e7322eb83ff6,early_activation_plus_power,True,False,5,50.191645440230765,16.756987623283834,7.1501630878143372,True
audit,c_3b94ac607ca83bc0361eb088479bbd02,saturating_plus_slow,False,False,1,inf,2.6431881459886029,2.0893664693811669,False
audit,c_3bc4f1e2c4a58f640bf2db72891d5ff9,saturating_plus_slow,False,False,1,inf,8.5147684852387329,5.7210903980204622,True
audit,c_3d0225f7f5bb416231cd09bfb5caa1cb,early_activation_plus_power,False,False,0,inf,8.1440770869694035,4.1997096616502656,True
audit,c_3d7d8b3dd887837d511e7969659c348e,dual_power,True,False,5,49.945038177760573,15.795982083662963,6.6392533469707278,True
audit,c_3dceb4a69309691f0df632e8cd2a718f,single_power,True,True,6,32.798208714752576,0.41800228784778426,0.29153618680838372,False
audit,c_3e0f830c8193c9d04e57b6335a26ca14,dual_power,True,True,5,34.285920599844054,0.62902188490606648,0.3036384810686456,False
audit,c_3e2e222b085a19eb7aa941ea451ecb8a,saturating_plus_slow,True,True,5,34.456058774955956,2.1570622826820198,1.2647313914054785,False
audit,c_3f20a049e6b15a3770530403187df2eb,early_activation_plus_power,True,True,4,32.142023455524658,11.230769147024958,5.7529258847701117,True
audit,c_3f3af5d3f9905c0c9ae991f6306b9e82,single_power,True,True,5,33.394604575042031,0.64753510223516741,0.35893581680357561,False
audit,c_3f77dad05670bc2fd0c309e96b96ebc4,late_knee,True,False,5,37.445068680260256,11.524275201107343,4.9128400187303862,True
audit,c_3fb1d36689311a69660b628ae2b9d678,saturating_plus_slow,True,False,4,38.863010018658095,11.616366948477278,6.0380876796694913,True
audit,c_40e09114ecff6a70ac5654eb02b4437e,early_activation_plus_power,True,False,4,35.958314148819589,14.957812096649647,7.4304461832365805,True
audit,c_41271d77b57011e2728fb5e0ae50ad84,early_activation_plus_power,True,False,5,46.52788791650368,11.489898316850102,5.3261195831228498,True
audit,c_417aa1864e46b3598cae3d9f1d233ac9,early_activation_plus_power,False,False,0,inf,15.928656396152576,6.8671734000702482,True
audit,c_419261b0b02a85e862f391477bb96b66,early_activation_plus_power,True,False,5,56.665004013226515,23.825679083347026,11.011105038899426,True
audit,c_41a0ccd114828fbcdef65e992531064c,single_power,True,False,5,37.115535594103484,2.2049346891823944,1.1324412220718973,False
audit,c_41bdf5b734a9cc7122a48df6471c5359,single_power,True,True,5,33.852120655361219,1.4507659213444839,0.97845041089291573,False
audit,c_42271fa9c28271c361915267e7f329a5,saturating_plus_slow,False,False,1,inf,3.6517683028981054,2.4087490391859059,False
audit,c_43bd711f5e78ee9251cca730aafaf240,early_activation_plus_power,True,False,4,42.395874507486489,7.7502457113092191,3.6566531350701648,True
audit,c_43da660a778c6841407f7b8f3ea60ce4,saturating_plus_slow,True,True,5,33.275275234131932,6.1499233720727773,3.6780715427230031,True
audit,c_43f63877ea8e20c549916b72cf88827d,single_power,True,True,5,32.142001162438163,1.1505200789916472,0.66366769326825348,False
audit,c_444e2b9db392fbb3d3a463b973bd30a4,single_power,True,True,5,32.686364768596505,0.49139597810037117,0.26544492255534374,False
audit,c_4509a24aab7df04b3f834d8fee8eb404,single_power,True,False,5,37.733191732581481,1.6407355809495527,1.0903934287676758,False
audit,c_45606ef616894fba0f3c9b7372b35117,saturating_plus_slow,True,False,4,49.455254946905278,17.757043794953034,9.8272025396985718,True
audit,c_45f3c49722b041bf5b2ad9728ec49430,early_activation_plus_power,False,False,1,inf,10.683791098311232,5.367556322775334,True
audit,c_45fec3521122189820ac9f420196af7a,saturating_plus_slow,True,False,5,42.898946450486626,9.8006925617716547,5.0108436300002674,True
audit,c_462b05e84cfe7fd55fdc74cc2540d737,dual_power,True,False,5,43.832784947389449,8.7580574779075704,4.0326211999416444,True
audit,c_4683e91e4b6e449001cd755ded292ba0,early_activation_plus_power,False,False,0,inf,13.895457783257555,7.2285203460661105,True
audit,c_46c7132b82408cab2bb7842e6776b3f6,early_activation_plus_power,True,False,5,36.988012171712136,3.3711645513902937,1.8532926931138269,False
audit,c_46c96b128da1580d41bd768abf43b10b,dual_power,True,True,3,35.75587044339408,1.3311078331395265,1.0367359233185884,False
audit,c_477aed466ef6e2e2e06dfa0b8562321b,dual_power,True,True,5,32.141992738945113,2.3113834171503527,0.68386332992865717,False
audit,c_4784816cb40c3996ae13fae9779d1789,saturating_plus_slow,False,False,1,inf,8.1296088701331684,5.045068075423222,True
audit,c_4825f94396fe932e12080e7e97316dc4,single_power,True,False,5,36.440083485961829,1.8331959497743071,1.1512232817335664,False
audit,c_488c2f8ba021335564d308cd5666dcba,early_activation_plus_power,True,True,5,33.512113503889175,0.67316532889756786,0.38333408067798752,False
audit,c_49462143758e6bd23cca65c74d2e5e5f,dual_power,True,True,5,32.60137743264724,2.815339578443897,1.381783672340871,False
audit,c_4a116f16d23adf4c7cb2aa8d429f4288,early_activation_plus_power,True,False,5,42.842582721780268,9.8541905066884397,4.4235275142774011,True
audit,c_4b53a5eea8a831db67b059da33deffb8,saturating_plus_slow,False,False,1,inf,3.0842697640064927,2.1875267902611522,False
audit,c_4bc0454564944a7a08bad355db6c11dd,saturating_plus_slow,True,True,5,32.842604612876634,4.6703388814227083,3.0901515148749641,False
audit,c_4bcc48f7d0e61dca403c0b264b606504,single_power,False,False,0,inf,2.1496831124902229,1.2600646893716616,False
audit,c_4ce31ee96f0177bb30015a69e94c60f5,saturating_plus_slow,False,False,1,inf,6.1705488594488429,4.3618502360502376,True
audit,c_4d22390fb59099d9edd907432b4c475d,single_power,True,False,5,42.562637766876342,3.504182162192933,1.7320212736005089,False
audit,c_4d8cbc7de9a32ac51cfc93a4f33f4802,late_knee,True,True,5,33.409599608308554,14.723848601450101,7.2464297394931734,True
audit,c_4df0daca1630b7db0cdc43aeef5b84e5,late_knee,True,True,5,33.297847386232192,1.6980874570915319,0.58811584177590093,False
audit,c_4ed1ecebfe363ed49214f648beadfa92,early_activation_plus_power,True,False,4,41.851549152245759,8.1622396655080109,4.7640770348179826,True
audit,c_4f8857f90abee4733f8f4cca2f96549f,dual_power,True,False,5,46.778394220987998,10.45367542432497,3.9323244214764919,True
audit,c_50ebb3ed3430777577037422d84a3920,dual_power,True,False,4,55.930242389311722,45.65919529984285,18.844667759549292,True
audit,c_527d26b92e90c1f8327472bbfd3bd5e1,late_knee,True,True,6,32.469727629457438,8.3161672682766152,4.17991162385389,True
audit,c_531f8826f5ad177ec71d3ba3f72c5e67,late_knee,True,True,5,32.141999407964391,4.6705258771772691,2.015252403872847,False
audit,c_538f6e0c32de553453b4736d31e3288e,early_activation_plus_power,False,False,0,inf,72.443484412514096,30.544863996879087,True
audit,c_539585e567027205e600d505e02cbd55,early_activation_plus_power,True,False,4,47.962627680851064,9.9701397334577848,4.9832114011102977,True
audit,c_53c5782290b5819ef74159b54f0750d7,late_knee,True,True,5,32.141999420150668,2.7303669350331177,0.90222879753015361,False
audit,c_55729dc4b35024475021a916da14c986,early_activation_plus_power,False,False,0,inf,41.773112565803018,17.814725863213685,True
audit,c_564931799c9110d566662e5d6482a02b,early_activation_plus_power,False,False,0,inf,50.448788663424111,21.821497465214208,True
audit,c_56f48a233e2bdb808dca0082d3aeda1b,early_activation_plus_power,False,False,0,inf,40.528331220256533,16.053272533205792,True
audit,c_571a86842e5bfcb08921507968a792d4,late_knee,True,True,5,32.141991125012595,3.0185137331369276,1.4908738697645996,False
audit,c_577e02383a8c716b2a11c6e840bc5ce4,early_activation_plus_power,False,False,1,inf,23.098075929870362,10.546232014933414,True
audit,c_57e39e35c128a5253597e8b968806bd3,single_power,True,True,5,34.424174864252201,3.8617210802177766,2.297999721571145,False
audit,c_58518f08ad500ec32df802740ee49131,saturating_plus_slow,True,False,4,52.529548855717074,26.051932888546276,14.474668393875788,True
audit,c_58ea79dade558ca882f86b6e49fe214e,early_activation_plus_power,True,False,5,51.534119962251033,18.297048216241734,7.9121908504439764,True
audit,c_5a09354adbe79c8ab9eb914fcb93108f,late_knee,True,True,6,32.270916402521848,4.5138292853336992,1.1775920963015518,False
audit,c_5a44d787998749d391ff6ecf1c5351d6,single_power,True,True,5,33.385368697263786,0.33856175558220514,0.235272684426068,False
audit,c_5b71b860febce150d65fe112b01073fe,saturating_plus_slow,False,False,1,inf,5.78542083344513,3.6429678692095084,True
audit,c_5daff327b6742e04b65cf73613296fb2,saturating_plus_slow,True,False,4,44.610003537909002,14.335140900184726,8.0417682337238841,True
audit,c_5e0be25bcf4fcc1bb9599baa84c69aa9,early_activation_plus_power,True,False,5,37.058635138828812,3.1749275213127248,1.581363816983127,False
audit,c_5f8ea542b17b33efd4e193a4a18dc2ec,saturating_plus_slow,True,False,5,36.367716076256933,2.2075426962369278,1.1950394438101677,False
audit,c_6022c25c88fc6d65c34f6b5740f71b56,dual_power,False,False,0,inf,33.210899167211345,13.895359315362979,True
audit,c_602579384bf006d743f7b557b5b61406,single_power,True,True,5,34.543742190865942,0.055141097445741138,0.10917843622695274,False
audit,c_604791351b8072b3b716f76cbdac9abb,late_knee,True,False,5,57.157637664148226,1.1041694873127312,1.7812994570734204,False
audit,c_605ab7526f4e231e4864ad68b563a35e,saturating_plus_slow,False,False,1,inf,20.520841072700577,11.135144010646941,True
audit,c_60f2f618952a1969bfa32668118ab362,dual_power,True,True,5,32.141996581495391,1.6395504092404281,0.69489400315089211,False
audit,c_624761240789d7bf821f8d92e752a89c,saturating_plus_slow,True,True,5,32.831659581790028,1.5456524548574606,0.99856620896449044,False
audit,c_626e0dd4829c3461d19ce13ae1a64bfb,early_activation_plus_power,False,False,0,inf,16.266145586203308,8.4601358545997734,True
audit,c_637204e9ade018655fa617ae22705fe8,single_power,True,True,5,32.141999520659709,0.89437889180796049,0.46471838147767841,False
audit,c_642fb6c36695174192ff46e7f3414b94,saturating_plus_slow,False,False,1,inf,4.9701629049784799,3.4454213601618688,False
audit,c_64842e763ba8d8b8ffc86cedd7b32b92,late_knee,True,True,5,33.056196905061043,4.3937644631833734,2.1612508030330297,False
audit,c_65c5c73955e82157a5816d252a34c7d9,saturating_plus_slow,False,False,1,inf,5.3404254653630687,3.7368751927141819,True
audit,c_65cc45558d4bf9a614dfb411263e1bac,early_activation_plus_power,True,False,5,39.448455850658014,5.2379785565571666,2.827582685244955,True
audit,c_65d4c9d732ed909becb5d47214645659,saturating_plus_slow,False,False,1,inf,5.6707714807604361,3.8986909459584678,True
audit,c_65d5ea5ec1bdcbf74d07890156db029b,dual_power,True,True,4,32.942392140411513,9.1884496385247019,4.5814881535633507,True
audit,c_66505a08e61271fc46b63c0bf9269b50,early_activation_plus_power,False,False,0,inf,7.6513407072333592,3.7322935928580194,True
audit,c_66a25da84b33ad7b843948795e0ab13f,dual_power,True,True,5,32.141995164418574,4.6003129238789882,1.1037318419583484,False
audit,c_66aadb4f9f9b7d2f5d8adecd99149cd8,single_power,False,False,0,inf,7.1891098198043721,3.5889841909551783,True
audit,c_66cd5c4585bea7af97792bc0c117fa3b,single_power,True,True,5,32.154040376476523,0.084024820387668342,0.053826054967372083,False
audit,c_66e85d5ea3ae72fec3fe7c60babdf0a1,late_knee,True,True,5,32.142001053658618,10.624725036184103,2.9868426545081981,True
audit,c_6866c5860787c4ecd0d34b10d23f2e67,early_activation_plus_power,False,False,0,inf,10.271292171508804,4.1927640151115595,True
audit,c_6925f220e2042e63aae737c9100b6dfa,saturating_plus_slow,True,False,5,35.954389723731687,7.4306420993320614,4.6934653537175413,True
audit,c_6ad3390d84bdbab718ae10a326ca5968,late_knee,True,False,4,54.076555337584004,11.251142095189877,5.9497109543067159,True
audit,c_6af6271b61278ae8e6db5e577b553c06,dual_power,True,True,5,33.583231714225199,1.2322828671689336,0.65357924027686209,False
audit,c_6b0729b658f5c92f4e345835aebdcc72,saturating_plus_slow,False,False,1,inf,7.489890454653505,4.7387366834144729,True
audit,c_6b7e1556a8e2123ff9b674c877847da1,early_activation_plus_power,True,False,5,47.307627589193764,12.496495779404356,5.7910937059211616,True
audit,c_6c551aeaf58c8fe77590192576755905,late_knee,True,True,5,32.141999968143793,10.506601449655534,3.2467171627300173,True
audit,c_6c9f510967a1be02d3c9af018ba6169d,single_power,True,True,5,33.387244655427807,0.95381091036468035,0.58813041425776291,False
audit,c_6cb40f8574e83c57b927ae0278795966,saturating_plus_slow,True,True,5,33.944246338141788,5.7347625816857999,3.6630801606541756,True
audit,c_6d24bdd073aa5662c233d26d11715f87,single_power,True,False,5,41.508283882514412,5.2894590061929421,2.4322777132286624,True
audit,c_6d3ad4d7d92931d1f0348d703853a6e3,early_activation_plus_power,True,False,4,50.176794733804378,16.507098686824648,7.6885535451139067,True
audit,c_6d424a8b3b07510698ffb18a879d51cb,late_knee,True,False,5,50.906617877809232,3.8876417474447607,2.2556193113560985,False
audit,c_6d85e957f97dad50b1c7d5c99af37a6d,dual_power,True,True,5,32.141997413365566,10.897968459720929,5.1627908329834016,True
audit,c_6e5b40ddfe2b43d93288585f85fbe0e0,single_power,True,False,5,38.952274681952282,4.5519592057912774,1.6119032678233309,False
audit,c_6f01cadecc92e95de239aa2cbe12e396,early_activation_plus_power,True,True,4,33.992053843651362,0.69162470788189978,0.40545890728659467,False
audit,c_6faf167aae310ef348dfa0efdc5d3fa9,late_knee,True,True,5,32.141999754054112,12.203952361232155,5.7458704252403097,True
audit,c_6fd60fe341a88d0b96e5801745b4a830,dual_power,True,True,5,32.366461691591127,0.90745141436650556,0.51521809726287926,False
audit,c_70a4001fd844dcb10f2d23f1a478d21e,early_activation_plus_power,False,False,0,inf,10.637840926794681,4.347480526695529,True
audit,c_70bf7c2c8a6b10b4be1d7b139e4d0e39,late_knee,True,True,6,35.113953282372137,21.567837831140125,8.5928974330070957,True
audit,c_71c7ea17581a8b37ceff5b0293966759,saturating_plus_slow,False,False,1,inf,9.5764169013154543,6.1766067566142562,True
audit,c_71e88de77ecc39970aad4b021343ed56,single_power,True,True,5,33.148328924553745,6.7176503087481478,2.4299296351455077,True
audit,c_71fcdbd951d6171ddc10614518b5c72e,dual_power,True,True,5,35.124001285523235,0.60313021643391096,0.25452440867440662,False
audit,c_72598d81d89cbbfb8cc5c7752dc9e5fd,dual_power,True,True,5,33.908815376429892,0.90583131742212686,0.3958733084531913,False
audit,c_731a0ecfbe27803211ce28e1cce51790,late_knee,True,False,4,56.142813426688356,26.928945168836066,11.912814740511527,True
audit,c_7342fc8ab9c80ba5e7a6431805c6b1c1,single_power,True,True,5,32.141998594640569,1.1141430656484062,0.81841832655314206,False
audit,c_734a33e9b06272b798ad29619a646982,single_power,True,False,5,43.607134515840663,8.9326356046285156,3.4711717665674606,True
audit,c_73b5c419353db02e1fe0e924bdd2059f,single_power,True,False,5,50.554669168208939,12.944666933473755,5.71102527373331,True
audit,c_74c69c426d8a38f880aad28fc5930b02,dual_power,True,True,5,34.177136480778685,2.5992819738950175,1.2276368082871927,False
audit,c_75372a740cabadf583fecb520b05b5f6,early_activation_plus_power,False,False,0,inf,23.724082741526388,9.9576556177937121,True
audit,c_75618984bc6068d0b88adeeb34f8bf71,early_activation_plus_power,False,False,0,inf,30.968111915394651,14.55520188888047,True
audit,c_75b4b6761f447273370cfcbd04e7acdc,single_power,True,False,4,43.0454039736968,3.1113937981130846,1.4949208988424594,False
audit,c_766c4c401a4d361704b60c5ebdb8d356,dual_power,True,True,5,34.378359932970064,2.879602366650559,1.1111718221664213,False
audit,c_7688de16e15908ad0062106847f1d6bf,saturating_plus_slow,False,False,1,inf,10.099927995456355,6.6413949401469967,True
audit,c_76ceb6dced137bedc7981610414ba52e,dual_power,True,True,5,34.966596434062545,1.7814934593622667,0.67664431779509338,False
audit,c_770f11d2ca71f387c9f3eb77a1ea6ee2,late_knee,True,True,5,33.908811386243912,9.9547072202467746,3.0362944747387619,True
audit,c_776a258cc3d191de7584b32b10ed8865,saturating_plus_slow,False,False,1,inf,0.91095484235628987,0.66840894685215635,False
audit,c_776a7aaa7dfad4a797730617811a56c6,saturating_plus_slow,False,False,1,inf,4.8337167758571979,3.2304949950212958,False
audit,c_77c726e3a4358ea3bbda267e02c0c697,saturating_plus_slow,False,False,1,inf,4.5410669660274721,2.616575259921845,False
audit,c_781d7eb50563b36122fe4defffef8b08,late_knee,True,True,5,34.652914914136161,1.6790088734946096,0.48586098373544706,False
audit,c_782deef4402e8b6ea6c7606be76fd67b,single_power,True,True,4,32.141993837817331,7.8682322523598032,3.2864850920992863,True
audit,c_785bbffef52d87be436bb075a37ba9fb,dual_power,True,True,5,32.253569024710032,2.1555611431647748,0.91374837331934633,False
audit,c_78d903f4be7da0cf313fd91d9a4b768d,single_power,True,False,5,52.847277237665047,18.372646035277484,7.9525358762013783,True
audit,c_7a4296caae2ccfc0a22c456fe1dd3de4,dual_power,True,True,5,32.141998258155212,1.4549468680593947,0.63220649101863469,False
audit,c_7acdd91be29d1bd01c401b8a31f28dfb,early_activation_plus_power,True,False,4,52.295522121554264,23.761065763339104,11.408621867695761,True
audit,c_7b513ffd9af1d9f11b371b5aebd99add,early_activation_plus_power,False,False,0,inf,19.461860639132439,8.2558592685942909,True
audit,c_7b5e6f249755891e1423f9dbae60c041,late_knee,True,True,5,32.143863848073565,4.5999446942657158,1.5809794880358796,False
audit,c_7be40355a80dc1b784e225bb6d4d2a01,dual_power,True,True,5,32.661952828856286,3.9131802511345484,1.8408213919985388,False
audit,c_7c72663a15f85a9c20fde85bc0c01778,early_activation_plus_power,True,False,4,43.383760062567312,9.765912493209413,5.0303145056154728,True
audit,c_7c76d74390c644490499545543e73a10,dual_power,True,False,5,37.070306831175309,2.3138383017949735,1.3272845000729256,False
audit,c_7c80737c7bceebf1b102a68badcecb7d,dual_power,True,True,5,32.142000360119368,2.9815188337103677,1.6234179793173973,False
audit,c_7c953066f95603e1af5afab66205cfb6,late_knee,True,False,5,40.107347023724053,4.9240688242285131,3.0074408886534711,False
audit,c_7d28fa4727aa2f26d8df6beb2784c267,saturating_plus_slow,True,True,5,35.332689758630728,3.0102169035142907,2.0186930328503072,False
audit,c_7d67adcf182dcfff97a5442740b85dae,early_activation_plus_power,False,False,0,inf,56.872420093221777,24.283263150960785,True
audit,c_7d683f1ffd2ab4902b5141337c214aef,late_knee,True,True,5,32.724524097913573,10.694391647274401,4.9239206255206431,True
audit,c_7d88490313d21a59119dc04f8a4988bc,early_activation_plus_power,True,True,4,32.142005738526613,9.9889713063853947,4.353858442290031,True
audit,c_7d94dedc5fbe8e8e8e6cf54800704216,dual_power,True,True,4,33.434211571969826,1.2080620545697229,0.49709803895651594,False
audit,c_7e8f35f041c4a79e8f64c9a7778d297e,early_activation_plus_power,False,False,0,inf,2.7521056968536044,1.7349323646631591,False
audit,c_7fb68dd5043c5091bb99f28f39f006f7,early_activation_plus_power,False,False,0,inf,22.911181559246288,10.589716262443075,True
audit,c_7fd00453dd8a1b27624baff7f4ec4684,dual_power,True,True,5,32.14199752280571,2.1943305105631197,0.87846097545622626,False
audit,c_80482131f0d3c9f37a0355f936bc4f9c,saturating_plus_slow,False,False,1,inf,11.456660766316247,7.2884382653451292,True
audit,c_8086b5919cb243a6715ca72a11f15145,dual_power,True,False,5,56.700887419865936,29.643148978165982,12.564039811616167,True
audit,c_80b994d39ae684be046f27147a3df733,late_knee,True,True,4,32.141998834775279,0.62679200794244139,1.1951531228219923,False
audit,c_81d946ec8e91290e0af098fa3e6ccefe,dual_power,True,True,5,35.702492186186852,2.2832871205530552,1.3424349284166481,False
audit,c_824a6f14ed98ec24d7fac840ee8fce9d,late_knee,True,False,5,37.490085325852043,12.222575392942758,3.5808685782434151,True
audit,c_8278f4e7dce9a582ca215b7f7af8588c,late_knee,True,True,5,32.141999311266389,21.251647922203873,8.3929991238985497,True
audit,c_827b03e33a6451435c0f49f7140cb8b7,single_power,True,True,5,32.607700511713347,1.045352943715173,0.69060431163805636,False
audit,c_82c7b8f450f6ecec1218cfc9f93a7f0c,dual_power,True,True,5,32.775099622098992,9.7313376732291061,4.2743618950428122,True
audit,c_8303372379352cf9f7e512593e6843fb,early_activation_plus_power,True,False,4,43.601337067357782,8.6930632086530863,4.7563796026937792,True
audit,c_84930b8a43571c653fcc0ba6a67b5b4c,single_power,True,True,5,33.487451579165821,1.8994841257428021,0.94402512638391389,False
audit,c_850c47ec96e63faecaefd5183e7467ad,saturating_plus_slow,True,True,4,33.309230534312668,0.72749261674647414,0.84146593554776061,False
audit,c_851c07bb0b9609803b90b4a85db72edd,dual_power,True,True,5,32.237179821198893,1.3503548083695023,0.82428067193664334,False
audit,c_8650c6faf8c9b41484c9e89028e63948,saturating_plus_slow,False,False,1,inf,16.146079873977925,9.3515506954284486,True
audit,c_86748f0036c9c710cabd325b5e3096b8,single_power,True,True,5,32.973425122671159,2.5016990059713748,1.6546228804885101,False
audit,c_86b4698121cc7da031ae2318a97880e7,early_activation_plus_power,False,False,0,inf,28.782793430334522,12.036556532017443,True
audit,c_885ea9aead22645f52c9b45c55fb9ca1,saturating_plus_slow,True,False,4,39.210466814787345,15.083468266745442,8.8187389979534707,True
audit,c_88956d3cadb000e798b0b6aa4b48dd35,single_power,True,True,5,33.748520653409571,2.2981205263140652,1.1917019905764654,False
audit,c_88bb05c60bd06bbbd8b5f5b04c6f7166,early_activation_plus_power,True,False,5,35.771888897077339,3.4851066529572705,1.9080059401197274,False
audit,c_893ea84035f573ff08097fc5fde53622,saturating_plus_slow,True,True,4,32.142003936329679,15.831773656909775,7.9922266790438492,True
audit,c_896374a6640051df05bbfedd4fce9594,early_activation_plus_power,False,False,0,inf,5.5443861110584294,2.1870970258829656,True
audit,c_8a552e997e3588b4cf16ff50009ebae1,saturating_plus_slow,True,False,4,37.148138118231678,4.8539661504320151,2.9944243395369448,False
audit,c_8b42af26b85d25d75365c4ef0552adb2,early_activation_plus_power,False,False,0,inf,46.770241917821764,19.521703429885008,True
audit,c_8b4e51a2897a2c2aa05feb3db08db398,dual_power,True,False,5,37.371094374291239,4.6837329801498839,1.8871682451904228,False
audit,c_8c036b88dc11d324a000e2dbae5b8e01,single_power,True,False,5,39.390393635574647,1.0949673767109687,0.49287949766654909,False
audit,c_8d3340187065875c21e3b4300b1d7a19,late_knee,True,True,5,34.523110941525438,9.4268123805320698,3.5995037085742068,True
audit,c_8d626d208cd1c9ace9c9be501deac92e,late_knee,False,False,0,inf,1.5010702781956269,0.42204599890117678,False
audit,c_8e582757597321a64759c9a8448ec2f9,dual_power,True,True,5,32.141998963559644,1.4287915215514602,0.50852182107920252,False
audit,c_8ec70566c73d2e28e7773642aa8f34a1,early_activation_plus_power,True,False,4,58.987977723415966,35.403075990601522,15.387447537564729,True
audit,c_8f693269267896c8e4416550e5125349,single_power,True,True,5,32.141999113097256,0.46689949973071521,0.14603670804741045,False
audit,c_8f709c13b2f30445205802ccf3fd60fe,late_knee,True,True,3,29.200832050365364,13.000429140008308,8.7868573093701432,True
audit,c_8f7f8b55553a4adb58aee8b705cc1b0e,single_power,True,True,5,32.399546540988396,0.38156582802405126,0.22419445089292625,False
audit,c_8ff0fa1369bc380f93eba78032ff0911,saturating_plus_slow,True,True,5,32.141999604449225,2.4004472281412745,1.3181958801141691,False
audit,c_903dfef3654f522861993721c54021ec,dual_power,True,True,5,33.273797439429643,2.7333863422522029,1.0368839188719612,False
audit,c_907efb4c9dc340b933cc3c302921ce94,saturating_plus_slow,True,True,4,32.14200364685184,16.872146455222961,9.2954855413519706,True
audit,c_90cd4611c23cd34aeba23185edd6e68c,single_power,True,False,4,42.494495351333576,1.3799036307234616,0.5363103917095341,False
audit,c_911a7a826ef8df12b7a02d391b6c9127,late_knee,True,True,5,32.141996751084903,11.03654280682801,4.2755310682820671,True
audit,c_912b757dcb6ae21b5011ae7d25bb1459,late_knee,True,True,5,32.141996414528563,7.5829972747992969,3.8047122114366596,True
audit,c_917421365f2c86a9ab4d7e45e359ace5,late_knee,True,True,5,32.141998369273779,7.7026071539982013,3.8113046470398388,True
audit,c_919e5113034bf336ee99f52eedc28882,early_activation_plus_power,True,False,4,55.911284454982614,30.243872730457952,12.787217881323249,True
audit,c_91a1538836497ebabe031a7dfb0ec776,single_power,True,True,5,32.141997465332423,6.8937192614933593,2.4901784608685809,True
audit,c_91b587f0cd4f032569c773776fa27b6f,single_power,True,False,5,44.907249686633243,11.062721672474481,4.628148405197094,True
audit,c_923c32137ab4d6dbbf6de0ebf702aa7c,saturating_plus_slow,False,False,0,inf,9.0830663949326578,4.9133852088706975,True
audit,c_9241c8c3345457da96b3cf4e9952e2e5,early_activation_plus_power,False,False,0,inf,13.922386049795207,5.8005967412494277,True
audit,c_93b44f623bcea1ca6e269fc261b1d3ec,dual_power,True,True,5,32.976329475393271,6.1231314909755099,2.6679683499321647,True
audit,c_97787fc462408783569938be218af85d,late_knee,True,True,5,32.905767672574541,8.7628623216054677,3.980991354023065,True
audit,c_98018f4d45d9ba71c2e8890739aba99b,saturating_plus_slow,True,False,4,52.792719835017841,18.982029023482838,9.7690420075947255,True
audit,c_9817ce898c9978705c904105fc349be6,late_knee,True,False,5,46.832415381217949,4.993787188168497,3.1923158802085672,False
audit,c_98ec071258436e0ba7f3d543dba98ad6,saturating_plus_slow,True,True,4,32.459416413898303,0.35322990158795164,0.24430656002611717,False
audit,c_992e3a4a6886c252a798beb9660584fe,saturating_plus_slow,True,False,4,39.715450623369939,10.248331371777795,5.9409092952169269,True
audit,c_993de121054dffe4f971f24fad4e099d,late_knee,True,False,5,44.325632894983748,3.9499967954358084,1.8095209220809607,False
audit,c_9bae35fa9fdf5c658bdfec656ca9afe0,single_power,True,True,5,33.396085727826772,1.4987752595569503,1.0090503693581145,False
audit,c_9cab8bc41948dc94ef5a9e111017c91c,saturating_plus_slow,False,False,1,inf,5.3366209470332677,3.7793437743297025,True
audit,c_9d07731421abe8d18f0f790a44f619a4,late_knee,True,True,6,32.305484251862907,9.7093977108121265,3.2010794145933201,True
audit,c_9e4480e0a8ae988e88c8c6862215e822,saturating_plus_slow,False,False,1,inf,8.1541188122479298,5.4297256153348581,True
audit,c_9ea3d49cf5dcea7e65f8a2b341d92169,dual_power,True,True,5,32.244945449594859,0.082957416237434245,0.081990510424968854,False
audit,c_9eea77bb2f7e04f0aa4092809ce11845,single_power,True,True,4,32.642507354991253,0.34527305495144844,0.39346612914404588,False
audit,c_9f748abdee968334fb263838a89e1fbf,late_knee,True,False,5,38.813820290972309,22.870111438560244,12.004746953166073,True
audit,c_a01c8c26f641e98b4bec40272a396525,late_knee,True,False,5,35.948228363772181,3.0719924275269221,0.8407445327180344,False
audit,c_a03abed25a0cf10cbd12ad194e63d5d0,early_activation_plus_power,False,False,0,inf,2.6663043681624288,0.97516801486596494,False
audit,c_a0a0772a7c2f4339d5d6a3bf4cc980df,late_knee,True,False,5,37.858475368316256,2.3387659114975605,1.015465628392539,False
audit,c_a12392069221d3234835f351d1a81b2b,late_knee,True,False,4,44.374139795146313,5.1915212345455046,2.9118786797376832,True
audit,c_a180842efe1e2365c76b14a3a0685177,dual_power,True,True,5,32.169740360355476,0.20651340435915699,0.12210758590016821,False
audit,c_a1c577828330cc099f2e62a62dd2386f,saturating_plus_slow,True,True,4,33.223665259875965,0.73562655448650105,0.62400356902535969,False
audit,c_a1d264ae85ec2c32a06337e47f78ecbd,single_power,True,True,5,32.860596877895901,0.04986104993216145,0.10924668500585033,False
audit,c_a26fad7099221dc74750a7caa7fbbd32,late_knee,True,True,5,32.786371229243855,23.569506795405601,10.078139388595611,True
audit,c_a28167e63b47fa582d7dd404d060dedf,late_knee,True,True,6,32.396391221047182,22.062521303753783,9.337315608264916,True
audit,c_a2a3c5dc60d10204065dbfc6dc745e1b,single_power,True,True,5,35.391392926874069,0.19708702647977816,0.085614267081190881,False
audit,c_a3085fa8d1ffd44d42ec5fa3207f74e7,early_activation_plus_power,False,False,0,inf,77.507042038689974,33.854029323583049,True
audit,c_a38a0443944f0f6f31e245dd31c48f83,single_power,True,True,5,34.375522177415895,4.0519885951010082,2.1639193800074974,False
audit,c_a3ab87007cd64cdd9dea4456f3de32c9,saturating_plus_slow,True,True,4,32.728313501575954,1.1521613842300553,0.53883587366282881,False
audit,c_a3c398af7010aa73d11633f892f24829,dual_power,True,True,4,32.142004327965431,2.4903391702443116,1.8201226208640324,False
audit,c_a483c7d7d5db9a4a484f5f83aafe6712,late_knee,True,True,5,32.743884851736993,3.5775154231905191,1.249704410764694,False
audit,c_a4d4adefe8da18fe849be4a40b549920,dual_power,True,True,4,32.141999231679208,0.046356209044844832,0.50808571465832097,False
audit,c_a51b24b54777e30f50ef677469d3c3fc,saturating_plus_slow,True,True,4,32.142000181738538,3.8313229293396347,1.8915466841581521,False
audit,c_a630b3ce495027fafef685af8d91158a,early_activation_plus_power,True,False,4,57.737606037345117,42.26415660763297,18.855636215852797,True
audit,c_a6e80cbe765f28d1f9fca76fdbc4006e,saturating_plus_slow,True,True,4,33.100432673919414,1.3041152951498418,0.96126669044792934,False
audit,c_a708689dd3b00789ee62463a98a07099,dual_power,True,False,5,37.552672609431362,1.7218969081621367,1.2917508198754559,False
audit,c_a72af6eb53e8251b81f02e414e894280,saturating_plus_slow,False,False,1,inf,10.510144284824293,6.1248980504592394,True
audit,c_a7d3b1ebf62c4c0e6fadd916a3864dab,dual_power,True,True,5,32.85620123669122,2.0239293238895755,0.90030358663108467,False
audit,c_a865bbbc16088c064b93cd005240c797,early_activation_plus_power,False,False,0,inf,24.59131816902611,10.184692458408545,True
audit,c_a97042f0bc39413b4237c5a2a626b746,late_knee,True,True,5,32.365625957248213,19.910672363903586,9.8064551075172606,True
audit,c_a99875319a74d98e67354ee8325babef,early_activation_plus_power,True,False,4,55.752641997175537,19.333143862197275,9.0978709200825048,True
audit,c_a9d2b5e50c56e716388b18dd6f00d35a,single_power,True,True,5,32.873651863303678,0.28278686335838188,0.14464164528610982,False
audit,c_aa6848eace76886ede5b18166cea0966,single_power,True,True,5,32.141997920001984,1.8911546773474583,1.1379920036036588,False
audit,c_ab4ad35ea759f1768772ef9e8eb5d622,single_power,True,True,5,32.14199810536546,2.2306998630206607,0.85725040480253845,False
audit,c_ab7059a9625f0a7a7b26b738cd3d552c,dual_power,True,True,4,32.150271834783112,6.4301160981883356,3.1160022479047544,True
audit,c_ab996c182f5431123196455b32208c3e,single_power,True,True,4,32.887189702981502,1.0313538664983071,0.5872455287629873,False
audit,c_accc769adb3793160439c67d070d71ee,saturating_plus_slow,False,False,1,inf,2.3854247033861213,1.9246775993956586,False
audit,c_ad55b8e9e59f246114a6e3bde19638d3,late_knee,True,False,4,52.254376391468,23.861610765840041,10.676510228352527,True
audit,c_ada317d5fbfea73af0f7a413e49d7dbc,dual_power,True,True,5,35.116754110825759,4.0665758584800074,2.0934886404338076,False
audit,c_aee70b383fc24532f90c7bc488d3ccf0,dual_power,True,False,5,48.91681179305214,10.831227324704244,4.70404007895013,True
audit,c_aef65bcffb27de8cef1358522f01ed05,dual_power,True,True,4,32.141998639663157,2.2271787759012796,1.2826466801101266,False
audit,c_aef9faf2f723dd52ba4fd12ab0cfa868,early_activation_plus_power,False,False,0,inf,6.7339577411638629,2.3685400361453826,True
audit,c_af5786d23ad9080b70c35386c1309cd9,single_power,True,True,5,34.081640094268352,0.37677708280396871,0.62979345189798741,False
audit,c_b01e0ede40338016516e60f01113f011,late_knee,False,False,1,inf,25.592611818358677,10.542600397346819,True
audit,c_b04888ed8ef199678d4da78b6e134077,single_power,True,True,4,33.834494110240826,1.0432096927862489,0.85789006495814102,False
audit,c_b0b4d70edca7fb75c7c5e1c4032b127d,early_activation_plus_power,True,False,5,40.676801026604458,6.7627896136388159,3.9310798179052955,True
audit,c_b0e36bb99cb35b6d5092c62014e6c93f,early_activation_plus_power,False,False,0,inf,13.775636236202814,6.5864833651894319,True
audit,c_b1205aa93ab9b644cd4160f1e00e63e2,single_power,True,True,5,32.142000612570314,0.68953390060740105,0.51821981536824013,False
audit,c_b15641a1a9e0a3fe62563a15194578a3,late_knee,True,True,5,32.431830648806425,2.2430063528346977,0.60705554724783373,False
audit,c_b1791523a553dae47d9d73e210202877,late_knee,True,True,4,32.142011368008703,19.053213674488532,9.0888762347947836,True
audit,c_b1cab4ca40d53e4b58a7f7732d1129ff,late_knee,True,True,5,32.660159246719708,13.765925766716549,5.7613786676267758,True
audit,c_b2090c275c9050cbdc28c22efda5f85b,dual_power,True,True,5,33.118763590118022,4.9151043055676809,1.2664257252635946,False
audit,c_b269182027e587159c0937236a49cfdc,saturating_plus_slow,True,True,5,34.683224664591712,5.3911258109345965,3.5326200435505872,True
audit,c_b31cf1967f50dc7b36b3923478dbb336,dual_power,True,True,5,32.141997405992157,1.6658861356459624,0.66612141326091645,False
audit,c_b3cf3e565359083710d75adbd8d878a2,saturating_plus_slow,True,False,4,48.13077143521901,17.936586263624605,9.0881565048157427,True
audit,c_b3e05198e3b535a25233f89aac15fdcc,single_power,True,False,5,36.522324224509212,2.3044867345302436,1.4147121629912696,False
audit,c_b4851a385c99082dabe09762b9591175,single_power,True,True,5,32.672661238764874,0.61891660860146658,0.31078162149322774,False
audit,c_b48b76af031ad6e0c851a42121f60377,early_activation_plus_power,True,False,5,38.02605528080408,2.4595194059231034,1.3047606098244193,False
audit,c_b53bfa20488097cc95ec096a5f1b14ad,saturating_plus_slow,False,False,1,inf,1.8938880775376248,1.584560310431518,False
audit,c_b54d152be9c39e3d9eabec5185092d32,single_power,True,True,5,32.141997435942763,0.71401849042260324,1.2558380554461048,False
audit,c_b6ee69ddfdfb9881d10b056e01826812,late_knee,True,True,5,33.170849903533281,6.4418152657869427,2.6496721613420915,True
audit,c_b76f8052652ece6708047b4d39bf05e9,single_power,True,True,5,32.141999978975619,0.9734307128717461,0.58424299520725498,False
audit,c_b7c1e6570697839c78e50138eb9c95b4,saturating_plus_slow,True,False,4,57.435759228514279,35.148177249640895,17.429708097573727,True
audit,c_b898a205b49d7dbae55776bf33d37bb1,early_activation_plus_power,True,False,5,36.029693228074528,2.9626329134210465,1.4845544632643546,False
audit,c_b8e5d010665a5a13d994e70c639e3cde,saturating_plus_slow,True,True,4,33.914063982627482,1.6286566580183717,1.1297567251269274,False
audit,c_b99cfdaff40476d62384b20f520247b8,saturating_plus_slow,True,True,4,33.058258466844293,1.3160312536653862,1.0773600231570237,False
audit,c_b9aa7725a815c1522def135490f79bf3,early_activation_plus_power,True,False,5,35.758478011657765,4.4097149823136021,2.4816249475646419,False
audit,c_babb62ecd82daf2db2a84d34358d02ca,late_knee,True,True,6,32.295837326428611,9.8269582363985535,4.678853086855927,True
audit,c_babefa43a78812a9bc51f058152906d9,dual_power,True,True,5,32.270315066401444,1.925263774823776,1.6130956245815133,False
audit,c_bbecc7d96b867e24cbb5f8e5d68c4b51,single_power,True,True,5,33.433323273222527,0.51987388536778667,0.31423537854530764,False
audit,c_bc77fd99e06e0d8bb68fa47f7cdfd0f4,single_power,True,False,5,39.629168869217843,5.0430351790798653,2.6620494197427087,True
audit,c_bdc1c1a7634aa6b128ab276330db51a8,single_power,False,False,0,inf,0.54643391999924518,0.36684159770257058,False
audit,c_bdecf9ee22c58afe869769a943a1ca48,saturating_plus_slow,False,False,1,inf,4.4476283462846737,3.3707090583958856,False
audit,c_be142ad77cba7c4eda30fbcea27c394a,early_activation_plus_power,True,True,5,35.610974784928523,0.86374185483374788,0.55680704583915375,False
audit,c_bea8e29e2b20be0ad40bfc98deff3d20,saturating_plus_slow,False,False,1,inf,2.6411783224097434,1.8586109668341775,False
audit,c_bf4110abc5ee7d7915d1ece07643feae,single_power,True,True,5,33.938473891150601,2.0719549452360582,1.3531985220793536,False
audit,c_bf85abbab5c15cae67638cc2a7e93f7c,single_power,True,True,5,33.070332318996577,0.35250064422292837,0.24335344298274242,False
audit,c_bfb2d9397c6f15ea518213689bf43375,single_power,True,True,5,34.27521241005882,0.98395119423670963,0.70216214320252357,False
audit,c_c10d8b845df20a5be06201dc17a89962,single_power,True,False,5,37.591469753536522,4.0117069727935757,1.7298027944158152,False
audit,c_c177890e4cc0adf399a08fbeba1babd8,single_power,True,True,5,32.141998828819226,0.57955851691703231,0.26399611803766437,False
audit,c_c1785e8c3670d8850289b2df84464d77,single_power,True,True,5,33.014170332285573,0.4492461965281791,0.34493593636218117,False
audit,c_c19a3ac96e0d7de6a36f420029bb4a97,single_power,True,True,5,33.250664472647863,2.3059756816418684,1.121810441917036,False
audit,c_c1f176b5daa1ea5e01d44189b94f2e04,saturating_plus_slow,True,False,4,40.756851597495462,10.147734995332328,5.8361700523171631,True
audit,c_c270a71c2388507a4d1e4f22b218e5e0,single_power,True,True,4,32.141992309544314,5.5045113109095638,2.0619237202011287,True
audit,c_c3c4a1b8e21b29fc8f924c90778a9b73,early_activation_plus_power,True,False,4,57.997580125157413,29.301808136985301,13.149397109110716,True
audit,c_c4de762c90656b785019d68f5525bc69,early_activation_plus_power,True,False,5,43.30095522222846,9.8924922612971784,4.8382852122256601,True
audit,c_c54ef12cf604e25942da5f0a68119575,single_power,True,True,5,35.127802019088996,2.8235695006221562,1.4634118067874919,False
audit,c_c5751092fb0ac6f0a1ad35baa420779b,saturating_plus_slow,False,False,1,inf,14.062992628080551,8.2838598864230928,True
audit,c_c596e1f96fd9ed9ab4fc281d891dbe5a,early_activation_plus_power,True,False,5,47.664303011184082,14.063604277128306,6.8542512588046671,True
audit,c_c5bd76ce558148be7b91e5aee7ad7a44,early_activation_plus_power,True,False,5,36.883233170276405,0.77020551031971252,0.61691942056743054,False
audit,c_c5fce03e022fa956e554f0c4884a117d,late_knee,True,False,5,40.458061938308425,5.4215387372326944,2.056318551539527,True
audit,c_c621cbcaeb277a0911b7235bb1104e30,dual_power,True,True,4,32.141995183407509,2.2230235681716124,0.85443195742310618,False
audit,c_c650176b21bce42ce636f4e1442c7290,early_activation_plus_power,False,False,0,inf,3.5981421119486896,1.7498949388571827,False
audit,c_c7199985f4534ab689da232768c40537,early_activation_plus_power,True,True,4,32.142007510584044,2.5732130703361236,1.0715800560780253,False
audit,c_c742f8773e2972c0c615f471d8b383b9,dual_power,True,True,5,34.454177919381515,9.5592403821661094,4.3812686872955791,True
audit,c_c78e0fe1dd37146eb1dfe0a8c307b272,dual_power,True,False,5,37.191694450613682,1.6227030180965585,0.72656101032734643,False
audit,c_c7b5d120311907367511237440035f42,single_power,True,False,5,37.450206260723,1.3808138240628267,0.76045952072428269,False
audit,c_c82af411c2c13c95970bb96888e6a434,dual_power,True,False,5,43.786432438377226,3.9410445547034385,1.4006168426089003,False
audit,c_c89e12e07ceb6c1701d538bc4e2c7f6c,dual_power,True,False,5,54.503034225601688,16.059078482991865,6.547689760454265,True
audit,c_c8f0ccc19705deed673a59def0b23c0a,saturating_plus_slow,True,True,4,33.480540774392786,4.8723045459580305,2.9654782037901835,False
audit,c_c8f46adc7bd7fd5e46b008453f571840,single_power,True,False,4,51.108661124500507,44.331361757549189,18.322769079117435,True
audit,c_c93dbe5849bd9b15cd72c3de258a7b7d,saturating_plus_slow,False,False,0,inf,72.757515306142139,31.27721987220102,True
audit,c_c9f36aaad6c3e3c35e5b5fa8a7158ae7,dual_power,True,False,5,42.606184094340925,7.2165444347074441,2.9983625005801438,True
audit,c_ca07dbd5b3bf379b0a32d7d9663f8ee1,saturating_plus_slow,True,True,4,33.059328898263665,3.7456311831916196,2.2920150840513696,False
audit,c_ca1d757a750cbb70d727cd9791d4ebb6,late_knee,True,True,4,32.569927280452774,15.580016229293648,6.167618976744305,True
audit,c_ca222653401c975ec0295d91448f879c,late_knee,True,False,5,35.832051057629705,15.825773103573184,5.5306773974086774,True
audit,c_cb0f2be7182f1b8e1598e974fa606534,saturating_plus_slow,True,True,5,32.141998844365638,9.2784629285683309,3.3144943060724525,True
audit,c_cb0fa527f7136094b2af9af87c3abf9d,saturating_plus_slow,True,True,5,32.142000679203925,2.2924013275492996,1.1279534978188104,False
audit,c_cb42019b0e7086f5afacdff7ea45e756,saturating_plus_slow,True,False,4,48.722755468938253,15.317637551512462,8.1976037878544563,True
audit,c_cbc843672c7b59391c76906012f6d171,dual_power,True,False,5,41.036280759833197,1.4136505032624598,0.78840454161884665,False
audit,c_ce2c6acd1e84613a98492f979edfd5db,dual_power,True,True,6,32.559343026911407,1.3481665675188594,0.83620834161141611,False
audit,c_ce80e1a965623a25fee052480ac2b85c,single_power,True,False,4,51.495344925971743,10.957293435120746,4.7314785714620005,True
audit,c_cf37c68822760b3552791f77a41c2420,early_activation_plus_power,False,False,0,inf,9.38155646032709,4.922112278427079,True
audit,c_cf467c58f26323641bdbc649bdfa9360,saturating_plus_slow,True,False,4,51.701325132154764,30.043539354260346,15.396415264382373,True
audit,c_cf954ae2471e9ee8f86d4bfcf95c488f,early_activation_plus_power,False,False,0,inf,21.009259360174696,9.0143227754977033,True
audit,c_d052cc1a0a54c55edcfc5e98d507f1c6,dual_power,True,True,5,33.093969299555567,6.3932692295480535,2.9401492233366806,True
audit,c_d1baf35e2b5d1102ef7cf9853792ba12,single_power,False,False,0,inf,2.9938624584483478,2.0031539999690717,False
audit,c_d210dcdbb2855113e398ed62d5b37bec,single_power,True,False,5,38.689687339473444,0.35976094688692228,0.53376907291905407,False
audit,c_d27c5885bdfa218a64e0903271bc4618,dual_power,True,True,5,33.840330902418529,4.308288864987162,1.7215936568908301,False
audit,c_d3270b3af10bcca25f82c5f6da138381,early_activation_plus_power,True,True,4,32.141949985834067,17.946103767959215,8.6014117536749239,True
audit,c_d351f1c2e74187cd1a29b26be0993bc1,late_knee,True,True,5,33.122516400491975,3.2869092700146894,1.1164175138519767,False
audit,c_d4110d026eac6e4e42471311b5a58fbc,dual_power,True,False,4,55.717562196956493,41.346445589067741,17.525280802770222,True
audit,c_d51a3818d4f34c098103504017ccd46f,late_knee,True,True,4,32.141998819592615,13.631719302828841,5.7394632212460976,True
audit,c_d5aa9a9dca2f5677868cf03a37094dca,saturating_plus_slow,True,True,5,32.141999652077899,2.8762227655476522,1.7463754123944948,False
audit,c_d6e69382f66342b731905ebf1ca4fb50,dual_power,True,True,5,32.486958142638073,6.1342722854949585,3.0155995337608563,True
audit,c_d6e850919d6e805c481041d13eec39fb,early_activation_plus_power,False,False,0,inf,16.166755005786072,7.5201285311740484,True
audit,c_d750fafc2a08fec348f3a3d70069ff68,late_knee,True,True,5,32.514784154137757,8.0295979288668349,2.1401366585591393,True
audit,c_d7e6282cc65ad241bbb1b05a4e8465f7,single_power,True,True,4,32.512771361434517,0.84778919760553606,0.3847027953385701,False
audit,c_d80eefb86612cf4fff95b61f1c17ba35,late_knee,True,True,5,32.141999533670102,2.667414347810336,1.0250914439508017,False
audit,c_d84d1257a64f71b3161d0d0b823d04d7,saturating_plus_slow,False,False,1,inf,0.59844941708804811,0.23880631231702798,False
audit,c_d89b5340a9ae60aee9fbcaab3a4b3f35,early_activation_plus_power,False,False,0,inf,53.297817740848423,24.192477132189957,True
audit,c_d99389e53d07d9262db2becd2de21612,dual_power,True,True,5,32.141982130402241,0.32318216655400533,0.4437163439126085,False
audit,c_d9a5b227bcb0e10c8e67835eed06e1ab,single_power,True,False,5,36.705733193863686,0.85430612073000134,0.53799794074920304,False
audit,c_d9daaa668aa9f1a956e5f5975f68c313,dual_power,True,True,4,32.14199923264799,0.88047493438551783,0.34228266955418879,False
audit,c_da97d4e66c2164aa291e24430943d0ea,late_knee,True,True,5,32.141999999999996,22.873719440340381,11.893430356694035,True
audit,c_daa09d0f33e0d2de37d234dd04db33b7,late_knee,True,False,5,36.399430936228775,17.582443230712258,8.3081629917179693,True
audit,c_dacc5d8f94feb520d2f2139e62d573e4,single_power,True,True,5,32.14199831770253,1.402385913757584,0.824443020072821,False
audit,c_dae348c6cad8b49a11af4cf546d08a18,late_knee,True,True,5,33.857799848794542,14.266349639979993,6.2889142080706959,True
audit,c_dba17a5c419ae68e16d496aa138cba75,dual_power,True,True,5,32.989331891424726,5.7995472463387046,1.695571409257953,True
audit,c_dc59878c0a484b5c1a25039214bf03bb,single_power,True,False,5,43.786026029835973,8.9764176691233217,3.4597324654279973,True
audit,c_dc8ae5578b6422586a33a79b14dbae6d,late_knee,False,False,0,inf,38.838833776643334,17.256104702188399,True
audit,c_dca89c6308cbcc21b9122e08d786ae91,saturating_plus_slow,False,False,1,inf,2.5637363938028415,1.7044061681075717,False
audit,c_dcd268cbc69936075059ed0975d79ca0,saturating_plus_slow,False,False,1,inf,2.5024485168711124,1.5072429241083052,False
audit,c_dd61b0ff2af400132c6c31637cb7a888,early_activation_plus_power,True,False,4,55.148066030691062,19.80758811279,9.6578780926838768,True
audit,c_ddd191d237339d7d1e2a41ef64aa7eb8,late_knee,True,True,6,32.30352779230931,18.151931936468898,6.1983129020153873,True
audit,c_df7e8b3aaf7f25e0c9c8272c4a939743,late_knee,True,False,5,39.325632216781038,3.7278670348643459,1.5829139084414185,False
audit,c_df892c7ada7d1674675e68a56aebce78,late_knee,True,True,4,34.455309365283739,7.5381909953040207,2.9044220150830706,True
audit,c_dfc13ba492341711d47f82c1d05849c2,single_power,True,True,5,35.500733549573603,1.5767883578335926,0.86512406282997423,False
audit,c_e0dbf9aa3d8586e7605bd3fad7306cbb,saturating_plus_slow,True,False,5,39.928274289071247,9.6756942602830804,5.1772167785368763,True
audit,c_e13a2916ea3f99488b1aecfa29fa0557,single_power,True,True,4,32.141999429498284,1.5227720331943573,0.57201892468025184,False
audit,c_e2eb4ced8aa4d1c3dc87c653b8420fcd,saturating_plus_slow,False,False,1,inf,7.4539170646693123,5.0502083608129542,True
audit,c_e30fa81e25429fe7678435173116b835,saturating_plus_slow,True,True,4,32.311554545697184,2.6900683350743435,1.8802854142748988,False
audit,c_e37db5e73319c4b3f9ab481e68071d6a,dual_power,True,False,5,38.447121074515003,6.7967892675780774,2.9431377513673169,True
audit,c_e4255e00486e3d7cd744ae73ab9ca4f3,early_activation_plus_power,False,False,0,inf,13.133979464137795,5.1420405581401143,True
audit,c_e4639024bbfe72677f892a822f2dc16f,dual_power,True,True,5,32.141999519885502,2.8452808758377444,1.0862786456376603,False
audit,c_e4b769ebf65677763c8b38cb29285e81,early_activation_plus_power,False,False,0,inf,19.620811880373921,9.6159021874696027,True
audit,c_e4e2e5f5d42b8d49e0c3b2b60367bb69,single_power,True,True,4,33.145521756192323,1.8223894078115563,0.96945133003704975,False
audit,c_e54c08e91c44e127d4a728cdcdc509f2,early_activation_plus_power,True,False,5,35.939647478258912,2.7624503843529453,1.6235356551578943,False
audit,c_e5cc80c07c60cce385f14d20a83f93b0,single_power,True,True,5,32.141997583523356,0.62490690729363507,0.30760359367879753,False
audit,c_e5db0d7c44bfe6e4eaeb3043aa4cd1fa,saturating_plus_slow,False,False,1,inf,5.7267775196006028,3.8243104151984602,True
audit,c_e6ee06590e12512eaad1b9697df5ff2b,dual_power,True,False,5,51.565066685826331,15.813517147173869,6.579864783380736,True
audit,c_e853d578c46b23d568c4d3858b5ba1bb,dual_power,True,True,5,32.141999983317646,4.2070836042833832,2.2406475822592644,False
audit,c_e970c5f4b47d3455a8eb006b579858b0,single_power,True,True,5,33.702414009161522,6.4625364597886374,3.4416005871756465,True
audit,c_e9e7dd794b69511487a0ef1fb56f9f43,dual_power,True,False,5,39.549887516138291,4.7093614221072926,2.2830101096468867,False
audit,c_eb54a3a736ef746664c4a847adc5e03f,saturating_plus_slow,False,False,1,inf,6.3233318586250249,4.3345672285772565,True
audit,c_ec3410be1ce3f78201d13cb028f1878b,dual_power,True,False,5,36.895263020958915,0.9038133567483726,0.53206689029589449,False
audit,c_ec539bc6bbc6889ca93fed47ecd379b3,saturating_plus_slow,True,False,4,41.330773624998237,13.221491708711625,6.7334574432091649,True
audit,c_ed98601185b64f899a64be696762a527,late_knee,True,True,4,32.141987842060068,23.372424236667676,11.856236965063889,True
audit,c_efcee6c316118b36594bfd9dee251c48,saturating_plus_slow,True,True,4,32.699337684840117,1.9369315063745773,1.1446557469350105,False
audit,c_efe9e73eecdf83901714af2f96ad7068,single_power,True,False,4,36.100673261283184,0.76477412578468318,0.31395644294289943,False
audit,c_f18d88faf068fab0c4cdad66d9deed9d,late_knee,True,True,5,32.566874216626744,3.8101308658980884,1.0421577118168786,False
audit,c_f34fb647274342c1ad2900f15a6d1b13,single_power,True,True,5,33.312315908893574,1.7167352399598599,1.0716849958242969,False
audit,c_f369cf06b4f29c0c0e00b8edcfcbaef5,dual_power,True,False,5,36.875093471712937,1.1375347620530363,0.82897672550244605,False
audit,c_f43fd3cc2f0e6bc5d358e99102585b35,single_power,True,True,6,32.203803904893448,3.037400762116647,1.8756740173926099,False
audit,c_f46f5e0080918440d9ae162ad59e6810,late_knee,False,False,0,inf,15.320727065351548,5.3039180030749655,True
audit,c_f4bf86e6a9a3ecb7fe73567c10413775,saturating_plus_slow,True,True,4,33.018954481999003,1.6038531666484772,0.96389394863577083,False
audit,c_f4f57e1a9dc421c865dd911e677e190b,single_power,True,False,5,37.02334655079121,3.9838320387872841,2.0836880089368712,False
audit,c_f73026150db8e98ea24efbabf7fe4698,early_activation_plus_power,True,False,5,38.651452764781048,5.0306613589157365,2.39853046833136,True
audit,c_f78320658368d7ab92ddb9b325811dc8,late_knee,False,False,1,inf,6.0277542129328623,2.3169660948194881,True
audit,c_f8318d433007c7f613d1c195b6e102a0,late_knee,True,True,5,33.979911846429815,4.5634943651787552,1.6116247062794227,False
audit,c_f85b29625ac011412fc9c5da99601e70,late_knee,True,False,5,35.860869363460246,8.0097443342965704,3.6685355864282583,True
audit,c_f8d6d4dd9cf47c2dbf1c6cc2fe5914d1,single_power,True,False,5,57.86882474653008,32.872886210922864,14.242890687533068,True
audit,c_fc1ad4574fad445cdce9b2384a36ab62,saturating_plus_slow,True,False,4,47.063305924245377,14.349451959457852,7.8411489603044684,True
audit,c_fc4dcf1772d68045ca5bc1b8bcd09ce6,saturating_plus_slow,True,True,5,35.573064449014133,10.869373478327105,6.4409606181600312,True
audit,c_fce4a1444f851023d6fca331810544ca,late_knee,True,True,5,32.344082800379894,20.366019592542656,9.5383016274677672,True
audit,c_fcedaf16f3e83043a6896b23ba6d810d,saturating_plus_slow,True,False,5,43.512890412016041,7.7074689078875167,4.4801148330317746,True
audit,c_fde4b53cf44b16f3e682e17887194eca,dual_power,True,True,5,32.141998909058799,1.8008789628109554,0.69750892310551815,False
audit,c_fdfce5efee6aaafad42f87f3e3367da3,late_knee,True,True,4,32.147303007883707,9.4604332891019709,3.6123418093545299,True
audit,c_fe056464b86692c83f316e1867b1c274,single_power,True,True,5,33.797390055519436,0.62601017991427454,0.28419913466433883,False
audit,c_ffb46b29b332e012502391f4e4f6a4f3,dual_power,True,True,5,32.261428254818185,0.86752843185470851,0.49503602319235218,False
audit,c_ffbfbc3b43910ac843dedc6d8ecc1b86,late_knee,True,False,5,56.593493594600979,16.162324583613042,6.7077874619051272,True
calibration,c_012b4699a93c4d0000912d4f7a875c35,single_power,True,False,5,41.913676216810984,0.15161573899671055,0.16233079966235017,False
calibration,c_016eab98c3223bea4163b92f962a58ff,single_power,True,False,5,32.141996918169028,6.8376471436578186,1.8943959819733895,True
calibration,c_02576f5bc9fbafa23db8f77ab2079350,dual_power,True,False,5,36.819188323323523,0.30306084313943416,0.55367609466044665,False
calibration,c_032b3f4feee8ae08089c740f844a8bc1,dual_power,True,False,5,33.600391624673797,12.633487589231862,5.5842785161159503,True
calibration,c_03a00d07da0a70ae07fd3523ada4a610,dual_power,True,False,4,32.629873926991124,3.0723208760135918,1.6811712764209628,False
calibration,c_03bdb8d9f65bf715645b2a59c4442179,saturating_plus_slow,False,False,1,inf,8.6388302150497509,5.7990104918568814,True
calibration,c_03db455290d745cdc6cd431dc5769d16,dual_power,True,False,5,33.648095339721635,0.38698047201079078,0.35320832095462251,False
calibration,c_04374175cda15ea78405d8908bd3a0cc,saturating_plus_slow,False,False,1,inf,3.6513058328729784,2.4703220731147031,False
calibration,c_045540ef1a3534f61161368646749280,late_knee,True,False,5,32.141999051673864,4.0192371032434977,1.4057004520470795,False
calibration,c_046cc2573a0a5e6f058e2faf78ad2b67,early_activation_plus_power,False,False,0,inf,39.02382633973945,16.532329547850775,True
calibration,c_056986d76c3a562e43a0f36bdb7e0214,dual_power,True,False,5,32.260139322763848,0.63749443518018722,0.26439820957893739,False
calibration,c_05c03726da76c17a79b21bc0730d58a2,dual_power,True,False,5,33.04113263417274,3.5965082100620407,1.6882501276142048,False
calibration,c_05c4b916f99e1f51931285ab72ecb1f2,dual_power,True,False,5,40.333492650954575,2.9954494291393274,1.2614441488012575,False
calibration,c_0647e34068b3de4b3c992a0886be01f2,dual_power,True,False,5,35.247771181735537,4.3169823056248759,1.7821796385382087,False
calibration,c_0665029d4a8a521518a96a7cdc259b71,late_knee,True,False,5,33.382757269831309,5.7446723011039467,2.0172821563251913,True
calibration,c_066bbcaf72eeaf493ca38c4c61cd3da6,saturating_plus_slow,False,False,1,inf,6.1386914512404189,3.9293501358711276,True
calibration,c_073edeeef825e6c96885301f7f121254,early_activation_plus_power,False,False,0,inf,14.900361340496985,6.067059310318256,True
calibration,c_0756772097cf9d65898f2fc1798e801d,late_knee,True,False,5,38.617734741963723,10.153192868452749,2.6466340387999652,True
calibration,c_0780f3a9506e5de846b642d1e67b0d0f,late_knee,True,False,4,32.871811808510671,8.2526155251100732,2.588064294400807,True
calibration,c_090265ae74424b97e94097fc5a6978e3,saturating_plus_slow,False,False,1,inf,2.7307116476343225,2.028310274826485,False
calibration,c_09ab43d49f87f15d81daf1357e2e7943,single_power,True,False,5,33.650350481149125,9.3740999612983273,3.5526297644154257,True
calibration,c_09e11de71ec9954db738fb32eb43de14,dual_power,True,False,6,32.355823710377464,0.68790788807075387,0.46891942976114526,False
calibration,c_0bc91be304db4df7d2d65deaa5561dc0,dual_power,True,False,5,33.724853820460424,4.8463396825069367,2.0612413802722416,False
calibration,c_0be30172dcf913c499df8e5832033101,single_power,True,False,5,37.877603421464606,2.4164548385565041,0.9879669340688173,False
calibration,c_0cb8c24f71ef8f9822faee780f123256,single_power,True,False,5,32.429090450928967,0.43446272850766832,0.35848081726750697,False
calibration,c_0d1323c1dd2bacd94f737d960c214b0a,early_activation_plus_power,False,False,0,inf,3.9104323832475245,1.4040032292474067,False
calibration,c_0d7178a379ceaef4415f8177043217cb,saturating_plus_slow,True,False,4,47.523734870483416,14.426032271885077,7.0583715053107081,True
calibration,c_0dd0f5f042cd4c24e1a3d69ac3766dd0,single_power,True,False,5,47.237684757223683,4.8399125143604067,2.6565080069308697,False
calibration,c_0e36a2899edda7a35d5478236d1c1080,early_activation_plus_power,True,False,4,57.622158420360051,21.024258640898296,10.078161309337945,True
calibration,c_0f339e342d7bc3ba2def14f69b6ed0fe,single_power,True,False,5,32.141997243935407,0.85089831975878383,0.54791340519277598,False
calibration,c_0f74e74d05a86a5b1934b2f2ea4dcec5,single_power,True,False,5,36.142166246753483,0.39596494335046373,0.23755981236506621,False
calibration,c_0ffd5108d22bf602f50d4dba833ab428,late_knee,True,False,5,32.910733211093174,3.4216535337413063,0.8734267692096167,False
calibration,c_10131714ab778734ecdd36bee259e4b0,early_activation_plus_power,True,False,5,39.569970132185425,7.4185904922234158,3.8843633142572993,True
calibration,c_1077b636f52355cfb81d561aa48fea82,late_knee,True,False,5,38.311533467924285,4.230998037099468,1.8022938729334528,False
calibration,c_10fab759aa1910baeff0c22fe50173c7,dual_power,True,False,5,32.141998171736276,2.087043167258571,2.1524269797613638,False
calibration,c_11d342c14686263f7db156cc1dab05b3,saturating_plus_slow,True,False,5,39.349302784671714,6.2050921722960339,3.8393515390800377,True
calibration,c_1298992920ac14006f4edd1a7f8cfec6,saturating_plus_slow,True,False,5,36.516136674992005,8.1286715642824845,4.8954848014338879,True
calibration,c_12d13d1d0429049ac4b9ac6cd13e54da,single_power,True,False,5,32.363077992764218,0.60424963082228089,0.29860640463895644,False
calibration,c_135595765815e53f950baf9469a0bec2,late_knee,True,False,5,34.976558113507565,10.965689716717208,3.0776709544701681,True
calibration,c_135b69bddc0ae5a119d1dccccb79ef35,early_activation_plus_power,False,False,0,inf,10.016396950104962,5.3290160902512902,True
calibration,c_1368185c03689dcabc5fde1205d83dac,late_knee,False,False,1,inf,16.253829290698334,6.6035091133939341,True
calibration,c_13afc58f939bab9e8fbd4b69449453bd,late_knee,True,False,5,33.065332727645924,8.0185633438178314,3.8107287053303089,True
calibration,c_13c041863730a18f103e0efc59dc9416,single_power,True,False,5,44.895521120237483,6.0903552928545537,2.6921441658858427,True
calibration,c_1425a2d3bc80f662817fe59d069cfbc8,dual_power,True,False,4,32.622814216823969,4.8616161559679227,2.5743562637370272,False
calibration,c_1437ecff83af8aaf75fea21bc1d164a2,dual_power,True,False,5,32.141998279976221,4.0397314858138316,0.98848686894307747,False
calibration,c_14937f219feee6a157972df70c939f44,late_knee,True,False,5,32.423095780567536,16.872547997627976,6.0155051711257377,True
calibration,c_14954bed3e30c7503b93fc8028122302,dual_power,True,False,5,32.780340891711148,1.7690048858637653,1.003532306005313,False
calibration,c_14d3d96639c8a6824d189dcff2d04578,saturating_plus_slow,False,False,1,inf,5.5912215577428981,3.7770145194317437,True
calibration,c_1553999e11f28b229fdcb0d2aa3fb1bd,late_knee,True,False,5,32.141996464053776,6.2380133701507816,2.7299132790533407,True
calibration,c_15db1fd8fbf3f14477384223acd99c40,late_knee,True,False,5,57.916513038249605,10.225128868988008,5.0435569043698507,True
calibration,c_1615a861d5f851f3defe2705985a0321,single_power,True,False,5,33.79071684220375,3.051319095958263,1.7761742557990094,False
calibration,c_1675a6de337a1b75bd22535d04adcff7,late_knee,True,False,5,33.541685771868984,10.696270379444783,3.2822815844632016,True
calibration,c_16cfc60af773b4496fd59a0fb359d20c,late_knee,True,False,5,32.141998886750727,0.1760164046339554,1.0704077697729839,False
calibration,c_178725f60cd4f7c3a59175012cf74042,late_knee,True,False,4,32.588805585990841,3.506465852068132,1.1633426182177129,False
calibration,c_1818987550a5fd44006eea825c2340f6,saturating_plus_slow,True,False,4,33.352134829929618,1.2717110537164729,1.0488592934098455,False
calibration,c_186a3f0af9163a84d6479498b49d335e,late_knee,False,False,1,inf,18.750518229510334,6.0519907174481364,True
calibration,c_1909697327fac7473c90eea3996dacf4,saturating_plus_slow,False,False,1,inf,10.939439354726289,7.0924276690468622,True
calibration,c_19736f82de0fbd047f71a83c18e425c5,saturating_plus_slow,True,False,5,35.928141487096646,3.8931906255159561,2.4689821919448507,False
calibration,c_19dbf935627f96afea1da5df718d0dda,saturating_plus_slow,True,False,5,32.141996329183776,11.131715851794581,4.5779009540089035,True
calibration,c_1a585175f360d7e23972e544c164eecf,late_knee,False,False,1,inf,30.364086483024067,15.414595854715024,True
calibration,c_1a6963908df653f7df6cd5a23af41617,dual_power,True,False,5,33.063929923012751,0.094072688896389423,0.19436799892127446,False
calibration,c_1a8982f2f3c6a4a352488fda8de4758d,single_power,True,False,5,33.14187313550994,0.50194775866410168,0.42014375521540354,False
calibration,c_1ab7cfbb1a8c3622868c888044c5737b,early_activation_plus_power,False,False,0,inf,31.949344699256223,15.214023645561113,True
calibration,c_1b1c4eaf2960235ca551972820efadc3,dual_power,True,False,5,40.545410773732378,9.1078587863291176,3.6773648982459446,True
calibration,c_1b802bb8e67c9623d8d33b85671f8c48,single_power,True,False,5,32.457857720439399,1.2187871497013845,0.77191311143072738,False
calibration,c_1bef45ed99a6cfa3f6ec13b78c2fbb97,single_power,False,False,0,inf,42.840747157937393,17.376711603409657,True
calibration,c_1d15ea778a82a3a2b1e734597200b43d,late_knee,True,False,5,33.051763520689548,24.436433809669154,11.798469302590094,True
calibration,c_1d3ca8f37635f084c7c31b8051941137,dual_power,True,False,5,40.977573821740982,7.083703311202413,2.7033436145414238,True
calibration,c_1e14ca7fb1f543dbb1f00da328cff294,dual_power,True,False,4,32.51179078318593,14.309198818212053,6.9056233442462869,True
calibration,c_1e16ff93726124b42a306e9433d0119f,saturating_plus_slow,True,False,4,42.349595830219236,7.948702184738039,4.2206139991750815,True
calibration,c_1e26ed1bfa77779d5d49e85c304d81f4,single_power,True,False,5,42.01069038555179,6.729472298730002,3.5743248046904763,True
calibration,c_1f777a97ccb9093f9c1d5360b48db3a4,early_activation_plus_power,False,False,1,inf,54.958626999220876,23.35989839133704,True
calibration,c_1fb4323a29ad8f27d809542b7f3abab4,dual_power,True,False,5,32.711157101182671,3.258421997617134,1.3372885250878803,False
calibration,c_1fc76048e44a188ebf7b07b1ceaff9b5,late_knee,True,False,5,33.286539787999942,6.2032108473464262,1.5782553312645278,True
calibration,c_20222b2c4fa760745b3fbb36f9bd6132,early_activation_plus_power,True,False,4,39.221893878975628,0.86661198927635041,0.51389017445064678,False
calibration,c_20975416c7889cfb5b5fb080d2165eee,dual_power,True,False,5,32.141999645820164,3.4848430802469039,1.9108559215122456,False
calibration,c_20b28bd76dc5837432f73ab9999a0daf,saturating_plus_slow,False,False,1,inf,9.8649818569973746,6.4406004809566832,True
calibration,c_20ea4d4beace53f55458acf2ce16e6d5,early_activation_plus_power,True,False,5,32.515169460147469,8.6856020895128268,3.2294763657786447,True
calibration,c_212f9439aa34ec75aee34882fe2ae806,late_knee,True,False,5,33.66810422875843,6.537203455971877,2.3281322915527598,True
calibration,c_214a89afbb6f4cdd546507655d9d1cd2,dual_power,True,False,5,33.628924745727481,9.637808773549807,4.3622096859169073,True
calibration,c_21ab5c9291857a59d891fa60881a8ab1,single_power,True,False,5,32.142000095546649,1.4649159223738906,1.100787177711297,False
calibration,c_226375ac76e8d6b93f57ace7a32559ba,early_activation_plus_power,False,False,0,inf,40.34526033384428,17.477480690533898,True
calibration,c_229180f696969390ee00fa2a437bd6e9,early_activation_plus_power,True,False,4,57.023919783176034,37.536858338062501,16.647163342553323,True
calibration,c_22b763010da34b6df71e3fa5afeb1a86,late_knee,True,False,5,33.867265241007736,15.614765673219537,4.9606955572026532,True
calibration,c_22ebdbe677ef72b32674d79a6bd8a6b4,dual_power,True,False,5,34.19243682220111,12.580353822067167,5.3255321435777194,True
calibration,c_231aafe80e8678dcc0ed291b06a95c0b,early_activation_plus_power,True,False,4,32.141983733926061,6.314259084320355,3.2087820364768977,True
calibration,c_2332e2d9273a49bb2964c2969f8d792d,saturating_plus_slow,True,False,4,35.880486924825711,15.856208974798577,8.9900419758492784,True
calibration,c_249b15f60bdde4e7f09c3d3daccd1a5a,saturating_plus_slow,True,False,4,35.318013922490785,2.7277908392371017,1.9265266520254021,False
calibration,c_24a2b212eb64f73345f9ee90610200d4,dual_power,True,False,5,32.142003345969982,7.1122328313346657,3.3894735522318329,True
calibration,c_24c8273458d12a9210b9010c7a419449,dual_power,True,False,5,36.05612156925752,13.041640509375526,5.6174385042015977,True
calibration,c_270b2c7f462329526a8633c722a7dc32,dual_power,True,False,5,32.690853830704071,2.009516199285784,1.1772365085182512,False
calibration,c_27b5ce922d75a43dcb0328e5810a1a96,saturating_plus_slow,True,False,4,32.142001605888517,21.935982221972907,11.399894636905374,True
calibration,c_28358eac94b997e3c02cab11c84bfa1c,early_activation_plus_power,False,False,0,inf,1.9486079906081812,0.65139794891140179,False
calibration,c_287dd8b0d4420789e1bd93558e37d8bd,dual_power,True,False,4,32.64674552420378,1.4500685907584341,0.62670651631783347,False
calibration,c_2917547da28def773a30d723817a3115,early_activation_plus_power,True,False,5,32.849624029264376,0.31309774730635809,0.16692607368200121,False
calibration,c_29a9633b327cc7d83ea94ac5bec2a086,single_power,True,False,5,38.427751046816631,1.1178416597523579,0.63039639510799783,False
calibration,c_29f032ccd4ac052b84ad5e1d5ee30c8f,early_activation_plus_power,False,False,0,inf,51.135707122785973,22.149667808051486,True
calibration,c_2a03ad704dbc7c4477e6a56cc5027dee,saturating_plus_slow,False,False,1,inf,3.2997428085847673,2.5380437208546232,False
calibration,c_2b1c35dabd12cacc841c7e3765262596,late_knee,True,False,4,53.306596136197733,19.222425431641781,8.9684193269436783,True
calibration,c_2bb10d1d85bce1cfac8abcde95ce9608,single_power,True,False,4,32.141999947884173,3.0411052940460479,0.81935475403017033,False
calibration,c_2bc79d35615b1e187bbfe5915c937418,late_knee,True,False,6,32.458980690593663,9.0900423021804357,3.777128900507515,True
calibration,c_2c66728e986a72de2439c82156748355,early_activation_plus_power,True,False,5,48.489457359557882,12.769908767047625,5.5167024463752155,True
calibration,c_2ce80b1be5e4db4b949bddfda56d2758,saturating_plus_slow,True,False,5,35.492191443910691,5.1788206979990861,3.1521487139283226,True
calibration,c_2d67131586d249546e5ea130fd13db95,late_knee,True,False,5,33.793839070666593,4.5713651308856527,1.5547142054086953,False
calibration,c_2e53ec79658e0e9545d42b391611b7d3,early_activation_plus_power,False,False,0,inf,31.385840431742452,13.31703905047751,True
calibration,c_2ea6f1a1f1e7ae2d0f2aca9444f686ed,saturating_plus_slow,True,False,4,33.899217114467909,2.7993045994570451,1.9451817158260121,False
calibration,c_2f757894b8c9bc0b6c01a4a80c82546e,late_knee,True,False,5,38.52320699235424,0.08038401994245703,0.068982702732499346,False
calibration,c_2fb57b4ea30fbbacaee1f081a4efed39,saturating_plus_slow,True,False,5,35.801781541149488,3.4455394866582481,1.9247042097646487,False
calibration,c_2fc1e16577a90bcc10689f46f5a7dbc9,dual_power,True,False,5,56.442736482155105,22.345481162644631,9.1721777838091754,True
calibration,c_302968f26001aa127db566dfa672417b,early_activation_plus_power,True,False,4,36.950630154308435,2.9235347678147576,1.6845501768403337,False
calibration,c_3092796e96b7cc5914e24828957e2c1d,early_activation_plus_power,False,False,0,inf,1.7827897160763229,1.2037739202155489,False
calibration,c_30a99c3679c23f145c25b615242feffa,dual_power,True,False,5,33.967315857009041,2.1694757238359728,1.0627640141125654,False
calibration,c_3366d82e23fb34eb49d0276af3cf38f5,early_activation_plus_power,False,False,0,inf,13.3701439694334,6.772177344671193,True
calibration,c_33b15261d3e601198d981d0be3824f9b,early_activation_plus_power,False,False,0,inf,4.2577747436789224,2.83144380078053,False
calibration,c_33d32fdec34d09b15766745bc718e17a,dual_power,True,False,5,38.775337996706988,0.69440903168353429,0.22826727831824653,False
calibration,c_340774e3b8b5915988f82fe489f5e72f,saturating_plus_slow,True,False,5,37.194907459058633,12.175964430953044,5.9562864306389933,True
calibration,c_355f6e1259190db5fc3981303401785c,late_knee,True,False,5,35.357575932793146,9.8044703403540439,2.4352655811914969,True
calibration,c_359ef0836787ebff8852fefaf2906907,late_knee,True,False,5,39.56285577692703,2.6497628722921576,0.65381179502360909,False
calibration,c_3606b4878bb3b2475c934436d91ab8e9,early_activation_plus_power,False,False,0,inf,19.450169731396983,8.1294784360049359,True
calibration,c_36325c1367e64b69c9c96100a2dac623,early_activation_plus_power,True,False,4,54.9941947321865,37.435898556843469,16.893089707609693,True
calibration,c_3761d7ffc30d49c89272ef9188a4c542,late_knee,True,False,5,32.141997094680463,6.928845577185399,3.372872572590762,True
calibration,c_379e0fe30a696532a961f4769c22e7ac,saturating_plus_slow,False,False,1,inf,1.8875208494849289,1.381248326711785,False
calibration,c_38483e1a9dcb2c32c34874dc1c3cc75b,single_power,True,False,5,32.142001669446429,1.4995410306783867,1.0119435885759851,False
calibration,c_386345cf76c9a0656b8c0ecc5d0b96f8,dual_power,True,False,5,32.302943332146846,6.4455904226709322,2.7074641447077714,True
calibration,c_38cc0f989da69027b727001a32feeaa7,single_power,True,False,5,36.824166728123195,4.8885642946237908,1.281436705052077,False
calibration,c_39033c44b79664d1b1c98898f751eae7,single_power,True,False,5,42.985905672152491,1.9578811589566669,1.2123134894278347,False
calibration,c_39af82ec2c1d417f3654bcfa44700156,dual_power,True,False,4,52.832860518182308,7.9200335182765258,2.8749482991782034,True
calibration,c_3a314b20d6c097ddc545c36906125ea1,saturating_plus_slow,True,False,4,32.141992342456255,14.030125418272803,7.3579929070951833,True
calibration,c_3b06a1510fa6f2d5a213c6973d835230,saturating_plus_slow,False,False,1,inf,7.9805740765238795,5.5107664934519667,True
calibration,c_3b908773a063b49355354a8386f7bc01,early_activation_plus_power,True,False,4,47.042694213250748,12.747102664811592,5.4842619245467921,True
calibration,c_3ba1b618d7acbea7a2e96163226a24e8,dual_power,True,False,5,33.687287042018625,2.5857865366238002,1.3386760778102513,False
calibration,c_3bf668e2aba430ecfb0e6c961026ea4f,saturating_plus_slow,True,False,4,36.546845192795921,13.26162587277004,7.3144424371377221,True
calibration,c_3c171649c3bfd3d3e59c23613e7bd2a3,single_power,True,False,5,32.141998927535056,3.9604710192290042,1.5938664528696083,False
calibration,c_3c238a2a37e618e853811f5b5f8b7e11,late_knee,True,False,6,32.472444778558312,15.030772940699478,6.3022906504735445,True
calibration,c_3d8ef33a9e2bc540097ba4bcaa942acc,single_power,True,False,5,32.141997622249313,6.9916661132747606,1.9979906102637828,True
calibration,c_3dce6c76b823ddc5768485398baa0f3e,early_activation_plus_power,True,False,5,47.459031188761791,12.856190200716938,6.1588496317890868,True
calibration,c_3e21bf565eee047ad54e854fe288c1b5,late_knee,True,False,5,32.14199732617702,1.9931787832778269,0.70904628645767342,False
calibration,c_3e2241325f2ec6b4e6f5a81aa051c0cd,early_activation_plus_power,False,False,0,inf,11.527728638640269,5.7698129375010527,True
calibration,c_3e3d6fc46822032c4715bd502e4c3d5e,late_knee,True,False,5,33.115733620862464,15.18365635976734,3.8599816164880432,True
calibration,c_3e616fae2fb9ff3416afe09eba1cc99f,late_knee,True,False,5,46.906239868227438,0.45219707544379162,1.7558857443332185,False
calibration,c_3eea6ba86a88c61d5bb57c0cdbe8bac6,dual_power,True,False,5,40.936852942455523,5.2218550752603505,2.3309856382973155,True
calibration,c_3f0b9cd5f7b21afa28325bdbe7605752,early_activation_plus_power,False,False,0,inf,36.702246926463751,15.78007711596878,True
calibration,c_3fec74dbc0b7065a1c0285abbe4a7845,dual_power,True,False,5,33.280946100765647,0.54842195526096305,0.26365315298028463,False
calibration,c_4012739a627db32ca42748319e386e8b,single_power,True,False,5,32.873989766410268,1.7160210483273914,0.97527001107352262,False
calibration,c_4048f6621d82af2b84ed9f99fc68847c,early_activation_plus_power,False,False,0,inf,20.36027616299279,8.5053545058099775,True
calibration,c_41968021892190993361968e00ecd043,saturating_plus_slow,True,False,5,32.141998656569633,5.0305400515469074,2.199367305952288,True
calibration,c_41c5a3f48c5b44a3299b1a8def4cd02b,early_activation_plus_power,False,False,0,inf,10.042789919832074,4.0359052140863927,True
calibration,c_4239e29ba9bb6486e250410f4e4e4214,late_knee,True,False,5,32.271899415861611,10.295484038050958,4.8182388797341167,True
calibration,c_42b076e83e54252a07e1d749be7fcc6a,dual_power,True,False,5,36.548221108893792,2.2926695103318764,1.5800738850804739,False
calibration,c_43524c097bdc2cb49285db02a6752151,early_activation_plus_power,False,False,0,inf,31.908595698598276,14.218425824397681,True
calibration,c_4479d084eca8664816d02da6152992f3,late_knee,True,False,6,35.648045976205253,5.5493605327476132,1.8383624907536411,True
calibration,c_44e91bb523faf752f2f28581956ec3f5,saturating_plus_slow,False,False,1,inf,1.9753805026192737,1.6672580234481744,False
calibration,c_466fd25e75d2e646499c447992efd914,dual_power,True,False,5,33.406721879517839,4.2627396561513962,2.0540991040097896,False
calibration,c_4854168a0d69f9159c427bfff9595f86,saturating_plus_slow,True,False,5,34.960311983308223,1.8944698292574884,1.0855335623128575,False
calibration,c_49ed122305e1aa5edd20aee2c730b3c1,dual_power,True,False,5,32.915465862784586,0.42829058562917055,0.51333201700756836,False
calibration,c_49f831ef62e488c27c33b05d04f92874,dual_power,True,False,5,47.758185260134859,10.668504971669222,4.0515086826550846,True
calibration,c_4b044d878ee9f8e0d07615e1987fc879,early_activation_plus_power,False,False,0,inf,12.19078774795635,5.1121527517877405,True
calibration,c_4b07e06cb7828682b01e0255f3de7f8c,dual_power,True,False,5,33.332143701313015,2.8794769275016137,1.3611930351188735,False
calibration,c_4ba2baa79c9fb554ff09de72bbcc6fc2,early_activation_plus_power,False,False,0,inf,26.750790753668767,11.574430176538632,True
calibration,c_4bbe2df5a40241cc75a18e9dfea47665,early_activation_plus_power,True,False,5,38.964632302606255,5.3209636610726818,2.9399395481013881,True
calibration,c_4c2bde0060cbd135f2b1312e741e538f,late_knee,True,False,5,32.14199884726078,0.32299773661928555,0.41972427741877377,False
calibration,c_4c5dd8d2db1744687a9497c8cde051d4,saturating_plus_slow,True,False,4,55.353860907000886,21.955146958894645,11.678342926750791,True
calibration,c_4d4b3c987af00028721523ddb11bd10b,saturating_plus_slow,True,False,4,35.97641539307282,3.4527933239310471,2.3318344198560772,False
calibration,c_4d4de2988513ed041a647ac4c660f29e,late_knee,True,False,5,32.480402712367507,3.7795744393517197,1.7441532375668729,False
calibration,c_4dbec62238715e40ae9b990bcdd5692d,saturating_plus_slow,True,False,4,33.982152546050081,2.7857723844667959,1.8438860601511404,False
calibration,c_4e0c9cb781da9c76d551a743f369125f,single_power,True,False,5,38.651146430372769,2.9227102349899212,1.3469046149963162,False
calibration,c_4e0e96807e058517ce9e13fe033b430c,dual_power,True,False,5,34.034963894029964,2.5531513982135436,1.8755982127899538,False
calibration,c_4e501955468686d8302e1746482a3f3e,single_power,True,False,5,32.993446298078723,0.15046403072366843,0.13617775177760164,False
calibration,c_4ed9595888a4b025badbfe1ab9fb7458,early_activation_plus_power,False,False,0,inf,7.9606813142861768,3.3753723163555778,True
calibration,c_4ee4a8ca2ec0c9151ee39b1459d25416,early_activation_plus_power,True,False,5,38.328329789194278,4.8662927927797881,2.5578909031700943,False
calibration,c_4f277cca21fed0b3dfae831fb9ad2214,saturating_plus_slow,False,False,1,inf,7.2115878763037671,4.5144763319106884,True
calibration,c_4fd7da59a734c5a411ea8b2fd47d3790,single_power,True,False,5,38.521418332035729,2.3592473024118448,1.2576569512372389,False
calibration,c_50aa359e445f6d88a45b73c0ade7e636,early_activation_plus_power,False,False,0,inf,9.7263005318621651,5.2930840431254742,True
calibration,c_50e1648423214aae589a4ca0fbb3ff71,single_power,True,False,5,33.56258315423635,0.4277858471193241,0.20986695206713304,False
calibration,c_514cb808b19f60030a916ae45523f559,saturating_plus_slow,True,False,4,34.923954402807489,3.4550665669564751,2.1969450193026216,False
calibration,c_515db42451f1ff364a00faa58863c3fe,single_power,True,False,5,32.141999489704048,0.62902363437915199,0.43262334275499692,False
calibration,c_525bd22e501f114f73dfd56fe889c061,late_knee,True,False,5,36.404128810338655,10.909094400659214,3.5476487019755298,True
calibration,c_53ddbb256c7eb5048fb9a8b993bdad1f,saturating_plus_slow,True,False,4,32.141999005600375,3.8556966982937553,1.3999070424912237,False
calibration,c_53ddce383e4cde8e67619122abbd5621,dual_power,False,False,0,inf,15.163475666088189,5.9550986465279498,True
calibration,c_54662e5839b6c289df7143f5572f69b0,single_power,True,False,4,32.141998834086259,7.1796445844091181,3.2837857254285514,True
calibration,c_5525513f8a857a278edf9bcf5a6c5ff3,single_power,True,False,5,33.359589614234643,1.1343009159239301,0.63929153865609478,False
calibration,c_5588f0349992b934dc8051ec22d85b46,late_knee,True,False,5,32.141996695918984,1.8529834934268905,0.80073329081644729,False
calibration,c_567e379fe5e7a7483d799a32c1495d71,single_power,True,False,5,34.152599458869219,0.92602400901336068,0.5140776725150118,False
calibration,c_56c48224613c0737a6539fc7c64ea5b4,saturating_plus_slow,False,False,1,inf,0.82110908642938796,0.51946620238267527,False
calibration,c_573d5c81d6108b2c4a2a2d6869d12418,early_activation_plus_power,False,False,0,inf,14.26292917791848,7.1134449004110625,True
calibration,c_579e21cae101aa1322f34ea6401755e9,saturating_plus_slow,True,False,4,43.252128059748394,13.534725783954556,6.9985347680868113,True
calibration,c_5821429ecf49bc85884cf71b64b2ea3d,single_power,True,False,5,34.087288847354642,1.8686578398287281,0.87746850549048905,False
calibration,c_5893b6b99ba780bdafd25f684a8abeb5,saturating_plus_slow,True,False,4,40.218754141516705,7.5084974531223025,4.3503440333188488,True
calibration,c_58df65a16cfd30b0b530d8c94f2494c9,single_power,True,False,5,32.141996426894607,1.0480818793571416,0.65352635934958014,False
calibration,c_5947f220e4064e7e0f7dd484646fcdcb,single_power,True,False,5,44.853593981040355,9.2381800199910913,3.6844072342091918,True
calibration,c_59c692a2ca2dd51a11eb2c2d5e968a28,early_activation_plus_power,True,False,5,42.568134692782017,9.829309864139546,4.1887915182804836,True
calibration,c_5a8cd718453e303fd722382fe45b6836,early_activation_plus_power,True,False,4,44.171697667623398,7.6325125314807423,4.284382732853091,True
calibration,c_5ac0b4f10c1cdd63eecd088a61090719,dual_power,True,False,5,32.141997906704717,8.3796372964084469,4.1396055987488909,True
calibration,c_5af163fa7e6630b6e27fc207aaadd1b8,single_power,True,False,5,32.14199924939404,0.083446669906592774,0.12822609791636097,False
calibration,c_5bc76fda064ce471f86d72f4b661986c,late_knee,True,False,5,50.755671129202888,6.6975944023470362,3.2480539741873065,True
calibration,c_5bc8ae7dbd1984870cd71789ffef0214,saturating_plus_slow,True,False,4,32.252090963455132,0.91045564357909825,0.37714978643855318,False
calibration,c_5bdc413ea91146a48f98a08f222b0479,early_activation_plus_power,True,False,5,43.521842720863624,9.605932313458112,3.949807771696233,True
calibration,c_5c05b09c97c631119f0d996a5ff1d5a7,saturating_plus_slow,True,False,5,32.141999991392311,1.8815033141940916,1.0791233301111889,False
calibration,c_5c55bd828c3c3faf343badb09025004a,dual_power,True,False,5,33.159035100421576,2.6724264233949526,1.6001010704135425,False
calibration,c_5c7da42291c963835a4c7a97ec8f3f25,early_activation_plus_power,False,False,0,inf,15.470463782990009,6.636357577900788,True
calibration,c_5d450b86e648997c2d6c240d024f55a3,saturating_plus_slow,True,False,4,32.141999361081069,2.0198477478520687,1.3409130024725104,False
calibration,c_5d76ab3aa5f7e079fa06d38fbe740c4d,late_knee,True,False,5,34.539187841960455,2.8963048136170357,0.89379398418361033,False
calibration,c_5d887824aad3089fc0995c16592f822b,dual_power,True,False,5,33.144481748406662,0.64984907080497578,0.30490808852694617,False
calibration,c_5f5285a92d4a3cce82af100b35664ede,late_knee,True,False,5,32.627012643793549,2.3775164430229552,2.6938813943690474,False
calibration,c_5fa27bd195aa88b419b048841baa4cdf,late_knee,True,False,5,40.456601672350367,2.6214529942352129,1.0797666753639419,False
calibration,c_60014a0f7b0a1112faf136a6f521b0bc,early_activation_plus_power,True,False,4,32.14201802762161,10.412619603497745,4.7482267402745073,True
calibration,c_608eaea69dc6c1409039eb739b8ad5ae,early_activation_plus_power,True,False,5,42.154472828474802,7.882954278417202,3.9411200862426976,True
calibration,c_60a805756d187677de9e83d2fad10fef,dual_power,True,False,5,35.561834747031007,7.5714741660594029,3.1910926445816683,True
calibration,c_6138aefb8e13dc8084f532a09c2e3825,single_power,True,False,6,33.604558641103623,0.75635164830667634,0.72244530947844121,False
calibration,c_614c241247dd7a238881a7743e79cb66,late_knee,True,False,5,40.229996016086893,2.5866350019843765,1.265416399731264,False
calibration,c_61b73cd7da8588e4b7ed88d345a6ace2,single_power,True,False,5,36.292201695279822,3.4751170806566307,1.9980620173066368,False
calibration,c_61b816a44129d895ec79ea0ea4264ee3,early_activation_plus_power,True,False,5,35.483839161549135,3.7962461966709355,2.1323484387865337,False
calibration,c_6299c9fcdf2b1562a5c5a6e12a8914a8,dual_power,True,False,5,32.141990433538425,12.594998134036146,5.4619374846036166,True
calibration,c_62a30026e1cf67d7b221c17c87e3bddb,single_power,True,False,5,32.141999730233678,0.39315150586487846,0.36492316886083354,False
calibration,c_62be9d66cebf54268218560fe3fb8b0f,single_power,True,False,5,34.35871510590168,1.8608249933140257,0.95832795776163748,False
calibration,c_632bb02795b07351d96c4d1419f4d7d0,late_knee,True,False,5,33.349046961874045,6.5398596512598175,1.9765248655883814,True
calibration,c_6501d55b24a222fee8c55c2799990c9e,early_activation_plus_power,True,False,5,55.600800360214215,22.235247379798253,9.6450028683540605,True
calibration,c_671158081ffc85afde88226f51618263,saturating_plus_slow,False,False,1,inf,12.340397075877121,7.5416326093364017,True
calibration,c_6790e2469611a75b52aca0a97051bb96,early_activation_plus_power,False,False,0,inf,37.041958029180293,15.951392914320689,True
calibration,c_67919e0fcb7851973ad42010b9f3b63a,single_power,True,False,5,38.938322399063999,1.3121649806147957,0.52028095860808965,False
calibration,c_67971e17970c020caacfa2b00e64185e,late_knee,True,False,5,40.227925925903541,4.3233514947331031,1.1267826238216678,False
calibration,c_681774179187331c109539a8b5164944,dual_power,True,False,5,34.496037113788482,4.5652810199393912,3.0747651377701555,False
calibration,c_68ce1bc574fe733d41b8861f124ff102,dual_power,True,False,4,32.160516753554759,3.3901480204898462,1.8350907426306415,False
calibration,c_690a070e6eb23e54392899bca13dd5dc,dual_power,True,False,5,43.833230205257657,3.1182807354729078,1.3993965117889064,False
calibration,c_690b16e23294cc69116ffe84803a8c10,late_knee,True,False,5,33.936285941576365,6.8024859185160693,2.8413597825359269,True
calibration,c_697a20356a996ab66ca615f212d94446,early_activation_plus_power,True,False,4,32.142031873558103,12.61342738715237,6.2429417818157216,True
calibration,c_699915631965703c711ebd6ac061b350,early_activation_plus_power,False,False,1,inf,3.609566084791993,2.2357620244784089,False
calibration,c_69ae73623dff8db9d3207e542382beb1,single_power,True,False,5,32.141999924230376,1.9799713672713466,1.3997110121962906,False
calibration,c_6a22907471a569e1e3ff4300298d9007,saturating_plus_slow,True,False,5,32.141992154653941,3.6733022191023252,2.2539950088970393,False
calibration,c_6b3553da5e1d131a4a6d91fd6428a189,late_knee,True,False,5,32.141999097644259,4.8606932771060372,1.3442920777411251,False
calibration,c_6b4f386d1df3ae14185ccf5033447d03,single_power,True,False,5,37.995452416442753,4.1493725654503493,2.1654694208794614,False
calibration,c_6b8fa1e9ad400a8ad1c932aaf624afe7,dual_power,True,False,5,39.35982895831507,1.9108030355865537,0.66667170589508873,False
calibration,c_6bf4aa6008c3be05e5a22847299619a5,saturating_plus_slow,True,False,4,33.903555486568621,1.5202578270960174,0.98808764423366602,False
calibration,c_6cc77a6e8c3f5a2ecf3ce0f64b06baf0,single_power,True,False,5,34.97455500061028,2.2352509035185619,1.1726678657341845,False
calibration,c_6d98e927ddc5268a62bd78058cfdfe88,single_power,True,False,5,32.141997608002967,6.0714493828357661,1.5054943361455659,True
calibration,c_6e36531cf93799a8fa809b63d837e159,early_activation_plus_power,True,False,5,37.378970710572297,5.7628219612875853,3.2359594251281893,True
calibration,c_6e92ed80b4293dadc0df7ac5cbc1dda0,late_knee,True,False,5,32.754202768014558,1.2319705516325428,1.5154588587952253,False
calibration,c_6f222a3e31aab286cbafd1962a25cc56,early_activation_plus_power,False,False,0,inf,28.957162742142017,13.468384489938556,True
calibration,c_70f52b52a45b12329197ba7a5bc3d724,single_power,False,False,1,inf,1.4185337121857913,0.97126243542904422,False
calibration,c_71d4d3b66557f52b0509816798f1fe0b,dual_power,True,False,5,38.171189846450154,10.847009608807213,4.513013051925439,True
calibration,c_71f500aac974eec7b8cc78c2294a54a6,dual_power,True,False,5,32.883421955238944,2.3156237051249775,1.2106573401526239,False
calibration,c_72b1a117fd8713c24d78242651da3418,dual_power,True,False,5,36.334695148764133,3.447446328716822,1.5324680338436882,False
calibration,c_72d51e13e410234c2ae34ade4d7df22d,early_activation_plus_power,True,False,5,34.234582852934949,0.049408329003966855,0.13958692053275357,False
calibration,c_7338925adc2643dd399f48ab75cedd3b,single_power,True,False,5,37.431752389093056,4.4421680181328611,2.3596456497946083,False
calibration,c_73572f3860abd5962e9f83105aff57d4,saturating_plus_slow,False,False,1,inf,5.0992633394811264,3.2145466230341486,True
calibration,c_73753121379e6e93387a06d73803f7cd,single_power,True,False,5,34.028704385770851,0.46570580982057663,0.37867967488069287,False
calibration,c_73ef7619b18be3002115e62024c97bc4,dual_power,True,False,5,41.317595753205133,3.596695732916146,1.5790476500931954,False
calibration,c_748448dddf64dd54a5ac4811fe30c4cd,saturating_plus_slow,False,False,1,inf,4.3896468210280091,3.1731838772589169,False
calibration,c_751480d1f553b6b9d6f2762a15e0df72,dual_power,True,False,5,36.450165887767803,8.4294315078892623,3.9315054456277534,True
calibration,c_75b4e94c1af65a3c3243b8b83bf041ea,late_knee,True,False,5,42.254779648102406,2.2862707602979242,2.15264243782691,False
calibration,c_75f0b6d6b6d8a5e5a89fc32bab5ec0d3,dual_power,True,False,5,33.684141615130187,1.978868792605482,0.96022638573674068,False
calibration,c_76a52a6412a94d5d5f85654dc7fe3ff9,late_knee,True,False,5,32.141998509779157,1.8586486749432964,1.3341751784221156,False
calibration,c_772300c64f550f399ed1933ef7246551,saturating_plus_slow,True,False,5,38.889351007576913,6.0436372214277725,3.4002027909945141,True
calibration,c_776c1eb75f686252b8e745ca2a6e6035,saturating_plus_slow,True,False,4,33.417150438780787,4.7593410677614685,3.0331505050011569,False
calibration,c_77e125b037177a60ca03ecdc86edc913,saturating_plus_slow,True,False,4,35.994680375461961,8.370819654479547,4.6892643471413455,True
calibration,c_77eda4b86a0a16fce12aab6272a7fed7,early_activation_plus_power,True,False,5,42.25606808648174,7.8230686041528941,3.8203353875113333,True
calibration,c_782b78026e642343c50eed3594114703,saturating_plus_slow,False,False,1,inf,2.2801676465095682,1.5329708408908704,False
calibration,c_794240a0418b759e965840f80047917b,early_activation_plus_power,True,False,5,56.937778131403924,28.433098054259148,12.215275807409059,True
calibration,c_7a7f0ea4463d91c4a989e2b815c21196,saturating_plus_slow,True,False,4,40.690373264535289,12.157326997541134,6.4377028307293829,True
calibration,c_7acbd7a029731f5b13ef328dbd639784,early_activation_plus_power,False,False,0,inf,11.201160443622385,4.7712253653235583,True
calibration,c_7af447d07b57fb28597c0d093a9c5a94,single_power,True,False,5,43.803244380855865,6.0335214722372683,3.161931151215164,True
calibration,c_7b675d9d02cd3a500eca0896a686de09,dual_power,True,False,5,34.573863855086714,0.78352280363927207,0.27465151863128051,False
calibration,c_7c74286536cf6db275953d1f537f016b,saturating_plus_slow,False,False,1,inf,11.317129563105254,6.5503311268867925,True
calibration,c_7cd7d8a7b31ae61cdbc9ac99212d5827,dual_power,True,False,5,34.479675558849436,7.0998134841721594,3.216371832368087,True
calibration,c_7d21e0b3e2cab0ba808d0d35156f7aba,early_activation_plus_power,True,False,4,50.307673404696708,12.191611076703694,6.0111727507902888,True
calibration,c_7d8661cc0afd9ced8665f9e208e4f8c8,late_knee,True,False,5,32.141999678890372,7.4290253120020964,3.5164490363704686,True
calibration,c_7ddde04a5a8ee308a84822c6c691528e,dual_power,True,False,5,36.628910151930206,1.6344210420308656,0.5516648489983863,False
calibration,c_7e2d77b46a4d15ecf6ea9d5d388493d8,dual_power,True,False,5,33.173024707857905,4.4848943474883498,2.1704117231454294,False
calibration,c_7ee90da7fffa38af436bdd6af5653200,single_power,True,False,5,33.734790703440211,0.22549811285878718,0.25547166514952546,False
calibration,c_802410ce0faeb5bca23721278ada8f0f,early_activation_plus_power,False,False,0,inf,29.803256024441147,13.340723148764171,True
calibration,c_80b3f311efbe4fcc0d0c259bc7eb2b05,saturating_plus_slow,True,False,4,34.500877872550923,2.2913737910587315,1.3705581486717668,False
calibration,c_81260e1b8b695f258b22a84dd444f181,single_power,True,False,5,32.141998070494338,0.23674781282382185,0.15372528818184863,False
calibration,c_81b1563377e7b3821227e0427599aa76,single_power,True,False,5,37.686241543975733,2.4696425733462775,1.2926369639598632,False
calibration,c_81ba00fbfd3d47119ec643b3302747bd,dual_power,True,False,5,36.343515004301942,2.9204140884990721,1.4770942715589921,False
calibration,c_82f08f3d8f2d41775dfc91c465ef12a0,early_activation_plus_power,False,False,0,inf,40.39762518960022,17.598869852595779,True
calibration,c_83056bb85ac9b51c2fe406568fbce557,late_knee,True,False,5,37.690375990933823,8.2656605235324179,3.9622915002246701,True
calibration,c_83197b2740c18d11f64c3b2030818c92,late_knee,True,False,5,50.678886627506934,4.7418704799633389,2.4810192032473188,False
calibration,c_8351ab4fe1584859ceb3d5b3317be8c1,single_power,True,False,5,32.803496179956682,0.34200379427302607,0.3312090027997398,False
calibration,c_837184321d99dfab41d6dafe5ecc2610,late_knee,True,False,5,35.412598977781194,1.7255241768107652,0.63144975612085341,False
calibration,c_839904c0e41b8c3107af540a47ba0811,dual_power,True,False,4,57.533283960773595,20.714242715960197,10.300772420717477,True
calibration,c_83a0858c42e26ec744774dde6c79d167,single_power,True,False,5,44.096471990826394,7.1773059982623408,3.3933960078602134,True
calibration,c_845c63abf02490038e042c5b8f9ed5b8,early_activation_plus_power,True,False,4,55.46353823866022,20.600131832016672,9.7798164907059508,True
calibration,c_846c844c238d2eecf5ef6bd3cbba5ef2,single_power,True,False,5,32.408981205514166,0.48404607885507289,0.30531185211505407,False
calibration,c_85342fe333fcc0c8111709463d8606bd,late_knee,False,False,0,inf,0.61862783853135284,0.36239870812737957,False
calibration,c_85dd9dfe43140cf95de8412f980bc90f,early_activation_plus_power,False,False,0,inf,36.197931165385384,15.109908060338281,True
calibration,c_86b30f03408530fcd621f1f08ed92073,single_power,True,False,5,36.520297260871722,2.2884319274735248,1.1712667203596552,False
calibration,c_87a10788a8da1ce8c415222f6c679979,early_activation_plus_power,True,False,5,33.284520261167792,2.1999430768905199,1.3210899037559505,False
calibration,c_88d314c88025099d6e5b7c9f398f45cd,dual_power,True,False,4,37.953190039981642,7.1429966466310475,2.8929273046341653,True
calibration,c_8933bd246c774766473c5f1036f96277,late_knee,True,False,5,32.141994624566955,20.374354647950838,8.34175420820719,True
calibration,c_8986c66bcde06690234334dd2fe86db1,dual_power,True,False,5,42.077752362594943,5.9388151275466612,3.0289981886158892,True
calibration,c_89d30deef3de1a7c8c6e3b1d229b7980,single_power,True,False,5,36.898474361412106,0.66684432147772554,0.67348197518499442,False
calibration,c_89f79ae1f90ee6b0fa2dfac99e958d36,early_activation_plus_power,False,False,0,inf,36.739795443710285,15.873481976108719,True
calibration,c_8b262082dd06abb0773cb5a239ae3995,single_power,True,False,5,32.70167908861157,4.1510499497167359,1.1063356883507978,False
calibration,c_8b7f2f87bcd4bdb43574fe7ab15e738d,early_activation_plus_power,False,False,0,inf,31.879103453265607,13.224050779280535,True
calibration,c_8e5b8d119878520f102c75f6bf674991,single_power,True,False,5,33.728426324131625,2.2786442684108437,1.2943719718808804,False
calibration,c_8ea643cf8a9e6862e348b39a9a05ffd1,early_activation_plus_power,True,False,5,36.710760386062141,2.5995992011316531,1.3294496097628727,False
calibration,c_8ea9cf8042eb004aa21c41bee2830a17,saturating_plus_slow,False,False,1,inf,17.505927307598228,9.8984558541642169,True
calibration,c_8f94648f666e1b6a1bbfb14a56d3ed0b,single_power,True,False,5,32.141997736450726,4.9862124201062556,1.6057572106147433,False
calibration,c_90edbdc9252a3d92417919e78f34e92c,saturating_plus_slow,False,False,1,inf,5.6538975493191828,3.7342024014878161,True
calibration,c_91dafed006f317e06c55cd3fde00c51c,single_power,True,False,5,34.498421107252504,0.38231604097144611,0.25810437293777161,False
calibration,c_923218067b994efa93ae9e693e3ec562,saturating_plus_slow,False,False,1,inf,4.3626008991052458,3.0563167525515276,False
calibration,c_923eabc3aad05ebde88e43afded5ebb8,dual_power,True,False,4,52.384542007648101,1.2517119913974,0.87262419753012488,False
calibration,c_92ac3cb1d498fc3fe5e6d9c3eca1beb7,late_knee,True,False,5,34.53873055139146,19.380337433791155,9.6679191173471981,True
calibration,c_9321ec6191b441cdb7de74c8e24afc39,early_activation_plus_power,True,False,5,50.292419139760703,16.609644898384772,7.0636023248866611,True
calibration,c_93dc0403d779f9f51d4e47376ab2812a,saturating_plus_slow,False,False,1,inf,2.6712942152618808,1.6152244689140904,False
calibration,c_941fc8cb4c3a7a75a192c860aa1ad176,late_knee,True,False,4,49.356136687169567,15.88906912721653,7.5773283205175792,True
calibration,c_945d402bc8dee03422c1e8e5c2a6ec48,early_activation_plus_power,False,False,0,inf,5.8122128232096344,2.5704760497446832,True
calibration,c_9509f165ff27ba62dea8c190370b535b,saturating_plus_slow,True,False,4,32.142000973077302,3.456085500703054,1.0670687686624736,False
calibration,c_95475e16c8181e5882637db4914193e6,late_knee,True,False,5,32.981117731775171,9.5375797635199149,3.806915549509045,True
calibration,c_9566fc9bc05b7c14a44783b0e0a33cbc,saturating_plus_slow,True,False,5,33.88947120625329,1.4643937944361625,0.77778576332910276,False
calibration,c_95a67c104521f93810c0cc201b58543d,early_activation_plus_power,False,False,0,inf,50.388497469740088,21.35593544294046,True
calibration,c_95e81144c562bd8c6772602f20e0b79b,early_activation_plus_power,True,False,4,53.888943679663875,20.37926680330672,10.071365065424702,True
calibration,c_965336d78cdcfb915933b27f81a3e817,saturating_plus_slow,False,False,1,inf,8.0954187759724618,5.3582693272853721,True
calibration,c_967c4b75545ac8979e94aef24d050379,late_knee,True,False,5,37.185976320425731,4.857848626167339,1.9351248079876748,False
calibration,c_96a18c65676ec273cfd6bb26ffe61f2e,dual_power,True,False,5,34.341645311009955,0.51656289057189042,0.23276136898890085,False
calibration,c_96b598c2645093e6543fc03461768243,late_knee,True,False,5,32.14199936537581,4.4097416961671598,1.6005742971050441,False
calibration,c_97c110c3de8dc652a5985bb8c4f9e23c,saturating_plus_slow,True,False,5,35.088230562957172,1.9143374065597243,1.0862739172648868,False
calibration,c_97f37d30ec3a02d8cc264b28fcddafdd,early_activation_plus_power,False,False,0,inf,17.759751336696823,7.8843661930056541,True
calibration,c_9821db11f8b808ed01d0ccd19da6163d,late_knee,True,False,5,33.069597837748205,3.5113338919745587,1.2951894162596149,False
calibration,c_98c999e9a28c70e38421a950afbbfb86,dual_power,True,False,5,33.643343605533687,1.9138007799272287,0.91005506578780271,False
calibration,c_9988f6db61a7e41fe1b71bfd29e36856,early_activation_plus_power,False,False,0,inf,49.588874016734906,20.403206226707741,True
calibration,c_9b1cefe7d8b1ac05adc2772193c6599c,saturating_plus_slow,True,False,5,34.463289864086413,4.3171341125010656,2.7408479141551094,False
calibration,c_9ba1ec8796e9e35d5aed653e80fa30c2,early_activation_plus_power,False,False,0,inf,11.701844577423742,4.5865337566005593,True
calibration,c_9e094faa57b08760c2e70416c43824f6,late_knee,True,False,5,32.14200522350869,2.455179266085068,0.8048146339022263,False
calibration,c_9e40e0fa616da40b94878125aa87983b,single_power,True,False,5,32.141998665767346,0.91845273091966817,0.84402444998269077,False
calibration,c_9e58fdd7ea83a55ca0507cdeea123e3d,late_knee,True,False,5,34.898106098115136,2.9515522725162668,1.0419225388405799,False
calibration,c_9f1bb719d08e38fc2239581ff40b53fe,saturating_plus_slow,False,False,1,inf,4.1665012151330387,2.9552461998381445,False
calibration,c_9faaa30bbfb7a344233460b739db8306,dual_power,True,False,5,32.141999941107329,4.533464836058954,2.3344177065249552,False
calibration,c_9ffc00824d0cfc3543511d71b7ca75ec,late_knee,True,False,5,34.330693205269803,16.58694054348932,6.8679648572105494,True
calibration,c_a04ba72ed5862aac178d0c000cc693d2,late_knee,True,False,6,32.208163867230709,9.5785045284178949,3.4819325455571666,True
calibration,c_a2197261d783403620045eff35c609b6,dual_power,True,False,5,33.197314539555691,3.6536231173109002,1.6647848934403298,False
calibration,c_a29dbe2ee6bed6e49b5d4468fbcb77f8,late_knee,True,False,5,32.141999746497703,4.8359955692438348,2.2111406189070952,False
calibration,c_a2e09f503247e97cec9c12e4035fd0c8,late_knee,True,False,5,34.350129925907723,4.1623110504396408,1.7923388498781754,False
calibration,c_a52ce9bfa535a398c16e13d6bdba4ff1,early_activation_plus_power,False,False,0,inf,52.74175805445644,23.486501791262597,True
calibration,c_a660ea7e1932402a50d99ad387313191,saturating_plus_slow,True,False,5,44.335882791312933,10.923135507260099,5.442720602475374,True
calibration,c_a67021c917d1538ed786c91d1954357c,dual_power,True,False,5,35.288169899287759,5.8470607213123031,2.5185662441551133,True
calibration,c_a673b9224b0496bd0ce44577fa68029a,dual_power,True,False,5,33.290251765680502,2.9464812928576265,1.5386613664721367,False
calibration,c_a6bdc929bff9362cd8351a16ef7573f2,early_activation_plus_power,False,False,0,inf,48.634301324233661,20.719630156826842,True
calibration,c_a7564da01ab7f8253ae175052abd904e,single_power,True,False,5,34.818272680121702,1.9377180064128083,1.086495400807272,False
calibration,c_a779360109b33e95f8cce46f89da60bc,early_activation_plus_power,False,False,0,inf,7.9201948825495521,3.9406161367333348,True
calibration,c_a8d1be908e476dc3d0f33646805ea79d,early_activation_plus_power,True,False,4,41.858356163981206,8.1551378234851484,4.1619230737552817,True
calibration,c_a903fecab563ae609b978ef1663a03e0,saturating_plus_slow,True,False,4,34.26231497158755,7.6381942412338191,4.3834281478760486,True
calibration,c_a93be81b4cc941c0a5f08938d1afb020,single_power,True,False,5,34.343282892251118,0.82047706136518173,0.45613576583861426,False
calibration,c_aa10e6a5827ce4bcd913817fb54a3a1f,late_knee,True,False,4,32.14199928335772,3.0463802036029506,1.2385475877464054,False
calibration,c_ab81d0e481ac1a70b8ce73ccaed1abf5,late_knee,True,False,5,33.102469685291126,5.0536620455281849,1.659829814071389,True
calibration,c_ab88edbdbd918d23f80013ecc30a5e3b,late_knee,True,False,5,39.0662175233821,1.8984996943663077,1.2972749113621151,False
calibration,c_abe571f4eecb0d84015982b7247c2249,dual_power,True,False,5,36.63477893423012,1.2144817878151315,0.51084784846664988,False
calibration,c_abf14cd2635c2ebf4b1b6ba5d9f22c52,early_activation_plus_power,False,False,0,inf,13.97084419578006,5.7850115157250723,True
calibration,c_ac17d3c4cd46b545e1dcb0f8283ae271,saturating_plus_slow,True,False,5,36.07296221450742,1.4059406576061946,0.73411214740904773,False
calibration,c_acc349334d77d82f1688dabc6c5f9565,dual_power,False,False,1,inf,2.6543616735971653,1.126297829754112,False
calibration,c_ae1ade05ddafbcefdfb9ad85b2575aa1,dual_power,True,False,5,35.262743346760324,1.0722023544397246,0.35694661573170294,False
calibration,c_ae9d9f0da9f2ffa4f181ca57e2829794,late_knee,True,False,5,32.617044862271499,7.4623203380657941,3.6956411728034237,True
calibration,c_aec513b453dacb68c4b35d62e5b0f0da,late_knee,True,False,5,32.591019111547425,17.903092073011791,9.0481083958138981,True
calibration,c_af510f80dac86f1bd3f73c3a5413fb1b,saturating_plus_slow,True,False,4,32.142031681408049,17.897310394011285,9.3011972817110884,True
calibration,c_af58fbe2656ead26965fbe54bbc7303e,single_power,True,False,5,32.141995619239935,0.27400876930357754,0.10415275766327009,False
calibration,c_af7afdd6b38d6982a9eeb685ba5d42c0,saturating_plus_slow,True,False,5,34.159411377448819,0.31215171975081546,0.17042487993775848,False
calibration,c_b0ad452e96987480d96016c732da752d,early_activation_plus_power,True,False,5,40.149884306949332,0.96697118684627981,1.2587486940938886,False
calibration,c_b14fb0f62b29cd6d5016668f16e48460,single_power,True,False,5,36.009921209873987,0.17909181464696644,0.22690026928912843,False
calibration,c_b2453d767c168bb41ebd1a1b1131c9fd,dual_power,True,False,5,33.981966402447583,4.3606281494613768,1.9705768460889674,False
calibration,c_b2700e5ff1a84abbbc06b89d9b27b498,single_power,True,False,5,32.726383084187042,0.68219917823950027,0.43152104480333203,False
calibration,c_b2b0733b9b8fbe9afeb00de090248d3a,single_power,True,False,5,36.729882807241886,0.53530528318739812,0.22046058258255871,False
calibration,c_b32ce111ed29b9686425e03cd9035232,single_power,True,False,5,32.142000108204755,0.19339626424401501,0.20839925043177102,False
calibration,c_b33c498d29af930d983e8a2321ffc9ae,early_activation_plus_power,False,False,0,inf,30.944205453636144,13.106355119971912,True
calibration,c_b347977729151b44770a9c7521ce11ed,single_power,True,False,4,33.610230544414904,0.055214255456291994,0.2778093292433868,False
calibration,c_b39ec93834738f52d24d743571ea80c1,late_knee,True,False,5,40.842896686348318,6.6628684566090328,2.06011172410226,True
calibration,c_b44e202a3a745f853718a00a5d0f3869,saturating_plus_slow,False,False,1,inf,2.6738577381949256,1.7060542686460318,False
calibration,c_b48dddd7481efea649d70359d5507d07,saturating_plus_slow,False,False,1,inf,2.5553170371769056,1.4433198500559548,False
calibration,c_b4d7f7553d27789cd3709e33e339689f,early_activation_plus_power,False,False,0,inf,57.598589238573126,25.112596445364925,True
calibration,c_b5643d92de17a74eb2f088f215fd4c3e,early_activation_plus_power,True,False,6,32.141999999999996,1.8008477025723977,1.2425279216214025,False
calibration,c_b57273b57669e6b70929a46f890e04ae,late_knee,True,False,4,32.141999710782983,11.528813599834706,4.8031519439110939,True
calibration,c_b7f8e6f2af91a647708725d62fb1a045,early_activation_plus_power,False,False,0,inf,9.2574941860905398,5.2108708974412998,True
calibration,c_b81db24d438ffec424bcff1ef47d4e09,single_power,True,False,5,57.480296623317138,28.769713589145525,12.870691067709801,True
calibration,c_ba5202dabe68b2da2c424ea7fc15f1c9,dual_power,True,False,5,32.155931599425436,3.0633621446535386,0.82725740569993467,False
calibration,c_ba9f1ffd619b345d2921e6536451f228,single_power,True,False,5,32.141998271552296,0.69815966290337883,0.40748993510083964,False
calibration,c_baf9b323c29188b7deae986b7df8e1b5,single_power,True,False,5,34.352649549365054,1.1672066253260454,0.46414101979387273,False
calibration,c_bb0ec7c368c923f61b3beb88a7dbccff,saturating_plus_slow,False,False,1,inf,13.941138089554798,8.1079893893764918,True
calibration,c_bb0f29b9065571723fa18d4f3603296e,dual_power,True,False,5,32.141999081545904,4.5090993073575305,2.2625054148034613,False
calibration,c_bb6dcfa8be6d577879595c2da87ed5d6,early_activation_plus_power,False,False,0,inf,19.21641428246653,9.7595847046682831,True
calibration,c_bc4dfaab17cdada583e92063d2072fa3,saturating_plus_slow,False,False,1,inf,3.1853725071158721,2.1694619369134283,False
calibration,c_bcd0dd0ee552845202351ccb34776017,single_power,True,False,5,34.0490035169069,0.16247256855974967,0.09927148938401717,False
calibration,c_bd0766f5c4d31efce529ed098b006f7a,dual_power,True,False,5,33.65362855007325,0.1828761663163192,0.13150153906717646,False
calibration,c_bd1796c41303c8d39de63488496b7ede,single_power,True,False,5,32.142000837861332,1.51701419513941,0.71565081006532794,False
calibration,c_bd3f94087e98cef5c39bcdf61e2c928c,single_power,True,False,5,57.107661834072942,23.175036899503453,9.3469119755984504,True
calibration,c_bda51784247c4db234a04096e4647eb0,saturating_plus_slow,False,False,1,inf,9.415960961708862,6.1407968669712103,True
calibration,c_bdc5a6a799e6e912fccb6710b0ee0c75,saturating_plus_slow,False,False,1,inf,6.7518113386432077,4.3431439266216234,True
calibration,c_bdeab25f0f41e3cd1d4b5c2038cb3402,dual_power,True,False,4,32.191561575089693,1.0583768297401406,0.54972834651762559,False
calibration,c_bdf486636fbb5ef2c8af59b4a61c4fd6,saturating_plus_slow,True,False,5,41.098997863012933,7.3576176788611463,4.6431293899588999,True
calibration,c_bf836c7e4c784da71671aa13a33bfb7c,early_activation_plus_power,False,False,0,inf,29.349740442074882,12.555195951616286,True
calibration,c_bfe154d69cd2e978ca4ec43046f3866d,dual_power,True,False,5,34.866303357679577,7.8486634253345073,3.345236022313407,True
calibration,c_bffd316e92cbfdcd233dbc94c8a7c737,early_activation_plus_power,True,False,5,48.627727880240379,14.500620789122948,5.9279437274238216,True
calibration,c_c10e08222fb805d14e142ae98190c1e5,dual_power,True,False,5,35.619012311561299,0.38330358985753321,0.19599510473210044,False
calibration,c_c28bb4e7b49b3c274ea679379b726ce3,saturating_plus_slow,False,False,1,inf,20.35847363260082,11.586524290188395,True
calibration,c_c3d0ebbee992b5a8cb693662309667d2,saturating_plus_slow,True,False,4,32.141994161148098,16.891161930210046,8.2471977827140091,True
calibration,c_c3d43840730ddd0b4d8703898b4c5980,dual_power,True,False,6,32.501788949366329,0.65434738948357563,0.30507592587601606,False
calibration,c_c43f9e58123bfe69210c476ad802d774,single_power,True,False,5,32.142001114747671,0.42914025353698548,0.22640299120215832,False
calibration,c_c49a7eb466535f5c7fb6bd26bad15be7,single_power,True,False,5,34.375085533509797,0.87285317143417274,0.45562291328505983,False
calibration,c_c510a5851a81fa10e1a9557b2fa3444e,single_power,True,False,5,32.141997819380144,0.63821520969847256,0.33037501328865942,False
calibration,c_c957ad1a22fe9b3078a9b36325cf5dcd,saturating_plus_slow,True,False,5,33.078621168040421,1.6552108619409722,1.1559157900875907,False
calibration,c_c960f544cf912984aa91287e6485b87d,single_power,True,False,5,33.147408772401249,0.2949671889068668,0.13213173147512239,False
calibration,c_c99752f091a8d35926565d7e3b062eee,early_activation_plus_power,False,False,0,inf,25.138531312573932,10.638349182627733,True
calibration,c_c9b71be45db7acf1149a1e6d12115a6e,single_power,True,False,5,42.766136888498018,7.5975874631393765,2.7659826514546899,True
calibration,c_c9ee9c4ec4c857ca60a4692c1a5b3c24,saturating_plus_slow,True,False,4,45.255096149895529,13.411546765065538,7.2226023718053014,True
calibration,c_c9f43819fe3564dc3feda2dfc92a8887,saturating_plus_slow,False,False,0,inf,5.4450423486768216,3.4687253606021726,True
calibration,c_cb0b2d2b676361d3267358cdea7823c6,late_knee,True,False,5,32.348372711074035,23.175984950980748,11.681209145202621,True
calibration,c_cb5bd6e17a3aba608611eded26fe466d,single_power,True,False,4,33.997743165853805,0.36012581997739801,0.46856219332689614,False
calibration,c_cb6cb161b3d501db4a6c9462e065c978,early_activation_plus_power,False,False,0,inf,6.9601501199178415,3.4648680107168426,True
calibration,c_cbc54b98b335dd48322e0fe083e825b3,dual_power,True,False,3,52.867952516216796,0.58829564834648806,0.50737693802522388,False
calibration,c_cbef5d2b1bbf7433d3405686f0c37a31,late_knee,False,False,0,inf,1.269861310966931,0.80977247406893815,False
calibration,c_cc2a476c5e1801159c74f7156f8bd8bc,dual_power,True,False,5,32.141998399709692,3.1072207052744147,1.0210852264041586,False
calibration,c_cc31a122052c79ba360aa189ddfad6c5,saturating_plus_slow,True,False,5,38.375133055342097,4.1367304038180777,2.4517977411568461,False
calibration,c_cd788640819c25c6390016693278e02a,late_knee,True,False,5,37.996647720444493,10.530822818332993,5.2236035848122322,True
calibration,c_ce0d4dc6076776a07700d03dd2dec815,single_power,True,False,5,33.331427591189644,1.1081807192939266,0.80199091290445323,False
calibration,c_ce7812d7076f88c176cc0e27453be767,dual_power,True,False,5,35.442712131471602,2.66020028696515,1.1372918821704805,False
calibration,c_cfb039542452f61dd3413432c1708b12,late_knee,True,False,5,41.818197806015199,3.5886284799621961,1.4980129378239151,False
calibration,c_d141c1200f2f5e4828c7fe8d3074878e,early_activation_plus_power,True,False,5,43.656739468198857,9.6831125645094147,4.8670610722786609,True
calibration,c_d14dbe6d604aa9710088fad4d3baccfe,dual_power,True,False,5,32.141998559623914,1.7057261410412963,0.85596277170681068,False
calibration,c_d15f7940961953535d0b527b5c4faf6c,saturating_plus_slow,True,False,5,38.138420125217557,5.0016341532961093,3.173405282897682,True
calibration,c_d1dfaf530b1c25b84abce2fdd0933e9b,late_knee,True,False,5,32.859868943432375,3.860438420262355,1.7420433333960723,False
calibration,c_d208842fdcc4769814c1842a6b6d4af6,dual_power,True,False,5,34.381701843408919,5.3117339764549456,2.4428046317970025,True
calibration,c_d3d12b2b04920a240a64e4a17a65db9a,late_knee,True,False,5,32.141998878102982,9.821653168510764,3.1267448874807542,True
calibration,c_d41226a32519e8d8efa3a02c1df17b88,single_power,True,False,5,32.141998267349663,1.2150151705611307,0.62009638176543846,False
calibration,c_d4e2fa7af715b92416aea45037388f38,early_activation_plus_power,False,False,0,inf,31.224148237777158,12.799300361966429,True
calibration,c_d4eeb0083a0db43f877557307782e539,late_knee,True,False,5,33.233570755803413,7.2979551587240508,2.4872543822019897,True
calibration,c_d6b7435e1bf995c7af30ca17d8d58ab6,dual_power,True,False,5,32.931015051274862,3.8802636398841059,1.143486181290911,False
calibration,c_d6e45f05c70d879dab92e81dd03cb227,early_activation_plus_power,False,False,0,inf,45.239121162470099,19.140182482750305,True
calibration,c_d7c92a2d53849d7c937a2186d8d11fc2,early_activation_plus_power,True,False,4,32.142019825219485,10.691073100902855,4.8376510456174131,True
calibration,c_d7cc8f73f3d04ab2f5d9f45372f0a3ed,late_knee,True,False,5,32.726919079431283,3.0343713254856368,0.81046376769402273,False
calibration,c_d7d02590219b74365c8d8ac546edb0a5,late_knee,True,False,5,50.265579246673518,9.2785872023708862,4.8704459383543703,True
calibration,c_d84d49cb29fc3d780ebcc7d4641b1d04,single_power,True,False,5,37.363698568796956,0.28297491763328253,0.13379320242036935,False
calibration,c_d8cb2c683cd484572a7d90c9e0e10ae2,saturating_plus_slow,True,False,4,57.614491875616096,38.293889052283774,17.109662395514796,True
calibration,c_d97404e4b1022e7c8a7a79c68252a0ff,dual_power,True,False,5,32.996183872112951,3.5066872334884636,1.6986717174272288,False
calibration,c_dac4d30797bb38a08355adcea6e52b72,late_knee,False,False,0,inf,3.3224509093771815,2.4533681512518983,False
calibration,c_db0f695b7ae6d2d94f123d280b072eb6,late_knee,True,False,5,36.240178648514849,16.315207040472046,6.5298764783546828,True
calibration,c_db29bf8896fe0f9a4bd9842c4ca46c89,late_knee,True,False,6,32.253295930448843,7.9855901602106769,2.5437590361953744,True
calibration,c_dc9963dce8250d96d11a1dc952c79f70,early_activation_plus_power,False,False,0,inf,24.53262680342236,10.511948448020767,True
calibration,c_dce969c59d5893f1860d91685e2f259a,saturating_plus_slow,True,False,4,42.710226456254311,9.0314335428076049,4.9504386035778616,True
calibration,c_de3947202ecef3fe57cfdf1c46970205,late_knee,True,False,5,34.117369949634856,5.8665578517223622,2.938591817233251,True
calibration,c_dfd84cd211a97650bc639093b0482b93,single_power,True,False,5,32.141998835183443,0.66335434646357783,0.48049694795395714,False
calibration,c_e14d68ccc0f452dacd4ff0acfe620a81,single_power,True,False,5,41.480538666725401,4.544977933099716,2.4572909383021289,False
calibration,c_e19523c5dcc9869331e5ab13cc5c61f4,early_activation_plus_power,False,False,0,inf,15.069973902755549,6.4179452503586685,True
calibration,c_e318806e6aa5c947cae3dce350382e3a,late_knee,True,False,4,32.27422835446427,25.130816051136122,10.795392275602383,True
calibration,c_e39af4f5f5a73a78188e811456985969,saturating_plus_slow,False,False,1,inf,5.0153201022033898,3.2221416068139055,True
calibration,c_e3dc0562bc74ccac4aaddb34ef0389af,early_activation_plus_power,False,False,0,inf,1.3304124446445798,0.91528507317621677,False
calibration,c_e3e148d0151203b8165a9103ddc75f38,late_knee,True,False,5,32.142000922436054,16.133653741283794,5.1553565152281422,True
calibration,c_e3fbcbb51aa72661ee188aae5c0d1c47,dual_power,True,False,5,32.141998203272919,1.0309811575388181,0.62824997908013491,False
calibration,c_e4d51508486e33fe129216e0827b7765,saturating_plus_slow,True,False,5,33.521087930630436,3.9513658360217363,2.3115282344008801,False
calibration,c_e67d82f71cdede67c8bab3e08deb4452,dual_power,True,False,5,52.713581234248956,9.4214132143998341,3.7968366998866667,True
calibration,c_e6e5d7bc7e5965e35e8edacca4133fcb,saturating_plus_slow,False,False,1,inf,2.1874748067075416,1.8843321430535067,False
calibration,c_e72589bd1f4b56fb050e793bbb5ac270,single_power,True,False,5,32.141999412757229,0.99043516381937025,0.48112679196255026,False
calibration,c_e822ace33552f4355aa26237bb7a3af4,late_knee,True,False,5,36.556022115709546,2.3790688050981146,1.0969975460023347,False
calibration,c_e94a5c8cce2dc6e427878be445e5a163,late_knee,True,False,5,34.309400805363396,5.6266995114907843,1.6123039937655004,True
calibration,c_e9abe9994ccab94820c6cd869787368e,early_activation_plus_power,True,False,5,32.167153490714668,4.5954700801130315,1.4501465093819232,False
calibration,c_ea177981b53909b95ff46fdfc597fca7,saturating_plus_slow,True,False,5,38.289097743901458,14.833993657153627,6.1198976964633154,True
calibration,c_eacc4ad59cff71288e898963f3adc12e,early_activation_plus_power,True,False,5,38.43199005355374,0.88191222829554761,0.57627749724389532,False
calibration,c_ebc5def42857c10b35afc6fd9a1a3dd7,single_power,True,False,6,33.248330489916199,0.20803929476042526,0.10316220166259203,False
calibration,c_ec1e6e45b7e8273c8f22752179fb4208,single_power,True,False,5,33.234493413317061,2.6833314982076502,1.6296957040995963,False
calibration,c_ec32baa52202fb8b8d7035122274e933,dual_power,True,False,5,33.67777586520215,5.6414577069529059,2.7412352229500585,True
calibration,c_ec57b89ed811a951f908e8c7bb734be8,dual_power,True,False,5,40.846407782919904,6.5724215559568222,2.746290860312695,True
calibration,c_ec7914bd8af3ed3e53f49b10c8619f27,saturating_plus_slow,False,False,1,inf,11.689339158416232,7.4882850767482365,True
calibration,c_ecf9af4cc5ac2678e435187f9203e46b,saturating_plus_slow,True,False,4,32.14200063185924,7.3932407953355863,3.7481503844616935,True
calibration,c_ed03ed9570930469bc20c6c89adc0d44,single_power,True,False,5,36.683258776227738,1.7294298694118027,1.1969797997748892,False
calibration,c_ed0fd7e35a476c14d067906af5e72d21,late_knee,True,False,5,32.14199895906934,7.7641250088411198,2.5810522173682111,True
calibration,c_ed3dc9f50282b531125dc208a6dcf3d1,single_power,True,False,5,33.260069751246903,3.7841228381252279,2.1919259768662145,False
calibration,c_ef42323fd597e2028e11f41ab7930ddd,dual_power,True,False,5,32.505657518871061,4.0470271698865474,1.8579483736117308,False
calibration,c_f0a87f9b9cf96ba915a0627caa66ff07,single_power,True,False,5,35.000227613465348,7.1971207875154164,3.6389858926639742,True
calibration,c_f0ab8162108ac670641595bd2b5464c6,late_knee,True,False,5,35.263634221406193,0.036145209706802461,0.21554917944739832,False
calibration,c_f0fe27af95d7d5b27c35a8baf7659bf4,dual_power,True,False,5,35.688942190898992,1.2572349926001039,0.48915762797269935,False
calibration,c_f103cdb8137f7bc86a3ef0c3f8f9a903,late_knee,True,False,6,32.201630535237356,14.943007395918826,5.2887402010772222,True
calibration,c_f1312b5656b66b497b74ebd9c7508f03,late_knee,True,False,5,33.304898084288027,2.0470521006653257,0.96537836764121687,False
calibration,c_f1ad23a6b1dd2f6b852d7d7c6e90d3db,single_power,True,False,5,32.98993839412875,7.9638098609079577,2.5222333095788381,True
calibration,c_f29fea34f9363f9ab6cb9839882b322a,saturating_plus_slow,True,False,5,35.625633990512988,1.7420616687918056,0.94971276999360432,False
calibration,c_f2a84548690c55cb61657ce46f5589bb,saturating_plus_slow,False,False,1,inf,31.444148930744632,16.23871905781089,True
calibration,c_f2c6e10fcc826ecad9ec3918af876507,early_activation_plus_power,False,False,0,inf,79.534203563181478,33.753524339409445,True
calibration,c_f36dd3d3a039b20baa409bd71a6fc964,saturating_plus_slow,True,False,5,35.227156593579203,0.27424824463290065,0.34871521115913884,False
calibration,c_f3d3bc9ed01c5263f94779089a5b5dd8,single_power,True,False,5,37.569718029717883,2.3315966854641488,1.143400649713272,False
calibration,c_f447525b48742125e1aac2e1f444e45f,dual_power,True,False,5,32.205300743155888,4.6785175340900622,2.2617270767561313,False
calibration,c_f46b3fcfe63471071067f199971efbc4,single_power,True,False,4,32.141993108219275,2.5533460172002123,0.66489099899707416,False
calibration,c_f563c81a59f4b4ba0437f8b76767277b,dual_power,True,False,5,32.142000467209854,14.587882932550215,6.2330593669758478,True
calibration,c_f56bba04c9101e7e204df5377bdd4787,single_power,True,False,5,40.513061152162713,4.8647256938546377,2.3892534343498109,False
calibration,c_f638048ea71976adb8848d6362e3a471,late_knee,True,False,6,37.157646820079584,4.8068276454157086,2.3483824473494033,False
calibration,c_f64f13074ff67d1b434c4365d12fe89d,dual_power,True,False,5,53.966576131442189,15.995398458418194,7.3731056867884721,True
calibration,c_f6db559ccb6ca4469c5caae7bed48117,late_knee,True,False,5,36.275945608598342,6.4434282079379983,2.0025180419606143,True
calibration,c_f702078945c9536f9ceaf10e4e544dbd,saturating_plus_slow,False,False,1,inf,20.743340759134455,11.618808936536308,True
calibration,c_f71249c39f9f0b8ba5538af3ea6414aa,single_power,True,False,5,33.307611021953029,5.1219055769169017,1.3319621772124419,True
calibration,c_f76beb89af183686166e54a438245c31,single_power,True,False,5,53.053341574518932,18.859764631539974,7.937244459912943,True
calibration,c_f790e20d2331f807290aefad2246d475,saturating_plus_slow,True,False,4,32.141997992307999,5.9106130703131754,2.5305953151007787,True
calibration,c_f7f59f4ec34cd85aeec98be79c71d19b,early_activation_plus_power,False,False,0,inf,32.267483512086102,14.677727221981867,True
calibration,c_f885d97bf737c8a5cbf3e1433da28868,early_activation_plus_power,False,False,0,inf,28.846723882516692,12.924351798060492,True
calibration,c_fa0f6dcbb248321cc3f0a040bc6d6dc2,saturating_plus_slow,True,False,5,32.754479458830367,1.2615697211249426,0.86739359304947783,False
calibration,c_fad761c11141dcfab7b03fd7d01de96c,saturating_plus_slow,True,False,5,36.600001026321884,7.6338874975574811,4.6406965904291342,True
calibration,c_fae351b7b80c49e9390aa0570f251f8b,dual_power,True,False,4,32.1419946357748,8.0113370587673813,3.0121281894449274,True
calibration,c_fb79fa8fc2c86132958a76d1bd41c207,saturating_plus_slow,True,False,5,32.142001577880727,1.5903375691764126,1.0724515625242494,False
calibration,c_fb9fb122b6a0bb34963d5d153887b88c,late_knee,True,False,5,43.563061949514896,0.31177890517125206,0.59681728700112591,False
calibration,c_fbc4104c26e15bc66f43fe0f5dac400a,dual_power,True,False,4,32.432547353112298,3.0298983086283755,1.5103228914028377,False
calibration,c_fbf199e19657bb79fdeccaa6a31b0305,late_knee,True,False,6,32.141999969978684,9.1030968555272835,4.0927002621235671,True
calibration,c_fc80cf9e75f9d23602b61352c0784260,saturating_plus_slow,True,False,5,43.255527679113648,11.416643226450503,6.111700903219262,True
calibration,c_fe0fb1eef206bd86dc056b452f02b7ed,early_activation_plus_power,True,False,5,37.214537996267133,5.6824742157506734,3.1574214314855507,True
calibration,c_fe6cd573f5343d0f4d1e927ee571c9cd,single_power,True,False,5,34.244831254800268,1.1975176450686007,0.70428534213903049,False
calibration,c_ff6f860f725fc5024fff2eabb20fdc30,saturating_plus_slow,False,False,1,inf,11.291484494677135,7.116209493993539,True
calibration,c_ffe4cce2670e2531197606d448896091,early_activation_plus_power,True,False,4,51.386424796515151,15.84804043789326,7.7987822758716261,True
development,c_0116cef6d695d6cc057923d69f079dcb,dual_power,True,False,5,36.909877218027084,2.3593959588100688,0.90242504989218275,False
development,c_0180812575463da160698dbbaec55d67,late_knee,True,False,5,32.14199905621868,12.779485944023037,6.2030342366403737,True
development,c_02422e60f17e02df2c4bca58f101f06d,saturating_plus_slow,False,False,1,inf,6.5956600413599347,4.4868009803615756,True
development,c_0284da6c7bf35b62993e10795af5428f,saturating_plus_slow,True,False,5,39.803733387671947,9.0056963592040944,4.7708514022201607,True
development,c_02b3724987a3fe9d33564655c7132e4c,dual_power,True,False,5,33.060375274392328,1.6809736307147887,0.53545235992866747,False
development,c_02d7097df0af1811c51a3c565e46196f,late_knee,True,False,5,32.141970126988639,10.764700899024106,3.9712577157007738,True
development,c_030558ca868c45750d064171e7a7a06a,saturating_plus_slow,False,False,1,inf,1.5642692429710223,1.1649959338031415,False
development,c_031ce01c4716065172304db56bd86a46,dual_power,True,False,5,35.049836518329563,12.450237565726027,5.6983611740628062,True
development,c_0487d482f541aad5e040f1b01aae23b6,dual_power,True,False,5,56.575878911682096,22.332132559546892,9.4034781814606738,True
development,c_04d19256d83d7c864d55cc33a3c96904,single_power,True,False,4,39.280631510276898,6.9071282100554185,3.1131038902764341,True
development,c_04ff205a28040096723ba6c395153918,early_activation_plus_power,True,False,5,54.251514197745131,21.415046980210619,9.9092858416833582,True
development,c_05e9c164c02defcc139a0de37a825756,single_power,True,False,5,38.265523350016103,0.89095153228382173,0.53830296627838603,False
development,c_071d593a0e6d4ab01d5d8e577045ad01,late_knee,True,False,5,33.016834496400577,10.446751675630622,3.4096959609975799,True
development,c_07ccb1e5292735c23db48136821555ea,single_power,True,False,5,49.714845287163676,14.364064521560962,5.8246744334019489,True
development,c_0858faff1197bae16934458b9d9db9d1,late_knee,True,False,5,32.141998395855722,1.0863417462524723,0.56508610812382087,False
development,c_087c462aaed80b69b970a6a92b933b80,dual_power,True,False,5,34.242373068847037,2.4333369928340574,1.1164859404430287,False
development,c_0900ae77ede9c455a691afdd75ee32fc,late_knee,True,False,3,32.101734967923861,7.7510575349817117,3.8674828077644356,True
development,c_09be92c250e933cd8139a029e84b2a52,late_knee,True,False,5,32.673387121640644,4.882755660585218,1.833772726330303,False
development,c_0a79d7bf9e9843398bb08d423f65d8f1,late_knee,True,False,5,34.342460852406049,1.1045082171138603,0.43377182679200288,False
development,c_0a8f442a3397e34fc7f6911d28c4bcd7,single_power,True,False,5,33.751916423449245,0.62092935758182932,0.37039931975994922,False
development,c_0ae82e5d2c9c8cfe62f9ac5d715f39af,late_knee,True,False,5,33.071882567847425,5.9963753645180162,1.7549832785565525,True
development,c_0c85676f747e6c47dd12925e18442e29,single_power,True,False,5,35.024542429671733,0.87883971353966217,0.72643107795904593,False
development,c_0ca73d46967dea918d48d414fc98470b,single_power,True,False,5,36.157540526453737,0.46841927149863238,0.18083528450123731,False
development,c_0cd8069b49da5a4bee9b3dea46c7122e,saturating_plus_slow,True,False,5,32.142008090625488,3.8033396616540642,2.3614845255888808,False
development,c_0d6e3fdad42aa09a7b9ade5405172c35,early_activation_plus_power,False,False,0,inf,22.908553435382288,9.9792765143715307,True
development,c_0dccbc27795c67b3de115928bbaf2888,single_power,True,False,5,35.664127238994062,3.9515637709072422,1.9866135142737007,False
development,c_0e108de3b52536d07a560b085a972ba8,single_power,True,False,5,32.299352517147696,0.025024803458563838,0.041556061257107757,False
development,c_0e686589ce8b81a86ff2187709d54efd,single_power,True,False,5,36.963658885445675,2.7150699071309106,1.3289751140345683,False
development,c_0e8fc33cbec88617238931ed243f8072,single_power,True,False,5,33.920926670997744,0.83129450254513415,0.63266174681381804,False
development,c_0f019519f53b7df8bd5186d23e56194d,late_knee,True,False,5,32.302942258238673,13.869547040513922,4.7292605690060299,True
development,c_0f5fe912cfaf31beace2f75e22f4c0ec,saturating_plus_slow,True,False,4,35.530854648695588,2.8454969204046279,2.0147337210562495,False
development,c_0f858b00e4520961a460059d721559f8,single_power,True,False,6,32.727741308412519,0.53397023901942475,0.3256280922289424,False
development,c_0fc1cfb7b6cee41d193ab61218822fa5,late_knee,True,False,5,37.882210569637415,10.41950259187746,3.3010734279936771,True
development,c_101356c8f971eda92b8be5273a43e479,single_power,True,False,5,36.347193590569383,1.5908485259447787,0.53715619049244334,False
development,c_103a5070adf73d6d3f51cda9ef352e00,dual_power,False,False,0,inf,0.39940367921421682,0.54721128971159838,False
development,c_107a6608f9543ae5b120b40b47ea4a4c,late_knee,True,False,5,36.198594949171742,6.5313940524394241,2.1018094826075107,True
development,c_12dbb8dd7433adc9c1391029e4d4938c,late_knee,True,False,4,32.480582427224064,5.2626803581933501,1.9414106639836484,True
development,c_12e0b251433ce2efc9c337ee97bfb213,saturating_plus_slow,True,False,5,40.004508405359552,6.4238986962583056,3.5657227550194079,True
development,c_135bb3bae87f731e75d681b6f21cec49,late_knee,True,False,5,33.876650075141484,4.4888686546732686,1.1651778989441344,False
development,c_146bb9124623ccd60c30bc4b66ff13e4,late_knee,True,False,5,36.476579806564281,5.1596845459756508,1.8440132647622156,True
development,c_14c5d770aece08a1e49b1355814cade9,early_activation_plus_power,False,False,0,inf,14.057267077296856,5.9149320200581483,True
development,c_14dfeaa3bcddc7615a50a27eb8dc79fc,saturating_plus_slow,False,False,1,inf,6.8433470966099748,4.3882765770177485,True
development,c_15161ee18cba810a47adacd301a8536a,late_knee,True,False,5,40.36551839862252,2.3736791632765204,1.4152339872879469,False
development,c_1579d049b46b2c3169cb6c73270b7cde,late_knee,True,False,5,37.284892910314802,2.9512346083018599,1.8270631009597809,False
development,c_157fe9404e710c8860199332d3f7abfc,saturating_plus_slow,True,False,4,32.142004859710234,18.927738461091607,8.9830964925484196,True
development,c_15d83dde85de92acfc39e8b87015383b,saturating_plus_slow,False,False,1,inf,12.857143730469346,7.7529009940768541,True
development,c_162878396cbef8c20c1f9a3259a0b9fa,saturating_plus_slow,True,False,4,32.142002048343123,14.31865633892204,7.1229313221706381,True
development,c_165c7e12da16cf4c97c72f2f2402cb34,late_knee,True,False,5,32.522098684775543,3.5762079797259645,1.5811535228141202,False
development,c_170900b3997222c850117049cba5eebb,early_activation_plus_power,True,False,4,58.206984233266859,44.843481849954813,19.107932049522166,True
development,c_17a87e93b1ceff8078e1bed393c9562f,saturating_plus_slow,False,False,1,inf,5.441630127916298,3.2741912467285412,True
development,c_18714fd48c65a4a11158384678abe6a3,saturating_plus_slow,True,False,5,34.723665482257339,3.5048282830358204,1.8162922038704701,False
development,c_187de5035bc38b6c6ce763a1abdd6286,single_power,True,False,5,32.141998273513011,6.142359380339272,1.9779619832805539,True
development,c_18857430075e870dbe9d5f6d580cccd1,dual_power,True,False,5,37.173048197752301,1.4383816478454321,0.49740874768534066,False
development,c_190ad5e64bf39ea8dd90aebc4cc46e77,early_activation_plus_power,False,False,0,inf,19.174881008594767,8.0401683634301246,True
development,c_19d6f49fe22bd02a62d2a6615cce2c2b,single_power,True,False,5,37.725780351994523,4.2030826826486987,2.3653547660306549,False
development,c_1a1e90881b23a7d45798dd922a6230e5,late_knee,True,False,5,33.118981836271544,2.5841760076730083,0.51614716977002928,False
development,c_1ae90f5166781cb79633862b07f66202,late_knee,True,False,5,34.655312791305128,2.6832805637102553,0.96792798446780248,False
development,c_1b88445f98ccdb47de45a10c36a84a01,dual_power,True,False,5,32.374040801218456,0.85288795738564716,0.35945439129054563,False
development,c_1ca8249d5ba2e0819af4ee646df2af1a,single_power,True,False,5,34.439764768953005,0.84609784355839679,0.38615764235067374,False
development,c_1d0b6e33331e03b4daa4f004cd15b674,single_power,True,False,5,32.141997021134657,0.42093182071852198,0.21673643145355956,False
development,c_1d8173b39652e9d49cd722c4381a381c,late_knee,True,False,5,32.142004702208368,20.355308979201851,9.1834999816525666,True
development,c_1e3c26a0cddd2265d55df22691043b12,saturating_plus_slow,False,False,1,inf,11.00169378121862,6.5799854003414051,True
development,c_1fb11222e363d047f154059c21a57ec8,saturating_plus_slow,True,False,4,32.141999656663039,6.9664316667586235,3.797528439632297,True
development,c_202690a2276aaae119c8488dbf548c4b,dual_power,True,False,5,33.878427465698955,2.3409232905141408,0.86777892496981712,False
development,c_205d0a0de2e536f5e0b7e888ab43d90c,saturating_plus_slow,True,False,4,32.5831834842608,0.16892261415640064,0.12133097948131809,False
development,c_20947aba6a28f51e424c528781ed923f,early_activation_plus_power,True,False,4,55.272351797461354,35.330929383473304,15.031687934107156,True
development,c_23daa82981ac4a42fa94c76e05275f3f,early_activation_plus_power,False,False,0,inf,64.525808067736151,27.620092643549281,True
development,c_243150648d0e1eaecf134fbf5c9a3102,single_power,True,False,5,32.141995808443582,0.78846747873843981,0.70965847419638384,False
development,c_24345c0701161f8428a7e6f3e86beab7,late_knee,True,False,5,32.875400725558961,22.994760246752122,8.499113322641529,True
development,c_2444fa417f6b925c1935886d4ffae241,single_power,True,False,5,38.436017798239824,3.7113999707679568,2.0249194399452719,False
development,c_2463d318d0e78cf775187f747c159055,late_knee,True,False,5,34.391852950421821,11.142843971430665,3.8054347466871703,True
development,c_24ea5be84726ba7efa61bc485b814ae2,early_activation_plus_power,True,False,5,41.893220431215731,9.2022579917045846,4.472104407937457,True
development,c_262a162112de6a997ad7eb4f2689ccf5,late_knee,True,False,5,49.856161138919468,2.3764886251949235,1.5750032292852547,False
development,c_267e14872bd22fe8ce5069696271a9c8,dual_power,False,False,0,inf,6.0621434374839254,3.356796200599315,True
development,c_26ce9bb189ea3146a753c5d525ce3677,single_power,True,False,5,35.279323250732382,1.7615468975811694,1.00189411314925,False
development,c_271aba7992e4e1aba34a13e38b713839,late_knee,False,False,0,inf,0.38678364912102836,0.22083478459917671,False
development,c_2726de689a91242edc18861d54e9b0b3,single_power,True,False,5,35.136757611864049,1.5386017257505671,0.93353290787431709,False
development,c_27381c842dc09c8d2f4422023cccac1b,single_power,True,False,2,30.19755310603712,12.507517624799036,5.5037576072703871,True
development,c_2855e87dacd1531e6b1bbe7db6239b07,late_knee,True,False,5,35.488370361485686,8.4780001744179572,2.9740520813806524,True
development,c_2895c9419b897cc6507cef8a78fa0fb0,single_power,True,False,5,35.567547201452221,0.63834164208465438,0.31222619810438706,False
development,c_28a6f3fe2fa0428203551d53759b3146,early_activation_plus_power,False,False,0,inf,0.14039306266808182,0.31268631675829572,False
development,c_28ee677fe3b7384b05f968acc83310f5,dual_power,False,False,0,inf,12.418929173127054,4.9294354609289233,True
development,c_292bc3011a192e14a2cafb95f777eb94,single_power,True,False,4,58.460405159666017,37.714686603907538,15.485493599845293,True
development,c_29975d7582e91bba8f7d9a625e08e66b,early_activation_plus_power,True,False,5,34.951516280276614,1.4693340832046289,0.82135434479158709,False
development,c_29df59e4d6470d90c57d1e4151713aa4,late_knee,True,False,5,35.222164152938113,0.30059349515180145,0.9679730081843323,False
development,c_2af7609fb90260f9ad80ba96fb3dbd87,saturating_plus_slow,False,False,1,inf,4.7218173809378357,3.2652051193846825,False
development,c_2b76f5b49e93f39fe118e18d3ccb1b31,early_activation_plus_power,True,False,5,36.903559146829117,8.9239387265888297,3.4006730695215031,True
development,c_2bf299492b96ec8ff83c05dee06dbfe3,saturating_plus_slow,True,False,5,39.105043133168429,5.1737518590515919,2.9324708990024559,True
development,c_2bf65e95fc6aab2f1b1ded187801092f,saturating_plus_slow,False,False,1,inf,7.1215573806270811,4.6416622289845959,True
development,c_2c4436e479fbcf2504c1ed402f85b5d3,dual_power,True,False,5,35.381658832063927,2.2229422805009733,0.84928366418887635,False
development,c_2c5d66688d956a2ab3c026dac442d95b,single_power,True,False,5,35.916376163027671,0.5349693213782416,0.21437348348650528,False
development,c_2cf62e07c42b4188df3b48309d00d0c2,dual_power,True,False,5,33.11932979361066,5.9367272800339919,2.7476758941705151,True
development,c_2da2bb507f20668a733ea1dd0dd021a4,saturating_plus_slow,True,False,5,42.490051597956246,10.045252570561345,6.4556202812588257,True
development,c_2daafc74ee70007daffe0983c1aa23f7,dual_power,True,False,5,49.534280360631008,14.917516481082544,6.2101695935722008,True
development,c_2eb6308bfe7dc4a896d5055ba49ff1be,dual_power,True,False,5,33.840659436575464,16.292044323919399,7.6395292931504342,True
development,c_2f24a44e1805e0000c700825a3016532,late_knee,True,False,5,40.065547975754818,1.5062638764853347,0.84026249947438714,False
development,c_2f4451e11a57f64e08e61150e06cd28a,saturating_plus_slow,True,False,5,32.141997372548481,3.4496805256629841,2.0129626467429307,False
development,c_2f9d85d555f5261668639344aa2b29f0,single_power,True,False,4,32.142002058071363,8.4472708813654123,3.9047133726622287,True
development,c_2fa651868e37162171856982d17a1e6b,single_power,True,False,5,34.608243193180563,0.10207281259290824,0.12226223371629176,False
development,c_2fc15ad5d67e79c51a487732c5034982,dual_power,True,False,5,33.139351374950735,1.088226325606783,0.69224112496597379,False
development,c_3009441526f185081f7b5de99efef121,saturating_plus_slow,True,False,4,34.370497710333147,1.3595478991180272,1.2928564615365243,False
development,c_30b30b5393d387994c5e422e33314767,late_knee,True,False,5,32.141998193651133,17.369634305516584,5.0370374832767988,True
development,c_3174e5468f8224e1fc6e791c49565306,early_activation_plus_power,True,False,4,57.995956451109983,52.339213432780056,22.762563802571432,True
development,c_319b49b8fc7ebc1da03fed6a1672a6c2,early_activation_plus_power,False,False,0,inf,30.406156236471588,14.63782807446222,True
development,c_31fb7f396c291aee47b4b8837831c739,dual_power,True,False,4,50.425683953068734,15.559677243635022,7.0656313867135099,True
development,c_32a6fba66417ddd487d09a358b333ccd,saturating_plus_slow,True,False,3,3.3180519972871423,2.4725545790743695,1.7155410691993449,False
development,c_34514b62110f445c976692dccb8f8de3,saturating_plus_slow,True,False,5,36.993159237971447,6.5439967236937662,3.5676414495393831,True
development,c_3547175c041fe7e53a65f2887a8bbeb9,early_activation_plus_power,False,False,0,inf,18.440197735958535,8.4598126258457658,True
development,c_35b201f0c596edee18a5f39adf59b3aa,early_activation_plus_power,False,False,0,inf,26.188438842738279,11.190622175357555,True
development,c_362ba182ae7f2a3a95ef8eb10f5c9b0d,dual_power,True,False,5,44.848461592297419,9.6428732446398016,4.0348751999343913,True
development,c_36ce888cb5439f902a24bd5a0ff9389b,dual_power,True,False,5,36.159102132134585,1.5219561577968221,0.70620664483093909,False
development,c_37dc042521bea87d4e10ede4c63ec0f9,single_power,True,False,5,34.68787604137426,2.4566205041232223,1.3309758066591608,False
development,c_37f20edb60a9419002af568209ba71f6,early_activation_plus_power,True,False,4,52.951916646285454,33.336156768330525,14.16917253456691,True
development,c_38983e23093d21925485315e4da30139,late_knee,True,False,5,32.141998337541622,7.9404698487858667,3.2797802933529008,True
development,c_38e639e234f435d9bc6f26bfce440200,late_knee,True,False,5,34.294240420933129,10.008614009792623,4.0938649826777072,True
development,c_3a269882a1af8ef12eee3d17cffdecb1,dual_power,False,False,0,inf,11.499762986339462,4.3485061879503109,True
development,c_3a41f1dca8490fa07028370c98fd2826,saturating_plus_slow,True,False,5,33.144090285071599,0.91083977623991075,0.62876525735363453,False
development,c_3d1d52b1ab600d702b83998f1ccf7d5c,early_activation_plus_power,False,False,1,inf,14.677831218920133,7.543277394216628,True
development,c_3f175065454cf5674fb0616256ebc324,late_knee,True,False,5,32.141998708436802,11.583434779671549,5.92007568836625,True
development,c_3f78d406960680ab2b17b297377d5ccb,late_knee,True,False,5,32.664522172636836,1.8708953896689735,0.76270803634650763,False
development,c_3fedafab5659016f64e2f6e1b5b17e1f,early_activation_plus_power,False,False,0,inf,13.197055835253877,6.0476845695304382,True
development,c_402e2c815cf5832654ea068eb1616a7f,late_knee,True,False,5,50.600841935895495,9.0976029225319053,5.1855030567464624,True
development,c_41b15ec38615b925239c8b4412e58b5b,single_power,True,False,4,32.141991215428028,10.621483802402025,4.68727641648029,True
development,c_423cca3263284ad2ae14f37485feb234,early_activation_plus_power,False,False,0,inf,38.721520274236262,16.968148809319864,True
development,c_434c4d3b50cfb1b95f90d44d221fa154,saturating_plus_slow,True,False,4,52.986779045375592,19.921378751816221,10.800502260957455,True
development,c_43bc83244d2d4849a1057caa91338a9b,single_power,True,False,5,38.388817664304973,3.3606723973006609,1.9600931136696502,False
development,c_442699058d8aeff4872c1e052297cdd7,saturating_plus_slow,True,False,5,34.404597190394561,5.6366397566930146,3.3701026603750126,True
development,c_450c9c26ca4623e90b94a43871eebe17,single_power,True,False,4,32.150638414546307,1.1431371838253881,0.7518138035770493,False
development,c_45479416fdedfab3c2e01877b5bfc0b0,saturating_plus_slow,True,False,3,32.142002614878841,5.2025128699515335,2.9051445454164924,True
development,c_45fd056f787528bf638935b83627af55,dual_power,True,False,5,32.141997993509207,0.54612482155130238,0.40418204973825694,False
development,c_4669faaf41302c4b32cf700f7c34a768,early_activation_plus_power,True,False,5,33.53418445802965,1.0287031370152988,0.57857890443213089,False
development,c_4680da39edbe01936f9bec5bdb0b2616,dual_power,True,False,5,33.28826147270599,0.96052635220389959,0.40956299301496557,False
development,c_468d32deeb78caa2f57cdbe388322cd1,early_activation_plus_power,True,False,5,58.429917931507887,24.681328625741116,10.848423163303812,True
development,c_46a72666e93f788a27a00052c79ef132,late_knee,True,False,5,33.319288527444925,12.797957766316244,3.3552668054843573,True
development,c_46be8d96290e9076878daaf85dd8748c,dual_power,True,False,5,33.660595975635204,18.826752806684155,8.4171125382692829,True
development,c_474a443b7e47c781e63dbc49497535f4,late_knee,True,False,5,33.435629180524998,7.7205971224772298,2.9619796878308904,True
development,c_47c33fb9ad60d058b3e70c4aebf59ff0,late_knee,True,False,5,32.141995356692718,4.9673915668524984,2.1941295897999065,False
development,c_483a3870119feb8c987c00821cc689cf,late_knee,True,False,5,42.481432519168571,3.0431245929673736,1.3528471011956738,False
development,c_484100db7c39bbe78ffa1e0b8cce5090,early_activation_plus_power,True,False,4,54.592222163044646,29.219451951443887,13.177864776996104,True
development,c_48debac2cff7007db674b65922a7e014,late_knee,True,False,5,33.917279154543778,28.946779044643705,13.202678193883482,True
development,c_48e1b64b3d2c6517c86cf629e434078c,late_knee,True,False,5,37.255960835607958,3.2769979034718517,2.280687009561559,False
development,c_48fae5784e8fd6d925bfc87edd3a11c6,late_knee,True,False,5,35.060819193816904,5.1003938764333725,1.5767117241545361,True
development,c_4a541d506b2b63cac6d9a0f559fc279f,dual_power,True,False,5,42.20057844068139,5.4170780665590854,3.1734436125807344,True
development,c_4a874ae18e2d5287b463db1580dcda04,dual_power,True,False,5,35.319221941549422,0.2139618142540769,0.079878935546917315,False
development,c_4bbd768c33d03fe40cebde9286cf278c,dual_power,True,False,4,32.141999006792446,4.5968741916041864,1.3648633275803776,False
development,c_4c35d9c745094b9632d3967b0f59fa56,single_power,True,False,6,35.911170398516013,0.52103362198907632,0.20442752428157104,False
development,c_4d1cfd051db0c7fc35a3b122181ced54,single_power,True,False,6,32.141999965608235,2.2400929972486807,1.5184219069865239,False
development,c_4d324d8adc21493192e71ae912cf1d7b,late_knee,True,False,5,37.506810830992855,13.993262220816504,6.7441747252088131,True
development,c_4d4836ca3589dc599fa1b841f9963abc,dual_power,True,False,4,32.14200322304049,2.4328209532315839,0.97182462252861324,False
development,c_4e27ed473af8c0207b8beb3e740e66c5,saturating_plus_slow,True,False,2,5.8255601703224897,1.8473489666287861,1.2518325235858254,False
development,c_4e4fde6881cc413293bc4eb774471262,saturating_plus_slow,False,False,1,inf,3.7451922604617351,2.579340573401141,False
development,c_4e8be12032b2344ebe4fe0a70df8318c,late_knee,True,False,5,32.141998878158503,3.2997488934330619,1.1650714819746815,False
development,c_4ec027e83566f06775313a857a56cca9,single_power,True,False,4,33.127739686462405,1.1310693626053165,0.66613581463751037,False
development,c_4f273c8c8a815cc3a72aeb44e4df9286,dual_power,True,False,5,34.549464209303764,1.6695003681226552,0.79913555687764537,False
development,c_4f4d43809b62f08eafcac98f4aa30a95,late_knee,True,False,5,40.934282798909315,0.56324695429083249,1.3349137047391899,False
development,c_50d5ee2324c30d684ccd9e81c833f401,early_activation_plus_power,False,False,0,inf,13.423328062558767,5.4110152191631702,True
development,c_514dc5736e5a6f9a871f67c15dd62d3e,saturating_plus_slow,True,False,5,36.97554611221728,4.5290186389420199,2.3141308312867483,False
development,c_516128eeb2967154af79bcb8b69b8d0b,single_power,True,False,5,32.883252508852664,0.14827852245282713,0.13675556746080725,False
development,c_51b2642866797336ca40604336090c95,late_knee,True,False,5,36.876638266132652,5.4715955827562652,2.1751696926939843,True
development,c_5244a4c0a1db013a7df59b93c1d3fc9a,saturating_plus_slow,True,False,5,38.52593453140711,5.7767005228887598,3.295506337471005,True
development,c_536199091ae4e0cf4003b809a8cbeed4,dual_power,True,False,4,35.426205058048843,10.445548561382509,4.1343236969551507,True
development,c_53b11cd249822cae35c88a4269207b1c,late_knee,True,False,5,34.039385923944515,12.357061974451071,2.9716952353673487,True
development,c_53b775d136ddbd81cacfa8050e21488a,single_power,True,False,5,37.219689895541613,0.39285599298032992,0.20443271935246701,False
development,c_53d3b3fed19a2697a56e76a3c1f50e35,saturating_plus_slow,True,False,4,35.747790738731901,2.8911173760795066,2.1042563609307257,False
development,c_53e018818c95797cdd20f45323917226,dual_power,True,False,5,33.706945812623999,5.1476816577467872,2.4624345935094918,True
development,c_5461f07d8953f087c8bf3f19eaddcaea,late_knee,True,False,5,32.141998751947483,6.5154241203730834,2.323623458989458,True
development,c_547b572ac36c222a78e8e7f382d7ed61,saturating_plus_slow,False,False,1,inf,2.9414428951020852,1.8910093392053284,False
development,c_54a1a24a2c760d8969130bc443747dfa,early_activation_plus_power,False,False,0,inf,40.315926113242611,16.930138178076572,True
development,c_54c8609ce1720e22a7353e87e9614862,early_activation_plus_power,True,False,4,57.639382127165838,15.587659071689146,7.3142022338414545,True
development,c_5514f381425ffea1cc456080bc9df9e1,early_activation_plus_power,False,False,0,inf,55.6428211976759,24.333309735052076,True
development,c_55272f5d956fa815edf6a3688fcf944c,dual_power,True,False,5,32.98352206754582,1.6154961944845923,0.75680178819548194,False
development,c_56923bb35a33fa1a39eb5eb517cd519c,late_knee,True,False,5,41.31063882370821,3.6269587607520606,1.4647256878087092,False
development,c_5723ca854ff65e6408d8ae329147f7b5,late_knee,False,False,0,inf,12.193259638020933,4.4863782295334662,True
development,c_57b43a209f9791425606e2b12bf5a561,single_power,True,False,5,44.946479301870831,11.050593097249688,4.6240451344789921,True
development,c_588a9c1a7e5655d8e73c221e0717576f,dual_power,True,False,5,34.372626734942315,0.71436087734237219,0.46943740468514988,False
development,c_58ac798187e3bc5a445a1af1c95a5d46,single_power,True,False,4,32.142003046085826,10.012795340218005,4.1783366653560741,True
development,c_591ceab1d84472005f270cfe4b01ba57,dual_power,True,False,5,36.067189178768778,2.9776858489674822,1.2363149212254048,False
development,c_593b657d395d87067f5b5f2759a60760,early_activation_plus_power,False,False,0,inf,14.02978323398608,7.0258890951154562,True
development,c_59a186f39478faa1c6bf5e555280fc54,dual_power,True,False,5,46.476207151624102,6.567625699151364,3.3655052998077708,True
development,c_59b1ec766faa9a7bba75fd95ab08b583,dual_power,True,False,5,33.660548375865687,0.11398359051027285,0.046888840946256748,False
development,c_5a3bae1ea5871b9153cf4d1479e7e3a8,saturating_plus_slow,True,False,4,42.980441963757919,7.5049719875295011,4.3432480334791617,True
development,c_5a42235ead915c6ffbfd745b7d29a47d,saturating_plus_slow,True,False,4,34.875416683049487,2.7277499224347537,1.8592278918256837,False
development,c_5bb339f59f8d816275f33ff7b63b696f,dual_power,True,False,5,32.141999295138859,4.7598911890369067,2.0715326963528722,False
development,c_5d6a8769c86af461fd0fa2a36a501c59,early_activation_plus_power,False,False,0,inf,33.651659864907685,14.060597330082199,True
development,c_5ddf5fd9fab4b5a182cc1fd587187a57,early_activation_plus_power,False,False,0,inf,23.716517192979737,9.8690179105460594,True
development,c_5e5b6d63802dd8417f6a35015f3951f6,saturating_plus_slow,False,False,1,inf,14.907122062118631,9.0202119986604004,True
development,c_601a7f8174b63857f8677a894b87323f,early_activation_plus_power,True,False,4,37.914630351828869,9.9643899107981184,5.2505611467322648,True
development,c_601a88d1357f78bf50d7174c6390ebce,single_power,True,False,4,57.113124663443628,30.143991406078939,13.485685303387095,True
development,c_6044037a1b1c12c24bc93903c7e0a81e,single_power,True,False,5,47.125748077386795,13.464952267954558,5.8925046960637513,True
development,c_60daaf6a39fe914e2c8f36d7872cabe3,early_activation_plus_power,True,False,4,56.952448730573927,32.087521924563447,14.72771908118831,True
development,c_617f440bd47fa26c30e440668e09ab7a,early_activation_plus_power,False,False,0,inf,42.971293568392092,19.945970168477743,True
development,c_62dbcbad0c292228f91187e16277ff06,dual_power,True,False,5,34.400371668165796,4.7314684314379036,1.8874163927867289,False
development,c_62dca9f572e66a377dfd3272395780d8,late_knee,True,False,5,40.969194491978179,4.6959373001075448,2.9325538823821815,False
development,c_63c66392109c0520e42016b92a97f3a1,late_knee,True,False,5,48.715597142928537,6.255143525014617,2.4886898730089051,True
development,c_645b07a60dd4c40b5b9ed099e529baaa,late_knee,True,False,5,32.141998493231299,0.85458479499776274,0.27757527684690331,False
development,c_6496d85273043a5b06e933ed0740a28d,single_power,True,False,6,32.614900839646396,1.6727632513410526,1.1053507915515055,False
development,c_65c7e188de7366bc015773d975a86a74,late_knee,True,False,5,34.940665013384411,8.6987594596383531,3.8824553135307878,True
development,c_6654056dab3795e976e4c8c0cbffd193,single_power,True,False,5,34.50128034170725,1.7818349484731471,1.0418567327331156,False
development,c_67e87db8ac39fc36b2ec1972a1732637,saturating_plus_slow,True,False,4,33.441829053068808,2.3155652194552374,1.6068826494891277,False
development,c_685e762648249da9417f8a7c3bef7e93,single_power,True,False,5,42.889824743798989,7.7271825036145856,2.8608095988869064,True
development,c_689038cd8a4ceb79abc28e97179e238a,late_knee,True,False,5,32.199451010114501,7.487401095135084,2.6150017869836031,True
development,c_6893ffc10887a92449bcfc459c4c3abe,early_activation_plus_power,False,False,0,inf,3.5408192288384157,2.1881838860609562,False
development,c_68fe2cb9c9e27c2c464ec76b4f634dd8,dual_power,True,False,5,34.320624836689561,0.081631770978376039,0.16512100210062544,False
development,c_6b509cb275f2a137780aa327e3441229,late_knee,True,False,5,34.116024377624434,3.9623081388243122,1.6712356653263216,False
development,c_6bba137093c2c75fa00a6b526dafecd6,single_power,True,False,5,33.875960174408043,4.9507111100810448,1.7701504679047266,False
development,c_6c67aa00fd9abcf759cf72785db1fd5d,saturating_plus_slow,False,False,1,inf,2.7413255628852653,2.0240722447849668,False
development,c_6c951cb2cf9f66a64fcee25ae4a2e3a0,single_power,True,False,5,32.141999999999996,0.76389400681287611,0.58614911595295283,False
development,c_6e4b8465f9b7cd23fcb6df650fb04b9a,late_knee,True,False,5,32.141998381385278,3.8641002205510091,1.3067291378670116,False
development,c_6e8ee99c78fca4feaf827fbf569cfe4b,dual_power,True,False,5,35.167378459669003,3.1563274276715845,1.3966406297615028,False
development,c_6f468c894a3b1c9b46fee2f4a9757b6a,single_power,True,False,4,32.1419882424698,7.8720268098357735,3.2702406951202176,True
development,c_6f810093609ba7f7127ed882d59228f4,saturating_plus_slow,True,False,5,34.446868899740288,3.1327136952383938,1.750885470494953,False
development,c_6fd0a103b39272f90e4732a34361adcf,single_power,True,False,5,33.618943636131775,0.72735963591688346,0.49165514143678379,False
development,c_700e425c92c514827f0189d810b904d5,single_power,True,False,4,32.141988912620953,0.91967495439695313,0.41581993982901722,False
development,c_701906d372cfbccbbe084879f1809958,dual_power,True,False,5,33.93031408608725,0.75363279566148833,0.27084699080340258,False
development,c_705750d37dc5e3581f92442093add0ce,dual_power,True,False,5,32.141998716379959,0.99301349638916747,0.38158985938740486,False
development,c_70588a3c85e16ab36873bdf6ab95c0c8,late_knee,True,False,5,33.676312122286163,12.688684609527101,3.1816674593351468,True
development,c_70c99aa6b8751fcc8bd39117b7cf3d17,late_knee,True,False,4,47.852339686564925,9.1832311832455389,5.0972589717092909,True
development,c_70d268e4f0387e16631a1f374bbaa285,early_activation_plus_power,False,False,1,inf,8.7532473049970605,4.7776779677678149,True
development,c_71179d2944f6ba11ad1d4d348c6c71b7,early_activation_plus_power,True,False,5,33.377644057276477,0.48970914384953801,0.20563911438152324,False
development,c_714a022321a0f5e66bc1716dc9f63248,early_activation_plus_power,True,False,4,33.777153562585688,11.747671534303066,5.6048746322122094,True
development,c_714fd0dfcafe8a7eb25b56390cf1a714,late_knee,True,False,4,32.141999629537779,2.9254392183688935,1.2695871006051844,False
development,c_71e5b78e3d153ae7e97abbcab75021b5,late_knee,True,False,5,32.770713035822922,8.5281990302745072,4.0705791283014658,True
development,c_71e822b93a5a18ac053e15ba5547cda5,dual_power,True,False,5,32.453330662893293,5.4984735654063996,2.6946527673245773,True
development,c_721bbb0d3a318204c3bd0870f22b8526,saturating_plus_slow,True,False,5,34.629745046087038,2.0443915566863211,1.3172257198701269,False
development,c_72253cab3a4444415554bf35b81853bc,dual_power,True,False,5,41.139542808177147,0.36824709054090476,0.19344691307445028,False
development,c_725ba0f1c21e949bb29074ee5f919287,late_knee,False,False,0,inf,6.8378127141371294,2.4187380792097772,True
development,c_729f6a30ec268be00e07087a0532b840,saturating_plus_slow,True,False,4,54.04027679983286,21.992383150329402,10.787109961171465,True
development,c_72b76730226286ee4b590a3bd5fefb75,single_power,True,False,6,32.157445847151536,0.034328030769472662,0.07558167100120014,False
development,c_72fdcf448bd42f184b1dcc6a68506bad,late_knee,True,False,5,32.141999067337125,9.512884107256852,4.3335054122696697,True
development,c_7336de4a8b0da9d914a2fe2e8833ef3f,single_power,True,False,5,42.944632036578533,7.5210176434859477,2.8474491366341117,True
development,c_7366d666f44016386a10ebe3716f16bf,late_knee,True,False,4,32.406136235781048,2.6962136157819714,0.89189455508026383,False
development,c_738328285e32556517a26dc3d054024b,saturating_plus_slow,True,False,5,35.275203947559909,2.7956713430680793,1.7818465725215404,False
development,c_73acd99057d27a930ac1af71bc3a701f,early_activation_plus_power,False,False,0,inf,40.357135607193634,17.610386367502279,True
development,c_73bd7c3bd9feb48d6f62fd62badb265a,late_knee,True,False,5,37.689154262750044,11.501668241430295,4.0272296496253848,True
development,c_7432292f0a21741d05fa85cc86fc0c0e,dual_power,True,False,5,39.319214972461801,0.078982848883129009,0.28965323077494626,False
development,c_75088dd4426fd013dfbedbd4c9dfcbba,dual_power,True,False,5,33.819029348305307,5.4892217404652257,2.9272376448540331,True
development,c_758215795859fa83321e90996d791fae,dual_power,True,False,5,53.345503351163906,10.352822691462947,3.9147303436313883,True
development,c_76c3f6d1db9d29264ee331d85eca5d28,dual_power,True,False,4,32.200245972207696,1.7188319704088997,0.7179427383949446,False
development,c_76dc9e80a4dfeecfd94f1aecf8cc05c3,dual_power,True,False,5,32.141998426565294,1.1179759013426604,0.59999212640582655,False
development,c_778494ca5038d6c106b4c09e8f80a2c1,early_activation_plus_power,True,False,5,37.664145054670378,4.2248816663400959,2.630233990050578,False
development,c_77a12f5acfd6e32d311a2ce10fc30fbc,saturating_plus_slow,True,False,4,48.196944553522151,16.214692499458693,8.9936347432451704,True
development,c_781e9a30811df5ee9bfa2bf1ab2fb3c9,late_knee,True,False,5,32.141997370491609,1.2654160180490237,0.40464013183407127,False
development,c_783104ce9d532d67598e114b2fc04157,single_power,True,False,5,33.573640066951491,5.6804956151830197,1.5159063214679409,True
development,c_7884478641c61837806acc652f389a53,saturating_plus_slow,True,False,4,42.56847374659111,12.983716732701609,6.38912198152115,True
development,c_79a4f4ee265336f9eb4da458106bb9c6,single_power,True,False,4,32.141999134910066,4.765170784712069,1.5518507038917291,False
development,c_79e7065b0a6b3c5a965f0e735483e239,saturating_plus_slow,False,False,1,inf,15.423287562092369,9.6264237120818983,True
development,c_7a761710953e5cba0acf7d53df07a384,single_power,True,False,5,39.000030791970111,6.2568588008368948,3.4510823806551412,True
development,c_7b0e909ab5a348cc7afa847edc4a438b,dual_power,True,False,5,32.771734886183829,2.4413690549592388,1.2495288711563819,False
development,c_7b1707730b21eaa45372dc503b72b471,late_knee,True,False,5,32.155287226195426,4.9889197295165673,1.8654304511484223,False
development,c_7b2ebaea85718b6cb658d54d49c555d1,saturating_plus_slow,True,False,5,36.178943511996486,2.1741221262015529,1.5155006459208549,False
development,c_7b7cf83d93d6a8bfda28423585c1ac25,single_power,True,False,5,33.178421233540192,1.0575999148223474,0.65179620962768781,False
development,c_7b857893e969f4a9e8f7a196a518923a,early_activation_plus_power,False,False,1,inf,14.420893150216273,6.8887456186139753,True
development,c_7b9bf2ee75a26925e925077b9542360e,saturating_plus_slow,True,False,4,35.668956430047309,11.133890886469004,5.9872656315825354,True
development,c_7bd9fcf1c591f27abc6cddf3d2eb4913,saturating_plus_slow,False,False,1,inf,10.467646596287253,6.8677552767794152,True
development,c_7bfd270f72c39932264aa3f8876a0243,single_power,True,False,5,38.967474134836685,4.3558676103702396,2.3632149941850225,False
development,c_7c89b4248644c8392aa4f90f76272343,saturating_plus_slow,False,False,1,inf,3.6573955489483438,2.7729152919414037,False
development,c_7d7a5f9e74582b424972b0c6b837aa5a,single_power,True,False,5,33.943515049061361,1.4609473729749283,1.2989485849285181,False
development,c_7dbedf7a063dea42d938064a4356f6c8,early_activation_plus_power,False,False,0,inf,14.759332398262231,6.1167663195425712,True
development,c_7e182ca4d8d8355667e826799ac9ee76,dual_power,True,False,5,33.674724454410807,1.8056073847626806,0.86446785337311149,False
development,c_7ed16531de7f5517d73d0115c8d67ea7,late_knee,True,False,5,47.648359019323784,6.8674469202093462,3.0375213063027875,True
development,c_7f073e236e4a75c161ea1e0489ddc53d,dual_power,True,False,5,32.314557244057923,2.4915267871036662,1.3625276354708058,False
development,c_7f101befd691a6e24a682f1cfd70a623,single_power,True,False,5,43.50475371639353,0.069202794148012003,0.29221435069056767,False
development,c_80a3bdd449921956949d22ad05e0261c,dual_power,True,False,5,51.630879540706594,12.85732602245595,5.4603938594320143,True
development,c_810d24c3813d46cd63dc02e81d8c85da,dual_power,True,False,5,33.515572755923785,3.894567153492531,1.7084548372779216,False
development,c_8148671926fcad4c0a7308a45f1a01dd,early_activation_plus_power,False,False,0,inf,5.821430926246606,3.512571665066027,True
development,c_819cc2f42249b4521fb25a01f0c41174,single_power,True,False,5,36.578046575279053,1.9676360275532829,0.99926906352853195,False
development,c_82285faf509ffef6c37569ae542d37c6,saturating_plus_slow,True,False,5,32.725299663777868,0.24980268355857049,0.10097887304076668,False
development,c_82468ed896a94f13777f34fbb83f59ee,saturating_plus_slow,True,False,5,33.140902005295359,1.8637524465729882,1.2192136873301602,False
development,c_852d2217ad333a98917608dbbc404d61,early_activation_plus_power,False,False,0,inf,8.75053347989288,3.5265085789115891,True
development,c_85b893f01b64b786ca1f0d4e630632ef,late_knee,True,False,5,32.141995776818035,12.420651655170261,4.397594514705168,True
development,c_864d4a9df49405bea55f89daba96dd2b,dual_power,True,False,5,35.006397070471188,0.77972906771371697,0.3496581547580872,False
development,c_8680c378a5d3bcc6fddc19ddd9a49251,late_knee,False,False,1,inf,3.8744746243795163,1.5598982391776748,False
development,c_86bcf11fb74b337facce1b54678a81a3,early_activation_plus_power,False,False,0,inf,26.586556419944912,11.4445357055187,True
development,c_87a49b2a49e2222dfd6537149345850a,dual_power,True,False,5,33.658875802813256,1.5608304211443311,0.60055495403977399,False
development,c_87cad937e71619b31ca5fde2fed9eddc,dual_power,False,False,0,inf,29.532779414739117,12.702250304085803,True
development,c_881a4ae48cdcdd5c8333d0f7ac45584d,saturating_plus_slow,False,False,1,inf,2.4071002183406023,1.5160432782645725,False
development,c_888e4cd6906fb40f74e1948ea9790dbf,late_knee,True,False,5,45.123337970235745,2.0929388026892042,1.4733470479699713,False
development,c_890e5b9f6713b0bbc99f64958a3de01e,early_activation_plus_power,True,False,4,58.815609123908601,30.010044247567876,13.380976448534337,True
development,c_897260a639ffa937be6a627847cf3ad5,dual_power,True,False,5,32.328692992194377,1.2234472551869828,0.43024525080531684,False
development,c_8ab5a20b02b470e2588b8b0428439821,late_knee,True,False,5,32.300013647586965,10.146394184828935,3.0667074233953104,True
development,c_8ad06197d1703d01785a50feb8b2de16,single_power,True,False,4,32.141999267693208,6.1195429442222604,2.2568096857242379,True
development,c_8b58be70e11b26af5584f2ba365ad9d1,early_activation_plus_power,False,False,0,inf,53.241416639105367,22.631865246888594,True
development,c_8ba2960e81b188511eb2d3f34c6c8804,single_power,True,False,5,52.021695374756384,18.677991265282358,8.1146875364262971,True
development,c_8bc8899d2d250ac6488deabb1cb96efa,late_knee,True,False,5,37.71529972424063,18.004464760644623,8.7135644761519409,True
development,c_8c0c928a4a2bdd3ab97c710a250a96ba,dual_power,True,False,5,32.878991394418861,0.34681851465686009,0.16033130666056974,False
development,c_8c55bb04a632de45ca561e961f5d64fe,late_knee,True,False,5,38.70323476966481,0.65615608665679304,0.73347339990903571,False
development,c_8c7eb7e57b33c02e045951297ef6dbc0,early_activation_plus_power,False,False,0,inf,53.393809562260131,22.599559306802195,True
development,c_8cc6a96be399a119c5d2ff452a2c8770,saturating_plus_slow,True,False,4,33.095718471219612,0.75901255838029158,0.39959632032027154,False
development,c_8ce7ebca144fc4984cc9e278b1603abe,early_activation_plus_power,True,False,5,32.892599167424144,1.6570265681426406,0.92433070544035856,False
development,c_8e0df33aeb19370532690b250d7f30bf,saturating_plus_slow,False,False,1,inf,4.9396586257761896,3.3664209759080483,False
development,c_8f0b89c00da92496bac233228c4d5652,dual_power,True,False,5,37.342547701534833,3.6597284848559326,1.5966873955344112,False
development,c_900d928c8d302944adc3ff2894800491,saturating_plus_slow,True,False,4,57.08512360469571,26.591226904838862,13.066248037670766,True
development,c_904df529856aef98ed4d7f9aab0165a4,early_activation_plus_power,True,False,4,50.641742240629945,15.588108399901458,7.3276726645293282,True
development,c_91017e43a0e145919cec36ebd3d11be7,single_power,True,False,5,35.781099260717951,1.5423930745327112,1.2435791866352004,False
development,c_913d3d4f5812dd0b727cfb69bc95b2f1,single_power,True,False,6,32.584124183590944,0.82050913546575543,0.57529131923742483,False
development,c_916366f845325673007b2665a063952b,early_activation_plus_power,False,False,0,inf,0.6839817361226892,0.89472540150672331,False
development,c_9263c6e80131663e1b507fc36c17c919,early_activation_plus_power,False,False,1,inf,0.66374418911397015,0.28525761648430276,False
development,c_92804caf0920ae26b5642bde4d8e9d63,late_knee,True,False,5,34.20626815205668,6.6174833518144567,1.8951522875490043,True
development,c_9383a9586ad8177e3b1050ca75b27289,saturating_plus_slow,False,False,1,inf,3.2746060219414517,2.2255996950635217,False
development,c_946e99bd9bb984138258d4674db00edf,early_activation_plus_power,True,False,5,45.586227610392449,12.340754691989659,6.3891398764678238,True
development,c_949323d6da180f2c3b904b584845c0eb,single_power,True,False,5,38.669323050712343,5.5555282354775102,2.8694622353318522,True
development,c_977dce1ad95e3758faaf77c04be6dbf0,saturating_plus_slow,False,False,1,inf,3.3188288988417582,2.0991302304591914,False
development,c_97fbbe6dc0dd82449219b9ce780725b2,late_knee,True,False,5,35.741700006542651,17.687951788827846,7.3396601034229789,True
development,c_981ac655fbb4cfb3f1f5cf681a2ed060,saturating_plus_slow,True,False,4,34.419124553861401,2.0589135597191301,1.3942419179311047,False
development,c_982c25d250dde8487ecac384d174adb3,saturating_plus_slow,False,False,1,inf,4.0799567817609699,2.8861523855352682,False
development,c_9830e5edfdd20e67821108fb3ce70625,dual_power,True,False,5,33.830750791735085,10.348520410153625,4.5649584647049863,True
development,c_99120c38b51fd44edf7e5d8e91dc4a42,saturating_plus_slow,True,False,5,35.685283535418428,1.8239980794377288,1.1341880884697981,False
development,c_99d30ebc728f0eb6680ae4e075617c45,saturating_plus_slow,False,False,1,inf,7.4981259102839175,4.7132529935181919,True
development,c_9a95c9f0d9cb41f9586f56e452df92a8,saturating_plus_slow,True,False,5,34.778109719651518,10.903717985671094,4.2107555103707091,True
development,c_9aba8579d53f27b9c07dcc0a72d5a402,dual_power,True,False,5,32.141997840351905,4.075784681710644,2.0166771159755279,False
development,c_9b1e6ecc361a332f6122758bacd9f385,single_power,True,False,5,38.574659301835574,2.4189941952265173,1.1238127945860021,False
development,c_9b5f156dead9d976a297435641cce445,single_power,True,False,5,32.141998725476356,1.7320253968283339,0.83573908634386096,False
development,c_9b63ee9dca6d6584c0443cba4e76fa93,dual_power,True,False,5,32.141999845893849,0.018321324610340639,0.33943827614575089,False
development,c_9bc80b9ae857852533db80c88ca4298f,single_power,True,False,4,32.142009968591744,10.008488255992333,4.5431415700372533,True
development,c_9befee3c48fc6447505f8d01b1038ac0,dual_power,True,False,4,36.101567199166496,0.73298756527654518,0.89637500162651118,False
development,c_9ce86f99a3edf82b2cdedf2dbb960ef2,early_activation_plus_power,True,False,5,40.014606259782234,4.4700975164910517,2.0713506478520491,False
development,c_9d885a50cdc131e08d051294d62abb1a,late_knee,True,False,5,33.516975552657129,3.5413766466681835,0.93844200364681052,False
development,c_9dd472e0cef0dafdac6c218c8a0d2c78,saturating_plus_slow,True,False,4,34.676281017128652,5.2614046985324308,3.2278352090540787,True
development,c_9e8b25a4074723f897094fb1ee711229,late_knee,True,False,4,32.405496350110965,3.5485956489485488,1.3031602239390492,False
development,c_9e9733a6df0c8679a27d58decc06b76a,single_power,True,False,5,38.618423577976678,2.741088984532027,1.3397262844720732,False
development,c_9ec100f5cc66784941fc9dec05f48b0f,saturating_plus_slow,True,False,2,4.7226551609036704,1.0106520343045418,0.61049849366574793,False
development,c_9f49717fb11dc2dc997c2df4d8a71439,single_power,True,False,5,32.141998266626963,1.6154410266829586,0.77474997204387197,False
development,c_a091c465b07dc99ba8f3c764c5739963,early_activation_plus_power,False,False,0,inf,4.236933087044477,1.5703983606118914,False
development,c_a0a18525906e680dffc6a75c69f0d316,single_power,True,False,5,32.141996119239423,0.4082555706509936,0.24033881388320924,False
development,c_a19f87d91c369e4962677ebc48ef5c65,single_power,True,False,5,32.541662590776511,0.3808307439085894,0.28086623546116163,False
development,c_a1c3aae38a666aeafffdd2829dfa15ea,early_activation_plus_power,False,False,0,inf,68.577071042925141,29.504109547674229,True
development,c_a23995653cfbf721a34675651268744f,early_activation_plus_power,False,False,0,inf,34.231059847526559,14.745310595090244,True
development,c_a2cde022150f00c707f18d39e9a05232,early_activation_plus_power,False,False,0,inf,23.5854220314976,9.8451034761218299,True
development,c_a4058f7e626861eb2a139d60bd033c5d,saturating_plus_slow,False,False,1,inf,6.9686244200446481,4.1923941053878009,True
development,c_a41b1fab6f604da3a7390ea2b6567a4e,dual_power,True,False,5,33.099772951945354,2.339104672427851,1.2412347656785254,False
development,c_a44874de46b9c3048f85d25cb0fa8c02,saturating_plus_slow,True,False,5,33.900842057995902,0.62610022347034544,0.43929678144656398,False
development,c_a47508438ab161e5136c12d4aecb8ea2,saturating_plus_slow,True,False,5,35.640975331280451,1.3449809336473351,0.70379040258091308,False
development,c_a4a23780771c7dc0a1c1de95160d415e,dual_power,True,False,5,36.027382531538542,3.7214658341718092,1.479067350036851,False
development,c_a6022e4d0648a2dbd5c54ba3b5efb246,late_knee,True,False,5,33.665986775453689,19.323364399116997,8.5934163077438566,True
development,c_a685f493f5627f562d1f4765bb3ef9cf,saturating_plus_slow,True,False,5,32.141998050015857,8.2793813731609731,2.9097138672669383,True
development,c_a709ff401ebd7986a5f1c14a24d0d727,saturating_plus_slow,True,False,5,33.710632687634153,4.3819821144798965,2.6418029305316173,False
development,c_a73079300d7576c02e4936b152ef3564,single_power,True,False,5,37.641317362926308,3.440650915526021,1.6915156708688603,False
development,c_a746fa90861f7fa381f7f005ae9631c8,dual_power,True,False,4,32.141999071300518,1.2062354975797547,0.40896800252613924,False
development,c_a7bce20ddd2e4c365916aec5ecb45dfd,dual_power,True,False,5,32.14199802506495,5.4931440289729068,3.5066444484301127,True
development,c_a8adddeb1a82aad9e5f8b78417115b00,dual_power,False,False,0,inf,1.3553593684530796,1.1679865292271101,False
development,c_a8c32ba846d1ca4fdef1504180abba17,dual_power,True,False,5,32.941572264521611,0.17793768325023507,0.1996930494377383,False
development,c_a982f700504150204fd66db512ad335f,late_knee,True,False,4,32.14199910237167,3.1915615179089087,1.0138832369689399,False
development,c_a9d8f8566dd67bd9692ea703e529405e,saturating_plus_slow,True,False,4,32.141986785786521,11.347715559572762,5.2183718288548748,True
development,c_aaeb31950fc44a7f9382d8e81febb425,saturating_plus_slow,False,False,1,inf,7.0529958280157956,4.5479630112573286,True
development,c_aaeec4b7b7c5bdb804366be0b97bbdfa,dual_power,True,False,5,33.949541882143393,0.38338498642710306,0.54124045748881955,False
development,c_ab35572ff6ee25c30870bd7c20d81217,dual_power,True,False,5,34.611085488674782,12.275074085883205,5.6308178625439558,True
development,c_abcf6f941b0b8255270dcd892319d7af,dual_power,True,False,4,44.844944345161743,1.2931861220878318,0.921639986913936,False
development,c_ac3120b90955af357920351e6361bb54,early_activation_plus_power,True,False,5,33.639630342012126,0.065284626213809815,0.055623587835083879,False
development,c_ac90e8d0275235df7c8fad3976081d89,dual_power,True,False,5,39.558586716537853,0.21364556746614483,0.20897372070549933,False
development,c_ad1c316faa70b0d10f3717e34e70df50,saturating_plus_slow,False,False,1,inf,4.7530638699224284,3.32818943662412,False
development,c_ad5ab7f199dd9f2846aafe94b576d417,dual_power,True,False,5,32.142000013867715,4.3661121562862633,2.4062810562613515,False
development,c_ad83eb162f7e904429c73da7e40ff7e7,late_knee,True,False,5,32.30311939210921,6.2257569860958313,2.3852215553917047,True
development,c_ae57d91af37aa7e1c5c23ee3feeaba7c,saturating_plus_slow,False,False,1,inf,3.9489075305864674,2.624927102682717,False
development,c_aef2da695fcf060bdde7851cb7522d44,saturating_plus_slow,True,False,5,39.190643990384125,3.6000784111761135,2.4101986442977501,False
development,c_af01ca432bccad1ec8ec3770b8f6f6be,saturating_plus_slow,True,False,5,35.51277417220026,5.836768383868673,3.606572999243332,True
development,c_af1ee1d9d8bf1a0be102e75321cf4596,dual_power,True,False,5,38.229419470693706,9.7450592461867558,4.1801687135144885,True
development,c_b0c7e98cd1e7d54f9e1649dade53b1dc,single_power,True,False,5,32.141997206569748,0.35593938283740556,0.5124345514831613,False
development,c_b0ce2544bec6bf0b0af59cd9110c3e50,single_power,True,False,4,34.613034913947637,0.54475560155063363,0.29945072131740025,False
development,c_b20093a6b95e4c75e89ff0ee9e0cc241,saturating_plus_slow,True,False,5,32.999498788745065,4.4344458688235449,3.0599763574345809,False
development,c_b2e2cfb138f7d7f1d27fb2aeb0f0a6ee,single_power,True,False,5,35.936933531279628,1.1022091725700705,0.67060198859263964,False
development,c_b37dbbb2c19c666f4ecd6b4484f684be,single_power,True,False,5,34.736018437487381,1.0025874778261539,0.5959983421356434,False
development,c_b3b637c07d08399d1e6e031744486d54,early_activation_plus_power,True,False,4,56.172109600025252,25.625464331148152,11.598563172129664,True
development,c_b446307928b6ec1e7c9c97ff41b268a7,saturating_plus_slow,False,False,1,inf,0.64706172101233506,0.87714288909672344,False
development,c_b642b8ae96ad74337eee721130af9a68,late_knee,True,False,5,33.794409535636632,13.467722323476167,4.169850718482941,True
development,c_b7d9faa74adddb74f6a7179b0b71f158,late_knee,True,False,4,32.266311229837854,6.2084034965344017,3.4439234830961887,True
development,c_b83cf495c74a02fa8721f4a02331e33b,dual_power,True,False,5,33.066672933986894,1.8783082370584623,0.98125121976176333,False
development,c_b84954952cbc243ee9a0c0fc9cfef2f4,early_activation_plus_power,True,False,4,49.882063465361917,8.9068111297922314,4.8754673639762567,True
development,c_b86ba068d0b991b89046084e60066c5a,early_activation_plus_power,True,False,5,44.161073634908412,9.193516653650164,4.4794169127985004,True
development,c_b94a747381150e0ac44723089227274a,single_power,False,False,0,inf,33.698145232483839,13.786285127574979,True
development,c_b99baa9fe56c7579a89d5820ca4a8b8c,early_activation_plus_power,False,False,0,inf,22.292356672364377,10.728977163663163,True
development,c_b9d51ff7f4060a0696c986bf06009da6,early_activation_plus_power,False,False,0,inf,49.853726188897078,20.645875619552996,True
development,c_ba85316cc817ac9006126fe7f3478c97,dual_power,True,False,5,35.389471379055713,0.059666480936058974,0.071445698067231819,False
development,c_ba9e2a89c72455ada2cdfc15f5f3e5f1,single_power,True,False,5,33.13363257017118,6.9107761501769858,2.2000728075714684,True
development,c_bb74c09141da012a6dfb1a4b6e87ae1a,dual_power,True,False,5,32.141999073654418,0.3676279322432805,0.32592796708327726,False
development,c_bc4a02bf35936f082446b196d6e5600b,saturating_plus_slow,True,False,4,32.141999183950738,21.92743326143578,10.413563546371543,True
development,c_bc6a7b1209a5646cb332ebefd0db9bcf,early_activation_plus_power,True,False,4,36.061589146024495,4.5994302178869617,2.7229847523918354,False
development,c_bc98d0c7742e6f63734a2b75a232231c,early_activation_plus_power,False,False,1,inf,4.2376522719389698,2.3886866088343433,False
development,c_bd2df5d19d35f3af22da8ae09f6d54ee,dual_power,True,False,5,32.679403207261672,3.7900016769963401,1.7754660996971019,False
development,c_bd4b8fdf9b8ddfaf8696f976aff02c1f,early_activation_plus_power,False,False,0,inf,20.039494651907347,9.750651558986565,True
development,c_bd9ef78c2f26fa28e73603b90c4520fe,saturating_plus_slow,True,False,5,32.141998458199829,6.2227794713939772,2.0972024933351361,True
development,c_bf8e141ace8b448a646c6be67989bcf9,single_power,True,False,4,32.141999114853448,1.9376557056095152,0.75661170736570393,False
development,c_bf99e528740fef62f56f93125bdaa527,dual_power,True,False,5,32.141999827840493,0.26854999186392092,0.12013406989077845,False
development,c_bfe1c0c0b6cdab350e403faf9b32a782,early_activation_plus_power,True,False,5,57.503243423570105,28.57764318501178,12.292788722781246,True
development,c_c08190e5a660c3f2756c3e3601847b7e,saturating_plus_slow,True,False,5,32.141998214695789,7.5631625855788656,2.2653542291690836,True
development,c_c0a6cfb6cc8aaa64849dc834c3991af0,dual_power,True,False,5,32.141997278291541,0.5701158018130883,1.2703748078532184,False
development,c_c17da89c1a4bea87c24990fb9272d7a2,early_activation_plus_power,False,False,0,inf,24.804615905486685,10.786680393433727,True
development,c_c1f16d8b08fbf8b756409e72a968d36d,early_activation_plus_power,True,False,4,58.06381660219062,37.571381158118598,15.822953478186649,True
development,c_c204dfe1d7d8757f0cb32114e7610121,late_knee,True,False,6,32.697037323617664,6.644138486343607,3.365323550111849,True
development,c_c26cd46b2bdc60d80ebcbba860c650be,late_knee,True,False,5,33.362603319369057,14.186139488586264,6.1138864392924637,True
development,c_c3c2f87a2f8e42d7312f424e6631915b,saturating_plus_slow,True,False,4,42.643319162184831,15.960591939578762,8.9761426542526372,True
development,c_c5832e22df7b045fd9b218d5cc0d8ab8,single_power,True,False,5,33.558386135447904,0.28942519212128559,0.10958425136414073,False
development,c_c594b29db5306e8d5391fc5664c500bc,late_knee,True,False,5,37.059164238203941,0.052569695678357675,1.0573630213626044,False
development,c_c5a6ad063c24587687f3a4c1df4051f4,dual_power,True,False,6,32.155000056252348,7.8755148085240592,4.5671863685921466,True
development,c_c6f1df7760b025ef5bf774473fd0c77c,saturating_plus_slow,True,False,4,34.353447708692293,2.0783216796707791,1.4700566808131676,False
development,c_c7a0d64fd32b5b49c53a4888317e53ae,saturating_plus_slow,True,False,5,41.145219051544451,9.1813657393443719,5.2716267512067949,True
development,c_c9998988e77b7667f09df40d13fc3c38,dual_power,True,False,4,32.149710569142385,5.0486796724774763,2.5711672024395016,True
development,c_c9d0a4bc3919348ffbc71ffea4c13ed9,single_power,True,False,5,32.141998406935187,1.7806700034103642,1.160013952409731,False
development,c_ca0f03a65f769c8d036350191287da20,early_activation_plus_power,True,False,5,32.850585579218041,1.247418194447107,0.82580295779230573,False
development,c_ca3c0b47f224231318d9b92036416e7b,single_power,True,False,5,32.141998130918466,0.19366295325406213,0.26806851805622112,False
development,c_ca7484e71b006ab0cf3b730e8213c5c1,early_activation_plus_power,False,False,0,inf,1.6412103480919029,1.1899861614498732,False
development,c_caa608f92de6b6fc7e69f82ee95931a9,saturating_plus_slow,True,False,5,36.424577649470145,5.1948461458355695,2.8152117708152495,True
development,c_cb1578b41ed216bc352f7a7efc747d85,saturating_plus_slow,True,False,5,53.033116915411917,19.491797075887504,8.9691801233280835,True
development,c_cbb174a76123a5aaa246138dacf7f181,dual_power,True,False,5,32.308866540433598,5.2753945080178823,2.4978023900394466,True
development,c_cccaa221b2948d7107c0458583d905ec,early_activation_plus_power,True,False,5,36.197705941003953,4.5895430247290534,2.4830940187512534,False
development,c_cce2e00b2cb6eb9dca87ea5810d26be6,dual_power,True,False,5,34.91494450011006,0.65402444648748315,0.38805830217828585,False
development,c_ccfa08736dac900f8cf4d2867fca579b,late_knee,True,False,5,33.029578206535206,8.5051153714812386,3.3374511738843755,True
development,c_cd172d8b9b55f58e776da3db15f62d21,single_power,True,False,5,34.267906848095812,1.2969724829896307,0.69997481555306218,False
development,c_cdf964c4a775adf25e59b5c93bd32f00,early_activation_plus_power,False,False,0,inf,32.528362353120954,14.897621297506488,True
development,c_ce4a618e7bc12048541e39df5e857814,saturating_plus_slow,False,False,1,inf,8.2520803041253572,5.5144105029385573,True
development,c_ce9fd03d703613866fb5cfef193e5e95,early_activation_plus_power,True,False,4,55.760002379735944,22.463794294557175,10.591618180979005,True
development,c_ced2f078b58161dbdb78f11dc151797e,single_power,True,False,5,32.62398627302187,0.12591968553438448,0.073498857883492336,False
development,c_cf9d590135b7d02792347c1220203529,early_activation_plus_power,True,False,5,33.774264126150705,1.2301483190538249,0.74972551972721102,False
development,c_cfb36e2de56e45c6e5249aa4183c8ca6,early_activation_plus_power,True,False,4,51.164105800432957,16.041416485072574,7.2372039371311825,True
development,c_cfbf101452f0b6b628f61b8ffecbd052,dual_power,True,False,4,32.560072573082593,0.91514398274516395,0.43373991404146267,False
development,c_d043dd25810630db732560cfd464422b,single_power,True,False,4,41.058224472638422,2.7180911326189516,0.79386982064187617,False
development,c_d0652604f4fc114a2c93f06b6fb8ef4b,dual_power,True,False,5,32.141997998644001,5.3006576489053288,3.4751600794399118,True
development,c_d1920b5ac32b4bd493be72c4ec09e7c3,early_activation_plus_power,False,False,0,inf,15.825261163591762,6.0996425341786074,True
development,c_d303ae0e4a063f8d01be935e5130a894,saturating_plus_slow,True,False,5,38.386839362843496,4.7421414177736807,2.7308398151078013,False
development,c_d3fbcb5ec0c23dff313ba56285c26219,early_activation_plus_power,False,False,0,inf,53.419375912736641,23.25637307504941,True
development,c_d4e55e28e9dcc59809f90deefd2053b5,saturating_plus_slow,True,False,4,44.773362814840759,13.027663856300904,7.8423744072411816,True
development,c_d56d9267adc5c09f2e7964c4de0506e2,early_activation_plus_power,False,False,0,inf,60.62389726228767,26.136165230674393,True
development,c_d62da13a118889d71aafab1a3e3375c7,early_activation_plus_power,False,False,0,inf,34.92371880302894,15.500966643070187,True
development,c_d6518a9dddfea48d00ea8d102ba6ecb3,early_activation_plus_power,False,False,0,inf,46.838969949704818,19.513274171119651,True
development,c_d6ede5b9c58168fd1f8f904b569e66c9,single_power,True,False,5,34.092056923570276,1.6550390080595037,0.74381784350619828,False
development,c_d7414b516f0f1f4fdd00b974558105ea,early_activation_plus_power,True,False,5,50.319405994347854,16.415202189609488,7.5128453679578229,True
development,c_d7c5f04085fb9ce88326b18ed73d99a1,single_power,True,False,5,32.141997604354685,6.2625638645383503,1.6751503627089583,True
development,c_d7cfd92d08adb2b6bc0159d4222daae4,early_activation_plus_power,False,False,0,inf,20.737183827787675,9.8676806258767442,True
development,c_d816f511e840f2dacb93845e26ce07a8,early_activation_plus_power,False,False,0,inf,6.4085600066813981,3.74715813534534,True
development,c_d952b1344d1dbc717ee29b49f66309d5,saturating_plus_slow,False,False,1,inf,6.6409969165506766,3.9877316065320194,True
development,c_d9e96f60c02c40fb9522b7663116baf8,dual_power,True,False,5,42.518729608404904,7.6372425534222259,2.9458660463272555,True
development,c_d9f4d3eae18169f22ec39ce0a7bc4091,late_knee,True,False,5,33.791594059942135,4.1166024679550191,1.6836245625098067,False
development,c_db01d51bc44f451b8327e0053b0bcadb,dual_power,True,False,5,35.361206642514126,4.8270922416601962,2.1569937614951531,False
development,c_db630a23c3f5c182644d7a6ee5f6355a,late_knee,True,False,5,35.27357417153501,10.383639306550094,4.1778758749846334,True
development,c_dd270639cc34934a16614f81b6640389,dual_power,True,False,5,32.560800248125631,0.17715342042194493,0.10810205817694135,False
development,c_de548e2c44211ab93e8a1bb7627bdb8f,single_power,True,False,5,32.14199834296484,0.95802220651273728,0.49965917015306388,False
development,c_de8d0bc63ea0155706019d772cb2e0bb,dual_power,True,False,5,33.044833140445462,0.036335528634808156,0.069572420792660225,False
development,c_df016458f36b5d06b3f705f0ad38b897,single_power,True,False,5,33.263111781765467,0.55606002591508741,0.32025196719620269,False
development,c_df1ff16305401879e8948cc222220f30,early_activation_plus_power,False,False,0,inf,16.573548494448389,7.969502921106546,True
development,c_dfb40dd52edc4fc12ad1983bb8e32aa7,late_knee,True,False,5,34.657178005017826,12.033806366983413,5.1170668471996708,True
development,c_e12854fed5f5a4fe144d24d9aaf340f0,saturating_plus_slow,True,False,5,33.063457377572668,3.2385653820343663,2.0289216505877485,False
development,c_e22ee0bdda7b732f9b8a7f1b440e2435,early_activation_plus_power,False,False,0,inf,12.951694275240371,6.6168567166396475,True
development,c_e29b55d2b6fbcbbed00f57125e8af933,saturating_plus_slow,True,False,4,50.908481190562988,17.56188083341587,9.7897998342766819,True
development,c_e2d896906e8b2b79eef2df8b4227a138,single_power,True,False,5,35.728960986298695,0.80593439699488556,0.55909453599188741,False
development,c_e3f7552417f12e76d586bc15c6e63233,early_activation_plus_power,False,False,0,inf,15.251999143153085,7.2324885609508396,True
development,c_e47165f969ea96c3605bc823f7284460,single_power,True,False,5,33.526045453206237,1.0303947554209287,0.65442117902382091,False
development,c_e52d6ded790bd4d8b9661303a6930047,late_knee,True,False,5,33.293068254465553,9.5763392115511436,4.5370318274829939,True
development,c_e53c225eb10ca882febe411eabfee2c3,saturating_plus_slow,False,False,1,inf,6.749264017443906,4.6263536409467276,True
development,c_e54dcb2e1d0af783dc568f707d826cb8,early_activation_plus_power,False,False,0,inf,11.570678776067908,6.0883614178279517,True
development,c_e57dd20ba63ff99e548489a60dd99c40,single_power,True,False,5,42.752278185348544,3.5155934513817044,2.5590970297579321,False
development,c_e60882b8d2b25b75ef64a710b7653e1e,dual_power,True,False,5,56.157221740767433,21.930161296993177,9.251403254405961,True
development,c_e689bb194675bd3e3933246a5c2ec424,single_power,True,False,5,33.363480844040318,1.289586335203353,0.67957026973997581,False
development,c_e6fed1efc64893fb34fd81f4c480692f,late_knee,True,False,4,41.545508603264601,5.7108060607537539,2.2133874278605821,True
development,c_e70a523ff3b2300dad46f26355f4910e,dual_power,True,False,5,34.26508166080518,4.8987052787782801,2.1668327616728491,False
development,c_e7313c63510217a28c9a6d68be8e2d7e,early_activation_plus_power,True,False,5,37.407529216466209,0.96488612452026246,0.5962581415350301,False
development,c_e7d25bcc963f304aab5bd4cf47900931,saturating_plus_slow,True,False,5,38.882936236901891,11.041181208640936,6.3322120786053384,True
development,c_e84125ce839c3fedfdfa828bdbc03f2a,single_power,True,False,5,37.369331888458909,2.2524749773009205,1.1094998464832222,False
development,c_e9440afebd10f43dd0431e7794aee490,dual_power,True,False,5,32.142000226968875,1.4205929060962319,0.44015182859132451,False
development,c_e9607a8dcfd236d3bfb566b8b09b70e2,single_power,True,False,5,33.499479966597406,0.37211061869280115,0.18139042441617678,False
development,c_e973d7f97a2af7a63ddcb1f183c8eade,saturating_plus_slow,False,False,1,inf,3.0187202724481352,2.1250167825169575,False
development,c_e9ae0ec37f5fcebbd8eeaee4adf5ecdd,early_activation_plus_power,True,False,4,52.980849922330215,19.300787545487239,9.6243865797774841,True
development,c_e9f1ecad204f2f376b01f039bd93a6b8,single_power,True,False,5,35.734558565929056,0.71024420296245694,0.4269722579728934,False
development,c_ea1c168f11c366e379797fd3fee35bfe,single_power,True,False,5,35.172225070225508,1.8607712913784979,0.99594204109287565,False
development,c_ea2acd33852153fcabedfc07787f9436,early_activation_plus_power,False,False,0,inf,18.319552949145375,7.9767449778598198,True
development,c_eb8cbc9a37e7756c8ac18aff0b3598a5,early_activation_plus_power,False,False,0,inf,4.496981577046796,2.7753735092418599,False
development,c_ec3e23d558bcbe181257c6c6427ace51,dual_power,True,False,5,32.142000654660137,2.2061359798469908,2.5394191461895868,False
development,c_ec4bdc380c7c7cf67fb62b1afdefa089,saturating_plus_slow,True,False,4,32.142003574607067,15.095674068583762,8.4463952716093882,True
development,c_ec552342aff64783f6c7e3345e0e28ea,late_knee,True,False,5,32.141999064689855,3.9539352390172127,1.0230211244845029,False
development,c_ec5ad6b6a770afe8b691ecf16e0f64c6,late_knee,True,False,5,33.209714927610875,20.398122034424588,9.509704937843205,True
development,c_ec9be4c2413428c2d674ae8064a36e03,early_activation_plus_power,False,False,0,inf,58.812604984491273,25.307437495628054,True
development,c_ed005659e91e7dee08c6f7843334dc82,early_activation_plus_power,False,False,0,inf,22.627947064892027,9.4791698010627332,True
development,c_ed91b6bd0e5c628e785695ca6f70a7b7,early_activation_plus_power,False,False,1,inf,51.936738164915511,22.03449876983268,True
development,c_eda2dd2d0762325835ca393db002335b,dual_power,True,False,5,54.666189501334479,12.853458329201288,5.5784612664287749,True
development,c_ee8722e14dc5e1c75afe96acfcfd5582,saturating_plus_slow,False,False,1,inf,8.6599358822753345,5.8461696529982614,True
development,c_eea0d1383b7d6bc2d623673e7490b7c9,early_activation_plus_power,False,False,0,inf,27.100513748291817,11.569081906683524,True
development,c_efe08cd34d2feb8d48ee74d1bf6c1be5,early_activation_plus_power,True,False,4,32.142014562809571,12.168408480276113,6.0707883425642803,True
development,c_f04568c6b8078cec1ac8c6cd64eaa579,early_activation_plus_power,True,False,4,56.147793912816326,33.889771473514678,14.590871693200615,True
development,c_f106cccd52180a948faedbf844eeadfe,saturating_plus_slow,False,False,1,inf,3.775414330351694,2.3638780830626955,False
development,c_f180fd872800a13f1d30a06d97ad2829,late_knee,True,False,5,57.677437605196168,16.312721059930652,7.6866491658478049,True
development,c_f39a9e1f797d0da6f913df3fe9f9eea6,late_knee,True,False,4,32.141998764659661,8.7936824853943278,3.2049285347550716,True
development,c_f39c487738353e92b3a6167c6885d032,single_power,True,False,5,37.655086890719865,3.6429441328728416,1.7916833311751621,False
development,c_f3b8f51fb0da5b1fb9b530f43e63b58e,early_activation_plus_power,True,False,4,46.517542235832629,11.782822469445563,5.8063934817905318,True
development,c_f3b9c27e7fc4df6e6069f4ccc50b17a6,late_knee,True,False,5,33.549285602198481,5.9741949703560664,1.7726193883021677,True
development,c_f4540613b14ca1b3d3116e1faf501c1e,saturating_plus_slow,False,False,1,inf,23.343628117414781,13.033220147327944,True
development,c_f6290e211d2516e93d0faf921435585a,early_activation_plus_power,False,False,0,inf,3.1310748692510657,1.6737183491466849,False
development,c_f6f56455b9dd1aab64e70d43387afec6,late_knee,True,False,5,43.197177102152573,6.3917661063746181,2.2016065810375314,True
development,c_f9205c6198e3be9133689ce9c885ec8c,single_power,True,False,5,37.139643400271147,1.2690372059242634,0.6640633427513446,False
development,c_f9618b27c62237a09252045fdc7199e6,late_knee,True,False,5,33.762034519768001,15.992177807661676,4.6110677142028225,True
development,c_f9cbfa5927ea0aff3b9970329d7bb2df,early_activation_plus_power,True,False,5,35.968939176297376,3.3438309605054002,1.7948515596837487,False
development,c_f9dead05f755b43ee0f290bc84df6203,late_knee,True,False,5,33.47953801352881,7.5935083173539226,2.3274581394627831,True
development,c_fb091a568a71632633966214ce039896,dual_power,True,False,4,32.14201072359095,8.390854029279879,4.0633247887121637,True
development,c_fc90a7492030f8ff52d9b1724605d4ba,dual_power,True,False,5,32.142005855005209,2.6249680667336719,2.1514583871873927,False
development,c_fd3d039ea57e71882375749436a0bafa,saturating_plus_slow,False,False,1,inf,3.6839733550592655,2.5643039030758246,False
development,c_fd67de51d2c41be0ced745944643fcf6,dual_power,True,False,5,34.681706595156982,10.770232741489394,4.9600171210002486,True
development,c_fe7daba31e161f01543af9f96fd00580,late_knee,True,False,5,33.903981757756213,4.2373293622404304,1.4271616050681981,False
development,c_ff10f34d96385eefc51b563e1ea0cb04,single_power,True,False,5,32.547121394445369,0.84330622813575928,0.38911447060402732,False
development,c_ff4a801738b2d8b8534190afa2289759,dual_power,True,False,5,40.561559106436142,2.3235892308197066,1.1185914040826934,False
development,c_ff7115e881e79cc4fab376451656d114,single_power,True,False,5,35.64845825126941,0.39442099079816728,0.17800928640510286,False
development,c_ffaa4b41d1847d6f8a590f963764b75b,single_power,True,False,5,32.152098511676535,6.7521611284411591,1.8741110511521013,True
development,c_ffd7a432fc3f3af7bb440b2394f1c15d,late_knee,True,False,5,38.458759517220251,1.8425010990556672,0.43805062004429857,False
development,c_ffe6fbcad255d729189b9f1e32deb91b,saturating_plus_slow,True,False,5,32.141999049869376,3.2023407568647286,1.6338252868686769,False
matched_prefix_counterexamples,c_003c1d8bffbe64069fb48ff9590eaeea,late_knee,True,False,5,55.550550336172087,6.5273390709942305,4.0103422232446482,True
matched_prefix_counterexamples,c_003ff1b1d195e240ce7f48a52308a488,late_knee,True,False,5,50.634735887502707,11.300820044429187,4.8218451302231831,True
matched_prefix_counterexamples,c_0053a12ce792441332f930752bb8ff1d,single_power,True,False,5,33.611116056938158,0.26285605074478724,0.27831828058083052,False
matched_prefix_counterexamples,c_00bc6890d745e59d4ca71e083fe81e3d,late_knee,True,False,5,56.857936492134137,5.4707057969581712,3.5877923226670032,True
matched_prefix_counterexamples,c_01aa676259e83d2ff79708d4997eed10,single_power,True,False,5,34.134920200341128,1.6707715779071037,0.98888668092105469,False
matched_prefix_counterexamples,c_0205a775f0734edea5d90067e57c21d1,single_power,True,False,5,33.488076627502323,1.1983815737105061,0.57150935051809237,False
matched_prefix_counterexamples,c_020e624a4071ca500290717a42894f95,single_power,True,False,5,33.495433803522047,0.12936469573034515,0.065842027741622122,False
matched_prefix_counterexamples,c_0285520db4d72cb5e5bdcdfa60a66f87,late_knee,True,False,5,32.530208106381679,14.760010857762623,5.5732311325390134,True
matched_prefix_counterexamples,c_0287172b74ce61888ec072e25b9dcb68,late_knee,False,False,0,inf,0.178055486783677,0.69164592289333782,False
matched_prefix_counterexamples,c_03724aeb62764bb3738dba28cb6a547b,single_power,True,False,4,48.222209956416144,22.891547762659229,10.566537547450528,True
matched_prefix_counterexamples,c_03cde302108572500b3a8f47e7acacb6,single_power,True,False,5,32.141995207410957,1.9109392031784722,1.2453355030750424,False
matched_prefix_counterexamples,c_040821c54b4dd0a4582fd9ac96ca394c,single_power,True,False,4,32.141999118689057,2.3881749029539492,0.854180680954292,False
matched_prefix_counterexamples,c_052d5b19ada904d8bc3fa7a36d133814,late_knee,True,False,5,33.151665017198326,18.449294363728086,7.976288861805954,True
matched_prefix_counterexamples,c_05d5b596ea01ba02e7d65fe836a4a7bb,late_knee,True,False,5,38.748228229030893,12.021313810921399,4.851130081925688,True
matched_prefix_counterexamples,c_06b266c0800880a5fcd49da8be0111ff,single_power,True,False,5,33.390557432974873,0.13882004288245753,0.084781934704559289,False
matched_prefix_counterexamples,c_06bb8fccedd6ea92421159eabf353e61,single_power,True,False,5,34.202144345942372,0.31336548872614856,0.15298176463809104,False
matched_prefix_counterexamples,c_0722749c950c7c3acfd57b32e964696b,late_knee,True,False,4,32.647250680440152,17.086559635880349,7.1556118848845749,True
matched_prefix_counterexamples,c_07df2dc2682d8c8f33add3456a35bc25,late_knee,True,False,5,32.381328453523651,15.388218295091932,6.2620478856505404,True
matched_prefix_counterexamples,c_08eb80b64b1fbfac346ab8d2e107792c,late_knee,True,False,5,34.831605349549726,17.390248508759953,7.756370275318079,True
matched_prefix_counterexamples,c_0900ae2aed2b015c1b9ffe7318e78fa7,single_power,True,False,5,33.657444924101995,5.1719156424782966,2.3550855502266819,True
matched_prefix_counterexamples,c_09e4df62a26cb042f6fb44e0c46da392,single_power,True,False,5,33.08309265780079,0.24529766902176675,0.19686560081209142,False
matched_prefix_counterexamples,c_0ad30edf79d45478aa33a0f80dbb6543,single_power,True,False,5,52.703541124506337,19.859995794504314,8.5233023928505158,True
matched_prefix_counterexamples,c_0b26d7975b153363a25606147bfcce52,single_power,True,False,5,32.36907502810341,0.5634821230475211,0.58141609299284891,False
matched_prefix_counterexamples,c_0b7cd55b5e022296406b71e1d00558e3,late_knee,True,False,5,32.141995788802376,10.251575520014995,4.6230495511996184,True
matched_prefix_counterexamples,c_0ba63db842e9bce5bec7423b3efd853b,single_power,True,False,5,35.363219679162206,2.2581316683461239,1.2647507199514003,False
matched_prefix_counterexamples,c_0bfff7ad51eabd82db85a0c83bf8fcb0,single_power,True,False,5,33.792173059818182,0.36540617912643825,0.15653760542885953,False
matched_prefix_counterexamples,c_0ca28c0868901d3114a67e0d251f37c1,late_knee,True,False,5,43.971628020944117,5.5396104134723743,2.1860159562383736,True
matched_prefix_counterexamples,c_0cd093e13a0cb5eb6128b5c44dc3af59,late_knee,True,False,5,33.781818579813525,16.738163395772602,6.2579759273797633,True
matched_prefix_counterexamples,c_0cf244871ff56ad5d3bb023c1b451afb,single_power,True,False,5,32.141998009593436,5.5339005767795157,1.3870589050605209,True
matched_prefix_counterexamples,c_0db81d0d3e3dd18f638f39d718add816,late_knee,True,False,5,38.004584541840664,12.25790715957632,4.2296190182480595,True
matched_prefix_counterexamples,c_0e0e80fb2ccf3699d758ffaf4bb0c963,late_knee,True,False,5,32.780633397145792,15.385488383527417,6.2784962331682426,True
matched_prefix_counterexamples,c_0ed9b5f882e6171bef2ffb30fcb4673e,late_knee,True,False,5,33.205846161859611,14.544300530317599,6.5330490472947726,True
matched_prefix_counterexamples,c_0ef3d143dc13379a4db3d9801bfbfc1e,late_knee,True,False,5,38.849395927528057,8.2445888468942741,3.3060313676351498,True
matched_prefix_counterexamples,c_0f39294a581bb66c8f076f8f3bd8c9de,single_power,True,False,5,32.601246559159257,5.8265761968116294,1.648531211792132,True
matched_prefix_counterexamples,c_0f8e28ae98308429d195d337e05a65ad,late_knee,True,False,5,33.378562785097884,11.163553210048832,4.0911080695085236,True
matched_prefix_counterexamples,c_0fe74b604f0e04952e0f222f236ca46e,single_power,True,False,5,33.781818579813525,0.98929691761767913,0.50444355367031457,False
matched_prefix_counterexamples,c_10508f79d75ccfa9dff25bf0ff5d0def,late_knee,True,False,5,32.649513449296151,13.641791918986058,4.5952609126527442,True
matched_prefix_counterexamples,c_10b7317d249dae02c3f69907e7a0dad9,single_power,True,False,5,33.151665017198326,0.23983670408959767,0.12312765443756099,False
matched_prefix_counterexamples,c_10dbd371321b2a2b7943230bdd76957e,single_power,True,False,5,32.141997617525092,0.042660536347241873,0.1193782742217315,False
matched_prefix_counterexamples,c_12f7975261f4b83247d24e49f7a7a77c,single_power,True,False,5,32.780633397145792,0.56465881934428808,0.33678246611600471,False
matched_prefix_counterexamples,c_135d81f64b26d4a1c104f01667b7a2ad,single_power,True,False,5,32.141999792988159,1.2855410131459735,0.50155467237665852,False
matched_prefix_counterexamples,c_1390e84cf8b4a70ccb1d0da0b99411ed,single_power,True,False,5,32.142001166263171,1.4017115574831962,0.7343641648552619,False
matched_prefix_counterexamples,c_1466cc5f91eaacf0d4060d28e7d76854,late_knee,True,False,4,53.047609058983937,23.127690771264717,10.710920832239125,True
matched_prefix_counterexamples,c_147ca8bbd22e01f9f2684c530c73b8a1,single_power,True,False,5,32.59550255291721,0.17818491587954099,0.083501443718815752,False
matched_prefix_counterexamples,c_14d2b6a8bd938b511d20365c3ecdbea4,single_power,True,False,5,44.765715085440895,9.5930379906805712,3.8033002581414497,True
matched_prefix_counterexamples,c_1707403f5ef97bd57e8ed4a280ca6996,late_knee,True,False,5,33.861298572051098,15.36338592386997,5.3321971746399859,True
matched_prefix_counterexamples,c_1712d4b7c9fd6a2057dc8d23026b9a23,late_knee,True,False,5,34.325835619215823,8.4799746959502329,3.1878615118486504,True
matched_prefix_counterexamples,c_179c7c7a1be0502508404ddedddd2930,single_power,True,False,5,32.893432918565637,0.62328687007371286,0.41211999417108586,False
matched_prefix_counterexamples,c_185a7cb301b0f55d7349b25eea40a5e3,late_knee,True,False,5,32.36907502810341,18.944025351099796,7.8778628949051228,True
matched_prefix_counterexamples,c_18db1cbe74c2030b2327029b509f3652,single_power,True,False,5,34.831605349549726,1.1351865046975291,0.74370999507135338,False
matched_prefix_counterexamples,c_1b2c7a5437e53ac3e06400e59bd17c5a,single_power,True,False,5,38.004584541840664,2.2010040314594761,1.0268176490688996,False
matched_prefix_counterexamples,c_1b905fd20cfc4222b4136ef22c204964,single_power,True,False,5,43.362704740951862,8.6289007500311925,4.1704888301348095,True
matched_prefix_counterexamples,c_1bcc517c2275e95095071f23ab846277,single_power,True,False,5,32.84842543434992,5.4091628261449358,1.5054281024368763,True
matched_prefix_counterexamples,c_1bd2208976f48ec41802554309bcca4c,single_power,True,False,5,33.205846161859611,0.18564931899385329,0.086219888207797232,False
matched_prefix_counterexamples,c_1bd9a8ba2581ef84289455572d3dd9bc,late_knee,True,False,5,32.142001166180449,12.862173708754213,5.334016182299826,True
matched_prefix_counterexamples,c_1c0252b403f5b7df0c85bf97a5816854,late_knee,True,False,5,32.365084377854174,17.956582108933276,8.0694142587838726,True
matched_prefix_counterexamples,c_1c2736c23db77761e6b40982fa43d572,single_power,True,False,5,37.077704520590167,0.49860639736400003,0.20956707356803858,False
matched_prefix_counterexamples,c_1da46e0cd122530818e2b46bdea7a547,late_knee,True,False,5,36.090602202937752,19.486229352037597,7.6756199609859523,True
matched_prefix_counterexamples,c_1db8b57306c81149bc406dbb9806325b,single_power,True,False,5,32.141999131655382,0.65120397268567842,0.40167934874605521,False
matched_prefix_counterexamples,c_1e0aec04027e51d2759bf72dfc465b5c,late_knee,True,False,5,33.153354371530767,21.573833365361622,9.8247496924375888,True
matched_prefix_counterexamples,c_1e68686ab02daf404b34a9aa84319511,single_power,True,False,6,47.894299661196193,5.9236656216961876,2.4398497155737684,True
matched_prefix_counterexamples,c_1f549b54c7251ca1e29d51e058f97ec8,late_knee,True,False,5,49.157252639489236,0.7810935098138998,1.1939053450122119,False
matched_prefix_counterexamples,c_215bb30761bad7291e2b04b32f303070,single_power,True,False,5,32.510279786244539,1.7266660865878833,1.2312924293939933,False
matched_prefix_counterexamples,c_21cee7f631352c60f62954c451bd2b66,late_knee,True,False,5,33.124926633580131,12.9505992088216,5.4118906045363397,True
matched_prefix_counterexamples,c_223ab9903caa0887826850fcc7dc6b13,single_power,True,False,5,32.722802480695321,0.76705999482643961,0.62154978724668097,False
matched_prefix_counterexamples,c_22fac536c00fddff82bcfecdbec1b814,late_knee,True,False,5,33.97125402081285,15.240561853639107,5.936751397448071,True
matched_prefix_counterexamples,c_233a83aaac3bd1942555fdf1bf1a629d,late_knee,True,False,5,32.141999949992424,13.392856853259374,6.0360196457253341,True
matched_prefix_counterexamples,c_23656398cd0b1745a97cbd760dc8964a,late_knee,True,False,5,43.580959339739145,1.3065903562465593,1.3268289603642056,False
matched_prefix_counterexamples,c_24db86325c469ad39b990b4dac804d6a,single_power,True,False,5,32.545008473154866,0.23955868576216233,0.11483276953013026,False
matched_prefix_counterexamples,c_250c82c56c0881216dabde04b9c73e70,single_power,True,False,5,33.415703245150809,1.3686776361320909,1.1207324427896175,False
matched_prefix_counterexamples,c_2560474e6ce0afc8eafd6b650689b03c,late_knee,True,False,4,32.141998378119354,0.84976829844966062,1.2231428152401156,False
matched_prefix_counterexamples,c_265da1129517a6467b8afa6c3703baeb,single_power,True,False,5,34.774607427062371,3.0171787883882359,1.8178819359417582,False
matched_prefix_counterexamples,c_2680f3e13bed0191d33aa0621c2ffe1a,single_power,True,False,6,36.842549997964163,0.14149143286283561,0.37252500025856572,False
matched_prefix_counterexamples,c_26ac053b3979fd19eeb935d2219a6c3a,single_power,True,False,5,36.991155419040957,0.81843336545489365,0.65942918250298277,False
matched_prefix_counterexamples,c_2702df672049645581c737991656c4af,single_power,True,False,5,32.358497581224768,0.73523710826633248,0.41322030312026764,False
matched_prefix_counterexamples,c_272ce1cf7c321ded713c1fe21ee284e7,late_knee,True,False,5,33.626134883135734,17.593687771181365,7.7102696902379675,True
matched_prefix_counterexamples,c_272ef31420b4711f2aa0d5e0755e3009,late_knee,True,False,5,32.84842543434992,4.0330247495099059,2.4872112607146497,False
matched_prefix_counterexamples,c_27575719215efa96618a45544816ef59,late_knee,True,False,5,32.141998014103123,13.047689377873283,5.6390139922918312,True
matched_prefix_counterexamples,c_29d04977764b100322e236a1334525eb,late_knee,True,False,5,32.722802480695321,17.463862067466309,6.7644356962923462,True
matched_prefix_counterexamples,c_2aa3cd937aa950f04352c3203582cbb6,late_knee,True,False,6,32.316930862462996,20.953484908275072,9.8393381141820608,True
matched_prefix_counterexamples,c_2b4509bf9ffc30a9577cc4ab38ffb40a,late_knee,True,False,6,47.894299661196193,11.112863241058577,5.2217130765165916,True
matched_prefix_counterexamples,c_2bbc8ae15014697a15e6468d0750df18,late_knee,True,False,5,32.14199707547926,14.055122995308366,6.0696459416746587,True
matched_prefix_counterexamples,c_2c3d8cb3d0814dd516117de56d8b46f0,single_power,True,False,5,33.548881139829675,0.52048890612037724,0.25947462191129167,False
matched_prefix_counterexamples,c_2dded31942b6e92fcd97b25c388494db,late_knee,True,False,5,32.467984690392043,16.251566708019254,6.575147981444732,True
matched_prefix_counterexamples,c_2e99f1b2d26326ddb297fd2c6aef93e1,single_power,True,False,5,34.763832445776508,0.91721554723081056,0.62977504955375863,False
matched_prefix_counterexamples,c_2f1538100a68431dde8513a89ce77a1e,single_power,True,False,5,32.141996694715161,4.1092735572751735,1.5062325577696722,False
matched_prefix_counterexamples,c_2fb6af7a00a5bc1a865c8cac8c2771e9,single_power,True,False,5,43.580959339739145,10.283001124750484,5.1279867870482043,True
matched_prefix_counterexamples,c_3091379d671d5396f91fb7e68c4328f7,late_knee,True,False,5,36.742956779689486,12.149004496308905,4.8211441471009184,True
matched_prefix_counterexamples,c_31280287a2cbb548aee14f6d90d920b9,late_knee,True,False,5,34.774607427062371,11.197468523647728,3.8202535591791005,True
matched_prefix_counterexamples,c_315658dff3731403e5f22e27bec8953f,single_power,True,False,4,32.141998378119354,10.394824604998163,4.5096344550222032,True
matched_prefix_counterexamples,c_31760789c440c31b39db1e03f935a00c,single_power,True,False,5,32.45973105251619,0.0016718274442553138,0.0027233628584242674,False
matched_prefix_counterexamples,c_3286758d1e50f2cad82d6dd7b150c50c,single_power,True,False,5,38.849395927528057,4.0384984159442467,2.0051169966092739,False
matched_prefix_counterexamples,c_32e73deb5f3709c85f39a5d5514c1aed,late_knee,True,False,5,33.390557432974873,11.372567435960306,4.5470884286325726,True
matched_prefix_counterexamples,c_34a815e8b9538a46462b1fab3d08e5b4,late_knee,True,False,5,44.765715085440895,6.5684185730651876,2.5632258507870751,True
matched_prefix_counterexamples,c_34a86c72473b9dcb77d990077c1904fc,late_knee,True,False,5,39.123871220303691,10.494250235196006,4.2731127384196812,True
matched_prefix_counterexamples,c_34b8398a095516b1768ac866c2f632ad,late_knee,True,False,5,33.862303405406507,15.732864947063703,6.7310452263911476,True
matched_prefix_counterexamples,c_3610d07f3af6b1e1fa20e3301118688c,late_knee,True,False,5,32.475542853578389,10.925060196066752,4.5146636493106946,True
matched_prefix_counterexamples,c_361d33cf9d6e549ddde9e2fca278428a,single_power,True,False,6,32.316930862462996,2.5943356609500654,1.8102130883111622,False
matched_prefix_counterexamples,c_36ee846ac9f84d6dbd904a9bcf0dcbd2,single_power,True,False,5,36.722014095680358,2.6403245227587178,1.4950956096625683,False
matched_prefix_counterexamples,c_380f9b571c44236d65bd52f23decd249,single_power,True,False,5,36.381141015293473,1.390779511465027,0.92414767604735493,False
matched_prefix_counterexamples,c_38b17c58356e8a4ad7bc4c51c29d9dce,single_power,True,False,5,49.992310459100985,14.17633293523906,5.7762853584467972,True
matched_prefix_counterexamples,c_39e9792d12db1c964c96bb12eb3ad195,single_power,True,False,5,49.157252639489236,14.967349058192468,6.0972285977266294,True
matched_prefix_counterexamples,c_3af027951b314eebbc5aa6a00ac152bb,late_knee,True,False,5,33.415703245150809,10.592826753662834,3.8700801723414977,True
matched_prefix_counterexamples,c_3c5b0ac696df93a60674f9a361048ae7,single_power,True,False,5,32.142000351085798,0.71353191879721578,0.45116442499334103,False
matched_prefix_counterexamples,c_3e2563c76346ba5ca36bafc654361e73,late_knee,True,False,5,32.720860707113729,11.88995298523426,4.3336364735634447,True
matched_prefix_counterexamples,c_3e95fb22c18ce35a190cc9d61dcaf22e,single_power,True,False,5,32.141998990571423,0.53697653087071728,0.26217679190781468,False
matched_prefix_counterexamples,c_3f14d3781ebda18aad2653b80d0490bc,late_knee,True,False,5,34.777283516490414,9.2375238685717846,3.6301315018778695,True
matched_prefix_counterexamples,c_4022f9aedeffae250165e1684e9e91d5,late_knee,True,False,5,32.141996495558729,15.566080630177339,6.0988600970613449,True
matched_prefix_counterexamples,c_402b7e79d4c8eb567cec476dffb210f0,late_knee,False,False,0,inf,6.5137171564604017,3.0748796564916403,True
matched_prefix_counterexamples,c_409a4b7bb3af471b7e1f33bfeb3ae30c,late_knee,False,False,0,inf,15.429967286282846,6.8912403999182192,True
matched_prefix_counterexamples,c_409bafe54b2f6340c8ecbb1601481ae0,late_knee,True,False,5,36.722014095680358,13.188446992019465,5.0263138623738275,True
matched_prefix_counterexamples,c_41bc03cd80ffee8009b732a97bd37c21,late_knee,True,False,5,35.660922707529728,12.98934555273965,5.1685214850136303,True
matched_prefix_counterexamples,c_42491f1e263efa9beae7bbd186e14833,single_power,True,False,5,33.861298572051098,0.11488819000391004,0.15803426596687231,False
matched_prefix_counterexamples,c_4366d535a27c11f9c1d52cfaebb033a2,single_power,True,False,5,32.530208106381679,0.66813271290916987,0.53129481876726303,False
matched_prefix_counterexamples,c_444212e661834a3707306cf764168de3,late_knee,True,False,5,32.141999792988159,9.2584016232382282,3.3704273675472898,True
matched_prefix_counterexamples,c_446ce89561c9f698466c85afb6211d0d,late_knee,True,False,5,34.134920200341128,16.416547960564344,6.3645195275629263,True
matched_prefix_counterexamples,c_44f2bbfb465cde223967dcd8daa9cf50,single_power,True,False,5,37.021972132299744,1.0918987558565192,0.52721072201718822,False
matched_prefix_counterexamples,c_45872b5389ba7ee1139978ff11bfb27c,late_knee,True,False,5,32.190453577312589,10.530122068375661,4.3292679219226367,True
matched_prefix_counterexamples,c_45c180b825018539c5ca1df798175216,late_knee,True,False,6,35.120217138174027,15.127342970947694,6.8509418094916681,True
matched_prefix_counterexamples,c_464425e1ea34b99b02cf2ddbc0bc47d3,single_power,True,False,5,56.857936492134137,21.23612479236354,9.2949845744493391,True
matched_prefix_counterexamples,c_4659ff41e43193f295d6bec808e584cf,late_knee,True,False,5,32.438830002340254,13.608544354050636,4.6799391570775519,True
matched_prefix_counterexamples,c_465da47c7e65ba7c15452212061d46b8,single_power,True,False,5,32.141996741609603,1.1065782954866705,0.83627667872691891,False
matched_prefix_counterexamples,c_4698e082e0e14579bfd4c62f7d1e5b35,late_knee,True,False,5,39.709500232220499,10.116762766343058,4.1415208371670111,True
matched_prefix_counterexamples,c_48de8cdccdd17c23221c050aba019a60,single_power,True,False,5,33.124926633580131,2.9723681546007299,1.515459701771166,False
matched_prefix_counterexamples,c_48f8e80659c6644ec6f897bb760f6088,late_knee,True,False,5,32.141998688440864,19.213502636236811,8.0155402173273504,True
matched_prefix_counterexamples,c_491588574f6fee1a0a7b1bfbbfbce387,late_knee,True,False,5,32.43753918087247,2.6114951927684871,1.7971499119634573,False
matched_prefix_counterexamples,c_493194eab0822abe20d06cb50c7db99e,late_knee,True,False,5,33.797910878048036,13.944277753189169,5.902729299900809,True
matched_prefix_counterexamples,c_49f865838d83ba0be2b07afa44a7b80c,single_power,False,False,1,inf,1.275146376526024,0.9056744788326937,False
matched_prefix_counterexamples,c_4a01519ddd34cb22a1e82b149ffefc1b,late_knee,True,False,5,33.08309265780079,15.966864688425389,7.3725451803172,True
matched_prefix_counterexamples,c_4a0f8a3ece8fbb0c83fbb60c2c15ca66,late_knee,True,False,5,32.873827746944002,9.599494109853083,3.5178205218304393,True
matched_prefix_counterexamples,c_4a715e1e94873afddbc6883c59c08bc3,single_power,True,False,5,33.302995894352094,0.080063624323216231,0.082185290785828105,False
matched_prefix_counterexamples,c_4ad28136e82dbfae470f7473712a54c2,late_knee,True,False,5,37.077704520590167,15.72826587114055,5.6081125915347352,True
matched_prefix_counterexamples,c_4b01b4398adf3163b09771987d772b67,late_knee,True,False,5,45.117793155952462,5.9273912757496703,2.3376458271713547,True
matched_prefix_counterexamples,c_4b305d39f702f522b1d86d623882b034,single_power,True,False,5,32.141992546597635,1.8518534647741092,1.0363764963949973,False
matched_prefix_counterexamples,c_4b98d5b2db434c1e5818fb8e6a261610,late_knee,True,False,5,33.548881139829675,12.716281034312317,5.1866844181446377,True
matched_prefix_counterexamples,c_4bb2ff783991ef9b7f7eae80d0862d6a,single_power,True,False,5,32.141998688440864,1.8637511710139734,1.2791563548664078,False
matched_prefix_counterexamples,c_4c0c489494a1f9329bc20c6047348f0b,single_power,True,False,5,34.085323119512402,1.0413795845045257,0.53124104595044486,False
matched_prefix_counterexamples,c_4d2163474bf7e6dae61c70e7f1b84aad,single_power,True,False,5,32.141999949992424,2.2880400379138308,1.4103712585604973,False
matched_prefix_counterexamples,c_4e065820e0cb193f588036d72aa28002,late_knee,True,False,5,35.021623135025315,10.789417708307766,3.7202612306678455,True
matched_prefix_counterexamples,c_4fd0aaf2704154b82409d4007a20f647,single_power,True,False,5,32.720860707113729,0.0042844700942339387,0.15490410190844467,False
matched_prefix_counterexamples,c_4fe0c7f6e1bb4788f63fe45e34e8729e,late_knee,True,False,5,42.571760560630501,11.88081262301597,5.1627690934570163,True
matched_prefix_counterexamples,c_5075f579091feabb70740bd68f330c52,late_knee,True,False,5,34.410069943545722,8.523934926337148,3.1591495891801626,True
matched_prefix_counterexamples,c_5078dd3f0a0436b3b227ef227e6c7a7f,late_knee,True,False,5,36.431064690944702,13.037467061967888,5.0748857378813916,True
matched_prefix_counterexamples,c_5085079b537f3fdb744202e32fbbeddf,late_knee,True,False,4,32.528195935594937,16.15952802295466,6.2782863608408617,True
matched_prefix_counterexamples,c_5115ea97b3fb999c61cb1b850d4c2a4d,late_knee,True,False,5,34.484452108404525,20.485780690830367,9.8665512821240089,True
matched_prefix_counterexamples,c_512eb4dea3fbdd9042e38f85ebd6139a,late_knee,True,False,5,32.510279786244539,18.304469718272969,7.1423553065400629,True
matched_prefix_counterexamples,c_5207d9da78d93ae9c1867dc0fa2488b9,late_knee,True,False,5,49.992310459100985,1.4547520200560626,0.99050106441216268,False
matched_prefix_counterexamples,c_52bcba9a5c3678aa5c764918e17b9bf8,late_knee,True,False,5,32.141992546597635,15.303625698545531,6.0650125565884752,True
matched_prefix_counterexamples,c_54c2ee9af0b9b3c2339b4f12c9c85419,late_knee,True,False,5,35.363219679162206,11.564146728476032,4.4852256329100735,True
matched_prefix_counterexamples,c_5593901e35a1827f98cab21e4052ed21,late_knee,True,False,5,32.545008473154866,15.910291987659022,6.2112902091126418,True
matched_prefix_counterexamples,c_57381b0d364ec10809ec3858d0f37682,late_knee,True,False,5,53.808614783199268,9.0255475026954315,4.0873435184152376,True
matched_prefix_counterexamples,c_57ad46a77493dca8d7a7d3e481f327c6,late_knee,True,False,5,32.141998662800248,12.375193718392964,6.0836473006477796,True
matched_prefix_counterexamples,c_5845cf1dbe16fcb0befcac553125e726,single_power,True,False,5,32.141992809354662,1.0925546292985757,0.55738070399387984,False
matched_prefix_counterexamples,c_586d66712371d288e5691c6a60f6e268,late_knee,True,False,5,33.748910876094655,12.905511525352694,4.5852785986100972,True
matched_prefix_counterexamples,c_590856a577715028c5b5941b1af99cbf,late_knee,True,False,4,32.141999118689057,12.355766671382099,5.5248101978569357,True
matched_prefix_counterexamples,c_5c6d4353e766f996eee933ac51bf44f4,late_knee,True,False,5,33.035374702245662,16.006988536797479,6.0342573159562924,True
matched_prefix_counterexamples,c_5d1227931a3b3947e8e8912935813ef8,single_power,False,False,0,inf,1.1372221030268861,0.589641422519526,False
matched_prefix_counterexamples,c_5d93a0083c6303ff052647824b02abba,late_knee,True,False,5,32.141997043678685,13.235501456397458,5.1603666548625906,True
matched_prefix_counterexamples,c_5d93ff91fe7ea502b5991871082904e4,single_power,True,False,5,32.141997897944023,2.8253823995740106,1.2296893712596564,False
matched_prefix_counterexamples,c_5ef9ae39353d98d9902d85d436c6ca7c,late_knee,True,False,5,36.461876336209777,20.191250030294611,8.1842021335596282,True
matched_prefix_counterexamples,c_5efb4a592e67e2f6b715c87ef18849a1,single_power,True,False,5,38.241952260797852,0.15711861981897357,0.067456070963092807,False
matched_prefix_counterexamples,c_5fdc83205b581056bbe4a3887b254075,single_power,True,False,5,36.908563635628603,3.0733258310093277,1.582091823579729,False
matched_prefix_counterexamples,c_60910f638037cf652b32569cc35faffd,late_knee,True,False,5,32.141997896674908,13.58797984709598,7.1055445527458794,True
matched_prefix_counterexamples,c_613d9c435d7c9ddb3e1094166f93dbe1,late_knee,True,False,5,32.401692433242061,9.8008176838060876,3.7836496596727875,True
matched_prefix_counterexamples,c_61bf6f649a411eac284d4ed56179ce21,single_power,True,False,5,45.117793155952462,10.516339438211332,4.9154694187049497,True
matched_prefix_counterexamples,c_61e2c9d83c383315ad337e3e7d3cba69,single_power,False,False,0,inf,3.4156368581761143,2.2422269985063381,False
matched_prefix_counterexamples,c_623b8ca0173a975298f2fb0150cd398c,single_power,True,False,5,34.181137991028102,0.45191136562563372,0.39485915188129994,False
matched_prefix_counterexamples,c_6383d95062f1de80018d54c41fd4089d,late_knee,True,False,6,36.273811386041793,11.459199794095497,5.3376338834275874,True
matched_prefix_counterexamples,c_64137de0def219c16ea6187a6e8f38d3,late_knee,True,False,5,53.300475238186756,0.41867688927980851,0.94613664821786903,False
matched_prefix_counterexamples,c_6446680bfecab24949e5d07e966858ed,single_power,True,False,5,32.141997206450029,2.1028691415364449,1.4501053239871966,False
matched_prefix_counterexamples,c_64c48a31821794bd2217a33ad17e8d03,late_knee,True,False,4,32.142005320127517,9.7457930045681422,4.0608431703438947,True
matched_prefix_counterexamples,c_64c59a0a6326eb919a0abe839834815c,single_power,True,False,5,53.300475238186756,19.61066783173078,8.4669249181413733,True
matched_prefix_counterexamples,c_64e2158dbb903fd851d1bd67c82cb4e7,late_knee,True,False,5,33.655671901539435,16.752322804635426,7.1206106575038799,True
matched_prefix_counterexamples,c_655705b649229ed1cbbd05d024fce8ef,single_power,True,False,5,33.035374702245662,0.32065850575398258,0.14673065679812905,False
matched_prefix_counterexamples,c_66aca473ec6f844ebe1efbea8b6d42be,single_power,True,False,5,36.431064690944702,1.3593523546751811,0.51171181343095218,False
matched_prefix_counterexamples,c_6724d91cb4603641097f7f6a8f143d24,late_knee,True,False,6,36.842549997964163,10.176992652658157,4.3248927255495815,True
matched_prefix_counterexamples,c_6822e76957729c14f5b9160dc270e792,single_power,True,False,5,56.161094977425854,28.849504023629976,12.392765852805535,True
matched_prefix_counterexamples,c_685d99e0f308f08d6431d4c43f7353f6,single_power,True,False,5,32.42387296383545,8.0274198855456831,2.6827832402379475,True
matched_prefix_counterexamples,c_68d7c9884380d6f8a383b9a646e50dae,late_knee,True,False,5,40.740535037119379,13.569836410497118,5.0797754144725609,True
matched_prefix_counterexamples,c_68db3cfe9bc35d3285613254145ae6a2,single_power,True,False,5,32.953529426524298,0.43491421055163926,0.21804384215058029,False
matched_prefix_counterexamples,c_68e74d82a01e9e92bde3fa2c5483384d,late_knee,True,False,5,38.318533566301944,3.6002116657247143,1.8231155979752558,False
matched_prefix_counterexamples,c_69947463c9d66f0b3e54fa8909e3bf50,late_knee,True,False,5,36.381141015293473,11.196465624442027,4.158568957855735,True
matched_prefix_counterexamples,c_69a3a4d0d8a7ccd3370b05b2fe44cbc8,late_knee,True,False,5,32.141995579149643,17.098434866824306,6.4723396927276777,True
matched_prefix_counterexamples,c_6bc70a79fdf88ac6515b3fbdde0dbdcf,late_knee,True,False,4,39.262438228532282,16.669962575844551,7.4177754211760378,True
matched_prefix_counterexamples,c_6bc83ce86121c1bc51e2747622847bdb,single_power,True,False,5,37.865161428029857,2.0746462524072484,1.0997780231520853,False
matched_prefix_counterexamples,c_6c918f1b5b6760b3c548385c8d7c83e5,single_power,True,False,5,32.754673037562803,1.004264254566607,0.60087479102252961,False
matched_prefix_counterexamples,c_6ca8a6742801db43b4c093e1a86ae472,late_knee,True,False,5,32.609317050312868,10.986173674478962,4.7635580656539966,True
matched_prefix_counterexamples,c_6cdf24d8473dc185a29e25e804ec9b2e,single_power,True,False,4,50.815631875498987,14.582202759138482,6.5163741000026398,True
matched_prefix_counterexamples,c_6d9e5b6db5dbfa74c4ae6fb6d0fd0570,late_knee,False,False,0,inf,1.9895945065418346,0.97362725985507026,False
matched_prefix_counterexamples,c_6ef8f4260f8e57fc0d12222853773a85,late_knee,True,False,5,32.570226179435835,9.0486225410348595,4.1583336873579659,True
matched_prefix_counterexamples,c_6f5ae3d685db63754d0a532b40d5f3ba,late_knee,True,False,5,42.00888598253264,12.83496312240996,5.0252990194111007,True
matched_prefix_counterexamples,c_6feba11918ef9c5a81cdaeb4a1b396b8,late_knee,True,False,5,32.141998009593436,11.220774728015826,6.0659920439678494,True
matched_prefix_counterexamples,c_705e129ebf402edd30218d246a63524c,late_knee,True,False,5,32.142001166263171,15.136794267608636,5.0850206375693583,True
matched_prefix_counterexamples,c_70b895f6b398c0bb581fb1dba434d9bd,late_knee,True,False,5,32.403949132881166,15.462090884706342,5.8270626308976912,True
matched_prefix_counterexamples,c_7260787df2b0f383566d9513d34628e3,single_power,True,False,5,33.907013833513716,1.7685456064860858,1.1073833107259621,False
matched_prefix_counterexamples,c_7380adfcdfd974592fff2081a6a31663,late_knee,True,False,5,36.991155419040957,11.269148696733339,4.4233675043472225,True
matched_prefix_counterexamples,c_7566615b2802cb176ed22d497352c36f,late_knee,True,False,5,56.161094977425854,12.502004822594699,6.5055691977351611,True
matched_prefix_counterexamples,c_7579b729cdd8b28de74aa0d602c80914,late_knee,True,False,5,32.141999131655382,19.158852688765307,8.0488866380533519,True
matched_prefix_counterexamples,c_757d9d218dbeda23134e14431ed5ca00,late_knee,True,False,5,32.709611976755369,8.6022868349880639,3.1529367828310511,True
matched_prefix_counterexamples,c_759de9577442066be30b4a1a3b419ac0,late_knee,True,False,6,32.581117345430314,18.681054635732607,7.2851060017687228,True
matched_prefix_counterexamples,c_7719d7e7da0861ade749a847b441cff2,single_power,True,False,5,34.807986054688705,0.40929539555229155,0.21037699430077694,False
matched_prefix_counterexamples,c_77526bd05f6e2dfde73f3c6d98096f63,single_power,True,False,5,36.353203802170093,1.7128859899907241,0.91444637657789862,False
matched_prefix_counterexamples,c_78cf73096304c0156168405fb6a0c22d,late_knee,True,False,5,37.865161428029857,12.420533655120153,5.5380416452990007,True
matched_prefix_counterexamples,c_78fddcbbf2a61139ce20c62fee9acd52,late_knee,True,False,5,52.703541124506337,3.234420421611901,1.1253467347655295,False
matched_prefix_counterexamples,c_790c1bd0e47b7265fc41f2c5d73b03c2,single_power,True,False,5,32.739223797881166,0.36640113112973438,0.18882146392547192,False
matched_prefix_counterexamples,c_79e2b2d5e7f64655b5f10e37bfaabe93,late_knee,True,False,5,32.142000351085798,10.559036648056022,4.6004745686100943,True
matched_prefix_counterexamples,c_7b8dc69b895be20ab88c7eb897a17e73,single_power,True,False,5,32.227488555490538,7.7317215865170539,2.4632685563092349,True
matched_prefix_counterexamples,c_7d460a6d36fbf324556ea97bf95726fc,single_power,True,False,5,32.141997957797059,2.1187966448605096,1.3737122407029942,False
matched_prefix_counterexamples,c_7de0810e4be95d72a855655c9ca8af68,single_power,True,False,6,36.273811386041793,0.84088925006902571,0.31888132021052418,False
matched_prefix_counterexamples,c_7e7fb9839473fd93c652f2dd7d8dfd12,late_knee,True,False,5,35.479804013656484,20.09700671285988,9.1489638418261308,True
matched_prefix_counterexamples,c_7e9fe71c3906c96c7aeb148888c6efe8,single_power,True,False,5,34.777283516490414,0.71046041332067489,0.39012315001694892,False
matched_prefix_counterexamples,c_7f070b01c3b50099809e351b95478cec,single_power,True,False,5,33.862303405406507,0.20501780074083342,0.088245989753409498,False
matched_prefix_counterexamples,c_7f8a1beb57717bdcbdf6f15a43277da3,single_power,True,False,5,32.161944778373325,1.2720198769880398,0.92777081416200113,False
matched_prefix_counterexamples,c_80099c3693ebdbc2e6a230cc1ca679b5,late_knee,True,False,5,33.488076627502323,20.041941655797856,8.0835458379643583,True
matched_prefix_counterexamples,c_8032cf454c35d1f2f74c35cdc1d07a76,single_power,True,False,5,33.97125402081285,0.25738001148341993,0.11141657515212151,False
matched_prefix_counterexamples,c_80a08df3d46396e953430a8e1cbbeed1,single_power,True,False,5,32.652666325898608,0.042158822321951561,0.070012687611179819,False
matched_prefix_counterexamples,c_8206d5af3ddce6c4d99aca257f01cadf,late_knee,True,False,4,32.687986503223641,21.005884328320008,9.7585011389204404,True
matched_prefix_counterexamples,c_822d8a131d1e6d8deb5cb828970836ca,late_knee,True,False,5,32.893432918565637,16.573058074338221,7.1905326263642939,True
matched_prefix_counterexamples,c_83aed27f3a34dc1716fbad3da7c3c740,late_knee,True,False,5,33.657444924101995,5.2333682847114318,2.2557887424494383,True
matched_prefix_counterexamples,c_847fae98a5677988ccceb04e0daf6cb5,late_knee,True,False,5,32.141998990571423,17.564109812519362,6.7002000544098106,True
matched_prefix_counterexamples,c_84e59507f2079afbe4c6fb2214d46bad,single_power,True,False,5,52.667287299698266,18.743754101592074,7.8953991065356499,True
matched_prefix_counterexamples,c_856c54123ea9e2e74ee7902d5de4afaf,single_power,True,False,5,34.805137787868418,0.032658510234185201,0.29935483907788907,False
matched_prefix_counterexamples,c_857d8a9a04fe6b0663a249d5463a0662,late_knee,True,False,5,38.241952260797852,16.794017662806709,6.7331082538767397,True
matched_prefix_counterexamples,c_85c26d5e7b0d718eda5ea5f87cf87373,single_power,True,False,5,32.43753918087247,8.6202045857560137,3.1696554670898611,True
matched_prefix_counterexamples,c_865425047f8cf38b3db6f52e293986e9,late_knee,True,False,5,32.961626362842495,14.794008376960193,6.3520604790801247,True
matched_prefix_counterexamples,c_86c830c854d607c17948b4ac12e5b393,late_knee,True,False,5,32.141996977222462,9.3406379053480748,4.4048715033965893,True
matched_prefix_counterexamples,c_875b0b8fbae928a86f030ffe02b9f985,late_knee,True,False,5,32.141996239039088,2.524618008953766,1.4224612444030347,False
matched_prefix_counterexamples,c_87cc19720770dd3fae06a57e5d2abda0,single_power,True,False,5,32.873827746944002,0.63056587139143971,0.37981452636439333,False
matched_prefix_counterexamples,c_88651f92e783954b1c785de3b0c78957,late_knee,True,False,5,32.141997617525092,12.748479039685009,5.4269704979873099,True
matched_prefix_counterexamples,c_89aa84085dafaffdff33b16c6b64d07b,late_knee,True,False,4,33.580958223323009,14.674465532699415,5.4089824229633532,True
matched_prefix_counterexamples,c_8b2634ac2eb59a0bf995544b9a6cefd1,late_knee,True,False,5,32.940226606874432,16.792469267680389,7.0594469162581959,True
matched_prefix_counterexamples,c_8c5de749492a0d921cbc85801dcf3f5b,single_power,True,False,6,32.581117345430314,1.1230751849758889,0.70768071507667107,False
matched_prefix_counterexamples,c_8c98190ecda75fc91b60703e7b67d998,single_power,True,False,5,34.410069943545722,1.1512559576201937,0.63087647203063124,False
matched_prefix_counterexamples,c_8d5d9caba807413e83133741af12efcd,late_knee,True,False,5,36.644717629376593,8.7097027961728628,3.9662791511597488,True
matched_prefix_counterexamples,c_8da82ca248a5885652610c4a7e71c080,single_power,True,False,5,32.141997941694967,0.62440155636426198,0.31553993027585459,False
matched_prefix_counterexamples,c_8efe4a8a683588067ac33c0cd15a5e32,single_power,True,False,4,53.047609058983937,34.210146588025445,15.448772014704035,True
matched_prefix_counterexamples,c_8fc9b8dd489397c4105a6962ea068b16,single_power,True,False,6,32.141999929628213,0.58394563770001184,0.43358754377519759,False
matched_prefix_counterexamples,c_9019e960af52ac4cfe873e20ede5dfa8,single_power,True,False,5,36.090602202937752,3.3828649028378805,1.7866330766627361,False
matched_prefix_counterexamples,c_909a8fa0a4e2e76f1a560aa7c54f0a09,late_knee,True,False,5,34.963110351738301,14.918612772911587,6.3495979415895603,True
matched_prefix_counterexamples,c_922446ada993f101575be3e546672425,single_power,True,False,5,35.021623135025315,0.59259477071667277,0.41937106041589572,False
matched_prefix_counterexamples,c_93630317ecfd54941d2798ed0a4ed875,single_power,True,False,5,32.714468777571767,0.77692820682470654,0.34369912021291554,False
matched_prefix_counterexamples,c_93c3704c01f5e8f3a7536658f0a13ee2,single_power,True,False,5,32.570226179435835,1.7172536972786787,0.62614653270365661,False
matched_prefix_counterexamples,c_93e381d113563e48684a47854e305fbd,single_power,True,False,5,32.37025220245215,0.14719453153068685,0.10156183573983635,False
matched_prefix_counterexamples,c_9496731290ee92359e284e81811a890b,single_power,True,False,5,42.00888598253264,5.556762937161281,2.4976305872099949,True
matched_prefix_counterexamples,c_95ddcffc56177802b3885f0d8b71dc02,late_knee,True,False,5,33.302995894352094,13.745008002183084,6.1154061643514819,True
matched_prefix_counterexamples,c_9690885450423e513a5379cf873eb5ae,late_knee,True,False,5,35.954990780270244,15.318127225360101,6.7760607658783911,True
matched_prefix_counterexamples,c_96bb9d80a04fd2c9799dbd1dbdc6fbec,late_knee,True,False,5,32.141997999630505,15.454584290458044,5.7685110764790934,True
matched_prefix_counterexamples,c_98027c560ce68ada464c2b77ea548f6a,late_knee,True,False,5,34.70877380367574,12.417188628891907,5.4743749716139121,True
matched_prefix_counterexamples,c_98d8172abf2bd74a533b617a56f5306c,single_power,True,False,5,35.017622871409678,5.1501551888980686,2.2738168581861857,True
matched_prefix_counterexamples,c_99b7069378b0262ecb02b2446a060a5c,late_knee,True,False,5,32.754673037562803,11.593270945170062,5.0363812749987495,True
matched_prefix_counterexamples,c_9a4b136b6e5aa6c23303fd58e5d978dd,late_knee,True,False,5,32.141996741609603,9.6373628420990229,2.9134942433033095,True
matched_prefix_counterexamples,c_9b311f1e76ef1a4faa99ea7abf93edf1,late_knee,True,False,5,36.908563635628603,11.728094726060249,4.9254047481966525,True
matched_prefix_counterexamples,c_9b46adc261287764a86128e609a57a54,single_power,True,False,5,33.577346344321136,5.2799325793642282,1.3931897904092401,True
matched_prefix_counterexamples,c_9b61ac340aa8e7727c2a9c1da5bbffdc,single_power,True,False,4,32.142005320127517,3.2816321403282558,1.8243836642737221,False
matched_prefix_counterexamples,c_9bb0418b696db6164723cdc81a1b7701,late_knee,True,False,5,33.792173059818182,13.059959635646265,5.5030384352863013,True
matched_prefix_counterexamples,c_9da62035c613f135cb56d777adaa1661,late_knee,True,False,5,32.714468777571767,10.331628150511733,3.5957190099127878,True
matched_prefix_counterexamples,c_9e3430a85954d078bd7e4ea7c1cad51c,late_knee,True,False,4,50.815631875498987,2.0528753574864851,1.1969152743009677,False
matched_prefix_counterexamples,c_9f88c8c21e556cbcc9630738eff31342,late_knee,True,False,5,32.993563495927219,15.745444728911394,6.8965934042949026,True
matched_prefix_counterexamples,c_a116bf73cb7af95cd62cc3f9730712d1,late_knee,False,False,0,inf,13.46706107545694,6.4176392452962716,True
matched_prefix_counterexamples,c_a175af7826c7d2bf0ce36150a448fac9,late_knee,True,False,5,35.841923743271344,14.281584520063433,5.441926674835929,True
matched_prefix_counterexamples,c_a278530b449e69a61cddbf5ca669a231,single_power,True,False,5,32.190453577312589,0.18292703425133539,0.10440495731838532,False
matched_prefix_counterexamples,c_a3dd09c19903032656826b6ce13024e8,single_power,True,False,5,38.318533566301944,8.3730087648559675,2.6403768499535549,True
matched_prefix_counterexamples,c_a40040643f113a95f32e063fdab1d5f5,single_power,True,False,5,32.403949132881166,1.6001983417544636,1.0664726173090793,False
matched_prefix_counterexamples,c_a4d208ff343b9b80483080df844b8a35,late_knee,True,False,5,32.141998212248296,10.363932052667209,5.7773671437415528,True
matched_prefix_counterexamples,c_a63ff6833b8f2276deb44cbeabc66765,single_power,True,False,6,32.14199995039499,2.9429545442910268,2.0873413829628036,False
matched_prefix_counterexamples,c_a65245d3f046c6f86e4455980fab4761,single_power,True,False,5,36.644717629376593,6.43611900447236,2.5597216238241174,True
matched_prefix_counterexamples,c_a709f8aa80b213c1e31ad456a5549cba,single_power,True,False,5,35.841923743271344,1.6406889668901243,0.99026837461884132,False
matched_prefix_counterexamples,c_a8008b578d3a084a60049084408d62a5,single_power,True,False,5,35.479804013656484,0.40743169472651175,0.30797085622749548,False
matched_prefix_counterexamples,c_a9b78627d4fe168fb886665f4ada782c,late_knee,False,False,0,inf,13.65363243002416,5.4335807365763236,True
matched_prefix_counterexamples,c_aa2e2a036fe6e3a83995e81148b8d575,single_power,True,False,4,39.46345383962565,3.5216742490352715,1.8965210303277618,False
matched_prefix_counterexamples,c_aa92418600bc0fd049775ec84f5a549f,single_power,True,False,5,38.748228229030893,5.6387653914614475,2.718039030390103,True
matched_prefix_counterexamples,c_aaa75f8cf99cfb3266162874d18b7975,single_power,True,False,4,32.141987149304718,10.794805026742281,5.1573014872945313,True
matched_prefix_counterexamples,c_ab7502787025a9cd63d71d7602701758,single_power,True,False,5,34.963110351738301,3.1890022586379416,1.6098744090183805,False
matched_prefix_counterexamples,c_ab7d93f3b7ae07bf466358d5dcce8330,late_knee,True,False,5,34.085323119512402,16.164313066036939,6.9629104255353971,True
matched_prefix_counterexamples,c_abfbd4308cb689e67aa8fefde81e9d6f,late_knee,True,False,5,34.202144345942372,13.513426132579028,4.8816504901060824,True
matched_prefix_counterexamples,c_adc1f25988003126b84fa9ac24607e5f,late_knee,True,False,5,35.017622871409678,11.568448275778522,5.0998126067763403,True
matched_prefix_counterexamples,c_af6d4196ce938328bb3114e7db12a43c,single_power,True,False,5,44.073843779382521,8.7752879303362192,3.3490143889713782,True
matched_prefix_counterexamples,c_b159e8e9f7fe5983aa85c22b26255b13,single_power,True,False,5,50.634735887502707,5.8421762472429464,2.9446528011473836,True
matched_prefix_counterexamples,c_b1618f7fcd2a72533e571197b411bdb6,single_power,True,False,5,33.735592508372818,0.62970318055924679,0.42231975650208237,False
matched_prefix_counterexamples,c_b1f2826313f25512fa62d117079f3a54,single_power,True,False,5,32.381328453523651,2.4739638026663471,1.5538261821277963,False
matched_prefix_counterexamples,c_b378987a9d71db8593b98fd3dae0d68a,late_knee,True,False,5,32.45973105251619,20.490572186518563,8.764315296550123,True
matched_prefix_counterexamples,c_b4b650a57094ccd69dcd31bb75ae9469,late_knee,True,False,5,32.953529426524298,19.600006979557563,8.1209533345446925,True
matched_prefix_counterexamples,c_b4b8d70b2ca39cfcf1fc493a2aba1b71,single_power,True,False,5,39.682233783786863,3.8047978752383926,2.076073069620227,False
matched_prefix_counterexamples,c_b6868e73fc8175c77c5c96599e0dfca5,single_power,True,False,5,33.797910878048036,0.24547560019395576,0.1006940881990194,False
matched_prefix_counterexamples,c_b6892a59c90a1dab5e353043d73969e8,single_power,True,False,5,32.141996495558729,1.1595100899256749,0.65779213547366178,False
matched_prefix_counterexamples,c_b6a14fd04400c55de94aa9166953d57e,single_power,True,False,5,32.365084377854174,2.0135592671794456,1.121121364467885,False
matched_prefix_counterexamples,c_b75583392727cf07aa49eefb88eed7b0,single_power,True,False,5,32.475542853578389,0.42737968999077225,0.2243151031240519,False
matched_prefix_counterexamples,c_b7ca07832a19460d8d8bdd4f457a5f99,late_knee,True,False,5,52.667287299698266,0.71455898409533347,0.46138460895802719,False
matched_prefix_counterexamples,c_b813264e77cf1bd7bc63ed035c420efc,late_knee,True,False,5,32.601246559159257,4.4233940445812863,2.3956381167269116,False
matched_prefix_counterexamples,c_b8288b8eee047321f589a078105fe5b5,late_knee,True,False,5,35.312337295371371,14.847771054313455,6.0766703732554435,True
matched_prefix_counterexamples,c_b924e6f924a2e6d4a88ac6a6cb9464b1,single_power,True,False,5,32.438830002340254,0.78059942380217251,0.48533424664704194,False
matched_prefix_counterexamples,c_b9757802102add35b62e1f9c16537cef,single_power,True,False,5,32.141996239039088,6.3303594226868825,1.7245521959866337,True
matched_prefix_counterexamples,c_ba0b94a38f23c4ab4c49301e886ca3cf,late_knee,True,False,5,34.807986054688705,14.516167226891483,6.0875455738758282,True
matched_prefix_counterexamples,c_ba545132d05d912d1865c28fdf3b7d26,late_knee,True,False,5,32.653410202783434,11.596768376444828,4.9144365341156098,True
matched_prefix_counterexamples,c_bbefa61cabc7ab5a724c9eb88905a5cb,single_power,True,False,5,32.141997043678685,1.6153117174175549,0.61789933980141976,False
matched_prefix_counterexamples,c_bc0961d94f3137e7fcc7c3c89bef9444,single_power,True,False,5,35.312337295371371,1.738961375116105,1.1746525031190216,False
matched_prefix_counterexamples,c_bc19ce84a7a0d7a35daa102a30d5fb80,late_knee,True,False,5,33.947260309933881,13.565611805224549,5.8922330436917516,True
matched_prefix_counterexamples,c_bc59671f507dfe146e03f711ee84dc60,single_power,True,False,5,32.653410202783434,0.15305277788338856,0.17403853039259232,False
matched_prefix_counterexamples,c_bcfc66d1032d0f55e5a5470f4ef3fcfe,single_power,True,False,5,32.649513449296151,1.2078896136218447,0.60061212734172809,False
matched_prefix_counterexamples,c_bd604436888df922236d47a9c3ee9512,single_power,True,False,5,34.70877380367574,1.5485524248580305,0.64709807759657467,False
matched_prefix_counterexamples,c_bd804298320709bc227273e85ab80ae6,late_knee,True,False,5,34.763832445776508,12.209807855772311,4.2360875824611322,True
matched_prefix_counterexamples,c_bd9321eeea04f0dea7e1f2101a06fab2,single_power,True,False,5,32.142001166180449,0.74643645026348793,0.36196670022057054,False
matched_prefix_counterexamples,c_bd9fe9180930ce5e733bcde69e73d2f5,late_knee,True,False,5,39.96925956958372,14.719807299102357,6.3769881877116239,True
matched_prefix_counterexamples,c_be95276c848b12dbcc8e7686f7bda600,single_power,True,False,4,32.647250680440152,0.88732669240015127,0.46218078873250718,False
matched_prefix_counterexamples,c_bf6d1f446805843b2f52d42402568b3f,single_power,True,False,5,32.141997999630505,1.47951045432049,0.84864164251849161,False
matched_prefix_counterexamples,c_c084c04019e5c1c75a82c09b510b0699,late_knee,True,False,5,36.353203802170093,14.477172345251944,5.559648980464968,True
matched_prefix_counterexamples,c_c134eb31810003b7075156b94b166afd,single_power,True,False,4,33.23460778156462,1.6729848786758765,0.71216319273644135,False
matched_prefix_counterexamples,c_c1c7702610514fe302dd3c6d95c47eba,single_power,True,False,5,37.731661671077454,4.260353027404733,1.6336155039495373,False
matched_prefix_counterexamples,c_c1e85cadf53bef0e59ff840bb027f4bf,single_power,True,False,5,32.141998212248296,6.8836940518572476,2.0346441075611943,True
matched_prefix_counterexamples,c_c34922a914a2ffd4c5dd3c1379c27040,single_power,True,False,5,33.947260309933881,0.44990434059234019,0.25893074806573035,False
matched_prefix_counterexamples,c_c427954d668d937ba2db25d07f5ecf4c,single_power,True,False,5,32.141995788802376,5.6523188677292637,1.4772820467954777,True
matched_prefix_counterexamples,c_c4ad43af382857089dce88cf182cf2fd,late_knee,True,False,6,32.141999929628213,16.351921009386757,7.2394556204741294,True
matched_prefix_counterexamples,c_c5db9dca8cd58cb3fb6bfa80a7d20701,single_power,False,False,0,inf,2.1912847332474286,1.4794248141818707,False
matched_prefix_counterexamples,c_c5ec582219ad25f4ab4ea7bf9175ac64,single_power,True,False,5,36.461876336209777,2.3572917144623631,1.1467913791185822,False
matched_prefix_counterexamples,c_c649b854401c0f063c39e8f1f633c04c,late_knee,True,False,5,33.907013833513716,16.623565685594826,6.8011514626376623,True
matched_prefix_counterexamples,c_c72d74056d04e151d552cc473fbd6ed1,late_knee,True,False,5,32.161944778373325,14.241296999753118,5.8171769765723491,True
matched_prefix_counterexamples,c_c736a088e5f6c6c59a7d4428a5cf5e3e,late_knee,True,False,5,32.142000045400934,13.442477537096408,5.8559460431753694,True
matched_prefix_counterexamples,c_c784ba55ccc3df0064f69e4138c76220,single_power,True,False,5,32.141998662800248,5.6215057675768918,1.9750759640836013,True
matched_prefix_counterexamples,c_c7d641254c2a67aa2d465a7f0ec6d6e6,single_power,True,False,5,32.141997896674908,6.16322674835979,1.5884671084076472,True
matched_prefix_counterexamples,c_c86b0736fb789f18de1fabe5fef31996,single_power,True,False,5,32.141998014103123,0.46151067623181063,0.26800838784792741,False
matched_prefix_counterexamples,c_c9271c7b9970e1e234d4d0eec31cf0f4,single_power,True,False,5,32.993563495927219,1.368239496224362,0.77947193396634396,False
matched_prefix_counterexamples,c_c92a0a60197a037ccd9654b94a473f3f,single_power,True,False,5,55.550550336172087,17.920730851344004,8.049195824840421,True
matched_prefix_counterexamples,c_c93da6a6b715fe031cb88808aa48a7b9,late_knee,True,False,5,34.181137991028102,12.18126348858182,5.2619280330064981,True
matched_prefix_counterexamples,c_cb3d40250a3ac5ddbfb635a80788ce94,single_power,True,False,5,35.660922707529728,0.75946878722805877,0.54907489735219595,False
matched_prefix_counterexamples,c_cbced81a8d989df84134247a9e01ddbe,single_power,True,False,5,33.626134883135734,1.6307298589386789,0.89639837515268794,False
matched_prefix_counterexamples,c_ccacce36e5587afa9e13ee754534f50b,single_power,False,False,0,inf,9.9191339575295387,4.6905434149349103,True
matched_prefix_counterexamples,c_cd15c105bbc07fc5d85ee8e1cd03df21,late_knee,True,False,5,37.731661671077454,12.096253046766194,4.8204324332689614,True
matched_prefix_counterexamples,c_cdd17e7df6c56783f66b1d96aebac850,late_knee,True,False,5,32.358497581224768,10.528373644275788,3.9627825549520361,True
matched_prefix_counterexamples,c_cdf341fd1d02217dbfdbf15577153d8b,late_knee,True,False,5,34.805137787868418,16.535341365081365,6.9020955938787845,True
matched_prefix_counterexamples,c_ce011e6c2462d471341fd5021d585ba9,late_knee,True,False,4,32.141987149304718,1.906652937650847,1.9038269800624052,False
matched_prefix_counterexamples,c_ce105c03a301d2c5a86c4d367ea6ad70,late_knee,True,False,5,37.021972132299744,13.561423263507976,4.6436639783403173,True
matched_prefix_counterexamples,c_cec20f91f9beccf7a9d6ae308175c13e,single_power,True,False,5,34.484452108404525,0.27993428222463024,0.70638345647648781,False
matched_prefix_counterexamples,c_cefbb4c8ec4f99b380f6e522f954edfd,late_knee,True,False,5,33.577346344321136,7.4580364394675627,4.3232736637031106,True
matched_prefix_counterexamples,c_cf7f8179d9332a7b877cb26c7d8f73ad,single_power,True,False,5,33.336181800783294,1.2989000471662422,0.74000373947217279,False
matched_prefix_counterexamples,c_d06feb390932eb6524e9e4d3c592be38,single_power,True,False,5,32.141999735692551,1.2608756140636785,0.51109555313883448,False
matched_prefix_counterexamples,c_d258f1774b7617f455ad4914f2e54486,late_knee,True,False,5,32.42387296383545,9.0348405442242381,4.8856625842921373,True
matched_prefix_counterexamples,c_d38e99c86438b34ca4dc4a310f7a9112,late_knee,True,False,5,32.141997206450029,12.766381460958556,4.7221095532936337,True
matched_prefix_counterexamples,c_d44a24c31a65713e6f278ac885f78ce7,late_knee,True,False,5,32.141995207410957,9.3587779145885577,3.7851904715418381,True
matched_prefix_counterexamples,c_d4dfdae03e162679441ffcc26297045a,single_power,True,False,5,43.971628020944117,9.5692078364363482,4.7244419660338925,True
matched_prefix_counterexamples,c_d4f1b4002b2b1bb5814315021607ecfc,single_power,True,False,5,33.655671901539435,0.1019548258766747,0.13035303000712453,False
matched_prefix_counterexamples,c_d58bf70b52afec4ea767f342d52111c8,late_knee,True,False,5,32.227488555490538,7.8520706202121744,3.2064846708592749,True
matched_prefix_counterexamples,c_d62de0ab735841835dfb31b8468d4619,single_power,True,False,5,42.571760560630501,7.8921704209409,3.7339028225660549,True
matched_prefix_counterexamples,c_d680f46701cf58b2133f4638cab57cb0,single_power,True,False,5,57.196131937304493,24.170917525891767,10.483254998885187,True
matched_prefix_counterexamples,c_d709105cc9a298d577859aa0e03bfaf1,single_power,True,False,5,36.605531405909367,0.2521244782640224,0.18021528623693653,False
matched_prefix_counterexamples,c_d7e42806758e687752d850ab086899a1,single_power,True,False,5,35.954990780270244,2.9052563977899979,1.5503236948678567,False
matched_prefix_counterexamples,c_d8594e3b6ea3d11eb23f0442155c9211,late_knee,True,False,5,44.073843779382521,5.4720941855701284,2.1138189707650139,True
matched_prefix_counterexamples,c_da5777b1a7095f40b51a074e5172446a,late_knee,True,False,5,32.652666325898608,19.825191755589231,8.1651689534318876,True
matched_prefix_counterexamples,c_da5a83424aff95a4b93c4a7f86a8caf4,single_power,True,False,5,32.141995076800839,0.48194230102232893,0.26493696820726892,False
matched_prefix_counterexamples,c_db0c929860d876246f42d426c3dfd21a,single_power,True,False,5,34.325835619215823,1.2683443604154974,0.83241300490752967,False
matched_prefix_counterexamples,c_db3ac06a7baf8721f082db95157676ca,single_power,True,False,5,32.449676570638417,0.64198402843874192,0.30174174541636256,False
matched_prefix_counterexamples,c_db82802281dc498516616ff77b76fc59,late_knee,True,False,5,33.735592508372818,11.377986753553571,4.4113953028218074,True
matched_prefix_counterexamples,c_db8edbd4d87e95761e152f48ce17e36e,late_knee,True,False,5,36.605531405909367,15.588522272779016,6.576595723319075,True
matched_prefix_counterexamples,c_dd215e66f1d31495c177d3bb10085fbe,single_power,True,False,5,32.141996977222462,5.9363127899475217,1.9623593686117058,True
matched_prefix_counterexamples,c_de66a31197cbd5b6be26f82ae498f106,late_knee,True,False,5,32.37025220245215,12.101969911454191,5.4806457091210472,True
matched_prefix_counterexamples,c_df10bfebc940ae5a009636eb7449c54c,single_power,True,False,5,33.153354371530767,0.76697618134286927,0.46919600522167088,False
matched_prefix_counterexamples,c_df3834e4bad010f93c04ac2e358a055c,single_power,True,False,5,32.142000045400934,1.4361297309230991,0.88481726764510882,False
matched_prefix_counterexamples,c_dfe295996f9a18fa3c6768c2dbcdb196,late_knee,True,False,5,39.682233783786863,16.57063342434482,7.2233579161756216,True
matched_prefix_counterexamples,c_dff004330ff2c41f5d1618f369179032,single_power,True,False,5,40.740535037119379,1.4098198128633612,0.73528636238579759,False
matched_prefix_counterexamples,c_dffd1e39775e8c4cc8e8946d3813ef9b,late_knee,False,False,1,inf,14.586160684231871,6.0750651500206283,True
matched_prefix_counterexamples,c_e05abe47cf83a78a06e7604217dfcff8,single_power,True,False,5,33.748910876094655,0.73375473580665584,0.58708370269558685,False
matched_prefix_counterexamples,c_e1d0456632f57cce92c36839e26841a1,late_knee,True,False,5,32.141997957797059,7.955982716805039,2.6569465654640814,True
matched_prefix_counterexamples,c_e30ad54d1109e4e1efce836466acd5ad,late_knee,True,False,5,32.141997897944023,13.975566776019051,5.0018139628834684,True
matched_prefix_counterexamples,c_e3df8ed9fa65970b4d4284b424f735c8,single_power,True,False,5,53.808614783199268,18.079260482319668,7.2101598299158782,True
matched_prefix_counterexamples,c_e418b5719a31ca3520eafcb009f8a861,late_knee,True,False,4,33.23460778156462,16.264969491151419,5.7391166178793878,True
matched_prefix_counterexamples,c_e51e72b018d6a5b861eac36eec270e7b,single_power,True,False,5,33.378562785097884,0.56911981619430208,0.43866469876459191,False
matched_prefix_counterexamples,c_e53e54ba5d84515c7b9684e668f4f037,single_power,True,False,4,32.687986503223641,4.1311334332771139,2.1401960535093769,False
matched_prefix_counterexamples,c_e5583f65080d989b3d6a55dd591073fd,late_knee,True,False,5,33.336181800783294,18.803689445227107,7.3607815087970483,True
matched_prefix_counterexamples,c_e5f56dbd6640178fe98fa0e0ba240705,single_power,True,False,5,39.709500232220499,0.66009334845287526,0.44844282834490012,False
matched_prefix_counterexamples,c_e64b7fc682e48169fad4e2dbf4976a0e,single_power,True,False,6,35.120217138174027,0.6184010801146087,0.23682632074371054,False
matched_prefix_counterexamples,c_e7f2bed5ab0a5aa2c2f17dbc6ede9605,late_knee,True,False,5,32.59550255291721,12.422857051071972,5.5404278903679645,True
matched_prefix_counterexamples,c_e92a49ac4b9ba4cf3e15495c124eae91,late_knee,True,False,4,48.222209956416144,6.1054267439226919,3.102572051385633,True
matched_prefix_counterexamples,c_e9765d4bf5fb199dcf4f41d787931d5d,single_power,True,False,5,39.96925956958372,1.0947222579018501,0.67683980715206682,False
matched_prefix_counterexamples,c_ea48389daf0ee32ba0a447ca04843c1e,single_power,True,False,5,32.709611976755369,0.73867396150085085,0.35826585507379188,False
matched_prefix_counterexamples,c_ebffa09e46d5936a486957474fe6159c,late_knee,True,False,5,33.495433803522047,13.241896265884122,5.4104772323850456,True
matched_prefix_counterexamples,c_ed07686e621f3fb18c2264ee5cdede17,single_power,True,False,5,36.742956779689486,1.6445330660790489,0.81075901443372933,False
matched_prefix_counterexamples,c_eda893f099f2ef644bc398b33edd21a6,single_power,True,False,5,32.961626362842495,0.16041605477974485,0.15744385529783952,False
matched_prefix_counterexamples,c_f03e7902ee7902788dc4b43e32e36c84,late_knee,True,False,5,57.196131937304493,10.502159568427842,4.5850786251022928,True
matched_prefix_counterexamples,c_f0e0a7c81448ab86779f355247aa67e3,single_power,True,False,5,32.141995579149643,0.11278189405564376,0.13033787294493751,False
matched_prefix_counterexamples,c_f13e0d23e6219d8b9c892cfe82536ed8,late_knee,True,False,5,32.449676570638417,17.551025910574367,7.3225668128601349,True
matched_prefix_counterexamples,c_f28f7ad884e85c73ef1225b3d0ae35b7,late_knee,True,False,5,32.141999735692551,14.243049919403887,6.8247886007013916,True
matched_prefix_counterexamples,c_f35de7609f5e1f830ed7cf1866ed0ae9,late_knee,True,False,5,32.141995076800839,17.44572340672309,7.2474676721048121,True
matched_prefix_counterexamples,c_f3720896b704f9d89a88963393654e06,late_knee,True,False,5,32.739223797881166,11.600738450095221,4.7379830837833197,True
matched_prefix_counterexamples,c_f39686a5f244631109ef321a38847fc7,late_knee,True,False,5,43.362704740951862,8.5740185732226593,3.1873143989076147,True
matched_prefix_counterexamples,c_f4590799e4f88cde68d7f6dac222a942,late_knee,True,False,6,32.14199995039499,18.216904265519545,8.233279540050237,True
matched_prefix_counterexamples,c_f4675ab065511b7c9e3cc2d32893aacf,late_knee,True,False,5,32.141997941694967,15.403888717602825,6.8241574579925119,True
matched_prefix_counterexamples,c_f49c65fefa4f873341d951f29672c43a,late_knee,True,False,5,32.141992809354662,12.841695767064508,4.8893825868250209,True
matched_prefix_counterexamples,c_f548380235a612f3989df5353b4fe350,single_power,False,False,0,inf,17.25731015403565,6.9758884681963576,True
matched_prefix_counterexamples,c_f59527f1825a459ec548459fa6b83fe8,single_power,True,False,5,32.14199707547926,0.52294918652964384,0.50530570750518189,False
matched_prefix_counterexamples,c_f6d14db0a198246d2197024a6a939109,late_knee,True,False,5,33.611116056938158,13.54522127613167,5.4041578537885551,True
matched_prefix_counterexamples,c_f6db1262771d7e85afb7021124183a8c,single_power,True,False,4,33.580958223323009,0.54213515417421831,0.39173336226184191,False
matched_prefix_counterexamples,c_f6feb2107776050dc936eb8b52d2c626,single_power,True,False,4,32.528195935594937,2.4120369283511849,1.2808127900157495,False
matched_prefix_counterexamples,c_f8f62f73d890d7f894a38f2cd141b1a4,single_power,True,False,4,39.262438228532282,2.5199000447272795,1.0865546098673666,False
matched_prefix_counterexamples,c_fadbd62d702dadafcf60a1fc3f37cae7,late_knee,True,False,5,32.141996694715161,13.182383017929041,4.9833553391455645,True
matched_prefix_counterexamples,c_fc40f419db33e1264e144061f0bd3ff0,single_power,True,False,5,32.467984690392043,0.25247133460538862,0.19672299124676781,False
matched_prefix_counterexamples,c_fccc5c242cf0bdcb91f097e73a9da171,single_power,True,False,5,39.123871220303691,4.9419463389937022,2.5889524863163289,False
matched_prefix_counterexamples,c_fcf071c474868396a1809927fc3b9a74,late_knee,True,False,4,39.46345383962565,15.714761942759736,6.4616488325787218,True
matched_prefix_counterexamples,c_fd9fa90502ffc9a6f4e8e268c8d3fd72,single_power,True,False,5,32.940226606874432,0.50261132518662066,0.21696490805805235,False
matched_prefix_counterexamples,c_fdc01f90cb31379d63e9f809d1b24cf1,single_power,False,False,0,inf,11.962685336536367,5.0525652219031638,True
matched_prefix_counterexamples,c_fe2abb8b3406b1e1761446666b41ca8f,single_power,True,False,5,32.401692433242061,0.50968879731888705,0.27565090133727083,False
matched_prefix_counterexamples,c_feb8b4ba80efcdb1a8f3a3946b3131c3,single_power,True,False,5,32.609317050312868,0.7651593166814763,0.43503659874963063,False
test,c_00028b60427397aefc0c5c6eefdff5f2,early_activation_plus_power,True,False,5,38.097381225083218,5.4056321276496533,2.6923745000299508,True
test,c_006fade261a618583a85c5e6cbd6406e,early_activation_plus_power,True,False,5,52.824672155897751,20.121132289894902,9.0341923178153678,True
test,c_007b7d6a3939f4f12803467a6cb04ed4,late_knee,True,False,5,48.458576920167154,12.133979311695143,6.3783854994638158,True
test,c_01a9e76f2ae3820175fab71b9ea74c4b,saturating_plus_slow,False,False,1,inf,5.7020904501773231,3.5033462230887866,True
test,c_01d49a8ccccd62ec33175d9fe287949c,late_knee,True,True,4,32.393930086155223,21.785727906482279,9.4344112213679381,True
test,c_01e658e535ee559f2fb84c74ac6caecd,single_power,True,True,5,32.14200051259445,1.3001505606282109,0.75340056077492235,False
test,c_02368cdf490e1244386bbd630c33e63a,early_activation_plus_power,False,False,0,inf,67.702174564110052,29.303545605979775,True
test,c_02466ed76c82b38067b09f53c04d7608,late_knee,True,False,5,36.549131639107365,1.7397445658141066,0.60135137011809392,False
test,c_026bcb5d1bc6d289180c2a5483a33a13,dual_power,True,True,5,34.597868627013064,0.68680174508553193,0.24853632225302619,False
test,c_02722a993f8e2545f097827735a387df,late_knee,True,True,5,32.699904418285129,2.4822236462135976,0.94507809029868861,False
test,c_027e04a53e1e5949316a38d85cd62375,single_power,True,True,5,33.443363720143417,0.44262464346459751,0.28659988879342829,False
test,c_0289d2a01f0064bf431f37d523f8c980,dual_power,True,True,5,32.731219739715101,4.3504185500900547,1.7974084795424392,False
test,c_029d2f8232255b325656cbf3398e50c0,dual_power,True,True,5,32.141995428828452,0.21193550513241632,0.4370955532298359,False
test,c_02d045fe382772fc35bb98e77572f6c8,single_power,True,False,5,36.66157587294726,0.10061971873679454,0.05659961283100174,False
test,c_030aa84975194eb330e6224bb8991865,single_power,True,False,5,37.140174812937438,4.3397321964765894,1.0818624049197507,False
test,c_034ac3267bc3e88c99fe84ba446be074,single_power,True,True,5,35.267348628575739,3.5859378039162522,1.1149036448394503,False
test,c_03680a21e2668e5f3db2d7adf73d749c,single_power,True,True,5,34.982019436760631,1.5669432861257349,0.8694783334590106,False
test,c_036c1a31a0cc568084acf9dd46be5f33,saturating_plus_slow,True,True,5,32.185879768411993,0.22389784332018792,0.11922278271057123,False
test,c_0411ec75f516a942bfcdff2d3d3a82a4,dual_power,True,True,5,34.479680999673064,9.7143542002188212,4.0325534420124605,True
test,c_04259de0e98271250e755f20f7fb7302,dual_power,True,False,5,48.98630615203539,10.983929281779979,4.1986139308838757,True
test,c_0469bffaea997c8fa7f96f7a70a19f9e,saturating_plus_slow,False,False,1,inf,3.5708818877770625,2.4151085442815265,False
test,c_0483da463078b53ca7fdbd20353755bc,late_knee,True,True,6,32.403603272353834,3.5687656956070981,1.3593955450892938,False
test,c_04a5bef5ee0774e8941b110d9a68a0e3,saturating_plus_slow,False,False,1,inf,3.2344010050915415,2.2253288968684388,False
test,c_04b674dbbf46ef95f991acb04fac9e10,dual_power,True,True,5,32.141998114658747,2.1279560796013044,0.67947105657526474,False
test,c_04d61b04988311b0941c4565361c6de7,saturating_plus_slow,False,False,1,inf,6.9495408041612166,4.5307745776227426,True
test,c_04e4319ebe658848385f2840e00031c3,saturating_plus_slow,True,True,4,32.228580847104148,3.7696753490721591,2.2709412646145499,False
test,c_0507bbdcaa9ca41b8567461861d6bb48,dual_power,True,True,5,34.709847456782789,4.6310381280007107,1.9369545495321179,False
test,c_051dc612aae6e1c9146d313744e54f58,saturating_plus_slow,True,True,5,33.872816016094554,0.89207688224533399,0.58467595670209804,False
test,c_05426815ea0be40e61728d4788cbd553,saturating_plus_slow,True,True,5,32.191373070411181,4.202384647223866,2.5313372771586375,False
test,c_055de72385d89384ff0a609e11474130,saturating_plus_slow,True,False,5,37.851902592810355,3.279344782055162,1.8951967294365688,False
test,c_0560b908e8bea247e0beb4b4b9a416d4,single_power,True,True,5,32.141995717211266,2.2513839219347602,1.6074757849043106,False
test,c_056764b6391d9ec4d812812cc5e55ba8,single_power,True,True,5,32.976688609777767,0.6103000183003644,0.76598633785178294,False
test,c_06044b9098dfb672024e4ea5983376f9,late_knee,True,False,5,37.042975630158828,12.683198070955868,3.4395475858552396,True
test,c_06eed64eb303c78000557e5b5abbc841,single_power,True,True,5,32.141998111481136,4.2203403955271028,1.1900077559580531,False
test,c_07aa7bc1663293b3b3c224a7b847b6ea,early_activation_plus_power,True,True,4,32.945451267523644,10.689995983269654,5.5174621465126288,True
test,c_07c568e52fcd86d1856136b054d8bd48,late_knee,True,True,5,32.784509040850921,10.295231254343335,4.7720613196211055,True
test,c_07e6c698fd4394049f3a3fc56afce16b,late_knee,True,True,6,34.776966157148593,25.155992196924871,10.654985447483194,True
test,c_081c3a7d65c4d2e4fc998f99f1cc3d62,dual_power,True,True,5,34.332630877713733,6.0156981358971535,2.7434773174871951,True
test,c_082a2ccdb3f43cb3c44485849bb9a9b6,saturating_plus_slow,False,False,1,inf,9.827075263148771,5.4551387645261409,True
test,c_082febccf4df8024cb86c676634a4be4,late_knee,True,False,5,44.629464062494883,5.6318513241171502,2.9754184479574808,True
test,c_0864a83d5e6b107dce9c26f3e363d7f1,early_activation_plus_power,True,False,5,49.339009881256523,15.727123894320002,6.7677226074093388,True
test,c_08887622bc3998eac987b8281b1b33d1,dual_power,True,True,6,32.141999913774853,1.3133602794765551,0.75116710194784819,False
test,c_08a2375c6c3aae6aafc71a96b907583e,dual_power,True,False,5,39.592562416992983,1.9193638807444131,1.3503101905908812,False
test,c_08b8040eb8622677e7ab94785ceef70c,single_power,True,False,5,38.087640019353465,6.5097617053971959,1.8345440371001662,True
test,c_09029e2dae85bf1a697a8f4d96f53cd4,late_knee,True,False,4,43.581112312968301,16.843950609192703,6.7941380258775315,True
test,c_094f6d81c04f0b51fafc8d15c383ea76,saturating_plus_slow,False,False,1,inf,5.5759345251479999,3.455953806573032,True
test,c_097779c43f0511e797d1f74905505b7c,dual_power,True,True,5,33.21548823426469,4.0685405878883927,1.8347568316831866,False
test,c_097e33980964bc4a3c8cd0e2bec4876b,late_knee,True,True,5,32.141998207796306,9.1956347549967461,4.8925437986686351,True
test,c_0a99cd09d78b904bc19f720009b57c78,dual_power,True,True,5,33.515840955704981,1.537129364741503,0.64935902524097144,False
test,c_0aecae349ea6dd91a76ddb70fa9df942,single_power,True,True,5,32.141998886985348,1.4617644328238555,0.7024496661612305,False
test,c_0afa2918c436ca7439bb0bfd53261675,dual_power,True,True,5,32.984505210163803,4.9155160378035845,2.6341121609832716,False
test,c_0afb34bff617e8d40b1cbc5296a8ab4c,dual_power,False,False,1,inf,3.3570374423632785,2.12792192259427,False
test,c_0b3b8bf092b60fc763408903f5f91248,single_power,True,True,5,32.458125486822965,0.37111021099778441,0.3678001756546791,False
test,c_0cd58ccf5de8428dca8c0947d312928c,single_power,True,True,5,33.465263483812848,1.5751016141366136,0.87206148259391791,False
test,c_0cf8eea5361087aa8abc7ed93a463c69,dual_power,True,True,5,32.718167705213112,2.1975396801178704,0.64060420939787377,False
test,c_0d1612b964ae9b6038246816bbae1223,dual_power,True,True,5,33.427987956952279,3.0442449028920038,1.4358276630845019,False
test,c_0d1e15040f07a35859483c0a63e0a1cf,dual_power,True,True,6,32.361246731372219,1.5873431378091425,1.0208083934791841,False
test,c_0d474db973827c0d60d7df2346262004,saturating_plus_slow,False,False,1,inf,3.193823168601071,2.2583658829626905,False
test,c_0d6ce19acbf9950e208c19d8eb985a6d,saturating_plus_slow,True,True,4,32.142006971218201,14.472839646067044,6.7930343326473599,True
test,c_0df0df8e91a0ed59d5d2edabb9a568f9,saturating_plus_slow,True,False,4,39.53336851937339,7.3110805303864481,4.5389837675215938,True
test,c_0e33e462252bfd4ea74c86fc59d7ba10,saturating_plus_slow,False,False,1,inf,3.1329045835447147,2.4509447768650015,False
test,c_0e9e0756e3d0a71cd6bb412759fe25ba,saturating_plus_slow,True,False,5,38.234175594877975,6.3107928056036826,3.6511349122789052,True
test,c_0ec29e35165f7cdb57556d3a939b8f54,early_activation_plus_power,False,False,0,inf,1.3546758628820896,1.3482544142087072,False
test,c_0ec97c2597db53b0be238de443628916,saturating_plus_slow,False,False,1,inf,4.193493392678576,2.9936389861510664,False
test,c_0f3b7e9fd6ffb73a2e28a379b1a6bf56,early_activation_plus_power,True,False,5,38.053832254269274,4.8602022000161043,2.6079820711900994,False
test,c_0f488f0522cb4deceb969a09a615837f,single_power,True,True,5,32.141999763627254,2.3451727938348483,0.92780123602683162,False
test,c_0fae781b5146acbfbf5afab6a436f53f,dual_power,True,True,5,32.141995648093229,2.5819979659183474,1.0709156170404983,False
test,c_10165516d3d1a340e5e126140150d393,single_power,True,False,5,36.544935581669513,1.8774406919580144,0.88667310503237118,False
test,c_1031af09a5a9f00c991a1b9ddb961841,late_knee,True,False,5,47.997081792083897,10.48506593756413,4.4575793553621628,True
test,c_104800fb887b906a41084782b16fe747,early_activation_plus_power,False,False,0,inf,1.6689390501963857,1.2242878403426243,False
test,c_1054cea05f2179cb8b4c6a69fb8d9c52,early_activation_plus_power,True,False,4,46.241505325833508,11.752867197730936,6.0650785171350261,True
test,c_106d21e4a29c978f7819a416c0b1791d,dual_power,False,False,1,inf,4.9720893913814166,1.9654120718717232,False
test,c_113be4c2addf7c78dd61b60d56852517,dual_power,True,True,5,32.354222387814588,3.7609629918084835,1.6074375686104139,False
test,c_1161c8b3282f0369b12c559a9b751541,single_power,True,True,4,33.927639586229688,0.60917360034819978,0.46381023689335876,False
test,c_11f7bc443d57dc229c29c84b7cf83f80,saturating_plus_slow,False,False,1,inf,8.4082386308583352,5.6453720427655742,True
test,c_122568d33349d5a7ca8f933d073adb03,dual_power,True,True,5,32.141998360934878,2.2240388573343779,1.0508022933181169,False
test,c_124a850e779d16292f74ea22a6c23abc,single_power,True,False,5,38.594299261140357,2.8239181251265961,1.5919510955636846,False
test,c_126143094a02f4f0e5fac93fddf5ba71,dual_power,True,False,5,38.379908813405144,1.1294156334795673,0.6934758590255502,False
test,c_12629ebb4328d33f10e6ac79b0bbfdba,early_activation_plus_power,False,False,0,inf,23.088250195625932,9.7271128784876204,True
test,c_1292a75d753dc97061949fbac97d6d31,early_activation_plus_power,False,False,0,inf,36.577191975311358,15.872049603454906,True
test,c_12bd971c52d58e42546bce8e12f6e7a8,single_power,True,True,5,34.045258213828433,0.30660752637665212,0.16554605630049743,False
test,c_12c93b03464a75408af17c35440e4784,dual_power,True,True,5,32.413220030827503,1.3540456391159523,0.8313432663121505,False
test,c_12fc8eb2beb8e4114ec465cec005b345,dual_power,True,False,5,37.731496879451747,2.278190536869829,1.301541112587173,False
test,c_13169259764905e80d682f82c2ead48f,late_knee,True,False,5,37.455374431867845,27.575368884459053,12.71175341856925,True
test,c_13191e2c66fb32c0025cf2e5e98e4c64,late_knee,True,True,5,34.231110226460999,3.3781083923854425,1.4635193887310771,False
test,c_133cf21ec830b757cee6e840de9c957b,early_activation_plus_power,False,False,0,inf,14.451242733486581,6.5894562056039501,True
test,c_135f997586181bc64b396902b0a13950,early_activation_plus_power,False,False,0,inf,0.53102513790796024,0.40487983468927136,False
test,c_1367f5755365329babf958d62b926e91,saturating_plus_slow,False,False,1,inf,3.5428825614760058,2.4337527366036928,False
test,c_136a9e6b925cf1eb934d78ec0297801d,dual_power,True,True,4,34.06840802711902,1.0006987534768541,0.48784294650167875,False
test,c_14bac7f79cd5f0cb8e346255dd3dc1a7,late_knee,True,True,5,32.380074155484394,3.8673719978154821,1.1748605386641624,False
test,c_14f761d76b95f9bf9646d981775207d4,dual_power,True,True,5,32.14199896813227,7.7284611920742066,4.7827471885741408,True
test,c_156329bc1436c00ff4784ab7cae27212,single_power,True,False,4,43.829326147534495,4.6593209431042339,2.2221226782199706,False
test,c_1638951028e21dfb1f1d1a5959700027,saturating_plus_slow,True,False,5,39.080437058595386,4.821042967898407,2.7646145193419045,False
test,c_1665fe62b889851a908f5412e53e9ca1,late_knee,True,True,5,32.141997622669869,3.2979462645983801,1.2888120427945722,False
test,c_16d9e7e2694268cb1c8817dbab68c790,early_activation_plus_power,True,False,4,53.561824080553798,28.689438845622362,12.042637718241366,True
test,c_17e4090bd72f90f3f604c408d3aec4b4,dual_power,True,False,5,52.132445846664346,11.459888055341239,5.2112007297502352,True
test,c_17e9298b1b1b585c05fb8a909645b19c,late_knee,True,True,5,33.359487806764719,11.801709677255303,4.8750763056507802,True
test,c_185437077d0375c8dc527a69ed0ea7b1,dual_power,True,False,5,56.014552884330826,28.232129585577638,11.681579659220251,True
test,c_18b257146e79a3bfdf242a550fa85806,dual_power,True,True,5,33.302182535644697,5.6251401638658223,2.4246413661851665,True
test,c_19af252db620092cae26cfd19ac73715,early_activation_plus_power,False,False,0,inf,26.810320359851829,11.261786141424713,True
test,c_1a161b71a948c6c5dc4b201af064a1ee,single_power,True,False,4,41.007647348922767,1.3716329405240515,0.71102516420584683,False
test,c_1a21c83f54a2dffdebd7fe37adca6f2d,saturating_plus_slow,True,True,4,32.141998594157016,1.2412530089166012,0.64583115461857876,False
test,c_1a463a8bf6c4a6ae239adc5d020cb261,single_power,True,False,5,36.12427843019308,1.5329237288777335,1.2717341698983795,False
test,c_1a6400bd5d4a2d5ef36bc4efb8b375d6,single_power,True,False,5,40.929786387766278,6.4465967721168482,2.4892836123985238,True
test,c_1ac32276000d312a5bb25fa59e21dc32,late_knee,True,False,5,39.192506817871156,4.7185200844410673,2.3932529553350945,False
test,c_1aeb331ff0654cec2315fa5bc83a13dc,late_knee,True,True,5,32.297739343419309,11.647949444133005,3.8784672717818629,True
test,c_1b86bcc955570712efe856dab1fc4c59,single_power,True,False,5,35.779506361290522,5.7561544485437821,3.3364403106529483,True
test,c_1b87e1eef5fe5d1ccc7219b52bbce7e3,late_knee,True,True,5,32.141997101275209,2.3344701435521529,0.92962363929261238,False
test,c_1bb27cd93dd9e6fd4efc03ce2e7f6891,single_power,True,False,4,50.324860200210658,18.542366190765733,8.1480039109093489,True
test,c_1c1595fcd5d123d4a49f145556dd0a45,saturating_plus_slow,True,True,5,34.454563466452107,8.537179032536784,5.0732431515798684,True
test,c_1c39c93f852e58ef5c2163c54befcd1d,single_power,True,True,5,34.085839472575714,0.10841236065961368,0.11626605462078257,False
test,c_1cba75297bc09637c49f7e486739d903,late_knee,True,True,5,33.2678848479013,8.1920678478652604,3.5205012334557795,True
test,c_1ce01badbad64c65e3130a046718c0b9,saturating_plus_slow,True,True,5,33.935160079078948,1.0200448812838943,0.52003362365810391,False
test,c_1d3917354e0562f0127c25226cf62b9f,dual_power,True,False,5,36.089577916520177,1.7901087655185108,0.85970094621362192,False
test,c_1d3a98cbf2bbc8a81319b3f673b8fde6,dual_power,True,True,5,32.141998988773921,0.98166570383045837,0.60700648991001482,False
test,c_1d6283c8f0ca60e980ffee95c7daf385,late_knee,True,True,5,32.141997892768003,5.7972970890494224,1.718326184001427,True
test,c_1dc039966120fd408385778146bf2191,single_power,True,True,5,32.978167899749344,0.3119875267898351,0.33603821241363879,False
test,c_1dccf0231d2eeecf529e7bf9b89bec3c,single_power,True,True,4,33.167308688849047,1.01880581902806,0.6068719187320093,False
test,c_1dcdebffe822078895ffb3dd6d676d0d,single_power,True,True,5,34.396545485315883,1.7824726960986652,0.85289222862454173,False
test,c_1ddd4a20fa3715449e8a6029de5ab48f,saturating_plus_slow,True,True,4,34.671140098638837,2.1207787058292098,1.4580096605389219,False
test,c_1e17e98cd161cd5581c69ebdbb8fcf3e,saturating_plus_slow,True,True,4,35.181343260836236,3.9780456438005984,2.5371036128431261,False
test,c_1e2fa89c0735a6e0c0339b72c4ce1500,early_activation_plus_power,True,False,5,43.439253992232032,10.346386694710802,4.4124234697229712,True
test,c_1e4ab10356d0fc91cb196c9c28fba18e,early_activation_plus_power,False,False,0,inf,10.588011777819148,5.0424021581254337,True
test,c_1e4f00b7937b38652fc736562f609ea6,single_power,True,True,5,32.523641013239832,0.53877047433336145,0.24482471674885722,False
test,c_1e51cec6f05f96482ebfe3a62e203f52,saturating_plus_slow,False,False,1,inf,3.0786326555131041,2.250962717795129,False
test,c_1e81b020ec9ac98f07765a3e166174c2,dual_power,True,True,5,33.097385179797797,3.7361033880546017,1.9926133449734924,False
test,c_1e9145e443bfa02ec91d82f05624f34d,early_activation_plus_power,True,False,4,56.614291156323972,38.312363826259563,15.941800498378075,True
test,c_1e9747888bfc4edafff51848d04bea5c,dual_power,True,False,5,38.807306727043887,0.5104988999478195,0.19764204277581046,False
test,c_1eb92364f6f37daeafb61a76f30043b2,late_knee,True,True,5,32.56875633457075,10.116222920713852,2.9598802277857037,True
test,c_1ec14fed49a246d4f02067acd8b616a7,saturating_plus_slow,False,False,1,inf,14.5361819229242,8.891734585921288,True
test,c_1ef713b2c835f41dc768ea1a75273a1c,dual_power,True,False,5,36.214399780754285,3.5127227323699515,1.3060621874764982,False
test,c_1f3d853556bf630f599a702bb0f646ee,late_knee,True,True,5,32.141999085810653,2.3284813609708692,0.8172117817734007,False
test,c_1fafe94dce1119830a2c8180a9eafc68,saturating_plus_slow,True,True,4,33.750572445981831,1.2960749024825446,0.90881225844049651,False
test,c_1fb1b47e8b22d5ab1b52c48cd2557c47,saturating_plus_slow,True,True,4,34.841744920534801,2.6838469238460192,1.7360550436724334,False
test,c_1fe3c45e03061b424ef3a2727cde85a3,dual_power,True,True,5,32.141996190155915,3.1402037103842417,0.69968614603556545,False
test,c_1ff4b10bcfa10d8ce660ff594cb5c53c,saturating_plus_slow,True,False,5,36.145142948317776,7.3006871347283067,4.5390207661963906,True
test,c_200b69c13665a628c2259eae300ace21,late_knee,True,True,6,32.48153397094822,13.143445555698079,5.8112579582877792,True
test,c_205f71067306766c5e310039430a938a,late_knee,True,True,5,32.141996329140781,1.330404089480453,0.61422816660905277,False
test,c_206f49bb566c3a688383ef0e1c5d5b4f,late_knee,True,True,5,32.141998257871577,3.0565319406307481,1.2263168982726886,False
test,c_2094059e379dcbe96df1ac955e71dc82,single_power,True,True,6,32.350108789574961,0.42924975814268862,0.30476661367971147,False
test,c_20f09cf38648d0319f7367bda6c513ee,late_knee,True,True,5,32.141999407518369,5.8662777199559315,2.5504905079473703,True
test,c_20fc85c1e31858135bfb7a21a467eaba,dual_power,True,True,5,33.747142174430714,5.3830820156136383,1.6920732875439508,True
test,c_211c96027f804a3a9e050bdd61f1e5c1,saturating_plus_slow,True,True,5,34.846433817459747,0.78940004238262418,0.81303942240017657,False
test,c_218a4aa56a00e9513c1ecb80d75ea234,early_activation_plus_power,False,False,0,inf,61.950581692829957,26.491083852963477,True
test,c_223f0c9599239e4334b4dd3b54dff017,early_activation_plus_power,True,True,5,34.79406610392234,1.6200815188066855,1.1302288723595268,False
test,c_224e1717eea2ccf3104ca37479882508,dual_power,True,True,5,32.264337134510875,3.7070707855926344,1.7716964374482174,False
test,c_226826a5306567aae2afdae71e395721,late_knee,True,True,5,32.141996830067896,3.9631709925570817,1.8500325224996723,False
test,c_22a14d59fb15607af1cff0d243432ca8,early_activation_plus_power,False,False,0,inf,31.17680040668489,15.146748480535251,True
test,c_232d61000e3326d21a2003190d2933d6,saturating_plus_slow,True,False,4,36.205522229385117,3.3682399571365238,2.1706056459723504,False
test,c_2340d293a40110f8edaab06cc89c4a17,dual_power,True,False,5,37.226441218001476,0.24244578680713857,0.13366747205334564,False
test,c_23ab90e4e1e2fdb748a802ceae355191,dual_power,True,True,5,32.141996861918088,0.45699332670869808,1.345049909982204,False
test,c_23ba74f955be695dfc451ba8748f8c65,dual_power,True,True,5,32.142002411652939,0.48858749325162876,0.30944335650606092,False
test,c_23d6635cb9bfd148561b4a56a7255eee,single_power,True,True,5,32.314069537340366,0.34671785918889952,0.20559880511386971,False
test,c_242e56d2becf53bcaf1174596e90491a,early_activation_plus_power,False,False,0,inf,28.821311797617312,12.580662077953717,True
test,c_24365ad852e438f73e0721df2e275951,early_activation_plus_power,False,False,0,inf,13.356091731843392,6.1865483262713878,True
test,c_2466222ab97e2d5891b8d24f359d954d,early_activation_plus_power,False,False,0,inf,2.4203185401162557,0.98170151186179722,False
test,c_24ae56c2f6134b4f40f39d07e940e840,dual_power,True,True,4,32.141999602663837,0.89429205409832946,0.24994251372647333,False
test,c_24f3851df7d86a70fe5ee077e4f7488d,early_activation_plus_power,True,False,5,42.971901236677731,9.6488236851031957,4.0738671768449759,True
test,c_254d9212d36da861e5346e17c4cbe5d0,saturating_plus_slow,True,False,5,37.485132477905857,5.6826620125690965,3.4585989325124449,True
test,c_25dba8b706107bd109ab5a63cddfdd27,dual_power,True,True,5,32.141999361520774,2.7283124302862518,1.1875606894980084,False
test,c_261e537b3e3c54a2bb20a506f01c82b0,late_knee,True,True,5,32.141999363325816,5.4499515553040112,1.8515686003893665,True
test,c_265af8150657b3413b72b535b63da2f0,dual_power,True,True,5,35.407502258578752,1.9628475258250546,1.3693474129630148,False
test,c_26a9f13552409e0b3231230fa5bff61e,late_knee,True,True,5,32.924194403876015,11.426972978231078,5.7994551561142105,True
test,c_26ad4bc32d406873bfdca0de4460af08,early_activation_plus_power,True,False,4,52.904227803931292,28.977667885524191,13.293120891231373,True
test,c_26d57cf090f01f2baab110f6e08d72e6,early_activation_plus_power,False,False,0,inf,39.207959913409027,16.212811098274386,True
test,c_270611fdc84ae5cc8fd03bf3b3f55b71,saturating_plus_slow,True,True,5,32.771555533000161,5.212135956177093,3.0427977011970619,True
test,c_273ab43f383f961c289370c181073a8b,early_activation_plus_power,False,False,0,inf,31.175320594533304,13.379766863721699,True
test,c_2767ca549cf9d20e0d5f11a827c9a3f8,late_knee,True,True,5,33.083908375212161,3.4303660170255625,1.5278944627878646,False
test,c_27c70353824b7504701b5f21cc4b6971,saturating_plus_slow,False,False,1,inf,5.2824297400945426,3.4016216427313375,True
test,c_27d03f27c06eedd61a8371c3bd22faf0,single_power,True,True,5,32.747938683293356,2.6221540919296871,1.4508758822751366,False
test,c_27f15995c483eefe3105858b7e828067,dual_power,True,False,5,35.608602841173642,2.6129260758084172,1.3301163283837818,False
test,c_28b1249dd8de2cdf25c0e36c1e4a810f,dual_power,True,False,5,38.764678220148205,11.180054651773517,4.5490083372775478,True
test,c_28c2af851affbbdcac6d281192fd36f6,dual_power,True,True,5,32.141997277806837,3.7170422997875505,1.8447303645503281,False
test,c_28d5c154489cd049bf3a5ceded72780d,early_activation_plus_power,True,False,5,37.280734973938785,3.6760443593839085,2.2618093377868171,False
test,c_28d8e4423db5200221d2ccb2ee44f7fe,single_power,True,False,5,36.598067718207481,0.98064632855884781,0.49464707013352927,False
test,c_29962d06356d931b3a54a5926dbadb2f,early_activation_plus_power,True,False,4,56.808886862290038,25.647719848931587,12.060962292763133,True
test,c_29b6b52cd400ffbe281bb80f2202fa1e,late_knee,True,True,5,32.291536913384107,3.8527733785448959,1.3243797944192839,False
test,c_29d73abb0af4d59b293a656590aed12d,late_knee,True,True,5,32.141997673379024,3.171043810716327,1.0388299370931997,False
test,c_2a5d46c1711b64d7f38b55a121044f8f,late_knee,True,True,5,34.07788624772752,23.389903799570604,11.39580096772835,True
test,c_2a75aad7ac68418a05c37c674ff474de,dual_power,True,True,5,33.606946294843667,2.4978644483567223,1.1064262434555971,False
test,c_2a77a09840d49db947f354f9868c7b7d,early_activation_plus_power,True,False,5,44.724163064079043,11.67578920320102,5.2383739724409262,True
test,c_2a9b7ccc80eccca50cea7ac7de2be1c8,dual_power,True,False,5,38.951089409667269,3.2415869640658599,1.206552113039572,False
test,c_2ab54b9969a3a9724a6a69d1cce5c5c3,late_knee,True,True,5,34.107916609517403,8.2456565868006635,3.1922298908288123,True
test,c_2ac587e9c1be4c3d33c7bdb49680db2b,saturating_plus_slow,False,False,1,inf,7.8384759178081254,5.0748079136039923,True
test,c_2af8b721edd794498cf5918614dccd76,late_knee,True,False,4,58.286734251682979,37.8298443044132,17.525767090547948,True
test,c_2b2e82b1a6e6b59e310272ab9a825d9c,single_power,True,False,4,53.840286914412317,24.202018338472868,9.981874809622326,True
test,c_2b3771b87095648a08dad280c147eb6f,late_knee,True,False,5,35.835320170189313,12.363013463127075,4.9196150834047856,True
test,c_2b7ef77bcbada513359ee90c87bfa48a,early_activation_plus_power,True,False,5,46.980897124879625,13.937021237142616,5.9484028031191443,True
test,c_2bd6436de20c0d80211ceac30c2dceb6,saturating_plus_slow,True,False,4,57.718044982538117,50.829885646823371,23.179896387880458,True
test,c_2beb604590809f40829c394d248a8207,early_activation_plus_power,False,False,0,inf,4.1132659271176379,1.4988376996680266,False
test,c_2c26a824a3e5adb9f272f922cbcf1ac6,saturating_plus_slow,False,False,1,inf,4.6454759829379952,3.1281775980286639,False
test,c_2c48342a48b09cc96c01a18d23143930,saturating_plus_slow,False,False,1,inf,7.7334226384407287,5.246728131319693,True
test,c_2c52a3bd10cd55e8539a8521f31ab849,late_knee,True,False,5,37.338122252744263,0.29826254576995836,0.54814292980000767,False
test,c_2c55bebbe1ada216ef5544b14b97cb2c,single_power,True,False,4,47.555684956586425,13.725175223047984,5.966469258370581,True
test,c_2d65bd613cf6247881d09fd40cff4ad3,saturating_plus_slow,False,False,1,inf,4.1496851241652593,2.962414140899897,False
test,c_2d6c54085038547bdb3e6b749d2c2b2b,saturating_plus_slow,False,False,1,inf,6.7177044742374221,4.6441237111893958,True
test,c_2d9ae69579a3f3c0fc433293379d4a0d,single_power,True,False,4,49.754568805945162,14.094000961951309,7.4179614515883081,True
test,c_2db15350516be58aaf9e626fee64d512,early_activation_plus_power,True,True,5,35.298610416254199,2.2220935337854684,1.3399241881567137,False
test,c_2de2254a24f64165ba12e54cf47364d3,dual_power,True,False,5,53.910725730339387,17.961274373839899,7.5272755507460554,True
test,c_2e0a8267cd70464d63642d26bf6d3e05,saturating_plus_slow,True,False,4,39.892025000168054,16.934544316651113,8.9715936010191317,True
test,c_2e1a7a9fad9084b035253496f53be9b8,early_activation_plus_power,False,False,0,inf,7.436007509570203,3.0649128430199317,True
test,c_2e20f51fd5140f4a168a3b0bf2e44013,single_power,True,True,5,34.811845135276478,1.0706131076639025,0.48399245127684631,False
test,c_2e3803a1e4674fc2bcb94d6b5ad90e97,single_power,True,False,5,35.687340676585357,0.63167689217856093,0.27312925082428668,False
test,c_2e5bf1025d7ab2501892a22ecea12ab9,dual_power,True,False,5,43.379316466275931,2.6345272894795926,0.97407317930861437,False
test,c_2e9cbee279a0ab1b9327aed0b8cd7e84,late_knee,True,True,5,32.141998732203476,1.5381646621405025,0.54580648310153634,False
test,c_2ea9907c5014f1843ba8f9523ed034b9,saturating_plus_slow,False,False,1,inf,7.3592282214648748,4.9851082458714675,True
test,c_2f5ed316f32f2f843d3045096ad2385b,dual_power,True,True,5,32.141998335842331,5.2811723760419653,2.3933822538034222,True
test,c_2fa8528f824f0473720fbf95890ce874,dual_power,True,True,5,32.810925640122463,2.3925912603642416,1.020948992194721,False
test,c_2faba6dbd38c9238dbec52e95062f5bf,late_knee,True,True,5,33.223419284279174,16.394829867204777,7.2572401043369537,True
test,c_305e080b6c347c6534368ecbe8aa2bf1,single_power,True,False,5,39.446543011318646,2.4369330128673994,1.1264769694033916,False
test,c_311ea8ee16ee055f1d629a0afe789526,single_power,True,True,5,32.215134516119434,4.3382878329463921,2.7627257279071267,False
test,c_325501930dc43fe944d378f8c95f9043,single_power,True,True,5,34.002046256085748,0.40748468232048651,0.17118213623869946,False
test,c_32ca1a7ceb4805bd5e7ab802f860e26c,saturating_plus_slow,True,False,2,51.10897609558701,25.04890686079483,11.216272082256044,True
test,c_3322884e185fbaa8e55f1fd76603ac04,saturating_plus_slow,True,True,5,35.539370394105909,1.8798164135351243,1.0516963744272658,False
test,c_33263700e83a5ce3c8caf62c7f9875bf,saturating_plus_slow,False,False,1,inf,5.0418237941161266,3.6511601140877969,True
test,c_335a6c31ac0407d632c819bad9fde9cc,saturating_plus_slow,False,False,1,inf,10.238077765631118,6.2403311830980988,True
test,c_3383c54c0e5085b378a1b1c9e43982d2,late_knee,True,True,5,32.745861906351138,12.060504749953836,5.3656476779955966,True
test,c_33a6302e46ccbffc0c5b2056f3cbd378,early_activation_plus_power,True,False,4,48.865255411281687,15.085647116881418,7.6094571308383383,True
test,c_3415712642f751c9a7725c542a9bfcd6,early_activation_plus_power,False,False,0,inf,35.644110080548458,14.920255227330159,True
test,c_34317d8e1c6c2d4813b018b528c9ce8d,late_knee,True,False,5,57.705519855646529,24.706569474496135,11.846179613170378,True
test,c_34446392c061349fba882f341036be4b,dual_power,True,False,4,53.595934751574426,12.591393244181432,4.789735700942499,True
test,c_34ebe45efae47e5d01bd6fbb4dc27096,dual_power,True,False,5,43.517939200169927,3.2373423777805073,1.1402913536556516,False
test,c_35157353632138c42291b474e32c5262,late_knee,True,True,5,32.141997534351695,0.91828838504792998,0.38224044418844633,False
test,c_35a8dcbda91695d6c5948da0ba72ed2f,saturating_plus_slow,True,True,5,35.429507196856882,3.0370739150556574,1.860333447607357,False
test,c_369f28619d64b32d80c9e0502c327793,saturating_plus_slow,True,False,5,36.415505170748155,5.7375558008011609,3.255369820017735,True
test,c_36aabab4f461edaae29f4ff521d18dab,early_activation_plus_power,False,False,0,inf,1.2397763232968799,0.87820254397463515,False
test,c_36b75f068d0a3c69d3f030b67bb4e7e7,late_knee,True,True,5,33.932321546141793,14.917264621239411,4.5121933785974289,True
test,c_36bc11b520050b043a4ccebb907f452c,early_activation_plus_power,False,False,1,inf,63.109933310801182,26.672879873554123,True
test,c_37694d6591154057248019fea3ac7a4a,single_power,True,True,5,32.141999269263167,7.6095063683652171,2.5127962090370373,True
test,c_376e5489bc0da5988b3c7da623322ef6,dual_power,True,True,5,32.141998877310016,1.9312581140574991,0.82808390281145983,False
test,c_377e4cd5a49cdea6f1d92e497cd84ba1,early_activation_plus_power,True,False,5,37.305288816678178,10.904032419020211,4.8153794783531314,True
test,c_378b1e36b53995059bc5303bd2e308ef,dual_power,True,False,5,54.8031675730712,28.586894973708979,12.066155112161024,True
test,c_37d4f3e65983c448ec1f440bd3718807,dual_power,True,True,5,33.675823988097811,2.5121108713043014,1.0636375767159747,False
test,c_381d2a183a7fa6d89fd04777af5479f0,late_knee,True,False,5,38.851291236834804,2.492737969378652,1.4580510965667319,False
test,c_3885f0589724cb4baee656f9cf408b88,late_knee,False,False,0,inf,13.036596339288678,5.6776654184726576,True
test,c_3a61d7b8ec10e9963abc92688ce7ccd4,dual_power,False,False,1,inf,0.76376495822209733,0.40659246344092959,False
test,c_3ab3826175f7cba449ac5a3846d33e4a,saturating_plus_slow,False,False,1,inf,4.7001509346368238,3.1746303867796546,False
test,c_3b60383ff6b7efe19d301ee8d0f1ab48,early_activation_plus_power,False,False,0,inf,28.737343439070465,13.923941332146738,True
test,c_3c1eba8cb70bf02536d0071bb5eedfab,late_knee,True,True,5,32.386961875945261,2.9287358545110749,1.0419706446732897,False
test,c_3c456d36d92477b366db4d6028b57968,single_power,True,True,6,33.200792023882954,1.8661505864723011,1.3995349508251897,False
test,c_3c568ae0f7082d3e4eecdcc15a9803a3,saturating_plus_slow,False,False,1,inf,58.084311367436641,26.94419437657297,True
test,c_3c7a5580045afd75e6983a4e9e38e148,single_power,True,True,5,33.111782259258803,0.9818752033998237,0.58067011793683088,False
test,c_3c7d20c7bdcac2ef42039d58f0025444,single_power,True,True,5,32.446912698737535,1.4874869167506404,0.70905544116845531,False
test,c_3c8de5d43e53c4b960120234fa938059,dual_power,True,True,5,32.142009044429983,8.8546509291333706,3.952069349459447,True
test,c_3d4a849dfbd9bf25d712ed91e357ec9d,single_power,True,True,4,32.141989900246848,8.8561520472801192,3.7736149483203105,True
test,c_3dc8e2bedbbe926c82f743c74c02778a,early_activation_plus_power,False,False,0,inf,19.133687525891546,7.9751123784626383,True
test,c_3de6913963aa8af466bbc6f8301316a5,early_activation_plus_power,True,False,4,36.605822114185436,11.118097162557518,5.4905885290090026,True
test,c_3e5a6670584999f61489abe2b71229bf,saturating_plus_slow,True,True,5,34.879116628289331,5.481510533321682,3.3201517868211696,True
test,c_3ea28e9239057d85c1517cf47998625c,dual_power,True,True,5,35.364356188323704,11.001337152550491,4.9602183510241984,True
test,c_3ec99b88f5e37e6989fe981c23fbba19,early_activation_plus_power,False,False,0,inf,18.831969760819902,8.8829844910316336,True
test,c_3f62b9167d7d92244010c4d54461e1d9,dual_power,True,True,5,34.831495420660289,3.1857218284185791,1.6776636047419919,False
test,c_3f6d64f2c260d6cab7d9cf9f2fe69145,late_knee,True,True,6,32.199661888931615,7.8670971923753683,2.7529221777606967,True
test,c_3f6da95cd2bb4048286a60d46b0de8b0,saturating_plus_slow,False,False,1,inf,1.3506285479074478,0.94324540576391902,False
test,c_3fc2c1be24a74461a12b09ab8070d57c,early_activation_plus_power,False,False,0,inf,71.953136839542182,30.877333317442808,True
test,c_3feaf2ca834f0b3b5bd08e8470e81bd1,dual_power,True,True,5,32.142000285772951,2.5177175185088458,1.1214354795112762,False
test,c_3ff889090a3278df8eb39a82a44ebebc,dual_power,True,True,5,33.099274205864589,4.8580989819350719,1.8953719140337115,False
test,c_404a283c78a469483fcd6f79bd9ac4a3,late_knee,True,True,4,32.141999738042585,2.4595025777919233,0.96332211449646166,False
test,c_40870c9b7768cec8ecec1343e4925b8e,saturating_plus_slow,True,True,5,35.371136771490335,3.7380718744589103,2.3415254177838527,False
test,c_40901fcd4f4942ba2fda9213cd0f165f,saturating_plus_slow,True,True,4,33.048091923416528,3.5077631470634998,2.4269710281921215,False
test,c_40b50f5c14dd3484dfe89c8a66f6cea3,single_power,True,False,5,36.259765141552471,0.55556663549775465,0.32062852568720179,False
test,c_40d9cf6441220503582038e4abc726f7,single_power,True,True,5,32.141996596746381,3.3429429856519022,1.6677633834442673,False
test,c_4177404fbe24e7c4d2d4e1b6e7034718,single_power,True,True,5,33.800147618445678,0.57957564160149388,0.39101573858756566,False
test,c_41837ca9e018731f5a9ea4316c1d346b,early_activation_plus_power,False,False,0,inf,16.554974995579713,8.0553502873952052,True
test,c_41953e7ad2657b54af0160a6dabd7ea7,single_power,True,True,5,33.855558236287493,2.9070579338472697,1.6470526133035552,False
test,c_41bdac723393dea769597a86ce10a7a7,single_power,True,False,4,46.395700066305231,7.4609004393888227,3.7427606928415567,True
test,c_41cfd4193fdef28bc635eb67811798bf,dual_power,False,False,0,inf,2.732544516676171,1.5117015378852392,False
test,c_420f2c6a6728140241556d9b06edbb15,saturating_plus_slow,True,False,4,44.462749211942672,15.018519139294511,8.6596858568463855,True
test,c_426c4231b925d29e95442d481fc07715,saturating_plus_slow,False,False,1,inf,3.5079187349095804,2.5174290918469366,False
test,c_429345981d1f4702b7f7a76cc66c87d3,early_activation_plus_power,True,False,4,40.949977282842561,11.704058649083251,5.8052850385000561,True
test,c_42a793b5d5248706b9aa7cfb313ed520,dual_power,True,True,4,34.726496396076136,5.3317183546028701,3.3970596435430953,True
test,c_42a7f5bdfb4ffad7a556efe512a001a4,single_power,True,False,5,41.98516799256317,9.5658304358877757,4.1312683582125054,True
test,c_43a79eb35f72083700d9423c271e163b,dual_power,True,True,5,33.584006346314553,2.688995553501158,1.3840676183496889,False
test,c_43b357670398897bf5eff7a3cf100a2b,early_activation_plus_power,False,False,0,inf,7.1602639885649779,2.6890648957703696,True
test,c_43b3fe077d3a4bb9f6c94c67ee92ea74,saturating_plus_slow,False,False,0,inf,31.28362423713213,15.038528767905134,True
test,c_43bd00e47bb1f1dab245bd5401e4bbc4,early_activation_plus_power,False,False,0,inf,13.746138280197826,6.4539927127606083,True
test,c_43ec5ac5464066b27efa72448e29cdb3,dual_power,True,False,5,50.624113898915702,14.233701815457437,6.1515951748916331,True
test,c_440c10278a3ab019da96a6b62048475e,early_activation_plus_power,False,False,0,inf,28.570066799091904,13.67501602891153,True
test,c_4411e42899e7860bbf26ff2876c28f18,early_activation_plus_power,False,False,0,inf,13.760045270563651,6.1830226975992373,True
test,c_44e0ceac1f3c4a30d1f4bafb150d5378,dual_power,True,True,5,32.601290658722704,1.3384782259184078,0.7754613824491231,False
test,c_45348cf86210c3680ec950c29a57d711,early_activation_plus_power,True,True,4,32.142007464503088,8.6248058524322602,4.046464048191905,True
test,c_4549855ee6651a652ab95a23c5789b48,late_knee,True,False,5,36.886273484446669,8.6264019480764631,3.4838156194865286,True
test,c_457c64f402bb4422f0d42c12cbc11e7d,saturating_plus_slow,True,True,5,35.119787546628736,3.002393388310054,2.0069040433158931,False
test,c_45e21cffbec4ac1b3574ed81b1da92aa,dual_power,True,False,5,42.259340809334084,5.3932050079276763,2.9529419735017131,True
test,c_467a5440e13632039b20bd2785fbf6d5,early_activation_plus_power,False,False,0,inf,14.107407969337473,5.6870702683819063,True
test,c_468b3fe8bcd3c31b02fa511cb50a9902,dual_power,True,True,5,35.462029684440942,0.23980604537203476,0.22897543581314167,False
test,c_46c0c2769c3bfc3712097e7558a6458b,dual_power,True,True,5,33.381008014278848,0.13058051483203315,0.037826467055428671,False
test,c_46d8609caa4f1327619b768a4764f702,late_knee,True,True,5,32.142001561021345,20.576245543023916,7.8784765545878326,True
test,c_46d9952f809ab05a13ded8f4fc4494fe,early_activation_plus_power,False,False,0,inf,38.481600166667839,15.435503644853528,True
test,c_46ea00516dc70dbcd988064e464aad64,dual_power,True,True,5,33.169138080295625,1.7326416559281057,0.79485324953405134,False
test,c_46f9a8080b159ae9e9889fa5792d7a1c,late_knee,True,True,5,32.141995560603156,14.312669699683511,6.5133232701764205,True
test,c_4711b05d12d2a64f92be3d7778a86b1a,saturating_plus_slow,True,True,4,32.141991090513265,28.498240707474295,13.08311269921883,True
test,c_4714ec04510b40d5ab491868b03a705c,saturating_plus_slow,True,True,5,35.407926730782187,4.7823249316616909,2.5173430095605536,False
test,c_477e860019da35578a70da58467371f4,single_power,True,False,5,57.447873551963198,29.431290237741692,12.432272184746415,True
test,c_47ea5adcf3f0b949d6a718fa9be0a2bd,late_knee,True,True,5,32.141998103939187,7.2263457882437194,2.6274505347784483,True
test,c_48ff4be0b72552a4ad2a60f9557823a1,late_knee,False,False,0,inf,8.6563997086663136,2.7529611688284543,True
test,c_49662f37588cae92e1ec8052e804088f,single_power,True,True,5,33.491039429811458,3.27997481210204,1.8232043547317107,False
test,c_49868505fa9c80161dffccb40fa5a047,dual_power,True,True,6,32.141999958926945,3.2553608597624759,1.8709063000525987,False
test,c_49893a8bcb44eca7a1f47ff49636f964,dual_power,True,True,5,35.302766976579825,3.3744232620965704,1.3367153453299998,False
test,c_49a357d3abb0aeffea5cf2630bef9c7c,late_knee,True,True,5,34.303681382307673,1.601077133030671,0.53454945281056443,False
test,c_49b2e330cceb6040ded9791134b01afa,early_activation_plus_power,False,False,0,inf,21.688150902386653,10.401716773144669,True
test,c_49da7ea06ccb2e8a8d2101e3449127a9,single_power,True,True,5,34.122708123461429,7.8372670546303596,2.440044315272611,True
test,c_4aafc36c9becd8df05f3c8009923a6da,late_knee,True,True,6,32.968857634342925,16.879838623272562,7.1379129796777638,True
test,c_4ac120427ae654d1ebc43e77844c976f,single_power,True,True,5,34.765025813670576,1.1636225552638138,0.60513455236124414,False
test,c_4ad4c9d74f7f9d741319d15d5cc576b3,saturating_plus_slow,True,False,5,36.781993847401999,8.0991267541157868,4.9337631941504982,True
test,c_4ade85537b8098d03aa5fe663c48fd3a,dual_power,True,True,5,34.220677616375092,14.334897504116356,6.3225312238654325,True
test,c_4b0c2cac6cc1c6875c8a0b8b2555b6f1,early_activation_plus_power,False,False,0,inf,4.9447995539847511,1.6782057663415315,False
test,c_4b7541a532d59c8bfa43726ea95fdaf9,saturating_plus_slow,True,False,5,40.595667863982563,5.1297047132807165,2.6508893499670694,True
test,c_4c088ff4d408bc2e866d23d33285899a,dual_power,True,True,5,32.14199842116642,5.0977493657130424,1.4977541962658889,True
test,c_4c149fdd6ec4840f1c6dad485924eff5,single_power,True,True,5,33.406390631646829,0.0071423964328687362,0.034312831060472532,False
test,c_4c21dff0b3747a728aab422e7bb1a68b,dual_power,True,False,5,38.826317904996294,2.6459347892526921,1.6017518198984055,False
test,c_4c3b6d74a857db6dbbe70dc003baf4a0,early_activation_plus_power,True,False,5,51.987232283581612,17.434953880475589,7.3369352826557623,True
test,c_4c43e265f0d80ce773d77d97ca3504e0,saturating_plus_slow,True,True,5,33.87254528183103,3.366719945069832,1.6901147669611951,False
test,c_4c5d5037a55c757e100b6e0ced9b6273,late_knee,True,True,5,32.141998658799423,6.5615316496532188,2.5364508270142241,True
test,c_4c6a18f98548627026948e19271872bd,late_knee,True,False,5,40.688135129306197,3.7853778944863024,2.6739301912849625,False
test,c_4c8913ae6d71a3b30c102169c932e65d,late_knee,True,True,5,32.425657927535568,0.5277228710710915,0.55332388669021626,False
test,c_4cb0d49f793055137daf9ac15d7c4068,saturating_plus_slow,False,False,1,inf,7.1156394875271332,4.6488657699836891,True
test,c_4d15e62e88b1c4ace93fb1ca99990949,saturating_plus_slow,True,True,5,35.257164912057881,3.4194454984560707,1.8157528075282814,False
test,c_4d38551a21d3f6d50c99111fc51a24e4,early_activation_plus_power,True,False,5,36.547195713482857,3.6896878972719378,1.8015241554309376,False
test,c_4d89f122433e6a6dc53c4e4088d285e2,dual_power,True,False,5,36.403254362864864,12.485997271318297,5.3147361363361574,True
test,c_4dcae7460ff03118f763f5c726d8ca0d,single_power,True,False,5,45.70807690230685,7.9823221779832068,3.040426215029564,True
test,c_4dd33daff9c47bbfc94191eefd34a55e,saturating_plus_slow,False,False,1,inf,5.1438684312818168,3.2253105851495993,True
test,c_4df9feb26add8d3d37094080c9b94c6d,saturating_plus_slow,False,False,1,inf,5.7091999894198437,3.6720397515167704,True
test,c_4e11ff103532c948349a6790ef7c8958,saturating_plus_slow,True,True,6,32.309593328865631,1.3609294570606636,1.0724103825917271,False
test,c_4e36fe369e127397b2252a9b16a9cb17,dual_power,True,False,5,39.149760071321928,2.8519626428596183,1.3203479176979187,False
test,c_4e8b840f540862daf17ddf22bc089e61,dual_power,True,True,5,32.141997529685156,2.7455967918794784,1.2969130608617057,False
test,c_4f19e3d89f96fa24f098b75952183efa,saturating_plus_slow,False,False,1,inf,22.987605436248543,13.25417040233345,True
test,c_4f2d5ceb5c1b4a76b27728199e753e08,dual_power,True,True,5,34.794536618259691,9.0583260703532318,4.4065506806628827,True
test,c_4f3824fbe863f22a056b7668e54bd6d9,saturating_plus_slow,True,True,4,34.705460170086589,2.2488472597686098,1.4927328009784979,False
test,c_4f5736ae47bb6e2569cc72d6d450f047,late_knee,True,False,5,40.318310262051618,0.82870537438355996,0.48151600925831223,False
test,c_4f997051e560b264f2cafbe0863c2dbc,early_activation_plus_power,False,False,0,inf,25.994737391060454,12.793361438328525,True
test,c_5004a555061d07ca53e4113906e9a83b,late_knee,True,False,5,36.741226414052768,14.361611399123973,5.4972596939628158,True
test,c_5079ebee5184c90404fcee2a7c00fa70,dual_power,False,False,1,inf,4.6943715059876041,2.4192914408277875,False
test,c_507bfc8030df114947b27d4a8d3f8876,early_activation_plus_power,False,False,0,inf,23.984718753111252,10.194255605733204,True
test,c_508c78c327c5f12860658a4f627ec6f6,dual_power,True,False,6,37.400454926792072,7.2762823643010677,3.6242769566099842,True
test,c_50a206499fb54b60e3ef5463c62c1bba,dual_power,True,True,4,32.141999621130608,2.3919565245410155,1.0418126807426404,False
test,c_510a07f318218320fa651992717910c3,late_knee,True,True,5,35.502282059415542,5.063323973351757,1.7338564317956833,True
test,c_5187a0e54c7d3ea3d83dd76424964313,single_power,True,False,5,38.044445363998669,4.7972446685773917,2.2308634797080011,False
test,c_51d6228b60c22ebfbb09dc4206d5c7a8,single_power,True,True,5,32.711158272040038,0.82267448297906753,0.41273753171618499,False
test,c_523f555ea3d331e8f2ec1d12cff90dc2,single_power,True,True,5,33.17734336915899,0.81496367961977967,0.36576221250969898,False
test,c_52b5ed6d044eb71b13ad1301f1128825,early_activation_plus_power,False,False,0,inf,18.592961537914391,7.5312545686038517,True
test,c_531d79863c4b57d5b05ac5b9431b89c9,dual_power,True,False,5,40.041398414855159,1.171912115584675,0.47469430844132654,False
test,c_53c4c4e6c3b1e226725b3bf778933351,saturating_plus_slow,False,False,1,inf,3.8426189587081865,2.7532620311060487,False
test,c_54242af053cc9eae2c2736097591929f,early_activation_plus_power,True,True,5,33.137360675784059,1.6960095949389,1.004976860045969,False
test,c_5430e8a481dba581279bfd27907aad44,saturating_plus_slow,True,False,5,46.92889924208307,5.3048672681441076,2.9042252119989893,True
test,c_5484b059653ed1bcf74e9a545b219589,single_power,False,False,0,inf,24.049386162843575,9.6262860744237049,True
test,c_548e61a8ceebd22b31644937f75a865d,single_power,True,True,4,32.142042892136338,7.1295250911760633,3.3868903103556804,True
test,c_54a3434ca8f3676227ee926b2010575b,late_knee,True,True,5,32.396233034795785,24.386468568012916,11.194242381945397,True
test,c_54cc14139b62973a8d153ef44006b0d9,dual_power,True,True,5,34.106086776691633,11.175565190496641,4.9144461304050049,True
test,c_54df09fc59f9781ad454d6e2c25ee192,dual_power,True,True,5,32.496627276288592,0.15511540491090159,0.10571573955807038,False
test,c_54eaf00e5f03bd8cd70a2c9786a2b0f7,early_activation_plus_power,True,True,4,32.141999959349072,9.6270779417854015,3.9874256017764318,True
test,c_55406b48334fb9cd753dbc8ddf2737fa,early_activation_plus_power,False,False,0,inf,37.731167931931395,17.254350203821954,True
test,c_55ff953147c35490711af0484b1a5b93,dual_power,True,True,5,32.141998352421012,4.7429994463781355,0.98808245912315296,False
test,c_560418a69d59ec996abe2fbcdac6efde,early_activation_plus_power,False,False,0,inf,20.615083284403369,8.6439362081889666,True
test,c_5657f105c03e2c03e4549362a75a1f85,single_power,True,True,5,32.141995902103773,2.4647234362454356,1.142490874735145,False
test,c_56c8833d0d07f16c613e1fa340157015,late_knee,True,False,4,50.497472791512003,27.733702847802249,12.548719795159489,True
test,c_5704102de1374b39a2107de863fad7a7,dual_power,True,False,5,38.348282306163021,1.7140347450191626,0.56258956316844622,False
test,c_57972a6f0bdbbde972446ff33ab54787,late_knee,True,True,5,32.859407986716732,6.4253212718165145,2.2111824792062849,True
test,c_57d1483acc454d56d26cf4468b33ff27,saturating_plus_slow,False,False,1,inf,5.0737867814909237,3.4556191079013492,True
test,c_57f57d18617887e5d08a73ff3786b805,dual_power,True,True,5,32.85589849070432,7.0543535184059891,3.4036318340315455,True
test,c_583dd250bfc741eff044f089f45eb91d,late_knee,True,True,5,33.435315008420659,10.282410067801379,5.0864130983521258,True
test,c_585682cad05fc7dca3bf95f6ddbae6fe,single_power,True,False,5,43.027010341564427,4.273965959644471,1.6809716224990909,False
test,c_5872be2ae0a9115ef4c81c6b8601b6ee,late_knee,True,True,5,33.71415075512418,3.2667889758628093,1.2463937854326628,False
test,c_58957f1cd25475d88a939253f977d57d,late_knee,True,True,5,34.569540543466175,12.911058728313023,5.1124480420351812,True
test,c_589e15b9dc0eecc4bbc7c50b74dbf2b3,single_power,True,False,5,40.153332021104895,4.6648579097749945,2.4163452824321614,False
test,c_58df6e9069094b1acf8668ae5fb9acd6,late_knee,True,True,5,32.76509935647033,16.846210273143413,5.3158745608963995,True
test,c_5911083c9ece9c3dc4a9c89cd62c58e4,late_knee,True,False,5,41.398637320432634,0.65070877323195475,0.78166217067867616,False
test,c_59228b60bba76fea4954a377eb9eb5d0,late_knee,True,True,4,32.141988711448228,4.2365367851013218,1.9640394299285939,False
test,c_59278219ede688357061054b11a13f68,early_activation_plus_power,False,False,0,inf,56.384861849682707,24.373586509190094,True
test,c_59481c2bfdc8c88aad6e765aae4ed725,saturating_plus_slow,True,True,4,34.222054331188637,14.528445995595973,7.7922472927731299,True
test,c_5952b3dad2f02765ec3aac64d6fe9988,early_activation_plus_power,False,False,0,inf,23.644355748670151,11.545000722152309,True
test,c_59ca5189e27517f256f2468ae42493d2,saturating_plus_slow,True,True,5,33.309341638601452,0.57707667068314095,0.44556452795227613,False
test,c_59cb1e33f669a4ae9da0389113594275,dual_power,False,False,0,inf,9.9315146503762577,3.6449751317309982,True
test,c_59de9e628cf5e807047b31bfd1a3635a,single_power,True,False,5,40.270999284270623,3.4535403359463004,1.5088744044135936,False
test,c_59e8da10b2422ad3b15cd147da05009c,late_knee,True,True,4,32.141999192450285,8.6454027697031819,2.2038033637061867,True
test,c_59e91b5e47b176e51e8a76a42c07a0f6,late_knee,True,True,5,32.141996963498258,5.687544031581595,1.9779299115066276,True
test,c_5a0c94942a2d67fb134a2407c73c4e63,late_knee,True,True,6,32.307650476422992,3.9340166555455198,1.7879855727348601,False
test,c_5a1d21fdbf35a7f3d219f11361c9d81c,dual_power,True,False,4,58.541184308509607,16.190492874736279,7.7061852159543314,True
test,c_5a254b9b2fa5bd4cfd42ee1851c82022,saturating_plus_slow,False,False,1,inf,17.166653494201256,10.190982311924669,True
test,c_5a8c5327c4139c3bc3036e21d38d1048,single_power,True,False,5,53.938005751090806,19.015602607224523,8.1325164265187393,True
test,c_5a982131bb75da1ac6086505edb48b90,late_knee,True,False,5,39.646887073088642,0.08792804917857211,1.2180267788559545,False
test,c_5aa42c1e9f1b428fcd761ff057bc6da7,early_activation_plus_power,True,False,5,36.334556744577306,3.325015026760255,1.7558980685245864,False
test,c_5ae0132353edcd5652fc9d4d31a0e367,single_power,True,True,5,32.452314203057284,0.95867363411210249,0.69923559455514994,False
test,c_5b172ca2f45d66e31155c80282aa3bfd,saturating_plus_slow,True,False,4,45.641724925727978,11.672069300332609,6.2547615888988011,True
test,c_5b21e59c9f1957a3245433bed6db50c1,late_knee,True,True,5,33.399697056768858,16.355447362435356,7.3546413097506163,True
test,c_5ba1275e3e7c58b20c265d526a30fb2d,late_knee,True,True,6,32.141999925402956,11.772095374781046,5.0127806356373261,True
test,c_5bb66a44e0b0ebf31a1cb1584b7fb1cf,early_activation_plus_power,False,False,0,inf,18.131480828726509,8.6480269138081667,True
test,c_5bda0d3627fc1563ed04a247d07537ac,early_activation_plus_power,False,False,0,inf,36.084970308250625,15.103441650846809,True
test,c_5cce5a05f1f8578a97ce95683d4d868c,early_activation_plus_power,True,False,5,43.973712455135662,9.0677549610216772,3.5434186974953472,True
test,c_5ce3ed057c62dd8e8c8333f8d2ac87ae,late_knee,True,False,5,36.73981436671793,9.6284143401620099,4.7679760772141142,True
test,c_5cff39a2156d4004756be3413b4f7616,saturating_plus_slow,True,True,5,32.141997769365339,2.0413856940933925,1.2394572551651701,False
test,c_5d1eb0aea74801f5b8d06f8777d3c1b8,single_power,True,False,5,53.244878624434484,18.394579054968347,7.4748334838517945,True
test,c_5d8d757253c0ef215c1e8f0d776a0980,dual_power,True,False,5,35.796631504181441,12.858403264626787,5.8482412365565697,True
test,c_5e09750dfd5452389a5d84f67a4e2277,early_activation_plus_power,True,True,5,32.159063283706793,0.87250638062623409,0.50633778844977617,False
test,c_5e0dfe732fd2238cf79ff3909eb66f01,late_knee,True,True,4,32.247717912447712,3.5270033730026,1.4477045099189967,False
test,c_5e5440a516f9c8c66e33a3f6672603fc,late_knee,True,True,5,33.17515985613386,3.262641979107471,0.94358504586452019,False
test,c_5e65db09482a1ba1cca8b81f77b79a6d,saturating_plus_slow,True,True,4,27.319283464673191,31.281019485829603,16.213717574079073,True
test,c_5ea74a1ee763e99ade555c57915217d8,late_knee,True,False,5,44.81395554706625,11.580243783601077,5.1450553922025568,True
test,c_5eba01b9671d868fa986d130ede0f1e2,single_power,True,True,5,35.302480248751088,0.19337852117085674,0.085059296617790811,False
test,c_5ebd93b01dda2437a4ada6b75e1f91c3,single_power,True,False,5,36.20662066131495,0.86753665232342314,0.33453919179065106,False
test,c_5f18a823d9f7341ccc2c289bfb8e3834,saturating_plus_slow,True,False,4,35.814909021891502,15.081512481423104,8.7239191005146761,True
test,c_5f4687e82d365740368ea45b0d4cde3c,dual_power,True,True,5,32.141997378567638,2.5260874300426792,0.91706347434582858,False
test,c_5f5a1c8ba580a29ccb60169fc161152e,dual_power,True,True,5,33.218691991821672,6.2002303397885328,2.9437983426596772,True
test,c_6017df4218abca92408b28000cbfe104,saturating_plus_slow,False,False,1,inf,10.791504909699839,6.9097871103881827,True
test,c_606ee17650d673f261b8f6cfd7018797,saturating_plus_slow,False,False,1,inf,3.3362159030286449,2.6407566677287737,False
test,c_60bdbc6a1ac9bf809d29ee44d6bb4705,late_knee,True,False,5,36.758545742218097,2.6938714952390796,1.2227101570527548,False
test,c_60f90ee2dd3d9be9220f816617f3b401,dual_power,True,True,5,35.333194527772498,2.1218922610718067,1.2090538633923933,False
test,c_6114c53b2b6aff498e004e6364f14a19,single_power,True,True,5,33.766703702351769,1.6216991516063075,0.77688670093957046,False
test,c_61445be6f32e80926613d6cedbd0487d,early_activation_plus_power,True,True,6,32.141999999999996,1.4507984301964143,1.032317634903565,False
test,c_61b95c8214d7b55d3387cb0111133cc4,saturating_plus_slow,True,True,5,33.065880648003386,0.97696706990430471,0.53269293368725779,False
test,c_61baa82db354b0e2270893989953f23e,early_activation_plus_power,False,False,0,inf,40.421729236631457,17.317961928104008,True
test,c_61c3b2294f5a9cdbb7133a454eb071d1,early_activation_plus_power,False,False,0,inf,6.2190500782700155,2.3841186347726717,True
test,c_61f0b1dfae893d5ea96e59a57330b5fc,dual_power,True,True,5,32.14199717400642,1.4436149932640774,0.35790286920547909,False
test,c_61f2947fb7c3ea75b5c87120320c8676,early_activation_plus_power,False,False,0,inf,36.78810325857367,15.186651150087055,True
test,c_61f888ffddd34b8afcddb6726be534a3,saturating_plus_slow,True,True,5,35.171036735413232,3.5808786210057661,2.1531851392724946,False
test,c_62a726dc2ab8f7a1a8164d427dc11693,late_knee,True,True,6,32.194098198461973,6.5663155365171804,2.9889087256819091,True
test,c_62f4bc29a642f97c759d6c5f197650c8,single_power,True,True,5,33.100444370158371,0.024430045917299026,0.11533914753510481,False
test,c_6300b473e5638e45ea06e8ae5a4ca112,saturating_plus_slow,False,False,1,inf,2.6837351096387607,1.968353469408614,False
test,c_6333e6b46d93658638a7fd0e76c717e6,late_knee,True,True,5,32.938421977702134,9.5304308004175198,3.3004153002405912,True
test,c_6354f77798c9547a237a16096a0d0d85,single_power,True,False,5,35.683725394285467,0.22111950573470551,0.092714780152087936,False
test,c_6358e21057fed3b89ad551563dfceac3,single_power,True,True,5,33.663592254329835,8.5730336943031915,2.7236441625897228,True
test,c_638c7f819ad1f2416a85bfff24fbdefa,saturating_plus_slow,True,False,5,37.016165064809165,5.7623604692793862,3.3438643363364426,True
test,c_63bba654e6b0eabb9bbdd385fe89a988,late_knee,True,True,5,34.296698615910941,7.7892372064569315,3.5320219587135155,True
test,c_63f9338a9d55e2af743b89eb52ea01a7,early_activation_plus_power,True,False,5,55.236498320877978,19.307046024857243,8.2862205603853418,True
test,c_646559c0c2403580f3a675add41eca87,saturating_plus_slow,False,False,1,inf,4.4459298463985846,2.9141840288704688,False
test,c_64976de8e428554b3f94bfdf8ad1d3a6,saturating_plus_slow,True,True,5,33.41614436783788,7.8039538331957914,3.211882268280752,True
test,c_64b1b981948405df0c5351f3fe4b2957,saturating_plus_slow,False,False,1,inf,7.787115321645345,5.1663871755426802,True
test,c_6515bc66a15a21bf0990b8f4ad91e405,late_knee,True,True,5,32.141998253409156,18.528276114846832,6.6524310986244535,True
test,c_6555f65ccf76f7d4ea499f57fdbba9fd,late_knee,True,True,6,32.326322333046633,5.2431893992878287,1.8244630296255258,True
test,c_659c534e06f5b51832d7c58db4f67a95,late_knee,True,False,5,35.632845400421736,3.4842516857867025,1.2956845279622795,False
test,c_6610c33de65bcff0d371b102400de993,late_knee,True,True,5,34.229575539284085,2.019677123414624,0.65880398741440105,False
test,c_667e0c3c84340182aef7693d5a566d82,early_activation_plus_power,False,False,0,inf,21.878667322271426,10.865269068197605,True
test,c_66896b447e7d2841f08d5db12fe21127,dual_power,True,True,5,32.141996385399658,5.6778726659729557,3.5440221555924434,True
test,c_66e9d5a3888befd2d9eb9c5960df74dc,dual_power,True,True,5,32.141995616673348,0.19257945051492698,0.14137362665466599,False
test,c_677a4d74ab8a3c15703e859f934fed57,saturating_plus_slow,False,False,1,inf,10.81107151920466,6.9616922310916198,True
test,c_6795fed19e3fd44b7395271c7499e0b7,saturating_plus_slow,True,True,5,34.374632399393064,1.9976117852641266,1.3035344188047266,False
test,c_6804ea90a9b3f8867e42a66da0bc95df,saturating_plus_slow,False,False,1,inf,7.715474248658154,4.4470216989007625,True
test,c_684e2111e9ad29d3f4cf22d3268de3d6,single_power,True,True,5,35.318021187451976,1.4154938199507114,0.64409045709808666,False
test,c_68fcbfb953e921938358d21c9966e02f,early_activation_plus_power,True,True,5,35.283192245775105,3.0671252671891551,1.5342583454368544,False
test,c_6950083e45513a1566e2be4514acbccd,single_power,True,False,6,35.642708477614462,1.0934910048696764,0.43050265059343573,False
test,c_69d45deafdd1cec41d13a44b62700ae1,late_knee,True,True,6,33.459801144363226,8.0983002543097342,3.5555333330276078,True
test,c_6aa5b4c0db27898943394fa3e4f1c4c2,single_power,True,False,5,42.47637688243875,9.6126845551570597,4.5679610064851186,True
test,c_6aa5d0f1e7cca69bc0a88f0deb492569,dual_power,True,False,5,45.583463818726393,12.483350001045594,5.8707269869372762,True
test,c_6aab482c22ededaec76868204fa90473,saturating_plus_slow,True,True,5,32.969324165613635,1.0793250270240264,0.40733311091221097,False
test,c_6ace59dccaf02b1e63d5a183e98eccd3,single_power,True,False,5,37.030449475115269,4.0578435509330433,1.9293297131552201,False
test,c_6ae3b51dd6973a6d6fdba5b54ca90fd0,late_knee,True,True,5,32.142000396728434,10.581011550945917,2.6108370932259168,True
test,c_6b0a50a36beca3e45f0b67f3db19d39b,early_activation_plus_power,False,False,0,inf,20.28472852188743,8.2178381232774083,True
test,c_6b12bbfc55094ac736bf30cc9d5f1116,saturating_plus_slow,True,True,5,33.234587938777274,1.4183326663523701,0.94216587274218677,False
test,c_6b17ebfbe1d2038c797c07998bb991ae,early_activation_plus_power,True,False,4,41.694050321229717,9.0064566488327813,4.6479142809456295,True
test,c_6b34fbf827263a059ec53c1b5ea5fef8,saturating_plus_slow,False,False,1,inf,6.6214126639507214,4.1176251415692171,True
test,c_6b44d7c1f7129dc8297dac4a29e13c81,late_knee,True,True,5,32.273729018643422,4.436342010140109,1.9365945583313415,False
test,c_6bcc1872d58d4894a7262e92096e1c41,single_power,True,False,5,38.669869644553948,7.2199811143836143,3.9050587897998685,True
test,c_6cbc68e3f1de6d50da040648e7bceefe,early_activation_plus_power,False,False,0,inf,10.237255912068619,4.5122525519390662,True
test,c_6d26e747aab0a58e19aaee7536c78a6e,late_knee,True,True,5,32.141997971962283,6.9345347756218558,2.8415728586457387,True
test,c_6d406975d95371f15c9fe3dfe69525d5,late_knee,True,True,5,32.141995909145571,4.2572816028285843,1.664880067664585,False
test,c_6d54da6787b24a61b27c949e96ecf826,early_activation_plus_power,False,False,0,inf,26.083678871578314,11.446861232074587,True
test,c_6d6603344aad42749188a3b0e8aeebb6,early_activation_plus_power,False,False,0,inf,25.293203829522028,11.496014348845607,True
test,c_6e44e05eb214429612fcb2c3899bbfce,late_knee,True,True,5,32.277266476831315,17.168248723057374,6.0404110986178097,True
test,c_6e926b998a4903691feb917dbb398141,single_power,True,False,4,58.109890350667143,38.584813246165986,16.517834197350908,True
test,c_6ed9d36067a1fd0357b60db3f0ba81df,late_knee,True,True,5,32.340380976105976,12.549933144137597,4.953785096003676,True
test,c_6ee09685a517c820c96ce415201db3c3,saturating_plus_slow,False,False,1,inf,5.6812590358766073,3.8598844534546828,True
test,c_6efab4619f3d5ea7d384435ef2d0cc63,single_power,True,True,5,32.141999423879582,0.84576229439380768,0.74035846665217686,False
test,c_6eff975fff2acefd02fd950242e6cbb5,late_knee,True,False,5,40.435672598623633,0.81104874456377729,0.61321788105338404,False
test,c_6f8ad36092a6725d406772911a536bcf,dual_power,True,True,5,33.341560225174568,3.3655024458076781,1.4099550771840426,False
test,c_6fac2abf74dc67bd1f7985729841c5bc,single_power,True,True,4,32.724033407220745,0.36068449910760592,0.17146338710281256,False
test,c_6fbc21d127de154ecc755ec278cd28ab,saturating_plus_slow,True,True,4,32.142015534008316,18.547917346109813,9.1747844696390288,True
test,c_6fe2727451c047a32d62f0f5066a63f8,early_activation_plus_power,False,False,1,inf,56.124979354137679,23.639895529725866,True
test,c_6fef28ce45e6589bebb78521e8a9030e,early_activation_plus_power,True,True,5,35.103637398678764,2.2374213832211609,1.2021628774903614,False
test,c_7033195a50aad3ccceac9de3a0044941,early_activation_plus_power,False,False,1,inf,55.665622208427472,23.627704004872289,True
test,c_704ae51d9d00987a89e69ff0a4a597d5,early_activation_plus_power,False,False,0,inf,48.506966015147306,20.512902922698007,True
test,c_7119d59ce2af3347d01d4331718ed98f,single_power,True,True,5,32.14199974021389,5.4249613423241527,1.721626717355756,True
test,c_716254a589107e23bef2391648f72552,single_power,True,True,5,35.32620021715077,0.57204424708334045,0.27392530407949001,False
test,c_71a5fe038fd68f58ba8dead75c94ca4f,late_knee,True,True,5,32.879571842238718,5.9108462452461623,1.5605245448028,True
test,c_71cb13cec4826c7fb2186df3d9ffd9d3,saturating_plus_slow,False,False,1,inf,4.0020070506690644,2.7380073752244671,False
test,c_71e6d7cc89444bd2c70bc157f236a953,early_activation_plus_power,True,False,4,57.315741909104098,25.514962437752231,11.568875947675227,True
test,c_71f182431ecf4fdbc74f96c87b139d3a,late_knee,True,True,6,32.411366786350655,4.730967869232984,2.1813076147703656,False
test,c_720fdb0f33e0ee62dcc75ab350ffc4cd,early_activation_plus_power,True,False,4,45.584867587586636,6.7684064129369546,3.3808528853730673,True
test,c_7247bd1478ad77aaa5e8e5f71c2753d8,early_activation_plus_power,False,False,0,inf,19.471458246821598,8.2211222321033368,True
test,c_732cbccbcbbc0b8c268ca497626f6539,early_activation_plus_power,False,False,0,inf,7.4118838665569342,2.9773211195115676,True
test,c_738c0cd419061c70ed136eded1b49d65,single_power,True,True,5,32.592950332170965,0.36440282915896205,0.31120306308463147,False
test,c_73be31d4f4dc39904689a5b59f6a6159,single_power,True,True,4,33.081518532312103,0.44740357961248378,0.21872288278853605,False
test,c_73bf16554b8dcc6e25c30dc2cc3f3991,saturating_plus_slow,True,False,5,37.15875567420175,5.6977424494075279,3.7019263803789886,True
test,c_74ae7d0bca9ff6a78bbdddfca5896ecb,dual_power,True,False,5,40.178717089088629,3.9357077275684418,2.042319950850104,False
test,c_74c3ca932c06bede144859d0da039431,dual_power,True,True,5,32.141996994180246,1.7304023314243011,1.2228442198537226,False
test,c_74e085f158ab427a9fbb8ee67b3b9876,early_activation_plus_power,False,False,0,inf,19.950408540775953,9.4600365471705157,True
test,c_74e49c001af3bd784b0d4c6e4bf4be16,dual_power,True,True,4,32.70703710301273,4.5703842342974923,2.531306887097907,False
test,c_74fabdd25b3e2cfe4cccf6492f6d5c57,early_activation_plus_power,False,False,0,inf,49.081942274982126,21.726534547031413,True
test,c_7512d613284723d714714988c1ae7817,early_activation_plus_power,False,False,0,inf,47.947373720147795,20.179893464045634,True
test,c_7524ef62a07e44a480e6926eb6445d5b,single_power,True,True,5,32.499057196210877,0.16015649426353207,0.069483611385650915,False
test,c_7548e2a79f4c835b57a035b8ba73ebd1,saturating_plus_slow,False,False,1,inf,3.6719501420714522,2.6905384090725435,False
test,c_75547c87f920bc807c5325e6e2ce9d8a,dual_power,True,False,5,38.444193673242573,6.5283805368950425,3.0116314610969663,True
test,c_75960c469e489f1973adeb247cb97dc0,single_power,True,True,5,35.104891801548369,4.7113950219180225,1.4647236959204764,False
test,c_759d5d0acadaa550d379c419b549e186,saturating_plus_slow,False,False,1,inf,12.725513656411835,7.4853268290345669,True
test,c_75d8f3743931d07cf0b4f7342d237aba,late_knee,True,False,5,36.547522948836182,4.0548245527313043,1.6094850679169832,False
test,c_76a54b99463fb0b753b2201f8d18af6c,early_activation_plus_power,False,False,0,inf,33.55617042748446,13.861511789785936,True
test,c_76bdec52e7368f272adeb69f9de45ddc,saturating_plus_slow,True,False,4,40.206800032559393,11.454462933078005,6.5103712525961974,True
test,c_779480cbb06b737a8cf56fdee6fb3124,saturating_plus_slow,True,True,5,35.012917340156655,3.4100800421907564,2.1178643462091755,False
test,c_77e0ae5946e5bf2ae5a6a3df2b474d84,early_activation_plus_power,True,False,5,35.682276003250443,3.9373126593972643,2.1642408018916917,False
test,c_77f93c881dbee0ea5e56e7451a837764,dual_power,True,True,4,32.141999825811467,0.33321132771219197,0.75095579732966611,False
test,c_784297fc222936dd144305f9ee7ab521,saturating_plus_slow,False,False,1,inf,7.1280215608194482,4.4870014471173558,True
test,c_784811f00cc8946f322dc9122fbcf3dd,early_activation_plus_power,True,True,5,34.569214806215868,2.3291593490798022,1.1952868122381735,False
test,c_7850c7e5b2d4290283b5f3985bce6905,late_knee,True,True,5,32.14199668797113,5.5267934295783903,4.1949524981127739,True
test,c_787e2a810e277a88c42e869ab3ba6155,dual_power,True,True,6,32.141999999999996,3.1242303429453386,2.0037951991399727,False
test,c_7907dd8d623fd8b3e9f02c6393537adb,single_power,True,False,5,47.541144271715872,13.767326620709497,6.5609118940450086,True
test,c_79366471ef8e87815413e090787f377c,early_activation_plus_power,False,False,0,inf,16.855607514123321,8.4622524946683129,True
test,c_795532a13f86d580ca21d9acf45b2767,late_knee,True,True,5,32.141997633060924,0.7511993842527005,1.2146161090574001,False
test,c_79596e97c82215837101cffedc9ef918,single_power,True,True,5,32.541096806107674,1.2199357927537733,1.0316392387357016,False
test,c_79a172962c71bbcaa0de5bbde4a6ce4f,dual_power,True,True,5,33.971102445198497,0.011895112339217917,0.027236915718839197,False
test,c_79da7acb2c5740f7f6f7c7b727c6dc97,late_knee,True,True,3,4.3469285619308238,2.7478021019515495,1.0940473371308841,False
test,c_79dc532453cd02876377f3e4840cbe19,dual_power,True,True,5,33.739373591136655,3.4075424562777528,1.7572434776173622,False
test,c_7a35288cc60f19d6d1b1efd3a452eaf5,dual_power,True,False,5,37.993695352937578,10.814027893217244,4.1685566579303677,True
test,c_7a5dfee75dbda9664f07aca4b69c4941,saturating_plus_slow,True,True,4,32.142003715617257,18.591220953940152,9.4212395450349806,True
test,c_7a7f4dec0c957d390eab3472a30d111d,saturating_plus_slow,False,False,1,inf,4.7203080216034436,3.3170247453228781,False
test,c_7aa4da29c102fb63be6d74f507550a29,single_power,False,False,0,inf,7.2369878284335272,3.4902919138024933,True
test,c_7aac671161dd8df8702cbd35a1d7ea2a,late_knee,True,True,5,33.303142043762747,4.4026093797915138,2.1596156581718509,False
test,c_7ab661b7153a09e401d643a1c8b09da0,single_power,True,False,6,37.070108446705056,1.3760919311521604,0.48557521281950505,False
test,c_7b435f8fccb865a0602a5e7f4fe88e1b,late_knee,True,True,5,32.141997989944215,8.7688940219829163,4.2411240156662933,True
test,c_7b6f5fca372b72c554a60809030a8d93,single_power,True,True,5,34.435006195558223,3.0540921207834231,1.8066568591168792,False
test,c_7b8db10729f730d578ab9306f740e29e,saturating_plus_slow,False,False,1,inf,5.4865247741996939,3.5488250594805617,True
test,c_7bd6f654e12dfe29132414e7458887f4,late_knee,True,False,5,39.142749000728948,0.49477018945276541,0.21905424866986359,False
test,c_7bfc844cce06b3c4d59e3b8bd80de506,early_activation_plus_power,False,False,0,inf,30.343928519980594,13.124061732494162,True
test,c_7c197bae049abd8bb29757aeccb63cad,single_power,True,False,5,49.378904661124061,12.514985047034244,4.7837809474803841,True
test,c_7c6b25b4521f8f60c3e9fd62faaf20c4,single_power,True,False,5,38.718717504494343,1.3491203348431497,0.64758136308442305,False
test,c_7d0ccceae687ae6e0b9c3e5748fc6fa4,dual_power,True,True,5,32.141998953448777,3.1958878229540488,1.4870110881580689,False
test,c_7dee200d3c957a2c7382f738fc6dc1f6,early_activation_plus_power,False,False,0,inf,14.060824635800884,6.8845800945908966,True
test,c_7df382965747cd076a0f0c7ce4c023d6,late_knee,True,True,5,32.727282949847904,13.342448451590556,6.3150961510859442,True
test,c_7e35a1ea7cd3f7bdfdb65e7bd1c7eb84,saturating_plus_slow,True,False,5,40.671192032313947,6.0758272146524774,3.5363066784426791,True
test,c_7ee150a786568e7483e82772022ce84d,early_activation_plus_power,True,True,5,34.570173078753236,1.5882430865433008,1.2405412602899692,False
test,c_7efbfc6464c264ecadd99f1ae560ec6b,saturating_plus_slow,True,True,3,6.445959681543215,6.5103898834583731,4.1347726457610356,True
test,c_7efc85612a83ea498e7d55ab93c22741,single_power,True,True,5,35.36827566286663,5.7264140571245292,1.5345227855417287,True
test,c_7f1ff0096e1460479c6a9d512d2ed0cf,single_power,True,False,5,39.018530991377538,4.5977964704123622,2.3124535817006611,False
test,c_7f584ae04fc16199149c33b5c27233d7,saturating_plus_slow,False,False,1,inf,8.4262571605517422,5.4090542738669685,True
test,c_7f611a5913c2ce7ab298b693647668e2,early_activation_plus_power,False,False,0,inf,25.017138587106331,11.815940322303573,True
test,c_7fd3ad5b466e68cd637d72b12de4c0d2,single_power,True,True,5,32.358323698987803,0.26651306922138929,0.56338558800198446,False
test,c_7fe2258919bb0e4e80208a6197f1b955,early_activation_plus_power,True,True,5,34.112645064232744,0.62323565758519806,0.26545659774382296,False
test,c_8033a1c118cdcfaacc7f1b2e5c6b622e,saturating_plus_slow,True,True,5,33.632883024271159,4.3192286007928544,2.8044486541966811,False
test,c_806d111c09e7d50bdefcbbc7435c908e,single_power,True,True,5,33.300484482008599,1.0287425613606445,0.46186575817496106,False
test,c_80d5f3b4fd9283fd2073c60ec69d1567,single_power,True,False,4,37.593406507879322,18.832006099682886,8.6815869151278537,True
test,c_80e7cb55f5c2e7e54bc227abf904267b,early_activation_plus_power,True,True,4,32.142007677093694,5.0969687853832397,2.3190100388791763,True
test,c_811446c8d5a4fd30922ddac8672b7768,single_power,True,True,5,34.126631882725064,0.69991146506548318,0.74421375883742102,False
test,c_8118838babcb5f193d8b0b44a31316a9,saturating_plus_slow,False,False,1,inf,7.0676754718384132,4.4851602153380359,True
test,c_812777b87608351c704da3deb4b122ea,dual_power,True,True,5,35.442485962026332,7.4096265912694435,3.5159830827303469,True
test,c_812903a715b4fbba7c5920724bb5ad7e,late_knee,True,True,5,35.103396896387693,0.53118324406089812,0.30059379327845737,False
test,c_8162778f798e46531a74ad95cde32448,saturating_plus_slow,True,True,5,35.053003992093402,3.5347486222037077,2.1076157996440492,False
test,c_81b37fa3fcf2aaf9c621ed49b2c75e44,early_activation_plus_power,True,True,5,32.141995436569175,1.5091015392275722,0.87884613422533708,False
test,c_81bbd6562104096efad77b0e4fcbf907,late_knee,True,True,6,32.488380131609489,7.8103780790826107,3.6845780773946095,True
test,c_81d67e7faca17bc81ca16708e8b7d37f,saturating_plus_slow,True,False,4,53.738394674754886,33.350893488047163,16.164161440217903,True
test,c_81ea1adb7855c62427b9afb67645747b,late_knee,True,False,5,37.767213352856992,4.9226103924923592,1.737304580053679,False
test,c_82001b8e238c1e521787073b857e14ef,saturating_plus_slow,True,False,5,43.81053169110649,4.9391830304271167,3.1121548153536129,False
test,c_821941436a9b306adffb69a33be29a23,late_knee,True,True,5,32.548381984925442,4.8207023375533566,1.8375264502545754,False
test,c_8271a5536e129734be2b668041c6f022,early_activation_plus_power,True,True,5,32.647886814192724,3.2615735708540399,2.1634660071814578,False
test,c_827bcd03975866bae968a4db7caf2784,late_knee,True,True,5,32.971227963922132,8.6651714330138248,3.7486548097603443,True
test,c_8285940366c981d0c83bcee60e5c0dba,single_power,True,True,5,35.396134705261339,0.038321363891697047,0.18681886452502669,False
test,c_82ce0776dc19d272625d836ea267de88,dual_power,True,True,5,33.679178399784981,1.2991913579346885,1.1871488930435898,False
test,c_833a64bbe3c7978b923d1bbfa537c0e3,dual_power,True,True,5,32.141997074733524,0.67487175611606176,0.37011721262987929,False
test,c_8355d0ceb0c29cd5185678b0b3078335,late_knee,True,False,5,36.770587129958336,6.9509856926784295,2.64296981533007,True
test,c_83dc800a1634b10d6ee67862d3408de3,dual_power,True,False,5,35.869695948363294,1.163649287782178,0.57757348666126584,False
test,c_83df4e109482ebfd56dc18dabbcab7ab,dual_power,True,False,4,50.243193604502089,9.3637149464335749,3.3888293591849852,True
test,c_84429d8ee5c3fce6990622365a434626,early_activation_plus_power,True,False,5,42.481905512977214,8.1532892649639734,3.8386749224760939,True
test,c_84c621a854e22760b5b6269dc3edeed9,early_activation_plus_power,False,False,0,inf,57.034791340311727,24.34287865438268,True
test,c_85039eef05c302310afe8c9ce08ce471,single_power,True,False,5,43.499281559628507,3.9361874970945081,1.8199981808866748,False
test,c_85276d6ce29a81f1a6a02f3f8af1d5f6,saturating_plus_slow,False,False,1,inf,14.659531633423271,8.4134274260572219,True
test,c_854ef504e69c939d31abd78ffbe971bf,single_power,True,False,5,36.145243450820239,0.87900837627307737,0.38811301831766576,False
test,c_85c344a56a2c68535cc63c02ab221b8e,single_power,True,False,5,35.974562572576396,1.4339343348325571,0.78209334688941756,False
test,c_85dc0321dc3be8ad59e2b1769ed22d10,dual_power,True,True,4,32.760618208746962,0.73463536500247528,0.28620875774290833,False
test,c_8635325c8f188f9cf16f0e8eee52182f,dual_power,True,False,5,37.620701454892021,4.2442056959653058,2.231141546928467,False
test,c_8659126dbd2f3cb01c2098aeb44f496c,dual_power,True,True,4,32.941608329140024,8.8939338619003649,4.2520403162838925,True
test,c_8676548a759113d0eceaa49c64b1506b,single_power,True,True,5,32.141996857332508,7.2585495059113327,2.1243967042053149,True
test,c_86d416bb67df7516e4d6e965370b4b0a,late_knee,True,True,5,33.139149657142717,5.568783566693952,1.9376923807568818,True
test,c_86e03c412c3cfed8666b79dd3515f790,early_activation_plus_power,False,False,0,inf,34.883988225132498,15.170105938156128,True
test,c_88256cab322f59d52f583cbf51dc0983,single_power,True,True,5,35.095993996026998,0.21561687229784354,0.15525643871389244,False
test,c_88270e51d1f4e27f67f0f426a96d3568,dual_power,True,True,6,32.192427653189611,13.763428755495198,6.4940911442182241,True
test,c_883834d05c39ab35874b28bbc8c687c9,dual_power,True,False,5,39.735397332905102,0.24685231316422573,0.082553945425643663,False
test,c_8874f8833585bec89f97c247573836c8,single_power,True,True,5,33.001953421902783,1.9072024840753983,1.1077793580864439,False
test,c_88d4ed6ff7db6c6cdcf769da369d076c,single_power,True,False,5,45.913976327257267,10.190901733989108,3.8613115023492721,True
test,c_88f53cae014f7db8957565e15a3e54ad,single_power,True,True,5,32.41135683775228,3.1627369499874192,2.2249190356741058,False
test,c_894bf6ef935f917130e01dd58016d2e8,single_power,True,False,5,36.59311679166084,0.24321795151523418,0.11276050859925651,False
test,c_89c30d3a3f2e782fe04b9b244b1e5a99,late_knee,True,True,5,32.14199848904309,3.1950741373059941,1.4545250901789939,False
test,c_89c85a027c9b8522e34bf902603d571c,saturating_plus_slow,True,True,5,32.141996305639111,1.7866357523337086,0.95187470100083871,False
test,c_8a1b8e23533cade2766e83d3476f44e8,late_knee,True,True,6,32.304108953715172,2.5040406287579913,0.57536571977033413,False
test,c_8a313b6507d07a3ac8512f5af6b208b0,dual_power,True,True,6,33.80815089138936,0.9110018711594563,0.57757591766225791,False
test,c_8a93455b8d3b61bdb9980485e1b1b078,saturating_plus_slow,False,False,0,inf,34.349579069087291,16.144543005805726,True
test,c_8af0523844b39ab54d021846c504513b,dual_power,True,True,4,32.634682557652354,3.0268219735132362,1.6499930961740013,False
test,c_8b6545b5428ee4e4b368dc9a85ba55fa,single_power,True,True,5,32.375101936656293,0.86181093984264123,0.7816693170259067,False
test,c_8bd90401323ccebbc560f9ab7ebb84f3,single_power,True,True,5,35.402339576242348,7.7715693038533118,2.3306863669628011,True
test,c_8bf6b3bec68c07178bcfb847e639942c,dual_power,True,True,5,33.073684587124987,1.8001604926516137,0.89871906611438168,False
test,c_8c93c5e96c8abdb8e634571c5d05bc00,dual_power,True,False,5,37.556051467162241,0.90781682611897452,0.47614076246634401,False
test,c_8d97e6c660adb52ce1bec57dfd5d0b2e,single_power,True,True,5,33.263248321520116,3.7840514600624289,1.5775009701891352,False
test,c_8dab129f6aae1be0c23521b6c5155c67,single_power,False,False,0,inf,42.842893728738844,18.221035619316272,True
test,c_8e0fc35acedf3323998d2dd088eee1f6,late_knee,False,False,0,inf,9.2945803798657067,3.9061031692373831,True
test,c_8e34dadc4f20b8261eda7bf1d6fed53b,early_activation_plus_power,True,False,4,58.636678804126682,53.26334342824282,23.390674914428736,True
test,c_8e981a62a9f8620fe313c40e71efc148,late_knee,True,False,5,36.891272020953743,13.211314652396936,3.1805198728221131,True
test,c_8ed2e429c81f7b85bfcbc2c6ba0a38c4,early_activation_plus_power,True,False,5,45.518834527009354,7.7787854648015156,3.4186614102997406,True
test,c_8f7111a252681809cac4fc1a7e93a489,late_knee,True,True,5,32.141998970937053,0.63990193168156395,0.35508072987216815,False
test,c_8f9d9ea22cda368be66bb9043e561b70,saturating_plus_slow,True,False,5,40.816182280142989,7.4210640211347112,4.1972137106462046,True
test,c_8ff35495c1427a2693ab6bbcc4109b42,early_activation_plus_power,True,False,5,39.614993927217391,0.2751484970796696,0.21186158560258633,False
test,c_902859827b37ee649d6c838f94809cd8,early_activation_plus_power,True,False,5,40.272021354776307,7.008510329937252,3.4917292399617263,True
test,c_90602541cc6eaae666b62f6e8cada428,single_power,True,True,5,32.142001391864504,1.1407983085972404,0.446351660197982,False
test,c_9070b54c4c8bca66370ebb15918e576d,late_knee,True,True,5,32.272893996488818,6.9773019450346965,2.4411755343732624,True
test,c_908e44a900dab4be248fd1556f044f69,dual_power,True,True,5,32.702944982590111,5.4426177686899422,2.5613451177201769,True
test,c_9098b6786ffd2b8d526be5fe12b408d7,dual_power,True,True,5,32.141997721127581,3.7281046297607077,0.8604796529474712,False
test,c_90b3da5f550d8abdc5898629451d97fa,single_power,True,True,5,32.141998086274612,0.81515623756190791,0.46634079086056957,False
test,c_90f1fe15f5f1038b2b5e90a25f60eb66,early_activation_plus_power,False,False,0,inf,0.42636997030028567,0.25285138991707679,False
test,c_90f2ba8ea10d1704a955e4b9ec283215,late_knee,True,True,5,34.882780564831243,1.6986785467430394,0.69087574980217137,False
test,c_910bdebbe02272c530761328b2db31c4,saturating_plus_slow,True,True,4,33.310052384027884,0.21299232734035911,0.20454364577692566,False
test,c_9127f164fa9addc353f4a1542b09a226,single_power,True,True,5,32.141998072786038,0.41273613808624532,0.29064712076301513,False
test,c_9151be20658efe4309acc3f69cbe80f0,dual_power,True,True,5,32.141998895942066,4.5112145219718514,2.6985623507150804,False
test,c_918dafe5825755959690244cedde6138,saturating_plus_slow,False,False,1,inf,2.2052549289666104,1.6093903564900554,False
test,c_9204bb073673696f7dbc46f5211625ff,single_power,True,True,5,34.435818199925649,0.80840144928676239,0.58293740037958031,False
test,c_92314333f04341e3cb9c0090956dbc29,late_knee,True,True,5,34.64808996688059,2.8964584121092543,1.0454627721489966,False
test,c_9297deb8def6aaae7acde7118509912f,dual_power,True,True,5,34.220307382441895,0.84393960118229927,0.37186565104364921,False
test,c_92af71c4ef15fe36496dc984744a1c5d,early_activation_plus_power,True,False,4,54.529296193405052,17.266982934617687,8.1578384562157531,True
test,c_92bbdbb0ef49053f789e277142c35a20,late_knee,False,False,0,inf,4.3975976570474842,1.5775496520730126,False
test,c_92d5befb2ad182a91cd074fa7cb48628,early_activation_plus_power,True,True,4,32.142010112968684,9.4792611006316037,4.0443038240354863,True
test,c_92dc831b675258c7b89101813b37037d,late_knee,True,True,5,33.108588278757473,10.054669052926641,3.2383797411245556,True
test,c_92fe9004d1280cbd453ef032191f0d85,dual_power,True,True,5,32.142001639428472,7.7249941102961657,3.5323064652327614,True
test,c_932c893a1b77669fb39ed959e21e4652,late_knee,True,False,5,38.594092683015809,1.0075155356345959,1.0908674971626984,False
test,c_939759b1df6e35dfbeef091e39ea250d,late_knee,True,False,5,43.210029309347341,3.9392099227764703,1.7688455840241921,False
test,c_93ca05d3d2cb5205f5f309a4ee7f0aa8,late_knee,False,False,0,inf,0.16014027982448908,0.3734251853842307,False
test,c_941cdc123335df0f1f8cd234462688f2,single_power,True,True,5,33.577478871282011,0.26636566990335098,0.16791708724107129,False
test,c_94766e6b3ab4b18dd4b37c26aab54814,dual_power,True,True,5,35.509077000194594,5.053455866639851,1.7576725383038865,True
test,c_950839a7c979e0158b98de8f3b7a5323,single_power,True,False,5,37.966655208901734,5.5676339025113464,2.8190104112013605,True
test,c_9526fa40e17e3c15237c97fc821bc4dc,dual_power,True,True,5,33.943011661650033,9.1220337282030073,4.6578411394567691,True
test,c_952ee1d22a92ac3d9a9614d35c99f4f5,late_knee,True,False,5,38.201997927232725,8.6847644076452895,2.4889021272501259,True
test,c_95512b20cbfffa3d62ef243859dc668c,late_knee,True,True,5,32.141998623470442,2.8480795452357484,0.80381662633631346,False
test,c_95b456e2db7c3a05c9159a3447681716,early_activation_plus_power,False,False,0,inf,31.417990152420025,14.482078771543849,True
test,c_95bb70696e8da1c7a5c81ddd60e31c18,single_power,True,False,5,53.137505841848373,17.644312932306178,7.4221472358588638,True
test,c_968f65239a8ba3fba7e40ec34b443f18,dual_power,True,True,5,32.141997745634292,5.4819709439845212,3.2476193593410247,True
test,c_97274746c88e2bd89bd605387976d654,saturating_plus_slow,True,True,5,32.142001641053206,5.0304080274195968,3.1017617251654181,True
test,c_97318388d19cec9a8eeae82b9d5999ed,late_knee,True,False,4,50.181016108262419,1.4599181469189659,1.3983860488874471,False
test,c_974a29ade06c37460488832f96981472,dual_power,True,True,5,34.100642683050111,9.395262635558737,4.3550100120071988,True
test,c_975f42c7742dc5557711637e9781f246,single_power,True,False,5,46.332292888602034,10.758665881330174,4.7988727071792514,True
test,c_97a312dd2b198b2385463dcc46836df8,late_knee,True,False,5,54.194259364007912,9.0180085314708407,5.2757457199224467,True
test,c_97e78e575fb422aa7a6ed6b73bb235c2,single_power,True,True,5,32.717475496190985,4.9523822537689313,1.3019927574508634,False
test,c_98099d60833c4879f9df87527ed95e9b,early_activation_plus_power,True,True,4,32.142027305156766,10.855463860966708,5.2612300897565349,True
test,c_988284377bcbad8800ebfbd0f68ee365,single_power,True,False,5,40.730334496952132,1.7059029882630483,0.88010474261743843,False
test,c_98c34681f2567c3b3f43da05348083c1,early_activation_plus_power,True,False,5,56.926016940648218,23.407388254063576,10.126746915938099,True
test,c_98d503f6ed02bb7d2d6d253c76e339af,late_knee,True,False,5,38.432684903779425,15.620294586344798,5.4472133741208983,True
test,c_991698133afdced247b556a5a77c00d3,single_power,True,True,5,32.479420902657964,4.4370096426741696,1.1397634366147769,False
test,c_99835414dc52e7c5073432a003cfa13d,late_knee,True,True,6,32.463804128289723,6.324557249185176,2.4042730211865053,True
test,c_9986a0762d2019d55900baef2816d893,dual_power,True,True,5,35.053739165497809,6.5642268483158119,2.9453875214693133,True
test,c_99ad9a3529bad1faccdc415f2edff6e5,single_power,True,False,4,43.155943867786469,7.0404748180903312,3.8958579679401879,True
test,c_99f434383132863719090a4112a7140f,saturating_plus_slow,True,True,5,33.110166127897422,3.8029731472941108,2.1811251158519789,False
test,c_9a0846856357ae8e26018e1757233b0f,dual_power,True,False,4,54.625869279740115,34.905770438276413,14.974191988596219,True
test,c_9a1766aca348ab57db403b85403d0620,saturating_plus_slow,True,True,5,32.8507640371025,1.7241950481719641,0.98388294669771914,False
test,c_9ad7716df46479c86d9ea1694c533dce,late_knee,True,False,5,42.501994879069265,1.8802726042763993,1.8612199353559629,False
test,c_9b2bcb4fd7efb4134e869d950ad4aacc,dual_power,True,False,5,54.845386728232889,18.769841417659833,7.9327817086430716,True
test,c_9b46000802e82ae0d07b723003520d01,saturating_plus_slow,True,True,5,35.404588482922968,0.67272249390190098,0.48196623896818697,False
test,c_9bd8ad1b24c207e13a1288529387b836,dual_power,True,True,5,33.769882764405764,1.7630458194284984,0.6623705967741309,False
test,c_9c3c5e78bf130d88b46900db308f0bd0,dual_power,True,True,5,32.141998387279514,5.8580850092124166,3.4869404000450723,True
test,c_9c699329bb09abee8d6b0d9abbc56611,early_activation_plus_power,False,False,0,inf,48.127218352920302,20.814210558527293,True
test,c_9c8ef78f8e0b924023d225f60df4044e,early_activation_plus_power,False,False,0,inf,64.864864359124681,27.654206459559347,True
test,c_9caf9b82b3f77c49887a6c1244657a78,dual_power,True,True,5,32.141998005009356,1.296734032211063,0.93497049781441466,False
test,c_9cd8f703ced8efa64220f3c4b0a0e018,dual_power,True,True,5,33.975174660533291,3.2303125974965923,1.4534829942946139,False
test,c_9d0193cc5dca0fb58dda5457795f2f35,late_knee,True,True,4,32.246626103267772,24.954060741439733,12.020361898788465,True
test,c_9d8382b64f89afa54f14fcf61451fba3,single_power,True,False,5,38.879321723291277,1.1216907143241457,0.76360833857666321,False
test,c_9d8561e372340ebe4cd45a4856af84cf,saturating_plus_slow,False,False,1,inf,19.956597104474838,11.282995219870745,True
test,c_9ddb49f4d55475b3b8907aa0bf221744,saturating_plus_slow,False,False,1,inf,1.6719162832232826,1.164866110465131,False
test,c_9de601ca0e8804ff13c0d62530b06689,dual_power,True,False,5,56.719767313008909,23.054638022840813,9.613556106199038,True
test,c_9e0900ca1e7f903550820a0fbac7ce75,saturating_plus_slow,True,True,4,32.141990151546572,18.820499672521549,9.0901570934939091,True
test,c_9e90e890b920254f609cb13098b90534,dual_power,True,True,5,33.502829099512844,1.8951550345383907,0.9531803471687601,False
test,c_9f17fca107004cd0b4ec0e8e6e405c9f,early_activation_plus_power,False,False,0,inf,27.380529907983103,12.373380214202527,True
test,c_9f7526437b370b0592e3870db776c1fd,saturating_plus_slow,True,False,5,37.78454489544027,5.7106445305858813,3.4341877952161957,True
test,c_9f9115ed101d7d973a13c80001158c0a,single_power,True,False,5,40.290538149105011,5.0225837615836753,2.540095647599673,True
test,c_a02cd51728a1531f562efda2a5eddff4,saturating_plus_slow,False,False,1,inf,10.176139468551412,6.2741302374914349,True
test,c_a03370ca09f371cba86e51970b1c88a2,single_power,True,True,6,32.141999272035321,0.12493253761418543,0.11370818078777102,False
test,c_a04db0de5caec89067eb2196b9a51b67,saturating_plus_slow,True,True,4,33.296005498770668,0.93253141089056157,0.62631342008715829,False
test,c_a06f294990b85626109b1c701d5c4d8a,late_knee,True,False,5,39.802126797583178,0.3563982807442585,0.7831609959723852,False
test,c_a0a5a3c186740ff6c7f5872bc1243d22,single_power,True,False,5,37.161623057985118,2.9864397805466041,1.4530500227206127,False
test,c_a0ba907142e28b8b07c3b3ccf064f878,early_activation_plus_power,True,False,5,35.6760760063598,4.9184822278124045,2.7952331008339164,False
test,c_a0c2f94a8c2f778a4e899e733e0fb44b,single_power,True,True,5,32.823304615547329,0.64801075079981274,0.33581559193964566,False
test,c_a0c37afb4fd27f2b326c902daece689a,late_knee,True,False,6,39.586915507809458,7.17618440052577,1.9359392432913034,True
test,c_a193e43056f8d323a86f818004671018,single_power,True,True,5,34.736036038440709,0.44899928418858792,0.18819326963073701,False
test,c_a1cff8572f4ff602635340927ce02fc4,late_knee,True,True,5,32.141998075526551,18.896898127081613,8.5745361979532113,True
test,c_a2157f74c3dc4fa8c82771cb6fd56522,single_power,True,True,5,32.942255409050077,0.53743956008321447,0.29771380462091784,False
test,c_a2377e906aa58b304f35b1d2ad85fc1f,early_activation_plus_power,True,False,5,56.98318519157754,32.706872877498398,14.072768539115787,True
test,c_a263dc1a5a77e74a80b55bf6899cab4c,late_knee,True,True,4,32.147353888744249,13.261357868768584,5.5958256050392317,True
test,c_a2cdd218ffe29d7d6dd6f459eed78e13,saturating_plus_slow,True,True,4,31.696958556971424,5.1017800876182235,2.1998261086225539,True
test,c_a2ea46a07cf64783d9591af6b0808462,early_activation_plus_power,True,True,4,32.141995555664046,14.010262465944393,6.5214781477707424,True
test,c_a2f901d080b52eb952ce5f714fb9ebf6,single_power,True,False,5,35.739088774036311,3.7202765597685925,2.1021990510567665,False
test,c_a302fee3f917248f093b4561f5ffec6e,early_activation_plus_power,True,True,5,34.270534364606569,0.045658296908456464,0.020319671398516904,False
test,c_a3481f052243eb5ff04ea79fd1cf2b34,dual_power,True,False,5,35.679200332554977,2.7087363582055133,1.1602890294698678,False
test,c_a34c78721f2f6a837ea2217694a16c7a,saturating_plus_slow,True,True,5,32.939760798817552,1.8054109803055667,1.0852381950429093,False
test,c_a3b3be84cc7f8bc893d3961a569943d8,early_activation_plus_power,False,False,0,inf,73.997766467742295,32.242786331584085,True
test,c_a460d759e6ecf3b789b0e781be446e5b,late_knee,True,True,5,35.430804944015115,2.9705715990131978,1.4446513775264966,False
test,c_a48bcb0f12a1e55bc100dac2d88814e2,early_activation_plus_power,False,False,0,inf,50.078953264750965,20.854886713716521,True
test,c_a4e009d10971bae123af087e58a02946,single_power,True,True,5,33.83924658850691,0.132314615942974,0.13718763574979739,False
test,c_a4ead36505cf50170f63fa9086d0e31c,dual_power,True,False,5,38.674887238374929,0.18883132546704928,0.064495401341522499,False
test,c_a54bab0544d8539a62c2a5bdbf28640d,dual_power,True,True,5,32.914582646400518,1.0885458864375579,0.92169958371542349,False
test,c_a5f123a6d8316d3eacf269b7f9090bde,single_power,True,False,5,38.292450538996754,6.1871928253315218,1.7578184364409681,True
test,c_a6333f22696bde83d576021e6dac1944,dual_power,True,False,5,48.860843428794084,7.0629194848760477,3.7654605198646771,True
test,c_a645219cf355a8e4bfb273e5b0d995d3,saturating_plus_slow,False,False,1,inf,5.5423879782102148,3.7844676407089621,True
test,c_a6be7c008b4c1543617efb863d16a486,late_knee,True,True,5,33.162095367890345,5.5479055490027207,2.1245919967895319,True
test,c_a6d3c341437b616e4e5da278bfe41e0a,saturating_plus_slow,False,False,1,inf,10.968936659695444,6.7802735098389944,True
test,c_a83a7199d31d098b02ae4b1b946eb088,saturating_plus_slow,False,False,1,inf,21.470928462688988,12.05016478431077,True
test,c_a841bc7167e007fe155c948ff9ed9c36,early_activation_plus_power,False,False,0,inf,12.070139926691681,4.9241766348275515,True
test,c_a88fcb50c21cf31ddb3d36b1d72ba31c,late_knee,True,True,5,32.141998689730897,2.3170251750585749,0.70110181047692455,False
test,c_a8a547da5e7ebfb643b5cff9ad2a8916,dual_power,True,False,5,40.138084304496466,3.4045284250602066,1.1850649056356402,False
test,c_a8b22d01c3af86ad7d0bcdbc6a00fa3e,early_activation_plus_power,True,False,5,40.611830982771856,7.6310913482866027,3.7156499883288485,True
test,c_a8e61a98731efa1e7ec7911db38f73a9,saturating_plus_slow,True,False,5,35.543036837204262,4.305301667063361,2.2884493327956665,False
test,c_a9043a3c1b0dd267be69a722a23397c0,saturating_plus_slow,True,True,5,35.177513783454394,0.25445559470816193,0.15519406026646848,False
test,c_a9159f17e003fd70197d59c7fc38eac7,late_knee,True,True,5,32.141999254542327,4.9101413576234307,1.6067990647191261,False
test,c_a9341f6ee4b13058fad58669deb1b994,early_activation_plus_power,False,False,0,inf,12.71356380851384,5.5161552823170332,True
test,c_aa2f93ca19c1439356fd891bd5838b3f,single_power,True,True,5,32.808956314866144,1.1791491461637094,0.81315301772701853,False
test,c_aa400fdf428b6fa392c1932682068138,saturating_plus_slow,True,False,5,36.861111480660604,3.3303602911938128,2.1413645978944089,False
test,c_aa5362fda546c1cb02a61e45e5fbfd3b,late_knee,True,True,5,32.142000470239878,11.505287007494402,4.0720773887651145,True
test,c_aa6abcea20edb5d3509cb7c4b612fd9f,late_knee,True,True,5,32.142001202466119,4.6078954242155703,1.762916514764495,False
test,c_aa706c47df82f15731c54c511194d1e3,early_activation_plus_power,True,False,5,38.029088746053908,3.9526595629520216,2.3520465116032123,False
test,c_aabf5e9964482876f68d15a5f408c83d,late_knee,False,False,1,inf,4.9426568528683106,2.7816172236148753,False
test,c_aaec9aeace471a9b316b7afa40c246b6,dual_power,True,True,5,32.853415520750026,5.2172110093961237,2.140979684683233,True
test,c_abb1cfde941aab5a5111bf2dcc1d88e8,late_knee,True,True,5,32.955434312617378,2.6135108173987476,1.4144750924309877,False
test,c_acec276c2f77e0715e14d3d9fbf52e23,single_power,True,True,5,33.573143557917106,0.870244915483255,0.41935452267861123,False
test,c_acef9a53d965025e9b9fd5a1ed4dc0e6,single_power,True,True,5,33.566171215336276,0.68077157216828255,0.5745445677375508,False
test,c_acf4c305ac218c85b099bba5131b3caf,late_knee,True,True,5,32.839397722218756,0.67604117433810984,1.3173748771054761,False
test,c_ad4e61f779947ecc30b8e9a523a48b68,early_activation_plus_power,False,False,0,inf,17.261962233230776,8.6297072270608535,True
test,c_ad92e467dda078107585773a336d1013,early_activation_plus_power,True,True,5,32.177014265814442,1.0690859871151304,0.8747101466645697,False
test,c_ad9d1a58e791487bb2356aa52ef2c6b5,single_power,True,True,5,32.14199823768827,2.3229651342067967,1.5062493947035398,False
test,c_addb9294e22a0f30d3a95f42116152bb,dual_power,True,False,5,37.917446516556744,3.4708562629000284,2.133268834213462,False
test,c_ae32b0f9ef50a11317b57a925892af25,early_activation_plus_power,True,True,5,34.242847267191166,1.5399955799053515,0.93495495384840888,False
test,c_ae95599430a0c4485015ad481ff3a60f,early_activation_plus_power,False,False,0,inf,7.8872490536052879,3.0926896049242227,True
test,c_ae9c2dbc1d464f4972f85df94c23426e,dual_power,True,False,5,35.564876903124862,1.8875036427836278,0.62878422882836005,False
test,c_ae9d51bab7d71a216dd16e71137bf7ca,early_activation_plus_power,True,True,5,32.69585753275399,2.2611124013150459,1.3997641569933907,False
test,c_af623da8680230ccbdd1baabea8d0f3f,early_activation_plus_power,False,False,0,inf,44.070602453491233,19.694739687979869,True
test,c_af86bacd972dca229f635ed36fdf3e1d,saturating_plus_slow,True,True,5,32.142006046664477,2.5959255951276674,1.6028319612402671,False
test,c_af99a4ef402b73598da5929a47aaf186,dual_power,False,False,1,inf,8.8024296770636994,3.9950708295586903,True
test,c_afaf1c225e6d59823d0049e2f442d1eb,saturating_plus_slow,True,True,4,32.141994041266393,24.384330087849079,11.773592295694659,True
test,c_afc181463839ef4320b392bdee08cd15,saturating_plus_slow,False,False,1,inf,10.268845853696433,6.386985777839743,True
test,c_b00feb5b34392cadec5b5801447c667c,saturating_plus_slow,True,True,5,32.384798068029575,4.0444351719506528,2.4706356970932957,False
test,c_b02b8198b06b238d67dc10bc944d50fa,saturating_plus_slow,True,False,5,36.13690883106127,8.956306665667924,5.0308794033676163,True
test,c_b133d690232cd8f0a40b44b97d7331f4,early_activation_plus_power,False,False,0,inf,39.035981944636148,17.605790099169123,True
test,c_b13c9ae4a9881bfeaabd88284073c22e,single_power,True,False,5,37.933026779527275,2.1120635172933504,1.036235399649359,False
test,c_b13cbeded2e5da5b20b61021bd4955b4,late_knee,True,True,5,33.335477133807444,20.468933541072303,7.2373203412275675,True
test,c_b17547ed690b3bb007028e665bf12750,early_activation_plus_power,True,True,5,32.142003082749561,1.0318981772813629,0.50929980152176413,False
test,c_b1d7182361e13783b3afe0c73958cf88,saturating_plus_slow,True,True,5,33.166113422257268,1.1053042781394566,0.74240555669900843,False
test,c_b22434939e3cca79e2706df72a245ea4,early_activation_plus_power,False,False,0,inf,32.523172511003317,13.895476542950176,True
test,c_b2b6ce06b47433cd4da1b9fbfc3aa55d,single_power,True,True,5,33.356306745399536,0.64934678977650151,0.60430376392174201,False
test,c_b321d1a543926b351da665225b184d53,saturating_plus_slow,True,True,5,34.857690659387266,6.7146963529484509,4.3247739427488883,True
test,c_b3a8f1b9295f3c1248aa29f75bf14a39,saturating_plus_slow,True,True,5,32.794627902749582,7.452831968327672,4.3181312684651925,True
test,c_b3cd7a7a01d3fcf99c45c919bd85cdaa,single_power,True,False,5,43.870501003361447,11.063758322051328,4.6949892469853163,True
test,c_b40ba81f8d723fc2d863401d76938e21,saturating_plus_slow,False,False,1,inf,1.5277974370208511,1.0361538677151501,False
test,c_b4157cf12201b81020d00a2adf68f33a,dual_power,True,False,5,38.693895468398132,1.5960004492027622,0.66937330899674241,False
test,c_b4d5ee87a829397a0b67c69baf32c1a0,dual_power,True,True,5,33.774200593408608,4.2064836500938299,2.0836965517180306,False
test,c_b4f935eb373a33b905a575ae3d4af80f,single_power,True,True,5,33.704941202110966,0.92965847277881153,0.60846244932397242,False
test,c_b5128638cee9b6ce6fa84d8cf4250ead,dual_power,True,True,5,33.041106553880724,0.82475215906931965,0.43818702357883826,False
test,c_b519c2a145fe17cf9c8eceaf32d0e1c8,early_activation_plus_power,False,False,0,inf,45.28991620202568,19.076536615996194,True
test,c_b51a93b33e2f0dbeb9397d4b9ab539d0,single_power,True,True,5,33.224748806574041,1.7377311254147401,0.9652866663233246,False
test,c_b56b399778453519b24f657ca5d880bc,early_activation_plus_power,True,False,4,58.095951398852748,28.158613996209667,12.915241882690692,True
test,c_b56c71c421ceaa9d94ef8373da7f6254,early_activation_plus_power,False,False,0,inf,41.2930992831783,18.06274791343785,True
test,c_b5c460dd0a99535da3cc7819879f1652,late_knee,True,True,5,32.141999681521597,15.232199597921067,5.5025533438762704,True
test,c_b5e036cdabb9fecc0ba4b2868d425a5b,early_activation_plus_power,False,False,0,inf,22.940400919520457,10.942631041721384,True
test,c_b650a97901e689a62b7cb3118a5a89da,single_power,True,True,5,35.247241984184974,1.1107213118523447,0.60535844031001074,False
test,c_b6a0823931507ebada8fb933aa3fe06c,late_knee,True,True,4,32.141999820967314,4.9104892912706504,1.74137812526637,False
test,c_b709499796a94a8f12e7af72443a33a5,dual_power,True,True,5,32.635334609402662,2.9112664791271072,1.7737937660581176,False
test,c_b7555558dfe2b4775cd46c65cbc0f51e,early_activation_plus_power,False,False,0,inf,11.383928043709787,5.7379642305177532,True
test,c_b7582d7457c52290c80832606917107e,late_knee,True,True,5,32.859252235488654,14.518682275933003,3.5737347226364347,True
test,c_b7e587f287c564bb1efd6a7b98c86cc5,single_power,True,True,5,34.09371564432297,0.30921766902973502,0.45237419435518172,False
test,c_b80c21c65818f72a2a43ef1a1c07c4b8,early_activation_plus_power,False,False,0,inf,46.354522243361991,20.210808577374515,True
test,c_b8cfa3bd00068096e4be8860972c5f81,early_activation_plus_power,False,False,0,inf,36.352991785180258,15.597788033313119,True
test,c_b8e4e2bfe4b06478e3b686ebfad8d1aa,dual_power,True,True,5,33.218693323382425,0.99238712279277763,0.38385017131699067,False
test,c_b8fc9507a34fb7141f88ea089f1b98ef,dual_power,True,False,5,52.280417146407011,11.326380620619119,4.6344467489510111,True
test,c_b91f5cb57f0004245225b10d06479773,early_activation_plus_power,True,True,4,32.141999741445041,6.3564733924032879,3.1879320226695986,True
test,c_b95ed1c0527472c9c6da066e267ddd52,saturating_plus_slow,True,True,5,32.141997933074528,4.1571395984808532,2.432697762749255,False
test,c_b9a6b5a0d59f5330ae6c39c6224c48d4,single_power,True,True,5,35.420766391977345,0.16818128759717865,0.1971713358418315,False
test,c_b9df5a0b01d14f4f479f4600b2b25009,late_knee,True,True,5,32.91832142711128,7.1208892676310001,2.3637576920657102,True
test,c_ba3aa6fbf9dd4fe4b78750b176415c15,early_activation_plus_power,True,False,5,39.968491336824833,6.2324032195699317,3.0750487217042548,True
test,c_ba4a08b4002f68e6e378b47f047fea1e,early_activation_plus_power,True,False,4,58.687654577818357,25.760222366963603,11.25999455907653,True
test,c_ba598cc36841d548d8de78495962b534,early_activation_plus_power,False,False,0,inf,18.699005434957712,7.8490934074630943,True
test,c_ba7de04dd5a4fdacf55dd0275bbdb2ee,single_power,True,True,4,33.873799235266731,0.71182112693949762,0.36800144905646254,False
test,c_ba9056919e10de83c802e695e2606877,single_power,True,False,5,36.59944602303829,6.2404661546848246,2.3074081954045189,True
test,c_bb3cb06f464adbcb5c21f24b88aae42b,single_power,True,True,4,32.909116551545537,0.52171013703315339,0.29150439732595274,False
test,c_bb64bd8de5a51e891551653dbfd028f0,dual_power,True,False,5,42.223547663134262,4.4800268024595198,1.9212801075552621,False
test,c_bbbea286c6d66d3f660ba3b2f0d78455,saturating_plus_slow,False,False,1,inf,6.2904274877804909,4.2133586067062492,True
test,c_bc02c5990b752377ae9c7a5c50c7d4a0,dual_power,True,False,5,42.072412213604913,4.0722295990467501,2.0715807298526063,False
test,c_bc5b887c9dc39e139d676e94991a02e1,single_power,True,True,5,33.872064085687029,0.13227535679362745,0.079487401110536773,False
test,c_bc76830fec9fc326668b79389dfbdb4b,single_power,True,True,5,32.141998918962784,2.6588030854922238,1.6294517178805614,False
test,c_bd138be2350daa7b2530463a7932ae12,late_knee,True,True,5,32.396468515503145,14.167071134570591,5.0827027677703738,True
test,c_bd46389693e271d066a4b51c1f31f304,single_power,True,True,5,35.014091935611319,1.0325470678316151,0.49865841538138223,False
test,c_bd77ad524532f72bfe795a09b811f8bd,saturating_plus_slow,False,False,1,inf,5.2492235823570894,3.6157951677053601,True
test,c_bda770f83f7c68dc32c950a46e6ef880,saturating_plus_slow,False,False,1,inf,8.9241349300485666,5.9432191562564025,True
test,c_be26c9184052e9c1a3ed0473829b030f,late_knee,True,False,5,37.487565553353967,3.4592291059210822,1.6916020616402982,False
test,c_be27d85848e0b2b87f0d603925d016eb,single_power,True,False,5,37.22525805327836,3.3860864911681148,2.2796991987015094,False
test,c_beaa3fcd374a6b08cf17251e64ddd1d9,early_activation_plus_power,True,True,5,32.693607687401013,0.48772405180885414,0.2143839685703994,False
test,c_beba98c5c54c98685bbf5a68054437fd,saturating_plus_slow,False,False,1,inf,5.6393023370440432,3.856915510251766,True
test,c_bec82b760d3f52435e166167cda8c8db,late_knee,True,True,5,33.104817470548525,7.7726385700668175,1.9881427874523114,True
test,c_bf30de89edb051bc27d04fdfd1415e3f,dual_power,True,True,5,33.581695241452785,7.6150841830734493,2.4339164581454726,True
test,c_bf34779535c79b4dca7ad726b38eeb22,single_power,True,True,5,32.141999188585956,1.9232470034557707,0.77670597731364699,False
test,c_bf4298833ad7722db575eabb01fabc86,saturating_plus_slow,True,False,4,44.086921988622542,10.511280525058396,5.7379642344152764,True
test,c_bfa3af757eefdcd3f2180a74031496cd,saturating_plus_slow,True,False,5,36.69639035026659,5.1679959199952918,3.6321865840670386,True
test,c_bfa806dbe6003bc0bd10bff33ab5adf8,dual_power,True,False,5,41.603046239369512,4.312274003974764,2.7791967094690841,False
test,c_bfdafc458dd32995c5488ef2d0cc72fc,early_activation_plus_power,False,False,0,inf,15.81180611771633,6.9041361436505451,True
test,c_c06af31dbd17fba5b55b54adfc5b0107,dual_power,True,True,5,33.903000514542121,0.2326712755174043,1.1708131673028095,False
test,c_c0e464eea94e4700362a856833a08144,single_power,False,False,0,inf,14.696125328442491,6.2388752940871974,True
test,c_c0f7dae79d029e59da80a9754666da8e,early_activation_plus_power,True,True,5,35.010147423801605,1.3637802472520519,0.85034731328082047,False
test,c_c10a1d7a50f0c0a54a159edb62d27eeb,saturating_plus_slow,True,False,4,35.674926159633323,12.407445449325394,6.5117185653473095,True
test,c_c13b1bc95d5fb603d033fa364a22fc2a,saturating_plus_slow,False,False,1,inf,5.0837872248298055,3.5104112047572982,True
test,c_c17f1687185fc205ec07604256a3028f,saturating_plus_slow,False,False,1,inf,6.7233360046931381,4.2773348374021509,True
test,c_c1f78819cf052637cd7431369a5d0ad5,early_activation_plus_power,False,False,0,inf,70.621192614045398,29.860957646584762,True
test,c_c209aa437b9035cc405c1ba38d4562f3,single_power,True,True,5,32.653839597199863,0.68982105604544586,0.4577052068979206,False
test,c_c235a0b3b8ef1071443228914d2cf2ab,saturating_plus_slow,False,False,1,inf,15.025607662096448,8.613100531616384,True
test,c_c2684eb9f0ff06820099e6593d879470,saturating_plus_slow,False,False,1,inf,12.65421924087461,7.9556016124565225,True
test,c_c2d2eafcfee4cdf29de209a07154fde8,single_power,True,False,5,38.491183905254466,0.55351474329063421,0.26435443828324101,False
test,c_c2f1b322fbf2a9f5c4554c44df7addce,single_power,True,True,5,32.904515572760076,3.1989106121426119,1.1801926878882312,False
test,c_c34701509177b89617aac5fcf3cd96b5,early_activation_plus_power,True,False,4,40.502972932525104,7.3881130578200356,3.6343119053445214,True
test,c_c409e0024d3ccaae02a66e80043067ee,late_knee,True,True,6,35.276439632773261,5.5866671138427506,2.3509967479551861,True
test,c_c434a936eeb2968cdd38b415569c01ee,saturating_plus_slow,True,True,5,34.425705153915196,6.321888305694003,3.8724198903970559,True
test,c_c48476396435bcbd0a831820750e6b6a,early_activation_plus_power,False,False,0,inf,54.165928299091711,23.601519003294644,True
test,c_c4c9917593c400ef1e419b2b7adafc4e,early_activation_plus_power,True,False,5,52.354366079789891,18.281238272920177,7.7841422574506032,True
test,c_c534c6c4a14c11535cba2411ad304cc9,single_power,True,False,5,36.316889557803755,2.6811746279711031,1.5235620615762748,False
test,c_c548aa7a0e379e8f265433354fbe3389,saturating_plus_slow,False,False,1,inf,1.7734736089408898,1.1786886904767586,False
test,c_c554600a3447b8d9b375c557acf5e60f,late_knee,True,True,5,32.924901896780653,10.252874110288587,2.9278467236404264,True
test,c_c5ef86fdbfeae50c27c92d7462feb8e5,single_power,True,False,5,35.947393184846199,4.3316599543358336,2.1966104656581624,False
test,c_c6339c673e2c825bd8870e92bce8339b,early_activation_plus_power,False,False,0,inf,11.862641099993951,6.307335849449494,True
test,c_c65bc2a1edc0373e5a2199eb4e709ca9,dual_power,True,True,5,32.762660700100781,4.7631381717882135,1.276934632382857,False
test,c_c664a40e9b0d10ad2a3de4bb676d5343,saturating_plus_slow,True,True,5,33.647713033988786,1.8544783214958613,1.1738071317628993,False
test,c_c669323a6d4171bfde902ad3e19e7db9,single_power,True,True,6,32.99862081413788,0.35463077803805731,0.23946349590997815,False
test,c_c688d358fde1c89ca18f7aac48810590,dual_power,True,True,5,33.820277474529078,2.3251310157014444,0.96867836095844051,False
test,c_c72344c5138221bf8259d85d6e8370c5,single_power,True,True,5,33.176838521611131,0.56777750542738659,0.2824798713659934,False
test,c_c75670a37ff1789c65cdb55b0e2e2d4e,single_power,True,False,4,53.113810881600735,16.215728694111121,7.2319519488577217,True
test,c_c76b85634638022cc0ecbfd3ae840006,single_power,True,True,5,32.141996766177812,0.65908793223819373,0.55510862331092814,False
test,c_c7f6f04bef789e2c1f2cfce0a5bb5e57,saturating_plus_slow,False,False,1,inf,6.2817163043661708,3.9403399862851001,True
test,c_c81295ff20909ce300bbd6847872ba49,late_knee,True,True,5,32.302834313718634,0.53431498398842336,0.39394183672891847,False
test,c_c8292f850b1fc780d552b3720fe7a286,single_power,True,False,5,58.615385531655612,26.540900130002257,11.73954549032878,True
test,c_c8c944e1229c7768161de4b8a42cb757,saturating_plus_slow,False,False,1,inf,6.7084197945080462,4.5190974722148018,True
test,c_c8f1dba2c498c68da99f87a5d56b86a2,late_knee,True,True,5,32.141999452925262,8.629353590037411,3.025176943344575,True
test,c_c90d24166a98b0e02c1868d2690a2fcc,saturating_plus_slow,False,False,1,inf,23.602228552635665,12.715680251138219,True
test,c_ca02ac50bb92ba97f68241112dbeb6d2,early_activation_plus_power,False,False,0,inf,53.564282007482966,23.805934658503837,True
test,c_ca0c8dfd2919b82853bcaf5e4ea700f5,saturating_plus_slow,True,True,5,35.14333217792079,1.8089791955717232,1.1439573056673551,False
test,c_ca81aa276684d29db54a5ebe85fdbd72,dual_power,True,True,5,32.141999696222953,0.551627823461871,0.3322527205680178,False
test,c_cb1965219f4bb9fbd96d43cb96c133f4,single_power,False,False,1,inf,2.3866448122467432,1.2338778925055878,False
test,c_cb3a4c12fa99e338c7165d76f734b37c,dual_power,True,True,5,32.261618184403076,0.96433333552208467,0.73373233712040231,False
test,c_cb65b101bc29bd193f2eecbe9e61ab0b,early_activation_plus_power,True,False,4,58.292680667738999,38.864234078144079,17.59319052477171,True
test,c_cb82e9470719e973601eb9c661068257,dual_power,True,True,5,32.39100651023503,3.8836469883607236,1.8830461353910759,False
test,c_cbff7b7f72dcbfcc759c90537a8f5dac,early_activation_plus_power,False,False,0,inf,16.135699263589274,6.4168853473197904,True
test,c_cc30e53c639cd53ee960c59e23a316ea,single_power,True,False,5,37.135713427851407,1.9747522338603858,1.1580307755734365,False
test,c_cc36ea550df21b872d4f96d0f3bf921c,saturating_plus_slow,True,False,4,54.305854118144111,23.629324895277264,12.18930714431696,True
test,c_cc6439958e039c200583f1cea14d9ca2,early_activation_plus_power,False,False,0,inf,25.58173893421143,11.899378730073851,True
test,c_cda96d0515e73e54d8dbefc7fd3358a7,single_power,True,True,5,32.716271688789035,0.077556376599346777,0.28878804758949489,False
test,c_cdecbd6f33f2e42982dcf5bc34d799dd,early_activation_plus_power,False,False,0,inf,80.535078356945334,34.566793412846899,True
test,c_cdf2e2f85cb2c0386db1f993bcd09b7b,saturating_plus_slow,True,True,5,32.141995963172853,4.2164674805477063,2.6482626935889337,False
test,c_ce08709a2b3ac3e429575263b1907303,late_knee,True,True,5,32.142000602022691,8.3379594066887961,3.5349606379000611,True
test,c_ce759e682c0f69eb750f88dea427e73c,early_activation_plus_power,True,False,5,37.53401538191283,2.2947623000726622,1.2689660506695788,False
test,c_ce95db4eff5a58bba6ab76b9d903d1b9,saturating_plus_slow,False,False,1,inf,9.0689422343815096,5.201298560767837,True
test,c_ceb2b82019fbd41475d6c17210f69305,saturating_plus_slow,False,False,1,inf,3.9195907158430856,3.1410924186351306,False
test,c_cedb173db733b778ad81894398ccc9a9,single_power,True,True,5,33.1959972344048,0.069731245151217536,0.040093946703757287,False
test,c_cef4a3f69cdd9f66f403f23376de23c7,late_knee,True,True,5,32.159035110685238,7.9330730072880584,3.1101913259591192,True
test,c_cf28b88f253a1e4032fc743a7d15b27b,early_activation_plus_power,False,False,0,inf,24.499846323155751,10.41397878353343,True
test,c_cf487f5e973c46545aca3adacb7a67a5,saturating_plus_slow,True,True,4,34.428751754626553,2.9773708518499262,2.0597700617686887,False
test,c_cf52f10add5066445d508d112f81fb3f,dual_power,True,True,5,33.813894074513144,0.9330306516101956,0.47346210199951466,False
test,c_cf58d8dba85daa4300f237e4e3cf342b,dual_power,True,True,5,32.141997129889631,2.4500587624474264,1.288916806758579,False
test,c_cf75d5f0a257f0d19470ff9ce4623399,dual_power,True,False,5,53.24980710868747,13.546413069643862,5.6265732024972444,True
test,c_cf8d8fa4126b742da7bcc21ad5bfd906,dual_power,True,True,5,32.277288743082764,0.43632290752636038,0.15465018412992326,False
test,c_cfe9584ba27be87a751963f4efc38dae,saturating_plus_slow,True,False,4,53.249135240956342,18.473323822333484,10.419480214478089,True
test,c_d085b02c5c445f6f9a97ba574bbda8ce,early_activation_plus_power,False,False,0,inf,45.336331591382731,19.771305236555772,True
test,c_d0865dbeddb246b1211033bc5a4d8063,early_activation_plus_power,False,False,0,inf,19.986375242051281,9.3031761133247066,True
test,c_d08cf32241791a01e03dbf9d8a0b523c,late_knee,True,True,5,32.759095336888947,8.1006911713522385,3.1763148104164185,True
test,c_d09195bff1539c54920c6683b73dbda1,late_knee,True,False,5,38.865506432395684,3.683837070954894,2.0453919580231119,False
test,c_d18bd0f033b46580fcd4809c03f1f66a,early_activation_plus_power,True,True,5,34.33958062916853,3.6886068528560969,2.1419433397050831,False
test,c_d20a7408c7d767aae47ec1a937625850,early_activation_plus_power,True,True,4,32.141989465492905,7.4705910083334146,3.4195051596266772,True
test,c_d26e4b5ccb4963617f9d3cc678cbfc2b,saturating_plus_slow,True,False,5,37.237659676167276,2.0331910275866392,1.3328717195398958,False
test,c_d37486f90b67d215e0f1ee164ae117c6,single_power,True,True,5,32.408371437959566,3.2795308953389082,1.7678573838089424,False
test,c_d3d663a407e0cdf7f18462693b2e61fa,early_activation_plus_power,False,False,0,inf,10.945661770885565,5.81556866032453,True
test,c_d3fcef0ac71ab4b3824f65fef8f7eb2f,early_activation_plus_power,True,False,5,37.345326287939933,4.497618642206973,2.3846116723817645,False
test,c_d407d750ea553d3048848a6ecdca5e1c,early_activation_plus_power,True,True,4,32.142038570395194,10.958340083263877,5.0644028024473258,True
test,c_d421b33b13b6c8507f2e29cf4506473d,saturating_plus_slow,False,False,1,inf,9.054215712666732,5.7428697984239809,True
test,c_d44f8dc4bc24f22e3e19e5376c256887,dual_power,True,True,4,32.141998849049997,4.4727162262955176,1.9576527153080978,False
test,c_d465306f00b7cb5fe3a03cd855b0f961,dual_power,True,True,5,32.141998286199446,4.7224331701388991,1.4197429696033923,False
test,c_d4da9a2e2badd325a4e6f5d4fadae7d0,single_power,True,True,5,34.651456143463491,2.2215810703997647,1.4771954969083514,False
test,c_d57ed0c8558a0706bb9594eb51c77d27,early_activation_plus_power,True,False,5,50.664666896378627,15.842531064095411,7.0181913950203834,True
test,c_d5b08abbd703cbe076b32efdf6d01155,dual_power,True,True,5,32.141999920776286,2.6313521292888709,1.1585807210362904,False
test,c_d5d9877c32f7dfe190a4d4a0780868af,single_power,True,True,5,33.90041992484479,6.2842190129976672,1.7242339443351906,True
test,c_d6b74b9633a4b150e148b8f2447fe8e0,late_knee,True,True,5,33.418881040912495,1.9447049748813754,0.78304221448779521,False
test,c_d7bef9cc64b105f482d425c4dd6cd023,dual_power,True,True,5,34.182673180859659,4.3720585052850254,1.9725049731995241,False
test,c_d7f3743d90f78c01be4515323f0209cb,early_activation_plus_power,True,True,5,34.360024396434305,1.7955236786680615,0.93043411667239229,False
test,c_d85401e574530013f68682788e2141df,dual_power,True,True,4,32.512982907565643,2.2898800554591929,0.56878379291982961,False
test,c_d855acd696c44c2ecf404a252a7bbecb,early_activation_plus_power,True,True,5,35.406840268096396,3.5360262810555128,1.8945493382254674,False
test,c_d8567d62629a35ba78f12da0a0a90324,late_knee,True,True,6,32.674589425129881,4.3422794714788182,1.9121045778652341,False
test,c_d8abbcf38556b3501606be5a217bf88b,saturating_plus_slow,False,False,1,inf,4.2193738241624033,2.5673722390658824,False
test,c_d9151728571d43c8da881ac7238ac2b6,early_activation_plus_power,True,True,4,32.142046010928333,9.5105578811227787,5.1456382585340519,True
test,c_da0af62cb02cedd776428d0f8f3631fe,dual_power,True,True,5,33.249981335643191,0.65627219182411523,0.38271348273652411,False
test,c_da3ec3f7f546c7547b8696f3b250e843,early_activation_plus_power,False,False,1,inf,29.162129031504946,14.184783575023923,True
test,c_da49dd3df54ea1ace092a11f18b34783,late_knee,True,False,5,42.650706509075512,3.352444932817491,1.5509166591563903,False
test,c_dbc52677da57e02705743bf92b414cd9,dual_power,True,True,5,32.160851146186673,3.0323945599840414,1.3303503872099318,False
test,c_dc3bfa1881eb8e995b0e4c154fe0f4d1,early_activation_plus_power,False,False,0,inf,20.105926085010509,9.4099460461422151,True
test,c_dc7afaafb4a0831b9e5253b1460485ac,single_power,False,False,0,inf,1.5949303400027475,1.178773375752505,False
test,c_dccd07d072b02df033eb0d3b35162a72,dual_power,True,False,5,38.865030723332033,2.5467841559733273,1.40777545985894,False
test,c_dd06d285fe467d555459c177b6703e41,saturating_plus_slow,True,False,4,37.917786046910628,5.9319218789929948,3.5632530296385401,True
test,c_dd491f427279f3225f49889effeb64f2,dual_power,True,True,5,32.868408893402091,2.2139484457626679,0.88668154476857741,False
test,c_dd82b17147528b2cf92cec488ba858ec,saturating_plus_slow,False,False,1,inf,5.6894750566869163,3.9441464786167919,True
test,c_dd91105ea6de7922f5ed1f3cd6e1033b,single_power,True,True,5,33.38985884587867,7.5624474785784912,2.2552216488951209,True
test,c_dda5a161bb5441f3f20cd82f6710aa9f,dual_power,True,False,5,56.963456493189184,23.34920350635295,9.91334286180882,True
test,c_ddc9b709e89516f0755474514d65a2fa,saturating_plus_slow,True,True,5,34.162259246909784,1.2124323464922497,0.74083511548551173,False
test,c_dde40a938260d872679e3064e7a351ba,early_activation_plus_power,False,False,0,inf,22.640694714743617,9.4007175567473951,True
test,c_de2f2530a3c0acdc99f1aeb5cf286e3c,single_power,True,False,5,36.957523827188702,3.0893932787911069,1.672890153729564,False
test,c_df6ac7193170798ef82318f23105a806,saturating_plus_slow,False,False,1,inf,15.280881291899419,8.9884375159958676,True
test,c_e05f0efa62b8221cfd4f02d6b98ea535,early_activation_plus_power,False,False,0,inf,38.029255951890669,16.37479007111121,True
test,c_e0719ee5d9d0d71161097e4d9c7de959,early_activation_plus_power,False,False,0,inf,40.486249110897845,17.73545991911147,True
test,c_e10ad0db63388c473ee153e708416b37,saturating_plus_slow,True,False,4,52.037674834878025,19.027408576412498,9.639121715538165,True
test,c_e11911962575455cc5c2abb9a57ee096,late_knee,True,False,5,41.424564124377362,14.503526952226949,5.7199467430584319,True
test,c_e139ca141647cd9c2499664f67fc8818,single_power,True,True,5,34.212492233239459,0.44882163285123511,0.26098584335548869,False
test,c_e15684102031306fb57268ecfcaa5570,late_knee,True,True,6,32.19401976573846,9.9708456021785423,5.1220742593789463,True
test,c_e176bf753aa6f81a55e4662dff10c69d,late_knee,True,True,5,33.999188091023449,0.94944183167577023,1.0752335030191245,False
test,c_e1aea222409d0fa0b379c62db2f7f8f5,saturating_plus_slow,False,False,1,inf,6.545065823649125,3.5258242034171086,True
test,c_e1cafa21e3530a8305f796b75ec1268e,late_knee,True,True,5,34.947508165305898,7.8581185136296909,3.5585052113011195,True
test,c_e218c95c25cc0c81ecb1f16e873e3a0e,late_knee,True,False,5,35.682211580827861,4.3267912344000052,1.5199299321588005,False
test,c_e224d2f2ff3924a4a682ceb2f8177169,late_knee,True,True,5,33.371842378222482,12.920695568875146,5.7705361274576008,True
test,c_e24d178e40b05befdc5b9e619f7e968a,late_knee,True,True,5,32.274984952403443,24.154680816400955,11.675638378934531,True
test,c_e2f926168db7d7879abdf63e37d6431d,late_knee,True,True,4,33.26728358086703,16.973268289500936,5.0815539755937804,True
test,c_e30dffa44bd7822b4b0c170ea6290d57,dual_power,True,False,4,51.065388108761162,7.0659479972892711,3.0397790074764588,True
test,c_e313aeeef9748c499c4f03e80a012502,saturating_plus_slow,True,True,5,34.494122489552105,8.2985339368780018,2.6501650727470203,True
test,c_e40b613da8cc62f4bcd144e4356d41b4,single_power,True,False,5,54.684430319721919,17.743706808659141,7.1644465377649178,True
test,c_e4a710edfd90526a4158718658bf4439,saturating_plus_slow,True,False,4,36.694969463144098,6.8248166358811204,3.6843483412792892,True
test,c_e5b40579a56bd11c52e7e1905d0dab2f,single_power,True,True,5,32.141997619112317,1.0172606952108225,0.39623422782679829,False
test,c_e5b6e5264fd37169913eff2bdbe65f85,late_knee,True,True,5,32.729085421590398,12.496390618989366,3.8342813466489947,True
test,c_e611b7c802a0f10c5330102676a27d90,early_activation_plus_power,False,False,0,inf,43.158239138819965,17.545046846934721,True
test,c_e65e96c096410296d92e2b3cfd1dec12,early_activation_plus_power,False,False,0,inf,33.007104345166333,14.545106647506161,True
test,c_e79fd40b79e7f36783d50a5dfd70b40a,dual_power,True,True,5,32.830235368720054,2.2268670013376664,1.1738587825179523,False
test,c_e7d7049ddeda44cf34998225e0858a45,early_activation_plus_power,True,False,5,37.353551745290709,2.6124930817945682,1.4689656877546995,False
test,c_e882a540a8097dc706a34d5ac40bf8b8,early_activation_plus_power,False,False,0,inf,36.135867917118055,15.206641217123613,True
test,c_e8e6b06b8aae8b75cdb8436f35d07855,dual_power,False,False,0,inf,29.046114932794744,11.64140899685535,True
test,c_e9a171911dd2da5c7e302b2f3e39fd9a,single_power,True,False,5,37.225936054138238,0.81489318555905754,0.36386581525157846,False
test,c_ea049909d0f2edc8086dfdc36f3b4644,early_activation_plus_power,False,False,0,inf,10.294957549711668,4.4144865415290129,True
test,c_ea27f363c90136a1d4fe6570dbf1e5c4,dual_power,True,False,5,35.90615855237052,8.5604296516319636,4.0820643610967737,True
test,c_ea719d1a3b3e7c445e3f0613baa30053,early_activation_plus_power,True,False,4,53.223388565025004,29.57085710949891,13.263865861370954,True
test,c_eb115b84a48aad9cbf4656508e6cec13,single_power,True,True,5,35.139775396753024,2.0263912569423468,0.95457675481122861,False
test,c_ebdc6669b33e45297f1ce7eed6d42d98,early_activation_plus_power,False,False,0,inf,21.001937916675033,8.7915072952794606,True
test,c_ec1996e25d92bf318abe76b593c4f576,dual_power,True,False,5,37.936563298333205,4.1096109170403565,2.1269480986593283,False
test,c_ec248f00be5728d7acec62034c469bfa,saturating_plus_slow,True,True,5,35.25118658901129,2.2188032741414361,1.4465978487112818,False
test,c_ec7bc5c4d17694a0c320ad49b6de68dd,dual_power,True,True,5,34.093750151098227,0.75233804038488472,0.5434483226913468,False
test,c_ec91ec68efbd0f0cf9fe83a72578b5f0,single_power,True,True,5,32.292445477220653,0.21650754032204134,0.098041015451806726,False
test,c_ecf17cd97acd72160ed7347f72df6250,dual_power,False,False,1,inf,1.5009860069608862,0.82412645136690987,False
test,c_ed0191df96cf3b40a9a888f06db33dc3,dual_power,True,True,5,32.14199789692023,3.4079692432866295,0.70418485997090452,False
test,c_ed2966def3d201cdeb06d1b520f9399c,early_activation_plus_power,False,False,0,inf,26.540508853143862,11.216719130159312,True
test,c_ed303481a921e64dc81c6f6babbf3c8a,single_power,True,True,6,32.48168554923528,0.66539561089261667,0.4893459728014023,False
test,c_ed34ca7e559ad44703e41486ac9ff2d3,late_knee,True,False,4,50.745469006464212,28.568154475144866,12.44948763899502,True
test,c_edcd69f6c1aeb90b72afc6e4ac702915,late_knee,True,True,5,33.480082479027999,15.272116082417497,5.4356906256722839,True
test,c_eddabf8706e19bb52b2934a53d94fee8,late_knee,True,False,5,36.354446511864772,12.532334885190068,2.8715940884930031,True
test,c_ee0a22243e1794be9a68916d03606735,dual_power,True,False,5,36.592240257930079,2.6705622777200233,1.2096344525066263,False
test,c_ee3963d5f5f9af75aa2b0477f466ca8a,saturating_plus_slow,True,False,4,55.359289875245288,19.905723140859138,11.060479981279869,True
test,c_ee4d3b909fbda24ddf823a78f272b346,early_activation_plus_power,False,False,0,inf,85.743740015742361,37.306283312698334,True
test,c_ee9a68b7489b6878d799999bdd0a6247,saturating_plus_slow,True,True,5,33.68634424159292,0.65228654355502158,0.3373134209602901,False
test,c_ef2aaffb479cf2d94d5a5b14b63a1b07,dual_power,True,False,5,42.925856455750342,4.3822697075612922,1.4278852964508111,False
test,c_ef56887e9da71584405c11f25bfc7e24,late_knee,True,True,5,33.613349347883485,9.0291521148923977,3.8475510247011253,True
test,c_efd4d5a61fd8b3dbf05c45b4e753480d,single_power,True,False,5,37.431554784873761,4.620946745929956,2.5907499020434885,False
test,c_efe0a093c3423851abedef7905ec3b14,saturating_plus_slow,True,False,4,47.100234008078694,15.577912972062308,7.9971444524691915,True
test,c_effa648af7c014e4887eb38150f28203,dual_power,True,True,5,35.529970466079398,1.336796356807767,0.74993877137649023,False
test,c_f0334f52ea3784e2b868b89537ce8669,single_power,True,True,5,35.02059656942982,0.4486608076501426,0.68652020100898692,False
test,c_f1922577577dc2917bc0fe4cbcd644e2,early_activation_plus_power,True,True,5,32.498921627266142,0.49486623256984785,0.2142845829305968,False
test,c_f1abdbe1b34a561fcbfd0cc2bcb9b664,single_power,True,False,4,54.610411549194801,15.308083524347822,6.6637981227776901,True
test,c_f205679a112dd7a2da317794791e8f83,late_knee,True,True,5,34.292233347255575,17.544187780886318,7.3307154074169718,True
test,c_f20bdc6182211d5a5393c73bc5fc7191,single_power,True,True,5,35.438270541867546,2.0427852891184557,1.0166275188479674,False
test,c_f240077c421b22f30a377a42af3d98b4,late_knee,True,True,5,32.141999937680893,12.875173720826552,3.276684540927588,True
test,c_f28b657e70771147d3257410e66d35d1,late_knee,True,True,5,32.141999988323491,5.1727370968561104,2.6130594762817996,True
test,c_f2b8c2a349b8ea867e54dd3f2f31afa1,early_activation_plus_power,False,False,0,inf,38.063052929500934,16.858693901779557,True
test,c_f2d7d73163506feec681fcd102afa469,saturating_plus_slow,True,False,4,46.844718554658023,13.034051237293426,7.2011419545003257,True
test,c_f3075af7c6a92238b5132533a710d067,late_knee,True,True,5,33.474531436768316,26.578687048510901,12.766232313992022,True
test,c_f34c838a7db8edc8b5c748aba803bc8d,saturating_plus_slow,False,False,1,inf,5.3405001479723495,4.092054785275308,True
test,c_f3c617ef7b313d1e85c4d16a224b1999,late_knee,True,True,6,33.731677526379826,22.584794181180627,10.201291709888286,True
test,c_f3fa5d7b03eee092748a8f5fc1f7288c,single_power,True,False,5,37.016720861911729,3.0759580732876373,1.6339114494009714,False
test,c_f45477d11cd68a9ab17eb9f02a82be25,single_power,True,True,5,34.26187449335805,2.6238757560163748,1.4851431007406972,False
test,c_f49ae5553b22ecfa60faf7eb34db52d5,dual_power,True,True,5,34.781379339773018,0.031589863123002715,0.22225351044856012,False
test,c_f4a48c3604f77ce69bdbbe471e57ca88,single_power,True,False,5,37.009834444859884,2.2675804923871254,1.287682580369913,False
test,c_f511ba87a46a4f7513e6f2dd246df42f,dual_power,True,False,5,38.216492492722658,3.2668223956816576,1.2550797832407021,False
test,c_f59d3a9da1a1a34a2c4ccfb3a02491f8,saturating_plus_slow,False,False,0,inf,2.9743415040116901,1.0712858420455518,False
test,c_f5b31810ce40ed5e3448b1bc3b883acc,saturating_plus_slow,True,True,4,33.551580726298191,1.7369459849452511,1.3718420590707883,False
test,c_f5d731d560c646342d5dea046bc27c15,dual_power,True,True,5,33.038542816516284,2.1058816105369829,1.3578508496769033,False
test,c_f6575b2bab38179ef6a310db7abfba2c,single_power,True,True,6,32.141999999999996,0.81144349606158528,0.6171499139908444,False
test,c_f658e7b2ab62318276b0df8c715d8286,early_activation_plus_power,True,False,4,50.567164783438365,15.988774739985189,7.8128387813728892,True
test,c_f6dec37e3db0346c95c68a0c6b5cf0c9,early_activation_plus_power,False,False,0,inf,38.435979476816556,16.706228221946507,True
test,c_f7067df00b0b91f69f5d1e176b2c03c8,single_power,True,False,5,57.828407325146031,25.934831927714797,10.921117144426189,True
test,c_f72b1def5b3219f9a6f751359a2e11b8,late_knee,True,True,4,32.36458226442997,16.345870541939448,5.2385839988686254,True
test,c_f78fd22bf93204a86ef2948961351e61,late_knee,True,True,5,33.691937073487068,0.57779475951440418,0.44025024241664235,False
test,c_f7d895387383cc2c588c7fea33f55b4e,late_knee,True,True,5,32.141998588551758,10.548930488402419,5.6645755236507309,True
test,c_f7ddfa0ffc333ff7d9ccd9f8ff8034ab,late_knee,True,True,4,32.141999928433805,12.359126543110008,5.2573984831805607,True
test,c_f81ebbb587c1c5489f7becf27f5781b7,single_power,True,True,5,33.891192612443731,0.94679071191085029,0.49291209918986723,False
test,c_f83e44c21b5db37bc4384a99555062fb,late_knee,True,True,5,33.365802090878645,3.0332259784368034,0.94114640934556504,False
test,c_f866150c94f1c98209acf1104ac8dd72,late_knee,True,False,5,35.660585074372129,5.6037323219545527,2.5884178675856759,True
test,c_f9658cd687ec25e379089f5f9f34dc50,late_knee,True,False,5,39.680719610602175,0.42497202264904388,0.94777846821224276,False
test,c_fa16a674fc5b47bf24e9b2aa1baaddb9,early_activation_plus_power,True,True,5,33.530570829546903,1.1605629910241788,0.73585648327507547,False
test,c_fa1aed8c2eb9bf007d2ba6b7b7c92b28,single_power,True,True,5,32.951922810393135,0.36195207911048044,0.25508168816243981,False
test,c_fa29451e96ff81d548973903dcb54fa4,saturating_plus_slow,True,True,4,32.428107441657474,0.99715335341082323,0.66152259913773714,False
test,c_fa78895ddeed48530f3d948f7b8eeac3,late_knee,True,False,4,37.99258409865174,3.92933882935273,1.2964268165603645,False
test,c_fa9d012ff14d46ed5ecbfd7d8dfa7b75,dual_power,True,True,5,33.069531401504136,10.634519736019513,4.8425949290036776,True
test,c_fb019a9837ebc99f164e7d995b683f5d,late_knee,True,True,5,32.141998411385757,8.8630743379735293,2.3545127780228396,True
test,c_fb104c0ed4c8f8fdd23c9dd24b688837,early_activation_plus_power,True,True,5,33.18237140076814,3.2625407167185472,2.2552719358156201,False
test,c_fb4fb7ea7390c72f41e62333dd98bf12,dual_power,True,False,5,47.944964223286767,13.026376047397719,5.9749798553593623,True
test,c_fb9d022163c7741442a89f88745d411e,single_power,True,True,5,34.19155228018635,4.126527148121383,1.5349889070076945,False
test,c_fba75598cea05a1e6114fba1e91f9052,dual_power,True,True,5,32.142002129842481,2.7089523821691586,1.3377330808207764,False
test,c_fbd39a882b5c29230431951f0598ae61,late_knee,True,False,5,57.223396272786225,8.8840638686525466,4.8734262004228786,True
test,c_fc737bd11aec3f78d1a64553368e0d5a,late_knee,False,False,1,inf,6.3072903627674606,1.875989552552457,True
test,c_fcaf910dbd3442f12e0806ee18d8673c,saturating_plus_slow,True,False,4,42.723707970316816,9.2697640911576116,5.4282789083026843,True
test,c_fcb7215e96487e2b6b05f12905722496,saturating_plus_slow,True,True,4,32.141995373339078,15.779685969117324,8.0154780280980926,True
test,c_fd3efd45cadeea52ce2413e33c8ef29e,saturating_plus_slow,True,True,5,33.01788038776855,1.238502273913781,0.63480032641391393,False
test,c_fda9b8fa2918b4dcf7439771ae5de694,dual_power,True,False,5,35.815416818589092,3.6333608863943994,1.8917527689923288,False
test,c_fdb3d61bffbe230293819cdaacf9667f,early_activation_plus_power,False,False,1,inf,10.80877868574602,5.6143094157569653,True
test,c_fe1854adeac49a0b262c19ac83d39bd2,saturating_plus_slow,True,False,4,46.490493938350376,14.19321802436346,8.1794275237723078,True
test,c_fe2d8955b8b6659770fc26927c4ca829,late_knee,True,False,5,40.056840878275388,6.778408181341419,2.4546803561997019,True
test,c_fe71c8b5838caec50d72ea18ceaf7060,late_knee,True,True,6,32.425922818279858,11.868093827081921,3.3503978849506866,True
test,c_fe8bbd3271da03195c0a62c5271e387f,late_knee,True,True,5,32.953666898704981,6.8947181718342705,1.8014651579552599,True
test,c_fef22970b3bf94c85e39aa9e11ca34ac,saturating_plus_slow,True,False,5,41.10433017950664,6.8592101985288281,4.1356299962160872,True
test,c_ff1e75d2f84ca35a65d74034a61ba724,single_power,True,False,5,36.265415681034689,1.6944329106382696,1.0639170376762026,False
test,c_ff23b93c75250c923e8a2600b30f0941,saturating_plus_slow,True,True,5,32.579231048385076,1.7214220524535193,1.2627980163226518,False
