experiment_id,upstream_experiment_id,candidate_condition_id,target_checkup_index,original_role,prefix_checkups,prefix_end_days,temperature_c,storage_soc_fraction,elapsed_days,forecast_horizon_days,mean_route,mean_fallback_reasons,activation_gate_ready,domain_supported,residual_support_ok,residual_cap_hit,residual_correction_pp,predicted_capacity_retention_pct,predictive_sd_pp,mechanistic_training_support_days,residual_support_horizon_days,training_state_sha256,condition_prediction_state_sha256
naumann_calendar_v4_calibration_robustness_v1,naumann_calendar_v4_hybrid_development_v1,NAUMANN_CAL_T25_SOC50,10,calibration,10,136.94583333333333,25,0.5,161.36250000000001,24.416666666666686,hierarchical_power_fallback,specialist_gate_not_ready,False,True,True,False,0,98.011279818206134,0.1639400674681597,136.94583333333333,748.09583333333319,2a5768f904973a75dd3010edd7c8a00774f2f38d18be799d4a8bddb192565a9f,754782a661b149a47d082f46f4e0bd04fff5c8f8bf817b92f93e778dfadf6ad0
naumann_calendar_v4_calibration_robustness_v1,naumann_calendar_v4_hybrid_development_v1,NAUMANN_CAL_T25_SOC50,11,calibration,10,136.94583333333333,25,0.5,186.79166666666663,49.845833333333303,hierarchical_power_fallback,specialist_gate_not_ready,False,True,True,False,0,97.822673906780096,0.18196364859715117,136.94583333333333,748.09583333333319,2a5768f904973a75dd3010edd7c8a00774f2f38d18be799d4a8bddb192565a9f,754782a661b149a47d082f46f4e0bd04fff5c8f8bf817b92f93e778dfadf6ad0
naumann_calendar_v4_calibration_robustness_v1,naumann_calendar_v4_hybrid_development_v1,NAUMANN_CAL_T25_SOC50,12,calibration,10,136.94583333333333,25,0.5,213.27500000000001,76.32916666666668,hierarchical_power_fallback,specialist_gate_not_ready,False,True,True,False,0,97.636391935147302,0.20300452412216505,136.94583333333333,748.09583333333319,2a5768f904973a75dd3010edd7c8a00774f2f38d18be799d4a8bddb192565a9f,754782a661b149a47d082f46f4e0bd04fff5c8f8bf817b92f93e778dfadf6ad0
naumann_calendar_v4_calibration_robustness_v1,naumann_calendar_v4_hybrid_development_v1,NAUMANN_CAL_T25_SOC50,13,calibration,10,136.94583333333333,25,0.5,239.71250000000001,102.76666666666668,hierarchical_power_fallback,specialist_gate_not_ready,False,True,True,False,0,97.459041275106685,0.22565281991687058,136.94583333333333,748.09583333333319,2a5768f904973a75dd3010edd7c8a00774f2f38d18be799d4a8bddb192565a9f,754782a661b149a47d082f46f4e0bd04fff5c8f8bf817b92f93e778dfadf6ad0
naumann_calendar_v4_calibration_robustness_v1,naumann_calendar_v4_hybrid_development_v1,NAUMANN_CAL_T25_SOC50,14,calibration,10,136.94583333333333,25,0.5,266.17083333333329,129.22499999999997,hierarchical_power_fallback,specialist_gate_not_ready,False,True,True,False,0,97.288871661797401,0.24947567295319464,136.94583333333333,748.09583333333319,2a5768f904973a75dd3010edd7c8a00774f2f38d18be799d4a8bddb192565a9f,754782a661b149a47d082f46f4e0bd04fff5c8f8bf817b92f93e778dfadf6ad0
naumann_calendar_v4_calibration_robustness_v1,naumann_calendar_v4_hybrid_development_v1,NAUMANN_CAL_T25_SOC50,15,calibration,10,136.94583333333333,25,0.5,292.77916666666664,155.83333333333331,hierarchical_power_fallback,specialist_gate_not_ready,False,True,True,False,0,97.124123812213014,0.27425335432202264,136.94583333333333,748.09583333333319,2a5768f904973a75dd3010edd7c8a00774f2f38d18be799d4a8bddb192565a9f,754782a661b149a47d082f46f4e0bd04fff5c8f8bf817b92f93e778dfadf6ad0
naumann_calendar_v4_calibration_robustness_v1,naumann_calendar_v4_hybrid_development_v1,NAUMANN_CAL_T25_SOC50,16,calibration,10,136.94583333333333,25,0.5,319.30833333333334,182.36250000000001,hierarchical_power_fallback,specialist_gate_not_ready,False,True,True,False,0,96.96545562878876,0.29953151668259148,136.94583333333333,748.09583333333319,2a5768f904973a75dd3010edd7c8a00774f2f38d18be799d4a8bddb192565a9f,754782a661b149a47d082f46f4e0bd04fff5c8f8bf817b92f93e778dfadf6ad0
naumann_calendar_v4_calibration_robustness_v1,naumann_calendar_v4_hybrid_development_v1,NAUMANN_CAL_T25_SOC50,17,calibration,10,136.94583333333333,25,0.5,345.83749999999998,208.89166666666665,hierarchical_power_fallback,specialist_gate_not_ready,False,True,True,False,0,96.811736187609156,0.32520998658862416,136.94583333333333,748.09583333333319,2a5768f904973a75dd3010edd7c8a00774f2f38d18be799d4a8bddb192565a9f,754782a661b149a47d082f46f4e0bd04fff5c8f8bf817b92f93e778dfadf6ad0
naumann_calendar_v4_calibration_robustness_v1,naumann_calendar_v4_hybrid_development_v1,NAUMANN_CAL_T25_SOC50,18,calibration,10,136.94583333333333,25,0.5,376.31666666666666,239.37083333333334,hierarchical_power_fallback,specialist_gate_not_ready,False,True,True,False,0,96.640571525130753,0.35504703633076179,136.94583333333333,748.09583333333319,2a5768f904973a75dd3010edd7c8a00774f2f38d18be799d4a8bddb192565a9f,754782a661b149a47d082f46f4e0bd04fff5c8f8bf817b92f93e778dfadf6ad0
naumann_calendar_v4_calibration_robustness_v1,naumann_calendar_v4_hybrid_development_v1,NAUMANN_CAL_T25_SOC50,19,calibration,10,136.94583333333333,25,0.5,402.74166666666662,265.79583333333329,hierarchical_power_fallback,specialist_gate_not_ready,False,True,True,False,0,96.496407583599023,0.3811066796315794,136.94583333333333,748.09583333333319,2a5768f904973a75dd3010edd7c8a00774f2f38d18be799d4a8bddb192565a9f,754782a661b149a47d082f46f4e0bd04fff5c8f8bf817b92f93e778dfadf6ad0
naumann_calendar_v4_calibration_robustness_v1,naumann_calendar_v4_hybrid_development_v1,NAUMANN_CAL_T25_SOC50,20,calibration,10,136.94583333333333,25,0.5,429.25,292.30416666666667,hierarchical_power_fallback,specialist_gate_not_ready,False,True,True,False,0,96.355366402106043,0.40735995062261726,136.94583333333333,748.09583333333319,2a5768f904973a75dd3010edd7c8a00774f2f38d18be799d4a8bddb192565a9f,754782a661b149a47d082f46f4e0bd04fff5c8f8bf817b92f93e778dfadf6ad0
naumann_calendar_v4_calibration_robustness_v1,naumann_calendar_v4_hybrid_development_v1,NAUMANN_CAL_T25_SOC50,21,calibration,10,136.94583333333333,25,0.5,455.79166666666663,318.8458333333333,hierarchical_power_fallback,specialist_gate_not_ready,False,True,True,False,0,96.217434925355732,0.4337107901088067,136.94583333333333,748.09583333333319,2a5768f904973a75dd3010edd7c8a00774f2f38d18be799d4a8bddb192565a9f,754782a661b149a47d082f46f4e0bd04fff5c8f8bf817b92f93e778dfadf6ad0
naumann_calendar_v4_calibration_robustness_v1,naumann_calendar_v4_hybrid_development_v1,NAUMANN_CAL_T25_SOC50,22,calibration,10,136.94583333333333,25,0.5,482.29166666666663,345.3458333333333,hierarchical_power_fallback,specialist_gate_not_ready,False,True,True,False,0,96.082740347732056,0.46004911071113591,136.94583333333333,748.09583333333319,2a5768f904973a75dd3010edd7c8a00774f2f38d18be799d4a8bddb192565a9f,754782a661b149a47d082f46f4e0bd04fff5c8f8bf817b92f93e778dfadf6ad0
naumann_calendar_v4_calibration_robustness_v1,naumann_calendar_v4_hybrid_development_v1,NAUMANN_CAL_T25_SOC50,23,calibration,10,136.94583333333333,25,0.5,508.79166666666663,371.8458333333333,hierarchical_power_fallback,specialist_gate_not_ready,False,True,True,False,0,95.950836806382313,0.4863892366701838,136.94583333333333,748.09583333333319,2a5768f904973a75dd3010edd7c8a00774f2f38d18be799d4a8bddb192565a9f,754782a661b149a47d082f46f4e0bd04fff5c8f8bf817b92f93e778dfadf6ad0
naumann_calendar_v4_calibration_robustness_v1,naumann_calendar_v4_hybrid_development_v1,NAUMANN_CAL_T25_SOC50,24,calibration,10,136.94583333333333,25,0.5,535.16666666666652,398.22083333333319,hierarchical_power_fallback,specialist_gate_not_ready,False,True,True,False,0,95.82212952055616,0.51258642303507607,136.94583333333333,748.09583333333319,2a5768f904973a75dd3010edd7c8a00774f2f38d18be799d4a8bddb192565a9f,754782a661b149a47d082f46f4e0bd04fff5c8f8bf817b92f93e778dfadf6ad0
naumann_calendar_v4_calibration_robustness_v1,naumann_calendar_v4_hybrid_development_v1,NAUMANN_CAL_T25_SOC50,25,calibration,10,136.94583333333333,25,0.5,561.70833333333337,424.76250000000005,hierarchical_power_fallback,specialist_gate_not_ready,False,True,True,False,0,95.695025756704013,0.53891444900996621,136.94583333333333,748.09583333333319,2a5768f904973a75dd3010edd7c8a00774f2f38d18be799d4a8bddb192565a9f,754782a661b149a47d082f46f4e0bd04fff5c8f8bf817b92f93e778dfadf6ad0
naumann_calendar_v4_calibration_robustness_v1,naumann_calendar_v4_hybrid_development_v1,NAUMANN_CAL_T25_SOC50,26,calibration,10,136.94583333333333,25,0.5,588.29166666666652,451.34583333333319,hierarchical_power_fallback,specialist_gate_not_ready,False,True,True,False,0,95.569995617523134,0.56523658204723615,136.94583333333333,748.09583333333319,2a5768f904973a75dd3010edd7c8a00774f2f38d18be799d4a8bddb192565a9f,754782a661b149a47d082f46f4e0bd04fff5c8f8bf817b92f93e778dfadf6ad0
naumann_calendar_v4_calibration_robustness_v1,naumann_calendar_v4_hybrid_development_v1,NAUMANN_CAL_T25_SOC50,27,calibration,10,136.94583333333333,25,0.5,612.29166666666652,475.34583333333319,hierarchical_power_fallback,specialist_gate_not_ready,False,True,True,False,0,95.458952527570247,0.58895218158211793,136.94583333333333,748.09583333333319,2a5768f904973a75dd3010edd7c8a00774f2f38d18be799d4a8bddb192565a9f,754782a661b149a47d082f46f4e0bd04fff5c8f8bf817b92f93e778dfadf6ad0
naumann_calendar_v4_calibration_robustness_v1,naumann_calendar_v4_hybrid_development_v1,NAUMANN_CAL_T25_SOC50,28,calibration,10,136.94583333333333,25,0.5,631.16666666666652,494.22083333333319,hierarchical_power_fallback,specialist_gate_not_ready,False,True,True,False,0,95.37278234382218,0.6075673383699921,136.94583333333333,748.09583333333319,2a5768f904973a75dd3010edd7c8a00774f2f38d18be799d4a8bddb192565a9f,754782a661b149a47d082f46f4e0bd04fff5c8f8bf817b92f93e778dfadf6ad0
naumann_calendar_v4_calibration_robustness_v1,naumann_calendar_v4_hybrid_development_v1,NAUMANN_CAL_T25_SOC50,29,calibration,10,136.94583333333333,25,0.5,658.79166666666652,521.84583333333319,hierarchical_power_fallback,specialist_gate_not_ready,False,True,True,False,0,95.248414375479584,0.63474981756879101,136.94583333333333,748.09583333333319,2a5768f904973a75dd3010edd7c8a00774f2f38d18be799d4a8bddb192565a9f,754782a661b149a47d082f46f4e0bd04fff5c8f8bf817b92f93e778dfadf6ad0
naumann_calendar_v4_calibration_robustness_v1,naumann_calendar_v4_hybrid_development_v1,NAUMANN_CAL_T25_SOC50,30,calibration,10,136.94583333333333,25,0.5,708.375,571.42916666666667,hierarchical_power_fallback,specialist_gate_not_ready,False,True,True,False,0,95.030061122528878,0.68333898878430066,136.94583333333333,748.09583333333319,2a5768f904973a75dd3010edd7c8a00774f2f38d18be799d4a8bddb192565a9f,754782a661b149a47d082f46f4e0bd04fff5c8f8bf817b92f93e778dfadf6ad0
naumann_calendar_v4_calibration_robustness_v1,naumann_calendar_v4_hybrid_development_v1,NAUMANN_CAL_T25_SOC50,31,calibration,10,136.94583333333333,25,0.5,759.95833333333326,623.01249999999993,hierarchical_power_fallback,specialist_gate_not_ready,False,True,True,False,0,94.80899479960496,0.73359756865204206,136.94583333333333,748.09583333333319,2a5768f904973a75dd3010edd7c8a00774f2f38d18be799d4a8bddb192565a9f,754782a661b149a47d082f46f4e0bd04fff5c8f8bf817b92f93e778dfadf6ad0
naumann_calendar_v4_calibration_robustness_v1,naumann_calendar_v4_hybrid_development_v1,NAUMANN_CAL_T25_SOC50,32,calibration,10,136.94583333333333,25,0.5,799.58333333333326,662.63749999999993,hierarchical_power_fallback,specialist_gate_not_ready,False,True,True,False,0,94.643039080510562,0.77199543284519179,136.94583333333333,748.09583333333319,2a5768f904973a75dd3010edd7c8a00774f2f38d18be799d4a8bddb192565a9f,754782a661b149a47d082f46f4e0bd04fff5c8f8bf817b92f93e778dfadf6ad0
naumann_calendar_v4_calibration_robustness_v1,naumann_calendar_v4_hybrid_development_v1,NAUMANN_CAL_T25_SOC50,33,calibration,10,136.94583333333333,25,0.5,840.125,703.17916666666667,hierarchical_power_fallback,specialist_gate_not_ready,False,True,True,False,0,94.476455493183352,0.81108959822670168,136.94583333333333,748.09583333333319,2a5768f904973a75dd3010edd7c8a00774f2f38d18be799d4a8bddb192565a9f,754782a661b149a47d082f46f4e0bd04fff5c8f8bf817b92f93e778dfadf6ad0
naumann_calendar_v4_calibration_robustness_v1,naumann_calendar_v4_hybrid_development_v1,NAUMANN_CAL_T25_SOC50,34,calibration,10,136.94583333333333,25,0.5,885.04166666666652,748.09583333333319,hierarchical_power_fallback,specialist_gate_not_ready,False,True,True,False,0,94.295430997887152,0.85417437586679978,136.94583333333333,748.09583333333319,2a5768f904973a75dd3010edd7c8a00774f2f38d18be799d4a8bddb192565a9f,754782a661b149a47d082f46f4e0bd04fff5c8f8bf817b92f93e778dfadf6ad0
naumann_calendar_v4_calibration_robustness_v1,naumann_calendar_v4_hybrid_development_v1,NAUMANN_CAL_T40_SOC0,10,calibration,10,136.94583333333333,40,0,161.36250000000001,24.416666666666686,hierarchical_activation_residual,none,True,True,True,False,-0.00573349290041385,99.232970961414097,0.14353024969182065,136.94583333333333,748.09583333333319,2a5768f904973a75dd3010edd7c8a00774f2f38d18be799d4a8bddb192565a9f,7a41e39a235f12edaaab27d4fbe064560313bc5bb002751f5030ba1ff474bda2
naumann_calendar_v4_calibration_robustness_v1,naumann_calendar_v4_hybrid_development_v1,NAUMANN_CAL_T40_SOC0,11,calibration,10,136.94583333333333,40,0,186.79166666666663,49.845833333333303,hierarchical_activation_residual,none,True,True,True,False,-0.013669115931001109,99.127220410324369,0.1513705862641152,136.94583333333333,748.09583333333319,2a5768f904973a75dd3010edd7c8a00774f2f38d18be799d4a8bddb192565a9f,7a41e39a235f12edaaab27d4fbe064560313bc5bb002751f5030ba1ff474bda2
naumann_calendar_v4_calibration_robustness_v1,naumann_calendar_v4_hybrid_development_v1,NAUMANN_CAL_T40_SOC0,12,calibration,10,136.94583333333333,40,0,213.27500000000001,76.32916666666668,hierarchical_activation_residual,none,True,True,True,False,-0.023857808468873087,99.021662376056938,0.16004529627972922,136.94583333333333,748.09583333333319,2a5768f904973a75dd3010edd7c8a00774f2f38d18be799d4a8bddb192565a9f,7a41e39a235f12edaaab27d4fbe064560313bc5bb002751f5030ba1ff474bda2
naumann_calendar_v4_calibration_robustness_v1,naumann_calendar_v4_hybrid_development_v1,NAUMANN_CAL_T40_SOC0,13,calibration,10,136.94583333333333,40,0,239.71250000000001,102.76666666666668,hierarchical_activation_residual,none,True,True,True,False,-0.035792306536051803,98.919974043867356,0.16906688425735769,136.94583333333333,748.09583333333319,2a5768f904973a75dd3010edd7c8a00774f2f38d18be799d4a8bddb192565a9f,7a41e39a235f12edaaab27d4fbe064560313bc5bb002751f5030ba1ff474bda2
naumann_calendar_v4_calibration_robustness_v1,naumann_calendar_v4_hybrid_development_v1,NAUMANN_CAL_T40_SOC0,14,calibration,10,136.94583333333333,40,0,266.17083333333329,129.22499999999997,hierarchical_activation_residual,none,True,True,True,False,-0.049322616145604417,98.821203631190556,0.17834321620053878,136.94583333333333,748.09583333333319,2a5768f904973a75dd3010edd7c8a00774f2f38d18be799d4a8bddb192565a9f,7a41e39a235f12edaaab27d4fbe064560313bc5bb002751f5030ba1ff474bda2
naumann_calendar_v4_calibration_robustness_v1,naumann_calendar_v4_hybrid_development_v1,NAUMANN_CAL_T40_SOC0,15,calibration,10,136.94583333333333,40,0,292.77916666666664,155.83333333333331,hierarchical_activation_residual,none,True,True,True,False,-0.064368822361348957,98.724394465730455,0.1878383274722418,136.94583333333333,748.09583333333319,2a5768f904973a75dd3010edd7c8a00774f2f38d18be799d4a8bddb192565a9f,7a41e39a235f12edaaab27d4fbe064560313bc5bb002751f5030ba1ff474bda2
naumann_calendar_v4_calibration_robustness_v1,naumann_calendar_v4_hybrid_development_v1,NAUMANN_CAL_T40_SOC0,16,calibration,10,136.94583333333333,40,0,319.30833333333334,182.36250000000001,hierarchical_activation_residual,none,True,True,True,False,-0.080662065175002393,98.630017094706574,0.19741016295794328,136.94583333333333,748.09583333333319,2a5768f904973a75dd3010edd7c8a00774f2f38d18be799d4a8bddb192565a9f,7a41e39a235f12edaaab27d4fbe064560313bc5bb002751f5030ba1ff474bda2
naumann_calendar_v4_calibration_robustness_v1,naumann_calendar_v4_hybrid_development_v1,NAUMANN_CAL_T40_SOC0,17,calibration,10,136.94583333333333,40,0,345.83749999999998,208.89166666666665,hierarchical_activation_residual,none,True,True,True,False,-0.098114881748386049,98.537497351285438,0.20704215419093869,136.94583333333333,748.09583333333319,2a5768f904973a75dd3010edd7c8a00774f2f38d18be799d4a8bddb192565a9f,7a41e39a235f12edaaab27d4fbe064560313bc5bb002751f5030ba1ff474bda2
naumann_calendar_v4_calibration_robustness_v1,naumann_calendar_v4_hybrid_development_v1,NAUMANN_CAL_T40_SOC0,18,calibration,10,136.94583333333333,40,0,376.31666666666666,239.37083333333334,hierarchical_activation_residual,none,True,True,True,False,-0.11944664905184289,98.433214312429399,0.21814035303198165,136.94583333333333,748.09583333333319,2a5768f904973a75dd3010edd7c8a00774f2f38d18be799d4a8bddb192565a9f,7a41e39a235f12edaaab27d4fbe064560313bc5bb002751f5030ba1ff474bda2
naumann_calendar_v4_calibration_robustness_v1,naumann_calendar_v4_hybrid_development_v1,NAUMANN_CAL_T40_SOC0,19,calibration,10,136.94583333333333,40,0,402.74166666666662,265.79583333333329,hierarchical_activation_residual,none,True,True,True,False,-0.13893207019690001,98.344354096787782,0.22776337249290263,136.94583333333333,748.09583333333319,2a5768f904973a75dd3010edd7c8a00774f2f38d18be799d4a8bddb192565a9f,7a41e39a235f12edaaab27d4fbe064560313bc5bb002751f5030ba1ff474bda2
naumann_calendar_v4_calibration_robustness_v1,naumann_calendar_v4_hybrid_development_v1,NAUMANN_CAL_T40_SOC0,20,calibration,10,136.94583333333333,40,0,429.25,292.30416666666667,hierarchical_activation_residual,none,True,True,True,False,-0.15930607260464594,98.256520973074373,0.23739941096557007,136.94583333333333,748.09583333333319,2a5768f904973a75dd3010edd7c8a00774f2f38d18be799d4a8bddb192565a9f,7a41e39a235f12edaaab27d4fbe064560313bc5bb002751f5030ba1ff474bda2
naumann_calendar_v4_calibration_robustness_v1,naumann_calendar_v4_hybrid_development_v1,NAUMANN_CAL_T40_SOC0,21,calibration,10,136.94583333333333,40,0,455.79166666666663,318.8458333333333,hierarchical_activation_residual,none,True,True,True,False,-0.18045204180772445,98.16978069420675,0.24701734047592239,136.94583333333333,748.09583333333319,2a5768f904973a75dd3010edd7c8a00774f2f38d18be799d4a8bddb192565a9f,7a41e39a235f12edaaab27d4fbe064560313bc5bb002751f5030ba1ff474bda2
naumann_calendar_v4_calibration_robustness_v1,naumann_calendar_v4_hybrid_development_v1,NAUMANN_CAL_T40_SOC0,22,calibration,10,136.94583333333333,40,0,482.29166666666663,345.3458333333333,hierarchical_activation_residual,none,True,True,True,False,-0.20223471302996215,98.084288186285491,0.25658049264626503,136.94583333333333,748.09583333333319,2a5768f904973a75dd3010edd7c8a00774f2f38d18be799d4a8bddb192565a9f,7a41e39a235f12edaaab27d4fbe064560313bc5bb002751f5030ba1ff474bda2
naumann_calendar_v4_calibration_robustness_v1,naumann_calendar_v4_hybrid_development_v1,NAUMANN_CAL_T40_SOC0,23,calibration,10,136.94583333333333,40,0,508.79166666666663,371.8458333333333,hierarchical_activation_residual,none,True,True,True,False,-0.22461923706335629,97.999831428092094,0.26609700471839381,136.94583333333333,748.09583333333319,2a5768f904973a75dd3010edd7c8a00774f2f38d18be799d4a8bddb192565a9f,7a41e39a235f12edaaab27d4fbe064560313bc5bb002751f5030ba1ff474bda2
naumann_calendar_v4_calibration_robustness_v1,naumann_calendar_v4_hybrid_development_v1,NAUMANN_CAL_T40_SOC0,24,calibration,10,136.94583333333333,40,0,535.16666666666652,398.22083333333319,hierarchical_activation_residual,none,True,True,True,False,-0.24743561331938407,97.916738432014455,0.2755172670432498,136.94583333333333,748.09583333333319,2a5768f904973a75dd3010edd7c8a00774f2f38d18be799d4a8bddb192565a9f,7a41e39a235f12edaaab27d4fbe064560313bc5bb002751f5030ba1ff474bda2
naumann_calendar_v4_calibration_robustness_v1,naumann_calendar_v4_hybrid_development_v1,NAUMANN_CAL_T40_SOC0,25,calibration,10,136.94583333333333,40,0,561.70833333333337,424.76250000000005,hierarchical_activation_residual,none,True,True,True,False,-0.27088291678271975,97.834038002866492,0.28494168625995181,136.94583333333333,748.09583333333319,2a5768f904973a75dd3010edd7c8a00774f2f38d18be799d4a8bddb192565a9f,7a41e39a235f12edaaab27d4fbe064560313bc5bb002751f5030ba1ff474bda2
naumann_calendar_v4_calibration_robustness_v1,naumann_calendar_v4_hybrid_development_v1,NAUMANN_CAL_T40_SOC0,26,calibration,10,136.94583333333333,40,0,588.29166666666652,451.34583333333319,hierarchical_activation_residual,none,True,True,True,False,-0.29480712034140621,97.75208263715804,0.29432266919859235,136.94583333333333,748.09583333333319,2a5768f904973a75dd3010edd7c8a00774f2f38d18be799d4a8bddb192565a9f,7a41e39a235f12edaaab27d4fbe064560313bc5bb002751f5030ba1ff474bda2
naumann_calendar_v4_calibration_robustness_v1,naumann_calendar_v4_hybrid_development_v1,NAUMANN_CAL_T40_SOC0,27,calibration,10,136.94583333333333,40,0,612.29166666666652,475.34583333333319,hierarchical_activation_residual,none,True,True,True,False,-0.31674762685145985,97.678808493744171,0.30274053278088525,136.94583333333333,748.09583333333319,2a5768f904973a75dd3010edd7c8a00774f2f38d18be799d4a8bddb192565a9f,7a41e39a235f12edaaab27d4fbe064560313bc5bb002751f5030ba1ff474bda2
naumann_calendar_v4_calibration_robustness_v1,naumann_calendar_v4_hybrid_development_v1,NAUMANN_CAL_T40_SOC0,28,calibration,10,136.94583333333333,40,0,631.16666666666652,494.22083333333319,hierarchical_activation_residual,none,True,True,True,False,-0.33421016759725725,97.621640366374834,0.30932595673646623,136.94583333333333,748.09583333333319,2a5768f904973a75dd3010edd7c8a00774f2f38d18be799d4a8bddb192565a9f,7a41e39a235f12edaaab27d4fbe064560313bc5bb002751f5030ba1ff474bda2
naumann_calendar_v4_calibration_robustness_v1,naumann_calendar_v4_hybrid_development_v1,NAUMANN_CAL_T40_SOC0,29,calibration,10,136.94583333333333,40,0,658.79166666666652,521.84583333333319,hierarchical_activation_residual,none,True,True,True,False,-0.36006734008904301,97.538671277236119,0.3189083695538017,136.94583333333333,748.09583333333319,2a5768f904973a75dd3010edd7c8a00774f2f38d18be799d4a8bddb192565a9f,7a41e39a235f12edaaab27d4fbe064560313bc5bb002751f5030ba1ff474bda2
naumann_calendar_v4_calibration_robustness_v1,naumann_calendar_v4_hybrid_development_v1,NAUMANN_CAL_T40_SOC0,30,calibration,10,136.94583333333333,40,0,708.375,571.42916666666667,hierarchical_activation_residual,none,True,True,True,False,-0.407263437719598,97.391740462069933,0.33594056520238269,136.94583333333333,748.09583333333319,2a5768f904973a75dd3010edd7c8a00774f2f38d18be799d4a8bddb192565a9f,7a41e39a235f12edaaab27d4fbe064560313bc5bb002751f5030ba1ff474bda2
naumann_calendar_v4_calibration_robustness_v1,naumann_calendar_v4_hybrid_development_v1,NAUMANN_CAL_T40_SOC0,31,calibration,10,136.94583333333333,40,0,759.95833333333326,623.01249999999993,hierarchical_activation_residual,none,True,True,True,False,-0.45726624204898275,97.241430493832326,0.35343352384045035,136.94583333333333,748.09583333333319,2a5768f904973a75dd3010edd7c8a00774f2f38d18be799d4a8bddb192565a9f,7a41e39a235f12edaaab27d4fbe064560313bc5bb002751f5030ba1ff474bda2
naumann_calendar_v4_calibration_robustness_v1,naumann_calendar_v4_hybrid_development_v1,NAUMANN_CAL_T40_SOC0,32,calibration,10,136.94583333333333,40,0,799.58333333333326,662.63749999999993,hierarchical_activation_residual,none,True,True,True,False,-0.49619489681301732,97.127621790826296,0.3667169765806127,136.94583333333333,748.09583333333319,2a5768f904973a75dd3010edd7c8a00774f2f38d18be799d4a8bddb192565a9f,7a41e39a235f12edaaab27d4fbe064560313bc5bb002751f5030ba1ff474bda2
naumann_calendar_v4_calibration_robustness_v1,naumann_calendar_v4_hybrid_development_v1,NAUMANN_CAL_T40_SOC0,33,calibration,10,136.94583333333333,40,0,840.125,703.17916666666667,hierarchical_activation_residual,none,True,True,True,False,-0.53641428732577623,97.012587862056392,0.38017200840124904,136.94583333333333,748.09583333333319,2a5768f904973a75dd3010edd7c8a00774f2f38d18be799d4a8bddb192565a9f,7a41e39a235f12edaaab27d4fbe064560313bc5bb002751f5030ba1ff474bda2
naumann_calendar_v4_calibration_robustness_v1,naumann_calendar_v4_hybrid_development_v1,NAUMANN_CAL_T40_SOC0,34,calibration,10,136.94583333333333,40,0,885.04166666666652,748.09583333333319,hierarchical_activation_residual,none,True,True,True,False,-0.58136387919217858,96.886720308302316,0.39492259065436935,136.94583333333333,748.09583333333319,2a5768f904973a75dd3010edd7c8a00774f2f38d18be799d4a8bddb192565a9f,7a41e39a235f12edaaab27d4fbe064560313bc5bb002751f5030ba1ff474bda2
naumann_calendar_v4_calibration_robustness_v1,naumann_calendar_v4_hybrid_development_v1,NAUMANN_CAL_T40_SOC100,10,calibration,10,136.94583333333333,40,1,161.36250000000001,24.416666666666686,hierarchical_power_fallback,specialist_gate_not_ready,False,True,True,False,0,93.699300238416257,0.15727192295848136,136.94583333333333,748.09583333333319,2a5768f904973a75dd3010edd7c8a00774f2f38d18be799d4a8bddb192565a9f,0c573ce2a779f0ac02faeeae68462ef55feef77723a5d661ba8406c475f181f8
naumann_calendar_v4_calibration_robustness_v1,naumann_calendar_v4_hybrid_development_v1,NAUMANN_CAL_T40_SOC100,11,calibration,10,136.94583333333333,40,1,186.79166666666663,49.845833333333303,hierarchical_power_fallback,specialist_gate_not_ready,False,True,True,False,0,93.281228598784168,0.16927713543101305,136.94583333333333,748.09583333333319,2a5768f904973a75dd3010edd7c8a00774f2f38d18be799d4a8bddb192565a9f,0c573ce2a779f0ac02faeeae68462ef55feef77723a5d661ba8406c475f181f8
naumann_calendar_v4_calibration_robustness_v1,naumann_calendar_v4_hybrid_development_v1,NAUMANN_CAL_T40_SOC100,12,calibration,10,136.94583333333333,40,1,213.27500000000001,76.32916666666668,hierarchical_power_fallback,specialist_gate_not_ready,False,True,True,False,0,92.87854060717838,0.18264036341958931,136.94583333333333,748.09583333333319,2a5768f904973a75dd3010edd7c8a00774f2f38d18be799d4a8bddb192565a9f,0c573ce2a779f0ac02faeeae68462ef55feef77723a5d661ba8406c475f181f8
naumann_calendar_v4_calibration_robustness_v1,naumann_calendar_v4_hybrid_development_v1,NAUMANN_CAL_T40_SOC100,13,calibration,10,136.94583333333333,40,1,239.71250000000001,102.76666666666668,hierarchical_power_fallback,specialist_gate_not_ready,False,True,True,False,0,92.503665436688109,0.19653084412155686,136.94583333333333,748.09583333333319,2a5768f904973a75dd3010edd7c8a00774f2f38d18be799d4a8bddb192565a9f,0c573ce2a779f0ac02faeeae68462ef55feef77723a5d661ba8406c475f181f8
naumann_calendar_v4_calibration_robustness_v1,naumann_calendar_v4_hybrid_development_v1,NAUMANN_CAL_T40_SOC100,14,calibration,10,136.94583333333333,40,1,266.17083333333329,129.22499999999997,hierarchical_power_fallback,specialist_gate_not_ready,False,True,True,False,0,92.151068419041181,0.21075687241928881,136.94583333333333,748.09583333333319,2a5768f904973a75dd3010edd7c8a00774f2f38d18be799d4a8bddb192565a9f,0c573ce2a779f0ac02faeeae68462ef55feef77723a5d661ba8406c475f181f8
naumann_calendar_v4_calibration_robustness_v1,naumann_calendar_v4_hybrid_development_v1,NAUMANN_CAL_T40_SOC100,15,calibration,10,136.94583333333333,40,1,292.77916666666664,155.83333333333331,hierarchical_power_fallback,specialist_gate_not_ready,False,True,True,False,0,91.815794029516567,0.2252357608119335,136.94583333333333,748.09583333333319,2a5768f904973a75dd3010edd7c8a00774f2f38d18be799d4a8bddb192565a9f,0c573ce2a779f0ac02faeeae68462ef55feef77723a5d661ba8406c475f181f8
naumann_calendar_v4_calibration_robustness_v1,naumann_calendar_v4_hybrid_development_v1,NAUMANN_CAL_T40_SOC100,16,calibration,10,136.94583333333333,40,1,319.30833333333334,182.36250000000001,hierarchical_power_fallback,specialist_gate_not_ready,False,True,True,False,0,91.498138908763679,0.23973785541957518,136.94583333333333,748.09583333333319,2a5768f904973a75dd3010edd7c8a00774f2f38d18be799d4a8bddb192565a9f,0c573ce2a779f0ac02faeeae68462ef55feef77723a5d661ba8406c475f181f8
naumann_calendar_v4_calibration_robustness_v1,naumann_calendar_v4_hybrid_development_v1,NAUMANN_CAL_T40_SOC100,17,calibration,10,136.94583333333333,40,1,345.83749999999998,208.89166666666665,hierarchical_power_fallback,specialist_gate_not_ready,False,True,True,False,0,91.194970540634202,0.25423417623901878,136.94583333333333,748.09583333333319,2a5768f904973a75dd3010edd7c8a00774f2f38d18be799d4a8bddb192565a9f,0c573ce2a779f0ac02faeeae68462ef55feef77723a5d661ba8406c475f181f8
naumann_calendar_v4_calibration_robustness_v1,naumann_calendar_v4_hybrid_development_v1,NAUMANN_CAL_T40_SOC100,18,calibration,10,136.94583333333333,40,1,376.31666666666666,239.37083333333334,hierarchical_power_fallback,specialist_gate_not_ready,False,True,True,False,0,90.862356395878649,0.27081909325260661,136.94583333333333,748.09583333333319,2a5768f904973a75dd3010edd7c8a00774f2f38d18be799d4a8bddb192565a9f,0c573ce2a779f0ac02faeeae68462ef55feef77723a5d661ba8406c475f181f8
naumann_calendar_v4_calibration_robustness_v1,naumann_calendar_v4_hybrid_development_v1,NAUMANN_CAL_T40_SOC100,19,calibration,10,136.94583333333333,40,1,402.74166666666662,265.79583333333329,hierarchical_power_fallback,specialist_gate_not_ready,False,True,True,False,0,90.586022938202234,0.28510128267444118,136.94583333333333,748.09583333333319,2a5768f904973a75dd3010edd7c8a00774f2f38d18be799d4a8bddb192565a9f,0c573ce2a779f0ac02faeeae68462ef55feef77723a5d661ba8406c475f181f8
naumann_calendar_v4_calibration_robustness_v1,naumann_calendar_v4_hybrid_development_v1,NAUMANN_CAL_T40_SOC100,20,calibration,10,136.94583333333333,40,1,429.25,292.30416666666667,hierarchical_power_fallback,specialist_gate_not_ready,False,True,True,False,0,90.318859797204581,0.29931586787316794,136.94583333333333,748.09583333333319,2a5768f904973a75dd3010edd7c8a00774f2f38d18be799d4a8bddb192565a9f,0c573ce2a779f0ac02faeeae68462ef55feef77723a5d661ba8406c475f181f8
naumann_calendar_v4_calibration_robustness_v1,naumann_calendar_v4_hybrid_development_v1,NAUMANN_CAL_T40_SOC100,21,calibration,10,136.94583333333333,40,1,455.79166666666663,318.8458333333333,hierarchical_power_fallback,specialist_gate_not_ready,False,True,True,False,0,90.060481953795104,0.3134214346566529,136.94583333333333,748.09583333333319,2a5768f904973a75dd3010edd7c8a00774f2f38d18be799d4a8bddb192565a9f,0c573ce2a779f0ac02faeeae68462ef55feef77723a5d661ba8406c475f181f8
naumann_calendar_v4_calibration_robustness_v1,naumann_calendar_v4_hybrid_development_v1,NAUMANN_CAL_T40_SOC100,22,calibration,10,136.94583333333333,40,1,482.29166666666663,345.3458333333333,hierarchical_power_fallback,specialist_gate_not_ready,False,True,True,False,0,89.810800705666665,0.32736941705965023,136.94583333333333,748.09583333333319,2a5768f904973a75dd3010edd7c8a00774f2f38d18be799d4a8bddb192565a9f,0c573ce2a779f0ac02faeeae68462ef55feef77723a5d661ba8406c475f181f8
naumann_calendar_v4_calibration_robustness_v1,naumann_calendar_v4_hybrid_development_v1,NAUMANN_CAL_T40_SOC100,23,calibration,10,136.94583333333333,40,1,508.79166666666663,371.8458333333333,hierarchical_power_fallback,specialist_gate_not_ready,False,True,True,False,0,89.568703113309198,0.34117690936366774,136.94583333333333,748.09583333333319,2a5768f904973a75dd3010edd7c8a00774f2f38d18be799d4a8bddb192565a9f,0c573ce2a779f0ac02faeeae68462ef55feef77723a5d661ba8406c475f181f8
naumann_calendar_v4_calibration_robustness_v1,naumann_calendar_v4_hybrid_development_v1,NAUMANN_CAL_T40_SOC100,24,calibration,10,136.94583333333333,40,1,535.16666666666652,398.22083333333319,hierarchical_power_fallback,specialist_gate_not_ready,False,True,True,False,0,89.334674517188688,0.35477720493783743,136.94583333333333,748.09583333333319,2a5768f904973a75dd3010edd7c8a00774f2f38d18be799d4a8bddb192565a9f,0c573ce2a779f0ac02faeeae68462ef55feef77723a5d661ba8406c475f181f8
naumann_calendar_v4_calibration_robustness_v1,naumann_calendar_v4_hybrid_development_v1,NAUMANN_CAL_T40_SOC100,25,calibration,10,136.94583333333333,40,1,561.70833333333337,424.76250000000005,hierarchical_power_fallback,specialist_gate_not_ready,False,True,True,False,0,89.105611715288205,0.36831960032206978,136.94583333333333,748.09583333333319,2a5768f904973a75dd3010edd7c8a00774f2f38d18be799d4a8bddb192565a9f,0c573ce2a779f0ac02faeeae68462ef55feef77723a5d661ba8406c475f181f8
naumann_calendar_v4_calibration_robustness_v1,naumann_calendar_v4_hybrid_development_v1,NAUMANN_CAL_T40_SOC100,26,calibration,10,136.94583333333333,40,1,588.29166666666652,451.34583333333319,hierarchical_power_fallback,specialist_gate_not_ready,False,True,True,False,0,88.882198225142787,0.3817391590408602,136.94583333333333,748.09583333333319,2a5768f904973a75dd3010edd7c8a00774f2f38d18be799d4a8bddb192565a9f,0c573ce2a779f0ac02faeeae68462ef55feef77723a5d661ba8406c475f181f8
naumann_calendar_v4_calibration_robustness_v1,naumann_calendar_v4_hybrid_development_v1,NAUMANN_CAL_T40_SOC100,27,calibration,10,136.94583333333333,40,1,612.29166666666652,475.34583333333319,hierarchical_power_fallback,specialist_gate_not_ready,False,True,True,False,0,88.685312060094944,0.39373196154795981,136.94583333333333,748.09583333333319,2a5768f904973a75dd3010edd7c8a00774f2f38d18be799d4a8bddb192565a9f,0c573ce2a779f0ac02faeeae68462ef55feef77723a5d661ba8406c475f181f8
naumann_calendar_v4_calibration_robustness_v1,naumann_calendar_v4_hybrid_development_v1,NAUMANN_CAL_T40_SOC100,28,calibration,10,136.94583333333333,40,1,631.16666666666652,494.22083333333319,hierarchical_power_fallback,specialist_gate_not_ready,False,True,True,False,0,88.533491262149397,0.40308306259130605,136.94583333333333,748.09583333333319,2a5768f904973a75dd3010edd7c8a00774f2f38d18be799d4a8bddb192565a9f,0c573ce2a779f0ac02faeeae68462ef55feef77723a5d661ba8406c475f181f8
naumann_calendar_v4_calibration_robustness_v1,naumann_calendar_v4_hybrid_development_v1,NAUMANN_CAL_T40_SOC100,29,calibration,10,136.94583333333333,40,1,658.79166666666652,521.84583333333319,hierarchical_power_fallback,specialist_gate_not_ready,False,True,True,False,0,88.315812352752673,0.41664296056903138,136.94583333333333,748.09583333333319,2a5768f904973a75dd3010edd7c8a00774f2f38d18be799d4a8bddb192565a9f,0c573ce2a779f0ac02faeeae68462ef55feef77723a5d661ba8406c475f181f8
naumann_calendar_v4_calibration_robustness_v1,naumann_calendar_v4_hybrid_development_v1,NAUMANN_CAL_T40_SOC100,30,calibration,10,136.94583333333333,40,1,708.375,571.42916666666667,hierarchical_power_fallback,specialist_gate_not_ready,False,True,True,False,0,87.937595012799832,0.44061457310354463,136.94583333333333,748.09583333333319,2a5768f904973a75dd3010edd7c8a00774f2f38d18be799d4a8bddb192565a9f,0c573ce2a779f0ac02faeeae68462ef55feef77723a5d661ba8406c475f181f8
naumann_calendar_v4_calibration_robustness_v1,naumann_calendar_v4_hybrid_development_v1,NAUMANN_CAL_T40_SOC100,31,calibration,10,136.94583333333333,40,1,759.95833333333326,623.01249999999993,hierarchical_power_fallback,specialist_gate_not_ready,False,True,True,False,0,87.559572718568688,0.46507168130119869,136.94583333333333,748.09583333333319,2a5768f904973a75dd3010edd7c8a00774f2f38d18be799d4a8bddb192565a9f,0c573ce2a779f0ac02faeeae68462ef55feef77723a5d661ba8406c475f181f8
naumann_calendar_v4_calibration_robustness_v1,naumann_calendar_v4_hybrid_development_v1,NAUMANN_CAL_T40_SOC100,32,calibration,10,136.94583333333333,40,1,799.58333333333326,662.63749999999993,hierarchical_power_fallback,specialist_gate_not_ready,False,True,True,False,0,87.278862981540584,0.48354004156845559,136.94583333333333,748.09583333333319,2a5768f904973a75dd3010edd7c8a00774f2f38d18be799d4a8bddb192565a9f,0c573ce2a779f0ac02faeeae68462ef55feef77723a5d661ba8406c475f181f8
naumann_calendar_v4_calibration_robustness_v1,naumann_calendar_v4_hybrid_development_v1,NAUMANN_CAL_T40_SOC100,33,calibration,10,136.94583333333333,40,1,840.125,703.17916666666667,hierarchical_power_fallback,specialist_gate_not_ready,False,True,True,False,0,86.999624648031087,0.5021609704630553,136.94583333333333,748.09583333333319,2a5768f904973a75dd3010edd7c8a00774f2f38d18be799d4a8bddb192565a9f,0c573ce2a779f0ac02faeeae68462ef55feef77723a5d661ba8406c475f181f8
naumann_calendar_v4_calibration_robustness_v1,naumann_calendar_v4_hybrid_development_v1,NAUMANN_CAL_T40_SOC100,34,calibration,10,136.94583333333333,40,1,885.04166666666652,748.09583333333319,hierarchical_power_fallback,specialist_gate_not_ready,False,True,True,False,0,86.698942815262498,0.52248027385039142,136.94583333333333,748.09583333333319,2a5768f904973a75dd3010edd7c8a00774f2f38d18be799d4a8bddb192565a9f,0c573ce2a779f0ac02faeeae68462ef55feef77723a5d661ba8406c475f181f8
naumann_calendar_v4_calibration_robustness_v1,naumann_calendar_v4_hybrid_development_v1,NAUMANN_CAL_T40_SOC12.5,10,test,10,136.94583333333333,40,0.125,161.36250000000001,24.416666666666686,hierarchical_activation_residual,none,True,True,True,False,-0.00573349290041385,98.356883662301428,0.147483125910951,136.94583333333333,748.09583333333319,2a5768f904973a75dd3010edd7c8a00774f2f38d18be799d4a8bddb192565a9f,ee23906807e7d285b225ed3d36d6b9fe98910254c809c5be67da1b2a5dc1026f
naumann_calendar_v4_calibration_robustness_v1,naumann_calendar_v4_hybrid_development_v1,NAUMANN_CAL_T40_SOC12.5,11,test,10,136.94583333333333,40,0.125,186.79166666666663,49.845833333333303,hierarchical_activation_residual,none,True,True,True,False,-0.013669115931001109,98.159777069615274,0.15795658666208245,136.94583333333333,748.09583333333319,2a5768f904973a75dd3010edd7c8a00774f2f38d18be799d4a8bddb192565a9f,ee23906807e7d285b225ed3d36d6b9fe98910254c809c5be67da1b2a5dc1026f
naumann_calendar_v4_calibration_robustness_v1,naumann_calendar_v4_hybrid_development_v1,NAUMANN_CAL_T40_SOC12.5,12,test,10,136.94583333333333,40,0.125,213.27500000000001,76.32916666666668,hierarchical_activation_residual,none,True,True,True,False,-0.023857808468873087,97.963841161846062,0.16990704805995541,136.94583333333333,748.09583333333319,2a5768f904973a75dd3010edd7c8a00774f2f38d18be799d4a8bddb192565a9f,ee23906807e7d285b225ed3d36d6b9fe98910254c809c5be67da1b2a5dc1026f
naumann_calendar_v4_calibration_robustness_v1,naumann_calendar_v4_hybrid_development_v1,NAUMANN_CAL_T40_SOC12.5,13,test,10,136.94583333333333,40,0.125,239.71250000000001,102.76666666666668,hierarchical_activation_residual,none,True,True,True,False,-0.035792306536051803,97.775990262663299,0.18263373660777812,136.94583333333333,748.09583333333319,2a5768f904973a75dd3010edd7c8a00774f2f38d18be799d4a8bddb192565a9f,ee23906807e7d285b225ed3d36d6b9fe98910254c809c5be67da1b2a5dc1026f
naumann_calendar_v4_calibration_robustness_v1,naumann_calendar_v4_hybrid_development_v1,NAUMANN_CAL_T40_SOC12.5,14,test,10,136.94583333333333,40,0.125,266.17083333333329,129.22499999999997,hierarchical_activation_residual,none,True,True,True,False,-0.049322616145604417,97.594451339378708,0.19596288620379948,136.94583333333333,748.09583333333319,2a5768f904973a75dd3010edd7c8a00774f2f38d18be799d4a8bddb192565a9f,ee23906807e7d285b225ed3d36d6b9fe98910254c809c5be67da1b2a5dc1026f
naumann_calendar_v4_calibration_robustness_v1,naumann_calendar_v4_hybrid_development_v1,NAUMANN_CAL_T40_SOC12.5,15,test,10,136.94583333333333,40,0.125,292.77916666666664,155.83333333333331,hierarchical_activation_residual,none,True,True,True,False,-0.064368822361348957,97.417432395380416,0.20980931633865807,136.94583333333333,748.09583333333319,2a5768f904973a75dd3010edd7c8a00774f2f38d18be799d4a8bddb192565a9f,ee23906807e7d285b225ed3d36d6b9fe98910254c809c5be67da1b2a5dc1026f
naumann_calendar_v4_calibration_robustness_v1,naumann_calendar_v4_hybrid_development_v1,NAUMANN_CAL_T40_SOC12.5,16,test,10,136.94583333333333,40,0.125,319.30833333333334,182.36250000000001,hierarchical_activation_residual,none,True,True,True,False,-0.080662065175002393,97.245740010970096,0.22393828949084829,136.94583333333333,748.09583333333319,2a5768f904973a75dd3010edd7c8a00774f2f38d18be799d4a8bddb192565a9f,ee23906807e7d285b225ed3d36d6b9fe98910254c809c5be67da1b2a5dc1026f
naumann_calendar_v4_calibration_robustness_v1,naumann_calendar_v4_hybrid_development_v1,NAUMANN_CAL_T40_SOC12.5,17,test,10,136.94583333333333,40,0.125,345.83749999999998,208.89166666666665,hierarchical_activation_residual,none,True,True,True,False,-0.098114881748386049,97.078261627722043,0.23830226036804225,136.94583333333333,748.09583333333319,2a5768f904973a75dd3010edd7c8a00774f2f38d18be799d4a8bddb192565a9f,ee23906807e7d285b225ed3d36d6b9fe98910254c809c5be67da1b2a5dc1026f
naumann_calendar_v4_calibration_robustness_v1,naumann_calendar_v4_hybrid_development_v1,NAUMANN_CAL_T40_SOC12.5,18,test,10,136.94583333333333,40,0.125,376.31666666666666,239.37083333333334,hierarchical_activation_residual,none,True,True,True,False,-0.11944664905184289,96.890455492586852,0.25500938974909154,136.94583333333333,748.09583333333319,2a5768f904973a75dd3010edd7c8a00774f2f38d18be799d4a8bddb192565a9f,ee23906807e7d285b225ed3d36d6b9fe98910254c809c5be67da1b2a5dc1026f
naumann_calendar_v4_calibration_robustness_v1,naumann_calendar_v4_hybrid_development_v1,NAUMANN_CAL_T40_SOC12.5,19,test,10,136.94583333333333,40,0.125,402.74166666666662,265.79583333333329,hierarchical_activation_residual,none,True,True,True,False,-0.13893207019690001,96.731204894281888,0.26961537528188467,136.94583333333333,748.09583333333319,2a5768f904973a75dd3010edd7c8a00774f2f38d18be799d4a8bddb192565a9f,ee23906807e7d285b225ed3d36d6b9fe98910254c809c5be67da1b2a5dc1026f
naumann_calendar_v4_calibration_robustness_v1,naumann_calendar_v4_hybrid_development_v1,NAUMANN_CAL_T40_SOC12.5,20,test,10,136.94583333333333,40,0.125,429.25,292.30416666666667,hierarchical_activation_residual,none,True,True,True,False,-0.15930607260464594,96.574471512023706,0.28434097012260745,136.94583333333333,748.09583333333319,2a5768f904973a75dd3010edd7c8a00774f2f38d18be799d4a8bddb192565a9f,ee23906807e7d285b225ed3d36d6b9fe98910254c809c5be67da1b2a5dc1026f
naumann_calendar_v4_calibration_robustness_v1,naumann_calendar_v4_hybrid_development_v1,NAUMANN_CAL_T40_SOC12.5,21,test,10,136.94583333333333,40,0.125,455.79166666666663,318.8458333333333,hierarchical_activation_residual,none,True,True,True,False,-0.18045204180772445,96.420319581349389,0.29913006372230594,136.94583333333333,748.09583333333319,2a5768f904973a75dd3010edd7c8a00774f2f38d18be799d4a8bddb192565a9f,ee23906807e7d285b225ed3d36d6b9fe98910254c809c5be67da1b2a5dc1026f
naumann_calendar_v4_calibration_robustness_v1,naumann_calendar_v4_hybrid_development_v1,NAUMANN_CAL_T40_SOC12.5,22,test,10,136.94583333333333,40,0.125,482.29166666666663,345.3458333333333,hierarchical_activation_residual,none,True,True,True,False,-0.20223471302996215,96.268970460283796,0.31391850537253357,136.94583333333333,748.09583333333319,2a5768f904973a75dd3010edd7c8a00774f2f38d18be799d4a8bddb192565a9f,ee23906807e7d285b225ed3d36d6b9fe98910254c809c5be67da1b2a5dc1026f
naumann_calendar_v4_calibration_robustness_v1,naumann_calendar_v4_hybrid_development_v1,NAUMANN_CAL_T40_SOC12.5,23,test,10,136.94583333333333,40,0.125,508.79166666666663,371.8458333333333,hierarchical_activation_residual,none,True,True,True,False,-0.22461923706335629,96.119997780093911,0.32871210202644591,136.94583333333333,748.09583333333319,2a5768f904973a75dd3010edd7c8a00774f2f38d18be799d4a8bddb192565a9f,ee23906807e7d285b225ed3d36d6b9fe98910254c809c5be67da1b2a5dc1026f
naumann_calendar_v4_calibration_robustness_v1,naumann_calendar_v4_hybrid_development_v1,NAUMANN_CAL_T40_SOC12.5,24,test,10,136.94583333333333,40,0.125,535.16666666666652,398.22083333333319,hierarchical_activation_residual,none,True,True,True,False,-0.24743561331938407,95.973930947385128,0.3434275525322335,136.94583333333333,748.09583333333319,2a5768f904973a75dd3010edd7c8a00774f2f38d18be799d4a8bddb192565a9f,ee23906807e7d285b225ed3d36d6b9fe98910254c809c5be67da1b2a5dc1026f
naumann_calendar_v4_calibration_robustness_v1,naumann_calendar_v4_hybrid_development_v1,NAUMANN_CAL_T40_SOC12.5,25,test,10,136.94583333333333,40,0.125,561.70833333333337,424.76250000000005,hierarchical_activation_residual,none,True,True,True,False,-0.27088291678271975,95.829022036449302,0.35821690738846645,136.94583333333333,748.09583333333319,2a5768f904973a75dd3010edd7c8a00774f2f38d18be799d4a8bddb192565a9f,ee23906807e7d285b225ed3d36d6b9fe98910254c809c5be67da1b2a5dc1026f
naumann_calendar_v4_calibration_robustness_v1,naumann_calendar_v4_hybrid_development_v1,NAUMANN_CAL_T40_SOC12.5,26,test,10,136.94583333333333,40,0.125,588.29166666666652,451.34583333333319,hierarchical_activation_residual,none,True,True,True,False,-0.29480712034140621,95.685855667078641,0.37300186063536528,136.94583333333333,748.09583333333319,2a5768f904973a75dd3010edd7c8a00774f2f38d18be799d4a8bddb192565a9f,ee23906807e7d285b225ed3d36d6b9fe98910254c809c5be67da1b2a5dc1026f
naumann_calendar_v4_calibration_robustness_v1,naumann_calendar_v4_hybrid_development_v1,NAUMANN_CAL_T40_SOC12.5,27,test,10,136.94583333333333,40,0.125,612.29166666666652,475.34583333333319,hierarchical_activation_residual,none,True,True,True,False,-0.31674762685145985,95.558204566852368,0.38632073756804947,136.94583333333333,748.09583333333319,2a5768f904973a75dd3010edd7c8a00774f2f38d18be799d4a8bddb192565a9f,ee23906807e7d285b225ed3d36d6b9fe98910254c809c5be67da1b2a5dc1026f
naumann_calendar_v4_calibration_robustness_v1,naumann_calendar_v4_hybrid_development_v1,NAUMANN_CAL_T40_SOC12.5,28,test,10,136.94583333333333,40,0.125,631.16666666666652,494.22083333333319,hierarchical_activation_residual,none,True,True,True,False,-0.33421016759725725,95.458831222560107,0.39677327947600549,136.94583333333333,748.09583333333319,2a5768f904973a75dd3010edd7c8a00774f2f38d18be799d4a8bddb192565a9f,ee23906807e7d285b225ed3d36d6b9fe98910254c809c5be67da1b2a5dc1026f
naumann_calendar_v4_calibration_robustness_v1,naumann_calendar_v4_hybrid_development_v1,NAUMANN_CAL_T40_SOC12.5,29,test,10,136.94583333333333,40,0.125,658.79166666666652,521.84583333333319,hierarchical_activation_residual,none,True,True,True,False,-0.36006734008904301,95.314935906692952,0.41203269583938323,136.94583333333333,748.09583333333319,2a5768f904973a75dd3010edd7c8a00774f2f38d18be799d4a8bddb192565a9f,ee23906807e7d285b225ed3d36d6b9fe98910254c809c5be67da1b2a5dc1026f
naumann_calendar_v4_calibration_robustness_v1,naumann_calendar_v4_hybrid_development_v1,NAUMANN_CAL_T40_SOC12.5,30,test,10,136.94583333333333,40,0.125,708.375,571.42916666666667,hierarchical_activation_residual,none,True,True,True,False,-0.407263437719598,95.061004413748876,0.4392955898505882,136.94583333333333,748.09583333333319,2a5768f904973a75dd3010edd7c8a00774f2f38d18be799d4a8bddb192565a9f,ee23906807e7d285b225ed3d36d6b9fe98910254c809c5be67da1b2a5dc1026f
naumann_calendar_v4_calibration_robustness_v1,naumann_calendar_v4_hybrid_development_v1,NAUMANN_CAL_T40_SOC12.5,31,test,10,136.94583333333333,40,0.125,759.95833333333326,623.01249999999993,hierarchical_activation_residual,none,True,True,True,False,-0.45726624204898275,94.802326123209596,0.46747322351364051,136.94583333333333,748.09583333333319,2a5768f904973a75dd3010edd7c8a00774f2f38d18be799d4a8bddb192565a9f,ee23906807e7d285b225ed3d36d6b9fe98910254c809c5be67da1b2a5dc1026f
naumann_calendar_v4_calibration_robustness_v1,naumann_calendar_v4_hybrid_development_v1,NAUMANN_CAL_T40_SOC12.5,32,test,10,136.94583333333333,40,0.125,799.58333333333326,662.63749999999993,hierarchical_activation_residual,none,True,True,True,False,-0.49619489681301732,94.607141925757617,0.48898402561659565,136.94583333333333,748.09583333333319,2a5768f904973a75dd3010edd7c8a00774f2f38d18be799d4a8bddb192565a9f,ee23906807e7d285b225ed3d36d6b9fe98910254c809c5be67da1b2a5dc1026f
naumann_calendar_v4_calibration_robustness_v1,naumann_calendar_v4_hybrid_development_v1,NAUMANN_CAL_T40_SOC12.5,33,test,10,136.94583333333333,40,0.125,840.125,703.17916666666667,hierarchical_activation_residual,none,True,True,True,False,-0.53641428732577623,94.410406702528888,0.51086846272218067,136.94583333333333,748.09583333333319,2a5768f904973a75dd3010edd7c8a00774f2f38d18be799d4a8bddb192565a9f,ee23906807e7d285b225ed3d36d6b9fe98910254c809c5be67da1b2a5dc1026f
naumann_calendar_v4_calibration_robustness_v1,naumann_calendar_v4_hybrid_development_v1,NAUMANN_CAL_T40_SOC12.5,34,test,10,136.94583333333333,40,0.125,885.04166666666652,748.09583333333319,hierarchical_activation_residual,none,True,True,True,False,-0.58136387919217858,94.195736570569522,0.53496659600174146,136.94583333333333,748.09583333333319,2a5768f904973a75dd3010edd7c8a00774f2f38d18be799d4a8bddb192565a9f,ee23906807e7d285b225ed3d36d6b9fe98910254c809c5be67da1b2a5dc1026f
naumann_calendar_v4_calibration_robustness_v1,naumann_calendar_v4_hybrid_development_v1,NAUMANN_CAL_T40_SOC25,10,calibration,10,136.94583333333333,40,0.25,161.36250000000001,24.416666666666686,hierarchical_power_fallback,specialist_gate_not_ready,False,True,True,False,0,97.22188799819213,0.16598634343733876,136.94583333333333,748.09583333333319,2a5768f904973a75dd3010edd7c8a00774f2f38d18be799d4a8bddb192565a9f,f7a86d7791b55e36c5223383b0ea00493b9e367ed847312e12e725fdf7e0f124
naumann_calendar_v4_calibration_robustness_v1,naumann_calendar_v4_hybrid_development_v1,NAUMANN_CAL_T40_SOC25,11,calibration,10,136.94583333333333,40,0.25,186.79166666666663,49.845833333333303,hierarchical_power_fallback,specialist_gate_not_ready,False,True,True,False,0,96.945094992679302,0.18573337383041386,136.94583333333333,748.09583333333319,2a5768f904973a75dd3010edd7c8a00774f2f38d18be799d4a8bddb192565a9f,f7a86d7791b55e36c5223383b0ea00493b9e367ed847312e12e725fdf7e0f124
naumann_calendar_v4_calibration_robustness_v1,naumann_calendar_v4_hybrid_development_v1,NAUMANN_CAL_T40_SOC25,12,calibration,10,136.94583333333333,40,0.25,213.27500000000001,76.32916666666668,hierarchical_power_fallback,specialist_gate_not_ready,False,True,True,False,0,96.670573100267248,0.20894055421532282,136.94583333333333,748.09583333333319,2a5768f904973a75dd3010edd7c8a00774f2f38d18be799d4a8bddb192565a9f,f7a86d7791b55e36c5223383b0ea00493b9e367ed847312e12e725fdf7e0f124
naumann_calendar_v4_calibration_robustness_v1,naumann_calendar_v4_hybrid_development_v1,NAUMANN_CAL_T40_SOC25,13,calibration,10,136.94583333333333,40,0.25,239.71250000000001,102.76666666666668,hierarchical_power_fallback,specialist_gate_not_ready,False,True,True,False,0,96.408239423472793,0.23403047132976221,136.94583333333333,748.09583333333319,2a5768f904973a75dd3010edd7c8a00774f2f38d18be799d4a8bddb192565a9f,f7a86d7791b55e36c5223383b0ea00493b9e367ed847312e12e725fdf7e0f124
naumann_calendar_v4_calibration_robustness_v1,naumann_calendar_v4_hybrid_development_v1,NAUMANN_CAL_T40_SOC25,14,calibration,10,136.94583333333333,40,0.25,266.17083333333329,129.22499999999997,hierarchical_power_fallback,specialist_gate_not_ready,False,True,True,False,0,96.155694705779226,0.26050576689918964,136.94583333333333,748.09583333333319,2a5768f904973a75dd3010edd7c8a00774f2f38d18be799d4a8bddb192565a9f,f7a86d7791b55e36c5223383b0ea00493b9e367ed847312e12e725fdf7e0f124
naumann_calendar_v4_calibration_robustness_v1,naumann_calendar_v4_hybrid_development_v1,NAUMANN_CAL_T40_SOC25,15,calibration,10,136.94583333333333,40,0.25,292.77916666666664,155.83333333333331,hierarchical_power_fallback,specialist_gate_not_ready,False,True,True,False,0,95.910465784787334,0.28811357122622677,136.94583333333333,748.09583333333319,2a5768f904973a75dd3010edd7c8a00774f2f38d18be799d4a8bddb192565a9f,f7a86d7791b55e36c5223383b0ea00493b9e367ed847312e12e725fdf7e0f124
naumann_calendar_v4_calibration_robustness_v1,naumann_calendar_v4_hybrid_development_v1,NAUMANN_CAL_T40_SOC25,16,calibration,10,136.94583333333333,40,0.25,319.30833333333334,182.36250000000001,hierarchical_power_fallback,specialist_gate_not_ready,False,True,True,False,0,95.673644251826872,0.31634291022272881,136.94583333333333,748.09583333333319,2a5768f904973a75dd3010edd7c8a00774f2f38d18be799d4a8bddb192565a9f,f7a86d7791b55e36c5223383b0ea00493b9e367ed847312e12e725fdf7e0f124
naumann_calendar_v4_calibration_robustness_v1,naumann_calendar_v4_hybrid_development_v1,NAUMANN_CAL_T40_SOC25,17,calibration,10,136.94583333333333,40,0.25,345.83749999999998,208.89166666666665,hierarchical_power_fallback,specialist_gate_not_ready,False,True,True,False,0,95.443638076561299,0.34507873528450916,136.94583333333333,748.09583333333319,2a5768f904973a75dd3010edd7c8a00774f2f38d18be799d4a8bddb192565a9f,f7a86d7791b55e36c5223383b0ea00493b9e367ed847312e12e725fdf7e0f124
naumann_calendar_v4_calibration_robustness_v1,naumann_calendar_v4_hybrid_development_v1,NAUMANN_CAL_T40_SOC25,18,calibration,10,136.94583333333333,40,0.25,376.31666666666666,239.37083333333334,hierarchical_power_fallback,specialist_gate_not_ready,False,True,True,False,0,95.186899743268839,0.37853792703398581,136.94583333333333,748.09583333333319,2a5768f904973a75dd3010edd7c8a00774f2f38d18be799d4a8bddb192565a9f,f7a86d7791b55e36c5223383b0ea00493b9e367ed847312e12e725fdf7e0f124
naumann_calendar_v4_calibration_robustness_v1,naumann_calendar_v4_hybrid_development_v1,NAUMANN_CAL_T40_SOC25,19,calibration,10,136.94583333333333,40,0.25,402.74166666666662,265.79583333333329,hierarchical_power_fallback,specialist_gate_not_ready,False,True,True,False,0,94.970169545814983,0.40781889594947807,136.94583333333333,748.09583333333319,2a5768f904973a75dd3010edd7c8a00774f2f38d18be799d4a8bddb192565a9f,f7a86d7791b55e36c5223383b0ea00493b9e367ed847312e12e725fdf7e0f124
naumann_calendar_v4_calibration_robustness_v1,naumann_calendar_v4_hybrid_development_v1,NAUMANN_CAL_T40_SOC25,20,calibration,10,136.94583333333333,40,0.25,429.25,292.30416666666667,hierarchical_power_fallback,specialist_gate_not_ready,False,True,True,False,0,94.757717027708821,0.43736928769915023,136.94583333333333,748.09583333333319,2a5768f904973a75dd3010edd7c8a00774f2f38d18be799d4a8bddb192565a9f,f7a86d7791b55e36c5223383b0ea00493b9e367ed847312e12e725fdf7e0f124
naumann_calendar_v4_calibration_robustness_v1,naumann_calendar_v4_hybrid_development_v1,NAUMANN_CAL_T40_SOC25,21,calibration,10,136.94583333333333,40,0.25,455.79166666666663,318.8458333333333,hierarchical_power_fallback,specialist_gate_not_ready,False,True,True,False,0,94.549564578897602,0.46707974692798482,136.94583333333333,748.09583333333319,2a5768f904973a75dd3010edd7c8a00774f2f38d18be799d4a8bddb192565a9f,f7a86d7791b55e36c5223383b0ea00493b9e367ed847312e12e725fdf7e0f124
naumann_calendar_v4_calibration_robustness_v1,naumann_calendar_v4_hybrid_development_v1,NAUMANN_CAL_T40_SOC25,22,calibration,10,136.94583333333333,40,0.25,482.29166666666663,345.3458333333333,hierarchical_power_fallback,specialist_gate_not_ready,False,True,True,False,0,94.345943099669171,0.49682453245310731,136.94583333333333,748.09583333333319,2a5768f904973a75dd3010edd7c8a00774f2f38d18be799d4a8bddb192565a9f,f7a86d7791b55e36c5223383b0ea00493b9e367ed847312e12e725fdf7e0f124
naumann_calendar_v4_calibration_robustness_v1,naumann_calendar_v4_hybrid_development_v1,NAUMANN_CAL_T40_SOC25,23,calibration,10,136.94583333333333,40,0.25,508.79166666666663,371.8458333333333,hierarchical_power_fallback,specialist_gate_not_ready,False,True,True,False,0,94.146213183893195,0.52661809921696467,136.94583333333333,748.09583333333319,2a5768f904973a75dd3010edd7c8a00774f2f38d18be799d4a8bddb192565a9f,f7a86d7791b55e36c5223383b0ea00493b9e367ed847312e12e725fdf7e0f124
naumann_calendar_v4_calibration_robustness_v1,naumann_calendar_v4_hybrid_development_v1,NAUMANN_CAL_T40_SOC25,24,calibration,10,136.94583333333333,40,0.25,535.16666666666652,398.22083333333319,hierarchical_power_fallback,specialist_gate_not_ready,False,True,True,False,0,93.951020174797279,0.5562948020461197,136.94583333333333,748.09583333333319,2a5768f904973a75dd3010edd7c8a00774f2f38d18be799d4a8bddb192565a9f,f7a86d7791b55e36c5223383b0ea00493b9e367ed847312e12e725fdf7e0f124
naumann_calendar_v4_calibration_robustness_v1,naumann_calendar_v4_hybrid_development_v1,NAUMANN_CAL_T40_SOC25,25,calibration,10,136.94583333333333,40,0.25,561.70833333333337,424.76250000000005,hierarchical_power_fallback,specialist_gate_not_ready,False,True,True,False,0,93.75797404955064,0.58616330123776716,136.94583333333333,748.09583333333319,2a5768f904973a75dd3010edd7c8a00774f2f38d18be799d4a8bddb192565a9f,f7a86d7791b55e36c5223383b0ea00493b9e367ed847312e12e725fdf7e0f124
naumann_calendar_v4_calibration_robustness_v1,naumann_calendar_v4_hybrid_development_v1,NAUMANN_CAL_T40_SOC25,26,calibration,10,136.94583333333333,40,0.25,588.29166666666652,451.34583333333319,hierarchical_power_fallback,specialist_gate_not_ready,False,True,True,False,0,93.567808841250624,0.61606742196585806,136.94583333333333,748.09583333333319,2a5768f904973a75dd3010edd7c8a00774f2f38d18be799d4a8bddb192565a9f,f7a86d7791b55e36c5223383b0ea00493b9e367ed847312e12e725fdf7e0f124
naumann_calendar_v4_calibration_robustness_v1,naumann_calendar_v4_hybrid_development_v1,NAUMANN_CAL_T40_SOC25,27,calibration,10,136.94583333333333,40,0.25,612.29166666666652,475.34583333333319,hierarchical_power_fallback,specialist_gate_not_ready,False,True,True,False,0,93.398699837702026,0.64304546194979773,136.94583333333333,748.09583333333319,2a5768f904973a75dd3010edd7c8a00774f2f38d18be799d4a8bddb192565a9f,f7a86d7791b55e36c5223383b0ea00493b9e367ed847312e12e725fdf7e0f124
naumann_calendar_v4_calibration_robustness_v1,naumann_calendar_v4_hybrid_development_v1,NAUMANN_CAL_T40_SOC25,28,calibration,10,136.94583333333333,40,0.25,631.16666666666652,494.22083333333319,hierarchical_power_fallback,specialist_gate_not_ready,False,True,True,False,0,93.267332324506668,0.6642441548629755,136.94583333333333,748.09583333333319,2a5768f904973a75dd3010edd7c8a00774f2f38d18be799d4a8bddb192565a9f,f7a86d7791b55e36c5223383b0ea00493b9e367ed847312e12e725fdf7e0f124
naumann_calendar_v4_calibration_robustness_v1,naumann_calendar_v4_hybrid_development_v1,NAUMANN_CAL_T40_SOC25,29,calibration,10,136.94583333333333,40,0.25,658.79166666666652,521.84583333333319,hierarchical_power_fallback,specialist_gate_not_ready,False,True,True,False,0,93.077524177214727,0.69523420119693746,136.94583333333333,748.09583333333319,2a5768f904973a75dd3010edd7c8a00774f2f38d18be799d4a8bddb192565a9f,f7a86d7791b55e36c5223383b0ea00493b9e367ed847312e12e725fdf7e0f124
naumann_calendar_v4_calibration_robustness_v1,naumann_calendar_v4_hybrid_development_v1,NAUMANN_CAL_T40_SOC25,30,calibration,10,136.94583333333333,40,0.25,708.375,571.42916666666667,hierarchical_power_fallback,specialist_gate_not_ready,False,True,True,False,0,92.743700781492507,0.7507294870573783,136.94583333333333,748.09583333333319,2a5768f904973a75dd3010edd7c8a00774f2f38d18be799d4a8bddb192565a9f,f7a86d7791b55e36c5223383b0ea00493b9e367ed847312e12e725fdf7e0f124
naumann_calendar_v4_calibration_robustness_v1,naumann_calendar_v4_hybrid_development_v1,NAUMANN_CAL_T40_SOC25,31,calibration,10,136.94583333333333,40,0.25,759.95833333333326,623.01249999999993,hierarchical_power_fallback,specialist_gate_not_ready,False,True,True,False,0,92.405007989852805,0.80826056203153873,136.94583333333333,748.09583333333319,2a5768f904973a75dd3010edd7c8a00774f2f38d18be799d4a8bddb192565a9f,f7a86d7791b55e36c5223383b0ea00493b9e367ed847312e12e725fdf7e0f124
naumann_calendar_v4_calibration_robustness_v1,naumann_calendar_v4_hybrid_development_v1,NAUMANN_CAL_T40_SOC25,32,calibration,10,136.94583333333333,40,0.25,799.58333333333326,662.63749999999993,hierarchical_power_fallback,specialist_gate_not_ready,False,True,True,False,0,92.150290086512058,0.85229908168573654,136.94583333333333,748.09583333333319,2a5768f904973a75dd3010edd7c8a00774f2f38d18be799d4a8bddb192565a9f,f7a86d7791b55e36c5223383b0ea00493b9e367ed847312e12e725fdf7e0f124
naumann_calendar_v4_calibration_robustness_v1,naumann_calendar_v4_hybrid_development_v1,NAUMANN_CAL_T40_SOC25,33,calibration,10,136.94583333333333,40,0.25,840.125,703.17916666666667,hierarchical_power_fallback,specialist_gate_not_ready,False,True,True,False,0,91.89422535309366,0.89720823872535238,136.94583333333333,748.09583333333319,2a5768f904973a75dd3010edd7c8a00774f2f38d18be799d4a8bddb192565a9f,f7a86d7791b55e36c5223383b0ea00493b9e367ed847312e12e725fdf7e0f124
naumann_calendar_v4_calibration_robustness_v1,naumann_calendar_v4_hybrid_development_v1,NAUMANN_CAL_T40_SOC25,34,calibration,10,136.94583333333333,40,0.25,885.04166666666652,748.09583333333319,hierarchical_power_fallback,specialist_gate_not_ready,False,True,True,False,0,91.615540321133423,0.94678264640368637,136.94583333333333,748.09583333333319,2a5768f904973a75dd3010edd7c8a00774f2f38d18be799d4a8bddb192565a9f,f7a86d7791b55e36c5223383b0ea00493b9e367ed847312e12e725fdf7e0f124
naumann_calendar_v4_calibration_robustness_v1,naumann_calendar_v4_hybrid_development_v1,NAUMANN_CAL_T40_SOC37.5,10,test,10,136.94583333333333,40,0.375,161.36250000000001,24.416666666666686,hierarchical_power_fallback,specialist_gate_not_ready,False,True,True,False,0,96.391288184435666,0.16345455726363695,136.94583333333333,748.09583333333319,2a5768f904973a75dd3010edd7c8a00774f2f38d18be799d4a8bddb192565a9f,b54947fb2e9c7b51fffacf5c8263058b578822ccb81ccb1a76bd6004767104e6
naumann_calendar_v4_calibration_robustness_v1,naumann_calendar_v4_hybrid_development_v1,NAUMANN_CAL_T40_SOC37.5,11,test,10,136.94583333333333,40,0.375,186.79166666666663,49.845833333333303,hierarchical_power_fallback,specialist_gate_not_ready,False,True,True,False,0,96.068568877284989,0.18069767586421012,136.94583333333333,748.09583333333319,2a5768f904973a75dd3010edd7c8a00774f2f38d18be799d4a8bddb192565a9f,b54947fb2e9c7b51fffacf5c8263058b578822ccb81ccb1a76bd6004767104e6
naumann_calendar_v4_calibration_robustness_v1,naumann_calendar_v4_hybrid_development_v1,NAUMANN_CAL_T40_SOC37.5,12,test,10,136.94583333333333,40,0.375,213.27500000000001,76.32916666666668,hierarchical_power_fallback,specialist_gate_not_ready,False,True,True,False,0,95.751325138284272,0.20064261629509222,136.94583333333333,748.09583333333319,2a5768f904973a75dd3010edd7c8a00774f2f38d18be799d4a8bddb192565a9f,b54947fb2e9c7b51fffacf5c8263058b578822ccb81ccb1a76bd6004767104e6
naumann_calendar_v4_calibration_robustness_v1,naumann_calendar_v4_hybrid_development_v1,NAUMANN_CAL_T40_SOC37.5,13,test,10,136.94583333333333,40,0.375,239.71250000000001,102.76666666666668,hierarchical_power_fallback,specialist_gate_not_ready,False,True,True,False,0,95.450562141316439,0.22196173494626473,136.94583333333333,748.09583333333319,2a5768f904973a75dd3010edd7c8a00774f2f38d18be799d4a8bddb192565a9f,b54947fb2e9c7b51fffacf5c8263058b578822ccb81ccb1a76bd6004767104e6
naumann_calendar_v4_calibration_robustness_v1,naumann_calendar_v4_hybrid_development_v1,NAUMANN_CAL_T40_SOC37.5,14,test,10,136.94583333333333,40,0.375,266.17083333333329,129.22499999999997,hierarchical_power_fallback,specialist_gate_not_ready,False,True,True,False,0,95.163056039302262,0.24426426199501422,136.94583333333333,748.09583333333319,2a5768f904973a75dd3010edd7c8a00774f2f38d18be799d4a8bddb192565a9f,b54947fb2e9c7b51fffacf5c8263058b578822ccb81ccb1a76bd6004767104e6
naumann_calendar_v4_calibration_robustness_v1,naumann_calendar_v4_hybrid_development_v1,NAUMANN_CAL_T40_SOC37.5,15,test,10,136.94583333333333,40,0.375,292.77916666666664,155.83333333333331,hierarchical_power_fallback,specialist_gate_not_ready,False,True,True,False,0,94.885649767788735,0.26735648647960147,136.94583333333333,748.09583333333319,2a5768f904973a75dd3010edd7c8a00774f2f38d18be799d4a8bddb192565a9f,b54947fb2e9c7b51fffacf5c8263058b578822ccb81ccb1a76bd6004767104e6
naumann_calendar_v4_calibration_robustness_v1,naumann_calendar_v4_hybrid_development_v1,NAUMANN_CAL_T40_SOC37.5,16,test,10,136.94583333333333,40,0.375,319.30833333333334,182.36250000000001,hierarchical_power_fallback,specialist_gate_not_ready,False,True,True,False,0,94.619301667523615,0.29082467323031436,136.94583333333333,748.09583333333319,2a5768f904973a75dd3010edd7c8a00774f2f38d18be799d4a8bddb192565a9f,b54947fb2e9c7b51fffacf5c8263058b578822ccb81ccb1a76bd6004767104e6
naumann_calendar_v4_calibration_robustness_v1,naumann_calendar_v4_hybrid_development_v1,NAUMANN_CAL_T40_SOC37.5,17,test,10,136.94583333333333,40,0.375,345.83749999999998,208.89166666666665,hierarchical_power_fallback,specialist_gate_not_ready,False,True,True,False,0,94.361986617647077,0.314584136221223,136.94583333333333,748.09583333333319,2a5768f904973a75dd3010edd7c8a00774f2f38d18be799d4a8bddb192565a9f,b54947fb2e9c7b51fffacf5c8263058b578822ccb81ccb1a76bd6004767104e6
naumann_calendar_v4_calibration_robustness_v1,naumann_calendar_v4_hybrid_development_v1,NAUMANN_CAL_T40_SOC37.5,18,test,10,136.94583333333333,40,0.375,376.31666666666666,239.37083333333334,hierarchical_power_fallback,specialist_gate_not_ready,False,True,True,False,0,94.076265424200642,0.34210197312799956,136.94583333333333,748.09583333333319,2a5768f904973a75dd3010edd7c8a00774f2f38d18be799d4a8bddb192565a9f,b54947fb2e9c7b51fffacf5c8263058b578822ccb81ccb1a76bd6004767104e6
naumann_calendar_v4_calibration_robustness_v1,naumann_calendar_v4_hybrid_development_v1,NAUMANN_CAL_T40_SOC37.5,19,test,10,136.94583333333333,40,0.375,402.74166666666662,265.79583333333329,hierarchical_power_fallback,specialist_gate_not_ready,False,True,True,False,0,93.836234499050676,0.36606537906466863,136.94583333333333,748.09583333333319,2a5768f904973a75dd3010edd7c8a00774f2f38d18be799d4a8bddb192565a9f,b54947fb2e9c7b51fffacf5c8263058b578822ccb81ccb1a76bd6004767104e6
naumann_calendar_v4_calibration_robustness_v1,naumann_calendar_v4_hybrid_development_v1,NAUMANN_CAL_T40_SOC37.5,20,test,10,136.94583333333333,40,0.375,429.25,292.30416666666667,hierarchical_power_fallback,specialist_gate_not_ready,False,True,True,False,0,93.601925206943761,0.39014606375980759,136.94583333333333,748.09583333333319,2a5768f904973a75dd3010edd7c8a00774f2f38d18be799d4a8bddb192565a9f,b54947fb2e9c7b51fffacf5c8263058b578822ccb81ccb1a76bd6004767104e6
naumann_calendar_v4_calibration_robustness_v1,naumann_calendar_v4_hybrid_development_v1,NAUMANN_CAL_T40_SOC37.5,21,test,10,136.94583333333333,40,0.375,455.79166666666663,318.8458333333333,hierarchical_power_fallback,specialist_gate_not_ready,False,True,True,False,0,93.373261226589932,0.41425939336900164,136.94583333333333,748.09583333333319,2a5768f904973a75dd3010edd7c8a00774f2f38d18be799d4a8bddb192565a9f,b54947fb2e9c7b51fffacf5c8263058b578822ccb81ccb1a76bd6004767104e6
naumann_calendar_v4_calibration_robustness_v1,naumann_calendar_v4_hybrid_development_v1,NAUMANN_CAL_T40_SOC37.5,22,test,10,136.94583333333333,40,0.375,482.29166666666663,345.3458333333333,hierarchical_power_fallback,specialist_gate_not_ready,False,True,True,False,0,93.150403142811854,0.43830808928602372,136.94583333333333,748.09583333333319,2a5768f904973a75dd3010edd7c8a00774f2f38d18be799d4a8bddb192565a9f,b54947fb2e9c7b51fffacf5c8263058b578822ccb81ccb1a76bd6004767104e6
naumann_calendar_v4_calibration_robustness_v1,naumann_calendar_v4_hybrid_development_v1,NAUMANN_CAL_T40_SOC37.5,23,test,10,136.94583333333333,40,0.375,508.79166666666663,371.8458333333333,hierarchical_power_fallback,specialist_gate_not_ready,False,True,True,False,0,92.932568767630812,0.46230843289889495,136.94583333333333,748.09583333333319,2a5768f904973a75dd3010edd7c8a00774f2f38d18be799d4a8bddb192565a9f,b54947fb2e9c7b51fffacf5c8263058b578822ccb81ccb1a76bd6004767104e6
naumann_calendar_v4_calibration_robustness_v1,naumann_calendar_v4_hybrid_development_v1,NAUMANN_CAL_T40_SOC37.5,24,test,10,136.94583333333333,40,0.375,535.16666666666652,398.22083333333319,hierarchical_power_fallback,specialist_gate_not_ready,False,True,True,False,0,92.720386708474649,0.48613164838373879,136.94583333333333,748.09583333333319,2a5768f904973a75dd3010edd7c8a00774f2f38d18be799d4a8bddb192565a9f,b54947fb2e9c7b51fffacf5c8263058b578822ccb81ccb1a76bd6004767104e6
naumann_calendar_v4_calibration_robustness_v1,naumann_calendar_v4_hybrid_development_v1,NAUMANN_CAL_T40_SOC37.5,25,test,10,136.94583333333333,40,0.375,561.70833333333337,424.76250000000005,hierarchical_power_fallback,specialist_gate_not_ready,False,True,True,False,0,92.511198685742471,0.51002912523437505,136.94583333333333,748.09583333333319,2a5768f904973a75dd3010edd7c8a00774f2f38d18be799d4a8bddb192565a9f,b54947fb2e9c7b51fffacf5c8263058b578822ccb81ccb1a76bd6004767104e6
naumann_calendar_v4_calibration_robustness_v1,naumann_calendar_v4_hybrid_development_v1,NAUMANN_CAL_T40_SOC37.5,26,test,10,136.94583333333333,40,0.375,588.29166666666652,451.34583333333319,hierarchical_power_fallback,specialist_gate_not_ready,False,True,True,False,0,92.305752731936963,0.53387855837216358,136.94583333333333,748.09583333333319,2a5768f904973a75dd3010edd7c8a00774f2f38d18be799d4a8bddb192565a9f,b54947fb2e9c7b51fffacf5c8263058b578822ccb81ccb1a76bd6004767104e6
naumann_calendar_v4_calibration_robustness_v1,naumann_calendar_v4_hybrid_development_v1,NAUMANN_CAL_T40_SOC37.5,27,test,10,136.94583333333333,40,0.375,612.29166666666652,475.34583333333319,hierarchical_power_fallback,specialist_gate_not_ready,False,True,True,False,0,92.123555817785544,0.5553313399119385,136.94583333333333,748.09583333333319,2a5768f904973a75dd3010edd7c8a00774f2f38d18be799d4a8bddb192565a9f,b54947fb2e9c7b51fffacf5c8263058b578822ccb81ccb1a76bd6004767104e6
naumann_calendar_v4_calibration_robustness_v1,naumann_calendar_v4_hybrid_development_v1,NAUMANN_CAL_T40_SOC37.5,28,test,10,136.94583333333333,40,0.375,631.16666666666652,494.22083333333319,hierarchical_power_fallback,specialist_gate_not_ready,False,True,True,False,0,91.982337863074207,0.57214797281046048,136.94583333333333,748.09583333333319,2a5768f904973a75dd3010edd7c8a00774f2f38d18be799d4a8bddb192565a9f,b54947fb2e9c7b51fffacf5c8263058b578822ccb81ccb1a76bd6004767104e6
naumann_calendar_v4_calibration_robustness_v1,naumann_calendar_v4_hybrid_development_v1,NAUMANN_CAL_T40_SOC37.5,29,test,10,136.94583333333333,40,0.375,658.79166666666652,521.84583333333319,hierarchical_power_fallback,specialist_gate_not_ready,False,True,True,False,0,91.778773043608993,0.59667012079954207,136.94583333333333,748.09583333333319,2a5768f904973a75dd3010edd7c8a00774f2f38d18be799d4a8bddb192565a9f,b54947fb2e9c7b51fffacf5c8263058b578822ccb81ccb1a76bd6004767104e6
naumann_calendar_v4_calibration_robustness_v1,naumann_calendar_v4_hybrid_development_v1,NAUMANN_CAL_T40_SOC37.5,30,test,10,136.94583333333333,40,0.375,708.375,571.42916666666667,hierarchical_power_fallback,specialist_gate_not_ready,False,True,True,False,0,91.422073087912338,0.640407754298292,136.94583333333333,748.09583333333319,2a5768f904973a75dd3010edd7c8a00774f2f38d18be799d4a8bddb192565a9f,b54947fb2e9c7b51fffacf5c8263058b578822ccb81ccb1a76bd6004767104e6
naumann_calendar_v4_calibration_robustness_v1,naumann_calendar_v4_hybrid_development_v1,NAUMANN_CAL_T40_SOC37.5,31,test,10,136.94583333333333,40,0.375,759.95833333333326,623.01249999999993,hierarchical_power_fallback,specialist_gate_not_ready,False,True,True,False,0,91.061812988793733,0.68552578116999896,136.94583333333333,748.09583333333319,2a5768f904973a75dd3010edd7c8a00774f2f38d18be799d4a8bddb192565a9f,b54947fb2e9c7b51fffacf5c8263058b578822ccb81ccb1a76bd6004767104e6
naumann_calendar_v4_calibration_robustness_v1,naumann_calendar_v4_hybrid_development_v1,NAUMANN_CAL_T40_SOC37.5,32,test,10,136.94583333333333,40,0.375,799.58333333333326,662.63749999999993,hierarchical_power_fallback,specialist_gate_not_ready,False,True,True,False,0,90.79191647292123,0.71991731737680309,136.94583333333333,748.09583333333319,2a5768f904973a75dd3010edd7c8a00774f2f38d18be799d4a8bddb192565a9f,b54947fb2e9c7b51fffacf5c8263058b578822ccb81ccb1a76bd6004767104e6
naumann_calendar_v4_calibration_robustness_v1,naumann_calendar_v4_hybrid_development_v1,NAUMANN_CAL_T40_SOC37.5,33,test,10,136.94583333333333,40,0.375,840.125,703.17916666666667,hierarchical_power_fallback,specialist_gate_not_ready,False,True,True,False,0,90.521458234647568,0.75486588750121353,136.94583333333333,748.09583333333319,2a5768f904973a75dd3010edd7c8a00774f2f38d18be799d4a8bddb192565a9f,b54947fb2e9c7b51fffacf5c8263058b578822ccb81ccb1a76bd6004767104e6
naumann_calendar_v4_calibration_robustness_v1,naumann_calendar_v4_hybrid_development_v1,NAUMANN_CAL_T40_SOC37.5,34,test,10,136.94583333333333,40,0.375,885.04166666666652,748.09583333333319,hierarchical_power_fallback,specialist_gate_not_ready,False,True,True,False,0,90.228059144134647,0.7933076197033001,136.94583333333333,748.09583333333319,2a5768f904973a75dd3010edd7c8a00774f2f38d18be799d4a8bddb192565a9f,b54947fb2e9c7b51fffacf5c8263058b578822ccb81ccb1a76bd6004767104e6
naumann_calendar_v4_calibration_robustness_v1,naumann_calendar_v4_hybrid_development_v1,NAUMANN_CAL_T40_SOC50,10,calibration,10,136.94583333333333,40,0.5,161.36250000000001,24.416666666666686,hierarchical_power_fallback,specialist_gate_not_ready,False,True,True,False,0,96.419045139822586,0.16680720190741907,136.94583333333333,748.09583333333319,2a5768f904973a75dd3010edd7c8a00774f2f38d18be799d4a8bddb192565a9f,deb5074649910158ac80069db8b0cfae3109d0797814e88f78ac78e4ae4609b1
naumann_calendar_v4_calibration_robustness_v1,naumann_calendar_v4_hybrid_development_v1,NAUMANN_CAL_T40_SOC50,11,calibration,10,136.94583333333333,40,0.5,186.79166666666663,49.845833333333303,hierarchical_power_fallback,specialist_gate_not_ready,False,True,True,False,0,96.056472785761429,0.18723629424556562,136.94583333333333,748.09583333333319,2a5768f904973a75dd3010edd7c8a00774f2f38d18be799d4a8bddb192565a9f,deb5074649910158ac80069db8b0cfae3109d0797814e88f78ac78e4ae4609b1
naumann_calendar_v4_calibration_robustness_v1,naumann_calendar_v4_hybrid_development_v1,NAUMANN_CAL_T40_SOC50,12,calibration,10,136.94583333333333,40,0.5,213.27500000000001,76.32916666666668,hierarchical_power_fallback,specialist_gate_not_ready,False,True,True,False,0,95.69637230208852,0.21129515674449134,136.94583333333333,748.09583333333319,2a5768f904973a75dd3010edd7c8a00774f2f38d18be799d4a8bddb192565a9f,deb5074649910158ac80069db8b0cfae3109d0797814e88f78ac78e4ae4609b1
naumann_calendar_v4_calibration_robustness_v1,naumann_calendar_v4_hybrid_development_v1,NAUMANN_CAL_T40_SOC50,13,calibration,10,136.94583333333333,40,0.5,239.71250000000001,102.76666666666668,hierarchical_power_fallback,specialist_gate_not_ready,False,True,True,False,0,95.351829151741484,0.23733991931991383,136.94583333333333,748.09583333333319,2a5768f904973a75dd3010edd7c8a00774f2f38d18be799d4a8bddb192565a9f,deb5074649910158ac80069db8b0cfae3109d0797814e88f78ac78e4ae4609b1
naumann_calendar_v4_calibration_robustness_v1,naumann_calendar_v4_hybrid_development_v1,NAUMANN_CAL_T40_SOC50,14,calibration,10,136.94583333333333,40,0.5,266.17083333333329,129.22499999999997,hierarchical_power_fallback,specialist_gate_not_ready,False,True,True,False,0,95.019774010749046,0.26484848487246082,136.94583333333333,748.09583333333319,2a5768f904973a75dd3010edd7c8a00774f2f38d18be799d4a8bddb192565a9f,deb5074649910158ac80069db8b0cfae3109d0797814e88f78ac78e4ae4609b1
naumann_calendar_v4_calibration_robustness_v1,naumann_calendar_v4_hybrid_development_v1,NAUMANN_CAL_T40_SOC50,15,calibration,10,136.94583333333333,40,0.5,292.77916666666664,155.83333333333331,hierarchical_power_fallback,specialist_gate_not_ready,False,True,True,False,0,94.697014457206876,0.29355575996100924,136.94583333333333,748.09583333333319,2a5768f904973a75dd3010edd7c8a00774f2f38d18be799d4a8bddb192565a9f,deb5074649910158ac80069db8b0cfae3109d0797814e88f78ac78e4ae4609b1
naumann_calendar_v4_calibration_robustness_v1,naumann_calendar_v4_hybrid_development_v1,NAUMANN_CAL_T40_SOC50,16,calibration,10,136.94583333333333,40,0.5,319.30833333333334,182.36250000000001,hierarchical_power_fallback,specialist_gate_not_ready,False,True,True,False,0,94.385035693208366,0.32292945175375165,136.94583333333333,748.09583333333319,2a5768f904973a75dd3010edd7c8a00774f2f38d18be799d4a8bddb192565a9f,deb5074649910158ac80069db8b0cfae3109d0797814e88f78ac78e4ae4609b1
naumann_calendar_v4_calibration_robustness_v1,naumann_calendar_v4_hybrid_development_v1,NAUMANN_CAL_T40_SOC50,17,calibration,10,136.94583333333333,40,0.5,345.83749999999998,208.89166666666665,hierarchical_power_fallback,specialist_gate_not_ready,False,True,True,False,0,94.081781969632317,0.35284932738423813,136.94583333333333,748.09583333333319,2a5768f904973a75dd3010edd7c8a00774f2f38d18be799d4a8bddb192565a9f,deb5074649910158ac80069db8b0cfae3109d0797814e88f78ac78e4ae4609b1
naumann_calendar_v4_calibration_robustness_v1,naumann_calendar_v4_hybrid_development_v1,NAUMANN_CAL_T40_SOC50,18,calibration,10,136.94583333333333,40,0.5,376.31666666666666,239.37083333333334,hierarchical_power_fallback,specialist_gate_not_ready,False,True,True,False,0,93.743003613029558,0.38771012144821443,136.94583333333333,748.09583333333319,2a5768f904973a75dd3010edd7c8a00774f2f38d18be799d4a8bddb192565a9f,deb5074649910158ac80069db8b0cfae3109d0797814e88f78ac78e4ae4609b1
naumann_calendar_v4_calibration_robustness_v1,naumann_calendar_v4_hybrid_development_v1,NAUMANN_CAL_T40_SOC50,19,calibration,10,136.94583333333333,40,0.5,402.74166666666662,265.79583333333329,hierarchical_power_fallback,specialist_gate_not_ready,False,True,True,False,0,93.456799525346469,0.41823698422219246,136.94583333333333,748.09583333333319,2a5768f904973a75dd3010edd7c8a00774f2f38d18be799d4a8bddb192565a9f,deb5074649910158ac80069db8b0cfae3109d0797814e88f78ac78e4ae4609b1
naumann_calendar_v4_calibration_robustness_v1,naumann_calendar_v4_hybrid_development_v1,NAUMANN_CAL_T40_SOC50,20,calibration,10,136.94583333333333,40,0.5,429.25,292.30416666666667,hierarchical_power_fallback,specialist_gate_not_ready,False,True,True,False,0,93.176059029679323,0.44906229346069121,136.94583333333333,748.09583333333319,2a5768f904973a75dd3010edd7c8a00774f2f38d18be799d4a8bddb192565a9f,deb5074649910158ac80069db8b0cfae3109d0797814e88f78ac78e4ae4609b1
naumann_calendar_v4_calibration_robustness_v1,naumann_calendar_v4_hybrid_development_v1,NAUMANN_CAL_T40_SOC50,21,calibration,10,136.94583333333333,40,0.5,455.79166666666663,318.8458333333333,hierarchical_power_fallback,specialist_gate_not_ready,False,True,True,False,0,92.900829933253448,0.48007174011700121,136.94583333333333,748.09583333333319,2a5768f904973a75dd3010edd7c8a00774f2f38d18be799d4a8bddb192565a9f,deb5074649910158ac80069db8b0cfae3109d0797814e88f78ac78e4ae4609b1
naumann_calendar_v4_calibration_robustness_v1,naumann_calendar_v4_hybrid_development_v1,NAUMANN_CAL_T40_SOC50,22,calibration,10,136.94583333333333,40,0.5,482.29166666666663,345.3458333333333,hierarchical_power_fallback,specialist_gate_not_ready,False,True,True,False,0,92.631434456881451,0.51113367443312097,136.94583333333333,748.09583333333319,2a5768f904973a75dd3010edd7c8a00774f2f38d18be799d4a8bddb192565a9f,deb5074649910158ac80069db8b0cfae3109d0797814e88f78ac78e4ae4609b1
naumann_calendar_v4_calibration_robustness_v1,naumann_calendar_v4_hybrid_development_v1,NAUMANN_CAL_T40_SOC50,23,calibration,10,136.94583333333333,40,0.5,508.79166666666663,371.8458333333333,hierarchical_power_fallback,specialist_gate_not_ready,False,True,True,False,0,92.367041699932528,0.54226271145624605,136.94583333333333,748.09583333333319,2a5768f904973a75dd3010edd7c8a00774f2f38d18be799d4a8bddb192565a9f,deb5074649910158ac80069db8b0cfae3109d0797814e88f78ac78e4ae4609b1
naumann_calendar_v4_calibration_robustness_v1,naumann_calendar_v4_hybrid_development_v1,NAUMANN_CAL_T40_SOC50,24,calibration,10,136.94583333333333,40,0.5,535.16666666666652,398.22083333333319,hierarchical_power_fallback,specialist_gate_not_ready,False,True,True,False,0,92.108519762845873,0.57328520596959898,136.94583333333333,748.09583333333319,2a5768f904973a75dd3010edd7c8a00774f2f38d18be799d4a8bddb192565a9f,deb5074649910158ac80069db8b0cfae3109d0797814e88f78ac78e4ae4609b1
naumann_calendar_v4_calibration_robustness_v1,naumann_calendar_v4_hybrid_development_v1,NAUMANN_CAL_T40_SOC50,25,calibration,10,136.94583333333333,40,0.5,561.70833333333337,424.76250000000005,hierarchical_power_fallback,specialist_gate_not_ready,False,True,True,False,0,91.852714263804344,0.60452337460454286,136.94583333333333,748.09583333333319,2a5768f904973a75dd3010edd7c8a00774f2f38d18be799d4a8bddb192565a9f,deb5074649910158ac80069db8b0cfae3109d0797814e88f78ac78e4ae4609b1
naumann_calendar_v4_calibration_robustness_v1,naumann_calendar_v4_hybrid_development_v1,NAUMANN_CAL_T40_SOC50,26,calibration,10,136.94583333333333,40,0.5,588.29166666666652,451.34583333333319,hierarchical_power_fallback,specialist_gate_not_ready,False,True,True,False,0,91.600606555572043,0.63581357480278833,136.94583333333333,748.09583333333319,2a5768f904973a75dd3010edd7c8a00774f2f38d18be799d4a8bddb192565a9f,deb5074649910158ac80069db8b0cfae3109d0797814e88f78ac78e4ae4609b1
naumann_calendar_v4_calibration_robustness_v1,naumann_calendar_v4_hybrid_development_v1,NAUMANN_CAL_T40_SOC50,27,calibration,10,136.94583333333333,40,0.5,612.29166666666652,475.34583333333319,hierarchical_power_fallback,specialist_gate_not_ready,False,True,True,False,0,91.376316698814549,0.66405437299016401,136.94583333333333,748.09583333333319,2a5768f904973a75dd3010edd7c8a00774f2f38d18be799d4a8bddb192565a9f,deb5074649910158ac80069db8b0cfae3109d0797814e88f78ac78e4ae4609b1
naumann_calendar_v4_calibration_robustness_v1,naumann_calendar_v4_hybrid_development_v1,NAUMANN_CAL_T40_SOC50,28,calibration,10,136.94583333333333,40,0.5,631.16666666666652,494.22083333333319,hierarchical_power_fallback,specialist_gate_not_ready,False,True,True,False,0,91.202022041223003,0.68625328142811581,136.94583333333333,748.09583333333319,2a5768f904973a75dd3010edd7c8a00774f2f38d18be799d4a8bddb192565a9f,deb5074649910158ac80069db8b0cfae3109d0797814e88f78ac78e4ae4609b1
naumann_calendar_v4_calibration_robustness_v1,naumann_calendar_v4_hybrid_development_v1,NAUMANN_CAL_T40_SOC50,29,calibration,10,136.94583333333333,40,0.5,658.79166666666652,521.84583333333319,hierarchical_power_fallback,specialist_gate_not_ready,False,True,True,False,0,90.950097350178297,0.71871781452365968,136.94583333333333,748.09583333333319,2a5768f904973a75dd3010edd7c8a00774f2f38d18be799d4a8bddb192565a9f,deb5074649910158ac80069db8b0cfae3109d0797814e88f78ac78e4ae4609b1
naumann_calendar_v4_calibration_robustness_v1,naumann_calendar_v4_hybrid_development_v1,NAUMANN_CAL_T40_SOC50,30,calibration,10,136.94583333333333,40,0.5,708.375,571.42916666666667,hierarchical_power_fallback,specialist_gate_not_ready,False,True,True,False,0,90.506769467297573,0.7768887117738833,136.94583333333333,748.09583333333319,2a5768f904973a75dd3010edd7c8a00774f2f38d18be799d4a8bddb192565a9f,deb5074649910158ac80069db8b0cfae3109d0797814e88f78ac78e4ae4609b1
naumann_calendar_v4_calibration_robustness_v1,naumann_calendar_v4_hybrid_development_v1,NAUMANN_CAL_T40_SOC50,31,calibration,10,136.94583333333333,40,0.5,759.95833333333326,623.01249999999993,hierarchical_power_fallback,specialist_gate_not_ready,False,True,True,False,0,90.056652301969848,0.8372390455464227,136.94583333333333,748.09583333333319,2a5768f904973a75dd3010edd7c8a00774f2f38d18be799d4a8bddb192565a9f,deb5074649910158ac80069db8b0cfae3109d0797814e88f78ac78e4ae4609b1
naumann_calendar_v4_calibration_robustness_v1,naumann_calendar_v4_hybrid_development_v1,NAUMANN_CAL_T40_SOC50,32,calibration,10,136.94583333333333,40,0.5,799.58333333333326,662.63749999999993,hierarchical_power_fallback,specialist_gate_not_ready,False,True,True,False,0,89.717930957576129,0.88346542346065504,136.94583333333333,748.09583333333319,2a5768f904973a75dd3010edd7c8a00774f2f38d18be799d4a8bddb192565a9f,deb5074649910158ac80069db8b0cfae3109d0797814e88f78ac78e4ae4609b1
naumann_calendar_v4_calibration_robustness_v1,naumann_calendar_v4_hybrid_development_v1,NAUMANN_CAL_T40_SOC50,33,calibration,10,136.94583333333333,40,0.5,840.125,703.17916666666667,hierarchical_power_fallback,specialist_gate_not_ready,False,True,True,False,0,89.377247181138941,0.93063114248305234,136.94583333333333,748.09583333333319,2a5768f904973a75dd3010edd7c8a00774f2f38d18be799d4a8bddb192565a9f,deb5074649910158ac80069db8b0cfae3109d0797814e88f78ac78e4ae4609b1
naumann_calendar_v4_calibration_robustness_v1,naumann_calendar_v4_hybrid_development_v1,NAUMANN_CAL_T40_SOC50,34,calibration,10,136.94583333333333,40,0.5,885.04166666666652,748.09583333333319,hierarchical_power_fallback,specialist_gate_not_ready,False,True,True,False,0,89.006278921000401,0.98272518845469892,136.94583333333333,748.09583333333319,2a5768f904973a75dd3010edd7c8a00774f2f38d18be799d4a8bddb192565a9f,deb5074649910158ac80069db8b0cfae3109d0797814e88f78ac78e4ae4609b1
naumann_calendar_v4_calibration_robustness_v1,naumann_calendar_v4_hybrid_development_v1,NAUMANN_CAL_T40_SOC62.5,10,test,10,136.94583333333333,40,0.625,161.36250000000001,24.416666666666686,hierarchical_power_fallback,specialist_gate_not_ready,False,True,True,False,0,96.075622866537245,0.16168917397675034,136.94583333333333,748.09583333333319,2a5768f904973a75dd3010edd7c8a00774f2f38d18be799d4a8bddb192565a9f,407e6bd84c27c50bc1f4bebc737e10a712532a7db088cdf0424327ee2b7b2376
naumann_calendar_v4_calibration_robustness_v1,naumann_calendar_v4_hybrid_development_v1,NAUMANN_CAL_T40_SOC62.5,11,test,10,136.94583333333333,40,0.625,186.79166666666663,49.845833333333303,hierarchical_power_fallback,specialist_gate_not_ready,False,True,True,False,0,95.750215645705481,0.17734222114510215,136.94583333333333,748.09583333333319,2a5768f904973a75dd3010edd7c8a00774f2f38d18be799d4a8bddb192565a9f,407e6bd84c27c50bc1f4bebc737e10a712532a7db088cdf0424327ee2b7b2376
naumann_calendar_v4_calibration_robustness_v1,naumann_calendar_v4_hybrid_development_v1,NAUMANN_CAL_T40_SOC62.5,12,test,10,136.94583333333333,40,0.625,213.27500000000001,76.32916666666668,hierarchical_power_fallback,specialist_gate_not_ready,False,True,True,False,0,95.43214875214106,0.19526057249903128,136.94583333333333,748.09583333333319,2a5768f904973a75dd3010edd7c8a00774f2f38d18be799d4a8bddb192565a9f,407e6bd84c27c50bc1f4bebc737e10a712532a7db088cdf0424327ee2b7b2376
naumann_calendar_v4_calibration_robustness_v1,naumann_calendar_v4_hybrid_development_v1,NAUMANN_CAL_T40_SOC62.5,13,test,10,136.94583333333333,40,0.625,239.71250000000001,102.76666666666668,hierarchical_power_fallback,specialist_gate_not_ready,False,True,True,False,0,95.132139122896504,0.21427118768158418,136.94583333333333,748.09583333333319,2a5768f904973a75dd3010edd7c8a00774f2f38d18be799d4a8bddb192565a9f,407e6bd84c27c50bc1f4bebc737e10a712532a7db088cdf0424327ee2b7b2376
naumann_calendar_v4_calibration_robustness_v1,naumann_calendar_v4_hybrid_development_v1,NAUMANN_CAL_T40_SOC62.5,14,test,10,136.94583333333333,40,0.625,266.17083333333329,129.22499999999997,hierarchical_power_fallback,specialist_gate_not_ready,False,True,True,False,0,94.846649587947766,0.23404684683486437,136.94583333333333,748.09583333333319,2a5768f904973a75dd3010edd7c8a00774f2f38d18be799d4a8bddb192565a9f,407e6bd84c27c50bc1f4bebc737e10a712532a7db088cdf0424327ee2b7b2376
naumann_calendar_v4_calibration_robustness_v1,naumann_calendar_v4_hybrid_development_v1,NAUMANN_CAL_T40_SOC62.5,15,test,10,136.94583333333333,40,0.625,292.77916666666664,155.83333333333331,hierarchical_power_fallback,specialist_gate_not_ready,False,True,True,False,0,94.57231351848003,0.2544290975048818,136.94583333333333,748.09583333333319,2a5768f904973a75dd3010edd7c8a00774f2f38d18be799d4a8bddb192565a9f,407e6bd84c27c50bc1f4bebc737e10a712532a7db088cdf0424327ee2b7b2376
naumann_calendar_v4_calibration_robustness_v1,naumann_calendar_v4_hybrid_development_v1,NAUMANN_CAL_T40_SOC62.5,16,test,10,136.94583333333333,40,0.625,319.30833333333334,182.36250000000001,hierarchical_power_fallback,specialist_gate_not_ready,False,True,True,False,0,94.309892172644979,0.27506224831090903,136.94583333333333,748.09583333333319,2a5768f904973a75dd3010edd7c8a00774f2f38d18be799d4a8bddb192565a9f,407e6bd84c27c50bc1f4bebc737e10a712532a7db088cdf0424327ee2b7b2376
naumann_calendar_v4_calibration_robustness_v1,naumann_calendar_v4_hybrid_development_v1,NAUMANN_CAL_T40_SOC62.5,17,test,10,136.94583333333333,40,0.625,345.83749999999998,208.89166666666665,hierarchical_power_fallback,specialist_gate_not_ready,False,True,True,False,0,94.057233121840241,0.29587930771263315,136.94583333333333,748.09583333333319,2a5768f904973a75dd3010edd7c8a00774f2f38d18be799d4a8bddb192565a9f,407e6bd84c27c50bc1f4bebc737e10a712532a7db088cdf0424327ee2b7b2376
naumann_calendar_v4_calibration_robustness_v1,naumann_calendar_v4_hybrid_development_v1,NAUMANN_CAL_T40_SOC62.5,18,test,10,136.94583333333333,40,0.625,376.31666666666666,239.37083333333334,hierarchical_power_fallback,specialist_gate_not_ready,False,True,True,False,0,93.777624292013584,0.3199083055310068,136.94583333333333,748.09583333333319,2a5768f904973a75dd3010edd7c8a00774f2f38d18be799d4a8bddb192565a9f,407e6bd84c27c50bc1f4bebc737e10a712532a7db088cdf0424327ee2b7b2376
naumann_calendar_v4_calibration_robustness_v1,naumann_calendar_v4_hybrid_development_v1,NAUMANN_CAL_T40_SOC62.5,19,test,10,136.94583333333333,40,0.625,402.74166666666662,265.79583333333329,hierarchical_power_fallback,specialist_gate_not_ready,False,True,True,False,0,93.543458547496186,0.34076887883115664,136.94583333333333,748.09583333333319,2a5768f904973a75dd3010edd7c8a00774f2f38d18be799d4a8bddb192565a9f,407e6bd84c27c50bc1f4bebc737e10a712532a7db088cdf0424327ee2b7b2376
naumann_calendar_v4_calibration_robustness_v1,naumann_calendar_v4_hybrid_development_v1,NAUMANN_CAL_T40_SOC62.5,20,test,10,136.94583333333333,40,0.625,429.25,292.30416666666667,hierarchical_power_fallback,specialist_gate_not_ready,False,True,True,False,0,93.3154894601808,0.36167535150241448,136.94583333333333,748.09583333333319,2a5768f904973a75dd3010edd7c8a00774f2f38d18be799d4a8bddb192565a9f,407e6bd84c27c50bc1f4bebc737e10a712532a7db088cdf0424327ee2b7b2376
naumann_calendar_v4_calibration_robustness_v1,naumann_calendar_v4_hybrid_development_v1,NAUMANN_CAL_T40_SOC62.5,21,test,10,136.94583333333333,40,0.625,455.79166666666663,318.8458333333333,hierarchical_power_fallback,specialist_gate_not_ready,False,True,True,False,0,93.093575623188158,0.38255711460000508,136.94583333333333,748.09583333333319,2a5768f904973a75dd3010edd7c8a00774f2f38d18be799d4a8bddb192565a9f,407e6bd84c27c50bc1f4bebc737e10a712532a7db088cdf0424327ee2b7b2376
naumann_calendar_v4_calibration_robustness_v1,naumann_calendar_v4_hybrid_development_v1,NAUMANN_CAL_T40_SOC62.5,22,test,10,136.94583333333333,40,0.625,482.29166666666663,345.3458333333333,hierarchical_power_fallback,specialist_gate_not_ready,False,True,True,False,0,92.877811399655712,0.40333286584882022,136.94583333333333,748.09583333333319,2a5768f904973a75dd3010edd7c8a00774f2f38d18be799d4a8bddb192565a9f,407e6bd84c27c50bc1f4bebc737e10a712532a7db088cdf0424327ee2b7b2376
naumann_calendar_v4_calibration_robustness_v1,naumann_calendar_v4_hybrid_development_v1,NAUMANN_CAL_T40_SOC62.5,23,test,10,136.94583333333333,40,0.625,508.79166666666663,371.8458333333333,hierarchical_power_fallback,specialist_gate_not_ready,False,True,True,False,0,92.667385269500159,0.42401944701256095,136.94583333333333,748.09583333333319,2a5768f904973a75dd3010edd7c8a00774f2f38d18be799d4a8bddb192565a9f,407e6bd84c27c50bc1f4bebc737e10a712532a7db088cdf0424327ee2b7b2376
naumann_calendar_v4_calibration_robustness_v1,naumann_calendar_v4_hybrid_development_v1,NAUMANN_CAL_T40_SOC62.5,24,test,10,136.94583333333333,40,0.625,535.16666666666652,398.22083333333319,hierarchical_power_fallback,specialist_gate_not_ready,False,True,True,False,0,92.462855176049217,0.44450862412657405,136.94583333333333,748.09583333333319,2a5768f904973a75dd3010edd7c8a00774f2f38d18be799d4a8bddb192565a9f,407e6bd84c27c50bc1f4bebc737e10a712532a7db088cdf0424327ee2b7b2376
naumann_calendar_v4_calibration_robustness_v1,naumann_calendar_v4_hybrid_development_v1,NAUMANN_CAL_T40_SOC62.5,25,test,10,136.94583333333333,40,0.625,561.70833333333337,424.76250000000005,hierarchical_power_fallback,specialist_gate_not_ready,False,True,True,False,0,92.261619115085466,0.46501876362693845,136.94583333333333,748.09583333333319,2a5768f904973a75dd3010edd7c8a00774f2f38d18be799d4a8bddb192565a9f,407e6bd84c27c50bc1f4bebc737e10a712532a7db088cdf0424327ee2b7b2376
naumann_calendar_v4_calibration_robustness_v1,naumann_calendar_v4_hybrid_development_v1,NAUMANN_CAL_T40_SOC62.5,26,test,10,136.94583333333333,40,0.625,588.29166666666652,451.34583333333319,hierarchical_power_fallback,specialist_gate_not_ready,False,True,True,False,0,92.064365376368514,0.48544650971178782,136.94583333333333,748.09583333333319,2a5768f904973a75dd3010edd7c8a00774f2f38d18be799d4a8bddb192565a9f,407e6bd84c27c50bc1f4bebc737e10a712532a7db088cdf0424327ee2b7b2376
naumann_calendar_v4_calibration_robustness_v1,naumann_calendar_v4_hybrid_development_v1,NAUMANN_CAL_T40_SOC62.5,27,test,10,136.94583333333333,40,0.625,612.29166666666652,475.34583333333319,hierarchical_power_fallback,specialist_gate_not_ready,False,True,True,False,0,91.889741968744303,0.50378759588731226,136.94583333333333,748.09583333333319,2a5768f904973a75dd3010edd7c8a00774f2f38d18be799d4a8bddb192565a9f,407e6bd84c27c50bc1f4bebc737e10a712532a7db088cdf0424327ee2b7b2376
naumann_calendar_v4_calibration_robustness_v1,naumann_calendar_v4_hybrid_development_v1,NAUMANN_CAL_T40_SOC62.5,28,test,10,136.94583333333333,40,0.625,631.16666666666652,494.22083333333319,hierarchical_power_fallback,specialist_gate_not_ready,False,True,True,False,0,91.754588732613314,0.5181432803868089,136.94583333333333,748.09583333333319,2a5768f904973a75dd3010edd7c8a00774f2f38d18be799d4a8bddb192565a9f,407e6bd84c27c50bc1f4bebc737e10a712532a7db088cdf0424327ee2b7b2376
naumann_calendar_v4_calibration_robustness_v1,naumann_calendar_v4_hybrid_development_v1,NAUMANN_CAL_T40_SOC62.5,29,test,10,136.94583333333333,40,0.625,658.79166666666652,521.84583333333319,hierarchical_power_fallback,specialist_gate_not_ready,False,True,True,False,0,91.560058251199081,0.53904367956017185,136.94583333333333,748.09583333333319,2a5768f904973a75dd3010edd7c8a00774f2f38d18be799d4a8bddb192565a9f,407e6bd84c27c50bc1f4bebc737e10a712532a7db088cdf0424327ee2b7b2376
naumann_calendar_v4_calibration_robustness_v1,naumann_calendar_v4_hybrid_development_v1,NAUMANN_CAL_T40_SOC62.5,30,test,10,136.94583333333333,40,0.625,708.375,571.42916666666667,hierarchical_power_fallback,specialist_gate_not_ready,False,True,True,False,0,91.219995524038637,0.57622768778926614,136.94583333333333,748.09583333333319,2a5768f904973a75dd3010edd7c8a00774f2f38d18be799d4a8bddb192565a9f,407e6bd84c27c50bc1f4bebc737e10a712532a7db088cdf0424327ee2b7b2376
naumann_calendar_v4_calibration_robustness_v1,naumann_calendar_v4_hybrid_development_v1,NAUMANN_CAL_T40_SOC62.5,31,test,10,136.94583333333333,40,0.625,759.95833333333326,623.01249999999993,hierarchical_power_fallback,specialist_gate_not_ready,False,True,True,False,0,90.877541528664707,0.61446541144107802,136.94583333333333,748.09583333333319,2a5768f904973a75dd3010edd7c8a00774f2f38d18be799d4a8bddb192565a9f,407e6bd84c27c50bc1f4bebc737e10a712532a7db088cdf0424327ee2b7b2376
naumann_calendar_v4_calibration_robustness_v1,naumann_calendar_v4_hybrid_development_v1,NAUMANN_CAL_T40_SOC62.5,32,test,10,136.94583333333333,40,0.625,799.58333333333326,662.63749999999993,hierarchical_power_fallback,specialist_gate_not_ready,False,True,True,False,0,90.621619048156518,0.64353483025873526,136.94583333333333,748.09583333333319,2a5768f904973a75dd3010edd7c8a00774f2f38d18be799d4a8bddb192565a9f,407e6bd84c27c50bc1f4bebc737e10a712532a7db088cdf0424327ee2b7b2376
naumann_calendar_v4_calibration_robustness_v1,naumann_calendar_v4_hybrid_development_v1,NAUMANN_CAL_T40_SOC62.5,33,test,10,136.94583333333333,40,0.625,840.125,703.17916666666667,hierarchical_power_fallback,specialist_gate_not_ready,False,True,True,False,0,90.3656898677241,0.67300946476830115,136.94583333333333,748.09583333333319,2a5768f904973a75dd3010edd7c8a00774f2f38d18be799d4a8bddb192565a9f,407e6bd84c27c50bc1f4bebc737e10a712532a7db088cdf0424327ee2b7b2376
naumann_calendar_v4_calibration_robustness_v1,naumann_calendar_v4_hybrid_development_v1,NAUMANN_CAL_T40_SOC62.5,34,test,10,136.94583333333333,40,0.625,885.04166666666652,748.09583333333319,hierarchical_power_fallback,specialist_gate_not_ready,False,True,True,False,0,90.088628946287557,0.70535686278165677,136.94583333333333,748.09583333333319,2a5768f904973a75dd3010edd7c8a00774f2f38d18be799d4a8bddb192565a9f,407e6bd84c27c50bc1f4bebc737e10a712532a7db088cdf0424327ee2b7b2376
naumann_calendar_v4_calibration_robustness_v1,naumann_calendar_v4_hybrid_development_v1,NAUMANN_CAL_T40_SOC75,10,calibration,10,136.94583333333333,40,0.75,161.36250000000001,24.416666666666686,hierarchical_power_fallback,specialist_gate_not_ready,False,True,True,False,0,95.122106865825288,0.15647064035557251,136.94583333333333,748.09583333333319,2a5768f904973a75dd3010edd7c8a00774f2f38d18be799d4a8bddb192565a9f,36cca9af943aa76374dd49b0401e3b7fbbc3e0fbfa6c96b34c8d139b1b14999c
naumann_calendar_v4_calibration_robustness_v1,naumann_calendar_v4_hybrid_development_v1,NAUMANN_CAL_T40_SOC75,11,calibration,10,136.94583333333333,40,0.75,186.79166666666663,49.845833333333303,hierarchical_power_fallback,specialist_gate_not_ready,False,True,True,False,0,94.812098676271845,0.16788466807376304,136.94583333333333,748.09583333333319,2a5768f904973a75dd3010edd7c8a00774f2f38d18be799d4a8bddb192565a9f,36cca9af943aa76374dd49b0401e3b7fbbc3e0fbfa6c96b34c8d139b1b14999c
naumann_calendar_v4_calibration_robustness_v1,naumann_calendar_v4_hybrid_development_v1,NAUMANN_CAL_T40_SOC75,12,calibration,10,136.94583333333333,40,0.75,213.27500000000001,76.32916666666668,hierarchical_power_fallback,specialist_gate_not_ready,False,True,True,False,0,94.514244153964739,0.18052771130797857,136.94583333333333,748.09583333333319,2a5768f904973a75dd3010edd7c8a00774f2f38d18be799d4a8bddb192565a9f,36cca9af943aa76374dd49b0401e3b7fbbc3e0fbfa6c96b34c8d139b1b14999c
naumann_calendar_v4_calibration_robustness_v1,naumann_calendar_v4_hybrid_development_v1,NAUMANN_CAL_T40_SOC75,13,calibration,10,136.94583333333333,40,0.75,239.71250000000001,102.76666666666668,hierarchical_power_fallback,specialist_gate_not_ready,False,True,True,False,0,94.237581662893206,0.19362201832534398,136.94583333333333,748.09583333333319,2a5768f904973a75dd3010edd7c8a00774f2f38d18be799d4a8bddb192565a9f,36cca9af943aa76374dd49b0401e3b7fbbc3e0fbfa6c96b34c8d139b1b14999c
naumann_calendar_v4_calibration_robustness_v1,naumann_calendar_v4_hybrid_development_v1,NAUMANN_CAL_T40_SOC75,14,calibration,10,136.94583333333333,40,0.75,266.17083333333329,129.22499999999997,hierarchical_power_fallback,specialist_gate_not_ready,False,True,True,False,0,93.977877580541673,0.20699554533899303,136.94583333333333,748.09583333333319,2a5768f904973a75dd3010edd7c8a00774f2f38d18be799d4a8bddb192565a9f,36cca9af943aa76374dd49b0401e3b7fbbc3e0fbfa6c96b34c8d139b1b14999c
naumann_calendar_v4_calibration_robustness_v1,naumann_calendar_v4_hybrid_development_v1,NAUMANN_CAL_T40_SOC75,15,calibration,10,136.94583333333333,40,0.75,292.77916666666664,155.83333333333331,hierarchical_power_fallback,specialist_gate_not_ready,False,True,True,False,0,93.731375268001756,0.22057645152390934,136.94583333333333,748.09583333333319,2a5768f904973a75dd3010edd7c8a00774f2f38d18be799d4a8bddb192565a9f,36cca9af943aa76374dd49b0401e3b7fbbc3e0fbfa6c96b34c8d139b1b14999c
naumann_calendar_v4_calibration_robustness_v1,naumann_calendar_v4_hybrid_development_v1,NAUMANN_CAL_T40_SOC75,16,calibration,10,136.94583333333333,40,0.75,319.30833333333334,182.36250000000001,hierarchical_power_fallback,specialist_gate_not_ready,False,True,True,False,0,93.498208358618754,0.23415372822336339,136.94583333333333,748.09583333333319,2a5768f904973a75dd3010edd7c8a00774f2f38d18be799d4a8bddb192565a9f,36cca9af943aa76374dd49b0401e3b7fbbc3e0fbfa6c96b34c8d139b1b14999c
naumann_calendar_v4_calibration_robustness_v1,naumann_calendar_v4_hybrid_development_v1,NAUMANN_CAL_T40_SOC75,17,calibration,10,136.94583333333333,40,0.75,345.83749999999998,208.89166666666665,hierarchical_power_fallback,specialist_gate_not_ready,False,True,True,False,0,93.276007565476021,0.24770371168058281,136.94583333333333,748.09583333333319,2a5768f904973a75dd3010edd7c8a00774f2f38d18be799d4a8bddb192565a9f,36cca9af943aa76374dd49b0401e3b7fbbc3e0fbfa6c96b34c8d139b1b14999c
naumann_calendar_v4_calibration_robustness_v1,naumann_calendar_v4_hybrid_development_v1,NAUMANN_CAL_T40_SOC75,18,calibration,10,136.94583333333333,40,0.75,376.31666666666666,239.37083333333334,hierarchical_power_fallback,specialist_gate_not_ready,False,True,True,False,0,93.032584660815061,0.26318221568850841,136.94583333333333,748.09583333333319,2a5768f904973a75dd3010edd7c8a00774f2f38d18be799d4a8bddb192565a9f,36cca9af943aa76374dd49b0401e3b7fbbc3e0fbfa6c96b34c8d139b1b14999c
naumann_calendar_v4_calibration_robustness_v1,naumann_calendar_v4_hybrid_development_v1,NAUMANN_CAL_T40_SOC75,19,calibration,10,136.94583333333333,40,0.75,402.74166666666662,265.79583333333329,hierarchical_power_fallback,specialist_gate_not_ready,False,True,True,False,0,92.830626815480301,0.27649322716755315,136.94583333333333,748.09583333333319,2a5768f904973a75dd3010edd7c8a00774f2f38d18be799d4a8bddb192565a9f,36cca9af943aa76374dd49b0401e3b7fbbc3e0fbfa6c96b34c8d139b1b14999c
naumann_calendar_v4_calibration_robustness_v1,naumann_calendar_v4_hybrid_development_v1,NAUMANN_CAL_T40_SOC75,20,calibration,10,136.94583333333333,40,0.75,429.25,292.30416666666667,hierarchical_power_fallback,specialist_gate_not_ready,False,True,True,False,0,92.635601680361432,0.28972565007749423,136.94583333333333,748.09583333333319,2a5768f904973a75dd3010edd7c8a00774f2f38d18be799d4a8bddb192565a9f,36cca9af943aa76374dd49b0401e3b7fbbc3e0fbfa6c96b34c8d139b1b14999c
naumann_calendar_v4_calibration_robustness_v1,naumann_calendar_v4_hybrid_development_v1,NAUMANN_CAL_T40_SOC75,21,calibration,10,136.94583333333333,40,0.75,455.79166666666663,318.8458333333333,hierarchical_power_fallback,specialist_gate_not_ready,False,True,True,False,0,92.447199131631635,0.30284217437454308,136.94583333333333,748.09583333333319,2a5768f904973a75dd3010edd7c8a00774f2f38d18be799d4a8bddb192565a9f,36cca9af943aa76374dd49b0401e3b7fbbc3e0fbfa6c96b34c8d139b1b14999c
naumann_calendar_v4_calibration_robustness_v1,naumann_calendar_v4_hybrid_development_v1,NAUMANN_CAL_T40_SOC75,22,calibration,10,136.94583333333333,40,0.75,482.29166666666663,345.3458333333333,hierarchical_power_fallback,specialist_gate_not_ready,False,True,True,False,0,92.26532828910166,0.31579879928025378,136.94583333333333,748.09583333333319,2a5768f904973a75dd3010edd7c8a00774f2f38d18be799d4a8bddb192565a9f,36cca9af943aa76374dd49b0401e3b7fbbc3e0fbfa6c96b34c8d139b1b14999c
naumann_calendar_v4_calibration_robustness_v1,naumann_calendar_v4_hybrid_development_v1,NAUMANN_CAL_T40_SOC75,23,calibration,10,136.94583333333333,40,0.75,508.79166666666663,371.8458333333333,hierarchical_power_fallback,specialist_gate_not_ready,False,True,True,False,0,92.089155581070727,0.32861244047079469,136.94583333333333,748.09583333333319,2a5768f904973a75dd3010edd7c8a00774f2f38d18be799d4a8bddb192565a9f,36cca9af943aa76374dd49b0401e3b7fbbc3e0fbfa6c96b34c8d139b1b14999c
naumann_calendar_v4_calibration_robustness_v1,naumann_calendar_v4_hybrid_development_v1,NAUMANN_CAL_T40_SOC75,24,calibration,10,136.94583333333333,40,0.75,535.16666666666652,398.22083333333319,hierarchical_power_fallback,specialist_gate_not_ready,False,True,True,False,0,91.919013637823937,0.34122216220581214,136.94583333333333,748.09583333333319,2a5768f904973a75dd3010edd7c8a00774f2f38d18be799d4a8bddb192565a9f,36cca9af943aa76374dd49b0401e3b7fbbc3e0fbfa6c96b34c8d139b1b14999c
naumann_calendar_v4_calibration_robustness_v1,naumann_calendar_v4_hybrid_development_v1,NAUMANN_CAL_T40_SOC75,25,calibration,10,136.94583333333333,40,0.75,561.70833333333337,424.76250000000005,hierarchical_power_fallback,specialist_gate_not_ready,False,True,True,False,0,91.752629799006854,0.35376715258327246,136.94583333333333,748.09583333333319,2a5768f904973a75dd3010edd7c8a00774f2f38d18be799d4a8bddb192565a9f,36cca9af943aa76374dd49b0401e3b7fbbc3e0fbfa6c96b34c8d139b1b14999c
naumann_calendar_v4_calibration_robustness_v1,naumann_calendar_v4_hybrid_development_v1,NAUMANN_CAL_T40_SOC75,26,calibration,10,136.94583333333333,40,0.75,588.29166666666652,451.34583333333319,hierarchical_power_fallback,specialist_gate_not_ready,False,True,True,False,0,91.590487306919783,0.366187846794988,136.94583333333333,748.09583333333319,2a5768f904973a75dd3010edd7c8a00774f2f38d18be799d4a8bddb192565a9f,36cca9af943aa76374dd49b0401e3b7fbbc3e0fbfa6c96b34c8d139b1b14999c
naumann_calendar_v4_calibration_robustness_v1,naumann_calendar_v4_hybrid_development_v1,NAUMANN_CAL_T40_SOC75,27,calibration,10,136.94583333333333,40,0.75,612.29166666666652,475.34583333333319,hierarchical_power_fallback,specialist_gate_not_ready,False,True,True,False,0,91.447707608128852,0.37727940212912225,136.94583333333333,748.09583333333319,2a5768f904973a75dd3010edd7c8a00774f2f38d18be799d4a8bddb192565a9f,36cca9af943aa76374dd49b0401e3b7fbbc3e0fbfa6c96b34c8d139b1b14999c
naumann_calendar_v4_calibration_robustness_v1,naumann_calendar_v4_hybrid_development_v1,NAUMANN_CAL_T40_SOC75,28,calibration,10,136.94583333333333,40,0.75,631.16666666666652,494.22083333333319,hierarchical_power_fallback,specialist_gate_not_ready,False,True,True,False,0,91.337678315925871,0.38592230148670215,136.94583333333333,748.09583333333319,2a5768f904973a75dd3010edd7c8a00774f2f38d18be799d4a8bddb192565a9f,36cca9af943aa76374dd49b0401e3b7fbbc3e0fbfa6c96b34c8d139b1b14999c
naumann_calendar_v4_calibration_robustness_v1,naumann_calendar_v4_hybrid_development_v1,NAUMANN_CAL_T40_SOC75,29,calibration,10,136.94583333333333,40,0.75,658.79166666666652,521.84583333333319,hierarchical_power_fallback,specialist_gate_not_ready,False,True,True,False,0,91.180023361589789,0.39844693092594052,136.94583333333333,748.09583333333319,2a5768f904973a75dd3010edd7c8a00774f2f38d18be799d4a8bddb192565a9f,36cca9af943aa76374dd49b0401e3b7fbbc3e0fbfa6c96b34c8d139b1b14999c
naumann_calendar_v4_calibration_robustness_v1,naumann_calendar_v4_hybrid_development_v1,NAUMANN_CAL_T40_SOC75,30,calibration,10,136.94583333333333,40,0.75,708.375,571.42916666666667,hierarchical_power_fallback,specialist_gate_not_ready,False,True,True,False,0,90.906382093339673,0.42056502392312006,136.94583333333333,748.09583333333319,2a5768f904973a75dd3010edd7c8a00774f2f38d18be799d4a8bddb192565a9f,36cca9af943aa76374dd49b0401e3b7fbbc3e0fbfa6c96b34c8d139b1b14999c
naumann_calendar_v4_calibration_robustness_v1,naumann_calendar_v4_hybrid_development_v1,NAUMANN_CAL_T40_SOC75,31,calibration,10,136.94583333333333,40,0.75,759.95833333333326,623.01249999999993,hierarchical_power_fallback,specialist_gate_not_ready,False,True,True,False,0,90.633232582503709,0.44310152258557856,136.94583333333333,748.09583333333319,2a5768f904973a75dd3010edd7c8a00774f2f38d18be799d4a8bddb192565a9f,36cca9af943aa76374dd49b0401e3b7fbbc3e0fbfa6c96b34c8d139b1b14999c
naumann_calendar_v4_calibration_robustness_v1,naumann_calendar_v4_hybrid_development_v1,NAUMANN_CAL_T40_SOC75,32,calibration,10,136.94583333333333,40,0.75,799.58333333333326,662.63749999999993,hierarchical_power_fallback,specialist_gate_not_ready,False,True,True,False,0,90.430618927439014,0.46010055988377918,136.94583333333333,748.09583333333319,2a5768f904973a75dd3010edd7c8a00774f2f38d18be799d4a8bddb192565a9f,36cca9af943aa76374dd49b0401e3b7fbbc3e0fbfa6c96b34c8d139b1b14999c
naumann_calendar_v4_calibration_robustness_v1,naumann_calendar_v4_hybrid_development_v1,NAUMANN_CAL_T40_SOC75,33,calibration,10,136.94583333333333,40,0.75,840.125,703.17916666666667,hierarchical_power_fallback,specialist_gate_not_ready,False,True,True,False,0,90.229248764211178,0.4772240314776019,136.94583333333333,748.09583333333319,2a5768f904973a75dd3010edd7c8a00774f2f38d18be799d4a8bddb192565a9f,36cca9af943aa76374dd49b0401e3b7fbbc3e0fbfa6c96b34c8d139b1b14999c
naumann_calendar_v4_calibration_robustness_v1,naumann_calendar_v4_hybrid_development_v1,NAUMANN_CAL_T40_SOC75,34,calibration,10,136.94583333333333,40,0.75,885.04166666666652,748.09583333333319,hierarchical_power_fallback,specialist_gate_not_ready,False,True,True,False,0,90.012612524513159,0.49589152695668398,136.94583333333333,748.09583333333319,2a5768f904973a75dd3010edd7c8a00774f2f38d18be799d4a8bddb192565a9f,36cca9af943aa76374dd49b0401e3b7fbbc3e0fbfa6c96b34c8d139b1b14999c
naumann_calendar_v4_calibration_robustness_v1,naumann_calendar_v4_hybrid_development_v1,NAUMANN_CAL_T40_SOC87.5,10,test,10,136.94583333333333,40,0.875,161.36250000000001,24.416666666666686,hierarchical_power_fallback,specialist_gate_not_ready,False,True,True,False,0,93.708535381644225,0.15609163158862133,136.94583333333333,748.09583333333319,2a5768f904973a75dd3010edd7c8a00774f2f38d18be799d4a8bddb192565a9f,0c7cc282d5320e8d16661256f73e1280d389af78292a95aafc9913955da158fa
naumann_calendar_v4_calibration_robustness_v1,naumann_calendar_v4_hybrid_development_v1,NAUMANN_CAL_T40_SOC87.5,11,test,10,136.94583333333333,40,0.875,186.79166666666663,49.845833333333303,hierarchical_power_fallback,specialist_gate_not_ready,False,True,True,False,0,93.318648690733923,0.16721207175628469,136.94583333333333,748.09583333333319,2a5768f904973a75dd3010edd7c8a00774f2f38d18be799d4a8bddb192565a9f,0c7cc282d5320e8d16661256f73e1280d389af78292a95aafc9913955da158fa
naumann_calendar_v4_calibration_robustness_v1,naumann_calendar_v4_hybrid_development_v1,NAUMANN_CAL_T40_SOC87.5,12,test,10,136.94583333333333,40,0.875,213.27500000000001,76.32916666666668,hierarchical_power_fallback,specialist_gate_not_ready,False,True,True,False,0,92.944578115315579,0.17949478673891495,136.94583333333333,748.09583333333319,2a5768f904973a75dd3010edd7c8a00774f2f38d18be799d4a8bddb192565a9f,0c7cc282d5320e8d16661256f73e1280d389af78292a95aafc9913955da158fa
naumann_calendar_v4_calibration_robustness_v1,naumann_calendar_v4_hybrid_development_v1,NAUMANN_CAL_T40_SOC87.5,13,test,10,136.94583333333333,40,0.875,239.71250000000001,102.76666666666668,hierarchical_power_fallback,specialist_gate_not_ready,False,True,True,False,0,92.597562583537041,0.19218856813016771,136.94583333333333,748.09583333333319,2a5768f904973a75dd3010edd7c8a00774f2f38d18be799d4a8bddb192565a9f,0c7cc282d5320e8d16661256f73e1280d389af78292a95aafc9913955da158fa
naumann_calendar_v4_calibration_robustness_v1,naumann_calendar_v4_hybrid_development_v1,NAUMANN_CAL_T40_SOC87.5,14,test,10,136.94583333333333,40,0.875,266.17083333333329,129.22499999999997,hierarchical_power_fallback,specialist_gate_not_ready,False,True,True,False,0,92.272184615762711,0.20513148065339165,136.94583333333333,748.09583333333319,2a5768f904973a75dd3010edd7c8a00774f2f38d18be799d4a8bddb192565a9f,0c7cc282d5320e8d16661256f73e1280d389af78292a95aafc9913955da158fa
naumann_calendar_v4_calibration_robustness_v1,naumann_calendar_v4_hybrid_development_v1,NAUMANN_CAL_T40_SOC87.5,15,test,10,136.94583333333333,40,0.875,292.77916666666664,155.83333333333331,hierarchical_power_fallback,specialist_gate_not_ready,False,True,True,False,0,91.963660820414418,0.21825737849561602,136.94583333333333,748.09583333333319,2a5768f904973a75dd3010edd7c8a00774f2f38d18be799d4a8bddb192565a9f,0c7cc282d5320e8d16661256f73e1280d389af78292a95aafc9913955da158fa
naumann_calendar_v4_calibration_robustness_v1,naumann_calendar_v4_hybrid_development_v1,NAUMANN_CAL_T40_SOC87.5,16,test,10,136.94583333333333,40,0.875,319.30833333333334,182.36250000000001,hierarchical_power_fallback,specialist_gate_not_ready,False,True,True,False,0,91.672097741187031,0.23136491387201877,136.94583333333333,748.09583333333319,2a5768f904973a75dd3010edd7c8a00774f2f38d18be799d4a8bddb192565a9f,0c7cc282d5320e8d16661256f73e1280d389af78292a95aafc9913955da158fa
naumann_calendar_v4_calibration_robustness_v1,naumann_calendar_v4_hybrid_development_v1,NAUMANN_CAL_T40_SOC87.5,17,test,10,136.94583333333333,40,0.875,345.83749999999998,208.89166666666665,hierarchical_power_fallback,specialist_gate_not_ready,False,True,True,False,0,91.394482511031114,0.24443332124527595,136.94583333333333,748.09583333333319,2a5768f904973a75dd3010edd7c8a00774f2f38d18be799d4a8bddb192565a9f,0c7cc282d5320e8d16661256f73e1280d389af78292a95aafc9913955da158fa
naumann_calendar_v4_calibration_robustness_v1,naumann_calendar_v4_hybrid_development_v1,NAUMANN_CAL_T40_SOC87.5,18,test,10,136.94583333333333,40,0.875,376.31666666666666,239.37083333333334,hierarchical_power_fallback,specialist_gate_not_ready,False,True,True,False,0,91.090606838635964,0.25934790965701299,136.94583333333333,748.09583333333319,2a5768f904973a75dd3010edd7c8a00774f2f38d18be799d4a8bddb192565a9f,0c7cc282d5320e8d16661256f73e1280d389af78292a95aafc9913955da158fa
naumann_calendar_v4_calibration_robustness_v1,naumann_calendar_v4_hybrid_development_v1,NAUMANN_CAL_T40_SOC87.5,19,test,10,136.94583333333333,40,0.875,402.74166666666662,265.79583333333329,hierarchical_power_fallback,specialist_gate_not_ready,False,True,True,False,0,90.83868898892932,0.27216333520853381,136.94583333333333,748.09583333333319,2a5768f904973a75dd3010edd7c8a00774f2f38d18be799d4a8bddb192565a9f,0c7cc282d5320e8d16661256f73e1280d389af78292a95aafc9913955da158fa
naumann_calendar_v4_calibration_robustness_v1,naumann_calendar_v4_hybrid_development_v1,NAUMANN_CAL_T40_SOC87.5,20,test,10,136.94583333333333,40,0.875,429.25,292.30416666666667,hierarchical_power_fallback,specialist_gate_not_ready,False,True,True,False,0,90.595581686262676,0.2848941321816022,136.94583333333333,748.09583333333319,2a5768f904973a75dd3010edd7c8a00774f2f38d18be799d4a8bddb192565a9f,0c7cc282d5320e8d16661256f73e1280d389af78292a95aafc9913955da158fa
naumann_calendar_v4_calibration_robustness_v1,naumann_calendar_v4_hybrid_development_v1,NAUMANN_CAL_T40_SOC87.5,21,test,10,136.94583333333333,40,0.875,455.79166666666663,318.8458333333333,hierarchical_power_fallback,specialist_gate_not_ready,False,True,True,False,0,90.36087753351643,0.29750517353349282,136.94583333333333,748.09583333333319,2a5768f904973a75dd3010edd7c8a00774f2f38d18be799d4a8bddb192565a9f,0c7cc282d5320e8d16661256f73e1280d389af78292a95aafc9913955da158fa
naumann_calendar_v4_calibration_robustness_v1,naumann_calendar_v4_hybrid_development_v1,NAUMANN_CAL_T40_SOC87.5,22,test,10,136.94583333333333,40,0.875,482.29166666666663,345.3458333333333,hierarchical_power_fallback,specialist_gate_not_ready,False,True,True,False,0,90.134444578326693,0.30995486516994181,136.94583333333333,748.09583333333319,2a5768f904973a75dd3010edd7c8a00774f2f38d18be799d4a8bddb192565a9f,0c7cc282d5320e8d16661256f73e1280d389af78292a95aafc9913955da158fa
naumann_calendar_v4_calibration_robustness_v1,naumann_calendar_v4_hybrid_development_v1,NAUMANN_CAL_T40_SOC87.5,23,test,10,136.94583333333333,40,0.875,508.79166666666663,371.8458333333333,hierarchical_power_fallback,specialist_gate_not_ready,False,True,True,False,0,89.915228647692047,0.32226009200179484,136.94583333333333,748.09583333333319,2a5768f904973a75dd3010edd7c8a00774f2f38d18be799d4a8bddb192565a9f,0c7cc282d5320e8d16661256f73e1280d389af78292a95aafc9913955da158fa
naumann_calendar_v4_calibration_robustness_v1,naumann_calendar_v4_hybrid_development_v1,NAUMANN_CAL_T40_SOC87.5,24,test,10,136.94583333333333,40,0.875,535.16666666666652,398.22083333333319,hierarchical_power_fallback,specialist_gate_not_ready,False,True,True,False,0,89.703628973580393,0.33436292055310268,136.94583333333333,748.09583333333319,2a5768f904973a75dd3010edd7c8a00774f2f38d18be799d4a8bddb192565a9f,0c7cc282d5320e8d16661256f73e1280d389af78292a95aafc9913955da158fa
naumann_calendar_v4_calibration_robustness_v1,naumann_calendar_v4_hybrid_development_v1,NAUMANN_CAL_T40_SOC87.5,25,test,10,136.94583333333333,40,0.875,561.70833333333337,424.76250000000005,hierarchical_power_fallback,specialist_gate_not_ready,False,True,True,False,0,89.496807277877892,0.34639740614022718,136.94583333333333,748.09583333333319,2a5768f904973a75dd3010edd7c8a00774f2f38d18be799d4a8bddb192565a9f,0c7cc282d5320e8d16661256f73e1280d389af78292a95aafc9913955da158fa
naumann_calendar_v4_calibration_robustness_v1,naumann_calendar_v4_hybrid_development_v1,NAUMANN_CAL_T40_SOC87.5,26,test,10,136.94583333333333,40,0.875,588.29166666666652,451.34583333333319,hierarchical_power_fallback,specialist_gate_not_ready,False,True,True,False,0,89.29535478390369,0.35830676530325029,136.94583333333333,748.09583333333319,2a5768f904973a75dd3010edd7c8a00774f2f38d18be799d4a8bddb192565a9f,0c7cc282d5320e8d16661256f73e1280d389af78292a95aafc9913955da158fa
naumann_calendar_v4_calibration_robustness_v1,naumann_calendar_v4_hybrid_development_v1,NAUMANN_CAL_T40_SOC87.5,27,test,10,136.94583333333333,40,0.875,612.29166666666652,475.34583333333319,hierarchical_power_fallback,specialist_gate_not_ready,False,True,True,False,0,89.118037212646769,0.36893690893503306,136.94583333333333,748.09583333333319,2a5768f904973a75dd3010edd7c8a00774f2f38d18be799d4a8bddb192565a9f,0c7cc282d5320e8d16661256f73e1280d389af78292a95aafc9913955da158fa
naumann_calendar_v4_calibration_robustness_v1,naumann_calendar_v4_hybrid_development_v1,NAUMANN_CAL_T40_SOC87.5,28,test,10,136.94583333333333,40,0.875,631.16666666666652,494.22083333333319,hierarchical_power_fallback,specialist_gate_not_ready,False,True,True,False,0,88.981441126364331,0.37721720933871034,136.94583333333333,748.09583333333319,2a5768f904973a75dd3010edd7c8a00774f2f38d18be799d4a8bddb192565a9f,0c7cc282d5320e8d16661256f73e1280d389af78292a95aafc9913955da158fa
naumann_calendar_v4_calibration_robustness_v1,naumann_calendar_v4_hybrid_development_v1,NAUMANN_CAL_T40_SOC87.5,29,test,10,136.94583333333333,40,0.875,658.79166666666652,521.84583333333319,hierarchical_power_fallback,specialist_gate_not_ready,False,True,True,False,0,88.785793024675499,0.38921176441970662,136.94583333333333,748.09583333333319,2a5768f904973a75dd3010edd7c8a00774f2f38d18be799d4a8bddb192565a9f,0c7cc282d5320e8d16661256f73e1280d389af78292a95aafc9913955da158fa
naumann_calendar_v4_calibration_robustness_v1,naumann_calendar_v4_hybrid_development_v1,NAUMANN_CAL_T40_SOC87.5,30,test,10,136.94583333333333,40,0.875,708.375,571.42916666666667,hierarchical_power_fallback,specialist_gate_not_ready,False,True,True,False,0,88.446406947520813,0.4103808252546603,136.94583333333333,748.09583333333319,2a5768f904973a75dd3010edd7c8a00774f2f38d18be799d4a8bddb192565a9f,0c7cc282d5320e8d16661256f73e1280d389af78292a95aafc9913955da158fa
naumann_calendar_v4_calibration_robustness_v1,naumann_calendar_v4_hybrid_development_v1,NAUMANN_CAL_T40_SOC87.5,31,test,10,136.94583333333333,40,0.875,759.95833333333326,623.01249999999993,hierarchical_power_fallback,specialist_gate_not_ready,False,True,True,False,0,88.10787694298746,0.43193401382305402,136.94583333333333,748.09583333333319,2a5768f904973a75dd3010edd7c8a00774f2f38d18be799d4a8bddb192565a9f,0c7cc282d5320e8d16661256f73e1280d389af78292a95aafc9913955da158fa
naumann_calendar_v4_calibration_robustness_v1,naumann_calendar_v4_hybrid_development_v1,NAUMANN_CAL_T40_SOC87.5,32,test,10,136.94583333333333,40,0.875,799.58333333333326,662.63749999999993,hierarchical_power_fallback,specialist_gate_not_ready,False,True,True,False,0,87.856920631726481,0.44818088205034246,136.94583333333333,748.09583333333319,2a5768f904973a75dd3010edd7c8a00774f2f38d18be799d4a8bddb192565a9f,0c7cc282d5320e8d16661256f73e1280d389af78292a95aafc9913955da158fa
naumann_calendar_v4_calibration_robustness_v1,naumann_calendar_v4_hybrid_development_v1,NAUMANN_CAL_T40_SOC87.5,33,test,10,136.94583333333333,40,0.875,840.125,703.17916666666667,hierarchical_power_fallback,specialist_gate_not_ready,False,True,True,False,0,87.607631754163975,0.46453789046466193,136.94583333333333,748.09583333333319,2a5768f904973a75dd3010edd7c8a00774f2f38d18be799d4a8bddb192565a9f,0c7cc282d5320e8d16661256f73e1280d389af78292a95aafc9913955da158fa
naumann_calendar_v4_calibration_robustness_v1,naumann_calendar_v4_hybrid_development_v1,NAUMANN_CAL_T40_SOC87.5,34,test,10,136.94583333333333,40,0.875,885.04166666666652,748.09583333333319,hierarchical_power_fallback,specialist_gate_not_ready,False,True,True,False,0,87.339582614252492,0.48236006819959548,136.94583333333333,748.09583333333319,2a5768f904973a75dd3010edd7c8a00774f2f38d18be799d4a8bddb192565a9f,0c7cc282d5320e8d16661256f73e1280d389af78292a95aafc9913955da158fa
