audit_family,scenario_id,removed_condition_id,mean_route,requested_coverage,calibration_condition_count,evaluation_condition_count,order_statistic_rank,multiplier,quantile_status,diagnostic_available_evaluation_count,diagnostic_covered_evaluation_count,diagnostic_coverage_fraction_among_available,all_evaluation_diagnostic_available,all_evaluation_simultaneously_covered,all_evaluation_available_and_covered,diagnostic_mean_width_pp,diagnostic_max_width_pp,diagnostic_interval_score_mean
exhaustive_six_of_ten_partition,partition_001_7f8e8e358dd2,,hierarchical_activation_residual,0.80000000000000004,2,0,3,,unavailable_finite_sample_full_physical_range,0,0,,,,,,,
exhaustive_six_of_ten_partition,partition_001_7f8e8e358dd2,,hierarchical_activation_residual,0.90000000000000002,2,0,3,,unavailable_finite_sample_full_physical_range,0,0,,,,,,,
exhaustive_six_of_ten_partition,partition_001_7f8e8e358dd2,,hierarchical_activation_residual,0.94999999999999996,2,0,3,,unavailable_finite_sample_full_physical_range,0,0,,,,,,,
exhaustive_six_of_ten_partition,partition_001_7f8e8e358dd2,,hierarchical_power_fallback,0.80000000000000004,4,4,4,1.4840726147248924,finite_order_statistic,4,3,0.75,True,False,False,1.157106050277142,2.916871079971969,1.5166937407773733
exhaustive_six_of_ten_partition,partition_001_7f8e8e358dd2,,hierarchical_power_fallback,0.90000000000000002,4,4,5,,unavailable_finite_sample_full_physical_range,0,0,,False,,False,,,
exhaustive_six_of_ten_partition,partition_001_7f8e8e358dd2,,hierarchical_power_fallback,0.94999999999999996,4,4,5,,unavailable_finite_sample_full_physical_range,0,0,,False,,False,,,
exhaustive_six_of_ten_partition,partition_002_c363cb66dc65,,hierarchical_activation_residual,0.80000000000000004,2,0,3,,unavailable_finite_sample_full_physical_range,0,0,,,,,,,
exhaustive_six_of_ten_partition,partition_002_c363cb66dc65,,hierarchical_activation_residual,0.90000000000000002,2,0,3,,unavailable_finite_sample_full_physical_range,0,0,,,,,,,
exhaustive_six_of_ten_partition,partition_002_c363cb66dc65,,hierarchical_activation_residual,0.94999999999999996,2,0,3,,unavailable_finite_sample_full_physical_range,0,0,,,,,,,
exhaustive_six_of_ten_partition,partition_002_c363cb66dc65,,hierarchical_power_fallback,0.80000000000000004,4,4,4,2.1698424743004083,finite_order_statistic,4,4,1,True,True,True,1.6061346578075053,3.4427051368367643,1.6061346578075053
exhaustive_six_of_ten_partition,partition_002_c363cb66dc65,,hierarchical_power_fallback,0.90000000000000002,4,4,5,,unavailable_finite_sample_full_physical_range,0,0,,False,,False,,,
exhaustive_six_of_ten_partition,partition_002_c363cb66dc65,,hierarchical_power_fallback,0.94999999999999996,4,4,5,,unavailable_finite_sample_full_physical_range,0,0,,False,,False,,,
exhaustive_six_of_ten_partition,partition_003_86422e7708a2,,hierarchical_activation_residual,0.80000000000000004,2,0,3,,unavailable_finite_sample_full_physical_range,0,0,,,,,,,
exhaustive_six_of_ten_partition,partition_003_86422e7708a2,,hierarchical_activation_residual,0.90000000000000002,2,0,3,,unavailable_finite_sample_full_physical_range,0,0,,,,,,,
exhaustive_six_of_ten_partition,partition_003_86422e7708a2,,hierarchical_activation_residual,0.94999999999999996,2,0,3,,unavailable_finite_sample_full_physical_range,0,0,,,,,,,
exhaustive_six_of_ten_partition,partition_003_86422e7708a2,,hierarchical_power_fallback,0.80000000000000004,4,4,4,1.4840726147248924,finite_order_statistic,4,3,0.75,True,False,False,1.1848998592650446,2.916871079971969,1.5444875497652759
exhaustive_six_of_ten_partition,partition_003_86422e7708a2,,hierarchical_power_fallback,0.90000000000000002,4,4,5,,unavailable_finite_sample_full_physical_range,0,0,,False,,False,,,
exhaustive_six_of_ten_partition,partition_003_86422e7708a2,,hierarchical_power_fallback,0.94999999999999996,4,4,5,,unavailable_finite_sample_full_physical_range,0,0,,False,,False,,,
exhaustive_six_of_ten_partition,partition_004_90e87da518e7,,hierarchical_activation_residual,0.80000000000000004,2,0,3,,unavailable_finite_sample_full_physical_range,0,0,,,,,,,
exhaustive_six_of_ten_partition,partition_004_90e87da518e7,,hierarchical_activation_residual,0.90000000000000002,2,0,3,,unavailable_finite_sample_full_physical_range,0,0,,,,,,,
exhaustive_six_of_ten_partition,partition_004_90e87da518e7,,hierarchical_activation_residual,0.94999999999999996,2,0,3,,unavailable_finite_sample_full_physical_range,0,0,,,,,,,
exhaustive_six_of_ten_partition,partition_004_90e87da518e7,,hierarchical_power_fallback,0.80000000000000004,4,4,4,1.4840726147248924,finite_order_statistic,4,3,0.75,True,False,False,1.2533004065311195,2.916871079971969,1.6128880970313508
exhaustive_six_of_ten_partition,partition_004_90e87da518e7,,hierarchical_power_fallback,0.90000000000000002,4,4,5,,unavailable_finite_sample_full_physical_range,0,0,,False,,False,,,
exhaustive_six_of_ten_partition,partition_004_90e87da518e7,,hierarchical_power_fallback,0.94999999999999996,4,4,5,,unavailable_finite_sample_full_physical_range,0,0,,False,,False,,,
exhaustive_six_of_ten_partition,partition_005_3966cb0fda6e,,hierarchical_activation_residual,0.80000000000000004,2,0,3,,unavailable_finite_sample_full_physical_range,0,0,,,,,,,
exhaustive_six_of_ten_partition,partition_005_3966cb0fda6e,,hierarchical_activation_residual,0.90000000000000002,2,0,3,,unavailable_finite_sample_full_physical_range,0,0,,,,,,,
exhaustive_six_of_ten_partition,partition_005_3966cb0fda6e,,hierarchical_activation_residual,0.94999999999999996,2,0,3,,unavailable_finite_sample_full_physical_range,0,0,,,,,,,
exhaustive_six_of_ten_partition,partition_005_3966cb0fda6e,,hierarchical_power_fallback,0.80000000000000004,4,4,4,1.4840726147248924,finite_order_statistic,4,3,0.75,True,False,False,1.2578170666111981,2.916871079971969,1.6174047571114294
exhaustive_six_of_ten_partition,partition_005_3966cb0fda6e,,hierarchical_power_fallback,0.90000000000000002,4,4,5,,unavailable_finite_sample_full_physical_range,0,0,,False,,False,,,
exhaustive_six_of_ten_partition,partition_005_3966cb0fda6e,,hierarchical_power_fallback,0.94999999999999996,4,4,5,,unavailable_finite_sample_full_physical_range,0,0,,False,,False,,,
exhaustive_six_of_ten_partition,partition_006_55c15434efa9,,hierarchical_activation_residual,0.80000000000000004,2,0,3,,unavailable_finite_sample_full_physical_range,0,0,,,,,,,
exhaustive_six_of_ten_partition,partition_006_55c15434efa9,,hierarchical_activation_residual,0.90000000000000002,2,0,3,,unavailable_finite_sample_full_physical_range,0,0,,,,,,,
exhaustive_six_of_ten_partition,partition_006_55c15434efa9,,hierarchical_activation_residual,0.94999999999999996,2,0,3,,unavailable_finite_sample_full_physical_range,0,0,,,,,,,
exhaustive_six_of_ten_partition,partition_006_55c15434efa9,,hierarchical_power_fallback,0.80000000000000004,4,4,4,2.1698424743004083,finite_order_statistic,4,4,1,True,True,True,1.6751408984469403,4.1087384001945395,1.6751408984469403
exhaustive_six_of_ten_partition,partition_006_55c15434efa9,,hierarchical_power_fallback,0.90000000000000002,4,4,5,,unavailable_finite_sample_full_physical_range,0,0,,False,,False,,,
exhaustive_six_of_ten_partition,partition_006_55c15434efa9,,hierarchical_power_fallback,0.94999999999999996,4,4,5,,unavailable_finite_sample_full_physical_range,0,0,,False,,False,,,
exhaustive_six_of_ten_partition,partition_007_f04d3ecb869f,,hierarchical_activation_residual,0.80000000000000004,2,0,3,,unavailable_finite_sample_full_physical_range,0,0,,,,,,,
exhaustive_six_of_ten_partition,partition_007_f04d3ecb869f,,hierarchical_activation_residual,0.90000000000000002,2,0,3,,unavailable_finite_sample_full_physical_range,0,0,,,,,,,
exhaustive_six_of_ten_partition,partition_007_f04d3ecb869f,,hierarchical_activation_residual,0.94999999999999996,2,0,3,,unavailable_finite_sample_full_physical_range,0,0,,,,,,,
exhaustive_six_of_ten_partition,partition_007_f04d3ecb869f,,hierarchical_power_fallback,0.80000000000000004,4,4,4,1.4840726147248924,finite_order_statistic,4,3,0.75,True,False,False,1.2320969591425917,2.916871079971969,1.5916846496428232
exhaustive_six_of_ten_partition,partition_007_f04d3ecb869f,,hierarchical_power_fallback,0.90000000000000002,4,4,5,,unavailable_finite_sample_full_physical_range,0,0,,False,,False,,,
exhaustive_six_of_ten_partition,partition_007_f04d3ecb869f,,hierarchical_power_fallback,0.94999999999999996,4,4,5,,unavailable_finite_sample_full_physical_range,0,0,,False,,False,,,
exhaustive_six_of_ten_partition,partition_008_febb0a7e3c3d,,hierarchical_activation_residual,0.80000000000000004,2,0,3,,unavailable_finite_sample_full_physical_range,0,0,,,,,,,
exhaustive_six_of_ten_partition,partition_008_febb0a7e3c3d,,hierarchical_activation_residual,0.90000000000000002,2,0,3,,unavailable_finite_sample_full_physical_range,0,0,,,,,,,
exhaustive_six_of_ten_partition,partition_008_febb0a7e3c3d,,hierarchical_activation_residual,0.94999999999999996,2,0,3,,unavailable_finite_sample_full_physical_range,0,0,,,,,,,
exhaustive_six_of_ten_partition,partition_008_febb0a7e3c3d,,hierarchical_power_fallback,0.80000000000000004,4,4,4,1.4840726147248924,finite_order_statistic,4,3,0.75,True,False,False,1.3004975064086666,2.916871079971969,1.6600851969088981
exhaustive_six_of_ten_partition,partition_008_febb0a7e3c3d,,hierarchical_power_fallback,0.90000000000000002,4,4,5,,unavailable_finite_sample_full_physical_range,0,0,,False,,False,,,
exhaustive_six_of_ten_partition,partition_008_febb0a7e3c3d,,hierarchical_power_fallback,0.94999999999999996,4,4,5,,unavailable_finite_sample_full_physical_range,0,0,,False,,False,,,
exhaustive_six_of_ten_partition,partition_009_c4976fe59509,,hierarchical_activation_residual,0.80000000000000004,2,0,3,,unavailable_finite_sample_full_physical_range,0,0,,,,,,,
exhaustive_six_of_ten_partition,partition_009_c4976fe59509,,hierarchical_activation_residual,0.90000000000000002,2,0,3,,unavailable_finite_sample_full_physical_range,0,0,,,,,,,
exhaustive_six_of_ten_partition,partition_009_c4976fe59509,,hierarchical_activation_residual,0.94999999999999996,2,0,3,,unavailable_finite_sample_full_physical_range,0,0,,,,,,,
exhaustive_six_of_ten_partition,partition_009_c4976fe59509,,hierarchical_power_fallback,0.80000000000000004,4,4,4,1.4840726147248924,finite_order_statistic,4,3,0.75,True,False,False,1.3050141664887451,2.916871079971969,1.6646018569889767
exhaustive_six_of_ten_partition,partition_009_c4976fe59509,,hierarchical_power_fallback,0.90000000000000002,4,4,5,,unavailable_finite_sample_full_physical_range,0,0,,False,,False,,,
exhaustive_six_of_ten_partition,partition_009_c4976fe59509,,hierarchical_power_fallback,0.94999999999999996,4,4,5,,unavailable_finite_sample_full_physical_range,0,0,,False,,False,,,
exhaustive_six_of_ten_partition,partition_010_71057edaa9b6,,hierarchical_activation_residual,0.80000000000000004,2,0,3,,unavailable_finite_sample_full_physical_range,0,0,,,,,,,
exhaustive_six_of_ten_partition,partition_010_71057edaa9b6,,hierarchical_activation_residual,0.90000000000000002,2,0,3,,unavailable_finite_sample_full_physical_range,0,0,,,,,,,
exhaustive_six_of_ten_partition,partition_010_71057edaa9b6,,hierarchical_activation_residual,0.94999999999999996,2,0,3,,unavailable_finite_sample_full_physical_range,0,0,,,,,,,
exhaustive_six_of_ten_partition,partition_010_71057edaa9b6,,hierarchical_power_fallback,0.80000000000000004,4,4,4,2.1698424743004083,finite_order_statistic,4,4,1,True,True,True,1.7157778502147778,4.1087384001945395,1.7157778502147778
exhaustive_six_of_ten_partition,partition_010_71057edaa9b6,,hierarchical_power_fallback,0.90000000000000002,4,4,5,,unavailable_finite_sample_full_physical_range,0,0,,False,,False,,,
exhaustive_six_of_ten_partition,partition_010_71057edaa9b6,,hierarchical_power_fallback,0.94999999999999996,4,4,5,,unavailable_finite_sample_full_physical_range,0,0,,False,,False,,,
exhaustive_six_of_ten_partition,partition_011_831ca4de2990,,hierarchical_activation_residual,0.80000000000000004,2,0,3,,unavailable_finite_sample_full_physical_range,0,0,,,,,,,
exhaustive_six_of_ten_partition,partition_011_831ca4de2990,,hierarchical_activation_residual,0.90000000000000002,2,0,3,,unavailable_finite_sample_full_physical_range,0,0,,,,,,,
exhaustive_six_of_ten_partition,partition_011_831ca4de2990,,hierarchical_activation_residual,0.94999999999999996,2,0,3,,unavailable_finite_sample_full_physical_range,0,0,,,,,,,
exhaustive_six_of_ten_partition,partition_011_831ca4de2990,,hierarchical_power_fallback,0.80000000000000004,4,4,4,2.1698424743004083,finite_order_statistic,4,4,1,True,True,True,1.8157853641670743,4.1087384001945395,1.8157853641670743
exhaustive_six_of_ten_partition,partition_011_831ca4de2990,,hierarchical_power_fallback,0.90000000000000002,4,4,5,,unavailable_finite_sample_full_physical_range,0,0,,False,,False,,,
exhaustive_six_of_ten_partition,partition_011_831ca4de2990,,hierarchical_power_fallback,0.94999999999999996,4,4,5,,unavailable_finite_sample_full_physical_range,0,0,,False,,False,,,
exhaustive_six_of_ten_partition,partition_012_586807991cc0,,hierarchical_activation_residual,0.80000000000000004,2,0,3,,unavailable_finite_sample_full_physical_range,0,0,,,,,,,
exhaustive_six_of_ten_partition,partition_012_586807991cc0,,hierarchical_activation_residual,0.90000000000000002,2,0,3,,unavailable_finite_sample_full_physical_range,0,0,,,,,,,
exhaustive_six_of_ten_partition,partition_012_586807991cc0,,hierarchical_activation_residual,0.94999999999999996,2,0,3,,unavailable_finite_sample_full_physical_range,0,0,,,,,,,
exhaustive_six_of_ten_partition,partition_012_586807991cc0,,hierarchical_power_fallback,0.80000000000000004,4,4,4,2.1698424743004083,finite_order_statistic,4,4,1,True,True,True,1.8223891117104851,4.1087384001945395,1.8223891117104851
exhaustive_six_of_ten_partition,partition_012_586807991cc0,,hierarchical_power_fallback,0.90000000000000002,4,4,5,,unavailable_finite_sample_full_physical_range,0,0,,False,,False,,,
exhaustive_six_of_ten_partition,partition_012_586807991cc0,,hierarchical_power_fallback,0.94999999999999996,4,4,5,,unavailable_finite_sample_full_physical_range,0,0,,False,,False,,,
exhaustive_six_of_ten_partition,partition_013_4639dbdb6095,,hierarchical_activation_residual,0.80000000000000004,2,0,3,,unavailable_finite_sample_full_physical_range,0,0,,,,,,,
exhaustive_six_of_ten_partition,partition_013_4639dbdb6095,,hierarchical_activation_residual,0.90000000000000002,2,0,3,,unavailable_finite_sample_full_physical_range,0,0,,,,,,,
exhaustive_six_of_ten_partition,partition_013_4639dbdb6095,,hierarchical_activation_residual,0.94999999999999996,2,0,3,,unavailable_finite_sample_full_physical_range,0,0,,,,,,,
exhaustive_six_of_ten_partition,partition_013_4639dbdb6095,,hierarchical_power_fallback,0.80000000000000004,4,4,4,1.4840726147248924,finite_order_statistic,4,3,0.75,True,False,False,1.3282913153965694,2.916871079971969,1.687879005896801
exhaustive_six_of_ten_partition,partition_013_4639dbdb6095,,hierarchical_power_fallback,0.90000000000000002,4,4,5,,unavailable_finite_sample_full_physical_range,0,0,,False,,False,,,
exhaustive_six_of_ten_partition,partition_013_4639dbdb6095,,hierarchical_power_fallback,0.94999999999999996,4,4,5,,unavailable_finite_sample_full_physical_range,0,0,,False,,False,,,
exhaustive_six_of_ten_partition,partition_014_7cce35e462d7,,hierarchical_activation_residual,0.80000000000000004,2,0,3,,unavailable_finite_sample_full_physical_range,0,0,,,,,,,
exhaustive_six_of_ten_partition,partition_014_7cce35e462d7,,hierarchical_activation_residual,0.90000000000000002,2,0,3,,unavailable_finite_sample_full_physical_range,0,0,,,,,,,
exhaustive_six_of_ten_partition,partition_014_7cce35e462d7,,hierarchical_activation_residual,0.94999999999999996,2,0,3,,unavailable_finite_sample_full_physical_range,0,0,,,,,,,
exhaustive_six_of_ten_partition,partition_014_7cce35e462d7,,hierarchical_power_fallback,0.80000000000000004,4,4,4,1.4840726147248924,finite_order_statistic,4,3,0.75,True,False,False,1.332807975476648,2.916871079971969,1.6923956659768795
exhaustive_six_of_ten_partition,partition_014_7cce35e462d7,,hierarchical_power_fallback,0.90000000000000002,4,4,5,,unavailable_finite_sample_full_physical_range,0,0,,False,,False,,,
exhaustive_six_of_ten_partition,partition_014_7cce35e462d7,,hierarchical_power_fallback,0.94999999999999996,4,4,5,,unavailable_finite_sample_full_physical_range,0,0,,False,,False,,,
exhaustive_six_of_ten_partition,partition_015_d2c74163868e,,hierarchical_activation_residual,0.80000000000000004,2,0,3,,unavailable_finite_sample_full_physical_range,0,0,,,,,,,
exhaustive_six_of_ten_partition,partition_015_d2c74163868e,,hierarchical_activation_residual,0.90000000000000002,2,0,3,,unavailable_finite_sample_full_physical_range,0,0,,,,,,,
exhaustive_six_of_ten_partition,partition_015_d2c74163868e,,hierarchical_activation_residual,0.94999999999999996,2,0,3,,unavailable_finite_sample_full_physical_range,0,0,,,,,,,
exhaustive_six_of_ten_partition,partition_015_d2c74163868e,,hierarchical_power_fallback,0.80000000000000004,4,4,4,1.4840726147248924,finite_order_statistic,4,3,0.75,True,False,False,1.4012085227427229,2.916871079971969,1.7607962132429544
exhaustive_six_of_ten_partition,partition_015_d2c74163868e,,hierarchical_power_fallback,0.90000000000000002,4,4,5,,unavailable_finite_sample_full_physical_range,0,0,,False,,False,,,
exhaustive_six_of_ten_partition,partition_015_d2c74163868e,,hierarchical_power_fallback,0.94999999999999996,4,4,5,,unavailable_finite_sample_full_physical_range,0,0,,False,,False,,,
exhaustive_six_of_ten_partition,partition_016_7bffe2483c11,,hierarchical_activation_residual,0.80000000000000004,1,1,2,,unavailable_finite_sample_full_physical_range,0,0,,False,,False,,,
exhaustive_six_of_ten_partition,partition_016_7bffe2483c11,,hierarchical_activation_residual,0.90000000000000002,1,1,2,,unavailable_finite_sample_full_physical_range,0,0,,False,,False,,,
exhaustive_six_of_ten_partition,partition_016_7bffe2483c11,,hierarchical_activation_residual,0.94999999999999996,1,1,2,,unavailable_finite_sample_full_physical_range,0,0,,False,,False,,,
exhaustive_six_of_ten_partition,partition_016_7bffe2483c11,,hierarchical_power_fallback,0.80000000000000004,5,3,5,2.1698424743004083,finite_order_statistic,3,3,1,True,True,True,1.4966247808903337,3.0610265608058569,1.4966247808903337
exhaustive_six_of_ten_partition,partition_016_7bffe2483c11,,hierarchical_power_fallback,0.90000000000000002,5,3,6,,unavailable_finite_sample_full_physical_range,0,0,,False,,False,,,
exhaustive_six_of_ten_partition,partition_016_7bffe2483c11,,hierarchical_power_fallback,0.94999999999999996,5,3,6,,unavailable_finite_sample_full_physical_range,0,0,,False,,False,,,
exhaustive_six_of_ten_partition,partition_017_a119cfedda52,,hierarchical_activation_residual,0.80000000000000004,1,1,2,,unavailable_finite_sample_full_physical_range,0,0,,False,,False,,,
exhaustive_six_of_ten_partition,partition_017_a119cfedda52,,hierarchical_activation_residual,0.90000000000000002,1,1,2,,unavailable_finite_sample_full_physical_range,0,0,,False,,False,,,
exhaustive_six_of_ten_partition,partition_017_a119cfedda52,,hierarchical_activation_residual,0.94999999999999996,1,1,2,,unavailable_finite_sample_full_physical_range,0,0,,False,,False,,,
exhaustive_six_of_ten_partition,partition_017_a119cfedda52,,hierarchical_power_fallback,0.80000000000000004,5,3,5,1.4840726147248924,finite_order_statistic,3,2,0.66666666666666663,True,False,False,1.1387926340531378,2.916871079971969,1.6182428880534463
exhaustive_six_of_ten_partition,partition_017_a119cfedda52,,hierarchical_power_fallback,0.90000000000000002,5,3,6,,unavailable_finite_sample_full_physical_range,0,0,,False,,False,,,
exhaustive_six_of_ten_partition,partition_017_a119cfedda52,,hierarchical_power_fallback,0.94999999999999996,5,3,6,,unavailable_finite_sample_full_physical_range,0,0,,False,,False,,,
exhaustive_six_of_ten_partition,partition_018_4564a231687a,,hierarchical_activation_residual,0.80000000000000004,1,1,2,,unavailable_finite_sample_full_physical_range,0,0,,False,,False,,,
exhaustive_six_of_ten_partition,partition_018_4564a231687a,,hierarchical_activation_residual,0.90000000000000002,1,1,2,,unavailable_finite_sample_full_physical_range,0,0,,False,,False,,,
exhaustive_six_of_ten_partition,partition_018_4564a231687a,,hierarchical_activation_residual,0.94999999999999996,1,1,2,,unavailable_finite_sample_full_physical_range,0,0,,False,,False,,,
exhaustive_six_of_ten_partition,partition_018_4564a231687a,,hierarchical_power_fallback,0.80000000000000004,5,3,5,1.4840726147248924,finite_order_statistic,3,2,0.66666666666666663,True,False,False,1.2299933637412375,2.916871079971969,1.7094436177415462
exhaustive_six_of_ten_partition,partition_018_4564a231687a,,hierarchical_power_fallback,0.90000000000000002,5,3,6,,unavailable_finite_sample_full_physical_range,0,0,,False,,False,,,
exhaustive_six_of_ten_partition,partition_018_4564a231687a,,hierarchical_power_fallback,0.94999999999999996,5,3,6,,unavailable_finite_sample_full_physical_range,0,0,,False,,False,,,
exhaustive_six_of_ten_partition,partition_019_4ea030d21839,,hierarchical_activation_residual,0.80000000000000004,1,1,2,,unavailable_finite_sample_full_physical_range,0,0,,False,,False,,,
exhaustive_six_of_ten_partition,partition_019_4ea030d21839,,hierarchical_activation_residual,0.90000000000000002,1,1,2,,unavailable_finite_sample_full_physical_range,0,0,,False,,False,,,
exhaustive_six_of_ten_partition,partition_019_4ea030d21839,,hierarchical_activation_residual,0.94999999999999996,1,1,2,,unavailable_finite_sample_full_physical_range,0,0,,False,,False,,,
exhaustive_six_of_ten_partition,partition_019_4ea030d21839,,hierarchical_power_fallback,0.80000000000000004,5,3,5,1.4840726147248924,finite_order_statistic,3,2,0.66666666666666663,True,False,False,1.2360155771813424,2.916871079971969,1.7154658311816509
exhaustive_six_of_ten_partition,partition_019_4ea030d21839,,hierarchical_power_fallback,0.90000000000000002,5,3,6,,unavailable_finite_sample_full_physical_range,0,0,,False,,False,,,
exhaustive_six_of_ten_partition,partition_019_4ea030d21839,,hierarchical_power_fallback,0.94999999999999996,5,3,6,,unavailable_finite_sample_full_physical_range,0,0,,False,,False,,,
exhaustive_six_of_ten_partition,partition_020_93c63bd6fce0,,hierarchical_activation_residual,0.80000000000000004,1,1,2,,unavailable_finite_sample_full_physical_range,0,0,,False,,False,,,
exhaustive_six_of_ten_partition,partition_020_93c63bd6fce0,,hierarchical_activation_residual,0.90000000000000002,1,1,2,,unavailable_finite_sample_full_physical_range,0,0,,False,,False,,,
exhaustive_six_of_ten_partition,partition_020_93c63bd6fce0,,hierarchical_activation_residual,0.94999999999999996,1,1,2,,unavailable_finite_sample_full_physical_range,0,0,,False,,False,,,
exhaustive_six_of_ten_partition,partition_020_93c63bd6fce0,,hierarchical_power_fallback,0.80000000000000004,5,3,5,2.1698424743004083,finite_order_statistic,3,3,1,True,True,True,1.5508073832474498,3.4427051368367643,1.5508073832474498
exhaustive_six_of_ten_partition,partition_020_93c63bd6fce0,,hierarchical_power_fallback,0.90000000000000002,5,3,6,,unavailable_finite_sample_full_physical_range,0,0,,False,,False,,,
exhaustive_six_of_ten_partition,partition_020_93c63bd6fce0,,hierarchical_power_fallback,0.94999999999999996,5,3,6,,unavailable_finite_sample_full_physical_range,0,0,,False,,False,,,
exhaustive_six_of_ten_partition,partition_021_601eb1a9196d,,hierarchical_activation_residual,0.80000000000000004,1,1,2,,unavailable_finite_sample_full_physical_range,0,0,,False,,False,,,
exhaustive_six_of_ten_partition,partition_021_601eb1a9196d,,hierarchical_activation_residual,0.90000000000000002,1,1,2,,unavailable_finite_sample_full_physical_range,0,0,,False,,False,,,
exhaustive_six_of_ten_partition,partition_021_601eb1a9196d,,hierarchical_activation_residual,0.94999999999999996,1,1,2,,unavailable_finite_sample_full_physical_range,0,0,,False,,False,,,
exhaustive_six_of_ten_partition,partition_021_601eb1a9196d,,hierarchical_power_fallback,0.80000000000000004,5,3,5,2.1698424743004083,finite_order_statistic,3,3,1,True,True,True,1.6841507351838452,3.4427051368367643,1.6841507351838452
exhaustive_six_of_ten_partition,partition_021_601eb1a9196d,,hierarchical_power_fallback,0.90000000000000002,5,3,6,,unavailable_finite_sample_full_physical_range,0,0,,False,,False,,,
exhaustive_six_of_ten_partition,partition_021_601eb1a9196d,,hierarchical_power_fallback,0.94999999999999996,5,3,6,,unavailable_finite_sample_full_physical_range,0,0,,False,,False,,,
exhaustive_six_of_ten_partition,partition_022_1096b6c99604,,hierarchical_activation_residual,0.80000000000000004,1,1,2,,unavailable_finite_sample_full_physical_range,0,0,,False,,False,,,
exhaustive_six_of_ten_partition,partition_022_1096b6c99604,,hierarchical_activation_residual,0.90000000000000002,1,1,2,,unavailable_finite_sample_full_physical_range,0,0,,False,,False,,,
exhaustive_six_of_ten_partition,partition_022_1096b6c99604,,hierarchical_activation_residual,0.94999999999999996,1,1,2,,unavailable_finite_sample_full_physical_range,0,0,,False,,False,,,
exhaustive_six_of_ten_partition,partition_022_1096b6c99604,,hierarchical_power_fallback,0.80000000000000004,5,3,5,2.1698424743004083,finite_order_statistic,3,3,1,True,True,True,1.692955731908393,3.4427051368367643,1.692955731908393
exhaustive_six_of_ten_partition,partition_022_1096b6c99604,,hierarchical_power_fallback,0.90000000000000002,5,3,6,,unavailable_finite_sample_full_physical_range,0,0,,False,,False,,,
exhaustive_six_of_ten_partition,partition_022_1096b6c99604,,hierarchical_power_fallback,0.94999999999999996,5,3,6,,unavailable_finite_sample_full_physical_range,0,0,,False,,False,,,
exhaustive_six_of_ten_partition,partition_023_de5d53be9599,,hierarchical_activation_residual,0.80000000000000004,1,1,2,,unavailable_finite_sample_full_physical_range,0,0,,False,,False,,,
exhaustive_six_of_ten_partition,partition_023_de5d53be9599,,hierarchical_activation_residual,0.90000000000000002,1,1,2,,unavailable_finite_sample_full_physical_range,0,0,,False,,False,,,
exhaustive_six_of_ten_partition,partition_023_de5d53be9599,,hierarchical_activation_residual,0.94999999999999996,1,1,2,,unavailable_finite_sample_full_physical_range,0,0,,False,,False,,,
exhaustive_six_of_ten_partition,partition_023_de5d53be9599,,hierarchical_power_fallback,0.80000000000000004,5,3,5,1.4840726147248924,finite_order_statistic,3,2,0.66666666666666663,True,False,False,1.2670517757251079,2.916871079971969,1.7465020297254163
exhaustive_six_of_ten_partition,partition_023_de5d53be9599,,hierarchical_power_fallback,0.90000000000000002,5,3,6,,unavailable_finite_sample_full_physical_range,0,0,,False,,False,,,
exhaustive_six_of_ten_partition,partition_023_de5d53be9599,,hierarchical_power_fallback,0.94999999999999996,5,3,6,,unavailable_finite_sample_full_physical_range,0,0,,False,,False,,,
exhaustive_six_of_ten_partition,partition_024_ad76837de245,,hierarchical_activation_residual,0.80000000000000004,1,1,2,,unavailable_finite_sample_full_physical_range,0,0,,False,,False,,,
exhaustive_six_of_ten_partition,partition_024_ad76837de245,,hierarchical_activation_residual,0.90000000000000002,1,1,2,,unavailable_finite_sample_full_physical_range,0,0,,False,,False,,,
exhaustive_six_of_ten_partition,partition_024_ad76837de245,,hierarchical_activation_residual,0.94999999999999996,1,1,2,,unavailable_finite_sample_full_physical_range,0,0,,False,,False,,,
exhaustive_six_of_ten_partition,partition_024_ad76837de245,,hierarchical_power_fallback,0.80000000000000004,5,3,5,1.4840726147248924,finite_order_statistic,3,2,0.66666666666666663,True,False,False,1.2730739891652127,2.916871079971969,1.752524243165521
exhaustive_six_of_ten_partition,partition_024_ad76837de245,,hierarchical_power_fallback,0.90000000000000002,5,3,6,,unavailable_finite_sample_full_physical_range,0,0,,False,,False,,,
exhaustive_six_of_ten_partition,partition_024_ad76837de245,,hierarchical_power_fallback,0.94999999999999996,5,3,6,,unavailable_finite_sample_full_physical_range,0,0,,False,,False,,,
exhaustive_six_of_ten_partition,partition_025_9742a216df44,,hierarchical_activation_residual,0.80000000000000004,1,1,2,,unavailable_finite_sample_full_physical_range,0,0,,False,,False,,,
exhaustive_six_of_ten_partition,partition_025_9742a216df44,,hierarchical_activation_residual,0.90000000000000002,1,1,2,,unavailable_finite_sample_full_physical_range,0,0,,False,,False,,,
exhaustive_six_of_ten_partition,partition_025_9742a216df44,,hierarchical_activation_residual,0.94999999999999996,1,1,2,,unavailable_finite_sample_full_physical_range,0,0,,False,,False,,,
exhaustive_six_of_ten_partition,partition_025_9742a216df44,,hierarchical_power_fallback,0.80000000000000004,5,3,5,1.4840726147248924,finite_order_statistic,3,2,0.66666666666666663,True,False,False,1.3642747188533126,2.916871079971969,1.8437249728536209
exhaustive_six_of_ten_partition,partition_025_9742a216df44,,hierarchical_power_fallback,0.90000000000000002,5,3,6,,unavailable_finite_sample_full_physical_range,0,0,,False,,False,,,
exhaustive_six_of_ten_partition,partition_025_9742a216df44,,hierarchical_power_fallback,0.94999999999999996,5,3,6,,unavailable_finite_sample_full_physical_range,0,0,,False,,False,,,
exhaustive_six_of_ten_partition,partition_026_340bb40f9e5a,,hierarchical_activation_residual,0.80000000000000004,1,1,2,,unavailable_finite_sample_full_physical_range,0,0,,False,,False,,,
exhaustive_six_of_ten_partition,partition_026_340bb40f9e5a,,hierarchical_activation_residual,0.90000000000000002,1,1,2,,unavailable_finite_sample_full_physical_range,0,0,,False,,False,,,
exhaustive_six_of_ten_partition,partition_026_340bb40f9e5a,,hierarchical_activation_residual,0.94999999999999996,1,1,2,,unavailable_finite_sample_full_physical_range,0,0,,False,,False,,,
exhaustive_six_of_ten_partition,partition_026_340bb40f9e5a,,hierarchical_power_fallback,0.80000000000000004,5,3,5,2.1698424743004083,finite_order_statistic,3,3,1,True,True,True,1.6428157041000298,4.1087384001945395,1.6428157041000298
exhaustive_six_of_ten_partition,partition_026_340bb40f9e5a,,hierarchical_power_fallback,0.90000000000000002,5,3,6,,unavailable_finite_sample_full_physical_range,0,0,,False,,False,,,
exhaustive_six_of_ten_partition,partition_026_340bb40f9e5a,,hierarchical_power_fallback,0.94999999999999996,5,3,6,,unavailable_finite_sample_full_physical_range,0,0,,False,,False,,,
exhaustive_six_of_ten_partition,partition_027_0197406d8352,,hierarchical_activation_residual,0.80000000000000004,1,1,2,,unavailable_finite_sample_full_physical_range,0,0,,False,,False,,,
exhaustive_six_of_ten_partition,partition_027_0197406d8352,,hierarchical_activation_residual,0.90000000000000002,1,1,2,,unavailable_finite_sample_full_physical_range,0,0,,False,,False,,,
exhaustive_six_of_ten_partition,partition_027_0197406d8352,,hierarchical_activation_residual,0.94999999999999996,1,1,2,,unavailable_finite_sample_full_physical_range,0,0,,False,,False,,,
exhaustive_six_of_ten_partition,partition_027_0197406d8352,,hierarchical_power_fallback,0.80000000000000004,5,3,5,2.1698424743004083,finite_order_statistic,3,3,1,True,True,True,1.7761590560364251,4.1087384001945395,1.7761590560364251
exhaustive_six_of_ten_partition,partition_027_0197406d8352,,hierarchical_power_fallback,0.90000000000000002,5,3,6,,unavailable_finite_sample_full_physical_range,0,0,,False,,False,,,
exhaustive_six_of_ten_partition,partition_027_0197406d8352,,hierarchical_power_fallback,0.94999999999999996,5,3,6,,unavailable_finite_sample_full_physical_range,0,0,,False,,False,,,
exhaustive_six_of_ten_partition,partition_028_76f211007bce,,hierarchical_activation_residual,0.80000000000000004,1,1,2,,unavailable_finite_sample_full_physical_range,0,0,,False,,False,,,
exhaustive_six_of_ten_partition,partition_028_76f211007bce,,hierarchical_activation_residual,0.90000000000000002,1,1,2,,unavailable_finite_sample_full_physical_range,0,0,,False,,False,,,
exhaustive_six_of_ten_partition,partition_028_76f211007bce,,hierarchical_activation_residual,0.94999999999999996,1,1,2,,unavailable_finite_sample_full_physical_range,0,0,,False,,False,,,
exhaustive_six_of_ten_partition,partition_028_76f211007bce,,hierarchical_power_fallback,0.80000000000000004,5,3,5,2.1698424743004083,finite_order_statistic,3,3,1,True,True,True,1.7849640527609729,4.1087384001945395,1.7849640527609729
exhaustive_six_of_ten_partition,partition_028_76f211007bce,,hierarchical_power_fallback,0.90000000000000002,5,3,6,,unavailable_finite_sample_full_physical_range,0,0,,False,,False,,,
exhaustive_six_of_ten_partition,partition_028_76f211007bce,,hierarchical_power_fallback,0.94999999999999996,5,3,6,,unavailable_finite_sample_full_physical_range,0,0,,False,,False,,,
exhaustive_six_of_ten_partition,partition_029_282f9a8daf86,,hierarchical_activation_residual,0.80000000000000004,1,1,2,,unavailable_finite_sample_full_physical_range,0,0,,False,,False,,,
exhaustive_six_of_ten_partition,partition_029_282f9a8daf86,,hierarchical_activation_residual,0.90000000000000002,1,1,2,,unavailable_finite_sample_full_physical_range,0,0,,False,,False,,,
exhaustive_six_of_ten_partition,partition_029_282f9a8daf86,,hierarchical_activation_residual,0.94999999999999996,1,1,2,,unavailable_finite_sample_full_physical_range,0,0,,False,,False,,,
exhaustive_six_of_ten_partition,partition_029_282f9a8daf86,,hierarchical_power_fallback,0.80000000000000004,5,3,5,1.4840726147248924,finite_order_statistic,3,2,0.66666666666666663,True,False,False,1.329981242228504,2.916871079971969,1.8094314962288127
exhaustive_six_of_ten_partition,partition_029_282f9a8daf86,,hierarchical_power_fallback,0.90000000000000002,5,3,6,,unavailable_finite_sample_full_physical_range,0,0,,False,,False,,,
exhaustive_six_of_ten_partition,partition_029_282f9a8daf86,,hierarchical_power_fallback,0.94999999999999996,5,3,6,,unavailable_finite_sample_full_physical_range,0,0,,False,,False,,,
exhaustive_six_of_ten_partition,partition_030_683d2d5e300f,,hierarchical_activation_residual,0.80000000000000004,1,1,2,,unavailable_finite_sample_full_physical_range,0,0,,False,,False,,,
exhaustive_six_of_ten_partition,partition_030_683d2d5e300f,,hierarchical_activation_residual,0.90000000000000002,1,1,2,,unavailable_finite_sample_full_physical_range,0,0,,False,,False,,,
exhaustive_six_of_ten_partition,partition_030_683d2d5e300f,,hierarchical_activation_residual,0.94999999999999996,1,1,2,,unavailable_finite_sample_full_physical_range,0,0,,False,,False,,,
exhaustive_six_of_ten_partition,partition_030_683d2d5e300f,,hierarchical_power_fallback,0.80000000000000004,5,3,5,1.4840726147248924,finite_order_statistic,3,2,0.66666666666666663,True,False,False,1.3360034556686087,2.916871079971969,1.8154537096689174
exhaustive_six_of_ten_partition,partition_030_683d2d5e300f,,hierarchical_power_fallback,0.90000000000000002,5,3,6,,unavailable_finite_sample_full_physical_range,0,0,,False,,False,,,
exhaustive_six_of_ten_partition,partition_030_683d2d5e300f,,hierarchical_power_fallback,0.94999999999999996,5,3,6,,unavailable_finite_sample_full_physical_range,0,0,,False,,False,,,
exhaustive_six_of_ten_partition,partition_031_6adef642bd96,,hierarchical_activation_residual,0.80000000000000004,1,1,2,,unavailable_finite_sample_full_physical_range,0,0,,False,,False,,,
exhaustive_six_of_ten_partition,partition_031_6adef642bd96,,hierarchical_activation_residual,0.90000000000000002,1,1,2,,unavailable_finite_sample_full_physical_range,0,0,,False,,False,,,
exhaustive_six_of_ten_partition,partition_031_6adef642bd96,,hierarchical_activation_residual,0.94999999999999996,1,1,2,,unavailable_finite_sample_full_physical_range,0,0,,False,,False,,,
exhaustive_six_of_ten_partition,partition_031_6adef642bd96,,hierarchical_power_fallback,0.80000000000000004,5,3,5,1.4840726147248924,finite_order_statistic,3,2,0.66666666666666663,True,False,False,1.4272041853567086,2.916871079971969,1.9066544393570173
exhaustive_six_of_ten_partition,partition_031_6adef642bd96,,hierarchical_power_fallback,0.90000000000000002,5,3,6,,unavailable_finite_sample_full_physical_range,0,0,,False,,False,,,
exhaustive_six_of_ten_partition,partition_031_6adef642bd96,,hierarchical_power_fallback,0.94999999999999996,5,3,6,,unavailable_finite_sample_full_physical_range,0,0,,False,,False,,,
exhaustive_six_of_ten_partition,partition_032_49c3c792ab97,,hierarchical_activation_residual,0.80000000000000004,1,1,2,,unavailable_finite_sample_full_physical_range,0,0,,False,,False,,,
exhaustive_six_of_ten_partition,partition_032_49c3c792ab97,,hierarchical_activation_residual,0.90000000000000002,1,1,2,,unavailable_finite_sample_full_physical_range,0,0,,False,,False,,,
exhaustive_six_of_ten_partition,partition_032_49c3c792ab97,,hierarchical_activation_residual,0.94999999999999996,1,1,2,,unavailable_finite_sample_full_physical_range,0,0,,False,,False,,,
exhaustive_six_of_ten_partition,partition_032_49c3c792ab97,,hierarchical_power_fallback,0.80000000000000004,5,3,5,2.1698424743004083,finite_order_statistic,3,3,1,True,True,True,1.8303416583935419,4.1087384001945395,1.8303416583935419
exhaustive_six_of_ten_partition,partition_032_49c3c792ab97,,hierarchical_power_fallback,0.90000000000000002,5,3,6,,unavailable_finite_sample_full_physical_range,0,0,,False,,False,,,
exhaustive_six_of_ten_partition,partition_032_49c3c792ab97,,hierarchical_power_fallback,0.94999999999999996,5,3,6,,unavailable_finite_sample_full_physical_range,0,0,,False,,False,,,
exhaustive_six_of_ten_partition,partition_033_ff229abd5b49,,hierarchical_activation_residual,0.80000000000000004,1,1,2,,unavailable_finite_sample_full_physical_range,0,0,,False,,False,,,
exhaustive_six_of_ten_partition,partition_033_ff229abd5b49,,hierarchical_activation_residual,0.90000000000000002,1,1,2,,unavailable_finite_sample_full_physical_range,0,0,,False,,False,,,
exhaustive_six_of_ten_partition,partition_033_ff229abd5b49,,hierarchical_activation_residual,0.94999999999999996,1,1,2,,unavailable_finite_sample_full_physical_range,0,0,,False,,False,,,
exhaustive_six_of_ten_partition,partition_033_ff229abd5b49,,hierarchical_power_fallback,0.80000000000000004,5,3,5,2.1698424743004083,finite_order_statistic,3,3,1,True,True,True,1.8391466551180897,4.1087384001945395,1.8391466551180897
exhaustive_six_of_ten_partition,partition_033_ff229abd5b49,,hierarchical_power_fallback,0.90000000000000002,5,3,6,,unavailable_finite_sample_full_physical_range,0,0,,False,,False,,,
exhaustive_six_of_ten_partition,partition_033_ff229abd5b49,,hierarchical_power_fallback,0.94999999999999996,5,3,6,,unavailable_finite_sample_full_physical_range,0,0,,False,,False,,,
exhaustive_six_of_ten_partition,partition_034_a05b6ec4ee0a,,hierarchical_activation_residual,0.80000000000000004,1,1,2,,unavailable_finite_sample_full_physical_range,0,0,,False,,False,,,
exhaustive_six_of_ten_partition,partition_034_a05b6ec4ee0a,,hierarchical_activation_residual,0.90000000000000002,1,1,2,,unavailable_finite_sample_full_physical_range,0,0,,False,,False,,,
exhaustive_six_of_ten_partition,partition_034_a05b6ec4ee0a,,hierarchical_activation_residual,0.94999999999999996,1,1,2,,unavailable_finite_sample_full_physical_range,0,0,,False,,False,,,
exhaustive_six_of_ten_partition,partition_034_a05b6ec4ee0a,,hierarchical_power_fallback,0.80000000000000004,5,3,5,2.1698424743004083,finite_order_statistic,3,3,1,True,True,True,1.9724900070544846,4.1087384001945395,1.9724900070544846
exhaustive_six_of_ten_partition,partition_034_a05b6ec4ee0a,,hierarchical_power_fallback,0.90000000000000002,5,3,6,,unavailable_finite_sample_full_physical_range,0,0,,False,,False,,,
exhaustive_six_of_ten_partition,partition_034_a05b6ec4ee0a,,hierarchical_power_fallback,0.94999999999999996,5,3,6,,unavailable_finite_sample_full_physical_range,0,0,,False,,False,,,
exhaustive_six_of_ten_partition,partition_035_8b7b77504e6e,,hierarchical_activation_residual,0.80000000000000004,1,1,2,,unavailable_finite_sample_full_physical_range,0,0,,False,,False,,,
exhaustive_six_of_ten_partition,partition_035_8b7b77504e6e,,hierarchical_activation_residual,0.90000000000000002,1,1,2,,unavailable_finite_sample_full_physical_range,0,0,,False,,False,,,
exhaustive_six_of_ten_partition,partition_035_8b7b77504e6e,,hierarchical_activation_residual,0.94999999999999996,1,1,2,,unavailable_finite_sample_full_physical_range,0,0,,False,,False,,,
exhaustive_six_of_ten_partition,partition_035_8b7b77504e6e,,hierarchical_power_fallback,0.80000000000000004,5,3,5,1.4840726147248924,finite_order_statistic,3,2,0.66666666666666663,True,False,False,1.4642625973405792,2.916871079971969,1.9437128513408879
exhaustive_six_of_ten_partition,partition_035_8b7b77504e6e,,hierarchical_power_fallback,0.90000000000000002,5,3,6,,unavailable_finite_sample_full_physical_range,0,0,,False,,False,,,
exhaustive_six_of_ten_partition,partition_035_8b7b77504e6e,,hierarchical_power_fallback,0.94999999999999996,5,3,6,,unavailable_finite_sample_full_physical_range,0,0,,False,,False,,,
exhaustive_six_of_ten_partition,partition_036_673b6d7157ff,,hierarchical_activation_residual,0.80000000000000004,2,0,3,,unavailable_finite_sample_full_physical_range,0,0,,,,,,,
exhaustive_six_of_ten_partition,partition_036_673b6d7157ff,,hierarchical_activation_residual,0.90000000000000002,2,0,3,,unavailable_finite_sample_full_physical_range,0,0,,,,,,,
exhaustive_six_of_ten_partition,partition_036_673b6d7157ff,,hierarchical_activation_residual,0.94999999999999996,2,0,3,,unavailable_finite_sample_full_physical_range,0,0,,,,,,,
exhaustive_six_of_ten_partition,partition_036_673b6d7157ff,,hierarchical_power_fallback,0.80000000000000004,4,4,4,2.1698424743004083,finite_order_statistic,4,4,1,True,True,True,1.4785419239864241,3.0610265608058569,1.4785419239864241
exhaustive_six_of_ten_partition,partition_036_673b6d7157ff,,hierarchical_power_fallback,0.90000000000000002,4,4,5,,unavailable_finite_sample_full_physical_range,0,0,,False,,False,,,
exhaustive_six_of_ten_partition,partition_036_673b6d7157ff,,hierarchical_power_fallback,0.94999999999999996,4,4,5,,unavailable_finite_sample_full_physical_range,0,0,,False,,False,,,
exhaustive_six_of_ten_partition,partition_037_b2980dcbb4d3,,hierarchical_activation_residual,0.80000000000000004,2,0,3,,unavailable_finite_sample_full_physical_range,0,0,,,,,,,
exhaustive_six_of_ten_partition,partition_037_b2980dcbb4d3,,hierarchical_activation_residual,0.90000000000000002,2,0,3,,unavailable_finite_sample_full_physical_range,0,0,,,,,,,
exhaustive_six_of_ten_partition,partition_037_b2980dcbb4d3,,hierarchical_activation_residual,0.94999999999999996,2,0,3,,unavailable_finite_sample_full_physical_range,0,0,,,,,,,
exhaustive_six_of_ten_partition,partition_037_b2980dcbb4d3,,hierarchical_power_fallback,0.80000000000000004,4,4,4,1.4840726147248924,finite_order_statistic,4,3,0.75,True,False,False,1.0976322883033323,2.916871079971969,1.4572199788035636
exhaustive_six_of_ten_partition,partition_037_b2980dcbb4d3,,hierarchical_power_fallback,0.90000000000000002,4,4,5,,unavailable_finite_sample_full_physical_range,0,0,,False,,False,,,
exhaustive_six_of_ten_partition,partition_037_b2980dcbb4d3,,hierarchical_power_fallback,0.94999999999999996,4,4,5,,unavailable_finite_sample_full_physical_range,0,0,,False,,False,,,
exhaustive_six_of_ten_partition,partition_038_8a64fd2f4fc3,,hierarchical_activation_residual,0.80000000000000004,2,0,3,,unavailable_finite_sample_full_physical_range,0,0,,,,,,,
exhaustive_six_of_ten_partition,partition_038_8a64fd2f4fc3,,hierarchical_activation_residual,0.90000000000000002,2,0,3,,unavailable_finite_sample_full_physical_range,0,0,,,,,,,
exhaustive_six_of_ten_partition,partition_038_8a64fd2f4fc3,,hierarchical_activation_residual,0.94999999999999996,2,0,3,,unavailable_finite_sample_full_physical_range,0,0,,,,,,,
exhaustive_six_of_ten_partition,partition_038_8a64fd2f4fc3,,hierarchical_power_fallback,0.80000000000000004,4,4,4,1.4840726147248924,finite_order_statistic,4,3,0.75,True,False,False,1.166032835569407,2.916871079971969,1.5256205260696385
exhaustive_six_of_ten_partition,partition_038_8a64fd2f4fc3,,hierarchical_power_fallback,0.90000000000000002,4,4,5,,unavailable_finite_sample_full_physical_range,0,0,,False,,False,,,
exhaustive_six_of_ten_partition,partition_038_8a64fd2f4fc3,,hierarchical_power_fallback,0.94999999999999996,4,4,5,,unavailable_finite_sample_full_physical_range,0,0,,False,,False,,,
exhaustive_six_of_ten_partition,partition_039_b1238464096b,,hierarchical_activation_residual,0.80000000000000004,2,0,3,,unavailable_finite_sample_full_physical_range,0,0,,,,,,,
exhaustive_six_of_ten_partition,partition_039_b1238464096b,,hierarchical_activation_residual,0.90000000000000002,2,0,3,,unavailable_finite_sample_full_physical_range,0,0,,,,,,,
exhaustive_six_of_ten_partition,partition_039_b1238464096b,,hierarchical_activation_residual,0.94999999999999996,2,0,3,,unavailable_finite_sample_full_physical_range,0,0,,,,,,,
exhaustive_six_of_ten_partition,partition_039_b1238464096b,,hierarchical_power_fallback,0.80000000000000004,4,4,4,1.4840726147248924,finite_order_statistic,4,3,0.75,True,False,False,1.1705494956494855,2.916871079971969,1.5301371861497171
exhaustive_six_of_ten_partition,partition_039_b1238464096b,,hierarchical_power_fallback,0.90000000000000002,4,4,5,,unavailable_finite_sample_full_physical_range,0,0,,False,,False,,,
exhaustive_six_of_ten_partition,partition_039_b1238464096b,,hierarchical_power_fallback,0.94999999999999996,4,4,5,,unavailable_finite_sample_full_physical_range,0,0,,False,,False,,,
exhaustive_six_of_ten_partition,partition_040_cf546a05b0d7,,hierarchical_activation_residual,0.80000000000000004,2,0,3,,unavailable_finite_sample_full_physical_range,0,0,,,,,,,
exhaustive_six_of_ten_partition,partition_040_cf546a05b0d7,,hierarchical_activation_residual,0.90000000000000002,2,0,3,,unavailable_finite_sample_full_physical_range,0,0,,,,,,,
exhaustive_six_of_ten_partition,partition_040_cf546a05b0d7,,hierarchical_activation_residual,0.94999999999999996,2,0,3,,unavailable_finite_sample_full_physical_range,0,0,,,,,,,
exhaustive_six_of_ten_partition,partition_040_cf546a05b0d7,,hierarchical_power_fallback,0.80000000000000004,4,4,4,2.1698424743004083,finite_order_statistic,4,4,1,True,True,True,1.5191788757542612,3.4427051368367643,1.5191788757542612
exhaustive_six_of_ten_partition,partition_040_cf546a05b0d7,,hierarchical_power_fallback,0.90000000000000002,4,4,5,,unavailable_finite_sample_full_physical_range,0,0,,False,,False,,,
exhaustive_six_of_ten_partition,partition_040_cf546a05b0d7,,hierarchical_power_fallback,0.94999999999999996,4,4,5,,unavailable_finite_sample_full_physical_range,0,0,,False,,False,,,
exhaustive_six_of_ten_partition,partition_041_d2e529cd4033,,hierarchical_activation_residual,0.80000000000000004,2,0,3,,unavailable_finite_sample_full_physical_range,0,0,,,,,,,
exhaustive_six_of_ten_partition,partition_041_d2e529cd4033,,hierarchical_activation_residual,0.90000000000000002,2,0,3,,unavailable_finite_sample_full_physical_range,0,0,,,,,,,
exhaustive_six_of_ten_partition,partition_041_d2e529cd4033,,hierarchical_activation_residual,0.94999999999999996,2,0,3,,unavailable_finite_sample_full_physical_range,0,0,,,,,,,
exhaustive_six_of_ten_partition,partition_041_d2e529cd4033,,hierarchical_power_fallback,0.80000000000000004,4,4,4,2.1698424743004083,finite_order_statistic,4,4,1,True,True,True,1.6191863897065577,3.4427051368367643,1.6191863897065577
exhaustive_six_of_ten_partition,partition_041_d2e529cd4033,,hierarchical_power_fallback,0.90000000000000002,4,4,5,,unavailable_finite_sample_full_physical_range,0,0,,False,,False,,,
exhaustive_six_of_ten_partition,partition_041_d2e529cd4033,,hierarchical_power_fallback,0.94999999999999996,4,4,5,,unavailable_finite_sample_full_physical_range,0,0,,False,,False,,,
exhaustive_six_of_ten_partition,partition_042_7374cc557298,,hierarchical_activation_residual,0.80000000000000004,2,0,3,,unavailable_finite_sample_full_physical_range,0,0,,,,,,,
exhaustive_six_of_ten_partition,partition_042_7374cc557298,,hierarchical_activation_residual,0.90000000000000002,2,0,3,,unavailable_finite_sample_full_physical_range,0,0,,,,,,,
exhaustive_six_of_ten_partition,partition_042_7374cc557298,,hierarchical_activation_residual,0.94999999999999996,2,0,3,,unavailable_finite_sample_full_physical_range,0,0,,,,,,,
exhaustive_six_of_ten_partition,partition_042_7374cc557298,,hierarchical_power_fallback,0.80000000000000004,4,4,4,2.1698424743004083,finite_order_statistic,4,4,1,True,True,True,1.6257901372499686,3.4427051368367643,1.6257901372499686
exhaustive_six_of_ten_partition,partition_042_7374cc557298,,hierarchical_power_fallback,0.90000000000000002,4,4,5,,unavailable_finite_sample_full_physical_range,0,0,,False,,False,,,
exhaustive_six_of_ten_partition,partition_042_7374cc557298,,hierarchical_power_fallback,0.94999999999999996,4,4,5,,unavailable_finite_sample_full_physical_range,0,0,,False,,False,,,
exhaustive_six_of_ten_partition,partition_043_1fbfa576f7cb,,hierarchical_activation_residual,0.80000000000000004,2,0,3,,unavailable_finite_sample_full_physical_range,0,0,,,,,,,
exhaustive_six_of_ten_partition,partition_043_1fbfa576f7cb,,hierarchical_activation_residual,0.90000000000000002,2,0,3,,unavailable_finite_sample_full_physical_range,0,0,,,,,,,
exhaustive_six_of_ten_partition,partition_043_1fbfa576f7cb,,hierarchical_activation_residual,0.94999999999999996,2,0,3,,unavailable_finite_sample_full_physical_range,0,0,,,,,,,
exhaustive_six_of_ten_partition,partition_043_1fbfa576f7cb,,hierarchical_power_fallback,0.80000000000000004,4,4,4,1.4840726147248924,finite_order_statistic,4,3,0.75,True,False,False,1.1938266445573098,2.916871079971969,1.5534143350575411
exhaustive_six_of_ten_partition,partition_043_1fbfa576f7cb,,hierarchical_power_fallback,0.90000000000000002,4,4,5,,unavailable_finite_sample_full_physical_range,0,0,,False,,False,,,
exhaustive_six_of_ten_partition,partition_043_1fbfa576f7cb,,hierarchical_power_fallback,0.94999999999999996,4,4,5,,unavailable_finite_sample_full_physical_range,0,0,,False,,False,,,
exhaustive_six_of_ten_partition,partition_044_1e98e122b9bb,,hierarchical_activation_residual,0.80000000000000004,2,0,3,,unavailable_finite_sample_full_physical_range,0,0,,,,,,,
exhaustive_six_of_ten_partition,partition_044_1e98e122b9bb,,hierarchical_activation_residual,0.90000000000000002,2,0,3,,unavailable_finite_sample_full_physical_range,0,0,,,,,,,
exhaustive_six_of_ten_partition,partition_044_1e98e122b9bb,,hierarchical_activation_residual,0.94999999999999996,2,0,3,,unavailable_finite_sample_full_physical_range,0,0,,,,,,,
exhaustive_six_of_ten_partition,partition_044_1e98e122b9bb,,hierarchical_power_fallback,0.80000000000000004,4,4,4,1.4840726147248924,finite_order_statistic,4,3,0.75,True,False,False,1.1983433046373884,2.916871079971969,1.5579309951376197
exhaustive_six_of_ten_partition,partition_044_1e98e122b9bb,,hierarchical_power_fallback,0.90000000000000002,4,4,5,,unavailable_finite_sample_full_physical_range,0,0,,False,,False,,,
exhaustive_six_of_ten_partition,partition_044_1e98e122b9bb,,hierarchical_power_fallback,0.94999999999999996,4,4,5,,unavailable_finite_sample_full_physical_range,0,0,,False,,False,,,
exhaustive_six_of_ten_partition,partition_045_ca2ec77fe9c7,,hierarchical_activation_residual,0.80000000000000004,2,0,3,,unavailable_finite_sample_full_physical_range,0,0,,,,,,,
exhaustive_six_of_ten_partition,partition_045_ca2ec77fe9c7,,hierarchical_activation_residual,0.90000000000000002,2,0,3,,unavailable_finite_sample_full_physical_range,0,0,,,,,,,
exhaustive_six_of_ten_partition,partition_045_ca2ec77fe9c7,,hierarchical_activation_residual,0.94999999999999996,2,0,3,,unavailable_finite_sample_full_physical_range,0,0,,,,,,,
exhaustive_six_of_ten_partition,partition_045_ca2ec77fe9c7,,hierarchical_power_fallback,0.80000000000000004,4,4,4,1.4840726147248924,finite_order_statistic,4,3,0.75,True,False,False,1.2667438519034633,2.916871079971969,1.6263315424036946
exhaustive_six_of_ten_partition,partition_045_ca2ec77fe9c7,,hierarchical_power_fallback,0.90000000000000002,4,4,5,,unavailable_finite_sample_full_physical_range,0,0,,False,,False,,,
exhaustive_six_of_ten_partition,partition_045_ca2ec77fe9c7,,hierarchical_power_fallback,0.94999999999999996,4,4,5,,unavailable_finite_sample_full_physical_range,0,0,,False,,False,,,
exhaustive_six_of_ten_partition,partition_046_8eb946a3c0fe,,hierarchical_activation_residual,0.80000000000000004,2,0,3,,unavailable_finite_sample_full_physical_range,0,0,,,,,,,
exhaustive_six_of_ten_partition,partition_046_8eb946a3c0fe,,hierarchical_activation_residual,0.90000000000000002,2,0,3,,unavailable_finite_sample_full_physical_range,0,0,,,,,,,
exhaustive_six_of_ten_partition,partition_046_8eb946a3c0fe,,hierarchical_activation_residual,0.94999999999999996,2,0,3,,unavailable_finite_sample_full_physical_range,0,0,,,,,,,
exhaustive_six_of_ten_partition,partition_046_8eb946a3c0fe,,hierarchical_power_fallback,0.80000000000000004,4,4,4,2.1698424743004083,finite_order_statistic,4,4,1,True,True,True,1.5881851163936962,4.1087384001945395,1.5881851163936962
exhaustive_six_of_ten_partition,partition_046_8eb946a3c0fe,,hierarchical_power_fallback,0.90000000000000002,4,4,5,,unavailable_finite_sample_full_physical_range,0,0,,False,,False,,,
exhaustive_six_of_ten_partition,partition_046_8eb946a3c0fe,,hierarchical_power_fallback,0.94999999999999996,4,4,5,,unavailable_finite_sample_full_physical_range,0,0,,False,,False,,,
exhaustive_six_of_ten_partition,partition_047_46453a61cf59,,hierarchical_activation_residual,0.80000000000000004,2,0,3,,unavailable_finite_sample_full_physical_range,0,0,,,,,,,
exhaustive_six_of_ten_partition,partition_047_46453a61cf59,,hierarchical_activation_residual,0.90000000000000002,2,0,3,,unavailable_finite_sample_full_physical_range,0,0,,,,,,,
exhaustive_six_of_ten_partition,partition_047_46453a61cf59,,hierarchical_activation_residual,0.94999999999999996,2,0,3,,unavailable_finite_sample_full_physical_range,0,0,,,,,,,
exhaustive_six_of_ten_partition,partition_047_46453a61cf59,,hierarchical_power_fallback,0.80000000000000004,4,4,4,2.1698424743004083,finite_order_statistic,4,4,1,True,True,True,1.6881926303459927,4.1087384001945395,1.6881926303459927
exhaustive_six_of_ten_partition,partition_047_46453a61cf59,,hierarchical_power_fallback,0.90000000000000002,4,4,5,,unavailable_finite_sample_full_physical_range,0,0,,False,,False,,,
exhaustive_six_of_ten_partition,partition_047_46453a61cf59,,hierarchical_power_fallback,0.94999999999999996,4,4,5,,unavailable_finite_sample_full_physical_range,0,0,,False,,False,,,
exhaustive_six_of_ten_partition,partition_048_0bce1800e813,,hierarchical_activation_residual,0.80000000000000004,2,0,3,,unavailable_finite_sample_full_physical_range,0,0,,,,,,,
exhaustive_six_of_ten_partition,partition_048_0bce1800e813,,hierarchical_activation_residual,0.90000000000000002,2,0,3,,unavailable_finite_sample_full_physical_range,0,0,,,,,,,
exhaustive_six_of_ten_partition,partition_048_0bce1800e813,,hierarchical_activation_residual,0.94999999999999996,2,0,3,,unavailable_finite_sample_full_physical_range,0,0,,,,,,,
exhaustive_six_of_ten_partition,partition_048_0bce1800e813,,hierarchical_power_fallback,0.80000000000000004,4,4,4,2.1698424743004083,finite_order_statistic,4,4,1,True,True,True,1.6947963778894035,4.1087384001945395,1.6947963778894035
exhaustive_six_of_ten_partition,partition_048_0bce1800e813,,hierarchical_power_fallback,0.90000000000000002,4,4,5,,unavailable_finite_sample_full_physical_range,0,0,,False,,False,,,
exhaustive_six_of_ten_partition,partition_048_0bce1800e813,,hierarchical_power_fallback,0.94999999999999996,4,4,5,,unavailable_finite_sample_full_physical_range,0,0,,False,,False,,,
exhaustive_six_of_ten_partition,partition_049_c5f97d40abc1,,hierarchical_activation_residual,0.80000000000000004,2,0,3,,unavailable_finite_sample_full_physical_range,0,0,,,,,,,
exhaustive_six_of_ten_partition,partition_049_c5f97d40abc1,,hierarchical_activation_residual,0.90000000000000002,2,0,3,,unavailable_finite_sample_full_physical_range,0,0,,,,,,,
exhaustive_six_of_ten_partition,partition_049_c5f97d40abc1,,hierarchical_activation_residual,0.94999999999999996,2,0,3,,unavailable_finite_sample_full_physical_range,0,0,,,,,,,
exhaustive_six_of_ten_partition,partition_049_c5f97d40abc1,,hierarchical_power_fallback,0.80000000000000004,4,4,4,1.4840726147248924,finite_order_statistic,4,3,0.75,True,False,False,1.2410237444348571,2.916871079971969,1.6006114349350884
exhaustive_six_of_ten_partition,partition_049_c5f97d40abc1,,hierarchical_power_fallback,0.90000000000000002,4,4,5,,unavailable_finite_sample_full_physical_range,0,0,,False,,False,,,
exhaustive_six_of_ten_partition,partition_049_c5f97d40abc1,,hierarchical_power_fallback,0.94999999999999996,4,4,5,,unavailable_finite_sample_full_physical_range,0,0,,False,,False,,,
exhaustive_six_of_ten_partition,partition_050_4c0a3220e149,,hierarchical_activation_residual,0.80000000000000004,2,0,3,,unavailable_finite_sample_full_physical_range,0,0,,,,,,,
exhaustive_six_of_ten_partition,partition_050_4c0a3220e149,,hierarchical_activation_residual,0.90000000000000002,2,0,3,,unavailable_finite_sample_full_physical_range,0,0,,,,,,,
exhaustive_six_of_ten_partition,partition_050_4c0a3220e149,,hierarchical_activation_residual,0.94999999999999996,2,0,3,,unavailable_finite_sample_full_physical_range,0,0,,,,,,,
exhaustive_six_of_ten_partition,partition_050_4c0a3220e149,,hierarchical_power_fallback,0.80000000000000004,4,4,4,1.4840726147248924,finite_order_statistic,4,3,0.75,True,False,False,1.2455404045149356,2.916871079971969,1.605128095015167
exhaustive_six_of_ten_partition,partition_050_4c0a3220e149,,hierarchical_power_fallback,0.90000000000000002,4,4,5,,unavailable_finite_sample_full_physical_range,0,0,,False,,False,,,
exhaustive_six_of_ten_partition,partition_050_4c0a3220e149,,hierarchical_power_fallback,0.94999999999999996,4,4,5,,unavailable_finite_sample_full_physical_range,0,0,,False,,False,,,
exhaustive_six_of_ten_partition,partition_051_6abc6696e2b0,,hierarchical_activation_residual,0.80000000000000004,2,0,3,,unavailable_finite_sample_full_physical_range,0,0,,,,,,,
exhaustive_six_of_ten_partition,partition_051_6abc6696e2b0,,hierarchical_activation_residual,0.90000000000000002,2,0,3,,unavailable_finite_sample_full_physical_range,0,0,,,,,,,
exhaustive_six_of_ten_partition,partition_051_6abc6696e2b0,,hierarchical_activation_residual,0.94999999999999996,2,0,3,,unavailable_finite_sample_full_physical_range,0,0,,,,,,,
exhaustive_six_of_ten_partition,partition_051_6abc6696e2b0,,hierarchical_power_fallback,0.80000000000000004,4,4,4,1.4840726147248924,finite_order_statistic,4,3,0.75,True,False,False,1.3139409517810106,2.916871079971969,1.6735286422812419
exhaustive_six_of_ten_partition,partition_051_6abc6696e2b0,,hierarchical_power_fallback,0.90000000000000002,4,4,5,,unavailable_finite_sample_full_physical_range,0,0,,False,,False,,,
exhaustive_six_of_ten_partition,partition_051_6abc6696e2b0,,hierarchical_power_fallback,0.94999999999999996,4,4,5,,unavailable_finite_sample_full_physical_range,0,0,,False,,False,,,
exhaustive_six_of_ten_partition,partition_052_6ccafbfa12cc,,hierarchical_activation_residual,0.80000000000000004,2,0,3,,unavailable_finite_sample_full_physical_range,0,0,,,,,,,
exhaustive_six_of_ten_partition,partition_052_6ccafbfa12cc,,hierarchical_activation_residual,0.90000000000000002,2,0,3,,unavailable_finite_sample_full_physical_range,0,0,,,,,,,
exhaustive_six_of_ten_partition,partition_052_6ccafbfa12cc,,hierarchical_activation_residual,0.94999999999999996,2,0,3,,unavailable_finite_sample_full_physical_range,0,0,,,,,,,
exhaustive_six_of_ten_partition,partition_052_6ccafbfa12cc,,hierarchical_power_fallback,0.80000000000000004,4,4,4,2.1698424743004083,finite_order_statistic,4,4,1,True,True,True,1.7288295821138298,4.1087384001945395,1.7288295821138298
exhaustive_six_of_ten_partition,partition_052_6ccafbfa12cc,,hierarchical_power_fallback,0.90000000000000002,4,4,5,,unavailable_finite_sample_full_physical_range,0,0,,False,,False,,,
exhaustive_six_of_ten_partition,partition_052_6ccafbfa12cc,,hierarchical_power_fallback,0.94999999999999996,4,4,5,,unavailable_finite_sample_full_physical_range,0,0,,False,,False,,,
exhaustive_six_of_ten_partition,partition_053_a1a77356935f,,hierarchical_activation_residual,0.80000000000000004,2,0,3,,unavailable_finite_sample_full_physical_range,0,0,,,,,,,
exhaustive_six_of_ten_partition,partition_053_a1a77356935f,,hierarchical_activation_residual,0.90000000000000002,2,0,3,,unavailable_finite_sample_full_physical_range,0,0,,,,,,,
exhaustive_six_of_ten_partition,partition_053_a1a77356935f,,hierarchical_activation_residual,0.94999999999999996,2,0,3,,unavailable_finite_sample_full_physical_range,0,0,,,,,,,
exhaustive_six_of_ten_partition,partition_053_a1a77356935f,,hierarchical_power_fallback,0.80000000000000004,4,4,4,2.1698424743004083,finite_order_statistic,4,4,1,True,True,True,1.7354333296572408,4.1087384001945395,1.7354333296572408
exhaustive_six_of_ten_partition,partition_053_a1a77356935f,,hierarchical_power_fallback,0.90000000000000002,4,4,5,,unavailable_finite_sample_full_physical_range,0,0,,False,,False,,,
exhaustive_six_of_ten_partition,partition_053_a1a77356935f,,hierarchical_power_fallback,0.94999999999999996,4,4,5,,unavailable_finite_sample_full_physical_range,0,0,,False,,False,,,
exhaustive_six_of_ten_partition,partition_054_e199a29f20e0,,hierarchical_activation_residual,0.80000000000000004,2,0,3,,unavailable_finite_sample_full_physical_range,0,0,,,,,,,
exhaustive_six_of_ten_partition,partition_054_e199a29f20e0,,hierarchical_activation_residual,0.90000000000000002,2,0,3,,unavailable_finite_sample_full_physical_range,0,0,,,,,,,
exhaustive_six_of_ten_partition,partition_054_e199a29f20e0,,hierarchical_activation_residual,0.94999999999999996,2,0,3,,unavailable_finite_sample_full_physical_range,0,0,,,,,,,
exhaustive_six_of_ten_partition,partition_054_e199a29f20e0,,hierarchical_power_fallback,0.80000000000000004,4,4,4,2.1698424743004083,finite_order_statistic,4,4,1,True,True,True,1.8354408436095371,4.1087384001945395,1.8354408436095371
exhaustive_six_of_ten_partition,partition_054_e199a29f20e0,,hierarchical_power_fallback,0.90000000000000002,4,4,5,,unavailable_finite_sample_full_physical_range,0,0,,False,,False,,,
exhaustive_six_of_ten_partition,partition_054_e199a29f20e0,,hierarchical_power_fallback,0.94999999999999996,4,4,5,,unavailable_finite_sample_full_physical_range,0,0,,False,,False,,,
exhaustive_six_of_ten_partition,partition_055_c1da6c5d1236,,hierarchical_activation_residual,0.80000000000000004,2,0,3,,unavailable_finite_sample_full_physical_range,0,0,,,,,,,
exhaustive_six_of_ten_partition,partition_055_c1da6c5d1236,,hierarchical_activation_residual,0.90000000000000002,2,0,3,,unavailable_finite_sample_full_physical_range,0,0,,,,,,,
exhaustive_six_of_ten_partition,partition_055_c1da6c5d1236,,hierarchical_activation_residual,0.94999999999999996,2,0,3,,unavailable_finite_sample_full_physical_range,0,0,,,,,,,
exhaustive_six_of_ten_partition,partition_055_c1da6c5d1236,,hierarchical_power_fallback,0.80000000000000004,4,4,4,1.4840726147248924,finite_order_statistic,4,3,0.75,True,False,False,1.3417347607689132,2.916871079971969,1.7013224512691445
exhaustive_six_of_ten_partition,partition_055_c1da6c5d1236,,hierarchical_power_fallback,0.90000000000000002,4,4,5,,unavailable_finite_sample_full_physical_range,0,0,,False,,False,,,
exhaustive_six_of_ten_partition,partition_055_c1da6c5d1236,,hierarchical_power_fallback,0.94999999999999996,4,4,5,,unavailable_finite_sample_full_physical_range,0,0,,False,,False,,,
exhaustive_six_of_ten_partition,partition_056_11d7195b8fef,,hierarchical_activation_residual,0.80000000000000004,1,1,2,,unavailable_finite_sample_full_physical_range,0,0,,False,,False,,,
exhaustive_six_of_ten_partition,partition_056_11d7195b8fef,,hierarchical_activation_residual,0.90000000000000002,1,1,2,,unavailable_finite_sample_full_physical_range,0,0,,False,,False,,,
exhaustive_six_of_ten_partition,partition_056_11d7195b8fef,,hierarchical_activation_residual,0.94999999999999996,1,1,2,,unavailable_finite_sample_full_physical_range,0,0,,False,,False,,,
exhaustive_six_of_ten_partition,partition_056_11d7195b8fef,,hierarchical_power_fallback,0.80000000000000004,5,3,5,2.1698424743004083,finite_order_statistic,3,3,1,True,True,True,1.3806837381526746,2.2673997803693737,1.3806837381526746
exhaustive_six_of_ten_partition,partition_056_11d7195b8fef,,hierarchical_power_fallback,0.90000000000000002,5,3,6,,unavailable_finite_sample_full_physical_range,0,0,,False,,False,,,
exhaustive_six_of_ten_partition,partition_056_11d7195b8fef,,hierarchical_power_fallback,0.94999999999999996,5,3,6,,unavailable_finite_sample_full_physical_range,0,0,,False,,False,,,
exhaustive_six_of_ten_partition,partition_057_2ffb9ef0ed7e,,hierarchical_activation_residual,0.80000000000000004,1,1,2,,unavailable_finite_sample_full_physical_range,0,0,,False,,False,,,
exhaustive_six_of_ten_partition,partition_057_2ffb9ef0ed7e,,hierarchical_activation_residual,0.90000000000000002,1,1,2,,unavailable_finite_sample_full_physical_range,0,0,,False,,False,,,
exhaustive_six_of_ten_partition,partition_057_2ffb9ef0ed7e,,hierarchical_activation_residual,0.94999999999999996,1,1,2,,unavailable_finite_sample_full_physical_range,0,0,,False,,False,,,
exhaustive_six_of_ten_partition,partition_057_2ffb9ef0ed7e,,hierarchical_power_fallback,0.80000000000000004,5,3,5,2.1698424743004083,finite_order_statistic,3,3,1,True,True,True,1.5140270900890698,3.0610265608058569,1.5140270900890698
exhaustive_six_of_ten_partition,partition_057_2ffb9ef0ed7e,,hierarchical_power_fallback,0.90000000000000002,5,3,6,,unavailable_finite_sample_full_physical_range,0,0,,False,,False,,,
exhaustive_six_of_ten_partition,partition_057_2ffb9ef0ed7e,,hierarchical_power_fallback,0.94999999999999996,5,3,6,,unavailable_finite_sample_full_physical_range,0,0,,False,,False,,,
exhaustive_six_of_ten_partition,partition_058_6bf6559e9066,,hierarchical_activation_residual,0.80000000000000004,1,1,2,,unavailable_finite_sample_full_physical_range,0,0,,False,,False,,,
exhaustive_six_of_ten_partition,partition_058_6bf6559e9066,,hierarchical_activation_residual,0.90000000000000002,1,1,2,,unavailable_finite_sample_full_physical_range,0,0,,False,,False,,,
exhaustive_six_of_ten_partition,partition_058_6bf6559e9066,,hierarchical_activation_residual,0.94999999999999996,1,1,2,,unavailable_finite_sample_full_physical_range,0,0,,False,,False,,,
exhaustive_six_of_ten_partition,partition_058_6bf6559e9066,,hierarchical_power_fallback,0.80000000000000004,5,3,5,2.1698424743004083,finite_order_statistic,3,3,1,True,True,True,1.5228320868136178,3.0610265608058569,1.5228320868136178
exhaustive_six_of_ten_partition,partition_058_6bf6559e9066,,hierarchical_power_fallback,0.90000000000000002,5,3,6,,unavailable_finite_sample_full_physical_range,0,0,,False,,False,,,
exhaustive_six_of_ten_partition,partition_058_6bf6559e9066,,hierarchical_power_fallback,0.94999999999999996,5,3,6,,unavailable_finite_sample_full_physical_range,0,0,,False,,False,,,
exhaustive_six_of_ten_partition,partition_059_eab731050b9a,,hierarchical_activation_residual,0.80000000000000004,1,1,2,,unavailable_finite_sample_full_physical_range,0,0,,False,,False,,,
exhaustive_six_of_ten_partition,partition_059_eab731050b9a,,hierarchical_activation_residual,0.90000000000000002,1,1,2,,unavailable_finite_sample_full_physical_range,0,0,,False,,False,,,
exhaustive_six_of_ten_partition,partition_059_eab731050b9a,,hierarchical_activation_residual,0.94999999999999996,1,1,2,,unavailable_finite_sample_full_physical_range,0,0,,False,,False,,,
exhaustive_six_of_ten_partition,partition_059_eab731050b9a,,hierarchical_power_fallback,0.80000000000000004,5,3,5,1.4840726147248924,finite_order_statistic,3,2,0.66666666666666663,True,False,False,1.1506950144428245,2.916871079971969,1.6301452684431332
exhaustive_six_of_ten_partition,partition_059_eab731050b9a,,hierarchical_power_fallback,0.90000000000000002,5,3,6,,unavailable_finite_sample_full_physical_range,0,0,,False,,False,,,
exhaustive_six_of_ten_partition,partition_059_eab731050b9a,,hierarchical_power_fallback,0.94999999999999996,5,3,6,,unavailable_finite_sample_full_physical_range,0,0,,False,,False,,,
exhaustive_six_of_ten_partition,partition_060_8d28d780d33e,,hierarchical_activation_residual,0.80000000000000004,1,1,2,,unavailable_finite_sample_full_physical_range,0,0,,False,,False,,,
exhaustive_six_of_ten_partition,partition_060_8d28d780d33e,,hierarchical_activation_residual,0.90000000000000002,1,1,2,,unavailable_finite_sample_full_physical_range,0,0,,False,,False,,,
exhaustive_six_of_ten_partition,partition_060_8d28d780d33e,,hierarchical_activation_residual,0.94999999999999996,1,1,2,,unavailable_finite_sample_full_physical_range,0,0,,False,,False,,,
exhaustive_six_of_ten_partition,partition_060_8d28d780d33e,,hierarchical_power_fallback,0.80000000000000004,5,3,5,1.4840726147248924,finite_order_statistic,3,2,0.66666666666666663,True,False,False,1.1567172278829294,2.916871079971969,1.6361674818832379
exhaustive_six_of_ten_partition,partition_060_8d28d780d33e,,hierarchical_power_fallback,0.90000000000000002,5,3,6,,unavailable_finite_sample_full_physical_range,0,0,,False,,False,,,
exhaustive_six_of_ten_partition,partition_060_8d28d780d33e,,hierarchical_power_fallback,0.94999999999999996,5,3,6,,unavailable_finite_sample_full_physical_range,0,0,,False,,False,,,
exhaustive_six_of_ten_partition,partition_061_ef11aec38242,,hierarchical_activation_residual,0.80000000000000004,1,1,2,,unavailable_finite_sample_full_physical_range,0,0,,False,,False,,,
exhaustive_six_of_ten_partition,partition_061_ef11aec38242,,hierarchical_activation_residual,0.90000000000000002,1,1,2,,unavailable_finite_sample_full_physical_range,0,0,,False,,False,,,
exhaustive_six_of_ten_partition,partition_061_ef11aec38242,,hierarchical_activation_residual,0.94999999999999996,1,1,2,,unavailable_finite_sample_full_physical_range,0,0,,False,,False,,,
exhaustive_six_of_ten_partition,partition_061_ef11aec38242,,hierarchical_power_fallback,0.80000000000000004,5,3,5,1.4840726147248924,finite_order_statistic,3,2,0.66666666666666663,True,False,False,1.2479179575710291,2.916871079971969,1.7273682115713378
exhaustive_six_of_ten_partition,partition_061_ef11aec38242,,hierarchical_power_fallback,0.90000000000000002,5,3,6,,unavailable_finite_sample_full_physical_range,0,0,,False,,False,,,
exhaustive_six_of_ten_partition,partition_061_ef11aec38242,,hierarchical_power_fallback,0.94999999999999996,5,3,6,,unavailable_finite_sample_full_physical_range,0,0,,False,,False,,,
exhaustive_six_of_ten_partition,partition_062_4b5fb8766abc,,hierarchical_activation_residual,0.80000000000000004,1,1,2,,unavailable_finite_sample_full_physical_range,0,0,,False,,False,,,
exhaustive_six_of_ten_partition,partition_062_4b5fb8766abc,,hierarchical_activation_residual,0.90000000000000002,1,1,2,,unavailable_finite_sample_full_physical_range,0,0,,False,,False,,,
exhaustive_six_of_ten_partition,partition_062_4b5fb8766abc,,hierarchical_activation_residual,0.94999999999999996,1,1,2,,unavailable_finite_sample_full_physical_range,0,0,,False,,False,,,
exhaustive_six_of_ten_partition,partition_062_4b5fb8766abc,,hierarchical_power_fallback,0.80000000000000004,5,3,5,2.1698424743004083,finite_order_statistic,3,3,1,True,True,True,1.5682096924461864,3.4427051368367643,1.5682096924461864
exhaustive_six_of_ten_partition,partition_062_4b5fb8766abc,,hierarchical_power_fallback,0.90000000000000002,5,3,6,,unavailable_finite_sample_full_physical_range,0,0,,False,,False,,,
exhaustive_six_of_ten_partition,partition_062_4b5fb8766abc,,hierarchical_power_fallback,0.94999999999999996,5,3,6,,unavailable_finite_sample_full_physical_range,0,0,,False,,False,,,
exhaustive_six_of_ten_partition,partition_063_22073250a8a4,,hierarchical_activation_residual,0.80000000000000004,1,1,2,,unavailable_finite_sample_full_physical_range,0,0,,False,,False,,,
exhaustive_six_of_ten_partition,partition_063_22073250a8a4,,hierarchical_activation_residual,0.90000000000000002,1,1,2,,unavailable_finite_sample_full_physical_range,0,0,,False,,False,,,
exhaustive_six_of_ten_partition,partition_063_22073250a8a4,,hierarchical_activation_residual,0.94999999999999996,1,1,2,,unavailable_finite_sample_full_physical_range,0,0,,False,,False,,,
exhaustive_six_of_ten_partition,partition_063_22073250a8a4,,hierarchical_power_fallback,0.80000000000000004,5,3,5,2.1698424743004083,finite_order_statistic,3,3,1,True,True,True,1.5770146891707342,3.4427051368367643,1.5770146891707342
exhaustive_six_of_ten_partition,partition_063_22073250a8a4,,hierarchical_power_fallback,0.90000000000000002,5,3,6,,unavailable_finite_sample_full_physical_range,0,0,,False,,False,,,
exhaustive_six_of_ten_partition,partition_063_22073250a8a4,,hierarchical_power_fallback,0.94999999999999996,5,3,6,,unavailable_finite_sample_full_physical_range,0,0,,False,,False,,,
exhaustive_six_of_ten_partition,partition_064_99001de45129,,hierarchical_activation_residual,0.80000000000000004,1,1,2,,unavailable_finite_sample_full_physical_range,0,0,,False,,False,,,
exhaustive_six_of_ten_partition,partition_064_99001de45129,,hierarchical_activation_residual,0.90000000000000002,1,1,2,,unavailable_finite_sample_full_physical_range,0,0,,False,,False,,,
exhaustive_six_of_ten_partition,partition_064_99001de45129,,hierarchical_activation_residual,0.94999999999999996,1,1,2,,unavailable_finite_sample_full_physical_range,0,0,,False,,False,,,
exhaustive_six_of_ten_partition,partition_064_99001de45129,,hierarchical_power_fallback,0.80000000000000004,5,3,5,2.1698424743004083,finite_order_statistic,3,3,1,True,True,True,1.7103580411071293,3.4427051368367643,1.7103580411071293
exhaustive_six_of_ten_partition,partition_064_99001de45129,,hierarchical_power_fallback,0.90000000000000002,5,3,6,,unavailable_finite_sample_full_physical_range,0,0,,False,,False,,,
exhaustive_six_of_ten_partition,partition_064_99001de45129,,hierarchical_power_fallback,0.94999999999999996,5,3,6,,unavailable_finite_sample_full_physical_range,0,0,,False,,False,,,
exhaustive_six_of_ten_partition,partition_065_cc80f5049cb6,,hierarchical_activation_residual,0.80000000000000004,1,1,2,,unavailable_finite_sample_full_physical_range,0,0,,False,,False,,,
exhaustive_six_of_ten_partition,partition_065_cc80f5049cb6,,hierarchical_activation_residual,0.90000000000000002,1,1,2,,unavailable_finite_sample_full_physical_range,0,0,,False,,False,,,
exhaustive_six_of_ten_partition,partition_065_cc80f5049cb6,,hierarchical_activation_residual,0.94999999999999996,1,1,2,,unavailable_finite_sample_full_physical_range,0,0,,False,,False,,,
exhaustive_six_of_ten_partition,partition_065_cc80f5049cb6,,hierarchical_power_fallback,0.80000000000000004,5,3,5,1.4840726147248924,finite_order_statistic,3,2,0.66666666666666663,True,False,False,1.2849763695548995,2.916871079971969,1.764426623555208
exhaustive_six_of_ten_partition,partition_065_cc80f5049cb6,,hierarchical_power_fallback,0.90000000000000002,5,3,6,,unavailable_finite_sample_full_physical_range,0,0,,False,,False,,,
exhaustive_six_of_ten_partition,partition_065_cc80f5049cb6,,hierarchical_power_fallback,0.94999999999999996,5,3,6,,unavailable_finite_sample_full_physical_range,0,0,,False,,False,,,
exhaustive_six_of_ten_partition,partition_066_159fc0039682,,hierarchical_activation_residual,0.80000000000000004,1,1,2,,unavailable_finite_sample_full_physical_range,0,0,,False,,False,,,
exhaustive_six_of_ten_partition,partition_066_159fc0039682,,hierarchical_activation_residual,0.90000000000000002,1,1,2,,unavailable_finite_sample_full_physical_range,0,0,,False,,False,,,
exhaustive_six_of_ten_partition,partition_066_159fc0039682,,hierarchical_activation_residual,0.94999999999999996,1,1,2,,unavailable_finite_sample_full_physical_range,0,0,,False,,False,,,
exhaustive_six_of_ten_partition,partition_066_159fc0039682,,hierarchical_power_fallback,0.80000000000000004,5,3,5,2.1698424743004083,finite_order_statistic,3,3,1,True,True,True,1.6602180132987663,4.1087384001945395,1.6602180132987663
exhaustive_six_of_ten_partition,partition_066_159fc0039682,,hierarchical_power_fallback,0.90000000000000002,5,3,6,,unavailable_finite_sample_full_physical_range,0,0,,False,,False,,,
exhaustive_six_of_ten_partition,partition_066_159fc0039682,,hierarchical_power_fallback,0.94999999999999996,5,3,6,,unavailable_finite_sample_full_physical_range,0,0,,False,,False,,,
exhaustive_six_of_ten_partition,partition_067_3789d354dacc,,hierarchical_activation_residual,0.80000000000000004,1,1,2,,unavailable_finite_sample_full_physical_range,0,0,,False,,False,,,
exhaustive_six_of_ten_partition,partition_067_3789d354dacc,,hierarchical_activation_residual,0.90000000000000002,1,1,2,,unavailable_finite_sample_full_physical_range,0,0,,False,,False,,,
exhaustive_six_of_ten_partition,partition_067_3789d354dacc,,hierarchical_activation_residual,0.94999999999999996,1,1,2,,unavailable_finite_sample_full_physical_range,0,0,,False,,False,,,
exhaustive_six_of_ten_partition,partition_067_3789d354dacc,,hierarchical_power_fallback,0.80000000000000004,5,3,5,2.1698424743004083,finite_order_statistic,3,3,1,True,True,True,1.6690230100233141,4.1087384001945395,1.6690230100233141
exhaustive_six_of_ten_partition,partition_067_3789d354dacc,,hierarchical_power_fallback,0.90000000000000002,5,3,6,,unavailable_finite_sample_full_physical_range,0,0,,False,,False,,,
exhaustive_six_of_ten_partition,partition_067_3789d354dacc,,hierarchical_power_fallback,0.94999999999999996,5,3,6,,unavailable_finite_sample_full_physical_range,0,0,,False,,False,,,
exhaustive_six_of_ten_partition,partition_068_f6b151084bb4,,hierarchical_activation_residual,0.80000000000000004,1,1,2,,unavailable_finite_sample_full_physical_range,0,0,,False,,False,,,
exhaustive_six_of_ten_partition,partition_068_f6b151084bb4,,hierarchical_activation_residual,0.90000000000000002,1,1,2,,unavailable_finite_sample_full_physical_range,0,0,,False,,False,,,
exhaustive_six_of_ten_partition,partition_068_f6b151084bb4,,hierarchical_activation_residual,0.94999999999999996,1,1,2,,unavailable_finite_sample_full_physical_range,0,0,,False,,False,,,
exhaustive_six_of_ten_partition,partition_068_f6b151084bb4,,hierarchical_power_fallback,0.80000000000000004,5,3,5,2.1698424743004083,finite_order_statistic,3,3,1,True,True,True,1.8023663619597092,4.1087384001945395,1.8023663619597092
exhaustive_six_of_ten_partition,partition_068_f6b151084bb4,,hierarchical_power_fallback,0.90000000000000002,5,3,6,,unavailable_finite_sample_full_physical_range,0,0,,False,,False,,,
exhaustive_six_of_ten_partition,partition_068_f6b151084bb4,,hierarchical_power_fallback,0.94999999999999996,5,3,6,,unavailable_finite_sample_full_physical_range,0,0,,False,,False,,,
exhaustive_six_of_ten_partition,partition_069_415ea177ceb5,,hierarchical_activation_residual,0.80000000000000004,1,1,2,,unavailable_finite_sample_full_physical_range,0,0,,False,,False,,,
exhaustive_six_of_ten_partition,partition_069_415ea177ceb5,,hierarchical_activation_residual,0.90000000000000002,1,1,2,,unavailable_finite_sample_full_physical_range,0,0,,False,,False,,,
exhaustive_six_of_ten_partition,partition_069_415ea177ceb5,,hierarchical_activation_residual,0.94999999999999996,1,1,2,,unavailable_finite_sample_full_physical_range,0,0,,False,,False,,,
exhaustive_six_of_ten_partition,partition_069_415ea177ceb5,,hierarchical_power_fallback,0.80000000000000004,5,3,5,1.4840726147248924,finite_order_statistic,3,2,0.66666666666666663,True,False,False,1.3479058360582961,2.916871079971969,1.8273560900586043
exhaustive_six_of_ten_partition,partition_069_415ea177ceb5,,hierarchical_power_fallback,0.90000000000000002,5,3,6,,unavailable_finite_sample_full_physical_range,0,0,,False,,False,,,
exhaustive_six_of_ten_partition,partition_069_415ea177ceb5,,hierarchical_power_fallback,0.94999999999999996,5,3,6,,unavailable_finite_sample_full_physical_range,0,0,,False,,False,,,
exhaustive_six_of_ten_partition,partition_070_69ae8b304668,,hierarchical_activation_residual,0.80000000000000004,1,1,2,,unavailable_finite_sample_full_physical_range,0,0,,False,,False,,,
exhaustive_six_of_ten_partition,partition_070_69ae8b304668,,hierarchical_activation_residual,0.90000000000000002,1,1,2,,unavailable_finite_sample_full_physical_range,0,0,,False,,False,,,
exhaustive_six_of_ten_partition,partition_070_69ae8b304668,,hierarchical_activation_residual,0.94999999999999996,1,1,2,,unavailable_finite_sample_full_physical_range,0,0,,False,,False,,,
exhaustive_six_of_ten_partition,partition_070_69ae8b304668,,hierarchical_power_fallback,0.80000000000000004,5,3,5,2.1698424743004083,finite_order_statistic,3,3,1,True,True,True,1.8565489643168256,4.1087384001945395,1.8565489643168256
exhaustive_six_of_ten_partition,partition_070_69ae8b304668,,hierarchical_power_fallback,0.90000000000000002,5,3,6,,unavailable_finite_sample_full_physical_range,0,0,,False,,False,,,
exhaustive_six_of_ten_partition,partition_070_69ae8b304668,,hierarchical_power_fallback,0.94999999999999996,5,3,6,,unavailable_finite_sample_full_physical_range,0,0,,False,,False,,,
exhaustive_six_of_ten_partition,partition_071_2df49cc72259,,hierarchical_activation_residual,0.80000000000000004,1,1,2,,unavailable_finite_sample_full_physical_range,0,0,,False,,False,,,
exhaustive_six_of_ten_partition,partition_071_2df49cc72259,,hierarchical_activation_residual,0.90000000000000002,1,1,2,,unavailable_finite_sample_full_physical_range,0,0,,False,,False,,,
exhaustive_six_of_ten_partition,partition_071_2df49cc72259,,hierarchical_activation_residual,0.94999999999999996,1,1,2,,unavailable_finite_sample_full_physical_range,0,0,,False,,False,,,
exhaustive_six_of_ten_partition,partition_071_2df49cc72259,,hierarchical_power_fallback,0.80000000000000004,5,3,5,2.1698424743004083,finite_order_statistic,3,3,1,True,True,True,1.4966247808903337,3.0610265608058569,1.4966247808903337
exhaustive_six_of_ten_partition,partition_071_2df49cc72259,,hierarchical_power_fallback,0.90000000000000002,5,3,6,,unavailable_finite_sample_full_physical_range,0,0,,False,,False,,,
exhaustive_six_of_ten_partition,partition_071_2df49cc72259,,hierarchical_power_fallback,0.94999999999999996,5,3,6,,unavailable_finite_sample_full_physical_range,0,0,,False,,False,,,
exhaustive_six_of_ten_partition,partition_072_d85f8b04c725,,hierarchical_activation_residual,0.80000000000000004,1,1,2,,unavailable_finite_sample_full_physical_range,0,0,,False,,False,,,
exhaustive_six_of_ten_partition,partition_072_d85f8b04c725,,hierarchical_activation_residual,0.90000000000000002,1,1,2,,unavailable_finite_sample_full_physical_range,0,0,,False,,False,,,
exhaustive_six_of_ten_partition,partition_072_d85f8b04c725,,hierarchical_activation_residual,0.94999999999999996,1,1,2,,unavailable_finite_sample_full_physical_range,0,0,,False,,False,,,
exhaustive_six_of_ten_partition,partition_072_d85f8b04c725,,hierarchical_power_fallback,0.80000000000000004,5,3,5,1.4840726147248924,finite_order_statistic,3,2,0.66666666666666663,True,False,False,1.1387926340531378,2.916871079971969,1.6182428880534463
exhaustive_six_of_ten_partition,partition_072_d85f8b04c725,,hierarchical_power_fallback,0.90000000000000002,5,3,6,,unavailable_finite_sample_full_physical_range,0,0,,False,,False,,,
exhaustive_six_of_ten_partition,partition_072_d85f8b04c725,,hierarchical_power_fallback,0.94999999999999996,5,3,6,,unavailable_finite_sample_full_physical_range,0,0,,False,,False,,,
exhaustive_six_of_ten_partition,partition_073_e72c4ca4dd72,,hierarchical_activation_residual,0.80000000000000004,1,1,2,,unavailable_finite_sample_full_physical_range,0,0,,False,,False,,,
exhaustive_six_of_ten_partition,partition_073_e72c4ca4dd72,,hierarchical_activation_residual,0.90000000000000002,1,1,2,,unavailable_finite_sample_full_physical_range,0,0,,False,,False,,,
exhaustive_six_of_ten_partition,partition_073_e72c4ca4dd72,,hierarchical_activation_residual,0.94999999999999996,1,1,2,,unavailable_finite_sample_full_physical_range,0,0,,False,,False,,,
exhaustive_six_of_ten_partition,partition_073_e72c4ca4dd72,,hierarchical_power_fallback,0.80000000000000004,5,3,5,1.4840726147248924,finite_order_statistic,3,2,0.66666666666666663,True,False,False,1.2299933637412375,2.916871079971969,1.7094436177415462
exhaustive_six_of_ten_partition,partition_073_e72c4ca4dd72,,hierarchical_power_fallback,0.90000000000000002,5,3,6,,unavailable_finite_sample_full_physical_range,0,0,,False,,False,,,
exhaustive_six_of_ten_partition,partition_073_e72c4ca4dd72,,hierarchical_power_fallback,0.94999999999999996,5,3,6,,unavailable_finite_sample_full_physical_range,0,0,,False,,False,,,
exhaustive_six_of_ten_partition,partition_074_7708a3401840,,hierarchical_activation_residual,0.80000000000000004,1,1,2,,unavailable_finite_sample_full_physical_range,0,0,,False,,False,,,
exhaustive_six_of_ten_partition,partition_074_7708a3401840,,hierarchical_activation_residual,0.90000000000000002,1,1,2,,unavailable_finite_sample_full_physical_range,0,0,,False,,False,,,
exhaustive_six_of_ten_partition,partition_074_7708a3401840,,hierarchical_activation_residual,0.94999999999999996,1,1,2,,unavailable_finite_sample_full_physical_range,0,0,,False,,False,,,
exhaustive_six_of_ten_partition,partition_074_7708a3401840,,hierarchical_power_fallback,0.80000000000000004,5,3,5,1.4840726147248924,finite_order_statistic,3,2,0.66666666666666663,True,False,False,1.2360155771813424,2.916871079971969,1.7154658311816509
exhaustive_six_of_ten_partition,partition_074_7708a3401840,,hierarchical_power_fallback,0.90000000000000002,5,3,6,,unavailable_finite_sample_full_physical_range,0,0,,False,,False,,,
exhaustive_six_of_ten_partition,partition_074_7708a3401840,,hierarchical_power_fallback,0.94999999999999996,5,3,6,,unavailable_finite_sample_full_physical_range,0,0,,False,,False,,,
exhaustive_six_of_ten_partition,partition_075_dacb588da8d4,,hierarchical_activation_residual,0.80000000000000004,1,1,2,,unavailable_finite_sample_full_physical_range,0,0,,False,,False,,,
exhaustive_six_of_ten_partition,partition_075_dacb588da8d4,,hierarchical_activation_residual,0.90000000000000002,1,1,2,,unavailable_finite_sample_full_physical_range,0,0,,False,,False,,,
exhaustive_six_of_ten_partition,partition_075_dacb588da8d4,,hierarchical_activation_residual,0.94999999999999996,1,1,2,,unavailable_finite_sample_full_physical_range,0,0,,False,,False,,,
exhaustive_six_of_ten_partition,partition_075_dacb588da8d4,,hierarchical_power_fallback,0.80000000000000004,5,3,5,2.1698424743004083,finite_order_statistic,3,3,1,True,True,True,1.5508073832474498,3.4427051368367643,1.5508073832474498
exhaustive_six_of_ten_partition,partition_075_dacb588da8d4,,hierarchical_power_fallback,0.90000000000000002,5,3,6,,unavailable_finite_sample_full_physical_range,0,0,,False,,False,,,
exhaustive_six_of_ten_partition,partition_075_dacb588da8d4,,hierarchical_power_fallback,0.94999999999999996,5,3,6,,unavailable_finite_sample_full_physical_range,0,0,,False,,False,,,
exhaustive_six_of_ten_partition,partition_076_1e219a65c6c1,,hierarchical_activation_residual,0.80000000000000004,1,1,2,,unavailable_finite_sample_full_physical_range,0,0,,False,,False,,,
exhaustive_six_of_ten_partition,partition_076_1e219a65c6c1,,hierarchical_activation_residual,0.90000000000000002,1,1,2,,unavailable_finite_sample_full_physical_range,0,0,,False,,False,,,
exhaustive_six_of_ten_partition,partition_076_1e219a65c6c1,,hierarchical_activation_residual,0.94999999999999996,1,1,2,,unavailable_finite_sample_full_physical_range,0,0,,False,,False,,,
exhaustive_six_of_ten_partition,partition_076_1e219a65c6c1,,hierarchical_power_fallback,0.80000000000000004,5,3,5,2.1698424743004083,finite_order_statistic,3,3,1,True,True,True,1.6841507351838452,3.4427051368367643,1.6841507351838452
exhaustive_six_of_ten_partition,partition_076_1e219a65c6c1,,hierarchical_power_fallback,0.90000000000000002,5,3,6,,unavailable_finite_sample_full_physical_range,0,0,,False,,False,,,
exhaustive_six_of_ten_partition,partition_076_1e219a65c6c1,,hierarchical_power_fallback,0.94999999999999996,5,3,6,,unavailable_finite_sample_full_physical_range,0,0,,False,,False,,,
exhaustive_six_of_ten_partition,partition_077_7922a4c0755c,,hierarchical_activation_residual,0.80000000000000004,1,1,2,,unavailable_finite_sample_full_physical_range,0,0,,False,,False,,,
exhaustive_six_of_ten_partition,partition_077_7922a4c0755c,,hierarchical_activation_residual,0.90000000000000002,1,1,2,,unavailable_finite_sample_full_physical_range,0,0,,False,,False,,,
exhaustive_six_of_ten_partition,partition_077_7922a4c0755c,,hierarchical_activation_residual,0.94999999999999996,1,1,2,,unavailable_finite_sample_full_physical_range,0,0,,False,,False,,,
exhaustive_six_of_ten_partition,partition_077_7922a4c0755c,,hierarchical_power_fallback,0.80000000000000004,5,3,5,2.1698424743004083,finite_order_statistic,3,3,1,True,True,True,1.692955731908393,3.4427051368367643,1.692955731908393
exhaustive_six_of_ten_partition,partition_077_7922a4c0755c,,hierarchical_power_fallback,0.90000000000000002,5,3,6,,unavailable_finite_sample_full_physical_range,0,0,,False,,False,,,
exhaustive_six_of_ten_partition,partition_077_7922a4c0755c,,hierarchical_power_fallback,0.94999999999999996,5,3,6,,unavailable_finite_sample_full_physical_range,0,0,,False,,False,,,
exhaustive_six_of_ten_partition,partition_078_bafa0ef182e5,,hierarchical_activation_residual,0.80000000000000004,1,1,2,,unavailable_finite_sample_full_physical_range,0,0,,False,,False,,,
exhaustive_six_of_ten_partition,partition_078_bafa0ef182e5,,hierarchical_activation_residual,0.90000000000000002,1,1,2,,unavailable_finite_sample_full_physical_range,0,0,,False,,False,,,
exhaustive_six_of_ten_partition,partition_078_bafa0ef182e5,,hierarchical_activation_residual,0.94999999999999996,1,1,2,,unavailable_finite_sample_full_physical_range,0,0,,False,,False,,,
exhaustive_six_of_ten_partition,partition_078_bafa0ef182e5,,hierarchical_power_fallback,0.80000000000000004,5,3,5,1.4840726147248924,finite_order_statistic,3,2,0.66666666666666663,True,False,False,1.2670517757251079,2.916871079971969,1.7465020297254163
exhaustive_six_of_ten_partition,partition_078_bafa0ef182e5,,hierarchical_power_fallback,0.90000000000000002,5,3,6,,unavailable_finite_sample_full_physical_range,0,0,,False,,False,,,
exhaustive_six_of_ten_partition,partition_078_bafa0ef182e5,,hierarchical_power_fallback,0.94999999999999996,5,3,6,,unavailable_finite_sample_full_physical_range,0,0,,False,,False,,,
exhaustive_six_of_ten_partition,partition_079_46229a5c1140,,hierarchical_activation_residual,0.80000000000000004,1,1,2,,unavailable_finite_sample_full_physical_range,0,0,,False,,False,,,
exhaustive_six_of_ten_partition,partition_079_46229a5c1140,,hierarchical_activation_residual,0.90000000000000002,1,1,2,,unavailable_finite_sample_full_physical_range,0,0,,False,,False,,,
exhaustive_six_of_ten_partition,partition_079_46229a5c1140,,hierarchical_activation_residual,0.94999999999999996,1,1,2,,unavailable_finite_sample_full_physical_range,0,0,,False,,False,,,
exhaustive_six_of_ten_partition,partition_079_46229a5c1140,,hierarchical_power_fallback,0.80000000000000004,5,3,5,1.4840726147248924,finite_order_statistic,3,2,0.66666666666666663,True,False,False,1.2730739891652127,2.916871079971969,1.752524243165521
exhaustive_six_of_ten_partition,partition_079_46229a5c1140,,hierarchical_power_fallback,0.90000000000000002,5,3,6,,unavailable_finite_sample_full_physical_range,0,0,,False,,False,,,
exhaustive_six_of_ten_partition,partition_079_46229a5c1140,,hierarchical_power_fallback,0.94999999999999996,5,3,6,,unavailable_finite_sample_full_physical_range,0,0,,False,,False,,,
exhaustive_six_of_ten_partition,partition_080_82d3684022f4,,hierarchical_activation_residual,0.80000000000000004,1,1,2,,unavailable_finite_sample_full_physical_range,0,0,,False,,False,,,
exhaustive_six_of_ten_partition,partition_080_82d3684022f4,,hierarchical_activation_residual,0.90000000000000002,1,1,2,,unavailable_finite_sample_full_physical_range,0,0,,False,,False,,,
exhaustive_six_of_ten_partition,partition_080_82d3684022f4,,hierarchical_activation_residual,0.94999999999999996,1,1,2,,unavailable_finite_sample_full_physical_range,0,0,,False,,False,,,
exhaustive_six_of_ten_partition,partition_080_82d3684022f4,,hierarchical_power_fallback,0.80000000000000004,5,3,5,1.4840726147248924,finite_order_statistic,3,2,0.66666666666666663,True,False,False,1.3642747188533126,2.916871079971969,1.8437249728536209
exhaustive_six_of_ten_partition,partition_080_82d3684022f4,,hierarchical_power_fallback,0.90000000000000002,5,3,6,,unavailable_finite_sample_full_physical_range,0,0,,False,,False,,,
exhaustive_six_of_ten_partition,partition_080_82d3684022f4,,hierarchical_power_fallback,0.94999999999999996,5,3,6,,unavailable_finite_sample_full_physical_range,0,0,,False,,False,,,
exhaustive_six_of_ten_partition,partition_081_1e039299581f,,hierarchical_activation_residual,0.80000000000000004,1,1,2,,unavailable_finite_sample_full_physical_range,0,0,,False,,False,,,
exhaustive_six_of_ten_partition,partition_081_1e039299581f,,hierarchical_activation_residual,0.90000000000000002,1,1,2,,unavailable_finite_sample_full_physical_range,0,0,,False,,False,,,
exhaustive_six_of_ten_partition,partition_081_1e039299581f,,hierarchical_activation_residual,0.94999999999999996,1,1,2,,unavailable_finite_sample_full_physical_range,0,0,,False,,False,,,
exhaustive_six_of_ten_partition,partition_081_1e039299581f,,hierarchical_power_fallback,0.80000000000000004,5,3,5,2.1698424743004083,finite_order_statistic,3,3,1,True,True,True,1.6428157041000298,4.1087384001945395,1.6428157041000298
exhaustive_six_of_ten_partition,partition_081_1e039299581f,,hierarchical_power_fallback,0.90000000000000002,5,3,6,,unavailable_finite_sample_full_physical_range,0,0,,False,,False,,,
exhaustive_six_of_ten_partition,partition_081_1e039299581f,,hierarchical_power_fallback,0.94999999999999996,5,3,6,,unavailable_finite_sample_full_physical_range,0,0,,False,,False,,,
exhaustive_six_of_ten_partition,partition_082_2bf9d7435406,,hierarchical_activation_residual,0.80000000000000004,1,1,2,,unavailable_finite_sample_full_physical_range,0,0,,False,,False,,,
exhaustive_six_of_ten_partition,partition_082_2bf9d7435406,,hierarchical_activation_residual,0.90000000000000002,1,1,2,,unavailable_finite_sample_full_physical_range,0,0,,False,,False,,,
exhaustive_six_of_ten_partition,partition_082_2bf9d7435406,,hierarchical_activation_residual,0.94999999999999996,1,1,2,,unavailable_finite_sample_full_physical_range,0,0,,False,,False,,,
exhaustive_six_of_ten_partition,partition_082_2bf9d7435406,,hierarchical_power_fallback,0.80000000000000004,5,3,5,2.1698424743004083,finite_order_statistic,3,3,1,True,True,True,1.7761590560364251,4.1087384001945395,1.7761590560364251
exhaustive_six_of_ten_partition,partition_082_2bf9d7435406,,hierarchical_power_fallback,0.90000000000000002,5,3,6,,unavailable_finite_sample_full_physical_range,0,0,,False,,False,,,
exhaustive_six_of_ten_partition,partition_082_2bf9d7435406,,hierarchical_power_fallback,0.94999999999999996,5,3,6,,unavailable_finite_sample_full_physical_range,0,0,,False,,False,,,
exhaustive_six_of_ten_partition,partition_083_73c89e0840ec,,hierarchical_activation_residual,0.80000000000000004,1,1,2,,unavailable_finite_sample_full_physical_range,0,0,,False,,False,,,
exhaustive_six_of_ten_partition,partition_083_73c89e0840ec,,hierarchical_activation_residual,0.90000000000000002,1,1,2,,unavailable_finite_sample_full_physical_range,0,0,,False,,False,,,
exhaustive_six_of_ten_partition,partition_083_73c89e0840ec,,hierarchical_activation_residual,0.94999999999999996,1,1,2,,unavailable_finite_sample_full_physical_range,0,0,,False,,False,,,
exhaustive_six_of_ten_partition,partition_083_73c89e0840ec,,hierarchical_power_fallback,0.80000000000000004,5,3,5,2.1698424743004083,finite_order_statistic,3,3,1,True,True,True,1.7849640527609729,4.1087384001945395,1.7849640527609729
exhaustive_six_of_ten_partition,partition_083_73c89e0840ec,,hierarchical_power_fallback,0.90000000000000002,5,3,6,,unavailable_finite_sample_full_physical_range,0,0,,False,,False,,,
exhaustive_six_of_ten_partition,partition_083_73c89e0840ec,,hierarchical_power_fallback,0.94999999999999996,5,3,6,,unavailable_finite_sample_full_physical_range,0,0,,False,,False,,,
exhaustive_six_of_ten_partition,partition_084_60920b8a4119,,hierarchical_activation_residual,0.80000000000000004,1,1,2,,unavailable_finite_sample_full_physical_range,0,0,,False,,False,,,
exhaustive_six_of_ten_partition,partition_084_60920b8a4119,,hierarchical_activation_residual,0.90000000000000002,1,1,2,,unavailable_finite_sample_full_physical_range,0,0,,False,,False,,,
exhaustive_six_of_ten_partition,partition_084_60920b8a4119,,hierarchical_activation_residual,0.94999999999999996,1,1,2,,unavailable_finite_sample_full_physical_range,0,0,,False,,False,,,
exhaustive_six_of_ten_partition,partition_084_60920b8a4119,,hierarchical_power_fallback,0.80000000000000004,5,3,5,1.4840726147248924,finite_order_statistic,3,2,0.66666666666666663,True,False,False,1.329981242228504,2.916871079971969,1.8094314962288127
exhaustive_six_of_ten_partition,partition_084_60920b8a4119,,hierarchical_power_fallback,0.90000000000000002,5,3,6,,unavailable_finite_sample_full_physical_range,0,0,,False,,False,,,
exhaustive_six_of_ten_partition,partition_084_60920b8a4119,,hierarchical_power_fallback,0.94999999999999996,5,3,6,,unavailable_finite_sample_full_physical_range,0,0,,False,,False,,,
exhaustive_six_of_ten_partition,partition_085_22f746481223,,hierarchical_activation_residual,0.80000000000000004,1,1,2,,unavailable_finite_sample_full_physical_range,0,0,,False,,False,,,
exhaustive_six_of_ten_partition,partition_085_22f746481223,,hierarchical_activation_residual,0.90000000000000002,1,1,2,,unavailable_finite_sample_full_physical_range,0,0,,False,,False,,,
exhaustive_six_of_ten_partition,partition_085_22f746481223,,hierarchical_activation_residual,0.94999999999999996,1,1,2,,unavailable_finite_sample_full_physical_range,0,0,,False,,False,,,
exhaustive_six_of_ten_partition,partition_085_22f746481223,,hierarchical_power_fallback,0.80000000000000004,5,3,5,1.4840726147248924,finite_order_statistic,3,2,0.66666666666666663,True,False,False,1.3360034556686087,2.916871079971969,1.8154537096689174
exhaustive_six_of_ten_partition,partition_085_22f746481223,,hierarchical_power_fallback,0.90000000000000002,5,3,6,,unavailable_finite_sample_full_physical_range,0,0,,False,,False,,,
exhaustive_six_of_ten_partition,partition_085_22f746481223,,hierarchical_power_fallback,0.94999999999999996,5,3,6,,unavailable_finite_sample_full_physical_range,0,0,,False,,False,,,
exhaustive_six_of_ten_partition,partition_086_ee7fc0e082b1,,hierarchical_activation_residual,0.80000000000000004,1,1,2,,unavailable_finite_sample_full_physical_range,0,0,,False,,False,,,
exhaustive_six_of_ten_partition,partition_086_ee7fc0e082b1,,hierarchical_activation_residual,0.90000000000000002,1,1,2,,unavailable_finite_sample_full_physical_range,0,0,,False,,False,,,
exhaustive_six_of_ten_partition,partition_086_ee7fc0e082b1,,hierarchical_activation_residual,0.94999999999999996,1,1,2,,unavailable_finite_sample_full_physical_range,0,0,,False,,False,,,
exhaustive_six_of_ten_partition,partition_086_ee7fc0e082b1,,hierarchical_power_fallback,0.80000000000000004,5,3,5,1.4840726147248924,finite_order_statistic,3,2,0.66666666666666663,True,False,False,1.4272041853567086,2.916871079971969,1.9066544393570173
exhaustive_six_of_ten_partition,partition_086_ee7fc0e082b1,,hierarchical_power_fallback,0.90000000000000002,5,3,6,,unavailable_finite_sample_full_physical_range,0,0,,False,,False,,,
exhaustive_six_of_ten_partition,partition_086_ee7fc0e082b1,,hierarchical_power_fallback,0.94999999999999996,5,3,6,,unavailable_finite_sample_full_physical_range,0,0,,False,,False,,,
exhaustive_six_of_ten_partition,partition_087_c320e4ae0e58,,hierarchical_activation_residual,0.80000000000000004,1,1,2,,unavailable_finite_sample_full_physical_range,0,0,,False,,False,,,
exhaustive_six_of_ten_partition,partition_087_c320e4ae0e58,,hierarchical_activation_residual,0.90000000000000002,1,1,2,,unavailable_finite_sample_full_physical_range,0,0,,False,,False,,,
exhaustive_six_of_ten_partition,partition_087_c320e4ae0e58,,hierarchical_activation_residual,0.94999999999999996,1,1,2,,unavailable_finite_sample_full_physical_range,0,0,,False,,False,,,
exhaustive_six_of_ten_partition,partition_087_c320e4ae0e58,,hierarchical_power_fallback,0.80000000000000004,5,3,5,2.1698424743004083,finite_order_statistic,3,3,1,True,True,True,1.8303416583935419,4.1087384001945395,1.8303416583935419
exhaustive_six_of_ten_partition,partition_087_c320e4ae0e58,,hierarchical_power_fallback,0.90000000000000002,5,3,6,,unavailable_finite_sample_full_physical_range,0,0,,False,,False,,,
exhaustive_six_of_ten_partition,partition_087_c320e4ae0e58,,hierarchical_power_fallback,0.94999999999999996,5,3,6,,unavailable_finite_sample_full_physical_range,0,0,,False,,False,,,
exhaustive_six_of_ten_partition,partition_088_057c9bfa63d4,,hierarchical_activation_residual,0.80000000000000004,1,1,2,,unavailable_finite_sample_full_physical_range,0,0,,False,,False,,,
exhaustive_six_of_ten_partition,partition_088_057c9bfa63d4,,hierarchical_activation_residual,0.90000000000000002,1,1,2,,unavailable_finite_sample_full_physical_range,0,0,,False,,False,,,
exhaustive_six_of_ten_partition,partition_088_057c9bfa63d4,,hierarchical_activation_residual,0.94999999999999996,1,1,2,,unavailable_finite_sample_full_physical_range,0,0,,False,,False,,,
exhaustive_six_of_ten_partition,partition_088_057c9bfa63d4,,hierarchical_power_fallback,0.80000000000000004,5,3,5,2.1698424743004083,finite_order_statistic,3,3,1,True,True,True,1.8391466551180897,4.1087384001945395,1.8391466551180897
exhaustive_six_of_ten_partition,partition_088_057c9bfa63d4,,hierarchical_power_fallback,0.90000000000000002,5,3,6,,unavailable_finite_sample_full_physical_range,0,0,,False,,False,,,
exhaustive_six_of_ten_partition,partition_088_057c9bfa63d4,,hierarchical_power_fallback,0.94999999999999996,5,3,6,,unavailable_finite_sample_full_physical_range,0,0,,False,,False,,,
exhaustive_six_of_ten_partition,partition_089_3d0fed3e39e1,,hierarchical_activation_residual,0.80000000000000004,1,1,2,,unavailable_finite_sample_full_physical_range,0,0,,False,,False,,,
exhaustive_six_of_ten_partition,partition_089_3d0fed3e39e1,,hierarchical_activation_residual,0.90000000000000002,1,1,2,,unavailable_finite_sample_full_physical_range,0,0,,False,,False,,,
exhaustive_six_of_ten_partition,partition_089_3d0fed3e39e1,,hierarchical_activation_residual,0.94999999999999996,1,1,2,,unavailable_finite_sample_full_physical_range,0,0,,False,,False,,,
exhaustive_six_of_ten_partition,partition_089_3d0fed3e39e1,,hierarchical_power_fallback,0.80000000000000004,5,3,5,2.1698424743004083,finite_order_statistic,3,3,1,True,True,True,1.9724900070544846,4.1087384001945395,1.9724900070544846
exhaustive_six_of_ten_partition,partition_089_3d0fed3e39e1,,hierarchical_power_fallback,0.90000000000000002,5,3,6,,unavailable_finite_sample_full_physical_range,0,0,,False,,False,,,
exhaustive_six_of_ten_partition,partition_089_3d0fed3e39e1,,hierarchical_power_fallback,0.94999999999999996,5,3,6,,unavailable_finite_sample_full_physical_range,0,0,,False,,False,,,
exhaustive_six_of_ten_partition,partition_090_c65a0ea21e56,,hierarchical_activation_residual,0.80000000000000004,1,1,2,,unavailable_finite_sample_full_physical_range,0,0,,False,,False,,,
exhaustive_six_of_ten_partition,partition_090_c65a0ea21e56,,hierarchical_activation_residual,0.90000000000000002,1,1,2,,unavailable_finite_sample_full_physical_range,0,0,,False,,False,,,
exhaustive_six_of_ten_partition,partition_090_c65a0ea21e56,,hierarchical_activation_residual,0.94999999999999996,1,1,2,,unavailable_finite_sample_full_physical_range,0,0,,False,,False,,,
exhaustive_six_of_ten_partition,partition_090_c65a0ea21e56,,hierarchical_power_fallback,0.80000000000000004,5,3,5,1.4840726147248924,finite_order_statistic,3,2,0.66666666666666663,True,False,False,1.4642625973405792,2.916871079971969,1.9437128513408879
exhaustive_six_of_ten_partition,partition_090_c65a0ea21e56,,hierarchical_power_fallback,0.90000000000000002,5,3,6,,unavailable_finite_sample_full_physical_range,0,0,,False,,False,,,
exhaustive_six_of_ten_partition,partition_090_c65a0ea21e56,,hierarchical_power_fallback,0.94999999999999996,5,3,6,,unavailable_finite_sample_full_physical_range,0,0,,False,,False,,,
exhaustive_six_of_ten_partition,partition_091_9d16cd712a7a,,hierarchical_activation_residual,0.80000000000000004,0,2,1,,unavailable_no_same_route_calibration,0,0,,False,,False,,,
exhaustive_six_of_ten_partition,partition_091_9d16cd712a7a,,hierarchical_activation_residual,0.90000000000000002,0,2,1,,unavailable_no_same_route_calibration,0,0,,False,,False,,,
exhaustive_six_of_ten_partition,partition_091_9d16cd712a7a,,hierarchical_activation_residual,0.94999999999999996,0,2,1,,unavailable_no_same_route_calibration,0,0,,False,,False,,,
exhaustive_six_of_ten_partition,partition_091_9d16cd712a7a,,hierarchical_power_fallback,0.80000000000000004,6,2,6,2.1698424743004083,finite_order_statistic,2,2,1,True,True,True,1.3588789305916644,2.1520129956726066,1.3588789305916644
exhaustive_six_of_ten_partition,partition_091_9d16cd712a7a,,hierarchical_power_fallback,0.90000000000000002,6,2,7,,unavailable_finite_sample_full_physical_range,0,0,,False,,False,,,
exhaustive_six_of_ten_partition,partition_091_9d16cd712a7a,,hierarchical_power_fallback,0.94999999999999996,6,2,7,,unavailable_finite_sample_full_physical_range,0,0,,False,,False,,,
exhaustive_six_of_ten_partition,partition_092_cf5043ea6499,,hierarchical_activation_residual,0.80000000000000004,0,2,1,,unavailable_no_same_route_calibration,0,0,,False,,False,,,
exhaustive_six_of_ten_partition,partition_092_cf5043ea6499,,hierarchical_activation_residual,0.90000000000000002,0,2,1,,unavailable_no_same_route_calibration,0,0,,False,,False,,,
exhaustive_six_of_ten_partition,partition_092_cf5043ea6499,,hierarchical_activation_residual,0.94999999999999996,0,2,1,,unavailable_no_same_route_calibration,0,0,,False,,False,,,
exhaustive_six_of_ten_partition,partition_092_cf5043ea6499,,hierarchical_power_fallback,0.80000000000000004,6,2,6,2.1698424743004083,finite_order_statistic,2,2,1,True,True,True,1.5588939584962571,3.0610265608058569,1.5588939584962571
exhaustive_six_of_ten_partition,partition_092_cf5043ea6499,,hierarchical_power_fallback,0.90000000000000002,6,2,7,,unavailable_finite_sample_full_physical_range,0,0,,False,,False,,,
exhaustive_six_of_ten_partition,partition_092_cf5043ea6499,,hierarchical_power_fallback,0.94999999999999996,6,2,7,,unavailable_finite_sample_full_physical_range,0,0,,False,,False,,,
exhaustive_six_of_ten_partition,partition_093_f5c1c1153c3c,,hierarchical_activation_residual,0.80000000000000004,0,2,1,,unavailable_no_same_route_calibration,0,0,,False,,False,,,
exhaustive_six_of_ten_partition,partition_093_f5c1c1153c3c,,hierarchical_activation_residual,0.90000000000000002,0,2,1,,unavailable_no_same_route_calibration,0,0,,False,,False,,,
exhaustive_six_of_ten_partition,partition_093_f5c1c1153c3c,,hierarchical_activation_residual,0.94999999999999996,0,2,1,,unavailable_no_same_route_calibration,0,0,,False,,False,,,
exhaustive_six_of_ten_partition,partition_093_f5c1c1153c3c,,hierarchical_power_fallback,0.80000000000000004,6,2,6,2.1698424743004083,finite_order_statistic,2,2,1,True,True,True,1.5721014535830791,3.0610265608058569,1.5721014535830791
exhaustive_six_of_ten_partition,partition_093_f5c1c1153c3c,,hierarchical_power_fallback,0.90000000000000002,6,2,7,,unavailable_finite_sample_full_physical_range,0,0,,False,,False,,,
exhaustive_six_of_ten_partition,partition_093_f5c1c1153c3c,,hierarchical_power_fallback,0.94999999999999996,6,2,7,,unavailable_finite_sample_full_physical_range,0,0,,False,,False,,,
exhaustive_six_of_ten_partition,partition_094_84a497c6800a,,hierarchical_activation_residual,0.80000000000000004,0,2,1,,unavailable_no_same_route_calibration,0,0,,False,,False,,,
exhaustive_six_of_ten_partition,partition_094_84a497c6800a,,hierarchical_activation_residual,0.90000000000000002,0,2,1,,unavailable_no_same_route_calibration,0,0,,False,,False,,,
exhaustive_six_of_ten_partition,partition_094_84a497c6800a,,hierarchical_activation_residual,0.94999999999999996,0,2,1,,unavailable_no_same_route_calibration,0,0,,False,,False,,,
exhaustive_six_of_ten_partition,partition_094_84a497c6800a,,hierarchical_power_fallback,0.80000000000000004,6,2,6,1.4840726147248924,finite_order_statistic,2,1,0.5,True,False,False,1.2389668961372791,2.916871079971969,1.9581422771377419
exhaustive_six_of_ten_partition,partition_094_84a497c6800a,,hierarchical_power_fallback,0.90000000000000002,6,2,7,,unavailable_finite_sample_full_physical_range,0,0,,False,,False,,,
exhaustive_six_of_ten_partition,partition_094_84a497c6800a,,hierarchical_power_fallback,0.94999999999999996,6,2,7,,unavailable_finite_sample_full_physical_range,0,0,,False,,False,,,
exhaustive_six_of_ten_partition,partition_095_05f4783f61e6,,hierarchical_activation_residual,0.80000000000000004,0,2,1,,unavailable_no_same_route_calibration,0,0,,False,,False,,,
exhaustive_six_of_ten_partition,partition_095_05f4783f61e6,,hierarchical_activation_residual,0.90000000000000002,0,2,1,,unavailable_no_same_route_calibration,0,0,,False,,False,,,
exhaustive_six_of_ten_partition,partition_095_05f4783f61e6,,hierarchical_activation_residual,0.94999999999999996,0,2,1,,unavailable_no_same_route_calibration,0,0,,False,,False,,,
exhaustive_six_of_ten_partition,partition_095_05f4783f61e6,,hierarchical_power_fallback,0.80000000000000004,6,2,6,1.4840726147248924,finite_order_statistic,2,1,0.5,True,False,False,1.2480002162974364,2.916871079971969,1.9671755972978993
exhaustive_six_of_ten_partition,partition_095_05f4783f61e6,,hierarchical_power_fallback,0.90000000000000002,6,2,7,,unavailable_finite_sample_full_physical_range,0,0,,False,,False,,,
exhaustive_six_of_ten_partition,partition_095_05f4783f61e6,,hierarchical_power_fallback,0.94999999999999996,6,2,7,,unavailable_finite_sample_full_physical_range,0,0,,False,,False,,,
exhaustive_six_of_ten_partition,partition_096_97990d879252,,hierarchical_activation_residual,0.80000000000000004,0,2,1,,unavailable_no_same_route_calibration,0,0,,False,,False,,,
exhaustive_six_of_ten_partition,partition_096_97990d879252,,hierarchical_activation_residual,0.90000000000000002,0,2,1,,unavailable_no_same_route_calibration,0,0,,False,,False,,,
exhaustive_six_of_ten_partition,partition_096_97990d879252,,hierarchical_activation_residual,0.94999999999999996,0,2,1,,unavailable_no_same_route_calibration,0,0,,False,,False,,,
exhaustive_six_of_ten_partition,partition_096_97990d879252,,hierarchical_power_fallback,0.80000000000000004,6,2,6,1.4840726147248924,finite_order_statistic,2,1,0.5,True,False,False,1.384801310829586,2.916871079971969,2.1039766918300491
exhaustive_six_of_ten_partition,partition_096_97990d879252,,hierarchical_power_fallback,0.90000000000000002,6,2,7,,unavailable_finite_sample_full_physical_range,0,0,,False,,False,,,
exhaustive_six_of_ten_partition,partition_096_97990d879252,,hierarchical_power_fallback,0.94999999999999996,6,2,7,,unavailable_finite_sample_full_physical_range,0,0,,False,,False,,,
exhaustive_six_of_ten_partition,partition_097_b8c21ec8f280,,hierarchical_activation_residual,0.80000000000000004,0,2,1,,unavailable_no_same_route_calibration,0,0,,False,,False,,,
exhaustive_six_of_ten_partition,partition_097_b8c21ec8f280,,hierarchical_activation_residual,0.90000000000000002,0,2,1,,unavailable_no_same_route_calibration,0,0,,False,,False,,,
exhaustive_six_of_ten_partition,partition_097_b8c21ec8f280,,hierarchical_activation_residual,0.94999999999999996,0,2,1,,unavailable_no_same_route_calibration,0,0,,False,,False,,,
exhaustive_six_of_ten_partition,partition_097_b8c21ec8f280,,hierarchical_power_fallback,0.80000000000000004,6,2,6,2.1698424743004083,finite_order_statistic,2,2,1,True,True,True,1.640167862031932,3.4427051368367643,1.640167862031932
exhaustive_six_of_ten_partition,partition_097_b8c21ec8f280,,hierarchical_power_fallback,0.90000000000000002,6,2,7,,unavailable_finite_sample_full_physical_range,0,0,,False,,False,,,
exhaustive_six_of_ten_partition,partition_097_b8c21ec8f280,,hierarchical_power_fallback,0.94999999999999996,6,2,7,,unavailable_finite_sample_full_physical_range,0,0,,False,,False,,,
exhaustive_six_of_ten_partition,partition_098_7569215fa459,,hierarchical_activation_residual,0.80000000000000004,0,2,1,,unavailable_no_same_route_calibration,0,0,,False,,False,,,
exhaustive_six_of_ten_partition,partition_098_7569215fa459,,hierarchical_activation_residual,0.90000000000000002,0,2,1,,unavailable_no_same_route_calibration,0,0,,False,,False,,,
exhaustive_six_of_ten_partition,partition_098_7569215fa459,,hierarchical_activation_residual,0.94999999999999996,0,2,1,,unavailable_no_same_route_calibration,0,0,,False,,False,,,
exhaustive_six_of_ten_partition,partition_098_7569215fa459,,hierarchical_power_fallback,0.80000000000000004,6,2,6,2.1698424743004083,finite_order_statistic,2,2,1,True,True,True,1.6533753571187537,3.4427051368367643,1.6533753571187537
exhaustive_six_of_ten_partition,partition_098_7569215fa459,,hierarchical_power_fallback,0.90000000000000002,6,2,7,,unavailable_finite_sample_full_physical_range,0,0,,False,,False,,,
exhaustive_six_of_ten_partition,partition_098_7569215fa459,,hierarchical_power_fallback,0.94999999999999996,6,2,7,,unavailable_finite_sample_full_physical_range,0,0,,False,,False,,,
exhaustive_six_of_ten_partition,partition_099_c828168ba3d7,,hierarchical_activation_residual,0.80000000000000004,0,2,1,,unavailable_no_same_route_calibration,0,0,,False,,False,,,
exhaustive_six_of_ten_partition,partition_099_c828168ba3d7,,hierarchical_activation_residual,0.90000000000000002,0,2,1,,unavailable_no_same_route_calibration,0,0,,False,,False,,,
exhaustive_six_of_ten_partition,partition_099_c828168ba3d7,,hierarchical_activation_residual,0.94999999999999996,0,2,1,,unavailable_no_same_route_calibration,0,0,,False,,False,,,
exhaustive_six_of_ten_partition,partition_099_c828168ba3d7,,hierarchical_power_fallback,0.80000000000000004,6,2,6,2.1698424743004083,finite_order_statistic,2,2,1,True,True,True,1.8533903850233462,3.4427051368367643,1.8533903850233462
exhaustive_six_of_ten_partition,partition_099_c828168ba3d7,,hierarchical_power_fallback,0.90000000000000002,6,2,7,,unavailable_finite_sample_full_physical_range,0,0,,False,,False,,,
exhaustive_six_of_ten_partition,partition_099_c828168ba3d7,,hierarchical_power_fallback,0.94999999999999996,6,2,7,,unavailable_finite_sample_full_physical_range,0,0,,False,,False,,,
exhaustive_six_of_ten_partition,partition_100_318878c0705d,,hierarchical_activation_residual,0.80000000000000004,0,2,1,,unavailable_no_same_route_calibration,0,0,,False,,False,,,
exhaustive_six_of_ten_partition,partition_100_318878c0705d,,hierarchical_activation_residual,0.90000000000000002,0,2,1,,unavailable_no_same_route_calibration,0,0,,False,,False,,,
exhaustive_six_of_ten_partition,partition_100_318878c0705d,,hierarchical_activation_residual,0.94999999999999996,0,2,1,,unavailable_no_same_route_calibration,0,0,,False,,False,,,
exhaustive_six_of_ten_partition,partition_100_318878c0705d,,hierarchical_power_fallback,0.80000000000000004,6,2,6,1.4840726147248924,finite_order_statistic,2,1,0.5,True,False,False,1.4403889288053915,2.916871079971969,2.1595643098058543
exhaustive_six_of_ten_partition,partition_100_318878c0705d,,hierarchical_power_fallback,0.90000000000000002,6,2,7,,unavailable_finite_sample_full_physical_range,0,0,,False,,False,,,
exhaustive_six_of_ten_partition,partition_100_318878c0705d,,hierarchical_power_fallback,0.94999999999999996,6,2,7,,unavailable_finite_sample_full_physical_range,0,0,,False,,False,,,
exhaustive_six_of_ten_partition,partition_101_f0322eece238,,hierarchical_activation_residual,0.80000000000000004,0,2,1,,unavailable_no_same_route_calibration,0,0,,False,,False,,,
exhaustive_six_of_ten_partition,partition_101_f0322eece238,,hierarchical_activation_residual,0.90000000000000002,0,2,1,,unavailable_no_same_route_calibration,0,0,,False,,False,,,
exhaustive_six_of_ten_partition,partition_101_f0322eece238,,hierarchical_activation_residual,0.94999999999999996,0,2,1,,unavailable_no_same_route_calibration,0,0,,False,,False,,,
exhaustive_six_of_ten_partition,partition_101_f0322eece238,,hierarchical_power_fallback,0.80000000000000004,6,2,6,2.1698424743004083,finite_order_statistic,2,2,1,True,True,True,1.7781803433108019,4.1087384001945395,1.7781803433108019
exhaustive_six_of_ten_partition,partition_101_f0322eece238,,hierarchical_power_fallback,0.90000000000000002,6,2,7,,unavailable_finite_sample_full_physical_range,0,0,,False,,False,,,
exhaustive_six_of_ten_partition,partition_101_f0322eece238,,hierarchical_power_fallback,0.94999999999999996,6,2,7,,unavailable_finite_sample_full_physical_range,0,0,,False,,False,,,
exhaustive_six_of_ten_partition,partition_102_768ac8460862,,hierarchical_activation_residual,0.80000000000000004,0,2,1,,unavailable_no_same_route_calibration,0,0,,False,,False,,,
exhaustive_six_of_ten_partition,partition_102_768ac8460862,,hierarchical_activation_residual,0.90000000000000002,0,2,1,,unavailable_no_same_route_calibration,0,0,,False,,False,,,
exhaustive_six_of_ten_partition,partition_102_768ac8460862,,hierarchical_activation_residual,0.94999999999999996,0,2,1,,unavailable_no_same_route_calibration,0,0,,False,,False,,,
exhaustive_six_of_ten_partition,partition_102_768ac8460862,,hierarchical_power_fallback,0.80000000000000004,6,2,6,2.1698424743004083,finite_order_statistic,2,2,1,True,True,True,1.7913878383976236,4.1087384001945395,1.7913878383976236
exhaustive_six_of_ten_partition,partition_102_768ac8460862,,hierarchical_power_fallback,0.90000000000000002,6,2,7,,unavailable_finite_sample_full_physical_range,0,0,,False,,False,,,
exhaustive_six_of_ten_partition,partition_102_768ac8460862,,hierarchical_power_fallback,0.94999999999999996,6,2,7,,unavailable_finite_sample_full_physical_range,0,0,,False,,False,,,
exhaustive_six_of_ten_partition,partition_103_af5d880c4300,,hierarchical_activation_residual,0.80000000000000004,0,2,1,,unavailable_no_same_route_calibration,0,0,,False,,False,,,
exhaustive_six_of_ten_partition,partition_103_af5d880c4300,,hierarchical_activation_residual,0.90000000000000002,0,2,1,,unavailable_no_same_route_calibration,0,0,,False,,False,,,
exhaustive_six_of_ten_partition,partition_103_af5d880c4300,,hierarchical_activation_residual,0.94999999999999996,0,2,1,,unavailable_no_same_route_calibration,0,0,,False,,False,,,
exhaustive_six_of_ten_partition,partition_103_af5d880c4300,,hierarchical_power_fallback,0.80000000000000004,6,2,6,2.1698424743004083,finite_order_statistic,2,2,1,True,True,True,1.9914028663022163,4.1087384001945395,1.9914028663022163
exhaustive_six_of_ten_partition,partition_103_af5d880c4300,,hierarchical_power_fallback,0.90000000000000002,6,2,7,,unavailable_finite_sample_full_physical_range,0,0,,False,,False,,,
exhaustive_six_of_ten_partition,partition_103_af5d880c4300,,hierarchical_power_fallback,0.94999999999999996,6,2,7,,unavailable_finite_sample_full_physical_range,0,0,,False,,False,,,
exhaustive_six_of_ten_partition,partition_104_252cb8ecef57,,hierarchical_activation_residual,0.80000000000000004,0,2,1,,unavailable_no_same_route_calibration,0,0,,False,,False,,,
exhaustive_six_of_ten_partition,partition_104_252cb8ecef57,,hierarchical_activation_residual,0.90000000000000002,0,2,1,,unavailable_no_same_route_calibration,0,0,,False,,False,,,
exhaustive_six_of_ten_partition,partition_104_252cb8ecef57,,hierarchical_activation_residual,0.94999999999999996,0,2,1,,unavailable_no_same_route_calibration,0,0,,False,,False,,,
exhaustive_six_of_ten_partition,partition_104_252cb8ecef57,,hierarchical_power_fallback,0.80000000000000004,6,2,6,1.4840726147248924,finite_order_statistic,2,1,0.5,True,False,False,1.5347831285604858,2.916871079971969,2.2539585095609489
exhaustive_six_of_ten_partition,partition_104_252cb8ecef57,,hierarchical_power_fallback,0.90000000000000002,6,2,7,,unavailable_finite_sample_full_physical_range,0,0,,False,,False,,,
exhaustive_six_of_ten_partition,partition_104_252cb8ecef57,,hierarchical_power_fallback,0.94999999999999996,6,2,7,,unavailable_finite_sample_full_physical_range,0,0,,False,,False,,,
exhaustive_six_of_ten_partition,partition_105_6ddb9250f7fd,,hierarchical_activation_residual,0.80000000000000004,0,2,1,,unavailable_no_same_route_calibration,0,0,,False,,False,,,
exhaustive_six_of_ten_partition,partition_105_6ddb9250f7fd,,hierarchical_activation_residual,0.90000000000000002,0,2,1,,unavailable_no_same_route_calibration,0,0,,False,,False,,,
exhaustive_six_of_ten_partition,partition_105_6ddb9250f7fd,,hierarchical_activation_residual,0.94999999999999996,0,2,1,,unavailable_no_same_route_calibration,0,0,,False,,False,,,
exhaustive_six_of_ten_partition,partition_105_6ddb9250f7fd,,hierarchical_power_fallback,0.80000000000000004,6,2,6,2.1698424743004083,finite_order_statistic,2,2,1,True,True,True,2.0726767698378912,4.1087384001945395,2.0726767698378912
exhaustive_six_of_ten_partition,partition_105_6ddb9250f7fd,,hierarchical_power_fallback,0.90000000000000002,6,2,7,,unavailable_finite_sample_full_physical_range,0,0,,False,,False,,,
exhaustive_six_of_ten_partition,partition_105_6ddb9250f7fd,,hierarchical_power_fallback,0.94999999999999996,6,2,7,,unavailable_finite_sample_full_physical_range,0,0,,False,,False,,,
exhaustive_six_of_ten_partition,partition_106_4ae33c482b5e,,hierarchical_activation_residual,0.80000000000000004,1,1,2,,unavailable_finite_sample_full_physical_range,0,0,,False,,False,,,
exhaustive_six_of_ten_partition,partition_106_4ae33c482b5e,,hierarchical_activation_residual,0.90000000000000002,1,1,2,,unavailable_finite_sample_full_physical_range,0,0,,False,,False,,,
exhaustive_six_of_ten_partition,partition_106_4ae33c482b5e,,hierarchical_activation_residual,0.94999999999999996,1,1,2,,unavailable_finite_sample_full_physical_range,0,0,,False,,False,,,
exhaustive_six_of_ten_partition,partition_106_4ae33c482b5e,,hierarchical_power_fallback,0.80000000000000004,5,3,5,2.1698424743004083,finite_order_statistic,3,3,1,True,True,True,1.3806837381526746,2.2673997803693737,1.3806837381526746
exhaustive_six_of_ten_partition,partition_106_4ae33c482b5e,,hierarchical_power_fallback,0.90000000000000002,5,3,6,,unavailable_finite_sample_full_physical_range,0,0,,False,,False,,,
exhaustive_six_of_ten_partition,partition_106_4ae33c482b5e,,hierarchical_power_fallback,0.94999999999999996,5,3,6,,unavailable_finite_sample_full_physical_range,0,0,,False,,False,,,
exhaustive_six_of_ten_partition,partition_107_a6284ab92bc6,,hierarchical_activation_residual,0.80000000000000004,1,1,2,,unavailable_finite_sample_full_physical_range,0,0,,False,,False,,,
exhaustive_six_of_ten_partition,partition_107_a6284ab92bc6,,hierarchical_activation_residual,0.90000000000000002,1,1,2,,unavailable_finite_sample_full_physical_range,0,0,,False,,False,,,
exhaustive_six_of_ten_partition,partition_107_a6284ab92bc6,,hierarchical_activation_residual,0.94999999999999996,1,1,2,,unavailable_finite_sample_full_physical_range,0,0,,False,,False,,,
exhaustive_six_of_ten_partition,partition_107_a6284ab92bc6,,hierarchical_power_fallback,0.80000000000000004,5,3,5,2.1698424743004083,finite_order_statistic,3,3,1,True,True,True,1.5140270900890698,3.0610265608058569,1.5140270900890698
exhaustive_six_of_ten_partition,partition_107_a6284ab92bc6,,hierarchical_power_fallback,0.90000000000000002,5,3,6,,unavailable_finite_sample_full_physical_range,0,0,,False,,False,,,
exhaustive_six_of_ten_partition,partition_107_a6284ab92bc6,,hierarchical_power_fallback,0.94999999999999996,5,3,6,,unavailable_finite_sample_full_physical_range,0,0,,False,,False,,,
exhaustive_six_of_ten_partition,partition_108_87b804e5446e,,hierarchical_activation_residual,0.80000000000000004,1,1,2,,unavailable_finite_sample_full_physical_range,0,0,,False,,False,,,
exhaustive_six_of_ten_partition,partition_108_87b804e5446e,,hierarchical_activation_residual,0.90000000000000002,1,1,2,,unavailable_finite_sample_full_physical_range,0,0,,False,,False,,,
exhaustive_six_of_ten_partition,partition_108_87b804e5446e,,hierarchical_activation_residual,0.94999999999999996,1,1,2,,unavailable_finite_sample_full_physical_range,0,0,,False,,False,,,
exhaustive_six_of_ten_partition,partition_108_87b804e5446e,,hierarchical_power_fallback,0.80000000000000004,5,3,5,2.1698424743004083,finite_order_statistic,3,3,1,True,True,True,1.5228320868136178,3.0610265608058569,1.5228320868136178
exhaustive_six_of_ten_partition,partition_108_87b804e5446e,,hierarchical_power_fallback,0.90000000000000002,5,3,6,,unavailable_finite_sample_full_physical_range,0,0,,False,,False,,,
exhaustive_six_of_ten_partition,partition_108_87b804e5446e,,hierarchical_power_fallback,0.94999999999999996,5,3,6,,unavailable_finite_sample_full_physical_range,0,0,,False,,False,,,
exhaustive_six_of_ten_partition,partition_109_704134d42fe6,,hierarchical_activation_residual,0.80000000000000004,1,1,2,,unavailable_finite_sample_full_physical_range,0,0,,False,,False,,,
exhaustive_six_of_ten_partition,partition_109_704134d42fe6,,hierarchical_activation_residual,0.90000000000000002,1,1,2,,unavailable_finite_sample_full_physical_range,0,0,,False,,False,,,
exhaustive_six_of_ten_partition,partition_109_704134d42fe6,,hierarchical_activation_residual,0.94999999999999996,1,1,2,,unavailable_finite_sample_full_physical_range,0,0,,False,,False,,,
exhaustive_six_of_ten_partition,partition_109_704134d42fe6,,hierarchical_power_fallback,0.80000000000000004,5,3,5,1.4840726147248924,finite_order_statistic,3,2,0.66666666666666663,True,False,False,1.1506950144428245,2.916871079971969,1.6301452684431332
exhaustive_six_of_ten_partition,partition_109_704134d42fe6,,hierarchical_power_fallback,0.90000000000000002,5,3,6,,unavailable_finite_sample_full_physical_range,0,0,,False,,False,,,
exhaustive_six_of_ten_partition,partition_109_704134d42fe6,,hierarchical_power_fallback,0.94999999999999996,5,3,6,,unavailable_finite_sample_full_physical_range,0,0,,False,,False,,,
exhaustive_six_of_ten_partition,partition_110_cf7b7460f954,,hierarchical_activation_residual,0.80000000000000004,1,1,2,,unavailable_finite_sample_full_physical_range,0,0,,False,,False,,,
exhaustive_six_of_ten_partition,partition_110_cf7b7460f954,,hierarchical_activation_residual,0.90000000000000002,1,1,2,,unavailable_finite_sample_full_physical_range,0,0,,False,,False,,,
exhaustive_six_of_ten_partition,partition_110_cf7b7460f954,,hierarchical_activation_residual,0.94999999999999996,1,1,2,,unavailable_finite_sample_full_physical_range,0,0,,False,,False,,,
exhaustive_six_of_ten_partition,partition_110_cf7b7460f954,,hierarchical_power_fallback,0.80000000000000004,5,3,5,1.4840726147248924,finite_order_statistic,3,2,0.66666666666666663,True,False,False,1.1567172278829294,2.916871079971969,1.6361674818832379
exhaustive_six_of_ten_partition,partition_110_cf7b7460f954,,hierarchical_power_fallback,0.90000000000000002,5,3,6,,unavailable_finite_sample_full_physical_range,0,0,,False,,False,,,
exhaustive_six_of_ten_partition,partition_110_cf7b7460f954,,hierarchical_power_fallback,0.94999999999999996,5,3,6,,unavailable_finite_sample_full_physical_range,0,0,,False,,False,,,
exhaustive_six_of_ten_partition,partition_111_fcb845a0aac7,,hierarchical_activation_residual,0.80000000000000004,1,1,2,,unavailable_finite_sample_full_physical_range,0,0,,False,,False,,,
exhaustive_six_of_ten_partition,partition_111_fcb845a0aac7,,hierarchical_activation_residual,0.90000000000000002,1,1,2,,unavailable_finite_sample_full_physical_range,0,0,,False,,False,,,
exhaustive_six_of_ten_partition,partition_111_fcb845a0aac7,,hierarchical_activation_residual,0.94999999999999996,1,1,2,,unavailable_finite_sample_full_physical_range,0,0,,False,,False,,,
exhaustive_six_of_ten_partition,partition_111_fcb845a0aac7,,hierarchical_power_fallback,0.80000000000000004,5,3,5,1.4840726147248924,finite_order_statistic,3,2,0.66666666666666663,True,False,False,1.2479179575710291,2.916871079971969,1.7273682115713378
exhaustive_six_of_ten_partition,partition_111_fcb845a0aac7,,hierarchical_power_fallback,0.90000000000000002,5,3,6,,unavailable_finite_sample_full_physical_range,0,0,,False,,False,,,
exhaustive_six_of_ten_partition,partition_111_fcb845a0aac7,,hierarchical_power_fallback,0.94999999999999996,5,3,6,,unavailable_finite_sample_full_physical_range,0,0,,False,,False,,,
exhaustive_six_of_ten_partition,partition_112_9c435f56bd1b,,hierarchical_activation_residual,0.80000000000000004,1,1,2,,unavailable_finite_sample_full_physical_range,0,0,,False,,False,,,
exhaustive_six_of_ten_partition,partition_112_9c435f56bd1b,,hierarchical_activation_residual,0.90000000000000002,1,1,2,,unavailable_finite_sample_full_physical_range,0,0,,False,,False,,,
exhaustive_six_of_ten_partition,partition_112_9c435f56bd1b,,hierarchical_activation_residual,0.94999999999999996,1,1,2,,unavailable_finite_sample_full_physical_range,0,0,,False,,False,,,
exhaustive_six_of_ten_partition,partition_112_9c435f56bd1b,,hierarchical_power_fallback,0.80000000000000004,5,3,5,2.1698424743004083,finite_order_statistic,3,3,1,True,True,True,1.5682096924461864,3.4427051368367643,1.5682096924461864
exhaustive_six_of_ten_partition,partition_112_9c435f56bd1b,,hierarchical_power_fallback,0.90000000000000002,5,3,6,,unavailable_finite_sample_full_physical_range,0,0,,False,,False,,,
exhaustive_six_of_ten_partition,partition_112_9c435f56bd1b,,hierarchical_power_fallback,0.94999999999999996,5,3,6,,unavailable_finite_sample_full_physical_range,0,0,,False,,False,,,
exhaustive_six_of_ten_partition,partition_113_e0abd8b427ce,,hierarchical_activation_residual,0.80000000000000004,1,1,2,,unavailable_finite_sample_full_physical_range,0,0,,False,,False,,,
exhaustive_six_of_ten_partition,partition_113_e0abd8b427ce,,hierarchical_activation_residual,0.90000000000000002,1,1,2,,unavailable_finite_sample_full_physical_range,0,0,,False,,False,,,
exhaustive_six_of_ten_partition,partition_113_e0abd8b427ce,,hierarchical_activation_residual,0.94999999999999996,1,1,2,,unavailable_finite_sample_full_physical_range,0,0,,False,,False,,,
exhaustive_six_of_ten_partition,partition_113_e0abd8b427ce,,hierarchical_power_fallback,0.80000000000000004,5,3,5,2.1698424743004083,finite_order_statistic,3,3,1,True,True,True,1.5770146891707342,3.4427051368367643,1.5770146891707342
exhaustive_six_of_ten_partition,partition_113_e0abd8b427ce,,hierarchical_power_fallback,0.90000000000000002,5,3,6,,unavailable_finite_sample_full_physical_range,0,0,,False,,False,,,
exhaustive_six_of_ten_partition,partition_113_e0abd8b427ce,,hierarchical_power_fallback,0.94999999999999996,5,3,6,,unavailable_finite_sample_full_physical_range,0,0,,False,,False,,,
exhaustive_six_of_ten_partition,partition_114_5c65fb06830f,,hierarchical_activation_residual,0.80000000000000004,1,1,2,,unavailable_finite_sample_full_physical_range,0,0,,False,,False,,,
exhaustive_six_of_ten_partition,partition_114_5c65fb06830f,,hierarchical_activation_residual,0.90000000000000002,1,1,2,,unavailable_finite_sample_full_physical_range,0,0,,False,,False,,,
exhaustive_six_of_ten_partition,partition_114_5c65fb06830f,,hierarchical_activation_residual,0.94999999999999996,1,1,2,,unavailable_finite_sample_full_physical_range,0,0,,False,,False,,,
exhaustive_six_of_ten_partition,partition_114_5c65fb06830f,,hierarchical_power_fallback,0.80000000000000004,5,3,5,2.1698424743004083,finite_order_statistic,3,3,1,True,True,True,1.7103580411071293,3.4427051368367643,1.7103580411071293
exhaustive_six_of_ten_partition,partition_114_5c65fb06830f,,hierarchical_power_fallback,0.90000000000000002,5,3,6,,unavailable_finite_sample_full_physical_range,0,0,,False,,False,,,
exhaustive_six_of_ten_partition,partition_114_5c65fb06830f,,hierarchical_power_fallback,0.94999999999999996,5,3,6,,unavailable_finite_sample_full_physical_range,0,0,,False,,False,,,
exhaustive_six_of_ten_partition,partition_115_a02535e8f6fc,,hierarchical_activation_residual,0.80000000000000004,1,1,2,,unavailable_finite_sample_full_physical_range,0,0,,False,,False,,,
exhaustive_six_of_ten_partition,partition_115_a02535e8f6fc,,hierarchical_activation_residual,0.90000000000000002,1,1,2,,unavailable_finite_sample_full_physical_range,0,0,,False,,False,,,
exhaustive_six_of_ten_partition,partition_115_a02535e8f6fc,,hierarchical_activation_residual,0.94999999999999996,1,1,2,,unavailable_finite_sample_full_physical_range,0,0,,False,,False,,,
exhaustive_six_of_ten_partition,partition_115_a02535e8f6fc,,hierarchical_power_fallback,0.80000000000000004,5,3,5,1.4840726147248924,finite_order_statistic,3,2,0.66666666666666663,True,False,False,1.2849763695548995,2.916871079971969,1.764426623555208
exhaustive_six_of_ten_partition,partition_115_a02535e8f6fc,,hierarchical_power_fallback,0.90000000000000002,5,3,6,,unavailable_finite_sample_full_physical_range,0,0,,False,,False,,,
exhaustive_six_of_ten_partition,partition_115_a02535e8f6fc,,hierarchical_power_fallback,0.94999999999999996,5,3,6,,unavailable_finite_sample_full_physical_range,0,0,,False,,False,,,
exhaustive_six_of_ten_partition,partition_116_3bae2451aedc,,hierarchical_activation_residual,0.80000000000000004,1,1,2,,unavailable_finite_sample_full_physical_range,0,0,,False,,False,,,
exhaustive_six_of_ten_partition,partition_116_3bae2451aedc,,hierarchical_activation_residual,0.90000000000000002,1,1,2,,unavailable_finite_sample_full_physical_range,0,0,,False,,False,,,
exhaustive_six_of_ten_partition,partition_116_3bae2451aedc,,hierarchical_activation_residual,0.94999999999999996,1,1,2,,unavailable_finite_sample_full_physical_range,0,0,,False,,False,,,
exhaustive_six_of_ten_partition,partition_116_3bae2451aedc,,hierarchical_power_fallback,0.80000000000000004,5,3,5,2.1698424743004083,finite_order_statistic,3,3,1,True,True,True,1.6602180132987663,4.1087384001945395,1.6602180132987663
exhaustive_six_of_ten_partition,partition_116_3bae2451aedc,,hierarchical_power_fallback,0.90000000000000002,5,3,6,,unavailable_finite_sample_full_physical_range,0,0,,False,,False,,,
exhaustive_six_of_ten_partition,partition_116_3bae2451aedc,,hierarchical_power_fallback,0.94999999999999996,5,3,6,,unavailable_finite_sample_full_physical_range,0,0,,False,,False,,,
exhaustive_six_of_ten_partition,partition_117_fe7d72b89e3c,,hierarchical_activation_residual,0.80000000000000004,1,1,2,,unavailable_finite_sample_full_physical_range,0,0,,False,,False,,,
exhaustive_six_of_ten_partition,partition_117_fe7d72b89e3c,,hierarchical_activation_residual,0.90000000000000002,1,1,2,,unavailable_finite_sample_full_physical_range,0,0,,False,,False,,,
exhaustive_six_of_ten_partition,partition_117_fe7d72b89e3c,,hierarchical_activation_residual,0.94999999999999996,1,1,2,,unavailable_finite_sample_full_physical_range,0,0,,False,,False,,,
exhaustive_six_of_ten_partition,partition_117_fe7d72b89e3c,,hierarchical_power_fallback,0.80000000000000004,5,3,5,2.1698424743004083,finite_order_statistic,3,3,1,True,True,True,1.6690230100233141,4.1087384001945395,1.6690230100233141
exhaustive_six_of_ten_partition,partition_117_fe7d72b89e3c,,hierarchical_power_fallback,0.90000000000000002,5,3,6,,unavailable_finite_sample_full_physical_range,0,0,,False,,False,,,
exhaustive_six_of_ten_partition,partition_117_fe7d72b89e3c,,hierarchical_power_fallback,0.94999999999999996,5,3,6,,unavailable_finite_sample_full_physical_range,0,0,,False,,False,,,
exhaustive_six_of_ten_partition,partition_118_0f09157ac8e5,,hierarchical_activation_residual,0.80000000000000004,1,1,2,,unavailable_finite_sample_full_physical_range,0,0,,False,,False,,,
exhaustive_six_of_ten_partition,partition_118_0f09157ac8e5,,hierarchical_activation_residual,0.90000000000000002,1,1,2,,unavailable_finite_sample_full_physical_range,0,0,,False,,False,,,
exhaustive_six_of_ten_partition,partition_118_0f09157ac8e5,,hierarchical_activation_residual,0.94999999999999996,1,1,2,,unavailable_finite_sample_full_physical_range,0,0,,False,,False,,,
exhaustive_six_of_ten_partition,partition_118_0f09157ac8e5,,hierarchical_power_fallback,0.80000000000000004,5,3,5,2.1698424743004083,finite_order_statistic,3,3,1,True,True,True,1.8023663619597092,4.1087384001945395,1.8023663619597092
exhaustive_six_of_ten_partition,partition_118_0f09157ac8e5,,hierarchical_power_fallback,0.90000000000000002,5,3,6,,unavailable_finite_sample_full_physical_range,0,0,,False,,False,,,
exhaustive_six_of_ten_partition,partition_118_0f09157ac8e5,,hierarchical_power_fallback,0.94999999999999996,5,3,6,,unavailable_finite_sample_full_physical_range,0,0,,False,,False,,,
exhaustive_six_of_ten_partition,partition_119_54914b933b0d,,hierarchical_activation_residual,0.80000000000000004,1,1,2,,unavailable_finite_sample_full_physical_range,0,0,,False,,False,,,
exhaustive_six_of_ten_partition,partition_119_54914b933b0d,,hierarchical_activation_residual,0.90000000000000002,1,1,2,,unavailable_finite_sample_full_physical_range,0,0,,False,,False,,,
exhaustive_six_of_ten_partition,partition_119_54914b933b0d,,hierarchical_activation_residual,0.94999999999999996,1,1,2,,unavailable_finite_sample_full_physical_range,0,0,,False,,False,,,
exhaustive_six_of_ten_partition,partition_119_54914b933b0d,,hierarchical_power_fallback,0.80000000000000004,5,3,5,1.4840726147248924,finite_order_statistic,3,2,0.66666666666666663,True,False,False,1.3479058360582961,2.916871079971969,1.8273560900586043
exhaustive_six_of_ten_partition,partition_119_54914b933b0d,,hierarchical_power_fallback,0.90000000000000002,5,3,6,,unavailable_finite_sample_full_physical_range,0,0,,False,,False,,,
exhaustive_six_of_ten_partition,partition_119_54914b933b0d,,hierarchical_power_fallback,0.94999999999999996,5,3,6,,unavailable_finite_sample_full_physical_range,0,0,,False,,False,,,
exhaustive_six_of_ten_partition,partition_120_3d9baa460074,,hierarchical_activation_residual,0.80000000000000004,1,1,2,,unavailable_finite_sample_full_physical_range,0,0,,False,,False,,,
exhaustive_six_of_ten_partition,partition_120_3d9baa460074,,hierarchical_activation_residual,0.90000000000000002,1,1,2,,unavailable_finite_sample_full_physical_range,0,0,,False,,False,,,
exhaustive_six_of_ten_partition,partition_120_3d9baa460074,,hierarchical_activation_residual,0.94999999999999996,1,1,2,,unavailable_finite_sample_full_physical_range,0,0,,False,,False,,,
exhaustive_six_of_ten_partition,partition_120_3d9baa460074,,hierarchical_power_fallback,0.80000000000000004,5,3,5,2.1698424743004083,finite_order_statistic,3,3,1,True,True,True,1.8565489643168256,4.1087384001945395,1.8565489643168256
exhaustive_six_of_ten_partition,partition_120_3d9baa460074,,hierarchical_power_fallback,0.90000000000000002,5,3,6,,unavailable_finite_sample_full_physical_range,0,0,,False,,False,,,
exhaustive_six_of_ten_partition,partition_120_3d9baa460074,,hierarchical_power_fallback,0.94999999999999996,5,3,6,,unavailable_finite_sample_full_physical_range,0,0,,False,,False,,,
exhaustive_six_of_ten_partition,partition_121_61a3857f3390,,hierarchical_activation_residual,0.80000000000000004,0,2,1,,unavailable_no_same_route_calibration,0,0,,False,,False,,,
exhaustive_six_of_ten_partition,partition_121_61a3857f3390,,hierarchical_activation_residual,0.90000000000000002,0,2,1,,unavailable_no_same_route_calibration,0,0,,False,,False,,,
exhaustive_six_of_ten_partition,partition_121_61a3857f3390,,hierarchical_activation_residual,0.94999999999999996,0,2,1,,unavailable_no_same_route_calibration,0,0,,False,,False,,,
exhaustive_six_of_ten_partition,partition_121_61a3857f3390,,hierarchical_power_fallback,0.80000000000000004,6,2,6,2.1698424743004083,finite_order_statistic,2,2,1,True,True,True,1.3849823943897688,2.2673997803693737,1.3849823943897688
exhaustive_six_of_ten_partition,partition_121_61a3857f3390,,hierarchical_power_fallback,0.90000000000000002,6,2,7,,unavailable_finite_sample_full_physical_range,0,0,,False,,False,,,
exhaustive_six_of_ten_partition,partition_121_61a3857f3390,,hierarchical_power_fallback,0.94999999999999996,6,2,7,,unavailable_finite_sample_full_physical_range,0,0,,False,,False,,,
exhaustive_six_of_ten_partition,partition_122_d3f4ace0ebe7,,hierarchical_activation_residual,0.80000000000000004,0,2,1,,unavailable_no_same_route_calibration,0,0,,False,,False,,,
exhaustive_six_of_ten_partition,partition_122_d3f4ace0ebe7,,hierarchical_activation_residual,0.90000000000000002,0,2,1,,unavailable_no_same_route_calibration,0,0,,False,,False,,,
exhaustive_six_of_ten_partition,partition_122_d3f4ace0ebe7,,hierarchical_activation_residual,0.94999999999999996,0,2,1,,unavailable_no_same_route_calibration,0,0,,False,,False,,,
exhaustive_six_of_ten_partition,partition_122_d3f4ace0ebe7,,hierarchical_power_fallback,0.80000000000000004,6,2,6,2.1698424743004083,finite_order_statistic,2,2,1,True,True,True,1.3981898894765907,2.2673997803693737,1.3981898894765907
exhaustive_six_of_ten_partition,partition_122_d3f4ace0ebe7,,hierarchical_power_fallback,0.90000000000000002,6,2,7,,unavailable_finite_sample_full_physical_range,0,0,,False,,False,,,
exhaustive_six_of_ten_partition,partition_122_d3f4ace0ebe7,,hierarchical_power_fallback,0.94999999999999996,6,2,7,,unavailable_finite_sample_full_physical_range,0,0,,False,,False,,,
exhaustive_six_of_ten_partition,partition_123_a8f4d794e84f,,hierarchical_activation_residual,0.80000000000000004,0,2,1,,unavailable_no_same_route_calibration,0,0,,False,,False,,,
exhaustive_six_of_ten_partition,partition_123_a8f4d794e84f,,hierarchical_activation_residual,0.90000000000000002,0,2,1,,unavailable_no_same_route_calibration,0,0,,False,,False,,,
exhaustive_six_of_ten_partition,partition_123_a8f4d794e84f,,hierarchical_activation_residual,0.94999999999999996,0,2,1,,unavailable_no_same_route_calibration,0,0,,False,,False,,,
exhaustive_six_of_ten_partition,partition_123_a8f4d794e84f,,hierarchical_power_fallback,0.80000000000000004,6,2,6,2.1698424743004083,finite_order_statistic,2,2,1,True,True,True,1.5982049173811834,3.0610265608058569,1.5982049173811834
exhaustive_six_of_ten_partition,partition_123_a8f4d794e84f,,hierarchical_power_fallback,0.90000000000000002,6,2,7,,unavailable_finite_sample_full_physical_range,0,0,,False,,False,,,
exhaustive_six_of_ten_partition,partition_123_a8f4d794e84f,,hierarchical_power_fallback,0.94999999999999996,6,2,7,,unavailable_finite_sample_full_physical_range,0,0,,False,,False,,,
exhaustive_six_of_ten_partition,partition_124_64d34ab7bae7,,hierarchical_activation_residual,0.80000000000000004,0,2,1,,unavailable_no_same_route_calibration,0,0,,False,,False,,,
exhaustive_six_of_ten_partition,partition_124_64d34ab7bae7,,hierarchical_activation_residual,0.90000000000000002,0,2,1,,unavailable_no_same_route_calibration,0,0,,False,,False,,,
exhaustive_six_of_ten_partition,partition_124_64d34ab7bae7,,hierarchical_activation_residual,0.94999999999999996,0,2,1,,unavailable_no_same_route_calibration,0,0,,False,,False,,,
exhaustive_six_of_ten_partition,partition_124_64d34ab7bae7,,hierarchical_power_fallback,0.80000000000000004,6,2,6,1.4840726147248924,finite_order_statistic,2,1,0.5,True,False,False,1.2658537868819666,2.916871079971969,1.9850291678824294
exhaustive_six_of_ten_partition,partition_124_64d34ab7bae7,,hierarchical_power_fallback,0.90000000000000002,6,2,7,,unavailable_finite_sample_full_physical_range,0,0,,False,,False,,,
exhaustive_six_of_ten_partition,partition_124_64d34ab7bae7,,hierarchical_power_fallback,0.94999999999999996,6,2,7,,unavailable_finite_sample_full_physical_range,0,0,,False,,False,,,
exhaustive_six_of_ten_partition,partition_125_c01879e9ed11,,hierarchical_activation_residual,0.80000000000000004,0,2,1,,unavailable_no_same_route_calibration,0,0,,False,,False,,,
exhaustive_six_of_ten_partition,partition_125_c01879e9ed11,,hierarchical_activation_residual,0.90000000000000002,0,2,1,,unavailable_no_same_route_calibration,0,0,,False,,False,,,
exhaustive_six_of_ten_partition,partition_125_c01879e9ed11,,hierarchical_activation_residual,0.94999999999999996,0,2,1,,unavailable_no_same_route_calibration,0,0,,False,,False,,,
exhaustive_six_of_ten_partition,partition_125_c01879e9ed11,,hierarchical_power_fallback,0.80000000000000004,6,2,6,2.1698424743004083,finite_order_statistic,2,2,1,True,True,True,1.6794788209168581,3.4427051368367643,1.6794788209168581
exhaustive_six_of_ten_partition,partition_125_c01879e9ed11,,hierarchical_power_fallback,0.90000000000000002,6,2,7,,unavailable_finite_sample_full_physical_range,0,0,,False,,False,,,
exhaustive_six_of_ten_partition,partition_125_c01879e9ed11,,hierarchical_power_fallback,0.94999999999999996,6,2,7,,unavailable_finite_sample_full_physical_range,0,0,,False,,False,,,
exhaustive_six_of_ten_partition,partition_126_9d7b2020b7de,,hierarchical_activation_residual,0.80000000000000004,0,2,1,,unavailable_no_same_route_calibration,0,0,,False,,False,,,
exhaustive_six_of_ten_partition,partition_126_9d7b2020b7de,,hierarchical_activation_residual,0.90000000000000002,0,2,1,,unavailable_no_same_route_calibration,0,0,,False,,False,,,
exhaustive_six_of_ten_partition,partition_126_9d7b2020b7de,,hierarchical_activation_residual,0.94999999999999996,0,2,1,,unavailable_no_same_route_calibration,0,0,,False,,False,,,
exhaustive_six_of_ten_partition,partition_126_9d7b2020b7de,,hierarchical_power_fallback,0.80000000000000004,6,2,6,2.1698424743004083,finite_order_statistic,2,2,1,True,True,True,1.817491302195728,4.1087384001945395,1.817491302195728
exhaustive_six_of_ten_partition,partition_126_9d7b2020b7de,,hierarchical_power_fallback,0.90000000000000002,6,2,7,,unavailable_finite_sample_full_physical_range,0,0,,False,,False,,,
exhaustive_six_of_ten_partition,partition_126_9d7b2020b7de,,hierarchical_power_fallback,0.94999999999999996,6,2,7,,unavailable_finite_sample_full_physical_range,0,0,,False,,False,,,
exhaustive_six_of_ten_partition,partition_127_7b5bdb34d771,,hierarchical_activation_residual,0.80000000000000004,2,0,3,,unavailable_finite_sample_full_physical_range,0,0,,,,,,,
exhaustive_six_of_ten_partition,partition_127_7b5bdb34d771,,hierarchical_activation_residual,0.90000000000000002,2,0,3,,unavailable_finite_sample_full_physical_range,0,0,,,,,,,
exhaustive_six_of_ten_partition,partition_127_7b5bdb34d771,,hierarchical_activation_residual,0.94999999999999996,2,0,3,,unavailable_finite_sample_full_physical_range,0,0,,,,,,,
exhaustive_six_of_ten_partition,partition_127_7b5bdb34d771,,hierarchical_power_fallback,0.80000000000000004,4,4,4,2.1698424743004083,finite_order_statistic,4,4,1,True,True,True,1.6323337069438795,3.7068476824296397,1.6323337069438795
exhaustive_six_of_ten_partition,partition_127_7b5bdb34d771,,hierarchical_power_fallback,0.90000000000000002,4,4,5,,unavailable_finite_sample_full_physical_range,0,0,,False,,False,,,
exhaustive_six_of_ten_partition,partition_127_7b5bdb34d771,,hierarchical_power_fallback,0.94999999999999996,4,4,5,,unavailable_finite_sample_full_physical_range,0,0,,False,,False,,,
exhaustive_six_of_ten_partition,partition_128_d87d21e1e58f,,hierarchical_activation_residual,0.80000000000000004,2,0,3,,unavailable_finite_sample_full_physical_range,0,0,,,,,,,
exhaustive_six_of_ten_partition,partition_128_d87d21e1e58f,,hierarchical_activation_residual,0.90000000000000002,2,0,3,,unavailable_finite_sample_full_physical_range,0,0,,,,,,,
exhaustive_six_of_ten_partition,partition_128_d87d21e1e58f,,hierarchical_activation_residual,0.94999999999999996,2,0,3,,unavailable_finite_sample_full_physical_range,0,0,,,,,,,
exhaustive_six_of_ten_partition,partition_128_d87d21e1e58f,,hierarchical_power_fallback,0.80000000000000004,4,4,4,1.3884373131471051,finite_order_statistic,4,2,0.5,True,False,False,1.1253078147267106,2.7289046404400494,1.6054500253824093
exhaustive_six_of_ten_partition,partition_128_d87d21e1e58f,,hierarchical_power_fallback,0.90000000000000002,4,4,5,,unavailable_finite_sample_full_physical_range,0,0,,False,,False,,,
exhaustive_six_of_ten_partition,partition_128_d87d21e1e58f,,hierarchical_power_fallback,0.94999999999999996,4,4,5,,unavailable_finite_sample_full_physical_range,0,0,,False,,False,,,
exhaustive_six_of_ten_partition,partition_129_1e37d8f0c273,,hierarchical_activation_residual,0.80000000000000004,2,0,3,,unavailable_finite_sample_full_physical_range,0,0,,,,,,,
exhaustive_six_of_ten_partition,partition_129_1e37d8f0c273,,hierarchical_activation_residual,0.90000000000000002,2,0,3,,unavailable_finite_sample_full_physical_range,0,0,,,,,,,
exhaustive_six_of_ten_partition,partition_129_1e37d8f0c273,,hierarchical_activation_residual,0.94999999999999996,2,0,3,,unavailable_finite_sample_full_physical_range,0,0,,,,,,,
exhaustive_six_of_ten_partition,partition_129_1e37d8f0c273,,hierarchical_power_fallback,0.80000000000000004,4,4,4,1.3884373131471051,finite_order_statistic,4,2,0.5,True,False,False,1.1893005541126502,2.7289046404400494,1.6694427647683487
exhaustive_six_of_ten_partition,partition_129_1e37d8f0c273,,hierarchical_power_fallback,0.90000000000000002,4,4,5,,unavailable_finite_sample_full_physical_range,0,0,,False,,False,,,
exhaustive_six_of_ten_partition,partition_129_1e37d8f0c273,,hierarchical_power_fallback,0.94999999999999996,4,4,5,,unavailable_finite_sample_full_physical_range,0,0,,False,,False,,,
exhaustive_six_of_ten_partition,partition_130_59fc6162ca9b,,hierarchical_activation_residual,0.80000000000000004,2,0,3,,unavailable_finite_sample_full_physical_range,0,0,,,,,,,
exhaustive_six_of_ten_partition,partition_130_59fc6162ca9b,,hierarchical_activation_residual,0.90000000000000002,2,0,3,,unavailable_finite_sample_full_physical_range,0,0,,,,,,,
exhaustive_six_of_ten_partition,partition_130_59fc6162ca9b,,hierarchical_activation_residual,0.94999999999999996,2,0,3,,unavailable_finite_sample_full_physical_range,0,0,,,,,,,
exhaustive_six_of_ten_partition,partition_130_59fc6162ca9b,,hierarchical_power_fallback,0.80000000000000004,4,4,4,1.3884373131471051,finite_order_statistic,4,2,0.5,True,False,False,1.1935261555581331,2.7289046404400494,1.6736683662138316
exhaustive_six_of_ten_partition,partition_130_59fc6162ca9b,,hierarchical_power_fallback,0.90000000000000002,4,4,5,,unavailable_finite_sample_full_physical_range,0,0,,False,,False,,,
exhaustive_six_of_ten_partition,partition_130_59fc6162ca9b,,hierarchical_power_fallback,0.94999999999999996,4,4,5,,unavailable_finite_sample_full_physical_range,0,0,,False,,False,,,
exhaustive_six_of_ten_partition,partition_131_e6a298aea7bd,,hierarchical_activation_residual,0.80000000000000004,2,0,3,,unavailable_finite_sample_full_physical_range,0,0,,,,,,,
exhaustive_six_of_ten_partition,partition_131_e6a298aea7bd,,hierarchical_activation_residual,0.90000000000000002,2,0,3,,unavailable_finite_sample_full_physical_range,0,0,,,,,,,
exhaustive_six_of_ten_partition,partition_131_e6a298aea7bd,,hierarchical_activation_residual,0.94999999999999996,2,0,3,,unavailable_finite_sample_full_physical_range,0,0,,,,,,,
exhaustive_six_of_ten_partition,partition_131_e6a298aea7bd,,hierarchical_power_fallback,0.80000000000000004,4,4,4,2.1698424743004083,finite_order_statistic,4,4,1,True,True,True,1.6729706587117166,3.7068476824296397,1.6729706587117166
exhaustive_six_of_ten_partition,partition_131_e6a298aea7bd,,hierarchical_power_fallback,0.90000000000000002,4,4,5,,unavailable_finite_sample_full_physical_range,0,0,,False,,False,,,
exhaustive_six_of_ten_partition,partition_131_e6a298aea7bd,,hierarchical_power_fallback,0.94999999999999996,4,4,5,,unavailable_finite_sample_full_physical_range,0,0,,False,,False,,,
exhaustive_six_of_ten_partition,partition_132_cd838441716e,,hierarchical_activation_residual,0.80000000000000004,2,0,3,,unavailable_finite_sample_full_physical_range,0,0,,,,,,,
exhaustive_six_of_ten_partition,partition_132_cd838441716e,,hierarchical_activation_residual,0.90000000000000002,2,0,3,,unavailable_finite_sample_full_physical_range,0,0,,,,,,,
exhaustive_six_of_ten_partition,partition_132_cd838441716e,,hierarchical_activation_residual,0.94999999999999996,2,0,3,,unavailable_finite_sample_full_physical_range,0,0,,,,,,,
exhaustive_six_of_ten_partition,partition_132_cd838441716e,,hierarchical_power_fallback,0.80000000000000004,4,4,4,2.1698424743004083,finite_order_statistic,4,4,1,True,True,True,1.772978172664013,3.7068476824296397,1.772978172664013
exhaustive_six_of_ten_partition,partition_132_cd838441716e,,hierarchical_power_fallback,0.90000000000000002,4,4,5,,unavailable_finite_sample_full_physical_range,0,0,,False,,False,,,
exhaustive_six_of_ten_partition,partition_132_cd838441716e,,hierarchical_power_fallback,0.94999999999999996,4,4,5,,unavailable_finite_sample_full_physical_range,0,0,,False,,False,,,
exhaustive_six_of_ten_partition,partition_133_8bfaf93c76c5,,hierarchical_activation_residual,0.80000000000000004,2,0,3,,unavailable_finite_sample_full_physical_range,0,0,,,,,,,
exhaustive_six_of_ten_partition,partition_133_8bfaf93c76c5,,hierarchical_activation_residual,0.90000000000000002,2,0,3,,unavailable_finite_sample_full_physical_range,0,0,,,,,,,
exhaustive_six_of_ten_partition,partition_133_8bfaf93c76c5,,hierarchical_activation_residual,0.94999999999999996,2,0,3,,unavailable_finite_sample_full_physical_range,0,0,,,,,,,
exhaustive_six_of_ten_partition,partition_133_8bfaf93c76c5,,hierarchical_power_fallback,0.80000000000000004,4,4,4,2.1698424743004083,finite_order_statistic,4,4,1,True,True,True,1.7795819202074239,3.7068476824296397,1.7795819202074239
exhaustive_six_of_ten_partition,partition_133_8bfaf93c76c5,,hierarchical_power_fallback,0.90000000000000002,4,4,5,,unavailable_finite_sample_full_physical_range,0,0,,False,,False,,,
exhaustive_six_of_ten_partition,partition_133_8bfaf93c76c5,,hierarchical_power_fallback,0.94999999999999996,4,4,5,,unavailable_finite_sample_full_physical_range,0,0,,False,,False,,,
exhaustive_six_of_ten_partition,partition_134_7894a50e20f6,,hierarchical_activation_residual,0.80000000000000004,2,0,3,,unavailable_finite_sample_full_physical_range,0,0,,,,,,,
exhaustive_six_of_ten_partition,partition_134_7894a50e20f6,,hierarchical_activation_residual,0.90000000000000002,2,0,3,,unavailable_finite_sample_full_physical_range,0,0,,,,,,,
exhaustive_six_of_ten_partition,partition_134_7894a50e20f6,,hierarchical_activation_residual,0.94999999999999996,2,0,3,,unavailable_finite_sample_full_physical_range,0,0,,,,,,,
exhaustive_six_of_ten_partition,partition_134_7894a50e20f6,,hierarchical_power_fallback,0.80000000000000004,4,4,4,1.3884373131471051,finite_order_statistic,4,2,0.5,True,False,False,1.2153032989179917,2.7289046404400494,1.6954455095736902
exhaustive_six_of_ten_partition,partition_134_7894a50e20f6,,hierarchical_power_fallback,0.90000000000000002,4,4,5,,unavailable_finite_sample_full_physical_range,0,0,,False,,False,,,
exhaustive_six_of_ten_partition,partition_134_7894a50e20f6,,hierarchical_power_fallback,0.94999999999999996,4,4,5,,unavailable_finite_sample_full_physical_range,0,0,,False,,False,,,
exhaustive_six_of_ten_partition,partition_135_ba73c4d51998,,hierarchical_activation_residual,0.80000000000000004,2,0,3,,unavailable_finite_sample_full_physical_range,0,0,,,,,,,
exhaustive_six_of_ten_partition,partition_135_ba73c4d51998,,hierarchical_activation_residual,0.90000000000000002,2,0,3,,unavailable_finite_sample_full_physical_range,0,0,,,,,,,
exhaustive_six_of_ten_partition,partition_135_ba73c4d51998,,hierarchical_activation_residual,0.94999999999999996,2,0,3,,unavailable_finite_sample_full_physical_range,0,0,,,,,,,
exhaustive_six_of_ten_partition,partition_135_ba73c4d51998,,hierarchical_power_fallback,0.80000000000000004,4,4,4,1.3884373131471051,finite_order_statistic,4,2,0.5,True,False,False,1.2195289003634744,2.7289046404400494,1.6996711110191729
exhaustive_six_of_ten_partition,partition_135_ba73c4d51998,,hierarchical_power_fallback,0.90000000000000002,4,4,5,,unavailable_finite_sample_full_physical_range,0,0,,False,,False,,,
exhaustive_six_of_ten_partition,partition_135_ba73c4d51998,,hierarchical_power_fallback,0.94999999999999996,4,4,5,,unavailable_finite_sample_full_physical_range,0,0,,False,,False,,,
exhaustive_six_of_ten_partition,partition_136_ccf58b2d1877,,hierarchical_activation_residual,0.80000000000000004,2,0,3,,unavailable_finite_sample_full_physical_range,0,0,,,,,,,
exhaustive_six_of_ten_partition,partition_136_ccf58b2d1877,,hierarchical_activation_residual,0.90000000000000002,2,0,3,,unavailable_finite_sample_full_physical_range,0,0,,,,,,,
exhaustive_six_of_ten_partition,partition_136_ccf58b2d1877,,hierarchical_activation_residual,0.94999999999999996,2,0,3,,unavailable_finite_sample_full_physical_range,0,0,,,,,,,
exhaustive_six_of_ten_partition,partition_136_ccf58b2d1877,,hierarchical_power_fallback,0.80000000000000004,4,4,4,1.3884373131471051,finite_order_statistic,4,2,0.5,True,False,False,1.283521639749414,2.7289046404400494,1.7636638504051125
exhaustive_six_of_ten_partition,partition_136_ccf58b2d1877,,hierarchical_power_fallback,0.90000000000000002,4,4,5,,unavailable_finite_sample_full_physical_range,0,0,,False,,False,,,
exhaustive_six_of_ten_partition,partition_136_ccf58b2d1877,,hierarchical_power_fallback,0.94999999999999996,4,4,5,,unavailable_finite_sample_full_physical_range,0,0,,False,,False,,,
exhaustive_six_of_ten_partition,partition_137_3d4e005292a1,,hierarchical_activation_residual,0.80000000000000004,2,0,3,,unavailable_finite_sample_full_physical_range,0,0,,,,,,,
exhaustive_six_of_ten_partition,partition_137_3d4e005292a1,,hierarchical_activation_residual,0.90000000000000002,2,0,3,,unavailable_finite_sample_full_physical_range,0,0,,,,,,,
exhaustive_six_of_ten_partition,partition_137_3d4e005292a1,,hierarchical_activation_residual,0.94999999999999996,2,0,3,,unavailable_finite_sample_full_physical_range,0,0,,,,,,,
exhaustive_six_of_ten_partition,partition_137_3d4e005292a1,,hierarchical_power_fallback,0.80000000000000004,4,4,4,2.1698424743004083,finite_order_statistic,4,4,1,True,True,True,1.741976899351152,4.1087384001945395,1.741976899351152
exhaustive_six_of_ten_partition,partition_137_3d4e005292a1,,hierarchical_power_fallback,0.90000000000000002,4,4,5,,unavailable_finite_sample_full_physical_range,0,0,,False,,False,,,
exhaustive_six_of_ten_partition,partition_137_3d4e005292a1,,hierarchical_power_fallback,0.94999999999999996,4,4,5,,unavailable_finite_sample_full_physical_range,0,0,,False,,False,,,
exhaustive_six_of_ten_partition,partition_138_5126c0b10800,,hierarchical_activation_residual,0.80000000000000004,2,0,3,,unavailable_finite_sample_full_physical_range,0,0,,,,,,,
exhaustive_six_of_ten_partition,partition_138_5126c0b10800,,hierarchical_activation_residual,0.90000000000000002,2,0,3,,unavailable_finite_sample_full_physical_range,0,0,,,,,,,
exhaustive_six_of_ten_partition,partition_138_5126c0b10800,,hierarchical_activation_residual,0.94999999999999996,2,0,3,,unavailable_finite_sample_full_physical_range,0,0,,,,,,,
exhaustive_six_of_ten_partition,partition_138_5126c0b10800,,hierarchical_power_fallback,0.80000000000000004,4,4,4,2.1698424743004083,finite_order_statistic,4,4,1,True,True,True,1.841984413303448,4.1087384001945395,1.841984413303448
exhaustive_six_of_ten_partition,partition_138_5126c0b10800,,hierarchical_power_fallback,0.90000000000000002,4,4,5,,unavailable_finite_sample_full_physical_range,0,0,,False,,False,,,
exhaustive_six_of_ten_partition,partition_138_5126c0b10800,,hierarchical_power_fallback,0.94999999999999996,4,4,5,,unavailable_finite_sample_full_physical_range,0,0,,False,,False,,,
exhaustive_six_of_ten_partition,partition_139_eb455d6bbfb3,,hierarchical_activation_residual,0.80000000000000004,2,0,3,,unavailable_finite_sample_full_physical_range,0,0,,,,,,,
exhaustive_six_of_ten_partition,partition_139_eb455d6bbfb3,,hierarchical_activation_residual,0.90000000000000002,2,0,3,,unavailable_finite_sample_full_physical_range,0,0,,,,,,,
exhaustive_six_of_ten_partition,partition_139_eb455d6bbfb3,,hierarchical_activation_residual,0.94999999999999996,2,0,3,,unavailable_finite_sample_full_physical_range,0,0,,,,,,,
exhaustive_six_of_ten_partition,partition_139_eb455d6bbfb3,,hierarchical_power_fallback,0.80000000000000004,4,4,4,2.1698424743004083,finite_order_statistic,4,4,1,True,True,True,1.8485881608468591,4.1087384001945395,1.8485881608468591
exhaustive_six_of_ten_partition,partition_139_eb455d6bbfb3,,hierarchical_power_fallback,0.90000000000000002,4,4,5,,unavailable_finite_sample_full_physical_range,0,0,,False,,False,,,
exhaustive_six_of_ten_partition,partition_139_eb455d6bbfb3,,hierarchical_power_fallback,0.94999999999999996,4,4,5,,unavailable_finite_sample_full_physical_range,0,0,,False,,False,,,
exhaustive_six_of_ten_partition,partition_140_86f886c499be,,hierarchical_activation_residual,0.80000000000000004,2,0,3,,unavailable_finite_sample_full_physical_range,0,0,,,,,,,
exhaustive_six_of_ten_partition,partition_140_86f886c499be,,hierarchical_activation_residual,0.90000000000000002,2,0,3,,unavailable_finite_sample_full_physical_range,0,0,,,,,,,
exhaustive_six_of_ten_partition,partition_140_86f886c499be,,hierarchical_activation_residual,0.94999999999999996,2,0,3,,unavailable_finite_sample_full_physical_range,0,0,,,,,,,
exhaustive_six_of_ten_partition,partition_140_86f886c499be,,hierarchical_power_fallback,0.80000000000000004,4,4,4,1.3884373131471051,finite_order_statistic,4,2,0.5,True,False,False,1.2594589648147485,2.7289046404400494,1.739601175470447
exhaustive_six_of_ten_partition,partition_140_86f886c499be,,hierarchical_power_fallback,0.90000000000000002,4,4,5,,unavailable_finite_sample_full_physical_range,0,0,,False,,False,,,
exhaustive_six_of_ten_partition,partition_140_86f886c499be,,hierarchical_power_fallback,0.94999999999999996,4,4,5,,unavailable_finite_sample_full_physical_range,0,0,,False,,False,,,
exhaustive_six_of_ten_partition,partition_141_c532bea7dd44,,hierarchical_activation_residual,0.80000000000000004,2,0,3,,unavailable_finite_sample_full_physical_range,0,0,,,,,,,
exhaustive_six_of_ten_partition,partition_141_c532bea7dd44,,hierarchical_activation_residual,0.90000000000000002,2,0,3,,unavailable_finite_sample_full_physical_range,0,0,,,,,,,
exhaustive_six_of_ten_partition,partition_141_c532bea7dd44,,hierarchical_activation_residual,0.94999999999999996,2,0,3,,unavailable_finite_sample_full_physical_range,0,0,,,,,,,
exhaustive_six_of_ten_partition,partition_141_c532bea7dd44,,hierarchical_power_fallback,0.80000000000000004,4,4,4,1.3884373131471051,finite_order_statistic,4,2,0.5,True,False,False,1.2636845662602312,2.7289046404400494,1.7438267769159297
exhaustive_six_of_ten_partition,partition_141_c532bea7dd44,,hierarchical_power_fallback,0.90000000000000002,4,4,5,,unavailable_finite_sample_full_physical_range,0,0,,False,,False,,,
exhaustive_six_of_ten_partition,partition_141_c532bea7dd44,,hierarchical_power_fallback,0.94999999999999996,4,4,5,,unavailable_finite_sample_full_physical_range,0,0,,False,,False,,,
exhaustive_six_of_ten_partition,partition_142_64f7411176db,,hierarchical_activation_residual,0.80000000000000004,2,0,3,,unavailable_finite_sample_full_physical_range,0,0,,,,,,,
exhaustive_six_of_ten_partition,partition_142_64f7411176db,,hierarchical_activation_residual,0.90000000000000002,2,0,3,,unavailable_finite_sample_full_physical_range,0,0,,,,,,,
exhaustive_six_of_ten_partition,partition_142_64f7411176db,,hierarchical_activation_residual,0.94999999999999996,2,0,3,,unavailable_finite_sample_full_physical_range,0,0,,,,,,,
exhaustive_six_of_ten_partition,partition_142_64f7411176db,,hierarchical_power_fallback,0.80000000000000004,4,4,4,1.3884373131471051,finite_order_statistic,4,2,0.5,True,False,False,1.3276773056461708,2.7289046404400494,1.8078195163018693
exhaustive_six_of_ten_partition,partition_142_64f7411176db,,hierarchical_power_fallback,0.90000000000000002,4,4,5,,unavailable_finite_sample_full_physical_range,0,0,,False,,False,,,
exhaustive_six_of_ten_partition,partition_142_64f7411176db,,hierarchical_power_fallback,0.94999999999999996,4,4,5,,unavailable_finite_sample_full_physical_range,0,0,,False,,False,,,
exhaustive_six_of_ten_partition,partition_143_bb81e33fad33,,hierarchical_activation_residual,0.80000000000000004,2,0,3,,unavailable_finite_sample_full_physical_range,0,0,,,,,,,
exhaustive_six_of_ten_partition,partition_143_bb81e33fad33,,hierarchical_activation_residual,0.90000000000000002,2,0,3,,unavailable_finite_sample_full_physical_range,0,0,,,,,,,
exhaustive_six_of_ten_partition,partition_143_bb81e33fad33,,hierarchical_activation_residual,0.94999999999999996,2,0,3,,unavailable_finite_sample_full_physical_range,0,0,,,,,,,
exhaustive_six_of_ten_partition,partition_143_bb81e33fad33,,hierarchical_power_fallback,0.80000000000000004,4,4,4,2.1698424743004083,finite_order_statistic,4,4,1,True,True,True,1.8826213650712855,4.1087384001945395,1.8826213650712855
exhaustive_six_of_ten_partition,partition_143_bb81e33fad33,,hierarchical_power_fallback,0.90000000000000002,4,4,5,,unavailable_finite_sample_full_physical_range,0,0,,False,,False,,,
exhaustive_six_of_ten_partition,partition_143_bb81e33fad33,,hierarchical_power_fallback,0.94999999999999996,4,4,5,,unavailable_finite_sample_full_physical_range,0,0,,False,,False,,,
exhaustive_six_of_ten_partition,partition_144_389c9924c841,,hierarchical_activation_residual,0.80000000000000004,2,0,3,,unavailable_finite_sample_full_physical_range,0,0,,,,,,,
exhaustive_six_of_ten_partition,partition_144_389c9924c841,,hierarchical_activation_residual,0.90000000000000002,2,0,3,,unavailable_finite_sample_full_physical_range,0,0,,,,,,,
exhaustive_six_of_ten_partition,partition_144_389c9924c841,,hierarchical_activation_residual,0.94999999999999996,2,0,3,,unavailable_finite_sample_full_physical_range,0,0,,,,,,,
exhaustive_six_of_ten_partition,partition_144_389c9924c841,,hierarchical_power_fallback,0.80000000000000004,4,4,4,2.1698424743004083,finite_order_statistic,4,4,1,True,True,True,1.8892251126146964,4.1087384001945395,1.8892251126146964
exhaustive_six_of_ten_partition,partition_144_389c9924c841,,hierarchical_power_fallback,0.90000000000000002,4,4,5,,unavailable_finite_sample_full_physical_range,0,0,,False,,False,,,
exhaustive_six_of_ten_partition,partition_144_389c9924c841,,hierarchical_power_fallback,0.94999999999999996,4,4,5,,unavailable_finite_sample_full_physical_range,0,0,,False,,False,,,
exhaustive_six_of_ten_partition,partition_145_13b30f0f14a8,,hierarchical_activation_residual,0.80000000000000004,2,0,3,,unavailable_finite_sample_full_physical_range,0,0,,,,,,,
exhaustive_six_of_ten_partition,partition_145_13b30f0f14a8,,hierarchical_activation_residual,0.90000000000000002,2,0,3,,unavailable_finite_sample_full_physical_range,0,0,,,,,,,
exhaustive_six_of_ten_partition,partition_145_13b30f0f14a8,,hierarchical_activation_residual,0.94999999999999996,2,0,3,,unavailable_finite_sample_full_physical_range,0,0,,,,,,,
exhaustive_six_of_ten_partition,partition_145_13b30f0f14a8,,hierarchical_power_fallback,0.80000000000000004,4,4,4,2.1698424743004083,finite_order_statistic,4,4,1,True,True,True,1.9892326265669926,4.1087384001945395,1.9892326265669926
exhaustive_six_of_ten_partition,partition_145_13b30f0f14a8,,hierarchical_power_fallback,0.90000000000000002,4,4,5,,unavailable_finite_sample_full_physical_range,0,0,,False,,False,,,
exhaustive_six_of_ten_partition,partition_145_13b30f0f14a8,,hierarchical_power_fallback,0.94999999999999996,4,4,5,,unavailable_finite_sample_full_physical_range,0,0,,False,,False,,,
exhaustive_six_of_ten_partition,partition_146_d96904ff92d7,,hierarchical_activation_residual,0.80000000000000004,2,0,3,,unavailable_finite_sample_full_physical_range,0,0,,,,,,,
exhaustive_six_of_ten_partition,partition_146_d96904ff92d7,,hierarchical_activation_residual,0.90000000000000002,2,0,3,,unavailable_finite_sample_full_physical_range,0,0,,,,,,,
exhaustive_six_of_ten_partition,partition_146_d96904ff92d7,,hierarchical_activation_residual,0.94999999999999996,2,0,3,,unavailable_finite_sample_full_physical_range,0,0,,,,,,,
exhaustive_six_of_ten_partition,partition_146_d96904ff92d7,,hierarchical_power_fallback,0.80000000000000004,4,4,4,1.3884373131471051,finite_order_statistic,4,2,0.5,True,False,False,1.3536800504515121,2.7289046404400494,1.8338222611072106
exhaustive_six_of_ten_partition,partition_146_d96904ff92d7,,hierarchical_power_fallback,0.90000000000000002,4,4,5,,unavailable_finite_sample_full_physical_range,0,0,,False,,False,,,
exhaustive_six_of_ten_partition,partition_146_d96904ff92d7,,hierarchical_power_fallback,0.94999999999999996,4,4,5,,unavailable_finite_sample_full_physical_range,0,0,,False,,False,,,
exhaustive_six_of_ten_partition,partition_147_926310e6e213,,hierarchical_activation_residual,0.80000000000000004,1,1,2,,unavailable_finite_sample_full_physical_range,0,0,,False,,False,,,
exhaustive_six_of_ten_partition,partition_147_926310e6e213,,hierarchical_activation_residual,0.90000000000000002,1,1,2,,unavailable_finite_sample_full_physical_range,0,0,,False,,False,,,
exhaustive_six_of_ten_partition,partition_147_926310e6e213,,hierarchical_activation_residual,0.94999999999999996,1,1,2,,unavailable_finite_sample_full_physical_range,0,0,,False,,False,,,
exhaustive_six_of_ten_partition,partition_147_926310e6e213,,hierarchical_power_fallback,0.80000000000000004,5,3,5,2.1698424743004083,finite_order_statistic,3,3,1,True,True,True,1.5857394487626155,3.7068476824296397,1.5857394487626155
exhaustive_six_of_ten_partition,partition_147_926310e6e213,,hierarchical_power_fallback,0.90000000000000002,5,3,6,,unavailable_finite_sample_full_physical_range,0,0,,False,,False,,,
exhaustive_six_of_ten_partition,partition_147_926310e6e213,,hierarchical_power_fallback,0.94999999999999996,5,3,6,,unavailable_finite_sample_full_physical_range,0,0,,False,,False,,,
exhaustive_six_of_ten_partition,partition_148_e4a2b2b691e2,,hierarchical_activation_residual,0.80000000000000004,1,1,2,,unavailable_finite_sample_full_physical_range,0,0,,False,,False,,,
exhaustive_six_of_ten_partition,partition_148_e4a2b2b691e2,,hierarchical_activation_residual,0.90000000000000002,1,1,2,,unavailable_finite_sample_full_physical_range,0,0,,False,,False,,,
exhaustive_six_of_ten_partition,partition_148_e4a2b2b691e2,,hierarchical_activation_residual,0.94999999999999996,1,1,2,,unavailable_finite_sample_full_physical_range,0,0,,False,,False,,,
exhaustive_six_of_ten_partition,partition_148_e4a2b2b691e2,,hierarchical_power_fallback,0.80000000000000004,5,3,5,2.1698424743004083,finite_order_statistic,3,3,1,True,True,True,1.7190828006990102,3.7068476824296397,1.7190828006990102
exhaustive_six_of_ten_partition,partition_148_e4a2b2b691e2,,hierarchical_power_fallback,0.90000000000000002,5,3,6,,unavailable_finite_sample_full_physical_range,0,0,,False,,False,,,
exhaustive_six_of_ten_partition,partition_148_e4a2b2b691e2,,hierarchical_power_fallback,0.94999999999999996,5,3,6,,unavailable_finite_sample_full_physical_range,0,0,,False,,False,,,
exhaustive_six_of_ten_partition,partition_149_505791008c67,,hierarchical_activation_residual,0.80000000000000004,1,1,2,,unavailable_finite_sample_full_physical_range,0,0,,False,,False,,,
exhaustive_six_of_ten_partition,partition_149_505791008c67,,hierarchical_activation_residual,0.90000000000000002,1,1,2,,unavailable_finite_sample_full_physical_range,0,0,,False,,False,,,
exhaustive_six_of_ten_partition,partition_149_505791008c67,,hierarchical_activation_residual,0.94999999999999996,1,1,2,,unavailable_finite_sample_full_physical_range,0,0,,False,,False,,,
exhaustive_six_of_ten_partition,partition_149_505791008c67,,hierarchical_power_fallback,0.80000000000000004,5,3,5,2.1698424743004083,finite_order_statistic,3,3,1,True,True,True,1.7278877974235582,3.7068476824296397,1.7278877974235582
exhaustive_six_of_ten_partition,partition_149_505791008c67,,hierarchical_power_fallback,0.90000000000000002,5,3,6,,unavailable_finite_sample_full_physical_range,0,0,,False,,False,,,
exhaustive_six_of_ten_partition,partition_149_505791008c67,,hierarchical_power_fallback,0.94999999999999996,5,3,6,,unavailable_finite_sample_full_physical_range,0,0,,False,,False,,,
exhaustive_six_of_ten_partition,partition_150_bd5da8eae96b,,hierarchical_activation_residual,0.80000000000000004,1,1,2,,unavailable_finite_sample_full_physical_range,0,0,,False,,False,,,
exhaustive_six_of_ten_partition,partition_150_bd5da8eae96b,,hierarchical_activation_residual,0.90000000000000002,1,1,2,,unavailable_finite_sample_full_physical_range,0,0,,False,,False,,,
exhaustive_six_of_ten_partition,partition_150_bd5da8eae96b,,hierarchical_activation_residual,0.94999999999999996,1,1,2,,unavailable_finite_sample_full_physical_range,0,0,,False,,False,,,
exhaustive_six_of_ten_partition,partition_150_bd5da8eae96b,,hierarchical_power_fallback,0.80000000000000004,5,3,5,1.3884373131471051,finite_order_statistic,3,1,0.33333333333333331,True,False,False,1.2077538461995065,2.7289046404400494,1.8479434604071046
exhaustive_six_of_ten_partition,partition_150_bd5da8eae96b,,hierarchical_power_fallback,0.90000000000000002,5,3,6,,unavailable_finite_sample_full_physical_range,0,0,,False,,False,,,
exhaustive_six_of_ten_partition,partition_150_bd5da8eae96b,,hierarchical_power_fallback,0.94999999999999996,5,3,6,,unavailable_finite_sample_full_physical_range,0,0,,False,,False,,,
exhaustive_six_of_ten_partition,partition_151_8863b132b8cc,,hierarchical_activation_residual,0.80000000000000004,1,1,2,,unavailable_finite_sample_full_physical_range,0,0,,False,,False,,,
exhaustive_six_of_ten_partition,partition_151_8863b132b8cc,,hierarchical_activation_residual,0.90000000000000002,1,1,2,,unavailable_finite_sample_full_physical_range,0,0,,False,,False,,,
exhaustive_six_of_ten_partition,partition_151_8863b132b8cc,,hierarchical_activation_residual,0.94999999999999996,1,1,2,,unavailable_finite_sample_full_physical_range,0,0,,False,,False,,,
exhaustive_six_of_ten_partition,partition_151_8863b132b8cc,,hierarchical_power_fallback,0.80000000000000004,5,3,5,1.3884373131471051,finite_order_statistic,3,1,0.33333333333333331,True,False,False,1.21338798146015,2.7289046404400494,1.8535775956677483
exhaustive_six_of_ten_partition,partition_151_8863b132b8cc,,hierarchical_power_fallback,0.90000000000000002,5,3,6,,unavailable_finite_sample_full_physical_range,0,0,,False,,False,,,
exhaustive_six_of_ten_partition,partition_151_8863b132b8cc,,hierarchical_power_fallback,0.94999999999999996,5,3,6,,unavailable_finite_sample_full_physical_range,0,0,,False,,False,,,
exhaustive_six_of_ten_partition,partition_152_86a3cfd89e98,,hierarchical_activation_residual,0.80000000000000004,1,1,2,,unavailable_finite_sample_full_physical_range,0,0,,False,,False,,,
exhaustive_six_of_ten_partition,partition_152_86a3cfd89e98,,hierarchical_activation_residual,0.90000000000000002,1,1,2,,unavailable_finite_sample_full_physical_range,0,0,,False,,False,,,
exhaustive_six_of_ten_partition,partition_152_86a3cfd89e98,,hierarchical_activation_residual,0.94999999999999996,1,1,2,,unavailable_finite_sample_full_physical_range,0,0,,False,,False,,,
exhaustive_six_of_ten_partition,partition_152_86a3cfd89e98,,hierarchical_power_fallback,0.80000000000000004,5,3,5,1.3884373131471051,finite_order_statistic,3,1,0.33333333333333331,True,False,False,1.2987116339747364,2.7289046404400494,1.9389012481823344
exhaustive_six_of_ten_partition,partition_152_86a3cfd89e98,,hierarchical_power_fallback,0.90000000000000002,5,3,6,,unavailable_finite_sample_full_physical_range,0,0,,False,,False,,,
exhaustive_six_of_ten_partition,partition_152_86a3cfd89e98,,hierarchical_power_fallback,0.94999999999999996,5,3,6,,unavailable_finite_sample_full_physical_range,0,0,,False,,False,,,
exhaustive_six_of_ten_partition,partition_153_0ecf8daca507,,hierarchical_activation_residual,0.80000000000000004,1,1,2,,unavailable_finite_sample_full_physical_range,0,0,,False,,False,,,
exhaustive_six_of_ten_partition,partition_153_0ecf8daca507,,hierarchical_activation_residual,0.90000000000000002,1,1,2,,unavailable_finite_sample_full_physical_range,0,0,,False,,False,,,
exhaustive_six_of_ten_partition,partition_153_0ecf8daca507,,hierarchical_activation_residual,0.94999999999999996,1,1,2,,unavailable_finite_sample_full_physical_range,0,0,,False,,False,,,
exhaustive_six_of_ten_partition,partition_153_0ecf8daca507,,hierarchical_power_fallback,0.80000000000000004,5,3,5,2.1698424743004083,finite_order_statistic,3,3,1,True,True,True,1.7732654030561268,3.7068476824296397,1.7732654030561268
exhaustive_six_of_ten_partition,partition_153_0ecf8daca507,,hierarchical_power_fallback,0.90000000000000002,5,3,6,,unavailable_finite_sample_full_physical_range,0,0,,False,,False,,,
exhaustive_six_of_ten_partition,partition_153_0ecf8daca507,,hierarchical_power_fallback,0.94999999999999996,5,3,6,,unavailable_finite_sample_full_physical_range,0,0,,False,,False,,,
exhaustive_six_of_ten_partition,partition_154_dfcf7feb57a5,,hierarchical_activation_residual,0.80000000000000004,1,1,2,,unavailable_finite_sample_full_physical_range,0,0,,False,,False,,,
exhaustive_six_of_ten_partition,partition_154_dfcf7feb57a5,,hierarchical_activation_residual,0.90000000000000002,1,1,2,,unavailable_finite_sample_full_physical_range,0,0,,False,,False,,,
exhaustive_six_of_ten_partition,partition_154_dfcf7feb57a5,,hierarchical_activation_residual,0.94999999999999996,1,1,2,,unavailable_finite_sample_full_physical_range,0,0,,False,,False,,,
exhaustive_six_of_ten_partition,partition_154_dfcf7feb57a5,,hierarchical_power_fallback,0.80000000000000004,5,3,5,2.1698424743004083,finite_order_statistic,3,3,1,True,True,True,1.7820703997806746,3.7068476824296397,1.7820703997806746
exhaustive_six_of_ten_partition,partition_154_dfcf7feb57a5,,hierarchical_power_fallback,0.90000000000000002,5,3,6,,unavailable_finite_sample_full_physical_range,0,0,,False,,False,,,
exhaustive_six_of_ten_partition,partition_154_dfcf7feb57a5,,hierarchical_power_fallback,0.94999999999999996,5,3,6,,unavailable_finite_sample_full_physical_range,0,0,,False,,False,,,
exhaustive_six_of_ten_partition,partition_155_210130e203d1,,hierarchical_activation_residual,0.80000000000000004,1,1,2,,unavailable_finite_sample_full_physical_range,0,0,,False,,False,,,
exhaustive_six_of_ten_partition,partition_155_210130e203d1,,hierarchical_activation_residual,0.90000000000000002,1,1,2,,unavailable_finite_sample_full_physical_range,0,0,,False,,False,,,
exhaustive_six_of_ten_partition,partition_155_210130e203d1,,hierarchical_activation_residual,0.94999999999999996,1,1,2,,unavailable_finite_sample_full_physical_range,0,0,,False,,False,,,
exhaustive_six_of_ten_partition,partition_155_210130e203d1,,hierarchical_power_fallback,0.80000000000000004,5,3,5,2.1698424743004083,finite_order_statistic,3,3,1,True,True,True,1.9154137517170697,3.7068476824296397,1.9154137517170697
exhaustive_six_of_ten_partition,partition_155_210130e203d1,,hierarchical_power_fallback,0.90000000000000002,5,3,6,,unavailable_finite_sample_full_physical_range,0,0,,False,,False,,,
exhaustive_six_of_ten_partition,partition_155_210130e203d1,,hierarchical_power_fallback,0.94999999999999996,5,3,6,,unavailable_finite_sample_full_physical_range,0,0,,False,,False,,,
exhaustive_six_of_ten_partition,partition_156_017130434c47,,hierarchical_activation_residual,0.80000000000000004,1,1,2,,unavailable_finite_sample_full_physical_range,0,0,,False,,False,,,
exhaustive_six_of_ten_partition,partition_156_017130434c47,,hierarchical_activation_residual,0.90000000000000002,1,1,2,,unavailable_finite_sample_full_physical_range,0,0,,False,,False,,,
exhaustive_six_of_ten_partition,partition_156_017130434c47,,hierarchical_activation_residual,0.94999999999999996,1,1,2,,unavailable_finite_sample_full_physical_range,0,0,,False,,False,,,
exhaustive_six_of_ten_partition,partition_156_017130434c47,,hierarchical_power_fallback,0.80000000000000004,5,3,5,1.3884373131471051,finite_order_statistic,3,1,0.33333333333333331,True,False,False,1.333381960381858,2.7289046404400494,1.973571574589456
exhaustive_six_of_ten_partition,partition_156_017130434c47,,hierarchical_power_fallback,0.90000000000000002,5,3,6,,unavailable_finite_sample_full_physical_range,0,0,,False,,False,,,
exhaustive_six_of_ten_partition,partition_156_017130434c47,,hierarchical_power_fallback,0.94999999999999996,5,3,6,,unavailable_finite_sample_full_physical_range,0,0,,False,,False,,,
exhaustive_six_of_ten_partition,partition_157_2ebf34f35e9b,,hierarchical_activation_residual,0.80000000000000004,1,1,2,,unavailable_finite_sample_full_physical_range,0,0,,False,,False,,,
exhaustive_six_of_ten_partition,partition_157_2ebf34f35e9b,,hierarchical_activation_residual,0.90000000000000002,1,1,2,,unavailable_finite_sample_full_physical_range,0,0,,False,,False,,,
exhaustive_six_of_ten_partition,partition_157_2ebf34f35e9b,,hierarchical_activation_residual,0.94999999999999996,1,1,2,,unavailable_finite_sample_full_physical_range,0,0,,False,,False,,,
exhaustive_six_of_ten_partition,partition_157_2ebf34f35e9b,,hierarchical_power_fallback,0.80000000000000004,5,3,5,2.1698424743004083,finite_order_statistic,3,3,1,True,True,True,1.8652737239087067,4.1087384001945395,1.8652737239087067
exhaustive_six_of_ten_partition,partition_157_2ebf34f35e9b,,hierarchical_power_fallback,0.90000000000000002,5,3,6,,unavailable_finite_sample_full_physical_range,0,0,,False,,False,,,
exhaustive_six_of_ten_partition,partition_157_2ebf34f35e9b,,hierarchical_power_fallback,0.94999999999999996,5,3,6,,unavailable_finite_sample_full_physical_range,0,0,,False,,False,,,
exhaustive_six_of_ten_partition,partition_158_26a55b20d371,,hierarchical_activation_residual,0.80000000000000004,1,1,2,,unavailable_finite_sample_full_physical_range,0,0,,False,,False,,,
exhaustive_six_of_ten_partition,partition_158_26a55b20d371,,hierarchical_activation_residual,0.90000000000000002,1,1,2,,unavailable_finite_sample_full_physical_range,0,0,,False,,False,,,
exhaustive_six_of_ten_partition,partition_158_26a55b20d371,,hierarchical_activation_residual,0.94999999999999996,1,1,2,,unavailable_finite_sample_full_physical_range,0,0,,False,,False,,,
exhaustive_six_of_ten_partition,partition_158_26a55b20d371,,hierarchical_power_fallback,0.80000000000000004,5,3,5,2.1698424743004083,finite_order_statistic,3,3,1,True,True,True,1.874078720633255,4.1087384001945395,1.874078720633255
exhaustive_six_of_ten_partition,partition_158_26a55b20d371,,hierarchical_power_fallback,0.90000000000000002,5,3,6,,unavailable_finite_sample_full_physical_range,0,0,,False,,False,,,
exhaustive_six_of_ten_partition,partition_158_26a55b20d371,,hierarchical_power_fallback,0.94999999999999996,5,3,6,,unavailable_finite_sample_full_physical_range,0,0,,False,,False,,,
exhaustive_six_of_ten_partition,partition_159_934458f4d95a,,hierarchical_activation_residual,0.80000000000000004,1,1,2,,unavailable_finite_sample_full_physical_range,0,0,,False,,False,,,
exhaustive_six_of_ten_partition,partition_159_934458f4d95a,,hierarchical_activation_residual,0.90000000000000002,1,1,2,,unavailable_finite_sample_full_physical_range,0,0,,False,,False,,,
exhaustive_six_of_ten_partition,partition_159_934458f4d95a,,hierarchical_activation_residual,0.94999999999999996,1,1,2,,unavailable_finite_sample_full_physical_range,0,0,,False,,False,,,
exhaustive_six_of_ten_partition,partition_159_934458f4d95a,,hierarchical_power_fallback,0.80000000000000004,5,3,5,2.1698424743004083,finite_order_statistic,3,3,1,True,True,True,2.0074220725696499,4.1087384001945395,2.0074220725696499
exhaustive_six_of_ten_partition,partition_159_934458f4d95a,,hierarchical_power_fallback,0.90000000000000002,5,3,6,,unavailable_finite_sample_full_physical_range,0,0,,False,,False,,,
exhaustive_six_of_ten_partition,partition_159_934458f4d95a,,hierarchical_power_fallback,0.94999999999999996,5,3,6,,unavailable_finite_sample_full_physical_range,0,0,,False,,False,,,
exhaustive_six_of_ten_partition,partition_160_527789776c39,,hierarchical_activation_residual,0.80000000000000004,1,1,2,,unavailable_finite_sample_full_physical_range,0,0,,False,,False,,,
exhaustive_six_of_ten_partition,partition_160_527789776c39,,hierarchical_activation_residual,0.90000000000000002,1,1,2,,unavailable_finite_sample_full_physical_range,0,0,,False,,False,,,
exhaustive_six_of_ten_partition,partition_160_527789776c39,,hierarchical_activation_residual,0.94999999999999996,1,1,2,,unavailable_finite_sample_full_physical_range,0,0,,False,,False,,,
exhaustive_six_of_ten_partition,partition_160_527789776c39,,hierarchical_power_fallback,0.80000000000000004,5,3,5,1.3884373131471051,finite_order_statistic,3,1,0.33333333333333331,True,False,False,1.3922561815775338,2.7289046404400494,2.0324457957851316
exhaustive_six_of_ten_partition,partition_160_527789776c39,,hierarchical_power_fallback,0.90000000000000002,5,3,6,,unavailable_finite_sample_full_physical_range,0,0,,False,,False,,,
exhaustive_six_of_ten_partition,partition_160_527789776c39,,hierarchical_power_fallback,0.94999999999999996,5,3,6,,unavailable_finite_sample_full_physical_range,0,0,,False,,False,,,
exhaustive_six_of_ten_partition,partition_161_829857529966,,hierarchical_activation_residual,0.80000000000000004,1,1,2,,unavailable_finite_sample_full_physical_range,0,0,,False,,False,,,
exhaustive_six_of_ten_partition,partition_161_829857529966,,hierarchical_activation_residual,0.90000000000000002,1,1,2,,unavailable_finite_sample_full_physical_range,0,0,,False,,False,,,
exhaustive_six_of_ten_partition,partition_161_829857529966,,hierarchical_activation_residual,0.94999999999999996,1,1,2,,unavailable_finite_sample_full_physical_range,0,0,,False,,False,,,
exhaustive_six_of_ten_partition,partition_161_829857529966,,hierarchical_power_fallback,0.80000000000000004,5,3,5,2.1698424743004083,finite_order_statistic,3,3,1,True,True,True,2.0616046749267665,4.1087384001945395,2.0616046749267665
exhaustive_six_of_ten_partition,partition_161_829857529966,,hierarchical_power_fallback,0.90000000000000002,5,3,6,,unavailable_finite_sample_full_physical_range,0,0,,False,,False,,,
exhaustive_six_of_ten_partition,partition_161_829857529966,,hierarchical_power_fallback,0.94999999999999996,5,3,6,,unavailable_finite_sample_full_physical_range,0,0,,False,,False,,,
exhaustive_six_of_ten_partition,partition_162_db49055c6d22,,hierarchical_activation_residual,0.80000000000000004,2,0,3,,unavailable_finite_sample_full_physical_range,0,0,,,,,,,
exhaustive_six_of_ten_partition,partition_162_db49055c6d22,,hierarchical_activation_residual,0.90000000000000002,2,0,3,,unavailable_finite_sample_full_physical_range,0,0,,,,,,,
exhaustive_six_of_ten_partition,partition_162_db49055c6d22,,hierarchical_activation_residual,0.94999999999999996,2,0,3,,unavailable_finite_sample_full_physical_range,0,0,,,,,,,
exhaustive_six_of_ten_partition,partition_162_db49055c6d22,,hierarchical_power_fallback,0.80000000000000004,4,4,4,2.1698424743004083,finite_order_statistic,4,4,1,True,True,True,1.5453779248906354,3.7068476824296397,1.5453779248906354
exhaustive_six_of_ten_partition,partition_162_db49055c6d22,,hierarchical_power_fallback,0.90000000000000002,4,4,5,,unavailable_finite_sample_full_physical_range,0,0,,False,,False,,,
exhaustive_six_of_ten_partition,partition_162_db49055c6d22,,hierarchical_power_fallback,0.94999999999999996,4,4,5,,unavailable_finite_sample_full_physical_range,0,0,,False,,False,,,
exhaustive_six_of_ten_partition,partition_163_7de3fdf82f1d,,hierarchical_activation_residual,0.80000000000000004,2,0,3,,unavailable_finite_sample_full_physical_range,0,0,,,,,,,
exhaustive_six_of_ten_partition,partition_163_7de3fdf82f1d,,hierarchical_activation_residual,0.90000000000000002,2,0,3,,unavailable_finite_sample_full_physical_range,0,0,,,,,,,
exhaustive_six_of_ten_partition,partition_163_7de3fdf82f1d,,hierarchical_activation_residual,0.94999999999999996,2,0,3,,unavailable_finite_sample_full_physical_range,0,0,,,,,,,
exhaustive_six_of_ten_partition,partition_163_7de3fdf82f1d,,hierarchical_power_fallback,0.80000000000000004,4,4,4,2.1698424743004083,finite_order_statistic,4,4,1,True,True,True,1.6453854388429314,3.7068476824296397,1.6453854388429314
exhaustive_six_of_ten_partition,partition_163_7de3fdf82f1d,,hierarchical_power_fallback,0.90000000000000002,4,4,5,,unavailable_finite_sample_full_physical_range,0,0,,False,,False,,,
exhaustive_six_of_ten_partition,partition_163_7de3fdf82f1d,,hierarchical_power_fallback,0.94999999999999996,4,4,5,,unavailable_finite_sample_full_physical_range,0,0,,False,,False,,,
exhaustive_six_of_ten_partition,partition_164_fa369e232166,,hierarchical_activation_residual,0.80000000000000004,2,0,3,,unavailable_finite_sample_full_physical_range,0,0,,,,,,,
exhaustive_six_of_ten_partition,partition_164_fa369e232166,,hierarchical_activation_residual,0.90000000000000002,2,0,3,,unavailable_finite_sample_full_physical_range,0,0,,,,,,,
exhaustive_six_of_ten_partition,partition_164_fa369e232166,,hierarchical_activation_residual,0.94999999999999996,2,0,3,,unavailable_finite_sample_full_physical_range,0,0,,,,,,,
exhaustive_six_of_ten_partition,partition_164_fa369e232166,,hierarchical_power_fallback,0.80000000000000004,4,4,4,2.1698424743004083,finite_order_statistic,4,4,1,True,True,True,1.6519891863863425,3.7068476824296397,1.6519891863863425
exhaustive_six_of_ten_partition,partition_164_fa369e232166,,hierarchical_power_fallback,0.90000000000000002,4,4,5,,unavailable_finite_sample_full_physical_range,0,0,,False,,False,,,
exhaustive_six_of_ten_partition,partition_164_fa369e232166,,hierarchical_power_fallback,0.94999999999999996,4,4,5,,unavailable_finite_sample_full_physical_range,0,0,,False,,False,,,
exhaustive_six_of_ten_partition,partition_165_8e51fc4be652,,hierarchical_activation_residual,0.80000000000000004,2,0,3,,unavailable_finite_sample_full_physical_range,0,0,,,,,,,
exhaustive_six_of_ten_partition,partition_165_8e51fc4be652,,hierarchical_activation_residual,0.90000000000000002,2,0,3,,unavailable_finite_sample_full_physical_range,0,0,,,,,,,
exhaustive_six_of_ten_partition,partition_165_8e51fc4be652,,hierarchical_activation_residual,0.94999999999999996,2,0,3,,unavailable_finite_sample_full_physical_range,0,0,,,,,,,
exhaustive_six_of_ten_partition,partition_165_8e51fc4be652,,hierarchical_power_fallback,0.80000000000000004,4,4,4,1.1922311952901099,finite_order_statistic,4,1,0.25,True,False,False,0.97345701292459308,2.3432712521460815,1.7664289343899302
exhaustive_six_of_ten_partition,partition_165_8e51fc4be652,,hierarchical_power_fallback,0.90000000000000002,4,4,5,,unavailable_finite_sample_full_physical_range,0,0,,False,,False,,,
exhaustive_six_of_ten_partition,partition_165_8e51fc4be652,,hierarchical_power_fallback,0.94999999999999996,4,4,5,,unavailable_finite_sample_full_physical_range,0,0,,False,,False,,,
exhaustive_six_of_ten_partition,partition_166_a1a0ab10a063,,hierarchical_activation_residual,0.80000000000000004,2,0,3,,unavailable_finite_sample_full_physical_range,0,0,,,,,,,
exhaustive_six_of_ten_partition,partition_166_a1a0ab10a063,,hierarchical_activation_residual,0.90000000000000002,2,0,3,,unavailable_finite_sample_full_physical_range,0,0,,,,,,,
exhaustive_six_of_ten_partition,partition_166_a1a0ab10a063,,hierarchical_activation_residual,0.94999999999999996,2,0,3,,unavailable_finite_sample_full_physical_range,0,0,,,,,,,
exhaustive_six_of_ten_partition,partition_166_a1a0ab10a063,,hierarchical_power_fallback,0.80000000000000004,4,4,4,0.92431026412231909,finite_order_statistic,4,0,0,True,False,False,0.75751258496259455,1.8166859570004306,2.354877641429804
exhaustive_six_of_ten_partition,partition_166_a1a0ab10a063,,hierarchical_power_fallback,0.90000000000000002,4,4,5,,unavailable_finite_sample_full_physical_range,0,0,,False,,False,,,
exhaustive_six_of_ten_partition,partition_166_a1a0ab10a063,,hierarchical_power_fallback,0.94999999999999996,4,4,5,,unavailable_finite_sample_full_physical_range,0,0,,False,,False,,,
exhaustive_six_of_ten_partition,partition_167_fc555aa003d0,,hierarchical_activation_residual,0.80000000000000004,2,0,3,,unavailable_finite_sample_full_physical_range,0,0,,,,,,,
exhaustive_six_of_ten_partition,partition_167_fc555aa003d0,,hierarchical_activation_residual,0.90000000000000002,2,0,3,,unavailable_finite_sample_full_physical_range,0,0,,,,,,,
exhaustive_six_of_ten_partition,partition_167_fc555aa003d0,,hierarchical_activation_residual,0.94999999999999996,2,0,3,,unavailable_finite_sample_full_physical_range,0,0,,,,,,,
exhaustive_six_of_ten_partition,partition_167_fc555aa003d0,,hierarchical_power_fallback,0.80000000000000004,4,4,4,1.1922311952901099,finite_order_statistic,4,1,0.25,True,False,False,1.0320351231928941,2.3432712521460815,1.8250070446582316
exhaustive_six_of_ten_partition,partition_167_fc555aa003d0,,hierarchical_power_fallback,0.90000000000000002,4,4,5,,unavailable_finite_sample_full_physical_range,0,0,,False,,False,,,
exhaustive_six_of_ten_partition,partition_167_fc555aa003d0,,hierarchical_power_fallback,0.94999999999999996,4,4,5,,unavailable_finite_sample_full_physical_range,0,0,,False,,False,,,
exhaustive_six_of_ten_partition,partition_168_f3b91f265f50,,hierarchical_activation_residual,0.80000000000000004,2,0,3,,unavailable_finite_sample_full_physical_range,0,0,,,,,,,
exhaustive_six_of_ten_partition,partition_168_f3b91f265f50,,hierarchical_activation_residual,0.90000000000000002,2,0,3,,unavailable_finite_sample_full_physical_range,0,0,,,,,,,
exhaustive_six_of_ten_partition,partition_168_f3b91f265f50,,hierarchical_activation_residual,0.94999999999999996,2,0,3,,unavailable_finite_sample_full_physical_range,0,0,,,,,,,
exhaustive_six_of_ten_partition,partition_168_f3b91f265f50,,hierarchical_power_fallback,0.80000000000000004,4,4,4,2.1698424743004083,finite_order_statistic,4,4,1,True,True,True,1.686022390610769,3.7068476824296397,1.686022390610769
exhaustive_six_of_ten_partition,partition_168_f3b91f265f50,,hierarchical_power_fallback,0.90000000000000002,4,4,5,,unavailable_finite_sample_full_physical_range,0,0,,False,,False,,,
exhaustive_six_of_ten_partition,partition_168_f3b91f265f50,,hierarchical_power_fallback,0.94999999999999996,4,4,5,,unavailable_finite_sample_full_physical_range,0,0,,False,,False,,,
exhaustive_six_of_ten_partition,partition_169_42d033f06c57,,hierarchical_activation_residual,0.80000000000000004,2,0,3,,unavailable_finite_sample_full_physical_range,0,0,,,,,,,
exhaustive_six_of_ten_partition,partition_169_42d033f06c57,,hierarchical_activation_residual,0.90000000000000002,2,0,3,,unavailable_finite_sample_full_physical_range,0,0,,,,,,,
exhaustive_six_of_ten_partition,partition_169_42d033f06c57,,hierarchical_activation_residual,0.94999999999999996,2,0,3,,unavailable_finite_sample_full_physical_range,0,0,,,,,,,
exhaustive_six_of_ten_partition,partition_169_42d033f06c57,,hierarchical_power_fallback,0.80000000000000004,4,4,4,2.1698424743004083,finite_order_statistic,4,4,1,True,True,True,1.6926261381541798,3.7068476824296397,1.6926261381541798
exhaustive_six_of_ten_partition,partition_169_42d033f06c57,,hierarchical_power_fallback,0.90000000000000002,4,4,5,,unavailable_finite_sample_full_physical_range,0,0,,False,,False,,,
exhaustive_six_of_ten_partition,partition_169_42d033f06c57,,hierarchical_power_fallback,0.94999999999999996,4,4,5,,unavailable_finite_sample_full_physical_range,0,0,,False,,False,,,
exhaustive_six_of_ten_partition,partition_170_16454852c20b,,hierarchical_activation_residual,0.80000000000000004,2,0,3,,unavailable_finite_sample_full_physical_range,0,0,,,,,,,
exhaustive_six_of_ten_partition,partition_170_16454852c20b,,hierarchical_activation_residual,0.90000000000000002,2,0,3,,unavailable_finite_sample_full_physical_range,0,0,,,,,,,
exhaustive_six_of_ten_partition,partition_170_16454852c20b,,hierarchical_activation_residual,0.94999999999999996,2,0,3,,unavailable_finite_sample_full_physical_range,0,0,,,,,,,
exhaustive_six_of_ten_partition,partition_170_16454852c20b,,hierarchical_power_fallback,0.80000000000000004,4,4,4,2.1698424743004083,finite_order_statistic,4,4,1,True,True,True,1.7926336521064761,3.7068476824296397,1.7926336521064761
exhaustive_six_of_ten_partition,partition_170_16454852c20b,,hierarchical_power_fallback,0.90000000000000002,4,4,5,,unavailable_finite_sample_full_physical_range,0,0,,False,,False,,,
exhaustive_six_of_ten_partition,partition_170_16454852c20b,,hierarchical_power_fallback,0.94999999999999996,4,4,5,,unavailable_finite_sample_full_physical_range,0,0,,False,,False,,,
exhaustive_six_of_ten_partition,partition_171_10b388a526bc,,hierarchical_activation_residual,0.80000000000000004,2,0,3,,unavailable_finite_sample_full_physical_range,0,0,,,,,,,
exhaustive_six_of_ten_partition,partition_171_10b388a526bc,,hierarchical_activation_residual,0.90000000000000002,2,0,3,,unavailable_finite_sample_full_physical_range,0,0,,,,,,,
exhaustive_six_of_ten_partition,partition_171_10b388a526bc,,hierarchical_activation_residual,0.94999999999999996,2,0,3,,unavailable_finite_sample_full_physical_range,0,0,,,,,,,
exhaustive_six_of_ten_partition,partition_171_10b388a526bc,,hierarchical_power_fallback,0.80000000000000004,4,4,4,1.1922311952901099,finite_order_statistic,4,1,0.25,True,False,False,1.0543633069909997,2.3432712521460815,1.8473352284563369
exhaustive_six_of_ten_partition,partition_171_10b388a526bc,,hierarchical_power_fallback,0.90000000000000002,4,4,5,,unavailable_finite_sample_full_physical_range,0,0,,False,,False,,,
exhaustive_six_of_ten_partition,partition_171_10b388a526bc,,hierarchical_power_fallback,0.94999999999999996,4,4,5,,unavailable_finite_sample_full_physical_range,0,0,,False,,False,,,
exhaustive_six_of_ten_partition,partition_172_b738ecc8b7fd,,hierarchical_activation_residual,0.80000000000000004,2,0,3,,unavailable_finite_sample_full_physical_range,0,0,,,,,,,
exhaustive_six_of_ten_partition,partition_172_b738ecc8b7fd,,hierarchical_activation_residual,0.90000000000000002,2,0,3,,unavailable_finite_sample_full_physical_range,0,0,,,,,,,
exhaustive_six_of_ten_partition,partition_172_b738ecc8b7fd,,hierarchical_activation_residual,0.94999999999999996,2,0,3,,unavailable_finite_sample_full_physical_range,0,0,,,,,,,
exhaustive_six_of_ten_partition,partition_172_b738ecc8b7fd,,hierarchical_power_fallback,0.80000000000000004,4,4,4,2.1698424743004083,finite_order_statistic,4,4,1,True,True,True,1.7550286312502039,4.1087384001945395,1.7550286312502039
exhaustive_six_of_ten_partition,partition_172_b738ecc8b7fd,,hierarchical_power_fallback,0.90000000000000002,4,4,5,,unavailable_finite_sample_full_physical_range,0,0,,False,,False,,,
exhaustive_six_of_ten_partition,partition_172_b738ecc8b7fd,,hierarchical_power_fallback,0.94999999999999996,4,4,5,,unavailable_finite_sample_full_physical_range,0,0,,False,,False,,,
exhaustive_six_of_ten_partition,partition_173_d826be46b6ca,,hierarchical_activation_residual,0.80000000000000004,2,0,3,,unavailable_finite_sample_full_physical_range,0,0,,,,,,,
exhaustive_six_of_ten_partition,partition_173_d826be46b6ca,,hierarchical_activation_residual,0.90000000000000002,2,0,3,,unavailable_finite_sample_full_physical_range,0,0,,,,,,,
exhaustive_six_of_ten_partition,partition_173_d826be46b6ca,,hierarchical_activation_residual,0.94999999999999996,2,0,3,,unavailable_finite_sample_full_physical_range,0,0,,,,,,,
exhaustive_six_of_ten_partition,partition_173_d826be46b6ca,,hierarchical_power_fallback,0.80000000000000004,4,4,4,2.1698424743004083,finite_order_statistic,4,4,1,True,True,True,1.761632378793615,4.1087384001945395,1.761632378793615
exhaustive_six_of_ten_partition,partition_173_d826be46b6ca,,hierarchical_power_fallback,0.90000000000000002,4,4,5,,unavailable_finite_sample_full_physical_range,0,0,,False,,False,,,
exhaustive_six_of_ten_partition,partition_173_d826be46b6ca,,hierarchical_power_fallback,0.94999999999999996,4,4,5,,unavailable_finite_sample_full_physical_range,0,0,,False,,False,,,
exhaustive_six_of_ten_partition,partition_174_233fda98d75b,,hierarchical_activation_residual,0.80000000000000004,2,0,3,,unavailable_finite_sample_full_physical_range,0,0,,,,,,,
exhaustive_six_of_ten_partition,partition_174_233fda98d75b,,hierarchical_activation_residual,0.90000000000000002,2,0,3,,unavailable_finite_sample_full_physical_range,0,0,,,,,,,
exhaustive_six_of_ten_partition,partition_174_233fda98d75b,,hierarchical_activation_residual,0.94999999999999996,2,0,3,,unavailable_finite_sample_full_physical_range,0,0,,,,,,,
exhaustive_six_of_ten_partition,partition_174_233fda98d75b,,hierarchical_power_fallback,0.80000000000000004,4,4,4,2.1698424743004083,finite_order_statistic,4,4,1,True,True,True,1.8616398927459112,4.1087384001945395,1.8616398927459112
exhaustive_six_of_ten_partition,partition_174_233fda98d75b,,hierarchical_power_fallback,0.90000000000000002,4,4,5,,unavailable_finite_sample_full_physical_range,0,0,,False,,False,,,
exhaustive_six_of_ten_partition,partition_174_233fda98d75b,,hierarchical_power_fallback,0.94999999999999996,4,4,5,,unavailable_finite_sample_full_physical_range,0,0,,False,,False,,,
exhaustive_six_of_ten_partition,partition_175_02cafaa6534a,,hierarchical_activation_residual,0.80000000000000004,2,0,3,,unavailable_finite_sample_full_physical_range,0,0,,,,,,,
exhaustive_six_of_ten_partition,partition_175_02cafaa6534a,,hierarchical_activation_residual,0.90000000000000002,2,0,3,,unavailable_finite_sample_full_physical_range,0,0,,,,,,,
exhaustive_six_of_ten_partition,partition_175_02cafaa6534a,,hierarchical_activation_residual,0.94999999999999996,2,0,3,,unavailable_finite_sample_full_physical_range,0,0,,,,,,,
exhaustive_six_of_ten_partition,partition_175_02cafaa6534a,,hierarchical_power_fallback,0.80000000000000004,4,4,4,1.1922311952901099,finite_order_statistic,4,1,0.25,True,False,False,1.092279143617138,2.3432712521460815,1.8852510650824754
exhaustive_six_of_ten_partition,partition_175_02cafaa6534a,,hierarchical_power_fallback,0.90000000000000002,4,4,5,,unavailable_finite_sample_full_physical_range,0,0,,False,,False,,,
exhaustive_six_of_ten_partition,partition_175_02cafaa6534a,,hierarchical_power_fallback,0.94999999999999996,4,4,5,,unavailable_finite_sample_full_physical_range,0,0,,False,,False,,,
exhaustive_six_of_ten_partition,partition_176_7f159a374154,,hierarchical_activation_residual,0.80000000000000004,2,0,3,,unavailable_finite_sample_full_physical_range,0,0,,,,,,,
exhaustive_six_of_ten_partition,partition_176_7f159a374154,,hierarchical_activation_residual,0.90000000000000002,2,0,3,,unavailable_finite_sample_full_physical_range,0,0,,,,,,,
exhaustive_six_of_ten_partition,partition_176_7f159a374154,,hierarchical_activation_residual,0.94999999999999996,2,0,3,,unavailable_finite_sample_full_physical_range,0,0,,,,,,,
exhaustive_six_of_ten_partition,partition_176_7f159a374154,,hierarchical_power_fallback,0.80000000000000004,4,4,4,2.1698424743004083,finite_order_statistic,4,4,1,True,True,True,1.9022768445137486,4.1087384001945395,1.9022768445137486
exhaustive_six_of_ten_partition,partition_176_7f159a374154,,hierarchical_power_fallback,0.90000000000000002,4,4,5,,unavailable_finite_sample_full_physical_range,0,0,,False,,False,,,
exhaustive_six_of_ten_partition,partition_176_7f159a374154,,hierarchical_power_fallback,0.94999999999999996,4,4,5,,unavailable_finite_sample_full_physical_range,0,0,,False,,False,,,
exhaustive_six_of_ten_partition,partition_177_a3c548d896c9,,hierarchical_activation_residual,0.80000000000000004,1,1,2,,unavailable_finite_sample_full_physical_range,0,0,,False,,False,,,
exhaustive_six_of_ten_partition,partition_177_a3c548d896c9,,hierarchical_activation_residual,0.90000000000000002,1,1,2,,unavailable_finite_sample_full_physical_range,0,0,,False,,False,,,
exhaustive_six_of_ten_partition,partition_177_a3c548d896c9,,hierarchical_activation_residual,0.94999999999999996,1,1,2,,unavailable_finite_sample_full_physical_range,0,0,,False,,False,,,
exhaustive_six_of_ten_partition,partition_177_a3c548d896c9,,hierarchical_power_fallback,0.80000000000000004,5,3,5,2.1698424743004083,finite_order_statistic,3,3,1,True,True,True,1.6031417579613514,3.7068476824296397,1.6031417579613514
exhaustive_six_of_ten_partition,partition_177_a3c548d896c9,,hierarchical_power_fallback,0.90000000000000002,5,3,6,,unavailable_finite_sample_full_physical_range,0,0,,False,,False,,,
exhaustive_six_of_ten_partition,partition_177_a3c548d896c9,,hierarchical_power_fallback,0.94999999999999996,5,3,6,,unavailable_finite_sample_full_physical_range,0,0,,False,,False,,,
exhaustive_six_of_ten_partition,partition_178_eb4a6081f8e9,,hierarchical_activation_residual,0.80000000000000004,1,1,2,,unavailable_finite_sample_full_physical_range,0,0,,False,,False,,,
exhaustive_six_of_ten_partition,partition_178_eb4a6081f8e9,,hierarchical_activation_residual,0.90000000000000002,1,1,2,,unavailable_finite_sample_full_physical_range,0,0,,False,,False,,,
exhaustive_six_of_ten_partition,partition_178_eb4a6081f8e9,,hierarchical_activation_residual,0.94999999999999996,1,1,2,,unavailable_finite_sample_full_physical_range,0,0,,False,,False,,,
exhaustive_six_of_ten_partition,partition_178_eb4a6081f8e9,,hierarchical_power_fallback,0.80000000000000004,5,3,5,2.1698424743004083,finite_order_statistic,3,3,1,True,True,True,1.6119467546858994,3.7068476824296397,1.6119467546858994
exhaustive_six_of_ten_partition,partition_178_eb4a6081f8e9,,hierarchical_power_fallback,0.90000000000000002,5,3,6,,unavailable_finite_sample_full_physical_range,0,0,,False,,False,,,
exhaustive_six_of_ten_partition,partition_178_eb4a6081f8e9,,hierarchical_power_fallback,0.94999999999999996,5,3,6,,unavailable_finite_sample_full_physical_range,0,0,,False,,False,,,
exhaustive_six_of_ten_partition,partition_179_0d741e9aef81,,hierarchical_activation_residual,0.80000000000000004,1,1,2,,unavailable_finite_sample_full_physical_range,0,0,,False,,False,,,
exhaustive_six_of_ten_partition,partition_179_0d741e9aef81,,hierarchical_activation_residual,0.90000000000000002,1,1,2,,unavailable_finite_sample_full_physical_range,0,0,,False,,False,,,
exhaustive_six_of_ten_partition,partition_179_0d741e9aef81,,hierarchical_activation_residual,0.94999999999999996,1,1,2,,unavailable_finite_sample_full_physical_range,0,0,,False,,False,,,
exhaustive_six_of_ten_partition,partition_179_0d741e9aef81,,hierarchical_power_fallback,0.80000000000000004,5,3,5,2.1698424743004083,finite_order_statistic,3,3,1,True,True,True,1.7452901066222946,3.7068476824296397,1.7452901066222946
exhaustive_six_of_ten_partition,partition_179_0d741e9aef81,,hierarchical_power_fallback,0.90000000000000002,5,3,6,,unavailable_finite_sample_full_physical_range,0,0,,False,,False,,,
exhaustive_six_of_ten_partition,partition_179_0d741e9aef81,,hierarchical_power_fallback,0.94999999999999996,5,3,6,,unavailable_finite_sample_full_physical_range,0,0,,False,,False,,,
exhaustive_six_of_ten_partition,partition_180_f4cda9fe4706,,hierarchical_activation_residual,0.80000000000000004,1,1,2,,unavailable_finite_sample_full_physical_range,0,0,,False,,False,,,
exhaustive_six_of_ten_partition,partition_180_f4cda9fe4706,,hierarchical_activation_residual,0.90000000000000002,1,1,2,,unavailable_finite_sample_full_physical_range,0,0,,False,,False,,,
exhaustive_six_of_ten_partition,partition_180_f4cda9fe4706,,hierarchical_activation_residual,0.94999999999999996,1,1,2,,unavailable_finite_sample_full_physical_range,0,0,,False,,False,,,
exhaustive_six_of_ten_partition,partition_180_f4cda9fe4706,,hierarchical_power_fallback,0.80000000000000004,5,3,5,1.1922311952901099,finite_order_statistic,3,0,0,True,False,False,1.0514806353065882,2.3432712521460815,2.1087765305937043
exhaustive_six_of_ten_partition,partition_180_f4cda9fe4706,,hierarchical_power_fallback,0.90000000000000002,5,3,6,,unavailable_finite_sample_full_physical_range,0,0,,False,,False,,,
exhaustive_six_of_ten_partition,partition_180_f4cda9fe4706,,hierarchical_power_fallback,0.94999999999999996,5,3,6,,unavailable_finite_sample_full_physical_range,0,0,,False,,False,,,
exhaustive_six_of_ten_partition,partition_181_fb10874f2ae7,,hierarchical_activation_residual,0.80000000000000004,1,1,2,,unavailable_finite_sample_full_physical_range,0,0,,False,,False,,,
exhaustive_six_of_ten_partition,partition_181_fb10874f2ae7,,hierarchical_activation_residual,0.90000000000000002,1,1,2,,unavailable_finite_sample_full_physical_range,0,0,,False,,False,,,
exhaustive_six_of_ten_partition,partition_181_fb10874f2ae7,,hierarchical_activation_residual,0.94999999999999996,1,1,2,,unavailable_finite_sample_full_physical_range,0,0,,False,,False,,,
exhaustive_six_of_ten_partition,partition_181_fb10874f2ae7,,hierarchical_power_fallback,0.80000000000000004,5,3,5,2.1698424743004083,finite_order_statistic,3,3,1,True,True,True,1.7994727089794109,3.7068476824296397,1.7994727089794109
exhaustive_six_of_ten_partition,partition_181_fb10874f2ae7,,hierarchical_power_fallback,0.90000000000000002,5,3,6,,unavailable_finite_sample_full_physical_range,0,0,,False,,False,,,
exhaustive_six_of_ten_partition,partition_181_fb10874f2ae7,,hierarchical_power_fallback,0.94999999999999996,5,3,6,,unavailable_finite_sample_full_physical_range,0,0,,False,,False,,,
exhaustive_six_of_ten_partition,partition_182_5d08e1c675b8,,hierarchical_activation_residual,0.80000000000000004,1,1,2,,unavailable_finite_sample_full_physical_range,0,0,,False,,False,,,
exhaustive_six_of_ten_partition,partition_182_5d08e1c675b8,,hierarchical_activation_residual,0.90000000000000002,1,1,2,,unavailable_finite_sample_full_physical_range,0,0,,False,,False,,,
exhaustive_six_of_ten_partition,partition_182_5d08e1c675b8,,hierarchical_activation_residual,0.94999999999999996,1,1,2,,unavailable_finite_sample_full_physical_range,0,0,,False,,False,,,
exhaustive_six_of_ten_partition,partition_182_5d08e1c675b8,,hierarchical_power_fallback,0.80000000000000004,5,3,5,2.1698424743004083,finite_order_statistic,3,3,1,True,True,True,1.8914810298319911,4.1087384001945395,1.8914810298319911
exhaustive_six_of_ten_partition,partition_182_5d08e1c675b8,,hierarchical_power_fallback,0.90000000000000002,5,3,6,,unavailable_finite_sample_full_physical_range,0,0,,False,,False,,,
exhaustive_six_of_ten_partition,partition_182_5d08e1c675b8,,hierarchical_power_fallback,0.94999999999999996,5,3,6,,unavailable_finite_sample_full_physical_range,0,0,,False,,False,,,
exhaustive_six_of_ten_partition,partition_183_cd1dcd05c242,,hierarchical_activation_residual,0.80000000000000004,1,1,2,,unavailable_finite_sample_full_physical_range,0,0,,False,,False,,,
exhaustive_six_of_ten_partition,partition_183_cd1dcd05c242,,hierarchical_activation_residual,0.90000000000000002,1,1,2,,unavailable_finite_sample_full_physical_range,0,0,,False,,False,,,
exhaustive_six_of_ten_partition,partition_183_cd1dcd05c242,,hierarchical_activation_residual,0.94999999999999996,1,1,2,,unavailable_finite_sample_full_physical_range,0,0,,False,,False,,,
exhaustive_six_of_ten_partition,partition_183_cd1dcd05c242,,hierarchical_power_fallback,0.80000000000000004,5,3,5,2.1698424743004083,finite_order_statistic,3,3,1,True,True,True,1.5857394487626155,3.7068476824296397,1.5857394487626155
exhaustive_six_of_ten_partition,partition_183_cd1dcd05c242,,hierarchical_power_fallback,0.90000000000000002,5,3,6,,unavailable_finite_sample_full_physical_range,0,0,,False,,False,,,
exhaustive_six_of_ten_partition,partition_183_cd1dcd05c242,,hierarchical_power_fallback,0.94999999999999996,5,3,6,,unavailable_finite_sample_full_physical_range,0,0,,False,,False,,,
exhaustive_six_of_ten_partition,partition_184_8bbf082e4c2b,,hierarchical_activation_residual,0.80000000000000004,1,1,2,,unavailable_finite_sample_full_physical_range,0,0,,False,,False,,,
exhaustive_six_of_ten_partition,partition_184_8bbf082e4c2b,,hierarchical_activation_residual,0.90000000000000002,1,1,2,,unavailable_finite_sample_full_physical_range,0,0,,False,,False,,,
exhaustive_six_of_ten_partition,partition_184_8bbf082e4c2b,,hierarchical_activation_residual,0.94999999999999996,1,1,2,,unavailable_finite_sample_full_physical_range,0,0,,False,,False,,,
exhaustive_six_of_ten_partition,partition_184_8bbf082e4c2b,,hierarchical_power_fallback,0.80000000000000004,5,3,5,2.1698424743004083,finite_order_statistic,3,3,1,True,True,True,1.7190828006990102,3.7068476824296397,1.7190828006990102
exhaustive_six_of_ten_partition,partition_184_8bbf082e4c2b,,hierarchical_power_fallback,0.90000000000000002,5,3,6,,unavailable_finite_sample_full_physical_range,0,0,,False,,False,,,
exhaustive_six_of_ten_partition,partition_184_8bbf082e4c2b,,hierarchical_power_fallback,0.94999999999999996,5,3,6,,unavailable_finite_sample_full_physical_range,0,0,,False,,False,,,
exhaustive_six_of_ten_partition,partition_185_cb03661a11e6,,hierarchical_activation_residual,0.80000000000000004,1,1,2,,unavailable_finite_sample_full_physical_range,0,0,,False,,False,,,
exhaustive_six_of_ten_partition,partition_185_cb03661a11e6,,hierarchical_activation_residual,0.90000000000000002,1,1,2,,unavailable_finite_sample_full_physical_range,0,0,,False,,False,,,
exhaustive_six_of_ten_partition,partition_185_cb03661a11e6,,hierarchical_activation_residual,0.94999999999999996,1,1,2,,unavailable_finite_sample_full_physical_range,0,0,,False,,False,,,
exhaustive_six_of_ten_partition,partition_185_cb03661a11e6,,hierarchical_power_fallback,0.80000000000000004,5,3,5,2.1698424743004083,finite_order_statistic,3,3,1,True,True,True,1.7278877974235582,3.7068476824296397,1.7278877974235582
exhaustive_six_of_ten_partition,partition_185_cb03661a11e6,,hierarchical_power_fallback,0.90000000000000002,5,3,6,,unavailable_finite_sample_full_physical_range,0,0,,False,,False,,,
exhaustive_six_of_ten_partition,partition_185_cb03661a11e6,,hierarchical_power_fallback,0.94999999999999996,5,3,6,,unavailable_finite_sample_full_physical_range,0,0,,False,,False,,,
exhaustive_six_of_ten_partition,partition_186_5e44714b7140,,hierarchical_activation_residual,0.80000000000000004,1,1,2,,unavailable_finite_sample_full_physical_range,0,0,,False,,False,,,
exhaustive_six_of_ten_partition,partition_186_5e44714b7140,,hierarchical_activation_residual,0.90000000000000002,1,1,2,,unavailable_finite_sample_full_physical_range,0,0,,False,,False,,,
exhaustive_six_of_ten_partition,partition_186_5e44714b7140,,hierarchical_activation_residual,0.94999999999999996,1,1,2,,unavailable_finite_sample_full_physical_range,0,0,,False,,False,,,
exhaustive_six_of_ten_partition,partition_186_5e44714b7140,,hierarchical_power_fallback,0.80000000000000004,5,3,5,1.3884373131471051,finite_order_statistic,3,1,0.33333333333333331,True,False,False,1.2077538461995065,2.7289046404400494,1.8479434604071046
exhaustive_six_of_ten_partition,partition_186_5e44714b7140,,hierarchical_power_fallback,0.90000000000000002,5,3,6,,unavailable_finite_sample_full_physical_range,0,0,,False,,False,,,
exhaustive_six_of_ten_partition,partition_186_5e44714b7140,,hierarchical_power_fallback,0.94999999999999996,5,3,6,,unavailable_finite_sample_full_physical_range,0,0,,False,,False,,,
exhaustive_six_of_ten_partition,partition_187_7c866c19c1aa,,hierarchical_activation_residual,0.80000000000000004,1,1,2,,unavailable_finite_sample_full_physical_range,0,0,,False,,False,,,
exhaustive_six_of_ten_partition,partition_187_7c866c19c1aa,,hierarchical_activation_residual,0.90000000000000002,1,1,2,,unavailable_finite_sample_full_physical_range,0,0,,False,,False,,,
exhaustive_six_of_ten_partition,partition_187_7c866c19c1aa,,hierarchical_activation_residual,0.94999999999999996,1,1,2,,unavailable_finite_sample_full_physical_range,0,0,,False,,False,,,
exhaustive_six_of_ten_partition,partition_187_7c866c19c1aa,,hierarchical_power_fallback,0.80000000000000004,5,3,5,1.3884373131471051,finite_order_statistic,3,1,0.33333333333333331,True,False,False,1.21338798146015,2.7289046404400494,1.8535775956677483
exhaustive_six_of_ten_partition,partition_187_7c866c19c1aa,,hierarchical_power_fallback,0.90000000000000002,5,3,6,,unavailable_finite_sample_full_physical_range,0,0,,False,,False,,,
exhaustive_six_of_ten_partition,partition_187_7c866c19c1aa,,hierarchical_power_fallback,0.94999999999999996,5,3,6,,unavailable_finite_sample_full_physical_range,0,0,,False,,False,,,
exhaustive_six_of_ten_partition,partition_188_fb5e5ca00a15,,hierarchical_activation_residual,0.80000000000000004,1,1,2,,unavailable_finite_sample_full_physical_range,0,0,,False,,False,,,
exhaustive_six_of_ten_partition,partition_188_fb5e5ca00a15,,hierarchical_activation_residual,0.90000000000000002,1,1,2,,unavailable_finite_sample_full_physical_range,0,0,,False,,False,,,
exhaustive_six_of_ten_partition,partition_188_fb5e5ca00a15,,hierarchical_activation_residual,0.94999999999999996,1,1,2,,unavailable_finite_sample_full_physical_range,0,0,,False,,False,,,
exhaustive_six_of_ten_partition,partition_188_fb5e5ca00a15,,hierarchical_power_fallback,0.80000000000000004,5,3,5,1.3884373131471051,finite_order_statistic,3,1,0.33333333333333331,True,False,False,1.2987116339747364,2.7289046404400494,1.9389012481823344
exhaustive_six_of_ten_partition,partition_188_fb5e5ca00a15,,hierarchical_power_fallback,0.90000000000000002,5,3,6,,unavailable_finite_sample_full_physical_range,0,0,,False,,False,,,
exhaustive_six_of_ten_partition,partition_188_fb5e5ca00a15,,hierarchical_power_fallback,0.94999999999999996,5,3,6,,unavailable_finite_sample_full_physical_range,0,0,,False,,False,,,
exhaustive_six_of_ten_partition,partition_189_1d76a15aa8a7,,hierarchical_activation_residual,0.80000000000000004,1,1,2,,unavailable_finite_sample_full_physical_range,0,0,,False,,False,,,
exhaustive_six_of_ten_partition,partition_189_1d76a15aa8a7,,hierarchical_activation_residual,0.90000000000000002,1,1,2,,unavailable_finite_sample_full_physical_range,0,0,,False,,False,,,
exhaustive_six_of_ten_partition,partition_189_1d76a15aa8a7,,hierarchical_activation_residual,0.94999999999999996,1,1,2,,unavailable_finite_sample_full_physical_range,0,0,,False,,False,,,
exhaustive_six_of_ten_partition,partition_189_1d76a15aa8a7,,hierarchical_power_fallback,0.80000000000000004,5,3,5,2.1698424743004083,finite_order_statistic,3,3,1,True,True,True,1.7732654030561268,3.7068476824296397,1.7732654030561268
exhaustive_six_of_ten_partition,partition_189_1d76a15aa8a7,,hierarchical_power_fallback,0.90000000000000002,5,3,6,,unavailable_finite_sample_full_physical_range,0,0,,False,,False,,,
exhaustive_six_of_ten_partition,partition_189_1d76a15aa8a7,,hierarchical_power_fallback,0.94999999999999996,5,3,6,,unavailable_finite_sample_full_physical_range,0,0,,False,,False,,,
exhaustive_six_of_ten_partition,partition_190_f1d7e63de267,,hierarchical_activation_residual,0.80000000000000004,1,1,2,,unavailable_finite_sample_full_physical_range,0,0,,False,,False,,,
exhaustive_six_of_ten_partition,partition_190_f1d7e63de267,,hierarchical_activation_residual,0.90000000000000002,1,1,2,,unavailable_finite_sample_full_physical_range,0,0,,False,,False,,,
exhaustive_six_of_ten_partition,partition_190_f1d7e63de267,,hierarchical_activation_residual,0.94999999999999996,1,1,2,,unavailable_finite_sample_full_physical_range,0,0,,False,,False,,,
exhaustive_six_of_ten_partition,partition_190_f1d7e63de267,,hierarchical_power_fallback,0.80000000000000004,5,3,5,2.1698424743004083,finite_order_statistic,3,3,1,True,True,True,1.7820703997806746,3.7068476824296397,1.7820703997806746
exhaustive_six_of_ten_partition,partition_190_f1d7e63de267,,hierarchical_power_fallback,0.90000000000000002,5,3,6,,unavailable_finite_sample_full_physical_range,0,0,,False,,False,,,
exhaustive_six_of_ten_partition,partition_190_f1d7e63de267,,hierarchical_power_fallback,0.94999999999999996,5,3,6,,unavailable_finite_sample_full_physical_range,0,0,,False,,False,,,
exhaustive_six_of_ten_partition,partition_191_2787f2d37cdb,,hierarchical_activation_residual,0.80000000000000004,1,1,2,,unavailable_finite_sample_full_physical_range,0,0,,False,,False,,,
exhaustive_six_of_ten_partition,partition_191_2787f2d37cdb,,hierarchical_activation_residual,0.90000000000000002,1,1,2,,unavailable_finite_sample_full_physical_range,0,0,,False,,False,,,
exhaustive_six_of_ten_partition,partition_191_2787f2d37cdb,,hierarchical_activation_residual,0.94999999999999996,1,1,2,,unavailable_finite_sample_full_physical_range,0,0,,False,,False,,,
exhaustive_six_of_ten_partition,partition_191_2787f2d37cdb,,hierarchical_power_fallback,0.80000000000000004,5,3,5,2.1698424743004083,finite_order_statistic,3,3,1,True,True,True,1.9154137517170697,3.7068476824296397,1.9154137517170697
exhaustive_six_of_ten_partition,partition_191_2787f2d37cdb,,hierarchical_power_fallback,0.90000000000000002,5,3,6,,unavailable_finite_sample_full_physical_range,0,0,,False,,False,,,
exhaustive_six_of_ten_partition,partition_191_2787f2d37cdb,,hierarchical_power_fallback,0.94999999999999996,5,3,6,,unavailable_finite_sample_full_physical_range,0,0,,False,,False,,,
exhaustive_six_of_ten_partition,partition_192_c6e86c97af12,,hierarchical_activation_residual,0.80000000000000004,1,1,2,,unavailable_finite_sample_full_physical_range,0,0,,False,,False,,,
exhaustive_six_of_ten_partition,partition_192_c6e86c97af12,,hierarchical_activation_residual,0.90000000000000002,1,1,2,,unavailable_finite_sample_full_physical_range,0,0,,False,,False,,,
exhaustive_six_of_ten_partition,partition_192_c6e86c97af12,,hierarchical_activation_residual,0.94999999999999996,1,1,2,,unavailable_finite_sample_full_physical_range,0,0,,False,,False,,,
exhaustive_six_of_ten_partition,partition_192_c6e86c97af12,,hierarchical_power_fallback,0.80000000000000004,5,3,5,1.3884373131471051,finite_order_statistic,3,1,0.33333333333333331,True,False,False,1.333381960381858,2.7289046404400494,1.973571574589456
exhaustive_six_of_ten_partition,partition_192_c6e86c97af12,,hierarchical_power_fallback,0.90000000000000002,5,3,6,,unavailable_finite_sample_full_physical_range,0,0,,False,,False,,,
exhaustive_six_of_ten_partition,partition_192_c6e86c97af12,,hierarchical_power_fallback,0.94999999999999996,5,3,6,,unavailable_finite_sample_full_physical_range,0,0,,False,,False,,,
exhaustive_six_of_ten_partition,partition_193_87c26a7f62f3,,hierarchical_activation_residual,0.80000000000000004,1,1,2,,unavailable_finite_sample_full_physical_range,0,0,,False,,False,,,
exhaustive_six_of_ten_partition,partition_193_87c26a7f62f3,,hierarchical_activation_residual,0.90000000000000002,1,1,2,,unavailable_finite_sample_full_physical_range,0,0,,False,,False,,,
exhaustive_six_of_ten_partition,partition_193_87c26a7f62f3,,hierarchical_activation_residual,0.94999999999999996,1,1,2,,unavailable_finite_sample_full_physical_range,0,0,,False,,False,,,
exhaustive_six_of_ten_partition,partition_193_87c26a7f62f3,,hierarchical_power_fallback,0.80000000000000004,5,3,5,2.1698424743004083,finite_order_statistic,3,3,1,True,True,True,1.8652737239087067,4.1087384001945395,1.8652737239087067
exhaustive_six_of_ten_partition,partition_193_87c26a7f62f3,,hierarchical_power_fallback,0.90000000000000002,5,3,6,,unavailable_finite_sample_full_physical_range,0,0,,False,,False,,,
exhaustive_six_of_ten_partition,partition_193_87c26a7f62f3,,hierarchical_power_fallback,0.94999999999999996,5,3,6,,unavailable_finite_sample_full_physical_range,0,0,,False,,False,,,
exhaustive_six_of_ten_partition,partition_194_6d57fd69c4da,,hierarchical_activation_residual,0.80000000000000004,1,1,2,,unavailable_finite_sample_full_physical_range,0,0,,False,,False,,,
exhaustive_six_of_ten_partition,partition_194_6d57fd69c4da,,hierarchical_activation_residual,0.90000000000000002,1,1,2,,unavailable_finite_sample_full_physical_range,0,0,,False,,False,,,
exhaustive_six_of_ten_partition,partition_194_6d57fd69c4da,,hierarchical_activation_residual,0.94999999999999996,1,1,2,,unavailable_finite_sample_full_physical_range,0,0,,False,,False,,,
exhaustive_six_of_ten_partition,partition_194_6d57fd69c4da,,hierarchical_power_fallback,0.80000000000000004,5,3,5,2.1698424743004083,finite_order_statistic,3,3,1,True,True,True,1.874078720633255,4.1087384001945395,1.874078720633255
exhaustive_six_of_ten_partition,partition_194_6d57fd69c4da,,hierarchical_power_fallback,0.90000000000000002,5,3,6,,unavailable_finite_sample_full_physical_range,0,0,,False,,False,,,
exhaustive_six_of_ten_partition,partition_194_6d57fd69c4da,,hierarchical_power_fallback,0.94999999999999996,5,3,6,,unavailable_finite_sample_full_physical_range,0,0,,False,,False,,,
exhaustive_six_of_ten_partition,partition_195_05741b225256,,hierarchical_activation_residual,0.80000000000000004,1,1,2,,unavailable_finite_sample_full_physical_range,0,0,,False,,False,,,
exhaustive_six_of_ten_partition,partition_195_05741b225256,,hierarchical_activation_residual,0.90000000000000002,1,1,2,,unavailable_finite_sample_full_physical_range,0,0,,False,,False,,,
exhaustive_six_of_ten_partition,partition_195_05741b225256,,hierarchical_activation_residual,0.94999999999999996,1,1,2,,unavailable_finite_sample_full_physical_range,0,0,,False,,False,,,
exhaustive_six_of_ten_partition,partition_195_05741b225256,,hierarchical_power_fallback,0.80000000000000004,5,3,5,2.1698424743004083,finite_order_statistic,3,3,1,True,True,True,2.0074220725696499,4.1087384001945395,2.0074220725696499
exhaustive_six_of_ten_partition,partition_195_05741b225256,,hierarchical_power_fallback,0.90000000000000002,5,3,6,,unavailable_finite_sample_full_physical_range,0,0,,False,,False,,,
exhaustive_six_of_ten_partition,partition_195_05741b225256,,hierarchical_power_fallback,0.94999999999999996,5,3,6,,unavailable_finite_sample_full_physical_range,0,0,,False,,False,,,
exhaustive_six_of_ten_partition,partition_196_cefadf328a46,,hierarchical_activation_residual,0.80000000000000004,1,1,2,,unavailable_finite_sample_full_physical_range,0,0,,False,,False,,,
exhaustive_six_of_ten_partition,partition_196_cefadf328a46,,hierarchical_activation_residual,0.90000000000000002,1,1,2,,unavailable_finite_sample_full_physical_range,0,0,,False,,False,,,
exhaustive_six_of_ten_partition,partition_196_cefadf328a46,,hierarchical_activation_residual,0.94999999999999996,1,1,2,,unavailable_finite_sample_full_physical_range,0,0,,False,,False,,,
exhaustive_six_of_ten_partition,partition_196_cefadf328a46,,hierarchical_power_fallback,0.80000000000000004,5,3,5,1.3884373131471051,finite_order_statistic,3,1,0.33333333333333331,True,False,False,1.3922561815775338,2.7289046404400494,2.0324457957851316
exhaustive_six_of_ten_partition,partition_196_cefadf328a46,,hierarchical_power_fallback,0.90000000000000002,5,3,6,,unavailable_finite_sample_full_physical_range,0,0,,False,,False,,,
exhaustive_six_of_ten_partition,partition_196_cefadf328a46,,hierarchical_power_fallback,0.94999999999999996,5,3,6,,unavailable_finite_sample_full_physical_range,0,0,,False,,False,,,
exhaustive_six_of_ten_partition,partition_197_5263acf8cdd6,,hierarchical_activation_residual,0.80000000000000004,1,1,2,,unavailable_finite_sample_full_physical_range,0,0,,False,,False,,,
exhaustive_six_of_ten_partition,partition_197_5263acf8cdd6,,hierarchical_activation_residual,0.90000000000000002,1,1,2,,unavailable_finite_sample_full_physical_range,0,0,,False,,False,,,
exhaustive_six_of_ten_partition,partition_197_5263acf8cdd6,,hierarchical_activation_residual,0.94999999999999996,1,1,2,,unavailable_finite_sample_full_physical_range,0,0,,False,,False,,,
exhaustive_six_of_ten_partition,partition_197_5263acf8cdd6,,hierarchical_power_fallback,0.80000000000000004,5,3,5,2.1698424743004083,finite_order_statistic,3,3,1,True,True,True,2.0616046749267665,4.1087384001945395,2.0616046749267665
exhaustive_six_of_ten_partition,partition_197_5263acf8cdd6,,hierarchical_power_fallback,0.90000000000000002,5,3,6,,unavailable_finite_sample_full_physical_range,0,0,,False,,False,,,
exhaustive_six_of_ten_partition,partition_197_5263acf8cdd6,,hierarchical_power_fallback,0.94999999999999996,5,3,6,,unavailable_finite_sample_full_physical_range,0,0,,False,,False,,,
exhaustive_six_of_ten_partition,partition_198_26be078f4f91,,hierarchical_activation_residual,0.80000000000000004,0,2,1,,unavailable_no_same_route_calibration,0,0,,False,,False,,,
exhaustive_six_of_ten_partition,partition_198_26be078f4f91,,hierarchical_activation_residual,0.90000000000000002,0,2,1,,unavailable_no_same_route_calibration,0,0,,False,,False,,,
exhaustive_six_of_ten_partition,partition_198_26be078f4f91,,hierarchical_activation_residual,0.94999999999999996,0,2,1,,unavailable_no_same_route_calibration,0,0,,False,,False,,,
exhaustive_six_of_ten_partition,partition_198_26be078f4f91,,hierarchical_power_fallback,0.80000000000000004,6,2,6,2.1698424743004083,finite_order_statistic,2,2,1,True,True,True,1.6925659603046797,3.7068476824296397,1.6925659603046797
exhaustive_six_of_ten_partition,partition_198_26be078f4f91,,hierarchical_power_fallback,0.90000000000000002,6,2,7,,unavailable_finite_sample_full_physical_range,0,0,,False,,False,,,
exhaustive_six_of_ten_partition,partition_198_26be078f4f91,,hierarchical_power_fallback,0.94999999999999996,6,2,7,,unavailable_finite_sample_full_physical_range,0,0,,False,,False,,,
exhaustive_six_of_ten_partition,partition_199_dc5bf9437a94,,hierarchical_activation_residual,0.80000000000000004,0,2,1,,unavailable_no_same_route_calibration,0,0,,False,,False,,,
exhaustive_six_of_ten_partition,partition_199_dc5bf9437a94,,hierarchical_activation_residual,0.90000000000000002,0,2,1,,unavailable_no_same_route_calibration,0,0,,False,,False,,,
exhaustive_six_of_ten_partition,partition_199_dc5bf9437a94,,hierarchical_activation_residual,0.94999999999999996,0,2,1,,unavailable_no_same_route_calibration,0,0,,False,,False,,,
exhaustive_six_of_ten_partition,partition_199_dc5bf9437a94,,hierarchical_power_fallback,0.80000000000000004,6,2,6,2.1698424743004083,finite_order_statistic,2,2,1,True,True,True,1.7057734553915016,3.7068476824296397,1.7057734553915016
exhaustive_six_of_ten_partition,partition_199_dc5bf9437a94,,hierarchical_power_fallback,0.90000000000000002,6,2,7,,unavailable_finite_sample_full_physical_range,0,0,,False,,False,,,
exhaustive_six_of_ten_partition,partition_199_dc5bf9437a94,,hierarchical_power_fallback,0.94999999999999996,6,2,7,,unavailable_finite_sample_full_physical_range,0,0,,False,,False,,,
exhaustive_six_of_ten_partition,partition_200_74db66604272,,hierarchical_activation_residual,0.80000000000000004,0,2,1,,unavailable_no_same_route_calibration,0,0,,False,,False,,,
exhaustive_six_of_ten_partition,partition_200_74db66604272,,hierarchical_activation_residual,0.90000000000000002,0,2,1,,unavailable_no_same_route_calibration,0,0,,False,,False,,,
exhaustive_six_of_ten_partition,partition_200_74db66604272,,hierarchical_activation_residual,0.94999999999999996,0,2,1,,unavailable_no_same_route_calibration,0,0,,False,,False,,,
exhaustive_six_of_ten_partition,partition_200_74db66604272,,hierarchical_power_fallback,0.80000000000000004,6,2,6,2.1698424743004083,finite_order_statistic,2,2,1,True,True,True,1.9057884832960941,3.7068476824296397,1.9057884832960941
exhaustive_six_of_ten_partition,partition_200_74db66604272,,hierarchical_power_fallback,0.90000000000000002,6,2,7,,unavailable_finite_sample_full_physical_range,0,0,,False,,False,,,
exhaustive_six_of_ten_partition,partition_200_74db66604272,,hierarchical_power_fallback,0.94999999999999996,6,2,7,,unavailable_finite_sample_full_physical_range,0,0,,False,,False,,,
exhaustive_six_of_ten_partition,partition_201_7aa100c34764,,hierarchical_activation_residual,0.80000000000000004,0,2,1,,unavailable_no_same_route_calibration,0,0,,False,,False,,,
exhaustive_six_of_ten_partition,partition_201_7aa100c34764,,hierarchical_activation_residual,0.90000000000000002,0,2,1,,unavailable_no_same_route_calibration,0,0,,False,,False,,,
exhaustive_six_of_ten_partition,partition_201_7aa100c34764,,hierarchical_activation_residual,0.94999999999999996,0,2,1,,unavailable_no_same_route_calibration,0,0,,False,,False,,,
exhaustive_six_of_ten_partition,partition_201_7aa100c34764,,hierarchical_power_fallback,0.80000000000000004,6,2,6,1.3884373131471051,finite_order_statistic,2,0,0,True,False,False,1.3810971120360636,2.7289046404400494,2.3413815333474606
exhaustive_six_of_ten_partition,partition_201_7aa100c34764,,hierarchical_power_fallback,0.90000000000000002,6,2,7,,unavailable_finite_sample_full_physical_range,0,0,,False,,False,,,
exhaustive_six_of_ten_partition,partition_201_7aa100c34764,,hierarchical_power_fallback,0.94999999999999996,6,2,7,,unavailable_finite_sample_full_physical_range,0,0,,False,,False,,,
exhaustive_six_of_ten_partition,partition_202_f2bcaaba9252,,hierarchical_activation_residual,0.80000000000000004,0,2,1,,unavailable_no_same_route_calibration,0,0,,False,,False,,,
exhaustive_six_of_ten_partition,partition_202_f2bcaaba9252,,hierarchical_activation_residual,0.90000000000000002,0,2,1,,unavailable_no_same_route_calibration,0,0,,False,,False,,,
exhaustive_six_of_ten_partition,partition_202_f2bcaaba9252,,hierarchical_activation_residual,0.94999999999999996,0,2,1,,unavailable_no_same_route_calibration,0,0,,False,,False,,,
exhaustive_six_of_ten_partition,partition_202_f2bcaaba9252,,hierarchical_power_fallback,0.80000000000000004,6,2,6,2.1698424743004083,finite_order_statistic,2,2,1,True,True,True,1.9870623868317687,3.7068476824296397,1.9870623868317687
exhaustive_six_of_ten_partition,partition_202_f2bcaaba9252,,hierarchical_power_fallback,0.90000000000000002,6,2,7,,unavailable_finite_sample_full_physical_range,0,0,,False,,False,,,
exhaustive_six_of_ten_partition,partition_202_f2bcaaba9252,,hierarchical_power_fallback,0.94999999999999996,6,2,7,,unavailable_finite_sample_full_physical_range,0,0,,False,,False,,,
exhaustive_six_of_ten_partition,partition_203_7ad2a1643ddb,,hierarchical_activation_residual,0.80000000000000004,0,2,1,,unavailable_no_same_route_calibration,0,0,,False,,False,,,
exhaustive_six_of_ten_partition,partition_203_7ad2a1643ddb,,hierarchical_activation_residual,0.90000000000000002,0,2,1,,unavailable_no_same_route_calibration,0,0,,False,,False,,,
exhaustive_six_of_ten_partition,partition_203_7ad2a1643ddb,,hierarchical_activation_residual,0.94999999999999996,0,2,1,,unavailable_no_same_route_calibration,0,0,,False,,False,,,
exhaustive_six_of_ten_partition,partition_203_7ad2a1643ddb,,hierarchical_power_fallback,0.80000000000000004,6,2,6,2.1698424743004083,finite_order_statistic,2,2,1,True,True,True,2.1250748681106391,4.1087384001945395,2.1250748681106391
exhaustive_six_of_ten_partition,partition_203_7ad2a1643ddb,,hierarchical_power_fallback,0.90000000000000002,6,2,7,,unavailable_finite_sample_full_physical_range,0,0,,False,,False,,,
exhaustive_six_of_ten_partition,partition_203_7ad2a1643ddb,,hierarchical_power_fallback,0.94999999999999996,6,2,7,,unavailable_finite_sample_full_physical_range,0,0,,False,,False,,,
exhaustive_six_of_ten_partition,partition_204_7d030a3dc9e9,,hierarchical_activation_residual,0.80000000000000004,1,1,2,,unavailable_finite_sample_full_physical_range,0,0,,False,,False,,,
exhaustive_six_of_ten_partition,partition_204_7d030a3dc9e9,,hierarchical_activation_residual,0.90000000000000002,1,1,2,,unavailable_finite_sample_full_physical_range,0,0,,False,,False,,,
exhaustive_six_of_ten_partition,partition_204_7d030a3dc9e9,,hierarchical_activation_residual,0.94999999999999996,1,1,2,,unavailable_finite_sample_full_physical_range,0,0,,False,,False,,,
exhaustive_six_of_ten_partition,partition_204_7d030a3dc9e9,,hierarchical_power_fallback,0.80000000000000004,5,3,5,2.1698424743004083,finite_order_statistic,3,3,1,True,True,True,1.6031417579613514,3.7068476824296397,1.6031417579613514
exhaustive_six_of_ten_partition,partition_204_7d030a3dc9e9,,hierarchical_power_fallback,0.90000000000000002,5,3,6,,unavailable_finite_sample_full_physical_range,0,0,,False,,False,,,
exhaustive_six_of_ten_partition,partition_204_7d030a3dc9e9,,hierarchical_power_fallback,0.94999999999999996,5,3,6,,unavailable_finite_sample_full_physical_range,0,0,,False,,False,,,
exhaustive_six_of_ten_partition,partition_205_898329cb6a93,,hierarchical_activation_residual,0.80000000000000004,1,1,2,,unavailable_finite_sample_full_physical_range,0,0,,False,,False,,,
exhaustive_six_of_ten_partition,partition_205_898329cb6a93,,hierarchical_activation_residual,0.90000000000000002,1,1,2,,unavailable_finite_sample_full_physical_range,0,0,,False,,False,,,
exhaustive_six_of_ten_partition,partition_205_898329cb6a93,,hierarchical_activation_residual,0.94999999999999996,1,1,2,,unavailable_finite_sample_full_physical_range,0,0,,False,,False,,,
exhaustive_six_of_ten_partition,partition_205_898329cb6a93,,hierarchical_power_fallback,0.80000000000000004,5,3,5,2.1698424743004083,finite_order_statistic,3,3,1,True,True,True,1.6119467546858994,3.7068476824296397,1.6119467546858994
exhaustive_six_of_ten_partition,partition_205_898329cb6a93,,hierarchical_power_fallback,0.90000000000000002,5,3,6,,unavailable_finite_sample_full_physical_range,0,0,,False,,False,,,
exhaustive_six_of_ten_partition,partition_205_898329cb6a93,,hierarchical_power_fallback,0.94999999999999996,5,3,6,,unavailable_finite_sample_full_physical_range,0,0,,False,,False,,,
exhaustive_six_of_ten_partition,partition_206_cbe50bfbac52,,hierarchical_activation_residual,0.80000000000000004,1,1,2,,unavailable_finite_sample_full_physical_range,0,0,,False,,False,,,
exhaustive_six_of_ten_partition,partition_206_cbe50bfbac52,,hierarchical_activation_residual,0.90000000000000002,1,1,2,,unavailable_finite_sample_full_physical_range,0,0,,False,,False,,,
exhaustive_six_of_ten_partition,partition_206_cbe50bfbac52,,hierarchical_activation_residual,0.94999999999999996,1,1,2,,unavailable_finite_sample_full_physical_range,0,0,,False,,False,,,
exhaustive_six_of_ten_partition,partition_206_cbe50bfbac52,,hierarchical_power_fallback,0.80000000000000004,5,3,5,2.1698424743004083,finite_order_statistic,3,3,1,True,True,True,1.7452901066222946,3.7068476824296397,1.7452901066222946
exhaustive_six_of_ten_partition,partition_206_cbe50bfbac52,,hierarchical_power_fallback,0.90000000000000002,5,3,6,,unavailable_finite_sample_full_physical_range,0,0,,False,,False,,,
exhaustive_six_of_ten_partition,partition_206_cbe50bfbac52,,hierarchical_power_fallback,0.94999999999999996,5,3,6,,unavailable_finite_sample_full_physical_range,0,0,,False,,False,,,
exhaustive_six_of_ten_partition,partition_207_03edecf590db,,hierarchical_activation_residual,0.80000000000000004,1,1,2,,unavailable_finite_sample_full_physical_range,0,0,,False,,False,,,
exhaustive_six_of_ten_partition,partition_207_03edecf590db,,hierarchical_activation_residual,0.90000000000000002,1,1,2,,unavailable_finite_sample_full_physical_range,0,0,,False,,False,,,
exhaustive_six_of_ten_partition,partition_207_03edecf590db,,hierarchical_activation_residual,0.94999999999999996,1,1,2,,unavailable_finite_sample_full_physical_range,0,0,,False,,False,,,
exhaustive_six_of_ten_partition,partition_207_03edecf590db,,hierarchical_power_fallback,0.80000000000000004,5,3,5,1.1922311952901099,finite_order_statistic,3,0,0,True,False,False,1.0514806353065882,2.3432712521460815,2.1087765305937043
exhaustive_six_of_ten_partition,partition_207_03edecf590db,,hierarchical_power_fallback,0.90000000000000002,5,3,6,,unavailable_finite_sample_full_physical_range,0,0,,False,,False,,,
exhaustive_six_of_ten_partition,partition_207_03edecf590db,,hierarchical_power_fallback,0.94999999999999996,5,3,6,,unavailable_finite_sample_full_physical_range,0,0,,False,,False,,,
exhaustive_six_of_ten_partition,partition_208_d24c39bded8b,,hierarchical_activation_residual,0.80000000000000004,1,1,2,,unavailable_finite_sample_full_physical_range,0,0,,False,,False,,,
exhaustive_six_of_ten_partition,partition_208_d24c39bded8b,,hierarchical_activation_residual,0.90000000000000002,1,1,2,,unavailable_finite_sample_full_physical_range,0,0,,False,,False,,,
exhaustive_six_of_ten_partition,partition_208_d24c39bded8b,,hierarchical_activation_residual,0.94999999999999996,1,1,2,,unavailable_finite_sample_full_physical_range,0,0,,False,,False,,,
exhaustive_six_of_ten_partition,partition_208_d24c39bded8b,,hierarchical_power_fallback,0.80000000000000004,5,3,5,2.1698424743004083,finite_order_statistic,3,3,1,True,True,True,1.7994727089794109,3.7068476824296397,1.7994727089794109
exhaustive_six_of_ten_partition,partition_208_d24c39bded8b,,hierarchical_power_fallback,0.90000000000000002,5,3,6,,unavailable_finite_sample_full_physical_range,0,0,,False,,False,,,
exhaustive_six_of_ten_partition,partition_208_d24c39bded8b,,hierarchical_power_fallback,0.94999999999999996,5,3,6,,unavailable_finite_sample_full_physical_range,0,0,,False,,False,,,
exhaustive_six_of_ten_partition,partition_209_862127b8a94a,,hierarchical_activation_residual,0.80000000000000004,1,1,2,,unavailable_finite_sample_full_physical_range,0,0,,False,,False,,,
exhaustive_six_of_ten_partition,partition_209_862127b8a94a,,hierarchical_activation_residual,0.90000000000000002,1,1,2,,unavailable_finite_sample_full_physical_range,0,0,,False,,False,,,
exhaustive_six_of_ten_partition,partition_209_862127b8a94a,,hierarchical_activation_residual,0.94999999999999996,1,1,2,,unavailable_finite_sample_full_physical_range,0,0,,False,,False,,,
exhaustive_six_of_ten_partition,partition_209_862127b8a94a,,hierarchical_power_fallback,0.80000000000000004,5,3,5,2.1698424743004083,finite_order_statistic,3,3,1,True,True,True,1.8914810298319911,4.1087384001945395,1.8914810298319911
exhaustive_six_of_ten_partition,partition_209_862127b8a94a,,hierarchical_power_fallback,0.90000000000000002,5,3,6,,unavailable_finite_sample_full_physical_range,0,0,,False,,False,,,
exhaustive_six_of_ten_partition,partition_209_862127b8a94a,,hierarchical_power_fallback,0.94999999999999996,5,3,6,,unavailable_finite_sample_full_physical_range,0,0,,False,,False,,,
exhaustive_six_of_ten_partition,partition_210_ba2b0194b2df,,hierarchical_activation_residual,0.80000000000000004,0,2,1,,unavailable_no_same_route_calibration,0,0,,False,,False,,,
exhaustive_six_of_ten_partition,partition_210_ba2b0194b2df,,hierarchical_activation_residual,0.90000000000000002,0,2,1,,unavailable_no_same_route_calibration,0,0,,False,,False,,,
exhaustive_six_of_ten_partition,partition_210_ba2b0194b2df,,hierarchical_activation_residual,0.94999999999999996,0,2,1,,unavailable_no_same_route_calibration,0,0,,False,,False,,,
exhaustive_six_of_ten_partition,partition_210_ba2b0194b2df,,hierarchical_power_fallback,0.80000000000000004,6,2,6,2.1698424743004083,finite_order_statistic,2,2,1,True,True,True,1.731876919189606,3.7068476824296397,1.731876919189606
exhaustive_six_of_ten_partition,partition_210_ba2b0194b2df,,hierarchical_power_fallback,0.90000000000000002,6,2,7,,unavailable_finite_sample_full_physical_range,0,0,,False,,False,,,
exhaustive_six_of_ten_partition,partition_210_ba2b0194b2df,,hierarchical_power_fallback,0.94999999999999996,6,2,7,,unavailable_finite_sample_full_physical_range,0,0,,False,,False,,,
