audit_family,scenario_id,removed_condition_id,evaluation_condition_id,mean_route,requested_coverage,calibration_condition_count,order_statistic_rank,multiplier,quantile_status,diagnostic_interval_status,diagnostic_abstention_reasons,trajectory_simultaneously_covered,pointwise_coverage_fraction,diagnostic_mean_width_pp,diagnostic_max_width_pp,diagnostic_interval_score_mean
exhaustive_six_of_ten_partition,partition_001_7f8e8e358dd2,,NAUMANN_CAL_T40_SOC50,hierarchical_power_fallback,0.80000000000000004,4,4,1.4840726147248924,finite_order_statistic,available,none,False,0.20000000000000001,1.5575563227100178,2.916871079971969,2.9959070847109435
exhaustive_six_of_ten_partition,partition_001_7f8e8e358dd2,,NAUMANN_CAL_T40_SOC62.5,hierarchical_power_fallback,0.80000000000000004,4,4,1.4840726147248924,finite_order_statistic,available,none,True,1,1.2120462989491545,2.0936016073250414,1.2120462989491545
exhaustive_six_of_ten_partition,partition_001_7f8e8e358dd2,,NAUMANN_CAL_T40_SOC75,hierarchical_power_fallback,0.80000000000000004,4,4,1.4840726147248924,finite_order_statistic,available,none,True,1,0.93844410988485494,1.4718780700610523,0.93844410988485494
exhaustive_six_of_ten_partition,partition_001_7f8e8e358dd2,,NAUMANN_CAL_T40_SOC87.5,hierarchical_power_fallback,0.80000000000000004,4,4,1.4840726147248924,finite_order_statistic,available,none,True,1,0.92037746956454047,1.4317147353037001,0.92037746956454047
exhaustive_six_of_ten_partition,partition_001_7f8e8e358dd2,,NAUMANN_CAL_T40_SOC50,hierarchical_power_fallback,0.90000000000000002,4,5,,unavailable_finite_sample_full_physical_range,unavailable,insufficient_same_route_calibration,,,,,
exhaustive_six_of_ten_partition,partition_001_7f8e8e358dd2,,NAUMANN_CAL_T40_SOC62.5,hierarchical_power_fallback,0.90000000000000002,4,5,,unavailable_finite_sample_full_physical_range,unavailable,insufficient_same_route_calibration,,,,,
exhaustive_six_of_ten_partition,partition_001_7f8e8e358dd2,,NAUMANN_CAL_T40_SOC75,hierarchical_power_fallback,0.90000000000000002,4,5,,unavailable_finite_sample_full_physical_range,unavailable,insufficient_same_route_calibration,,,,,
exhaustive_six_of_ten_partition,partition_001_7f8e8e358dd2,,NAUMANN_CAL_T40_SOC87.5,hierarchical_power_fallback,0.90000000000000002,4,5,,unavailable_finite_sample_full_physical_range,unavailable,insufficient_same_route_calibration,,,,,
exhaustive_six_of_ten_partition,partition_001_7f8e8e358dd2,,NAUMANN_CAL_T40_SOC50,hierarchical_power_fallback,0.94999999999999996,4,5,,unavailable_finite_sample_full_physical_range,unavailable,insufficient_same_route_calibration,,,,,
exhaustive_six_of_ten_partition,partition_001_7f8e8e358dd2,,NAUMANN_CAL_T40_SOC62.5,hierarchical_power_fallback,0.94999999999999996,4,5,,unavailable_finite_sample_full_physical_range,unavailable,insufficient_same_route_calibration,,,,,
exhaustive_six_of_ten_partition,partition_001_7f8e8e358dd2,,NAUMANN_CAL_T40_SOC75,hierarchical_power_fallback,0.94999999999999996,4,5,,unavailable_finite_sample_full_physical_range,unavailable,insufficient_same_route_calibration,,,,,
exhaustive_six_of_ten_partition,partition_001_7f8e8e358dd2,,NAUMANN_CAL_T40_SOC87.5,hierarchical_power_fallback,0.94999999999999996,4,5,,unavailable_finite_sample_full_physical_range,unavailable,insufficient_same_route_calibration,,,,,
exhaustive_six_of_ten_partition,partition_002_c363cb66dc65,,NAUMANN_CAL_T40_SOC37.5,hierarchical_power_fallback,0.80000000000000004,4,4,2.1698424743004083,finite_order_statistic,available,none,True,1,1.9346642885590211,3.4427051368367643,1.9346642885590211
exhaustive_six_of_ten_partition,partition_002_c363cb66dc65,,NAUMANN_CAL_T40_SOC62.5,hierarchical_power_fallback,0.80000000000000004,4,4,2.1698424743004083,finite_order_statistic,available,none,True,1,1.7721164814876715,3.0610265608058569,1.7721164814876715
exhaustive_six_of_ten_partition,partition_002_c363cb66dc65,,NAUMANN_CAL_T40_SOC75,hierarchical_power_fallback,0.80000000000000004,4,4,2.1698424743004083,finite_order_statistic,available,none,True,1,1.3720864256784864,2.1520129956726066,1.3720864256784864
exhaustive_six_of_ten_partition,partition_002_c363cb66dc65,,NAUMANN_CAL_T40_SOC87.5,hierarchical_power_fallback,0.80000000000000004,4,4,2.1698424743004083,finite_order_statistic,available,none,True,1,1.3456714355048427,2.0932907277718584,1.3456714355048427
exhaustive_six_of_ten_partition,partition_002_c363cb66dc65,,NAUMANN_CAL_T40_SOC37.5,hierarchical_power_fallback,0.90000000000000002,4,5,,unavailable_finite_sample_full_physical_range,unavailable,insufficient_same_route_calibration,,,,,
exhaustive_six_of_ten_partition,partition_002_c363cb66dc65,,NAUMANN_CAL_T40_SOC62.5,hierarchical_power_fallback,0.90000000000000002,4,5,,unavailable_finite_sample_full_physical_range,unavailable,insufficient_same_route_calibration,,,,,
exhaustive_six_of_ten_partition,partition_002_c363cb66dc65,,NAUMANN_CAL_T40_SOC75,hierarchical_power_fallback,0.90000000000000002,4,5,,unavailable_finite_sample_full_physical_range,unavailable,insufficient_same_route_calibration,,,,,
exhaustive_six_of_ten_partition,partition_002_c363cb66dc65,,NAUMANN_CAL_T40_SOC87.5,hierarchical_power_fallback,0.90000000000000002,4,5,,unavailable_finite_sample_full_physical_range,unavailable,insufficient_same_route_calibration,,,,,
exhaustive_six_of_ten_partition,partition_002_c363cb66dc65,,NAUMANN_CAL_T40_SOC37.5,hierarchical_power_fallback,0.94999999999999996,4,5,,unavailable_finite_sample_full_physical_range,unavailable,insufficient_same_route_calibration,,,,,
exhaustive_six_of_ten_partition,partition_002_c363cb66dc65,,NAUMANN_CAL_T40_SOC62.5,hierarchical_power_fallback,0.94999999999999996,4,5,,unavailable_finite_sample_full_physical_range,unavailable,insufficient_same_route_calibration,,,,,
exhaustive_six_of_ten_partition,partition_002_c363cb66dc65,,NAUMANN_CAL_T40_SOC75,hierarchical_power_fallback,0.94999999999999996,4,5,,unavailable_finite_sample_full_physical_range,unavailable,insufficient_same_route_calibration,,,,,
exhaustive_six_of_ten_partition,partition_002_c363cb66dc65,,NAUMANN_CAL_T40_SOC87.5,hierarchical_power_fallback,0.94999999999999996,4,5,,unavailable_finite_sample_full_physical_range,unavailable,insufficient_same_route_calibration,,,,,
exhaustive_six_of_ten_partition,partition_003_86422e7708a2,,NAUMANN_CAL_T40_SOC37.5,hierarchical_power_fallback,0.80000000000000004,4,4,1.4840726147248924,finite_order_statistic,available,none,True,1,1.3232215349007652,2.3546522269085131,1.3232215349007652
exhaustive_six_of_ten_partition,partition_003_86422e7708a2,,NAUMANN_CAL_T40_SOC50,hierarchical_power_fallback,0.80000000000000004,4,4,1.4840726147248924,finite_order_statistic,available,none,False,0.20000000000000001,1.5575563227100178,2.916871079971969,2.9959070847109435
exhaustive_six_of_ten_partition,partition_003_86422e7708a2,,NAUMANN_CAL_T40_SOC75,hierarchical_power_fallback,0.80000000000000004,4,4,1.4840726147248924,finite_order_statistic,available,none,True,1,0.93844410988485494,1.4718780700610523,0.93844410988485494
exhaustive_six_of_ten_partition,partition_003_86422e7708a2,,NAUMANN_CAL_T40_SOC87.5,hierarchical_power_fallback,0.80000000000000004,4,4,1.4840726147248924,finite_order_statistic,available,none,True,1,0.92037746956454047,1.4317147353037001,0.92037746956454047
exhaustive_six_of_ten_partition,partition_003_86422e7708a2,,NAUMANN_CAL_T40_SOC37.5,hierarchical_power_fallback,0.90000000000000002,4,5,,unavailable_finite_sample_full_physical_range,unavailable,insufficient_same_route_calibration,,,,,
exhaustive_six_of_ten_partition,partition_003_86422e7708a2,,NAUMANN_CAL_T40_SOC50,hierarchical_power_fallback,0.90000000000000002,4,5,,unavailable_finite_sample_full_physical_range,unavailable,insufficient_same_route_calibration,,,,,
exhaustive_six_of_ten_partition,partition_003_86422e7708a2,,NAUMANN_CAL_T40_SOC75,hierarchical_power_fallback,0.90000000000000002,4,5,,unavailable_finite_sample_full_physical_range,unavailable,insufficient_same_route_calibration,,,,,
exhaustive_six_of_ten_partition,partition_003_86422e7708a2,,NAUMANN_CAL_T40_SOC87.5,hierarchical_power_fallback,0.90000000000000002,4,5,,unavailable_finite_sample_full_physical_range,unavailable,insufficient_same_route_calibration,,,,,
exhaustive_six_of_ten_partition,partition_003_86422e7708a2,,NAUMANN_CAL_T40_SOC37.5,hierarchical_power_fallback,0.94999999999999996,4,5,,unavailable_finite_sample_full_physical_range,unavailable,insufficient_same_route_calibration,,,,,
exhaustive_six_of_ten_partition,partition_003_86422e7708a2,,NAUMANN_CAL_T40_SOC50,hierarchical_power_fallback,0.94999999999999996,4,5,,unavailable_finite_sample_full_physical_range,unavailable,insufficient_same_route_calibration,,,,,
exhaustive_six_of_ten_partition,partition_003_86422e7708a2,,NAUMANN_CAL_T40_SOC75,hierarchical_power_fallback,0.94999999999999996,4,5,,unavailable_finite_sample_full_physical_range,unavailable,insufficient_same_route_calibration,,,,,
exhaustive_six_of_ten_partition,partition_003_86422e7708a2,,NAUMANN_CAL_T40_SOC87.5,hierarchical_power_fallback,0.94999999999999996,4,5,,unavailable_finite_sample_full_physical_range,unavailable,insufficient_same_route_calibration,,,,,
exhaustive_six_of_ten_partition,partition_004_90e87da518e7,,NAUMANN_CAL_T40_SOC37.5,hierarchical_power_fallback,0.80000000000000004,4,4,1.4840726147248924,finite_order_statistic,available,none,True,1,1.3232215349007652,2.3546522269085131,1.3232215349007652
exhaustive_six_of_ten_partition,partition_004_90e87da518e7,,NAUMANN_CAL_T40_SOC50,hierarchical_power_fallback,0.80000000000000004,4,4,1.4840726147248924,finite_order_statistic,available,none,False,0.20000000000000001,1.5575563227100178,2.916871079971969,2.9959070847109435
exhaustive_six_of_ten_partition,partition_004_90e87da518e7,,NAUMANN_CAL_T40_SOC62.5,hierarchical_power_fallback,0.80000000000000004,4,4,1.4840726147248924,finite_order_statistic,available,none,True,1,1.2120462989491545,2.0936016073250414,1.2120462989491545
exhaustive_six_of_ten_partition,partition_004_90e87da518e7,,NAUMANN_CAL_T40_SOC87.5,hierarchical_power_fallback,0.80000000000000004,4,4,1.4840726147248924,finite_order_statistic,available,none,True,1,0.92037746956454047,1.4317147353037001,0.92037746956454047
exhaustive_six_of_ten_partition,partition_004_90e87da518e7,,NAUMANN_CAL_T40_SOC37.5,hierarchical_power_fallback,0.90000000000000002,4,5,,unavailable_finite_sample_full_physical_range,unavailable,insufficient_same_route_calibration,,,,,
exhaustive_six_of_ten_partition,partition_004_90e87da518e7,,NAUMANN_CAL_T40_SOC50,hierarchical_power_fallback,0.90000000000000002,4,5,,unavailable_finite_sample_full_physical_range,unavailable,insufficient_same_route_calibration,,,,,
exhaustive_six_of_ten_partition,partition_004_90e87da518e7,,NAUMANN_CAL_T40_SOC62.5,hierarchical_power_fallback,0.90000000000000002,4,5,,unavailable_finite_sample_full_physical_range,unavailable,insufficient_same_route_calibration,,,,,
exhaustive_six_of_ten_partition,partition_004_90e87da518e7,,NAUMANN_CAL_T40_SOC87.5,hierarchical_power_fallback,0.90000000000000002,4,5,,unavailable_finite_sample_full_physical_range,unavailable,insufficient_same_route_calibration,,,,,
exhaustive_six_of_ten_partition,partition_004_90e87da518e7,,NAUMANN_CAL_T40_SOC37.5,hierarchical_power_fallback,0.94999999999999996,4,5,,unavailable_finite_sample_full_physical_range,unavailable,insufficient_same_route_calibration,,,,,
exhaustive_six_of_ten_partition,partition_004_90e87da518e7,,NAUMANN_CAL_T40_SOC50,hierarchical_power_fallback,0.94999999999999996,4,5,,unavailable_finite_sample_full_physical_range,unavailable,insufficient_same_route_calibration,,,,,
exhaustive_six_of_ten_partition,partition_004_90e87da518e7,,NAUMANN_CAL_T40_SOC62.5,hierarchical_power_fallback,0.94999999999999996,4,5,,unavailable_finite_sample_full_physical_range,unavailable,insufficient_same_route_calibration,,,,,
exhaustive_six_of_ten_partition,partition_004_90e87da518e7,,NAUMANN_CAL_T40_SOC87.5,hierarchical_power_fallback,0.94999999999999996,4,5,,unavailable_finite_sample_full_physical_range,unavailable,insufficient_same_route_calibration,,,,,
exhaustive_six_of_ten_partition,partition_005_3966cb0fda6e,,NAUMANN_CAL_T40_SOC37.5,hierarchical_power_fallback,0.80000000000000004,4,4,1.4840726147248924,finite_order_statistic,available,none,True,1,1.3232215349007652,2.3546522269085131,1.3232215349007652
exhaustive_six_of_ten_partition,partition_005_3966cb0fda6e,,NAUMANN_CAL_T40_SOC50,hierarchical_power_fallback,0.80000000000000004,4,4,1.4840726147248924,finite_order_statistic,available,none,False,0.20000000000000001,1.5575563227100178,2.916871079971969,2.9959070847109435
exhaustive_six_of_ten_partition,partition_005_3966cb0fda6e,,NAUMANN_CAL_T40_SOC62.5,hierarchical_power_fallback,0.80000000000000004,4,4,1.4840726147248924,finite_order_statistic,available,none,True,1,1.2120462989491545,2.0936016073250414,1.2120462989491545
exhaustive_six_of_ten_partition,partition_005_3966cb0fda6e,,NAUMANN_CAL_T40_SOC75,hierarchical_power_fallback,0.80000000000000004,4,4,1.4840726147248924,finite_order_statistic,available,none,True,1,0.93844410988485494,1.4718780700610523,0.93844410988485494
exhaustive_six_of_ten_partition,partition_005_3966cb0fda6e,,NAUMANN_CAL_T40_SOC37.5,hierarchical_power_fallback,0.90000000000000002,4,5,,unavailable_finite_sample_full_physical_range,unavailable,insufficient_same_route_calibration,,,,,
exhaustive_six_of_ten_partition,partition_005_3966cb0fda6e,,NAUMANN_CAL_T40_SOC50,hierarchical_power_fallback,0.90000000000000002,4,5,,unavailable_finite_sample_full_physical_range,unavailable,insufficient_same_route_calibration,,,,,
exhaustive_six_of_ten_partition,partition_005_3966cb0fda6e,,NAUMANN_CAL_T40_SOC62.5,hierarchical_power_fallback,0.90000000000000002,4,5,,unavailable_finite_sample_full_physical_range,unavailable,insufficient_same_route_calibration,,,,,
exhaustive_six_of_ten_partition,partition_005_3966cb0fda6e,,NAUMANN_CAL_T40_SOC75,hierarchical_power_fallback,0.90000000000000002,4,5,,unavailable_finite_sample_full_physical_range,unavailable,insufficient_same_route_calibration,,,,,
exhaustive_six_of_ten_partition,partition_005_3966cb0fda6e,,NAUMANN_CAL_T40_SOC37.5,hierarchical_power_fallback,0.94999999999999996,4,5,,unavailable_finite_sample_full_physical_range,unavailable,insufficient_same_route_calibration,,,,,
exhaustive_six_of_ten_partition,partition_005_3966cb0fda6e,,NAUMANN_CAL_T40_SOC50,hierarchical_power_fallback,0.94999999999999996,4,5,,unavailable_finite_sample_full_physical_range,unavailable,insufficient_same_route_calibration,,,,,
exhaustive_six_of_ten_partition,partition_005_3966cb0fda6e,,NAUMANN_CAL_T40_SOC62.5,hierarchical_power_fallback,0.94999999999999996,4,5,,unavailable_finite_sample_full_physical_range,unavailable,insufficient_same_route_calibration,,,,,
exhaustive_six_of_ten_partition,partition_005_3966cb0fda6e,,NAUMANN_CAL_T40_SOC75,hierarchical_power_fallback,0.94999999999999996,4,5,,unavailable_finite_sample_full_physical_range,unavailable,insufficient_same_route_calibration,,,,,
exhaustive_six_of_ten_partition,partition_006_55c15434efa9,,NAUMANN_CAL_T40_SOC25,hierarchical_power_fallback,0.80000000000000004,4,4,2.1698424743004083,finite_order_statistic,available,none,True,1,2.2106892511167611,4.1087384001945395,2.2106892511167611
exhaustive_six_of_ten_partition,partition_006_55c15434efa9,,NAUMANN_CAL_T40_SOC62.5,hierarchical_power_fallback,0.80000000000000004,4,4,2.1698424743004083,finite_order_statistic,available,none,True,1,1.7721164814876715,3.0610265608058569,1.7721164814876715
exhaustive_six_of_ten_partition,partition_006_55c15434efa9,,NAUMANN_CAL_T40_SOC75,hierarchical_power_fallback,0.80000000000000004,4,4,2.1698424743004083,finite_order_statistic,available,none,True,1,1.3720864256784864,2.1520129956726066,1.3720864256784864
exhaustive_six_of_ten_partition,partition_006_55c15434efa9,,NAUMANN_CAL_T40_SOC87.5,hierarchical_power_fallback,0.80000000000000004,4,4,2.1698424743004083,finite_order_statistic,available,none,True,1,1.3456714355048427,2.0932907277718584,1.3456714355048427
exhaustive_six_of_ten_partition,partition_006_55c15434efa9,,NAUMANN_CAL_T40_SOC25,hierarchical_power_fallback,0.90000000000000002,4,5,,unavailable_finite_sample_full_physical_range,unavailable,insufficient_same_route_calibration,,,,,
exhaustive_six_of_ten_partition,partition_006_55c15434efa9,,NAUMANN_CAL_T40_SOC62.5,hierarchical_power_fallback,0.90000000000000002,4,5,,unavailable_finite_sample_full_physical_range,unavailable,insufficient_same_route_calibration,,,,,
exhaustive_six_of_ten_partition,partition_006_55c15434efa9,,NAUMANN_CAL_T40_SOC75,hierarchical_power_fallback,0.90000000000000002,4,5,,unavailable_finite_sample_full_physical_range,unavailable,insufficient_same_route_calibration,,,,,
exhaustive_six_of_ten_partition,partition_006_55c15434efa9,,NAUMANN_CAL_T40_SOC87.5,hierarchical_power_fallback,0.90000000000000002,4,5,,unavailable_finite_sample_full_physical_range,unavailable,insufficient_same_route_calibration,,,,,
exhaustive_six_of_ten_partition,partition_006_55c15434efa9,,NAUMANN_CAL_T40_SOC25,hierarchical_power_fallback,0.94999999999999996,4,5,,unavailable_finite_sample_full_physical_range,unavailable,insufficient_same_route_calibration,,,,,
exhaustive_six_of_ten_partition,partition_006_55c15434efa9,,NAUMANN_CAL_T40_SOC62.5,hierarchical_power_fallback,0.94999999999999996,4,5,,unavailable_finite_sample_full_physical_range,unavailable,insufficient_same_route_calibration,,,,,
exhaustive_six_of_ten_partition,partition_006_55c15434efa9,,NAUMANN_CAL_T40_SOC75,hierarchical_power_fallback,0.94999999999999996,4,5,,unavailable_finite_sample_full_physical_range,unavailable,insufficient_same_route_calibration,,,,,
exhaustive_six_of_ten_partition,partition_006_55c15434efa9,,NAUMANN_CAL_T40_SOC87.5,hierarchical_power_fallback,0.94999999999999996,4,5,,unavailable_finite_sample_full_physical_range,unavailable,insufficient_same_route_calibration,,,,,
exhaustive_six_of_ten_partition,partition_007_f04d3ecb869f,,NAUMANN_CAL_T40_SOC25,hierarchical_power_fallback,0.80000000000000004,4,4,1.4840726147248924,finite_order_statistic,available,none,True,1,1.5120099344109541,2.8101883952489572,1.5120099344109541
exhaustive_six_of_ten_partition,partition_007_f04d3ecb869f,,NAUMANN_CAL_T40_SOC50,hierarchical_power_fallback,0.80000000000000004,4,4,1.4840726147248924,finite_order_statistic,available,none,False,0.20000000000000001,1.5575563227100178,2.916871079971969,2.9959070847109435
exhaustive_six_of_ten_partition,partition_007_f04d3ecb869f,,NAUMANN_CAL_T40_SOC75,hierarchical_power_fallback,0.80000000000000004,4,4,1.4840726147248924,finite_order_statistic,available,none,True,1,0.93844410988485494,1.4718780700610523,0.93844410988485494
exhaustive_six_of_ten_partition,partition_007_f04d3ecb869f,,NAUMANN_CAL_T40_SOC87.5,hierarchical_power_fallback,0.80000000000000004,4,4,1.4840726147248924,finite_order_statistic,available,none,True,1,0.92037746956454047,1.4317147353037001,0.92037746956454047
exhaustive_six_of_ten_partition,partition_007_f04d3ecb869f,,NAUMANN_CAL_T40_SOC25,hierarchical_power_fallback,0.90000000000000002,4,5,,unavailable_finite_sample_full_physical_range,unavailable,insufficient_same_route_calibration,,,,,
exhaustive_six_of_ten_partition,partition_007_f04d3ecb869f,,NAUMANN_CAL_T40_SOC50,hierarchical_power_fallback,0.90000000000000002,4,5,,unavailable_finite_sample_full_physical_range,unavailable,insufficient_same_route_calibration,,,,,
exhaustive_six_of_ten_partition,partition_007_f04d3ecb869f,,NAUMANN_CAL_T40_SOC75,hierarchical_power_fallback,0.90000000000000002,4,5,,unavailable_finite_sample_full_physical_range,unavailable,insufficient_same_route_calibration,,,,,
exhaustive_six_of_ten_partition,partition_007_f04d3ecb869f,,NAUMANN_CAL_T40_SOC87.5,hierarchical_power_fallback,0.90000000000000002,4,5,,unavailable_finite_sample_full_physical_range,unavailable,insufficient_same_route_calibration,,,,,
exhaustive_six_of_ten_partition,partition_007_f04d3ecb869f,,NAUMANN_CAL_T40_SOC25,hierarchical_power_fallback,0.94999999999999996,4,5,,unavailable_finite_sample_full_physical_range,unavailable,insufficient_same_route_calibration,,,,,
exhaustive_six_of_ten_partition,partition_007_f04d3ecb869f,,NAUMANN_CAL_T40_SOC50,hierarchical_power_fallback,0.94999999999999996,4,5,,unavailable_finite_sample_full_physical_range,unavailable,insufficient_same_route_calibration,,,,,
exhaustive_six_of_ten_partition,partition_007_f04d3ecb869f,,NAUMANN_CAL_T40_SOC75,hierarchical_power_fallback,0.94999999999999996,4,5,,unavailable_finite_sample_full_physical_range,unavailable,insufficient_same_route_calibration,,,,,
exhaustive_six_of_ten_partition,partition_007_f04d3ecb869f,,NAUMANN_CAL_T40_SOC87.5,hierarchical_power_fallback,0.94999999999999996,4,5,,unavailable_finite_sample_full_physical_range,unavailable,insufficient_same_route_calibration,,,,,
exhaustive_six_of_ten_partition,partition_008_febb0a7e3c3d,,NAUMANN_CAL_T40_SOC25,hierarchical_power_fallback,0.80000000000000004,4,4,1.4840726147248924,finite_order_statistic,available,none,True,1,1.5120099344109541,2.8101883952489572,1.5120099344109541
exhaustive_six_of_ten_partition,partition_008_febb0a7e3c3d,,NAUMANN_CAL_T40_SOC50,hierarchical_power_fallback,0.80000000000000004,4,4,1.4840726147248924,finite_order_statistic,available,none,False,0.20000000000000001,1.5575563227100178,2.916871079971969,2.9959070847109435
exhaustive_six_of_ten_partition,partition_008_febb0a7e3c3d,,NAUMANN_CAL_T40_SOC62.5,hierarchical_power_fallback,0.80000000000000004,4,4,1.4840726147248924,finite_order_statistic,available,none,True,1,1.2120462989491545,2.0936016073250414,1.2120462989491545
exhaustive_six_of_ten_partition,partition_008_febb0a7e3c3d,,NAUMANN_CAL_T40_SOC87.5,hierarchical_power_fallback,0.80000000000000004,4,4,1.4840726147248924,finite_order_statistic,available,none,True,1,0.92037746956454047,1.4317147353037001,0.92037746956454047
exhaustive_six_of_ten_partition,partition_008_febb0a7e3c3d,,NAUMANN_CAL_T40_SOC25,hierarchical_power_fallback,0.90000000000000002,4,5,,unavailable_finite_sample_full_physical_range,unavailable,insufficient_same_route_calibration,,,,,
exhaustive_six_of_ten_partition,partition_008_febb0a7e3c3d,,NAUMANN_CAL_T40_SOC50,hierarchical_power_fallback,0.90000000000000002,4,5,,unavailable_finite_sample_full_physical_range,unavailable,insufficient_same_route_calibration,,,,,
exhaustive_six_of_ten_partition,partition_008_febb0a7e3c3d,,NAUMANN_CAL_T40_SOC62.5,hierarchical_power_fallback,0.90000000000000002,4,5,,unavailable_finite_sample_full_physical_range,unavailable,insufficient_same_route_calibration,,,,,
exhaustive_six_of_ten_partition,partition_008_febb0a7e3c3d,,NAUMANN_CAL_T40_SOC87.5,hierarchical_power_fallback,0.90000000000000002,4,5,,unavailable_finite_sample_full_physical_range,unavailable,insufficient_same_route_calibration,,,,,
exhaustive_six_of_ten_partition,partition_008_febb0a7e3c3d,,NAUMANN_CAL_T40_SOC25,hierarchical_power_fallback,0.94999999999999996,4,5,,unavailable_finite_sample_full_physical_range,unavailable,insufficient_same_route_calibration,,,,,
exhaustive_six_of_ten_partition,partition_008_febb0a7e3c3d,,NAUMANN_CAL_T40_SOC50,hierarchical_power_fallback,0.94999999999999996,4,5,,unavailable_finite_sample_full_physical_range,unavailable,insufficient_same_route_calibration,,,,,
exhaustive_six_of_ten_partition,partition_008_febb0a7e3c3d,,NAUMANN_CAL_T40_SOC62.5,hierarchical_power_fallback,0.94999999999999996,4,5,,unavailable_finite_sample_full_physical_range,unavailable,insufficient_same_route_calibration,,,,,
exhaustive_six_of_ten_partition,partition_008_febb0a7e3c3d,,NAUMANN_CAL_T40_SOC87.5,hierarchical_power_fallback,0.94999999999999996,4,5,,unavailable_finite_sample_full_physical_range,unavailable,insufficient_same_route_calibration,,,,,
exhaustive_six_of_ten_partition,partition_009_c4976fe59509,,NAUMANN_CAL_T40_SOC25,hierarchical_power_fallback,0.80000000000000004,4,4,1.4840726147248924,finite_order_statistic,available,none,True,1,1.5120099344109541,2.8101883952489572,1.5120099344109541
exhaustive_six_of_ten_partition,partition_009_c4976fe59509,,NAUMANN_CAL_T40_SOC50,hierarchical_power_fallback,0.80000000000000004,4,4,1.4840726147248924,finite_order_statistic,available,none,False,0.20000000000000001,1.5575563227100178,2.916871079971969,2.9959070847109435
exhaustive_six_of_ten_partition,partition_009_c4976fe59509,,NAUMANN_CAL_T40_SOC62.5,hierarchical_power_fallback,0.80000000000000004,4,4,1.4840726147248924,finite_order_statistic,available,none,True,1,1.2120462989491545,2.0936016073250414,1.2120462989491545
exhaustive_six_of_ten_partition,partition_009_c4976fe59509,,NAUMANN_CAL_T40_SOC75,hierarchical_power_fallback,0.80000000000000004,4,4,1.4840726147248924,finite_order_statistic,available,none,True,1,0.93844410988485494,1.4718780700610523,0.93844410988485494
exhaustive_six_of_ten_partition,partition_009_c4976fe59509,,NAUMANN_CAL_T40_SOC25,hierarchical_power_fallback,0.90000000000000002,4,5,,unavailable_finite_sample_full_physical_range,unavailable,insufficient_same_route_calibration,,,,,
exhaustive_six_of_ten_partition,partition_009_c4976fe59509,,NAUMANN_CAL_T40_SOC50,hierarchical_power_fallback,0.90000000000000002,4,5,,unavailable_finite_sample_full_physical_range,unavailable,insufficient_same_route_calibration,,,,,
exhaustive_six_of_ten_partition,partition_009_c4976fe59509,,NAUMANN_CAL_T40_SOC62.5,hierarchical_power_fallback,0.90000000000000002,4,5,,unavailable_finite_sample_full_physical_range,unavailable,insufficient_same_route_calibration,,,,,
exhaustive_six_of_ten_partition,partition_009_c4976fe59509,,NAUMANN_CAL_T40_SOC75,hierarchical_power_fallback,0.90000000000000002,4,5,,unavailable_finite_sample_full_physical_range,unavailable,insufficient_same_route_calibration,,,,,
exhaustive_six_of_ten_partition,partition_009_c4976fe59509,,NAUMANN_CAL_T40_SOC25,hierarchical_power_fallback,0.94999999999999996,4,5,,unavailable_finite_sample_full_physical_range,unavailable,insufficient_same_route_calibration,,,,,
exhaustive_six_of_ten_partition,partition_009_c4976fe59509,,NAUMANN_CAL_T40_SOC50,hierarchical_power_fallback,0.94999999999999996,4,5,,unavailable_finite_sample_full_physical_range,unavailable,insufficient_same_route_calibration,,,,,
exhaustive_six_of_ten_partition,partition_009_c4976fe59509,,NAUMANN_CAL_T40_SOC62.5,hierarchical_power_fallback,0.94999999999999996,4,5,,unavailable_finite_sample_full_physical_range,unavailable,insufficient_same_route_calibration,,,,,
exhaustive_six_of_ten_partition,partition_009_c4976fe59509,,NAUMANN_CAL_T40_SOC75,hierarchical_power_fallback,0.94999999999999996,4,5,,unavailable_finite_sample_full_physical_range,unavailable,insufficient_same_route_calibration,,,,,
exhaustive_six_of_ten_partition,partition_010_71057edaa9b6,,NAUMANN_CAL_T40_SOC25,hierarchical_power_fallback,0.80000000000000004,4,4,2.1698424743004083,finite_order_statistic,available,none,True,1,2.2106892511167611,4.1087384001945395,2.2106892511167611
exhaustive_six_of_ten_partition,partition_010_71057edaa9b6,,NAUMANN_CAL_T40_SOC37.5,hierarchical_power_fallback,0.80000000000000004,4,4,2.1698424743004083,finite_order_statistic,available,none,True,1,1.9346642885590211,3.4427051368367643,1.9346642885590211
exhaustive_six_of_ten_partition,partition_010_71057edaa9b6,,NAUMANN_CAL_T40_SOC75,hierarchical_power_fallback,0.80000000000000004,4,4,2.1698424743004083,finite_order_statistic,available,none,True,1,1.3720864256784864,2.1520129956726066,1.3720864256784864
exhaustive_six_of_ten_partition,partition_010_71057edaa9b6,,NAUMANN_CAL_T40_SOC87.5,hierarchical_power_fallback,0.80000000000000004,4,4,2.1698424743004083,finite_order_statistic,available,none,True,1,1.3456714355048427,2.0932907277718584,1.3456714355048427
exhaustive_six_of_ten_partition,partition_010_71057edaa9b6,,NAUMANN_CAL_T40_SOC25,hierarchical_power_fallback,0.90000000000000002,4,5,,unavailable_finite_sample_full_physical_range,unavailable,insufficient_same_route_calibration,,,,,
exhaustive_six_of_ten_partition,partition_010_71057edaa9b6,,NAUMANN_CAL_T40_SOC37.5,hierarchical_power_fallback,0.90000000000000002,4,5,,unavailable_finite_sample_full_physical_range,unavailable,insufficient_same_route_calibration,,,,,
exhaustive_six_of_ten_partition,partition_010_71057edaa9b6,,NAUMANN_CAL_T40_SOC75,hierarchical_power_fallback,0.90000000000000002,4,5,,unavailable_finite_sample_full_physical_range,unavailable,insufficient_same_route_calibration,,,,,
exhaustive_six_of_ten_partition,partition_010_71057edaa9b6,,NAUMANN_CAL_T40_SOC87.5,hierarchical_power_fallback,0.90000000000000002,4,5,,unavailable_finite_sample_full_physical_range,unavailable,insufficient_same_route_calibration,,,,,
exhaustive_six_of_ten_partition,partition_010_71057edaa9b6,,NAUMANN_CAL_T40_SOC25,hierarchical_power_fallback,0.94999999999999996,4,5,,unavailable_finite_sample_full_physical_range,unavailable,insufficient_same_route_calibration,,,,,
exhaustive_six_of_ten_partition,partition_010_71057edaa9b6,,NAUMANN_CAL_T40_SOC37.5,hierarchical_power_fallback,0.94999999999999996,4,5,,unavailable_finite_sample_full_physical_range,unavailable,insufficient_same_route_calibration,,,,,
exhaustive_six_of_ten_partition,partition_010_71057edaa9b6,,NAUMANN_CAL_T40_SOC75,hierarchical_power_fallback,0.94999999999999996,4,5,,unavailable_finite_sample_full_physical_range,unavailable,insufficient_same_route_calibration,,,,,
exhaustive_six_of_ten_partition,partition_010_71057edaa9b6,,NAUMANN_CAL_T40_SOC87.5,hierarchical_power_fallback,0.94999999999999996,4,5,,unavailable_finite_sample_full_physical_range,unavailable,insufficient_same_route_calibration,,,,,
exhaustive_six_of_ten_partition,partition_011_831ca4de2990,,NAUMANN_CAL_T40_SOC25,hierarchical_power_fallback,0.80000000000000004,4,4,2.1698424743004083,finite_order_statistic,available,none,True,1,2.2106892511167611,4.1087384001945395,2.2106892511167611
exhaustive_six_of_ten_partition,partition_011_831ca4de2990,,NAUMANN_CAL_T40_SOC37.5,hierarchical_power_fallback,0.80000000000000004,4,4,2.1698424743004083,finite_order_statistic,available,none,True,1,1.9346642885590211,3.4427051368367643,1.9346642885590211
exhaustive_six_of_ten_partition,partition_011_831ca4de2990,,NAUMANN_CAL_T40_SOC62.5,hierarchical_power_fallback,0.80000000000000004,4,4,2.1698424743004083,finite_order_statistic,available,none,True,1,1.7721164814876715,3.0610265608058569,1.7721164814876715
exhaustive_six_of_ten_partition,partition_011_831ca4de2990,,NAUMANN_CAL_T40_SOC87.5,hierarchical_power_fallback,0.80000000000000004,4,4,2.1698424743004083,finite_order_statistic,available,none,True,1,1.3456714355048427,2.0932907277718584,1.3456714355048427
exhaustive_six_of_ten_partition,partition_011_831ca4de2990,,NAUMANN_CAL_T40_SOC25,hierarchical_power_fallback,0.90000000000000002,4,5,,unavailable_finite_sample_full_physical_range,unavailable,insufficient_same_route_calibration,,,,,
exhaustive_six_of_ten_partition,partition_011_831ca4de2990,,NAUMANN_CAL_T40_SOC37.5,hierarchical_power_fallback,0.90000000000000002,4,5,,unavailable_finite_sample_full_physical_range,unavailable,insufficient_same_route_calibration,,,,,
exhaustive_six_of_ten_partition,partition_011_831ca4de2990,,NAUMANN_CAL_T40_SOC62.5,hierarchical_power_fallback,0.90000000000000002,4,5,,unavailable_finite_sample_full_physical_range,unavailable,insufficient_same_route_calibration,,,,,
exhaustive_six_of_ten_partition,partition_011_831ca4de2990,,NAUMANN_CAL_T40_SOC87.5,hierarchical_power_fallback,0.90000000000000002,4,5,,unavailable_finite_sample_full_physical_range,unavailable,insufficient_same_route_calibration,,,,,
exhaustive_six_of_ten_partition,partition_011_831ca4de2990,,NAUMANN_CAL_T40_SOC25,hierarchical_power_fallback,0.94999999999999996,4,5,,unavailable_finite_sample_full_physical_range,unavailable,insufficient_same_route_calibration,,,,,
exhaustive_six_of_ten_partition,partition_011_831ca4de2990,,NAUMANN_CAL_T40_SOC37.5,hierarchical_power_fallback,0.94999999999999996,4,5,,unavailable_finite_sample_full_physical_range,unavailable,insufficient_same_route_calibration,,,,,
exhaustive_six_of_ten_partition,partition_011_831ca4de2990,,NAUMANN_CAL_T40_SOC62.5,hierarchical_power_fallback,0.94999999999999996,4,5,,unavailable_finite_sample_full_physical_range,unavailable,insufficient_same_route_calibration,,,,,
exhaustive_six_of_ten_partition,partition_011_831ca4de2990,,NAUMANN_CAL_T40_SOC87.5,hierarchical_power_fallback,0.94999999999999996,4,5,,unavailable_finite_sample_full_physical_range,unavailable,insufficient_same_route_calibration,,,,,
exhaustive_six_of_ten_partition,partition_012_586807991cc0,,NAUMANN_CAL_T40_SOC25,hierarchical_power_fallback,0.80000000000000004,4,4,2.1698424743004083,finite_order_statistic,available,none,True,1,2.2106892511167611,4.1087384001945395,2.2106892511167611
exhaustive_six_of_ten_partition,partition_012_586807991cc0,,NAUMANN_CAL_T40_SOC37.5,hierarchical_power_fallback,0.80000000000000004,4,4,2.1698424743004083,finite_order_statistic,available,none,True,1,1.9346642885590211,3.4427051368367643,1.9346642885590211
exhaustive_six_of_ten_partition,partition_012_586807991cc0,,NAUMANN_CAL_T40_SOC62.5,hierarchical_power_fallback,0.80000000000000004,4,4,2.1698424743004083,finite_order_statistic,available,none,True,1,1.7721164814876715,3.0610265608058569,1.7721164814876715
exhaustive_six_of_ten_partition,partition_012_586807991cc0,,NAUMANN_CAL_T40_SOC75,hierarchical_power_fallback,0.80000000000000004,4,4,2.1698424743004083,finite_order_statistic,available,none,True,1,1.3720864256784864,2.1520129956726066,1.3720864256784864
exhaustive_six_of_ten_partition,partition_012_586807991cc0,,NAUMANN_CAL_T40_SOC25,hierarchical_power_fallback,0.90000000000000002,4,5,,unavailable_finite_sample_full_physical_range,unavailable,insufficient_same_route_calibration,,,,,
exhaustive_six_of_ten_partition,partition_012_586807991cc0,,NAUMANN_CAL_T40_SOC37.5,hierarchical_power_fallback,0.90000000000000002,4,5,,unavailable_finite_sample_full_physical_range,unavailable,insufficient_same_route_calibration,,,,,
exhaustive_six_of_ten_partition,partition_012_586807991cc0,,NAUMANN_CAL_T40_SOC62.5,hierarchical_power_fallback,0.90000000000000002,4,5,,unavailable_finite_sample_full_physical_range,unavailable,insufficient_same_route_calibration,,,,,
exhaustive_six_of_ten_partition,partition_012_586807991cc0,,NAUMANN_CAL_T40_SOC75,hierarchical_power_fallback,0.90000000000000002,4,5,,unavailable_finite_sample_full_physical_range,unavailable,insufficient_same_route_calibration,,,,,
exhaustive_six_of_ten_partition,partition_012_586807991cc0,,NAUMANN_CAL_T40_SOC25,hierarchical_power_fallback,0.94999999999999996,4,5,,unavailable_finite_sample_full_physical_range,unavailable,insufficient_same_route_calibration,,,,,
exhaustive_six_of_ten_partition,partition_012_586807991cc0,,NAUMANN_CAL_T40_SOC37.5,hierarchical_power_fallback,0.94999999999999996,4,5,,unavailable_finite_sample_full_physical_range,unavailable,insufficient_same_route_calibration,,,,,
exhaustive_six_of_ten_partition,partition_012_586807991cc0,,NAUMANN_CAL_T40_SOC62.5,hierarchical_power_fallback,0.94999999999999996,4,5,,unavailable_finite_sample_full_physical_range,unavailable,insufficient_same_route_calibration,,,,,
exhaustive_six_of_ten_partition,partition_012_586807991cc0,,NAUMANN_CAL_T40_SOC75,hierarchical_power_fallback,0.94999999999999996,4,5,,unavailable_finite_sample_full_physical_range,unavailable,insufficient_same_route_calibration,,,,,
exhaustive_six_of_ten_partition,partition_013_4639dbdb6095,,NAUMANN_CAL_T40_SOC25,hierarchical_power_fallback,0.80000000000000004,4,4,1.4840726147248924,finite_order_statistic,available,none,True,1,1.5120099344109541,2.8101883952489572,1.5120099344109541
exhaustive_six_of_ten_partition,partition_013_4639dbdb6095,,NAUMANN_CAL_T40_SOC37.5,hierarchical_power_fallback,0.80000000000000004,4,4,1.4840726147248924,finite_order_statistic,available,none,True,1,1.3232215349007652,2.3546522269085131,1.3232215349007652
exhaustive_six_of_ten_partition,partition_013_4639dbdb6095,,NAUMANN_CAL_T40_SOC50,hierarchical_power_fallback,0.80000000000000004,4,4,1.4840726147248924,finite_order_statistic,available,none,False,0.20000000000000001,1.5575563227100178,2.916871079971969,2.9959070847109435
exhaustive_six_of_ten_partition,partition_013_4639dbdb6095,,NAUMANN_CAL_T40_SOC87.5,hierarchical_power_fallback,0.80000000000000004,4,4,1.4840726147248924,finite_order_statistic,available,none,True,1,0.92037746956454047,1.4317147353037001,0.92037746956454047
exhaustive_six_of_ten_partition,partition_013_4639dbdb6095,,NAUMANN_CAL_T40_SOC25,hierarchical_power_fallback,0.90000000000000002,4,5,,unavailable_finite_sample_full_physical_range,unavailable,insufficient_same_route_calibration,,,,,
exhaustive_six_of_ten_partition,partition_013_4639dbdb6095,,NAUMANN_CAL_T40_SOC37.5,hierarchical_power_fallback,0.90000000000000002,4,5,,unavailable_finite_sample_full_physical_range,unavailable,insufficient_same_route_calibration,,,,,
exhaustive_six_of_ten_partition,partition_013_4639dbdb6095,,NAUMANN_CAL_T40_SOC50,hierarchical_power_fallback,0.90000000000000002,4,5,,unavailable_finite_sample_full_physical_range,unavailable,insufficient_same_route_calibration,,,,,
exhaustive_six_of_ten_partition,partition_013_4639dbdb6095,,NAUMANN_CAL_T40_SOC87.5,hierarchical_power_fallback,0.90000000000000002,4,5,,unavailable_finite_sample_full_physical_range,unavailable,insufficient_same_route_calibration,,,,,
exhaustive_six_of_ten_partition,partition_013_4639dbdb6095,,NAUMANN_CAL_T40_SOC25,hierarchical_power_fallback,0.94999999999999996,4,5,,unavailable_finite_sample_full_physical_range,unavailable,insufficient_same_route_calibration,,,,,
exhaustive_six_of_ten_partition,partition_013_4639dbdb6095,,NAUMANN_CAL_T40_SOC37.5,hierarchical_power_fallback,0.94999999999999996,4,5,,unavailable_finite_sample_full_physical_range,unavailable,insufficient_same_route_calibration,,,,,
exhaustive_six_of_ten_partition,partition_013_4639dbdb6095,,NAUMANN_CAL_T40_SOC50,hierarchical_power_fallback,0.94999999999999996,4,5,,unavailable_finite_sample_full_physical_range,unavailable,insufficient_same_route_calibration,,,,,
exhaustive_six_of_ten_partition,partition_013_4639dbdb6095,,NAUMANN_CAL_T40_SOC87.5,hierarchical_power_fallback,0.94999999999999996,4,5,,unavailable_finite_sample_full_physical_range,unavailable,insufficient_same_route_calibration,,,,,
exhaustive_six_of_ten_partition,partition_014_7cce35e462d7,,NAUMANN_CAL_T40_SOC25,hierarchical_power_fallback,0.80000000000000004,4,4,1.4840726147248924,finite_order_statistic,available,none,True,1,1.5120099344109541,2.8101883952489572,1.5120099344109541
exhaustive_six_of_ten_partition,partition_014_7cce35e462d7,,NAUMANN_CAL_T40_SOC37.5,hierarchical_power_fallback,0.80000000000000004,4,4,1.4840726147248924,finite_order_statistic,available,none,True,1,1.3232215349007652,2.3546522269085131,1.3232215349007652
exhaustive_six_of_ten_partition,partition_014_7cce35e462d7,,NAUMANN_CAL_T40_SOC50,hierarchical_power_fallback,0.80000000000000004,4,4,1.4840726147248924,finite_order_statistic,available,none,False,0.20000000000000001,1.5575563227100178,2.916871079971969,2.9959070847109435
exhaustive_six_of_ten_partition,partition_014_7cce35e462d7,,NAUMANN_CAL_T40_SOC75,hierarchical_power_fallback,0.80000000000000004,4,4,1.4840726147248924,finite_order_statistic,available,none,True,1,0.93844410988485494,1.4718780700610523,0.93844410988485494
exhaustive_six_of_ten_partition,partition_014_7cce35e462d7,,NAUMANN_CAL_T40_SOC25,hierarchical_power_fallback,0.90000000000000002,4,5,,unavailable_finite_sample_full_physical_range,unavailable,insufficient_same_route_calibration,,,,,
exhaustive_six_of_ten_partition,partition_014_7cce35e462d7,,NAUMANN_CAL_T40_SOC37.5,hierarchical_power_fallback,0.90000000000000002,4,5,,unavailable_finite_sample_full_physical_range,unavailable,insufficient_same_route_calibration,,,,,
exhaustive_six_of_ten_partition,partition_014_7cce35e462d7,,NAUMANN_CAL_T40_SOC50,hierarchical_power_fallback,0.90000000000000002,4,5,,unavailable_finite_sample_full_physical_range,unavailable,insufficient_same_route_calibration,,,,,
exhaustive_six_of_ten_partition,partition_014_7cce35e462d7,,NAUMANN_CAL_T40_SOC75,hierarchical_power_fallback,0.90000000000000002,4,5,,unavailable_finite_sample_full_physical_range,unavailable,insufficient_same_route_calibration,,,,,
exhaustive_six_of_ten_partition,partition_014_7cce35e462d7,,NAUMANN_CAL_T40_SOC25,hierarchical_power_fallback,0.94999999999999996,4,5,,unavailable_finite_sample_full_physical_range,unavailable,insufficient_same_route_calibration,,,,,
exhaustive_six_of_ten_partition,partition_014_7cce35e462d7,,NAUMANN_CAL_T40_SOC37.5,hierarchical_power_fallback,0.94999999999999996,4,5,,unavailable_finite_sample_full_physical_range,unavailable,insufficient_same_route_calibration,,,,,
exhaustive_six_of_ten_partition,partition_014_7cce35e462d7,,NAUMANN_CAL_T40_SOC50,hierarchical_power_fallback,0.94999999999999996,4,5,,unavailable_finite_sample_full_physical_range,unavailable,insufficient_same_route_calibration,,,,,
exhaustive_six_of_ten_partition,partition_014_7cce35e462d7,,NAUMANN_CAL_T40_SOC75,hierarchical_power_fallback,0.94999999999999996,4,5,,unavailable_finite_sample_full_physical_range,unavailable,insufficient_same_route_calibration,,,,,
exhaustive_six_of_ten_partition,partition_015_d2c74163868e,,NAUMANN_CAL_T40_SOC25,hierarchical_power_fallback,0.80000000000000004,4,4,1.4840726147248924,finite_order_statistic,available,none,True,1,1.5120099344109541,2.8101883952489572,1.5120099344109541
exhaustive_six_of_ten_partition,partition_015_d2c74163868e,,NAUMANN_CAL_T40_SOC37.5,hierarchical_power_fallback,0.80000000000000004,4,4,1.4840726147248924,finite_order_statistic,available,none,True,1,1.3232215349007652,2.3546522269085131,1.3232215349007652
exhaustive_six_of_ten_partition,partition_015_d2c74163868e,,NAUMANN_CAL_T40_SOC50,hierarchical_power_fallback,0.80000000000000004,4,4,1.4840726147248924,finite_order_statistic,available,none,False,0.20000000000000001,1.5575563227100178,2.916871079971969,2.9959070847109435
exhaustive_six_of_ten_partition,partition_015_d2c74163868e,,NAUMANN_CAL_T40_SOC62.5,hierarchical_power_fallback,0.80000000000000004,4,4,1.4840726147248924,finite_order_statistic,available,none,True,1,1.2120462989491545,2.0936016073250414,1.2120462989491545
exhaustive_six_of_ten_partition,partition_015_d2c74163868e,,NAUMANN_CAL_T40_SOC25,hierarchical_power_fallback,0.90000000000000002,4,5,,unavailable_finite_sample_full_physical_range,unavailable,insufficient_same_route_calibration,,,,,
exhaustive_six_of_ten_partition,partition_015_d2c74163868e,,NAUMANN_CAL_T40_SOC37.5,hierarchical_power_fallback,0.90000000000000002,4,5,,unavailable_finite_sample_full_physical_range,unavailable,insufficient_same_route_calibration,,,,,
exhaustive_six_of_ten_partition,partition_015_d2c74163868e,,NAUMANN_CAL_T40_SOC50,hierarchical_power_fallback,0.90000000000000002,4,5,,unavailable_finite_sample_full_physical_range,unavailable,insufficient_same_route_calibration,,,,,
exhaustive_six_of_ten_partition,partition_015_d2c74163868e,,NAUMANN_CAL_T40_SOC62.5,hierarchical_power_fallback,0.90000000000000002,4,5,,unavailable_finite_sample_full_physical_range,unavailable,insufficient_same_route_calibration,,,,,
exhaustive_six_of_ten_partition,partition_015_d2c74163868e,,NAUMANN_CAL_T40_SOC25,hierarchical_power_fallback,0.94999999999999996,4,5,,unavailable_finite_sample_full_physical_range,unavailable,insufficient_same_route_calibration,,,,,
exhaustive_six_of_ten_partition,partition_015_d2c74163868e,,NAUMANN_CAL_T40_SOC37.5,hierarchical_power_fallback,0.94999999999999996,4,5,,unavailable_finite_sample_full_physical_range,unavailable,insufficient_same_route_calibration,,,,,
exhaustive_six_of_ten_partition,partition_015_d2c74163868e,,NAUMANN_CAL_T40_SOC50,hierarchical_power_fallback,0.94999999999999996,4,5,,unavailable_finite_sample_full_physical_range,unavailable,insufficient_same_route_calibration,,,,,
exhaustive_six_of_ten_partition,partition_015_d2c74163868e,,NAUMANN_CAL_T40_SOC62.5,hierarchical_power_fallback,0.94999999999999996,4,5,,unavailable_finite_sample_full_physical_range,unavailable,insufficient_same_route_calibration,,,,,
exhaustive_six_of_ten_partition,partition_016_7bffe2483c11,,NAUMANN_CAL_T40_SOC12.5,hierarchical_activation_residual,0.80000000000000004,1,2,,unavailable_finite_sample_full_physical_range,unavailable,insufficient_same_route_calibration,,,,,
exhaustive_six_of_ten_partition,partition_016_7bffe2483c11,,NAUMANN_CAL_T40_SOC12.5,hierarchical_activation_residual,0.90000000000000002,1,2,,unavailable_finite_sample_full_physical_range,unavailable,insufficient_same_route_calibration,,,,,
exhaustive_six_of_ten_partition,partition_016_7bffe2483c11,,NAUMANN_CAL_T40_SOC12.5,hierarchical_activation_residual,0.94999999999999996,1,2,,unavailable_finite_sample_full_physical_range,unavailable,insufficient_same_route_calibration,,,,,
exhaustive_six_of_ten_partition,partition_016_7bffe2483c11,,NAUMANN_CAL_T40_SOC62.5,hierarchical_power_fallback,0.80000000000000004,5,5,2.1698424743004083,finite_order_statistic,available,none,True,1,1.7721164814876715,3.0610265608058569,1.7721164814876715
exhaustive_six_of_ten_partition,partition_016_7bffe2483c11,,NAUMANN_CAL_T40_SOC75,hierarchical_power_fallback,0.80000000000000004,5,5,2.1698424743004083,finite_order_statistic,available,none,True,1,1.3720864256784864,2.1520129956726066,1.3720864256784864
exhaustive_six_of_ten_partition,partition_016_7bffe2483c11,,NAUMANN_CAL_T40_SOC87.5,hierarchical_power_fallback,0.80000000000000004,5,5,2.1698424743004083,finite_order_statistic,available,none,True,1,1.3456714355048427,2.0932907277718584,1.3456714355048427
exhaustive_six_of_ten_partition,partition_016_7bffe2483c11,,NAUMANN_CAL_T40_SOC62.5,hierarchical_power_fallback,0.90000000000000002,5,6,,unavailable_finite_sample_full_physical_range,unavailable,insufficient_same_route_calibration,,,,,
exhaustive_six_of_ten_partition,partition_016_7bffe2483c11,,NAUMANN_CAL_T40_SOC75,hierarchical_power_fallback,0.90000000000000002,5,6,,unavailable_finite_sample_full_physical_range,unavailable,insufficient_same_route_calibration,,,,,
exhaustive_six_of_ten_partition,partition_016_7bffe2483c11,,NAUMANN_CAL_T40_SOC87.5,hierarchical_power_fallback,0.90000000000000002,5,6,,unavailable_finite_sample_full_physical_range,unavailable,insufficient_same_route_calibration,,,,,
exhaustive_six_of_ten_partition,partition_016_7bffe2483c11,,NAUMANN_CAL_T40_SOC62.5,hierarchical_power_fallback,0.94999999999999996,5,6,,unavailable_finite_sample_full_physical_range,unavailable,insufficient_same_route_calibration,,,,,
exhaustive_six_of_ten_partition,partition_016_7bffe2483c11,,NAUMANN_CAL_T40_SOC75,hierarchical_power_fallback,0.94999999999999996,5,6,,unavailable_finite_sample_full_physical_range,unavailable,insufficient_same_route_calibration,,,,,
exhaustive_six_of_ten_partition,partition_016_7bffe2483c11,,NAUMANN_CAL_T40_SOC87.5,hierarchical_power_fallback,0.94999999999999996,5,6,,unavailable_finite_sample_full_physical_range,unavailable,insufficient_same_route_calibration,,,,,
exhaustive_six_of_ten_partition,partition_017_a119cfedda52,,NAUMANN_CAL_T40_SOC12.5,hierarchical_activation_residual,0.80000000000000004,1,2,,unavailable_finite_sample_full_physical_range,unavailable,insufficient_same_route_calibration,,,,,
exhaustive_six_of_ten_partition,partition_017_a119cfedda52,,NAUMANN_CAL_T40_SOC12.5,hierarchical_activation_residual,0.90000000000000002,1,2,,unavailable_finite_sample_full_physical_range,unavailable,insufficient_same_route_calibration,,,,,
exhaustive_six_of_ten_partition,partition_017_a119cfedda52,,NAUMANN_CAL_T40_SOC12.5,hierarchical_activation_residual,0.94999999999999996,1,2,,unavailable_finite_sample_full_physical_range,unavailable,insufficient_same_route_calibration,,,,,
exhaustive_six_of_ten_partition,partition_017_a119cfedda52,,NAUMANN_CAL_T40_SOC50,hierarchical_power_fallback,0.80000000000000004,5,5,1.4840726147248924,finite_order_statistic,available,none,False,0.20000000000000001,1.5575563227100178,2.916871079971969,2.9959070847109435
exhaustive_six_of_ten_partition,partition_017_a119cfedda52,,NAUMANN_CAL_T40_SOC75,hierarchical_power_fallback,0.80000000000000004,5,5,1.4840726147248924,finite_order_statistic,available,none,True,1,0.93844410988485494,1.4718780700610523,0.93844410988485494
exhaustive_six_of_ten_partition,partition_017_a119cfedda52,,NAUMANN_CAL_T40_SOC87.5,hierarchical_power_fallback,0.80000000000000004,5,5,1.4840726147248924,finite_order_statistic,available,none,True,1,0.92037746956454047,1.4317147353037001,0.92037746956454047
exhaustive_six_of_ten_partition,partition_017_a119cfedda52,,NAUMANN_CAL_T40_SOC50,hierarchical_power_fallback,0.90000000000000002,5,6,,unavailable_finite_sample_full_physical_range,unavailable,insufficient_same_route_calibration,,,,,
exhaustive_six_of_ten_partition,partition_017_a119cfedda52,,NAUMANN_CAL_T40_SOC75,hierarchical_power_fallback,0.90000000000000002,5,6,,unavailable_finite_sample_full_physical_range,unavailable,insufficient_same_route_calibration,,,,,
exhaustive_six_of_ten_partition,partition_017_a119cfedda52,,NAUMANN_CAL_T40_SOC87.5,hierarchical_power_fallback,0.90000000000000002,5,6,,unavailable_finite_sample_full_physical_range,unavailable,insufficient_same_route_calibration,,,,,
exhaustive_six_of_ten_partition,partition_017_a119cfedda52,,NAUMANN_CAL_T40_SOC50,hierarchical_power_fallback,0.94999999999999996,5,6,,unavailable_finite_sample_full_physical_range,unavailable,insufficient_same_route_calibration,,,,,
exhaustive_six_of_ten_partition,partition_017_a119cfedda52,,NAUMANN_CAL_T40_SOC75,hierarchical_power_fallback,0.94999999999999996,5,6,,unavailable_finite_sample_full_physical_range,unavailable,insufficient_same_route_calibration,,,,,
exhaustive_six_of_ten_partition,partition_017_a119cfedda52,,NAUMANN_CAL_T40_SOC87.5,hierarchical_power_fallback,0.94999999999999996,5,6,,unavailable_finite_sample_full_physical_range,unavailable,insufficient_same_route_calibration,,,,,
exhaustive_six_of_ten_partition,partition_018_4564a231687a,,NAUMANN_CAL_T40_SOC12.5,hierarchical_activation_residual,0.80000000000000004,1,2,,unavailable_finite_sample_full_physical_range,unavailable,insufficient_same_route_calibration,,,,,
exhaustive_six_of_ten_partition,partition_018_4564a231687a,,NAUMANN_CAL_T40_SOC12.5,hierarchical_activation_residual,0.90000000000000002,1,2,,unavailable_finite_sample_full_physical_range,unavailable,insufficient_same_route_calibration,,,,,
exhaustive_six_of_ten_partition,partition_018_4564a231687a,,NAUMANN_CAL_T40_SOC12.5,hierarchical_activation_residual,0.94999999999999996,1,2,,unavailable_finite_sample_full_physical_range,unavailable,insufficient_same_route_calibration,,,,,
exhaustive_six_of_ten_partition,partition_018_4564a231687a,,NAUMANN_CAL_T40_SOC50,hierarchical_power_fallback,0.80000000000000004,5,5,1.4840726147248924,finite_order_statistic,available,none,False,0.20000000000000001,1.5575563227100178,2.916871079971969,2.9959070847109435
exhaustive_six_of_ten_partition,partition_018_4564a231687a,,NAUMANN_CAL_T40_SOC62.5,hierarchical_power_fallback,0.80000000000000004,5,5,1.4840726147248924,finite_order_statistic,available,none,True,1,1.2120462989491545,2.0936016073250414,1.2120462989491545
exhaustive_six_of_ten_partition,partition_018_4564a231687a,,NAUMANN_CAL_T40_SOC87.5,hierarchical_power_fallback,0.80000000000000004,5,5,1.4840726147248924,finite_order_statistic,available,none,True,1,0.92037746956454047,1.4317147353037001,0.92037746956454047
exhaustive_six_of_ten_partition,partition_018_4564a231687a,,NAUMANN_CAL_T40_SOC50,hierarchical_power_fallback,0.90000000000000002,5,6,,unavailable_finite_sample_full_physical_range,unavailable,insufficient_same_route_calibration,,,,,
exhaustive_six_of_ten_partition,partition_018_4564a231687a,,NAUMANN_CAL_T40_SOC62.5,hierarchical_power_fallback,0.90000000000000002,5,6,,unavailable_finite_sample_full_physical_range,unavailable,insufficient_same_route_calibration,,,,,
exhaustive_six_of_ten_partition,partition_018_4564a231687a,,NAUMANN_CAL_T40_SOC87.5,hierarchical_power_fallback,0.90000000000000002,5,6,,unavailable_finite_sample_full_physical_range,unavailable,insufficient_same_route_calibration,,,,,
exhaustive_six_of_ten_partition,partition_018_4564a231687a,,NAUMANN_CAL_T40_SOC50,hierarchical_power_fallback,0.94999999999999996,5,6,,unavailable_finite_sample_full_physical_range,unavailable,insufficient_same_route_calibration,,,,,
exhaustive_six_of_ten_partition,partition_018_4564a231687a,,NAUMANN_CAL_T40_SOC62.5,hierarchical_power_fallback,0.94999999999999996,5,6,,unavailable_finite_sample_full_physical_range,unavailable,insufficient_same_route_calibration,,,,,
exhaustive_six_of_ten_partition,partition_018_4564a231687a,,NAUMANN_CAL_T40_SOC87.5,hierarchical_power_fallback,0.94999999999999996,5,6,,unavailable_finite_sample_full_physical_range,unavailable,insufficient_same_route_calibration,,,,,
exhaustive_six_of_ten_partition,partition_019_4ea030d21839,,NAUMANN_CAL_T40_SOC12.5,hierarchical_activation_residual,0.80000000000000004,1,2,,unavailable_finite_sample_full_physical_range,unavailable,insufficient_same_route_calibration,,,,,
exhaustive_six_of_ten_partition,partition_019_4ea030d21839,,NAUMANN_CAL_T40_SOC12.5,hierarchical_activation_residual,0.90000000000000002,1,2,,unavailable_finite_sample_full_physical_range,unavailable,insufficient_same_route_calibration,,,,,
exhaustive_six_of_ten_partition,partition_019_4ea030d21839,,NAUMANN_CAL_T40_SOC12.5,hierarchical_activation_residual,0.94999999999999996,1,2,,unavailable_finite_sample_full_physical_range,unavailable,insufficient_same_route_calibration,,,,,
exhaustive_six_of_ten_partition,partition_019_4ea030d21839,,NAUMANN_CAL_T40_SOC50,hierarchical_power_fallback,0.80000000000000004,5,5,1.4840726147248924,finite_order_statistic,available,none,False,0.20000000000000001,1.5575563227100178,2.916871079971969,2.9959070847109435
exhaustive_six_of_ten_partition,partition_019_4ea030d21839,,NAUMANN_CAL_T40_SOC62.5,hierarchical_power_fallback,0.80000000000000004,5,5,1.4840726147248924,finite_order_statistic,available,none,True,1,1.2120462989491545,2.0936016073250414,1.2120462989491545
exhaustive_six_of_ten_partition,partition_019_4ea030d21839,,NAUMANN_CAL_T40_SOC75,hierarchical_power_fallback,0.80000000000000004,5,5,1.4840726147248924,finite_order_statistic,available,none,True,1,0.93844410988485494,1.4718780700610523,0.93844410988485494
exhaustive_six_of_ten_partition,partition_019_4ea030d21839,,NAUMANN_CAL_T40_SOC50,hierarchical_power_fallback,0.90000000000000002,5,6,,unavailable_finite_sample_full_physical_range,unavailable,insufficient_same_route_calibration,,,,,
exhaustive_six_of_ten_partition,partition_019_4ea030d21839,,NAUMANN_CAL_T40_SOC62.5,hierarchical_power_fallback,0.90000000000000002,5,6,,unavailable_finite_sample_full_physical_range,unavailable,insufficient_same_route_calibration,,,,,
exhaustive_six_of_ten_partition,partition_019_4ea030d21839,,NAUMANN_CAL_T40_SOC75,hierarchical_power_fallback,0.90000000000000002,5,6,,unavailable_finite_sample_full_physical_range,unavailable,insufficient_same_route_calibration,,,,,
exhaustive_six_of_ten_partition,partition_019_4ea030d21839,,NAUMANN_CAL_T40_SOC50,hierarchical_power_fallback,0.94999999999999996,5,6,,unavailable_finite_sample_full_physical_range,unavailable,insufficient_same_route_calibration,,,,,
exhaustive_six_of_ten_partition,partition_019_4ea030d21839,,NAUMANN_CAL_T40_SOC62.5,hierarchical_power_fallback,0.94999999999999996,5,6,,unavailable_finite_sample_full_physical_range,unavailable,insufficient_same_route_calibration,,,,,
exhaustive_six_of_ten_partition,partition_019_4ea030d21839,,NAUMANN_CAL_T40_SOC75,hierarchical_power_fallback,0.94999999999999996,5,6,,unavailable_finite_sample_full_physical_range,unavailable,insufficient_same_route_calibration,,,,,
exhaustive_six_of_ten_partition,partition_020_93c63bd6fce0,,NAUMANN_CAL_T40_SOC12.5,hierarchical_activation_residual,0.80000000000000004,1,2,,unavailable_finite_sample_full_physical_range,unavailable,insufficient_same_route_calibration,,,,,
exhaustive_six_of_ten_partition,partition_020_93c63bd6fce0,,NAUMANN_CAL_T40_SOC12.5,hierarchical_activation_residual,0.90000000000000002,1,2,,unavailable_finite_sample_full_physical_range,unavailable,insufficient_same_route_calibration,,,,,
exhaustive_six_of_ten_partition,partition_020_93c63bd6fce0,,NAUMANN_CAL_T40_SOC12.5,hierarchical_activation_residual,0.94999999999999996,1,2,,unavailable_finite_sample_full_physical_range,unavailable,insufficient_same_route_calibration,,,,,
exhaustive_six_of_ten_partition,partition_020_93c63bd6fce0,,NAUMANN_CAL_T40_SOC37.5,hierarchical_power_fallback,0.80000000000000004,5,5,2.1698424743004083,finite_order_statistic,available,none,True,1,1.9346642885590211,3.4427051368367643,1.9346642885590211
exhaustive_six_of_ten_partition,partition_020_93c63bd6fce0,,NAUMANN_CAL_T40_SOC75,hierarchical_power_fallback,0.80000000000000004,5,5,2.1698424743004083,finite_order_statistic,available,none,True,1,1.3720864256784864,2.1520129956726066,1.3720864256784864
exhaustive_six_of_ten_partition,partition_020_93c63bd6fce0,,NAUMANN_CAL_T40_SOC87.5,hierarchical_power_fallback,0.80000000000000004,5,5,2.1698424743004083,finite_order_statistic,available,none,True,1,1.3456714355048427,2.0932907277718584,1.3456714355048427
exhaustive_six_of_ten_partition,partition_020_93c63bd6fce0,,NAUMANN_CAL_T40_SOC37.5,hierarchical_power_fallback,0.90000000000000002,5,6,,unavailable_finite_sample_full_physical_range,unavailable,insufficient_same_route_calibration,,,,,
exhaustive_six_of_ten_partition,partition_020_93c63bd6fce0,,NAUMANN_CAL_T40_SOC75,hierarchical_power_fallback,0.90000000000000002,5,6,,unavailable_finite_sample_full_physical_range,unavailable,insufficient_same_route_calibration,,,,,
exhaustive_six_of_ten_partition,partition_020_93c63bd6fce0,,NAUMANN_CAL_T40_SOC87.5,hierarchical_power_fallback,0.90000000000000002,5,6,,unavailable_finite_sample_full_physical_range,unavailable,insufficient_same_route_calibration,,,,,
exhaustive_six_of_ten_partition,partition_020_93c63bd6fce0,,NAUMANN_CAL_T40_SOC37.5,hierarchical_power_fallback,0.94999999999999996,5,6,,unavailable_finite_sample_full_physical_range,unavailable,insufficient_same_route_calibration,,,,,
exhaustive_six_of_ten_partition,partition_020_93c63bd6fce0,,NAUMANN_CAL_T40_SOC75,hierarchical_power_fallback,0.94999999999999996,5,6,,unavailable_finite_sample_full_physical_range,unavailable,insufficient_same_route_calibration,,,,,
exhaustive_six_of_ten_partition,partition_020_93c63bd6fce0,,NAUMANN_CAL_T40_SOC87.5,hierarchical_power_fallback,0.94999999999999996,5,6,,unavailable_finite_sample_full_physical_range,unavailable,insufficient_same_route_calibration,,,,,
exhaustive_six_of_ten_partition,partition_021_601eb1a9196d,,NAUMANN_CAL_T40_SOC12.5,hierarchical_activation_residual,0.80000000000000004,1,2,,unavailable_finite_sample_full_physical_range,unavailable,insufficient_same_route_calibration,,,,,
exhaustive_six_of_ten_partition,partition_021_601eb1a9196d,,NAUMANN_CAL_T40_SOC12.5,hierarchical_activation_residual,0.90000000000000002,1,2,,unavailable_finite_sample_full_physical_range,unavailable,insufficient_same_route_calibration,,,,,
exhaustive_six_of_ten_partition,partition_021_601eb1a9196d,,NAUMANN_CAL_T40_SOC12.5,hierarchical_activation_residual,0.94999999999999996,1,2,,unavailable_finite_sample_full_physical_range,unavailable,insufficient_same_route_calibration,,,,,
exhaustive_six_of_ten_partition,partition_021_601eb1a9196d,,NAUMANN_CAL_T40_SOC37.5,hierarchical_power_fallback,0.80000000000000004,5,5,2.1698424743004083,finite_order_statistic,available,none,True,1,1.9346642885590211,3.4427051368367643,1.9346642885590211
exhaustive_six_of_ten_partition,partition_021_601eb1a9196d,,NAUMANN_CAL_T40_SOC62.5,hierarchical_power_fallback,0.80000000000000004,5,5,2.1698424743004083,finite_order_statistic,available,none,True,1,1.7721164814876715,3.0610265608058569,1.7721164814876715
exhaustive_six_of_ten_partition,partition_021_601eb1a9196d,,NAUMANN_CAL_T40_SOC87.5,hierarchical_power_fallback,0.80000000000000004,5,5,2.1698424743004083,finite_order_statistic,available,none,True,1,1.3456714355048427,2.0932907277718584,1.3456714355048427
exhaustive_six_of_ten_partition,partition_021_601eb1a9196d,,NAUMANN_CAL_T40_SOC37.5,hierarchical_power_fallback,0.90000000000000002,5,6,,unavailable_finite_sample_full_physical_range,unavailable,insufficient_same_route_calibration,,,,,
exhaustive_six_of_ten_partition,partition_021_601eb1a9196d,,NAUMANN_CAL_T40_SOC62.5,hierarchical_power_fallback,0.90000000000000002,5,6,,unavailable_finite_sample_full_physical_range,unavailable,insufficient_same_route_calibration,,,,,
exhaustive_six_of_ten_partition,partition_021_601eb1a9196d,,NAUMANN_CAL_T40_SOC87.5,hierarchical_power_fallback,0.90000000000000002,5,6,,unavailable_finite_sample_full_physical_range,unavailable,insufficient_same_route_calibration,,,,,
exhaustive_six_of_ten_partition,partition_021_601eb1a9196d,,NAUMANN_CAL_T40_SOC37.5,hierarchical_power_fallback,0.94999999999999996,5,6,,unavailable_finite_sample_full_physical_range,unavailable,insufficient_same_route_calibration,,,,,
exhaustive_six_of_ten_partition,partition_021_601eb1a9196d,,NAUMANN_CAL_T40_SOC62.5,hierarchical_power_fallback,0.94999999999999996,5,6,,unavailable_finite_sample_full_physical_range,unavailable,insufficient_same_route_calibration,,,,,
exhaustive_six_of_ten_partition,partition_021_601eb1a9196d,,NAUMANN_CAL_T40_SOC87.5,hierarchical_power_fallback,0.94999999999999996,5,6,,unavailable_finite_sample_full_physical_range,unavailable,insufficient_same_route_calibration,,,,,
exhaustive_six_of_ten_partition,partition_022_1096b6c99604,,NAUMANN_CAL_T40_SOC12.5,hierarchical_activation_residual,0.80000000000000004,1,2,,unavailable_finite_sample_full_physical_range,unavailable,insufficient_same_route_calibration,,,,,
exhaustive_six_of_ten_partition,partition_022_1096b6c99604,,NAUMANN_CAL_T40_SOC12.5,hierarchical_activation_residual,0.90000000000000002,1,2,,unavailable_finite_sample_full_physical_range,unavailable,insufficient_same_route_calibration,,,,,
exhaustive_six_of_ten_partition,partition_022_1096b6c99604,,NAUMANN_CAL_T40_SOC12.5,hierarchical_activation_residual,0.94999999999999996,1,2,,unavailable_finite_sample_full_physical_range,unavailable,insufficient_same_route_calibration,,,,,
exhaustive_six_of_ten_partition,partition_022_1096b6c99604,,NAUMANN_CAL_T40_SOC37.5,hierarchical_power_fallback,0.80000000000000004,5,5,2.1698424743004083,finite_order_statistic,available,none,True,1,1.9346642885590211,3.4427051368367643,1.9346642885590211
exhaustive_six_of_ten_partition,partition_022_1096b6c99604,,NAUMANN_CAL_T40_SOC62.5,hierarchical_power_fallback,0.80000000000000004,5,5,2.1698424743004083,finite_order_statistic,available,none,True,1,1.7721164814876715,3.0610265608058569,1.7721164814876715
exhaustive_six_of_ten_partition,partition_022_1096b6c99604,,NAUMANN_CAL_T40_SOC75,hierarchical_power_fallback,0.80000000000000004,5,5,2.1698424743004083,finite_order_statistic,available,none,True,1,1.3720864256784864,2.1520129956726066,1.3720864256784864
exhaustive_six_of_ten_partition,partition_022_1096b6c99604,,NAUMANN_CAL_T40_SOC37.5,hierarchical_power_fallback,0.90000000000000002,5,6,,unavailable_finite_sample_full_physical_range,unavailable,insufficient_same_route_calibration,,,,,
exhaustive_six_of_ten_partition,partition_022_1096b6c99604,,NAUMANN_CAL_T40_SOC62.5,hierarchical_power_fallback,0.90000000000000002,5,6,,unavailable_finite_sample_full_physical_range,unavailable,insufficient_same_route_calibration,,,,,
exhaustive_six_of_ten_partition,partition_022_1096b6c99604,,NAUMANN_CAL_T40_SOC75,hierarchical_power_fallback,0.90000000000000002,5,6,,unavailable_finite_sample_full_physical_range,unavailable,insufficient_same_route_calibration,,,,,
exhaustive_six_of_ten_partition,partition_022_1096b6c99604,,NAUMANN_CAL_T40_SOC37.5,hierarchical_power_fallback,0.94999999999999996,5,6,,unavailable_finite_sample_full_physical_range,unavailable,insufficient_same_route_calibration,,,,,
exhaustive_six_of_ten_partition,partition_022_1096b6c99604,,NAUMANN_CAL_T40_SOC62.5,hierarchical_power_fallback,0.94999999999999996,5,6,,unavailable_finite_sample_full_physical_range,unavailable,insufficient_same_route_calibration,,,,,
exhaustive_six_of_ten_partition,partition_022_1096b6c99604,,NAUMANN_CAL_T40_SOC75,hierarchical_power_fallback,0.94999999999999996,5,6,,unavailable_finite_sample_full_physical_range,unavailable,insufficient_same_route_calibration,,,,,
exhaustive_six_of_ten_partition,partition_023_de5d53be9599,,NAUMANN_CAL_T40_SOC12.5,hierarchical_activation_residual,0.80000000000000004,1,2,,unavailable_finite_sample_full_physical_range,unavailable,insufficient_same_route_calibration,,,,,
exhaustive_six_of_ten_partition,partition_023_de5d53be9599,,NAUMANN_CAL_T40_SOC12.5,hierarchical_activation_residual,0.90000000000000002,1,2,,unavailable_finite_sample_full_physical_range,unavailable,insufficient_same_route_calibration,,,,,
exhaustive_six_of_ten_partition,partition_023_de5d53be9599,,NAUMANN_CAL_T40_SOC12.5,hierarchical_activation_residual,0.94999999999999996,1,2,,unavailable_finite_sample_full_physical_range,unavailable,insufficient_same_route_calibration,,,,,
exhaustive_six_of_ten_partition,partition_023_de5d53be9599,,NAUMANN_CAL_T40_SOC37.5,hierarchical_power_fallback,0.80000000000000004,5,5,1.4840726147248924,finite_order_statistic,available,none,True,1,1.3232215349007652,2.3546522269085131,1.3232215349007652
exhaustive_six_of_ten_partition,partition_023_de5d53be9599,,NAUMANN_CAL_T40_SOC50,hierarchical_power_fallback,0.80000000000000004,5,5,1.4840726147248924,finite_order_statistic,available,none,False,0.20000000000000001,1.5575563227100178,2.916871079971969,2.9959070847109435
exhaustive_six_of_ten_partition,partition_023_de5d53be9599,,NAUMANN_CAL_T40_SOC87.5,hierarchical_power_fallback,0.80000000000000004,5,5,1.4840726147248924,finite_order_statistic,available,none,True,1,0.92037746956454047,1.4317147353037001,0.92037746956454047
exhaustive_six_of_ten_partition,partition_023_de5d53be9599,,NAUMANN_CAL_T40_SOC37.5,hierarchical_power_fallback,0.90000000000000002,5,6,,unavailable_finite_sample_full_physical_range,unavailable,insufficient_same_route_calibration,,,,,
exhaustive_six_of_ten_partition,partition_023_de5d53be9599,,NAUMANN_CAL_T40_SOC50,hierarchical_power_fallback,0.90000000000000002,5,6,,unavailable_finite_sample_full_physical_range,unavailable,insufficient_same_route_calibration,,,,,
exhaustive_six_of_ten_partition,partition_023_de5d53be9599,,NAUMANN_CAL_T40_SOC87.5,hierarchical_power_fallback,0.90000000000000002,5,6,,unavailable_finite_sample_full_physical_range,unavailable,insufficient_same_route_calibration,,,,,
exhaustive_six_of_ten_partition,partition_023_de5d53be9599,,NAUMANN_CAL_T40_SOC37.5,hierarchical_power_fallback,0.94999999999999996,5,6,,unavailable_finite_sample_full_physical_range,unavailable,insufficient_same_route_calibration,,,,,
exhaustive_six_of_ten_partition,partition_023_de5d53be9599,,NAUMANN_CAL_T40_SOC50,hierarchical_power_fallback,0.94999999999999996,5,6,,unavailable_finite_sample_full_physical_range,unavailable,insufficient_same_route_calibration,,,,,
exhaustive_six_of_ten_partition,partition_023_de5d53be9599,,NAUMANN_CAL_T40_SOC87.5,hierarchical_power_fallback,0.94999999999999996,5,6,,unavailable_finite_sample_full_physical_range,unavailable,insufficient_same_route_calibration,,,,,
exhaustive_six_of_ten_partition,partition_024_ad76837de245,,NAUMANN_CAL_T40_SOC12.5,hierarchical_activation_residual,0.80000000000000004,1,2,,unavailable_finite_sample_full_physical_range,unavailable,insufficient_same_route_calibration,,,,,
exhaustive_six_of_ten_partition,partition_024_ad76837de245,,NAUMANN_CAL_T40_SOC12.5,hierarchical_activation_residual,0.90000000000000002,1,2,,unavailable_finite_sample_full_physical_range,unavailable,insufficient_same_route_calibration,,,,,
exhaustive_six_of_ten_partition,partition_024_ad76837de245,,NAUMANN_CAL_T40_SOC12.5,hierarchical_activation_residual,0.94999999999999996,1,2,,unavailable_finite_sample_full_physical_range,unavailable,insufficient_same_route_calibration,,,,,
exhaustive_six_of_ten_partition,partition_024_ad76837de245,,NAUMANN_CAL_T40_SOC37.5,hierarchical_power_fallback,0.80000000000000004,5,5,1.4840726147248924,finite_order_statistic,available,none,True,1,1.3232215349007652,2.3546522269085131,1.3232215349007652
exhaustive_six_of_ten_partition,partition_024_ad76837de245,,NAUMANN_CAL_T40_SOC50,hierarchical_power_fallback,0.80000000000000004,5,5,1.4840726147248924,finite_order_statistic,available,none,False,0.20000000000000001,1.5575563227100178,2.916871079971969,2.9959070847109435
exhaustive_six_of_ten_partition,partition_024_ad76837de245,,NAUMANN_CAL_T40_SOC75,hierarchical_power_fallback,0.80000000000000004,5,5,1.4840726147248924,finite_order_statistic,available,none,True,1,0.93844410988485494,1.4718780700610523,0.93844410988485494
exhaustive_six_of_ten_partition,partition_024_ad76837de245,,NAUMANN_CAL_T40_SOC37.5,hierarchical_power_fallback,0.90000000000000002,5,6,,unavailable_finite_sample_full_physical_range,unavailable,insufficient_same_route_calibration,,,,,
exhaustive_six_of_ten_partition,partition_024_ad76837de245,,NAUMANN_CAL_T40_SOC50,hierarchical_power_fallback,0.90000000000000002,5,6,,unavailable_finite_sample_full_physical_range,unavailable,insufficient_same_route_calibration,,,,,
exhaustive_six_of_ten_partition,partition_024_ad76837de245,,NAUMANN_CAL_T40_SOC75,hierarchical_power_fallback,0.90000000000000002,5,6,,unavailable_finite_sample_full_physical_range,unavailable,insufficient_same_route_calibration,,,,,
exhaustive_six_of_ten_partition,partition_024_ad76837de245,,NAUMANN_CAL_T40_SOC37.5,hierarchical_power_fallback,0.94999999999999996,5,6,,unavailable_finite_sample_full_physical_range,unavailable,insufficient_same_route_calibration,,,,,
exhaustive_six_of_ten_partition,partition_024_ad76837de245,,NAUMANN_CAL_T40_SOC50,hierarchical_power_fallback,0.94999999999999996,5,6,,unavailable_finite_sample_full_physical_range,unavailable,insufficient_same_route_calibration,,,,,
exhaustive_six_of_ten_partition,partition_024_ad76837de245,,NAUMANN_CAL_T40_SOC75,hierarchical_power_fallback,0.94999999999999996,5,6,,unavailable_finite_sample_full_physical_range,unavailable,insufficient_same_route_calibration,,,,,
exhaustive_six_of_ten_partition,partition_025_9742a216df44,,NAUMANN_CAL_T40_SOC12.5,hierarchical_activation_residual,0.80000000000000004,1,2,,unavailable_finite_sample_full_physical_range,unavailable,insufficient_same_route_calibration,,,,,
exhaustive_six_of_ten_partition,partition_025_9742a216df44,,NAUMANN_CAL_T40_SOC12.5,hierarchical_activation_residual,0.90000000000000002,1,2,,unavailable_finite_sample_full_physical_range,unavailable,insufficient_same_route_calibration,,,,,
exhaustive_six_of_ten_partition,partition_025_9742a216df44,,NAUMANN_CAL_T40_SOC12.5,hierarchical_activation_residual,0.94999999999999996,1,2,,unavailable_finite_sample_full_physical_range,unavailable,insufficient_same_route_calibration,,,,,
exhaustive_six_of_ten_partition,partition_025_9742a216df44,,NAUMANN_CAL_T40_SOC37.5,hierarchical_power_fallback,0.80000000000000004,5,5,1.4840726147248924,finite_order_statistic,available,none,True,1,1.3232215349007652,2.3546522269085131,1.3232215349007652
exhaustive_six_of_ten_partition,partition_025_9742a216df44,,NAUMANN_CAL_T40_SOC50,hierarchical_power_fallback,0.80000000000000004,5,5,1.4840726147248924,finite_order_statistic,available,none,False,0.20000000000000001,1.5575563227100178,2.916871079971969,2.9959070847109435
exhaustive_six_of_ten_partition,partition_025_9742a216df44,,NAUMANN_CAL_T40_SOC62.5,hierarchical_power_fallback,0.80000000000000004,5,5,1.4840726147248924,finite_order_statistic,available,none,True,1,1.2120462989491545,2.0936016073250414,1.2120462989491545
exhaustive_six_of_ten_partition,partition_025_9742a216df44,,NAUMANN_CAL_T40_SOC37.5,hierarchical_power_fallback,0.90000000000000002,5,6,,unavailable_finite_sample_full_physical_range,unavailable,insufficient_same_route_calibration,,,,,
exhaustive_six_of_ten_partition,partition_025_9742a216df44,,NAUMANN_CAL_T40_SOC50,hierarchical_power_fallback,0.90000000000000002,5,6,,unavailable_finite_sample_full_physical_range,unavailable,insufficient_same_route_calibration,,,,,
exhaustive_six_of_ten_partition,partition_025_9742a216df44,,NAUMANN_CAL_T40_SOC62.5,hierarchical_power_fallback,0.90000000000000002,5,6,,unavailable_finite_sample_full_physical_range,unavailable,insufficient_same_route_calibration,,,,,
exhaustive_six_of_ten_partition,partition_025_9742a216df44,,NAUMANN_CAL_T40_SOC37.5,hierarchical_power_fallback,0.94999999999999996,5,6,,unavailable_finite_sample_full_physical_range,unavailable,insufficient_same_route_calibration,,,,,
exhaustive_six_of_ten_partition,partition_025_9742a216df44,,NAUMANN_CAL_T40_SOC50,hierarchical_power_fallback,0.94999999999999996,5,6,,unavailable_finite_sample_full_physical_range,unavailable,insufficient_same_route_calibration,,,,,
exhaustive_six_of_ten_partition,partition_025_9742a216df44,,NAUMANN_CAL_T40_SOC62.5,hierarchical_power_fallback,0.94999999999999996,5,6,,unavailable_finite_sample_full_physical_range,unavailable,insufficient_same_route_calibration,,,,,
exhaustive_six_of_ten_partition,partition_026_340bb40f9e5a,,NAUMANN_CAL_T40_SOC12.5,hierarchical_activation_residual,0.80000000000000004,1,2,,unavailable_finite_sample_full_physical_range,unavailable,insufficient_same_route_calibration,,,,,
exhaustive_six_of_ten_partition,partition_026_340bb40f9e5a,,NAUMANN_CAL_T40_SOC12.5,hierarchical_activation_residual,0.90000000000000002,1,2,,unavailable_finite_sample_full_physical_range,unavailable,insufficient_same_route_calibration,,,,,
exhaustive_six_of_ten_partition,partition_026_340bb40f9e5a,,NAUMANN_CAL_T40_SOC12.5,hierarchical_activation_residual,0.94999999999999996,1,2,,unavailable_finite_sample_full_physical_range,unavailable,insufficient_same_route_calibration,,,,,
exhaustive_six_of_ten_partition,partition_026_340bb40f9e5a,,NAUMANN_CAL_T40_SOC25,hierarchical_power_fallback,0.80000000000000004,5,5,2.1698424743004083,finite_order_statistic,available,none,True,1,2.2106892511167611,4.1087384001945395,2.2106892511167611
exhaustive_six_of_ten_partition,partition_026_340bb40f9e5a,,NAUMANN_CAL_T40_SOC75,hierarchical_power_fallback,0.80000000000000004,5,5,2.1698424743004083,finite_order_statistic,available,none,True,1,1.3720864256784864,2.1520129956726066,1.3720864256784864
exhaustive_six_of_ten_partition,partition_026_340bb40f9e5a,,NAUMANN_CAL_T40_SOC87.5,hierarchical_power_fallback,0.80000000000000004,5,5,2.1698424743004083,finite_order_statistic,available,none,True,1,1.3456714355048427,2.0932907277718584,1.3456714355048427
exhaustive_six_of_ten_partition,partition_026_340bb40f9e5a,,NAUMANN_CAL_T40_SOC25,hierarchical_power_fallback,0.90000000000000002,5,6,,unavailable_finite_sample_full_physical_range,unavailable,insufficient_same_route_calibration,,,,,
exhaustive_six_of_ten_partition,partition_026_340bb40f9e5a,,NAUMANN_CAL_T40_SOC75,hierarchical_power_fallback,0.90000000000000002,5,6,,unavailable_finite_sample_full_physical_range,unavailable,insufficient_same_route_calibration,,,,,
exhaustive_six_of_ten_partition,partition_026_340bb40f9e5a,,NAUMANN_CAL_T40_SOC87.5,hierarchical_power_fallback,0.90000000000000002,5,6,,unavailable_finite_sample_full_physical_range,unavailable,insufficient_same_route_calibration,,,,,
exhaustive_six_of_ten_partition,partition_026_340bb40f9e5a,,NAUMANN_CAL_T40_SOC25,hierarchical_power_fallback,0.94999999999999996,5,6,,unavailable_finite_sample_full_physical_range,unavailable,insufficient_same_route_calibration,,,,,
exhaustive_six_of_ten_partition,partition_026_340bb40f9e5a,,NAUMANN_CAL_T40_SOC75,hierarchical_power_fallback,0.94999999999999996,5,6,,unavailable_finite_sample_full_physical_range,unavailable,insufficient_same_route_calibration,,,,,
exhaustive_six_of_ten_partition,partition_026_340bb40f9e5a,,NAUMANN_CAL_T40_SOC87.5,hierarchical_power_fallback,0.94999999999999996,5,6,,unavailable_finite_sample_full_physical_range,unavailable,insufficient_same_route_calibration,,,,,
exhaustive_six_of_ten_partition,partition_027_0197406d8352,,NAUMANN_CAL_T40_SOC12.5,hierarchical_activation_residual,0.80000000000000004,1,2,,unavailable_finite_sample_full_physical_range,unavailable,insufficient_same_route_calibration,,,,,
exhaustive_six_of_ten_partition,partition_027_0197406d8352,,NAUMANN_CAL_T40_SOC12.5,hierarchical_activation_residual,0.90000000000000002,1,2,,unavailable_finite_sample_full_physical_range,unavailable,insufficient_same_route_calibration,,,,,
exhaustive_six_of_ten_partition,partition_027_0197406d8352,,NAUMANN_CAL_T40_SOC12.5,hierarchical_activation_residual,0.94999999999999996,1,2,,unavailable_finite_sample_full_physical_range,unavailable,insufficient_same_route_calibration,,,,,
exhaustive_six_of_ten_partition,partition_027_0197406d8352,,NAUMANN_CAL_T40_SOC25,hierarchical_power_fallback,0.80000000000000004,5,5,2.1698424743004083,finite_order_statistic,available,none,True,1,2.2106892511167611,4.1087384001945395,2.2106892511167611
exhaustive_six_of_ten_partition,partition_027_0197406d8352,,NAUMANN_CAL_T40_SOC62.5,hierarchical_power_fallback,0.80000000000000004,5,5,2.1698424743004083,finite_order_statistic,available,none,True,1,1.7721164814876715,3.0610265608058569,1.7721164814876715
exhaustive_six_of_ten_partition,partition_027_0197406d8352,,NAUMANN_CAL_T40_SOC87.5,hierarchical_power_fallback,0.80000000000000004,5,5,2.1698424743004083,finite_order_statistic,available,none,True,1,1.3456714355048427,2.0932907277718584,1.3456714355048427
exhaustive_six_of_ten_partition,partition_027_0197406d8352,,NAUMANN_CAL_T40_SOC25,hierarchical_power_fallback,0.90000000000000002,5,6,,unavailable_finite_sample_full_physical_range,unavailable,insufficient_same_route_calibration,,,,,
exhaustive_six_of_ten_partition,partition_027_0197406d8352,,NAUMANN_CAL_T40_SOC62.5,hierarchical_power_fallback,0.90000000000000002,5,6,,unavailable_finite_sample_full_physical_range,unavailable,insufficient_same_route_calibration,,,,,
exhaustive_six_of_ten_partition,partition_027_0197406d8352,,NAUMANN_CAL_T40_SOC87.5,hierarchical_power_fallback,0.90000000000000002,5,6,,unavailable_finite_sample_full_physical_range,unavailable,insufficient_same_route_calibration,,,,,
exhaustive_six_of_ten_partition,partition_027_0197406d8352,,NAUMANN_CAL_T40_SOC25,hierarchical_power_fallback,0.94999999999999996,5,6,,unavailable_finite_sample_full_physical_range,unavailable,insufficient_same_route_calibration,,,,,
exhaustive_six_of_ten_partition,partition_027_0197406d8352,,NAUMANN_CAL_T40_SOC62.5,hierarchical_power_fallback,0.94999999999999996,5,6,,unavailable_finite_sample_full_physical_range,unavailable,insufficient_same_route_calibration,,,,,
exhaustive_six_of_ten_partition,partition_027_0197406d8352,,NAUMANN_CAL_T40_SOC87.5,hierarchical_power_fallback,0.94999999999999996,5,6,,unavailable_finite_sample_full_physical_range,unavailable,insufficient_same_route_calibration,,,,,
exhaustive_six_of_ten_partition,partition_028_76f211007bce,,NAUMANN_CAL_T40_SOC12.5,hierarchical_activation_residual,0.80000000000000004,1,2,,unavailable_finite_sample_full_physical_range,unavailable,insufficient_same_route_calibration,,,,,
exhaustive_six_of_ten_partition,partition_028_76f211007bce,,NAUMANN_CAL_T40_SOC12.5,hierarchical_activation_residual,0.90000000000000002,1,2,,unavailable_finite_sample_full_physical_range,unavailable,insufficient_same_route_calibration,,,,,
exhaustive_six_of_ten_partition,partition_028_76f211007bce,,NAUMANN_CAL_T40_SOC12.5,hierarchical_activation_residual,0.94999999999999996,1,2,,unavailable_finite_sample_full_physical_range,unavailable,insufficient_same_route_calibration,,,,,
exhaustive_six_of_ten_partition,partition_028_76f211007bce,,NAUMANN_CAL_T40_SOC25,hierarchical_power_fallback,0.80000000000000004,5,5,2.1698424743004083,finite_order_statistic,available,none,True,1,2.2106892511167611,4.1087384001945395,2.2106892511167611
exhaustive_six_of_ten_partition,partition_028_76f211007bce,,NAUMANN_CAL_T40_SOC62.5,hierarchical_power_fallback,0.80000000000000004,5,5,2.1698424743004083,finite_order_statistic,available,none,True,1,1.7721164814876715,3.0610265608058569,1.7721164814876715
exhaustive_six_of_ten_partition,partition_028_76f211007bce,,NAUMANN_CAL_T40_SOC75,hierarchical_power_fallback,0.80000000000000004,5,5,2.1698424743004083,finite_order_statistic,available,none,True,1,1.3720864256784864,2.1520129956726066,1.3720864256784864
exhaustive_six_of_ten_partition,partition_028_76f211007bce,,NAUMANN_CAL_T40_SOC25,hierarchical_power_fallback,0.90000000000000002,5,6,,unavailable_finite_sample_full_physical_range,unavailable,insufficient_same_route_calibration,,,,,
exhaustive_six_of_ten_partition,partition_028_76f211007bce,,NAUMANN_CAL_T40_SOC62.5,hierarchical_power_fallback,0.90000000000000002,5,6,,unavailable_finite_sample_full_physical_range,unavailable,insufficient_same_route_calibration,,,,,
exhaustive_six_of_ten_partition,partition_028_76f211007bce,,NAUMANN_CAL_T40_SOC75,hierarchical_power_fallback,0.90000000000000002,5,6,,unavailable_finite_sample_full_physical_range,unavailable,insufficient_same_route_calibration,,,,,
exhaustive_six_of_ten_partition,partition_028_76f211007bce,,NAUMANN_CAL_T40_SOC25,hierarchical_power_fallback,0.94999999999999996,5,6,,unavailable_finite_sample_full_physical_range,unavailable,insufficient_same_route_calibration,,,,,
exhaustive_six_of_ten_partition,partition_028_76f211007bce,,NAUMANN_CAL_T40_SOC62.5,hierarchical_power_fallback,0.94999999999999996,5,6,,unavailable_finite_sample_full_physical_range,unavailable,insufficient_same_route_calibration,,,,,
exhaustive_six_of_ten_partition,partition_028_76f211007bce,,NAUMANN_CAL_T40_SOC75,hierarchical_power_fallback,0.94999999999999996,5,6,,unavailable_finite_sample_full_physical_range,unavailable,insufficient_same_route_calibration,,,,,
exhaustive_six_of_ten_partition,partition_029_282f9a8daf86,,NAUMANN_CAL_T40_SOC12.5,hierarchical_activation_residual,0.80000000000000004,1,2,,unavailable_finite_sample_full_physical_range,unavailable,insufficient_same_route_calibration,,,,,
exhaustive_six_of_ten_partition,partition_029_282f9a8daf86,,NAUMANN_CAL_T40_SOC12.5,hierarchical_activation_residual,0.90000000000000002,1,2,,unavailable_finite_sample_full_physical_range,unavailable,insufficient_same_route_calibration,,,,,
exhaustive_six_of_ten_partition,partition_029_282f9a8daf86,,NAUMANN_CAL_T40_SOC12.5,hierarchical_activation_residual,0.94999999999999996,1,2,,unavailable_finite_sample_full_physical_range,unavailable,insufficient_same_route_calibration,,,,,
exhaustive_six_of_ten_partition,partition_029_282f9a8daf86,,NAUMANN_CAL_T40_SOC25,hierarchical_power_fallback,0.80000000000000004,5,5,1.4840726147248924,finite_order_statistic,available,none,True,1,1.5120099344109541,2.8101883952489572,1.5120099344109541
exhaustive_six_of_ten_partition,partition_029_282f9a8daf86,,NAUMANN_CAL_T40_SOC50,hierarchical_power_fallback,0.80000000000000004,5,5,1.4840726147248924,finite_order_statistic,available,none,False,0.20000000000000001,1.5575563227100178,2.916871079971969,2.9959070847109435
exhaustive_six_of_ten_partition,partition_029_282f9a8daf86,,NAUMANN_CAL_T40_SOC87.5,hierarchical_power_fallback,0.80000000000000004,5,5,1.4840726147248924,finite_order_statistic,available,none,True,1,0.92037746956454047,1.4317147353037001,0.92037746956454047
exhaustive_six_of_ten_partition,partition_029_282f9a8daf86,,NAUMANN_CAL_T40_SOC25,hierarchical_power_fallback,0.90000000000000002,5,6,,unavailable_finite_sample_full_physical_range,unavailable,insufficient_same_route_calibration,,,,,
exhaustive_six_of_ten_partition,partition_029_282f9a8daf86,,NAUMANN_CAL_T40_SOC50,hierarchical_power_fallback,0.90000000000000002,5,6,,unavailable_finite_sample_full_physical_range,unavailable,insufficient_same_route_calibration,,,,,
exhaustive_six_of_ten_partition,partition_029_282f9a8daf86,,NAUMANN_CAL_T40_SOC87.5,hierarchical_power_fallback,0.90000000000000002,5,6,,unavailable_finite_sample_full_physical_range,unavailable,insufficient_same_route_calibration,,,,,
exhaustive_six_of_ten_partition,partition_029_282f9a8daf86,,NAUMANN_CAL_T40_SOC25,hierarchical_power_fallback,0.94999999999999996,5,6,,unavailable_finite_sample_full_physical_range,unavailable,insufficient_same_route_calibration,,,,,
exhaustive_six_of_ten_partition,partition_029_282f9a8daf86,,NAUMANN_CAL_T40_SOC50,hierarchical_power_fallback,0.94999999999999996,5,6,,unavailable_finite_sample_full_physical_range,unavailable,insufficient_same_route_calibration,,,,,
exhaustive_six_of_ten_partition,partition_029_282f9a8daf86,,NAUMANN_CAL_T40_SOC87.5,hierarchical_power_fallback,0.94999999999999996,5,6,,unavailable_finite_sample_full_physical_range,unavailable,insufficient_same_route_calibration,,,,,
exhaustive_six_of_ten_partition,partition_030_683d2d5e300f,,NAUMANN_CAL_T40_SOC12.5,hierarchical_activation_residual,0.80000000000000004,1,2,,unavailable_finite_sample_full_physical_range,unavailable,insufficient_same_route_calibration,,,,,
exhaustive_six_of_ten_partition,partition_030_683d2d5e300f,,NAUMANN_CAL_T40_SOC12.5,hierarchical_activation_residual,0.90000000000000002,1,2,,unavailable_finite_sample_full_physical_range,unavailable,insufficient_same_route_calibration,,,,,
exhaustive_six_of_ten_partition,partition_030_683d2d5e300f,,NAUMANN_CAL_T40_SOC12.5,hierarchical_activation_residual,0.94999999999999996,1,2,,unavailable_finite_sample_full_physical_range,unavailable,insufficient_same_route_calibration,,,,,
exhaustive_six_of_ten_partition,partition_030_683d2d5e300f,,NAUMANN_CAL_T40_SOC25,hierarchical_power_fallback,0.80000000000000004,5,5,1.4840726147248924,finite_order_statistic,available,none,True,1,1.5120099344109541,2.8101883952489572,1.5120099344109541
exhaustive_six_of_ten_partition,partition_030_683d2d5e300f,,NAUMANN_CAL_T40_SOC50,hierarchical_power_fallback,0.80000000000000004,5,5,1.4840726147248924,finite_order_statistic,available,none,False,0.20000000000000001,1.5575563227100178,2.916871079971969,2.9959070847109435
exhaustive_six_of_ten_partition,partition_030_683d2d5e300f,,NAUMANN_CAL_T40_SOC75,hierarchical_power_fallback,0.80000000000000004,5,5,1.4840726147248924,finite_order_statistic,available,none,True,1,0.93844410988485494,1.4718780700610523,0.93844410988485494
exhaustive_six_of_ten_partition,partition_030_683d2d5e300f,,NAUMANN_CAL_T40_SOC25,hierarchical_power_fallback,0.90000000000000002,5,6,,unavailable_finite_sample_full_physical_range,unavailable,insufficient_same_route_calibration,,,,,
exhaustive_six_of_ten_partition,partition_030_683d2d5e300f,,NAUMANN_CAL_T40_SOC50,hierarchical_power_fallback,0.90000000000000002,5,6,,unavailable_finite_sample_full_physical_range,unavailable,insufficient_same_route_calibration,,,,,
exhaustive_six_of_ten_partition,partition_030_683d2d5e300f,,NAUMANN_CAL_T40_SOC75,hierarchical_power_fallback,0.90000000000000002,5,6,,unavailable_finite_sample_full_physical_range,unavailable,insufficient_same_route_calibration,,,,,
exhaustive_six_of_ten_partition,partition_030_683d2d5e300f,,NAUMANN_CAL_T40_SOC25,hierarchical_power_fallback,0.94999999999999996,5,6,,unavailable_finite_sample_full_physical_range,unavailable,insufficient_same_route_calibration,,,,,
exhaustive_six_of_ten_partition,partition_030_683d2d5e300f,,NAUMANN_CAL_T40_SOC50,hierarchical_power_fallback,0.94999999999999996,5,6,,unavailable_finite_sample_full_physical_range,unavailable,insufficient_same_route_calibration,,,,,
exhaustive_six_of_ten_partition,partition_030_683d2d5e300f,,NAUMANN_CAL_T40_SOC75,hierarchical_power_fallback,0.94999999999999996,5,6,,unavailable_finite_sample_full_physical_range,unavailable,insufficient_same_route_calibration,,,,,
exhaustive_six_of_ten_partition,partition_031_6adef642bd96,,NAUMANN_CAL_T40_SOC12.5,hierarchical_activation_residual,0.80000000000000004,1,2,,unavailable_finite_sample_full_physical_range,unavailable,insufficient_same_route_calibration,,,,,
exhaustive_six_of_ten_partition,partition_031_6adef642bd96,,NAUMANN_CAL_T40_SOC12.5,hierarchical_activation_residual,0.90000000000000002,1,2,,unavailable_finite_sample_full_physical_range,unavailable,insufficient_same_route_calibration,,,,,
exhaustive_six_of_ten_partition,partition_031_6adef642bd96,,NAUMANN_CAL_T40_SOC12.5,hierarchical_activation_residual,0.94999999999999996,1,2,,unavailable_finite_sample_full_physical_range,unavailable,insufficient_same_route_calibration,,,,,
exhaustive_six_of_ten_partition,partition_031_6adef642bd96,,NAUMANN_CAL_T40_SOC25,hierarchical_power_fallback,0.80000000000000004,5,5,1.4840726147248924,finite_order_statistic,available,none,True,1,1.5120099344109541,2.8101883952489572,1.5120099344109541
exhaustive_six_of_ten_partition,partition_031_6adef642bd96,,NAUMANN_CAL_T40_SOC50,hierarchical_power_fallback,0.80000000000000004,5,5,1.4840726147248924,finite_order_statistic,available,none,False,0.20000000000000001,1.5575563227100178,2.916871079971969,2.9959070847109435
exhaustive_six_of_ten_partition,partition_031_6adef642bd96,,NAUMANN_CAL_T40_SOC62.5,hierarchical_power_fallback,0.80000000000000004,5,5,1.4840726147248924,finite_order_statistic,available,none,True,1,1.2120462989491545,2.0936016073250414,1.2120462989491545
exhaustive_six_of_ten_partition,partition_031_6adef642bd96,,NAUMANN_CAL_T40_SOC25,hierarchical_power_fallback,0.90000000000000002,5,6,,unavailable_finite_sample_full_physical_range,unavailable,insufficient_same_route_calibration,,,,,
exhaustive_six_of_ten_partition,partition_031_6adef642bd96,,NAUMANN_CAL_T40_SOC50,hierarchical_power_fallback,0.90000000000000002,5,6,,unavailable_finite_sample_full_physical_range,unavailable,insufficient_same_route_calibration,,,,,
exhaustive_six_of_ten_partition,partition_031_6adef642bd96,,NAUMANN_CAL_T40_SOC62.5,hierarchical_power_fallback,0.90000000000000002,5,6,,unavailable_finite_sample_full_physical_range,unavailable,insufficient_same_route_calibration,,,,,
exhaustive_six_of_ten_partition,partition_031_6adef642bd96,,NAUMANN_CAL_T40_SOC25,hierarchical_power_fallback,0.94999999999999996,5,6,,unavailable_finite_sample_full_physical_range,unavailable,insufficient_same_route_calibration,,,,,
exhaustive_six_of_ten_partition,partition_031_6adef642bd96,,NAUMANN_CAL_T40_SOC50,hierarchical_power_fallback,0.94999999999999996,5,6,,unavailable_finite_sample_full_physical_range,unavailable,insufficient_same_route_calibration,,,,,
exhaustive_six_of_ten_partition,partition_031_6adef642bd96,,NAUMANN_CAL_T40_SOC62.5,hierarchical_power_fallback,0.94999999999999996,5,6,,unavailable_finite_sample_full_physical_range,unavailable,insufficient_same_route_calibration,,,,,
exhaustive_six_of_ten_partition,partition_032_49c3c792ab97,,NAUMANN_CAL_T40_SOC12.5,hierarchical_activation_residual,0.80000000000000004,1,2,,unavailable_finite_sample_full_physical_range,unavailable,insufficient_same_route_calibration,,,,,
exhaustive_six_of_ten_partition,partition_032_49c3c792ab97,,NAUMANN_CAL_T40_SOC12.5,hierarchical_activation_residual,0.90000000000000002,1,2,,unavailable_finite_sample_full_physical_range,unavailable,insufficient_same_route_calibration,,,,,
exhaustive_six_of_ten_partition,partition_032_49c3c792ab97,,NAUMANN_CAL_T40_SOC12.5,hierarchical_activation_residual,0.94999999999999996,1,2,,unavailable_finite_sample_full_physical_range,unavailable,insufficient_same_route_calibration,,,,,
exhaustive_six_of_ten_partition,partition_032_49c3c792ab97,,NAUMANN_CAL_T40_SOC25,hierarchical_power_fallback,0.80000000000000004,5,5,2.1698424743004083,finite_order_statistic,available,none,True,1,2.2106892511167611,4.1087384001945395,2.2106892511167611
exhaustive_six_of_ten_partition,partition_032_49c3c792ab97,,NAUMANN_CAL_T40_SOC37.5,hierarchical_power_fallback,0.80000000000000004,5,5,2.1698424743004083,finite_order_statistic,available,none,True,1,1.9346642885590211,3.4427051368367643,1.9346642885590211
exhaustive_six_of_ten_partition,partition_032_49c3c792ab97,,NAUMANN_CAL_T40_SOC87.5,hierarchical_power_fallback,0.80000000000000004,5,5,2.1698424743004083,finite_order_statistic,available,none,True,1,1.3456714355048427,2.0932907277718584,1.3456714355048427
exhaustive_six_of_ten_partition,partition_032_49c3c792ab97,,NAUMANN_CAL_T40_SOC25,hierarchical_power_fallback,0.90000000000000002,5,6,,unavailable_finite_sample_full_physical_range,unavailable,insufficient_same_route_calibration,,,,,
exhaustive_six_of_ten_partition,partition_032_49c3c792ab97,,NAUMANN_CAL_T40_SOC37.5,hierarchical_power_fallback,0.90000000000000002,5,6,,unavailable_finite_sample_full_physical_range,unavailable,insufficient_same_route_calibration,,,,,
exhaustive_six_of_ten_partition,partition_032_49c3c792ab97,,NAUMANN_CAL_T40_SOC87.5,hierarchical_power_fallback,0.90000000000000002,5,6,,unavailable_finite_sample_full_physical_range,unavailable,insufficient_same_route_calibration,,,,,
exhaustive_six_of_ten_partition,partition_032_49c3c792ab97,,NAUMANN_CAL_T40_SOC25,hierarchical_power_fallback,0.94999999999999996,5,6,,unavailable_finite_sample_full_physical_range,unavailable,insufficient_same_route_calibration,,,,,
exhaustive_six_of_ten_partition,partition_032_49c3c792ab97,,NAUMANN_CAL_T40_SOC37.5,hierarchical_power_fallback,0.94999999999999996,5,6,,unavailable_finite_sample_full_physical_range,unavailable,insufficient_same_route_calibration,,,,,
exhaustive_six_of_ten_partition,partition_032_49c3c792ab97,,NAUMANN_CAL_T40_SOC87.5,hierarchical_power_fallback,0.94999999999999996,5,6,,unavailable_finite_sample_full_physical_range,unavailable,insufficient_same_route_calibration,,,,,
exhaustive_six_of_ten_partition,partition_033_ff229abd5b49,,NAUMANN_CAL_T40_SOC12.5,hierarchical_activation_residual,0.80000000000000004,1,2,,unavailable_finite_sample_full_physical_range,unavailable,insufficient_same_route_calibration,,,,,
exhaustive_six_of_ten_partition,partition_033_ff229abd5b49,,NAUMANN_CAL_T40_SOC12.5,hierarchical_activation_residual,0.90000000000000002,1,2,,unavailable_finite_sample_full_physical_range,unavailable,insufficient_same_route_calibration,,,,,
exhaustive_six_of_ten_partition,partition_033_ff229abd5b49,,NAUMANN_CAL_T40_SOC12.5,hierarchical_activation_residual,0.94999999999999996,1,2,,unavailable_finite_sample_full_physical_range,unavailable,insufficient_same_route_calibration,,,,,
exhaustive_six_of_ten_partition,partition_033_ff229abd5b49,,NAUMANN_CAL_T40_SOC25,hierarchical_power_fallback,0.80000000000000004,5,5,2.1698424743004083,finite_order_statistic,available,none,True,1,2.2106892511167611,4.1087384001945395,2.2106892511167611
exhaustive_six_of_ten_partition,partition_033_ff229abd5b49,,NAUMANN_CAL_T40_SOC37.5,hierarchical_power_fallback,0.80000000000000004,5,5,2.1698424743004083,finite_order_statistic,available,none,True,1,1.9346642885590211,3.4427051368367643,1.9346642885590211
exhaustive_six_of_ten_partition,partition_033_ff229abd5b49,,NAUMANN_CAL_T40_SOC75,hierarchical_power_fallback,0.80000000000000004,5,5,2.1698424743004083,finite_order_statistic,available,none,True,1,1.3720864256784864,2.1520129956726066,1.3720864256784864
exhaustive_six_of_ten_partition,partition_033_ff229abd5b49,,NAUMANN_CAL_T40_SOC25,hierarchical_power_fallback,0.90000000000000002,5,6,,unavailable_finite_sample_full_physical_range,unavailable,insufficient_same_route_calibration,,,,,
exhaustive_six_of_ten_partition,partition_033_ff229abd5b49,,NAUMANN_CAL_T40_SOC37.5,hierarchical_power_fallback,0.90000000000000002,5,6,,unavailable_finite_sample_full_physical_range,unavailable,insufficient_same_route_calibration,,,,,
exhaustive_six_of_ten_partition,partition_033_ff229abd5b49,,NAUMANN_CAL_T40_SOC75,hierarchical_power_fallback,0.90000000000000002,5,6,,unavailable_finite_sample_full_physical_range,unavailable,insufficient_same_route_calibration,,,,,
exhaustive_six_of_ten_partition,partition_033_ff229abd5b49,,NAUMANN_CAL_T40_SOC25,hierarchical_power_fallback,0.94999999999999996,5,6,,unavailable_finite_sample_full_physical_range,unavailable,insufficient_same_route_calibration,,,,,
exhaustive_six_of_ten_partition,partition_033_ff229abd5b49,,NAUMANN_CAL_T40_SOC37.5,hierarchical_power_fallback,0.94999999999999996,5,6,,unavailable_finite_sample_full_physical_range,unavailable,insufficient_same_route_calibration,,,,,
exhaustive_six_of_ten_partition,partition_033_ff229abd5b49,,NAUMANN_CAL_T40_SOC75,hierarchical_power_fallback,0.94999999999999996,5,6,,unavailable_finite_sample_full_physical_range,unavailable,insufficient_same_route_calibration,,,,,
exhaustive_six_of_ten_partition,partition_034_a05b6ec4ee0a,,NAUMANN_CAL_T40_SOC12.5,hierarchical_activation_residual,0.80000000000000004,1,2,,unavailable_finite_sample_full_physical_range,unavailable,insufficient_same_route_calibration,,,,,
exhaustive_six_of_ten_partition,partition_034_a05b6ec4ee0a,,NAUMANN_CAL_T40_SOC12.5,hierarchical_activation_residual,0.90000000000000002,1,2,,unavailable_finite_sample_full_physical_range,unavailable,insufficient_same_route_calibration,,,,,
exhaustive_six_of_ten_partition,partition_034_a05b6ec4ee0a,,NAUMANN_CAL_T40_SOC12.5,hierarchical_activation_residual,0.94999999999999996,1,2,,unavailable_finite_sample_full_physical_range,unavailable,insufficient_same_route_calibration,,,,,
exhaustive_six_of_ten_partition,partition_034_a05b6ec4ee0a,,NAUMANN_CAL_T40_SOC25,hierarchical_power_fallback,0.80000000000000004,5,5,2.1698424743004083,finite_order_statistic,available,none,True,1,2.2106892511167611,4.1087384001945395,2.2106892511167611
exhaustive_six_of_ten_partition,partition_034_a05b6ec4ee0a,,NAUMANN_CAL_T40_SOC37.5,hierarchical_power_fallback,0.80000000000000004,5,5,2.1698424743004083,finite_order_statistic,available,none,True,1,1.9346642885590211,3.4427051368367643,1.9346642885590211
exhaustive_six_of_ten_partition,partition_034_a05b6ec4ee0a,,NAUMANN_CAL_T40_SOC62.5,hierarchical_power_fallback,0.80000000000000004,5,5,2.1698424743004083,finite_order_statistic,available,none,True,1,1.7721164814876715,3.0610265608058569,1.7721164814876715
exhaustive_six_of_ten_partition,partition_034_a05b6ec4ee0a,,NAUMANN_CAL_T40_SOC25,hierarchical_power_fallback,0.90000000000000002,5,6,,unavailable_finite_sample_full_physical_range,unavailable,insufficient_same_route_calibration,,,,,
exhaustive_six_of_ten_partition,partition_034_a05b6ec4ee0a,,NAUMANN_CAL_T40_SOC37.5,hierarchical_power_fallback,0.90000000000000002,5,6,,unavailable_finite_sample_full_physical_range,unavailable,insufficient_same_route_calibration,,,,,
exhaustive_six_of_ten_partition,partition_034_a05b6ec4ee0a,,NAUMANN_CAL_T40_SOC62.5,hierarchical_power_fallback,0.90000000000000002,5,6,,unavailable_finite_sample_full_physical_range,unavailable,insufficient_same_route_calibration,,,,,
exhaustive_six_of_ten_partition,partition_034_a05b6ec4ee0a,,NAUMANN_CAL_T40_SOC25,hierarchical_power_fallback,0.94999999999999996,5,6,,unavailable_finite_sample_full_physical_range,unavailable,insufficient_same_route_calibration,,,,,
exhaustive_six_of_ten_partition,partition_034_a05b6ec4ee0a,,NAUMANN_CAL_T40_SOC37.5,hierarchical_power_fallback,0.94999999999999996,5,6,,unavailable_finite_sample_full_physical_range,unavailable,insufficient_same_route_calibration,,,,,
exhaustive_six_of_ten_partition,partition_034_a05b6ec4ee0a,,NAUMANN_CAL_T40_SOC62.5,hierarchical_power_fallback,0.94999999999999996,5,6,,unavailable_finite_sample_full_physical_range,unavailable,insufficient_same_route_calibration,,,,,
exhaustive_six_of_ten_partition,partition_035_8b7b77504e6e,,NAUMANN_CAL_T40_SOC12.5,hierarchical_activation_residual,0.80000000000000004,1,2,,unavailable_finite_sample_full_physical_range,unavailable,insufficient_same_route_calibration,,,,,
exhaustive_six_of_ten_partition,partition_035_8b7b77504e6e,,NAUMANN_CAL_T40_SOC12.5,hierarchical_activation_residual,0.90000000000000002,1,2,,unavailable_finite_sample_full_physical_range,unavailable,insufficient_same_route_calibration,,,,,
exhaustive_six_of_ten_partition,partition_035_8b7b77504e6e,,NAUMANN_CAL_T40_SOC12.5,hierarchical_activation_residual,0.94999999999999996,1,2,,unavailable_finite_sample_full_physical_range,unavailable,insufficient_same_route_calibration,,,,,
exhaustive_six_of_ten_partition,partition_035_8b7b77504e6e,,NAUMANN_CAL_T40_SOC25,hierarchical_power_fallback,0.80000000000000004,5,5,1.4840726147248924,finite_order_statistic,available,none,True,1,1.5120099344109541,2.8101883952489572,1.5120099344109541
exhaustive_six_of_ten_partition,partition_035_8b7b77504e6e,,NAUMANN_CAL_T40_SOC37.5,hierarchical_power_fallback,0.80000000000000004,5,5,1.4840726147248924,finite_order_statistic,available,none,True,1,1.3232215349007652,2.3546522269085131,1.3232215349007652
exhaustive_six_of_ten_partition,partition_035_8b7b77504e6e,,NAUMANN_CAL_T40_SOC50,hierarchical_power_fallback,0.80000000000000004,5,5,1.4840726147248924,finite_order_statistic,available,none,False,0.20000000000000001,1.5575563227100178,2.916871079971969,2.9959070847109435
exhaustive_six_of_ten_partition,partition_035_8b7b77504e6e,,NAUMANN_CAL_T40_SOC25,hierarchical_power_fallback,0.90000000000000002,5,6,,unavailable_finite_sample_full_physical_range,unavailable,insufficient_same_route_calibration,,,,,
exhaustive_six_of_ten_partition,partition_035_8b7b77504e6e,,NAUMANN_CAL_T40_SOC37.5,hierarchical_power_fallback,0.90000000000000002,5,6,,unavailable_finite_sample_full_physical_range,unavailable,insufficient_same_route_calibration,,,,,
exhaustive_six_of_ten_partition,partition_035_8b7b77504e6e,,NAUMANN_CAL_T40_SOC50,hierarchical_power_fallback,0.90000000000000002,5,6,,unavailable_finite_sample_full_physical_range,unavailable,insufficient_same_route_calibration,,,,,
exhaustive_six_of_ten_partition,partition_035_8b7b77504e6e,,NAUMANN_CAL_T40_SOC25,hierarchical_power_fallback,0.94999999999999996,5,6,,unavailable_finite_sample_full_physical_range,unavailable,insufficient_same_route_calibration,,,,,
exhaustive_six_of_ten_partition,partition_035_8b7b77504e6e,,NAUMANN_CAL_T40_SOC37.5,hierarchical_power_fallback,0.94999999999999996,5,6,,unavailable_finite_sample_full_physical_range,unavailable,insufficient_same_route_calibration,,,,,
exhaustive_six_of_ten_partition,partition_035_8b7b77504e6e,,NAUMANN_CAL_T40_SOC50,hierarchical_power_fallback,0.94999999999999996,5,6,,unavailable_finite_sample_full_physical_range,unavailable,insufficient_same_route_calibration,,,,,
exhaustive_six_of_ten_partition,partition_036_673b6d7157ff,,NAUMANN_CAL_T40_SOC100,hierarchical_power_fallback,0.80000000000000004,4,4,2.1698424743004083,finite_order_statistic,available,none,True,1,1.4242933532746951,2.2673997803693737,1.4242933532746951
exhaustive_six_of_ten_partition,partition_036_673b6d7157ff,,NAUMANN_CAL_T40_SOC62.5,hierarchical_power_fallback,0.80000000000000004,4,4,2.1698424743004083,finite_order_statistic,available,none,True,1,1.7721164814876715,3.0610265608058569,1.7721164814876715
exhaustive_six_of_ten_partition,partition_036_673b6d7157ff,,NAUMANN_CAL_T40_SOC75,hierarchical_power_fallback,0.80000000000000004,4,4,2.1698424743004083,finite_order_statistic,available,none,True,1,1.3720864256784864,2.1520129956726066,1.3720864256784864
exhaustive_six_of_ten_partition,partition_036_673b6d7157ff,,NAUMANN_CAL_T40_SOC87.5,hierarchical_power_fallback,0.80000000000000004,4,4,2.1698424743004083,finite_order_statistic,available,none,True,1,1.3456714355048427,2.0932907277718584,1.3456714355048427
exhaustive_six_of_ten_partition,partition_036_673b6d7157ff,,NAUMANN_CAL_T40_SOC100,hierarchical_power_fallback,0.90000000000000002,4,5,,unavailable_finite_sample_full_physical_range,unavailable,insufficient_same_route_calibration,,,,,
exhaustive_six_of_ten_partition,partition_036_673b6d7157ff,,NAUMANN_CAL_T40_SOC62.5,hierarchical_power_fallback,0.90000000000000002,4,5,,unavailable_finite_sample_full_physical_range,unavailable,insufficient_same_route_calibration,,,,,
exhaustive_six_of_ten_partition,partition_036_673b6d7157ff,,NAUMANN_CAL_T40_SOC75,hierarchical_power_fallback,0.90000000000000002,4,5,,unavailable_finite_sample_full_physical_range,unavailable,insufficient_same_route_calibration,,,,,
exhaustive_six_of_ten_partition,partition_036_673b6d7157ff,,NAUMANN_CAL_T40_SOC87.5,hierarchical_power_fallback,0.90000000000000002,4,5,,unavailable_finite_sample_full_physical_range,unavailable,insufficient_same_route_calibration,,,,,
exhaustive_six_of_ten_partition,partition_036_673b6d7157ff,,NAUMANN_CAL_T40_SOC100,hierarchical_power_fallback,0.94999999999999996,4,5,,unavailable_finite_sample_full_physical_range,unavailable,insufficient_same_route_calibration,,,,,
exhaustive_six_of_ten_partition,partition_036_673b6d7157ff,,NAUMANN_CAL_T40_SOC62.5,hierarchical_power_fallback,0.94999999999999996,4,5,,unavailable_finite_sample_full_physical_range,unavailable,insufficient_same_route_calibration,,,,,
exhaustive_six_of_ten_partition,partition_036_673b6d7157ff,,NAUMANN_CAL_T40_SOC75,hierarchical_power_fallback,0.94999999999999996,4,5,,unavailable_finite_sample_full_physical_range,unavailable,insufficient_same_route_calibration,,,,,
exhaustive_six_of_ten_partition,partition_036_673b6d7157ff,,NAUMANN_CAL_T40_SOC87.5,hierarchical_power_fallback,0.94999999999999996,4,5,,unavailable_finite_sample_full_physical_range,unavailable,insufficient_same_route_calibration,,,,,
exhaustive_six_of_ten_partition,partition_037_b2980dcbb4d3,,NAUMANN_CAL_T40_SOC100,hierarchical_power_fallback,0.80000000000000004,4,4,1.4840726147248924,finite_order_statistic,available,none,True,1,0.97415125105391553,1.5507973323106512,0.97415125105391553
exhaustive_six_of_ten_partition,partition_037_b2980dcbb4d3,,NAUMANN_CAL_T40_SOC50,hierarchical_power_fallback,0.80000000000000004,4,4,1.4840726147248924,finite_order_statistic,available,none,False,0.20000000000000001,1.5575563227100178,2.916871079971969,2.9959070847109435
exhaustive_six_of_ten_partition,partition_037_b2980dcbb4d3,,NAUMANN_CAL_T40_SOC75,hierarchical_power_fallback,0.80000000000000004,4,4,1.4840726147248924,finite_order_statistic,available,none,True,1,0.93844410988485494,1.4718780700610523,0.93844410988485494
exhaustive_six_of_ten_partition,partition_037_b2980dcbb4d3,,NAUMANN_CAL_T40_SOC87.5,hierarchical_power_fallback,0.80000000000000004,4,4,1.4840726147248924,finite_order_statistic,available,none,True,1,0.92037746956454047,1.4317147353037001,0.92037746956454047
exhaustive_six_of_ten_partition,partition_037_b2980dcbb4d3,,NAUMANN_CAL_T40_SOC100,hierarchical_power_fallback,0.90000000000000002,4,5,,unavailable_finite_sample_full_physical_range,unavailable,insufficient_same_route_calibration,,,,,
exhaustive_six_of_ten_partition,partition_037_b2980dcbb4d3,,NAUMANN_CAL_T40_SOC50,hierarchical_power_fallback,0.90000000000000002,4,5,,unavailable_finite_sample_full_physical_range,unavailable,insufficient_same_route_calibration,,,,,
exhaustive_six_of_ten_partition,partition_037_b2980dcbb4d3,,NAUMANN_CAL_T40_SOC75,hierarchical_power_fallback,0.90000000000000002,4,5,,unavailable_finite_sample_full_physical_range,unavailable,insufficient_same_route_calibration,,,,,
exhaustive_six_of_ten_partition,partition_037_b2980dcbb4d3,,NAUMANN_CAL_T40_SOC87.5,hierarchical_power_fallback,0.90000000000000002,4,5,,unavailable_finite_sample_full_physical_range,unavailable,insufficient_same_route_calibration,,,,,
exhaustive_six_of_ten_partition,partition_037_b2980dcbb4d3,,NAUMANN_CAL_T40_SOC100,hierarchical_power_fallback,0.94999999999999996,4,5,,unavailable_finite_sample_full_physical_range,unavailable,insufficient_same_route_calibration,,,,,
exhaustive_six_of_ten_partition,partition_037_b2980dcbb4d3,,NAUMANN_CAL_T40_SOC50,hierarchical_power_fallback,0.94999999999999996,4,5,,unavailable_finite_sample_full_physical_range,unavailable,insufficient_same_route_calibration,,,,,
exhaustive_six_of_ten_partition,partition_037_b2980dcbb4d3,,NAUMANN_CAL_T40_SOC75,hierarchical_power_fallback,0.94999999999999996,4,5,,unavailable_finite_sample_full_physical_range,unavailable,insufficient_same_route_calibration,,,,,
exhaustive_six_of_ten_partition,partition_037_b2980dcbb4d3,,NAUMANN_CAL_T40_SOC87.5,hierarchical_power_fallback,0.94999999999999996,4,5,,unavailable_finite_sample_full_physical_range,unavailable,insufficient_same_route_calibration,,,,,
exhaustive_six_of_ten_partition,partition_038_8a64fd2f4fc3,,NAUMANN_CAL_T40_SOC100,hierarchical_power_fallback,0.80000000000000004,4,4,1.4840726147248924,finite_order_statistic,available,none,True,1,0.97415125105391553,1.5507973323106512,0.97415125105391553
exhaustive_six_of_ten_partition,partition_038_8a64fd2f4fc3,,NAUMANN_CAL_T40_SOC50,hierarchical_power_fallback,0.80000000000000004,4,4,1.4840726147248924,finite_order_statistic,available,none,False,0.20000000000000001,1.5575563227100178,2.916871079971969,2.9959070847109435
exhaustive_six_of_ten_partition,partition_038_8a64fd2f4fc3,,NAUMANN_CAL_T40_SOC62.5,hierarchical_power_fallback,0.80000000000000004,4,4,1.4840726147248924,finite_order_statistic,available,none,True,1,1.2120462989491545,2.0936016073250414,1.2120462989491545
exhaustive_six_of_ten_partition,partition_038_8a64fd2f4fc3,,NAUMANN_CAL_T40_SOC87.5,hierarchical_power_fallback,0.80000000000000004,4,4,1.4840726147248924,finite_order_statistic,available,none,True,1,0.92037746956454047,1.4317147353037001,0.92037746956454047
exhaustive_six_of_ten_partition,partition_038_8a64fd2f4fc3,,NAUMANN_CAL_T40_SOC100,hierarchical_power_fallback,0.90000000000000002,4,5,,unavailable_finite_sample_full_physical_range,unavailable,insufficient_same_route_calibration,,,,,
exhaustive_six_of_ten_partition,partition_038_8a64fd2f4fc3,,NAUMANN_CAL_T40_SOC50,hierarchical_power_fallback,0.90000000000000002,4,5,,unavailable_finite_sample_full_physical_range,unavailable,insufficient_same_route_calibration,,,,,
exhaustive_six_of_ten_partition,partition_038_8a64fd2f4fc3,,NAUMANN_CAL_T40_SOC62.5,hierarchical_power_fallback,0.90000000000000002,4,5,,unavailable_finite_sample_full_physical_range,unavailable,insufficient_same_route_calibration,,,,,
exhaustive_six_of_ten_partition,partition_038_8a64fd2f4fc3,,NAUMANN_CAL_T40_SOC87.5,hierarchical_power_fallback,0.90000000000000002,4,5,,unavailable_finite_sample_full_physical_range,unavailable,insufficient_same_route_calibration,,,,,
exhaustive_six_of_ten_partition,partition_038_8a64fd2f4fc3,,NAUMANN_CAL_T40_SOC100,hierarchical_power_fallback,0.94999999999999996,4,5,,unavailable_finite_sample_full_physical_range,unavailable,insufficient_same_route_calibration,,,,,
exhaustive_six_of_ten_partition,partition_038_8a64fd2f4fc3,,NAUMANN_CAL_T40_SOC50,hierarchical_power_fallback,0.94999999999999996,4,5,,unavailable_finite_sample_full_physical_range,unavailable,insufficient_same_route_calibration,,,,,
exhaustive_six_of_ten_partition,partition_038_8a64fd2f4fc3,,NAUMANN_CAL_T40_SOC62.5,hierarchical_power_fallback,0.94999999999999996,4,5,,unavailable_finite_sample_full_physical_range,unavailable,insufficient_same_route_calibration,,,,,
exhaustive_six_of_ten_partition,partition_038_8a64fd2f4fc3,,NAUMANN_CAL_T40_SOC87.5,hierarchical_power_fallback,0.94999999999999996,4,5,,unavailable_finite_sample_full_physical_range,unavailable,insufficient_same_route_calibration,,,,,
exhaustive_six_of_ten_partition,partition_039_b1238464096b,,NAUMANN_CAL_T40_SOC100,hierarchical_power_fallback,0.80000000000000004,4,4,1.4840726147248924,finite_order_statistic,available,none,True,1,0.97415125105391553,1.5507973323106512,0.97415125105391553
exhaustive_six_of_ten_partition,partition_039_b1238464096b,,NAUMANN_CAL_T40_SOC50,hierarchical_power_fallback,0.80000000000000004,4,4,1.4840726147248924,finite_order_statistic,available,none,False,0.20000000000000001,1.5575563227100178,2.916871079971969,2.9959070847109435
exhaustive_six_of_ten_partition,partition_039_b1238464096b,,NAUMANN_CAL_T40_SOC62.5,hierarchical_power_fallback,0.80000000000000004,4,4,1.4840726147248924,finite_order_statistic,available,none,True,1,1.2120462989491545,2.0936016073250414,1.2120462989491545
exhaustive_six_of_ten_partition,partition_039_b1238464096b,,NAUMANN_CAL_T40_SOC75,hierarchical_power_fallback,0.80000000000000004,4,4,1.4840726147248924,finite_order_statistic,available,none,True,1,0.93844410988485494,1.4718780700610523,0.93844410988485494
exhaustive_six_of_ten_partition,partition_039_b1238464096b,,NAUMANN_CAL_T40_SOC100,hierarchical_power_fallback,0.90000000000000002,4,5,,unavailable_finite_sample_full_physical_range,unavailable,insufficient_same_route_calibration,,,,,
exhaustive_six_of_ten_partition,partition_039_b1238464096b,,NAUMANN_CAL_T40_SOC50,hierarchical_power_fallback,0.90000000000000002,4,5,,unavailable_finite_sample_full_physical_range,unavailable,insufficient_same_route_calibration,,,,,
exhaustive_six_of_ten_partition,partition_039_b1238464096b,,NAUMANN_CAL_T40_SOC62.5,hierarchical_power_fallback,0.90000000000000002,4,5,,unavailable_finite_sample_full_physical_range,unavailable,insufficient_same_route_calibration,,,,,
exhaustive_six_of_ten_partition,partition_039_b1238464096b,,NAUMANN_CAL_T40_SOC75,hierarchical_power_fallback,0.90000000000000002,4,5,,unavailable_finite_sample_full_physical_range,unavailable,insufficient_same_route_calibration,,,,,
exhaustive_six_of_ten_partition,partition_039_b1238464096b,,NAUMANN_CAL_T40_SOC100,hierarchical_power_fallback,0.94999999999999996,4,5,,unavailable_finite_sample_full_physical_range,unavailable,insufficient_same_route_calibration,,,,,
exhaustive_six_of_ten_partition,partition_039_b1238464096b,,NAUMANN_CAL_T40_SOC50,hierarchical_power_fallback,0.94999999999999996,4,5,,unavailable_finite_sample_full_physical_range,unavailable,insufficient_same_route_calibration,,,,,
exhaustive_six_of_ten_partition,partition_039_b1238464096b,,NAUMANN_CAL_T40_SOC62.5,hierarchical_power_fallback,0.94999999999999996,4,5,,unavailable_finite_sample_full_physical_range,unavailable,insufficient_same_route_calibration,,,,,
exhaustive_six_of_ten_partition,partition_039_b1238464096b,,NAUMANN_CAL_T40_SOC75,hierarchical_power_fallback,0.94999999999999996,4,5,,unavailable_finite_sample_full_physical_range,unavailable,insufficient_same_route_calibration,,,,,
exhaustive_six_of_ten_partition,partition_040_cf546a05b0d7,,NAUMANN_CAL_T40_SOC100,hierarchical_power_fallback,0.80000000000000004,4,4,2.1698424743004083,finite_order_statistic,available,none,True,1,1.4242933532746951,2.2673997803693737,1.4242933532746951
exhaustive_six_of_ten_partition,partition_040_cf546a05b0d7,,NAUMANN_CAL_T40_SOC37.5,hierarchical_power_fallback,0.80000000000000004,4,4,2.1698424743004083,finite_order_statistic,available,none,True,1,1.9346642885590211,3.4427051368367643,1.9346642885590211
exhaustive_six_of_ten_partition,partition_040_cf546a05b0d7,,NAUMANN_CAL_T40_SOC75,hierarchical_power_fallback,0.80000000000000004,4,4,2.1698424743004083,finite_order_statistic,available,none,True,1,1.3720864256784864,2.1520129956726066,1.3720864256784864
exhaustive_six_of_ten_partition,partition_040_cf546a05b0d7,,NAUMANN_CAL_T40_SOC87.5,hierarchical_power_fallback,0.80000000000000004,4,4,2.1698424743004083,finite_order_statistic,available,none,True,1,1.3456714355048427,2.0932907277718584,1.3456714355048427
exhaustive_six_of_ten_partition,partition_040_cf546a05b0d7,,NAUMANN_CAL_T40_SOC100,hierarchical_power_fallback,0.90000000000000002,4,5,,unavailable_finite_sample_full_physical_range,unavailable,insufficient_same_route_calibration,,,,,
exhaustive_six_of_ten_partition,partition_040_cf546a05b0d7,,NAUMANN_CAL_T40_SOC37.5,hierarchical_power_fallback,0.90000000000000002,4,5,,unavailable_finite_sample_full_physical_range,unavailable,insufficient_same_route_calibration,,,,,
exhaustive_six_of_ten_partition,partition_040_cf546a05b0d7,,NAUMANN_CAL_T40_SOC75,hierarchical_power_fallback,0.90000000000000002,4,5,,unavailable_finite_sample_full_physical_range,unavailable,insufficient_same_route_calibration,,,,,
exhaustive_six_of_ten_partition,partition_040_cf546a05b0d7,,NAUMANN_CAL_T40_SOC87.5,hierarchical_power_fallback,0.90000000000000002,4,5,,unavailable_finite_sample_full_physical_range,unavailable,insufficient_same_route_calibration,,,,,
exhaustive_six_of_ten_partition,partition_040_cf546a05b0d7,,NAUMANN_CAL_T40_SOC100,hierarchical_power_fallback,0.94999999999999996,4,5,,unavailable_finite_sample_full_physical_range,unavailable,insufficient_same_route_calibration,,,,,
exhaustive_six_of_ten_partition,partition_040_cf546a05b0d7,,NAUMANN_CAL_T40_SOC37.5,hierarchical_power_fallback,0.94999999999999996,4,5,,unavailable_finite_sample_full_physical_range,unavailable,insufficient_same_route_calibration,,,,,
exhaustive_six_of_ten_partition,partition_040_cf546a05b0d7,,NAUMANN_CAL_T40_SOC75,hierarchical_power_fallback,0.94999999999999996,4,5,,unavailable_finite_sample_full_physical_range,unavailable,insufficient_same_route_calibration,,,,,
exhaustive_six_of_ten_partition,partition_040_cf546a05b0d7,,NAUMANN_CAL_T40_SOC87.5,hierarchical_power_fallback,0.94999999999999996,4,5,,unavailable_finite_sample_full_physical_range,unavailable,insufficient_same_route_calibration,,,,,
exhaustive_six_of_ten_partition,partition_041_d2e529cd4033,,NAUMANN_CAL_T40_SOC100,hierarchical_power_fallback,0.80000000000000004,4,4,2.1698424743004083,finite_order_statistic,available,none,True,1,1.4242933532746951,2.2673997803693737,1.4242933532746951
exhaustive_six_of_ten_partition,partition_041_d2e529cd4033,,NAUMANN_CAL_T40_SOC37.5,hierarchical_power_fallback,0.80000000000000004,4,4,2.1698424743004083,finite_order_statistic,available,none,True,1,1.9346642885590211,3.4427051368367643,1.9346642885590211
exhaustive_six_of_ten_partition,partition_041_d2e529cd4033,,NAUMANN_CAL_T40_SOC62.5,hierarchical_power_fallback,0.80000000000000004,4,4,2.1698424743004083,finite_order_statistic,available,none,True,1,1.7721164814876715,3.0610265608058569,1.7721164814876715
exhaustive_six_of_ten_partition,partition_041_d2e529cd4033,,NAUMANN_CAL_T40_SOC87.5,hierarchical_power_fallback,0.80000000000000004,4,4,2.1698424743004083,finite_order_statistic,available,none,True,1,1.3456714355048427,2.0932907277718584,1.3456714355048427
exhaustive_six_of_ten_partition,partition_041_d2e529cd4033,,NAUMANN_CAL_T40_SOC100,hierarchical_power_fallback,0.90000000000000002,4,5,,unavailable_finite_sample_full_physical_range,unavailable,insufficient_same_route_calibration,,,,,
exhaustive_six_of_ten_partition,partition_041_d2e529cd4033,,NAUMANN_CAL_T40_SOC37.5,hierarchical_power_fallback,0.90000000000000002,4,5,,unavailable_finite_sample_full_physical_range,unavailable,insufficient_same_route_calibration,,,,,
exhaustive_six_of_ten_partition,partition_041_d2e529cd4033,,NAUMANN_CAL_T40_SOC62.5,hierarchical_power_fallback,0.90000000000000002,4,5,,unavailable_finite_sample_full_physical_range,unavailable,insufficient_same_route_calibration,,,,,
exhaustive_six_of_ten_partition,partition_041_d2e529cd4033,,NAUMANN_CAL_T40_SOC87.5,hierarchical_power_fallback,0.90000000000000002,4,5,,unavailable_finite_sample_full_physical_range,unavailable,insufficient_same_route_calibration,,,,,
exhaustive_six_of_ten_partition,partition_041_d2e529cd4033,,NAUMANN_CAL_T40_SOC100,hierarchical_power_fallback,0.94999999999999996,4,5,,unavailable_finite_sample_full_physical_range,unavailable,insufficient_same_route_calibration,,,,,
exhaustive_six_of_ten_partition,partition_041_d2e529cd4033,,NAUMANN_CAL_T40_SOC37.5,hierarchical_power_fallback,0.94999999999999996,4,5,,unavailable_finite_sample_full_physical_range,unavailable,insufficient_same_route_calibration,,,,,
exhaustive_six_of_ten_partition,partition_041_d2e529cd4033,,NAUMANN_CAL_T40_SOC62.5,hierarchical_power_fallback,0.94999999999999996,4,5,,unavailable_finite_sample_full_physical_range,unavailable,insufficient_same_route_calibration,,,,,
exhaustive_six_of_ten_partition,partition_041_d2e529cd4033,,NAUMANN_CAL_T40_SOC87.5,hierarchical_power_fallback,0.94999999999999996,4,5,,unavailable_finite_sample_full_physical_range,unavailable,insufficient_same_route_calibration,,,,,
exhaustive_six_of_ten_partition,partition_042_7374cc557298,,NAUMANN_CAL_T40_SOC100,hierarchical_power_fallback,0.80000000000000004,4,4,2.1698424743004083,finite_order_statistic,available,none,True,1,1.4242933532746951,2.2673997803693737,1.4242933532746951
exhaustive_six_of_ten_partition,partition_042_7374cc557298,,NAUMANN_CAL_T40_SOC37.5,hierarchical_power_fallback,0.80000000000000004,4,4,2.1698424743004083,finite_order_statistic,available,none,True,1,1.9346642885590211,3.4427051368367643,1.9346642885590211
exhaustive_six_of_ten_partition,partition_042_7374cc557298,,NAUMANN_CAL_T40_SOC62.5,hierarchical_power_fallback,0.80000000000000004,4,4,2.1698424743004083,finite_order_statistic,available,none,True,1,1.7721164814876715,3.0610265608058569,1.7721164814876715
exhaustive_six_of_ten_partition,partition_042_7374cc557298,,NAUMANN_CAL_T40_SOC75,hierarchical_power_fallback,0.80000000000000004,4,4,2.1698424743004083,finite_order_statistic,available,none,True,1,1.3720864256784864,2.1520129956726066,1.3720864256784864
exhaustive_six_of_ten_partition,partition_042_7374cc557298,,NAUMANN_CAL_T40_SOC100,hierarchical_power_fallback,0.90000000000000002,4,5,,unavailable_finite_sample_full_physical_range,unavailable,insufficient_same_route_calibration,,,,,
exhaustive_six_of_ten_partition,partition_042_7374cc557298,,NAUMANN_CAL_T40_SOC37.5,hierarchical_power_fallback,0.90000000000000002,4,5,,unavailable_finite_sample_full_physical_range,unavailable,insufficient_same_route_calibration,,,,,
exhaustive_six_of_ten_partition,partition_042_7374cc557298,,NAUMANN_CAL_T40_SOC62.5,hierarchical_power_fallback,0.90000000000000002,4,5,,unavailable_finite_sample_full_physical_range,unavailable,insufficient_same_route_calibration,,,,,
exhaustive_six_of_ten_partition,partition_042_7374cc557298,,NAUMANN_CAL_T40_SOC75,hierarchical_power_fallback,0.90000000000000002,4,5,,unavailable_finite_sample_full_physical_range,unavailable,insufficient_same_route_calibration,,,,,
exhaustive_six_of_ten_partition,partition_042_7374cc557298,,NAUMANN_CAL_T40_SOC100,hierarchical_power_fallback,0.94999999999999996,4,5,,unavailable_finite_sample_full_physical_range,unavailable,insufficient_same_route_calibration,,,,,
exhaustive_six_of_ten_partition,partition_042_7374cc557298,,NAUMANN_CAL_T40_SOC37.5,hierarchical_power_fallback,0.94999999999999996,4,5,,unavailable_finite_sample_full_physical_range,unavailable,insufficient_same_route_calibration,,,,,
exhaustive_six_of_ten_partition,partition_042_7374cc557298,,NAUMANN_CAL_T40_SOC62.5,hierarchical_power_fallback,0.94999999999999996,4,5,,unavailable_finite_sample_full_physical_range,unavailable,insufficient_same_route_calibration,,,,,
exhaustive_six_of_ten_partition,partition_042_7374cc557298,,NAUMANN_CAL_T40_SOC75,hierarchical_power_fallback,0.94999999999999996,4,5,,unavailable_finite_sample_full_physical_range,unavailable,insufficient_same_route_calibration,,,,,
exhaustive_six_of_ten_partition,partition_043_1fbfa576f7cb,,NAUMANN_CAL_T40_SOC100,hierarchical_power_fallback,0.80000000000000004,4,4,1.4840726147248924,finite_order_statistic,available,none,True,1,0.97415125105391553,1.5507973323106512,0.97415125105391553
exhaustive_six_of_ten_partition,partition_043_1fbfa576f7cb,,NAUMANN_CAL_T40_SOC37.5,hierarchical_power_fallback,0.80000000000000004,4,4,1.4840726147248924,finite_order_statistic,available,none,True,1,1.3232215349007652,2.3546522269085131,1.3232215349007652
exhaustive_six_of_ten_partition,partition_043_1fbfa576f7cb,,NAUMANN_CAL_T40_SOC50,hierarchical_power_fallback,0.80000000000000004,4,4,1.4840726147248924,finite_order_statistic,available,none,False,0.20000000000000001,1.5575563227100178,2.916871079971969,2.9959070847109435
exhaustive_six_of_ten_partition,partition_043_1fbfa576f7cb,,NAUMANN_CAL_T40_SOC87.5,hierarchical_power_fallback,0.80000000000000004,4,4,1.4840726147248924,finite_order_statistic,available,none,True,1,0.92037746956454047,1.4317147353037001,0.92037746956454047
exhaustive_six_of_ten_partition,partition_043_1fbfa576f7cb,,NAUMANN_CAL_T40_SOC100,hierarchical_power_fallback,0.90000000000000002,4,5,,unavailable_finite_sample_full_physical_range,unavailable,insufficient_same_route_calibration,,,,,
exhaustive_six_of_ten_partition,partition_043_1fbfa576f7cb,,NAUMANN_CAL_T40_SOC37.5,hierarchical_power_fallback,0.90000000000000002,4,5,,unavailable_finite_sample_full_physical_range,unavailable,insufficient_same_route_calibration,,,,,
exhaustive_six_of_ten_partition,partition_043_1fbfa576f7cb,,NAUMANN_CAL_T40_SOC50,hierarchical_power_fallback,0.90000000000000002,4,5,,unavailable_finite_sample_full_physical_range,unavailable,insufficient_same_route_calibration,,,,,
exhaustive_six_of_ten_partition,partition_043_1fbfa576f7cb,,NAUMANN_CAL_T40_SOC87.5,hierarchical_power_fallback,0.90000000000000002,4,5,,unavailable_finite_sample_full_physical_range,unavailable,insufficient_same_route_calibration,,,,,
exhaustive_six_of_ten_partition,partition_043_1fbfa576f7cb,,NAUMANN_CAL_T40_SOC100,hierarchical_power_fallback,0.94999999999999996,4,5,,unavailable_finite_sample_full_physical_range,unavailable,insufficient_same_route_calibration,,,,,
exhaustive_six_of_ten_partition,partition_043_1fbfa576f7cb,,NAUMANN_CAL_T40_SOC37.5,hierarchical_power_fallback,0.94999999999999996,4,5,,unavailable_finite_sample_full_physical_range,unavailable,insufficient_same_route_calibration,,,,,
exhaustive_six_of_ten_partition,partition_043_1fbfa576f7cb,,NAUMANN_CAL_T40_SOC50,hierarchical_power_fallback,0.94999999999999996,4,5,,unavailable_finite_sample_full_physical_range,unavailable,insufficient_same_route_calibration,,,,,
exhaustive_six_of_ten_partition,partition_043_1fbfa576f7cb,,NAUMANN_CAL_T40_SOC87.5,hierarchical_power_fallback,0.94999999999999996,4,5,,unavailable_finite_sample_full_physical_range,unavailable,insufficient_same_route_calibration,,,,,
exhaustive_six_of_ten_partition,partition_044_1e98e122b9bb,,NAUMANN_CAL_T40_SOC100,hierarchical_power_fallback,0.80000000000000004,4,4,1.4840726147248924,finite_order_statistic,available,none,True,1,0.97415125105391553,1.5507973323106512,0.97415125105391553
exhaustive_six_of_ten_partition,partition_044_1e98e122b9bb,,NAUMANN_CAL_T40_SOC37.5,hierarchical_power_fallback,0.80000000000000004,4,4,1.4840726147248924,finite_order_statistic,available,none,True,1,1.3232215349007652,2.3546522269085131,1.3232215349007652
exhaustive_six_of_ten_partition,partition_044_1e98e122b9bb,,NAUMANN_CAL_T40_SOC50,hierarchical_power_fallback,0.80000000000000004,4,4,1.4840726147248924,finite_order_statistic,available,none,False,0.20000000000000001,1.5575563227100178,2.916871079971969,2.9959070847109435
exhaustive_six_of_ten_partition,partition_044_1e98e122b9bb,,NAUMANN_CAL_T40_SOC75,hierarchical_power_fallback,0.80000000000000004,4,4,1.4840726147248924,finite_order_statistic,available,none,True,1,0.93844410988485494,1.4718780700610523,0.93844410988485494
exhaustive_six_of_ten_partition,partition_044_1e98e122b9bb,,NAUMANN_CAL_T40_SOC100,hierarchical_power_fallback,0.90000000000000002,4,5,,unavailable_finite_sample_full_physical_range,unavailable,insufficient_same_route_calibration,,,,,
exhaustive_six_of_ten_partition,partition_044_1e98e122b9bb,,NAUMANN_CAL_T40_SOC37.5,hierarchical_power_fallback,0.90000000000000002,4,5,,unavailable_finite_sample_full_physical_range,unavailable,insufficient_same_route_calibration,,,,,
exhaustive_six_of_ten_partition,partition_044_1e98e122b9bb,,NAUMANN_CAL_T40_SOC50,hierarchical_power_fallback,0.90000000000000002,4,5,,unavailable_finite_sample_full_physical_range,unavailable,insufficient_same_route_calibration,,,,,
exhaustive_six_of_ten_partition,partition_044_1e98e122b9bb,,NAUMANN_CAL_T40_SOC75,hierarchical_power_fallback,0.90000000000000002,4,5,,unavailable_finite_sample_full_physical_range,unavailable,insufficient_same_route_calibration,,,,,
exhaustive_six_of_ten_partition,partition_044_1e98e122b9bb,,NAUMANN_CAL_T40_SOC100,hierarchical_power_fallback,0.94999999999999996,4,5,,unavailable_finite_sample_full_physical_range,unavailable,insufficient_same_route_calibration,,,,,
exhaustive_six_of_ten_partition,partition_044_1e98e122b9bb,,NAUMANN_CAL_T40_SOC37.5,hierarchical_power_fallback,0.94999999999999996,4,5,,unavailable_finite_sample_full_physical_range,unavailable,insufficient_same_route_calibration,,,,,
exhaustive_six_of_ten_partition,partition_044_1e98e122b9bb,,NAUMANN_CAL_T40_SOC50,hierarchical_power_fallback,0.94999999999999996,4,5,,unavailable_finite_sample_full_physical_range,unavailable,insufficient_same_route_calibration,,,,,
exhaustive_six_of_ten_partition,partition_044_1e98e122b9bb,,NAUMANN_CAL_T40_SOC75,hierarchical_power_fallback,0.94999999999999996,4,5,,unavailable_finite_sample_full_physical_range,unavailable,insufficient_same_route_calibration,,,,,
exhaustive_six_of_ten_partition,partition_045_ca2ec77fe9c7,,NAUMANN_CAL_T40_SOC100,hierarchical_power_fallback,0.80000000000000004,4,4,1.4840726147248924,finite_order_statistic,available,none,True,1,0.97415125105391553,1.5507973323106512,0.97415125105391553
exhaustive_six_of_ten_partition,partition_045_ca2ec77fe9c7,,NAUMANN_CAL_T40_SOC37.5,hierarchical_power_fallback,0.80000000000000004,4,4,1.4840726147248924,finite_order_statistic,available,none,True,1,1.3232215349007652,2.3546522269085131,1.3232215349007652
exhaustive_six_of_ten_partition,partition_045_ca2ec77fe9c7,,NAUMANN_CAL_T40_SOC50,hierarchical_power_fallback,0.80000000000000004,4,4,1.4840726147248924,finite_order_statistic,available,none,False,0.20000000000000001,1.5575563227100178,2.916871079971969,2.9959070847109435
exhaustive_six_of_ten_partition,partition_045_ca2ec77fe9c7,,NAUMANN_CAL_T40_SOC62.5,hierarchical_power_fallback,0.80000000000000004,4,4,1.4840726147248924,finite_order_statistic,available,none,True,1,1.2120462989491545,2.0936016073250414,1.2120462989491545
exhaustive_six_of_ten_partition,partition_045_ca2ec77fe9c7,,NAUMANN_CAL_T40_SOC100,hierarchical_power_fallback,0.90000000000000002,4,5,,unavailable_finite_sample_full_physical_range,unavailable,insufficient_same_route_calibration,,,,,
exhaustive_six_of_ten_partition,partition_045_ca2ec77fe9c7,,NAUMANN_CAL_T40_SOC37.5,hierarchical_power_fallback,0.90000000000000002,4,5,,unavailable_finite_sample_full_physical_range,unavailable,insufficient_same_route_calibration,,,,,
exhaustive_six_of_ten_partition,partition_045_ca2ec77fe9c7,,NAUMANN_CAL_T40_SOC50,hierarchical_power_fallback,0.90000000000000002,4,5,,unavailable_finite_sample_full_physical_range,unavailable,insufficient_same_route_calibration,,,,,
exhaustive_six_of_ten_partition,partition_045_ca2ec77fe9c7,,NAUMANN_CAL_T40_SOC62.5,hierarchical_power_fallback,0.90000000000000002,4,5,,unavailable_finite_sample_full_physical_range,unavailable,insufficient_same_route_calibration,,,,,
exhaustive_six_of_ten_partition,partition_045_ca2ec77fe9c7,,NAUMANN_CAL_T40_SOC100,hierarchical_power_fallback,0.94999999999999996,4,5,,unavailable_finite_sample_full_physical_range,unavailable,insufficient_same_route_calibration,,,,,
exhaustive_six_of_ten_partition,partition_045_ca2ec77fe9c7,,NAUMANN_CAL_T40_SOC37.5,hierarchical_power_fallback,0.94999999999999996,4,5,,unavailable_finite_sample_full_physical_range,unavailable,insufficient_same_route_calibration,,,,,
exhaustive_six_of_ten_partition,partition_045_ca2ec77fe9c7,,NAUMANN_CAL_T40_SOC50,hierarchical_power_fallback,0.94999999999999996,4,5,,unavailable_finite_sample_full_physical_range,unavailable,insufficient_same_route_calibration,,,,,
exhaustive_six_of_ten_partition,partition_045_ca2ec77fe9c7,,NAUMANN_CAL_T40_SOC62.5,hierarchical_power_fallback,0.94999999999999996,4,5,,unavailable_finite_sample_full_physical_range,unavailable,insufficient_same_route_calibration,,,,,
exhaustive_six_of_ten_partition,partition_046_8eb946a3c0fe,,NAUMANN_CAL_T40_SOC100,hierarchical_power_fallback,0.80000000000000004,4,4,2.1698424743004083,finite_order_statistic,available,none,True,1,1.4242933532746951,2.2673997803693737,1.4242933532746951
exhaustive_six_of_ten_partition,partition_046_8eb946a3c0fe,,NAUMANN_CAL_T40_SOC25,hierarchical_power_fallback,0.80000000000000004,4,4,2.1698424743004083,finite_order_statistic,available,none,True,1,2.2106892511167611,4.1087384001945395,2.2106892511167611
exhaustive_six_of_ten_partition,partition_046_8eb946a3c0fe,,NAUMANN_CAL_T40_SOC75,hierarchical_power_fallback,0.80000000000000004,4,4,2.1698424743004083,finite_order_statistic,available,none,True,1,1.3720864256784864,2.1520129956726066,1.3720864256784864
exhaustive_six_of_ten_partition,partition_046_8eb946a3c0fe,,NAUMANN_CAL_T40_SOC87.5,hierarchical_power_fallback,0.80000000000000004,4,4,2.1698424743004083,finite_order_statistic,available,none,True,1,1.3456714355048427,2.0932907277718584,1.3456714355048427
exhaustive_six_of_ten_partition,partition_046_8eb946a3c0fe,,NAUMANN_CAL_T40_SOC100,hierarchical_power_fallback,0.90000000000000002,4,5,,unavailable_finite_sample_full_physical_range,unavailable,insufficient_same_route_calibration,,,,,
exhaustive_six_of_ten_partition,partition_046_8eb946a3c0fe,,NAUMANN_CAL_T40_SOC25,hierarchical_power_fallback,0.90000000000000002,4,5,,unavailable_finite_sample_full_physical_range,unavailable,insufficient_same_route_calibration,,,,,
exhaustive_six_of_ten_partition,partition_046_8eb946a3c0fe,,NAUMANN_CAL_T40_SOC75,hierarchical_power_fallback,0.90000000000000002,4,5,,unavailable_finite_sample_full_physical_range,unavailable,insufficient_same_route_calibration,,,,,
exhaustive_six_of_ten_partition,partition_046_8eb946a3c0fe,,NAUMANN_CAL_T40_SOC87.5,hierarchical_power_fallback,0.90000000000000002,4,5,,unavailable_finite_sample_full_physical_range,unavailable,insufficient_same_route_calibration,,,,,
exhaustive_six_of_ten_partition,partition_046_8eb946a3c0fe,,NAUMANN_CAL_T40_SOC100,hierarchical_power_fallback,0.94999999999999996,4,5,,unavailable_finite_sample_full_physical_range,unavailable,insufficient_same_route_calibration,,,,,
exhaustive_six_of_ten_partition,partition_046_8eb946a3c0fe,,NAUMANN_CAL_T40_SOC25,hierarchical_power_fallback,0.94999999999999996,4,5,,unavailable_finite_sample_full_physical_range,unavailable,insufficient_same_route_calibration,,,,,
exhaustive_six_of_ten_partition,partition_046_8eb946a3c0fe,,NAUMANN_CAL_T40_SOC75,hierarchical_power_fallback,0.94999999999999996,4,5,,unavailable_finite_sample_full_physical_range,unavailable,insufficient_same_route_calibration,,,,,
exhaustive_six_of_ten_partition,partition_046_8eb946a3c0fe,,NAUMANN_CAL_T40_SOC87.5,hierarchical_power_fallback,0.94999999999999996,4,5,,unavailable_finite_sample_full_physical_range,unavailable,insufficient_same_route_calibration,,,,,
exhaustive_six_of_ten_partition,partition_047_46453a61cf59,,NAUMANN_CAL_T40_SOC100,hierarchical_power_fallback,0.80000000000000004,4,4,2.1698424743004083,finite_order_statistic,available,none,True,1,1.4242933532746951,2.2673997803693737,1.4242933532746951
exhaustive_six_of_ten_partition,partition_047_46453a61cf59,,NAUMANN_CAL_T40_SOC25,hierarchical_power_fallback,0.80000000000000004,4,4,2.1698424743004083,finite_order_statistic,available,none,True,1,2.2106892511167611,4.1087384001945395,2.2106892511167611
exhaustive_six_of_ten_partition,partition_047_46453a61cf59,,NAUMANN_CAL_T40_SOC62.5,hierarchical_power_fallback,0.80000000000000004,4,4,2.1698424743004083,finite_order_statistic,available,none,True,1,1.7721164814876715,3.0610265608058569,1.7721164814876715
exhaustive_six_of_ten_partition,partition_047_46453a61cf59,,NAUMANN_CAL_T40_SOC87.5,hierarchical_power_fallback,0.80000000000000004,4,4,2.1698424743004083,finite_order_statistic,available,none,True,1,1.3456714355048427,2.0932907277718584,1.3456714355048427
exhaustive_six_of_ten_partition,partition_047_46453a61cf59,,NAUMANN_CAL_T40_SOC100,hierarchical_power_fallback,0.90000000000000002,4,5,,unavailable_finite_sample_full_physical_range,unavailable,insufficient_same_route_calibration,,,,,
exhaustive_six_of_ten_partition,partition_047_46453a61cf59,,NAUMANN_CAL_T40_SOC25,hierarchical_power_fallback,0.90000000000000002,4,5,,unavailable_finite_sample_full_physical_range,unavailable,insufficient_same_route_calibration,,,,,
exhaustive_six_of_ten_partition,partition_047_46453a61cf59,,NAUMANN_CAL_T40_SOC62.5,hierarchical_power_fallback,0.90000000000000002,4,5,,unavailable_finite_sample_full_physical_range,unavailable,insufficient_same_route_calibration,,,,,
exhaustive_six_of_ten_partition,partition_047_46453a61cf59,,NAUMANN_CAL_T40_SOC87.5,hierarchical_power_fallback,0.90000000000000002,4,5,,unavailable_finite_sample_full_physical_range,unavailable,insufficient_same_route_calibration,,,,,
exhaustive_six_of_ten_partition,partition_047_46453a61cf59,,NAUMANN_CAL_T40_SOC100,hierarchical_power_fallback,0.94999999999999996,4,5,,unavailable_finite_sample_full_physical_range,unavailable,insufficient_same_route_calibration,,,,,
exhaustive_six_of_ten_partition,partition_047_46453a61cf59,,NAUMANN_CAL_T40_SOC25,hierarchical_power_fallback,0.94999999999999996,4,5,,unavailable_finite_sample_full_physical_range,unavailable,insufficient_same_route_calibration,,,,,
exhaustive_six_of_ten_partition,partition_047_46453a61cf59,,NAUMANN_CAL_T40_SOC62.5,hierarchical_power_fallback,0.94999999999999996,4,5,,unavailable_finite_sample_full_physical_range,unavailable,insufficient_same_route_calibration,,,,,
exhaustive_six_of_ten_partition,partition_047_46453a61cf59,,NAUMANN_CAL_T40_SOC87.5,hierarchical_power_fallback,0.94999999999999996,4,5,,unavailable_finite_sample_full_physical_range,unavailable,insufficient_same_route_calibration,,,,,
exhaustive_six_of_ten_partition,partition_048_0bce1800e813,,NAUMANN_CAL_T40_SOC100,hierarchical_power_fallback,0.80000000000000004,4,4,2.1698424743004083,finite_order_statistic,available,none,True,1,1.4242933532746951,2.2673997803693737,1.4242933532746951
exhaustive_six_of_ten_partition,partition_048_0bce1800e813,,NAUMANN_CAL_T40_SOC25,hierarchical_power_fallback,0.80000000000000004,4,4,2.1698424743004083,finite_order_statistic,available,none,True,1,2.2106892511167611,4.1087384001945395,2.2106892511167611
exhaustive_six_of_ten_partition,partition_048_0bce1800e813,,NAUMANN_CAL_T40_SOC62.5,hierarchical_power_fallback,0.80000000000000004,4,4,2.1698424743004083,finite_order_statistic,available,none,True,1,1.7721164814876715,3.0610265608058569,1.7721164814876715
exhaustive_six_of_ten_partition,partition_048_0bce1800e813,,NAUMANN_CAL_T40_SOC75,hierarchical_power_fallback,0.80000000000000004,4,4,2.1698424743004083,finite_order_statistic,available,none,True,1,1.3720864256784864,2.1520129956726066,1.3720864256784864
exhaustive_six_of_ten_partition,partition_048_0bce1800e813,,NAUMANN_CAL_T40_SOC100,hierarchical_power_fallback,0.90000000000000002,4,5,,unavailable_finite_sample_full_physical_range,unavailable,insufficient_same_route_calibration,,,,,
exhaustive_six_of_ten_partition,partition_048_0bce1800e813,,NAUMANN_CAL_T40_SOC25,hierarchical_power_fallback,0.90000000000000002,4,5,,unavailable_finite_sample_full_physical_range,unavailable,insufficient_same_route_calibration,,,,,
exhaustive_six_of_ten_partition,partition_048_0bce1800e813,,NAUMANN_CAL_T40_SOC62.5,hierarchical_power_fallback,0.90000000000000002,4,5,,unavailable_finite_sample_full_physical_range,unavailable,insufficient_same_route_calibration,,,,,
exhaustive_six_of_ten_partition,partition_048_0bce1800e813,,NAUMANN_CAL_T40_SOC75,hierarchical_power_fallback,0.90000000000000002,4,5,,unavailable_finite_sample_full_physical_range,unavailable,insufficient_same_route_calibration,,,,,
exhaustive_six_of_ten_partition,partition_048_0bce1800e813,,NAUMANN_CAL_T40_SOC100,hierarchical_power_fallback,0.94999999999999996,4,5,,unavailable_finite_sample_full_physical_range,unavailable,insufficient_same_route_calibration,,,,,
exhaustive_six_of_ten_partition,partition_048_0bce1800e813,,NAUMANN_CAL_T40_SOC25,hierarchical_power_fallback,0.94999999999999996,4,5,,unavailable_finite_sample_full_physical_range,unavailable,insufficient_same_route_calibration,,,,,
exhaustive_six_of_ten_partition,partition_048_0bce1800e813,,NAUMANN_CAL_T40_SOC62.5,hierarchical_power_fallback,0.94999999999999996,4,5,,unavailable_finite_sample_full_physical_range,unavailable,insufficient_same_route_calibration,,,,,
exhaustive_six_of_ten_partition,partition_048_0bce1800e813,,NAUMANN_CAL_T40_SOC75,hierarchical_power_fallback,0.94999999999999996,4,5,,unavailable_finite_sample_full_physical_range,unavailable,insufficient_same_route_calibration,,,,,
exhaustive_six_of_ten_partition,partition_049_c5f97d40abc1,,NAUMANN_CAL_T40_SOC100,hierarchical_power_fallback,0.80000000000000004,4,4,1.4840726147248924,finite_order_statistic,available,none,True,1,0.97415125105391553,1.5507973323106512,0.97415125105391553
exhaustive_six_of_ten_partition,partition_049_c5f97d40abc1,,NAUMANN_CAL_T40_SOC25,hierarchical_power_fallback,0.80000000000000004,4,4,1.4840726147248924,finite_order_statistic,available,none,True,1,1.5120099344109541,2.8101883952489572,1.5120099344109541
exhaustive_six_of_ten_partition,partition_049_c5f97d40abc1,,NAUMANN_CAL_T40_SOC50,hierarchical_power_fallback,0.80000000000000004,4,4,1.4840726147248924,finite_order_statistic,available,none,False,0.20000000000000001,1.5575563227100178,2.916871079971969,2.9959070847109435
exhaustive_six_of_ten_partition,partition_049_c5f97d40abc1,,NAUMANN_CAL_T40_SOC87.5,hierarchical_power_fallback,0.80000000000000004,4,4,1.4840726147248924,finite_order_statistic,available,none,True,1,0.92037746956454047,1.4317147353037001,0.92037746956454047
exhaustive_six_of_ten_partition,partition_049_c5f97d40abc1,,NAUMANN_CAL_T40_SOC100,hierarchical_power_fallback,0.90000000000000002,4,5,,unavailable_finite_sample_full_physical_range,unavailable,insufficient_same_route_calibration,,,,,
exhaustive_six_of_ten_partition,partition_049_c5f97d40abc1,,NAUMANN_CAL_T40_SOC25,hierarchical_power_fallback,0.90000000000000002,4,5,,unavailable_finite_sample_full_physical_range,unavailable,insufficient_same_route_calibration,,,,,
exhaustive_six_of_ten_partition,partition_049_c5f97d40abc1,,NAUMANN_CAL_T40_SOC50,hierarchical_power_fallback,0.90000000000000002,4,5,,unavailable_finite_sample_full_physical_range,unavailable,insufficient_same_route_calibration,,,,,
exhaustive_six_of_ten_partition,partition_049_c5f97d40abc1,,NAUMANN_CAL_T40_SOC87.5,hierarchical_power_fallback,0.90000000000000002,4,5,,unavailable_finite_sample_full_physical_range,unavailable,insufficient_same_route_calibration,,,,,
exhaustive_six_of_ten_partition,partition_049_c5f97d40abc1,,NAUMANN_CAL_T40_SOC100,hierarchical_power_fallback,0.94999999999999996,4,5,,unavailable_finite_sample_full_physical_range,unavailable,insufficient_same_route_calibration,,,,,
exhaustive_six_of_ten_partition,partition_049_c5f97d40abc1,,NAUMANN_CAL_T40_SOC25,hierarchical_power_fallback,0.94999999999999996,4,5,,unavailable_finite_sample_full_physical_range,unavailable,insufficient_same_route_calibration,,,,,
exhaustive_six_of_ten_partition,partition_049_c5f97d40abc1,,NAUMANN_CAL_T40_SOC50,hierarchical_power_fallback,0.94999999999999996,4,5,,unavailable_finite_sample_full_physical_range,unavailable,insufficient_same_route_calibration,,,,,
exhaustive_six_of_ten_partition,partition_049_c5f97d40abc1,,NAUMANN_CAL_T40_SOC87.5,hierarchical_power_fallback,0.94999999999999996,4,5,,unavailable_finite_sample_full_physical_range,unavailable,insufficient_same_route_calibration,,,,,
exhaustive_six_of_ten_partition,partition_050_4c0a3220e149,,NAUMANN_CAL_T40_SOC100,hierarchical_power_fallback,0.80000000000000004,4,4,1.4840726147248924,finite_order_statistic,available,none,True,1,0.97415125105391553,1.5507973323106512,0.97415125105391553
exhaustive_six_of_ten_partition,partition_050_4c0a3220e149,,NAUMANN_CAL_T40_SOC25,hierarchical_power_fallback,0.80000000000000004,4,4,1.4840726147248924,finite_order_statistic,available,none,True,1,1.5120099344109541,2.8101883952489572,1.5120099344109541
exhaustive_six_of_ten_partition,partition_050_4c0a3220e149,,NAUMANN_CAL_T40_SOC50,hierarchical_power_fallback,0.80000000000000004,4,4,1.4840726147248924,finite_order_statistic,available,none,False,0.20000000000000001,1.5575563227100178,2.916871079971969,2.9959070847109435
exhaustive_six_of_ten_partition,partition_050_4c0a3220e149,,NAUMANN_CAL_T40_SOC75,hierarchical_power_fallback,0.80000000000000004,4,4,1.4840726147248924,finite_order_statistic,available,none,True,1,0.93844410988485494,1.4718780700610523,0.93844410988485494
exhaustive_six_of_ten_partition,partition_050_4c0a3220e149,,NAUMANN_CAL_T40_SOC100,hierarchical_power_fallback,0.90000000000000002,4,5,,unavailable_finite_sample_full_physical_range,unavailable,insufficient_same_route_calibration,,,,,
exhaustive_six_of_ten_partition,partition_050_4c0a3220e149,,NAUMANN_CAL_T40_SOC25,hierarchical_power_fallback,0.90000000000000002,4,5,,unavailable_finite_sample_full_physical_range,unavailable,insufficient_same_route_calibration,,,,,
exhaustive_six_of_ten_partition,partition_050_4c0a3220e149,,NAUMANN_CAL_T40_SOC50,hierarchical_power_fallback,0.90000000000000002,4,5,,unavailable_finite_sample_full_physical_range,unavailable,insufficient_same_route_calibration,,,,,
exhaustive_six_of_ten_partition,partition_050_4c0a3220e149,,NAUMANN_CAL_T40_SOC75,hierarchical_power_fallback,0.90000000000000002,4,5,,unavailable_finite_sample_full_physical_range,unavailable,insufficient_same_route_calibration,,,,,
exhaustive_six_of_ten_partition,partition_050_4c0a3220e149,,NAUMANN_CAL_T40_SOC100,hierarchical_power_fallback,0.94999999999999996,4,5,,unavailable_finite_sample_full_physical_range,unavailable,insufficient_same_route_calibration,,,,,
exhaustive_six_of_ten_partition,partition_050_4c0a3220e149,,NAUMANN_CAL_T40_SOC25,hierarchical_power_fallback,0.94999999999999996,4,5,,unavailable_finite_sample_full_physical_range,unavailable,insufficient_same_route_calibration,,,,,
exhaustive_six_of_ten_partition,partition_050_4c0a3220e149,,NAUMANN_CAL_T40_SOC50,hierarchical_power_fallback,0.94999999999999996,4,5,,unavailable_finite_sample_full_physical_range,unavailable,insufficient_same_route_calibration,,,,,
exhaustive_six_of_ten_partition,partition_050_4c0a3220e149,,NAUMANN_CAL_T40_SOC75,hierarchical_power_fallback,0.94999999999999996,4,5,,unavailable_finite_sample_full_physical_range,unavailable,insufficient_same_route_calibration,,,,,
exhaustive_six_of_ten_partition,partition_051_6abc6696e2b0,,NAUMANN_CAL_T40_SOC100,hierarchical_power_fallback,0.80000000000000004,4,4,1.4840726147248924,finite_order_statistic,available,none,True,1,0.97415125105391553,1.5507973323106512,0.97415125105391553
exhaustive_six_of_ten_partition,partition_051_6abc6696e2b0,,NAUMANN_CAL_T40_SOC25,hierarchical_power_fallback,0.80000000000000004,4,4,1.4840726147248924,finite_order_statistic,available,none,True,1,1.5120099344109541,2.8101883952489572,1.5120099344109541
exhaustive_six_of_ten_partition,partition_051_6abc6696e2b0,,NAUMANN_CAL_T40_SOC50,hierarchical_power_fallback,0.80000000000000004,4,4,1.4840726147248924,finite_order_statistic,available,none,False,0.20000000000000001,1.5575563227100178,2.916871079971969,2.9959070847109435
exhaustive_six_of_ten_partition,partition_051_6abc6696e2b0,,NAUMANN_CAL_T40_SOC62.5,hierarchical_power_fallback,0.80000000000000004,4,4,1.4840726147248924,finite_order_statistic,available,none,True,1,1.2120462989491545,2.0936016073250414,1.2120462989491545
exhaustive_six_of_ten_partition,partition_051_6abc6696e2b0,,NAUMANN_CAL_T40_SOC100,hierarchical_power_fallback,0.90000000000000002,4,5,,unavailable_finite_sample_full_physical_range,unavailable,insufficient_same_route_calibration,,,,,
exhaustive_six_of_ten_partition,partition_051_6abc6696e2b0,,NAUMANN_CAL_T40_SOC25,hierarchical_power_fallback,0.90000000000000002,4,5,,unavailable_finite_sample_full_physical_range,unavailable,insufficient_same_route_calibration,,,,,
exhaustive_six_of_ten_partition,partition_051_6abc6696e2b0,,NAUMANN_CAL_T40_SOC50,hierarchical_power_fallback,0.90000000000000002,4,5,,unavailable_finite_sample_full_physical_range,unavailable,insufficient_same_route_calibration,,,,,
exhaustive_six_of_ten_partition,partition_051_6abc6696e2b0,,NAUMANN_CAL_T40_SOC62.5,hierarchical_power_fallback,0.90000000000000002,4,5,,unavailable_finite_sample_full_physical_range,unavailable,insufficient_same_route_calibration,,,,,
exhaustive_six_of_ten_partition,partition_051_6abc6696e2b0,,NAUMANN_CAL_T40_SOC100,hierarchical_power_fallback,0.94999999999999996,4,5,,unavailable_finite_sample_full_physical_range,unavailable,insufficient_same_route_calibration,,,,,
exhaustive_six_of_ten_partition,partition_051_6abc6696e2b0,,NAUMANN_CAL_T40_SOC25,hierarchical_power_fallback,0.94999999999999996,4,5,,unavailable_finite_sample_full_physical_range,unavailable,insufficient_same_route_calibration,,,,,
exhaustive_six_of_ten_partition,partition_051_6abc6696e2b0,,NAUMANN_CAL_T40_SOC50,hierarchical_power_fallback,0.94999999999999996,4,5,,unavailable_finite_sample_full_physical_range,unavailable,insufficient_same_route_calibration,,,,,
exhaustive_six_of_ten_partition,partition_051_6abc6696e2b0,,NAUMANN_CAL_T40_SOC62.5,hierarchical_power_fallback,0.94999999999999996,4,5,,unavailable_finite_sample_full_physical_range,unavailable,insufficient_same_route_calibration,,,,,
exhaustive_six_of_ten_partition,partition_052_6ccafbfa12cc,,NAUMANN_CAL_T40_SOC100,hierarchical_power_fallback,0.80000000000000004,4,4,2.1698424743004083,finite_order_statistic,available,none,True,1,1.4242933532746951,2.2673997803693737,1.4242933532746951
exhaustive_six_of_ten_partition,partition_052_6ccafbfa12cc,,NAUMANN_CAL_T40_SOC25,hierarchical_power_fallback,0.80000000000000004,4,4,2.1698424743004083,finite_order_statistic,available,none,True,1,2.2106892511167611,4.1087384001945395,2.2106892511167611
exhaustive_six_of_ten_partition,partition_052_6ccafbfa12cc,,NAUMANN_CAL_T40_SOC37.5,hierarchical_power_fallback,0.80000000000000004,4,4,2.1698424743004083,finite_order_statistic,available,none,True,1,1.9346642885590211,3.4427051368367643,1.9346642885590211
exhaustive_six_of_ten_partition,partition_052_6ccafbfa12cc,,NAUMANN_CAL_T40_SOC87.5,hierarchical_power_fallback,0.80000000000000004,4,4,2.1698424743004083,finite_order_statistic,available,none,True,1,1.3456714355048427,2.0932907277718584,1.3456714355048427
exhaustive_six_of_ten_partition,partition_052_6ccafbfa12cc,,NAUMANN_CAL_T40_SOC100,hierarchical_power_fallback,0.90000000000000002,4,5,,unavailable_finite_sample_full_physical_range,unavailable,insufficient_same_route_calibration,,,,,
exhaustive_six_of_ten_partition,partition_052_6ccafbfa12cc,,NAUMANN_CAL_T40_SOC25,hierarchical_power_fallback,0.90000000000000002,4,5,,unavailable_finite_sample_full_physical_range,unavailable,insufficient_same_route_calibration,,,,,
exhaustive_six_of_ten_partition,partition_052_6ccafbfa12cc,,NAUMANN_CAL_T40_SOC37.5,hierarchical_power_fallback,0.90000000000000002,4,5,,unavailable_finite_sample_full_physical_range,unavailable,insufficient_same_route_calibration,,,,,
exhaustive_six_of_ten_partition,partition_052_6ccafbfa12cc,,NAUMANN_CAL_T40_SOC87.5,hierarchical_power_fallback,0.90000000000000002,4,5,,unavailable_finite_sample_full_physical_range,unavailable,insufficient_same_route_calibration,,,,,
exhaustive_six_of_ten_partition,partition_052_6ccafbfa12cc,,NAUMANN_CAL_T40_SOC100,hierarchical_power_fallback,0.94999999999999996,4,5,,unavailable_finite_sample_full_physical_range,unavailable,insufficient_same_route_calibration,,,,,
exhaustive_six_of_ten_partition,partition_052_6ccafbfa12cc,,NAUMANN_CAL_T40_SOC25,hierarchical_power_fallback,0.94999999999999996,4,5,,unavailable_finite_sample_full_physical_range,unavailable,insufficient_same_route_calibration,,,,,
exhaustive_six_of_ten_partition,partition_052_6ccafbfa12cc,,NAUMANN_CAL_T40_SOC37.5,hierarchical_power_fallback,0.94999999999999996,4,5,,unavailable_finite_sample_full_physical_range,unavailable,insufficient_same_route_calibration,,,,,
exhaustive_six_of_ten_partition,partition_052_6ccafbfa12cc,,NAUMANN_CAL_T40_SOC87.5,hierarchical_power_fallback,0.94999999999999996,4,5,,unavailable_finite_sample_full_physical_range,unavailable,insufficient_same_route_calibration,,,,,
exhaustive_six_of_ten_partition,partition_053_a1a77356935f,,NAUMANN_CAL_T40_SOC100,hierarchical_power_fallback,0.80000000000000004,4,4,2.1698424743004083,finite_order_statistic,available,none,True,1,1.4242933532746951,2.2673997803693737,1.4242933532746951
exhaustive_six_of_ten_partition,partition_053_a1a77356935f,,NAUMANN_CAL_T40_SOC25,hierarchical_power_fallback,0.80000000000000004,4,4,2.1698424743004083,finite_order_statistic,available,none,True,1,2.2106892511167611,4.1087384001945395,2.2106892511167611
exhaustive_six_of_ten_partition,partition_053_a1a77356935f,,NAUMANN_CAL_T40_SOC37.5,hierarchical_power_fallback,0.80000000000000004,4,4,2.1698424743004083,finite_order_statistic,available,none,True,1,1.9346642885590211,3.4427051368367643,1.9346642885590211
exhaustive_six_of_ten_partition,partition_053_a1a77356935f,,NAUMANN_CAL_T40_SOC75,hierarchical_power_fallback,0.80000000000000004,4,4,2.1698424743004083,finite_order_statistic,available,none,True,1,1.3720864256784864,2.1520129956726066,1.3720864256784864
exhaustive_six_of_ten_partition,partition_053_a1a77356935f,,NAUMANN_CAL_T40_SOC100,hierarchical_power_fallback,0.90000000000000002,4,5,,unavailable_finite_sample_full_physical_range,unavailable,insufficient_same_route_calibration,,,,,
exhaustive_six_of_ten_partition,partition_053_a1a77356935f,,NAUMANN_CAL_T40_SOC25,hierarchical_power_fallback,0.90000000000000002,4,5,,unavailable_finite_sample_full_physical_range,unavailable,insufficient_same_route_calibration,,,,,
exhaustive_six_of_ten_partition,partition_053_a1a77356935f,,NAUMANN_CAL_T40_SOC37.5,hierarchical_power_fallback,0.90000000000000002,4,5,,unavailable_finite_sample_full_physical_range,unavailable,insufficient_same_route_calibration,,,,,
exhaustive_six_of_ten_partition,partition_053_a1a77356935f,,NAUMANN_CAL_T40_SOC75,hierarchical_power_fallback,0.90000000000000002,4,5,,unavailable_finite_sample_full_physical_range,unavailable,insufficient_same_route_calibration,,,,,
exhaustive_six_of_ten_partition,partition_053_a1a77356935f,,NAUMANN_CAL_T40_SOC100,hierarchical_power_fallback,0.94999999999999996,4,5,,unavailable_finite_sample_full_physical_range,unavailable,insufficient_same_route_calibration,,,,,
exhaustive_six_of_ten_partition,partition_053_a1a77356935f,,NAUMANN_CAL_T40_SOC25,hierarchical_power_fallback,0.94999999999999996,4,5,,unavailable_finite_sample_full_physical_range,unavailable,insufficient_same_route_calibration,,,,,
exhaustive_six_of_ten_partition,partition_053_a1a77356935f,,NAUMANN_CAL_T40_SOC37.5,hierarchical_power_fallback,0.94999999999999996,4,5,,unavailable_finite_sample_full_physical_range,unavailable,insufficient_same_route_calibration,,,,,
exhaustive_six_of_ten_partition,partition_053_a1a77356935f,,NAUMANN_CAL_T40_SOC75,hierarchical_power_fallback,0.94999999999999996,4,5,,unavailable_finite_sample_full_physical_range,unavailable,insufficient_same_route_calibration,,,,,
exhaustive_six_of_ten_partition,partition_054_e199a29f20e0,,NAUMANN_CAL_T40_SOC100,hierarchical_power_fallback,0.80000000000000004,4,4,2.1698424743004083,finite_order_statistic,available,none,True,1,1.4242933532746951,2.2673997803693737,1.4242933532746951
exhaustive_six_of_ten_partition,partition_054_e199a29f20e0,,NAUMANN_CAL_T40_SOC25,hierarchical_power_fallback,0.80000000000000004,4,4,2.1698424743004083,finite_order_statistic,available,none,True,1,2.2106892511167611,4.1087384001945395,2.2106892511167611
exhaustive_six_of_ten_partition,partition_054_e199a29f20e0,,NAUMANN_CAL_T40_SOC37.5,hierarchical_power_fallback,0.80000000000000004,4,4,2.1698424743004083,finite_order_statistic,available,none,True,1,1.9346642885590211,3.4427051368367643,1.9346642885590211
exhaustive_six_of_ten_partition,partition_054_e199a29f20e0,,NAUMANN_CAL_T40_SOC62.5,hierarchical_power_fallback,0.80000000000000004,4,4,2.1698424743004083,finite_order_statistic,available,none,True,1,1.7721164814876715,3.0610265608058569,1.7721164814876715
exhaustive_six_of_ten_partition,partition_054_e199a29f20e0,,NAUMANN_CAL_T40_SOC100,hierarchical_power_fallback,0.90000000000000002,4,5,,unavailable_finite_sample_full_physical_range,unavailable,insufficient_same_route_calibration,,,,,
exhaustive_six_of_ten_partition,partition_054_e199a29f20e0,,NAUMANN_CAL_T40_SOC25,hierarchical_power_fallback,0.90000000000000002,4,5,,unavailable_finite_sample_full_physical_range,unavailable,insufficient_same_route_calibration,,,,,
exhaustive_six_of_ten_partition,partition_054_e199a29f20e0,,NAUMANN_CAL_T40_SOC37.5,hierarchical_power_fallback,0.90000000000000002,4,5,,unavailable_finite_sample_full_physical_range,unavailable,insufficient_same_route_calibration,,,,,
exhaustive_six_of_ten_partition,partition_054_e199a29f20e0,,NAUMANN_CAL_T40_SOC62.5,hierarchical_power_fallback,0.90000000000000002,4,5,,unavailable_finite_sample_full_physical_range,unavailable,insufficient_same_route_calibration,,,,,
exhaustive_six_of_ten_partition,partition_054_e199a29f20e0,,NAUMANN_CAL_T40_SOC100,hierarchical_power_fallback,0.94999999999999996,4,5,,unavailable_finite_sample_full_physical_range,unavailable,insufficient_same_route_calibration,,,,,
exhaustive_six_of_ten_partition,partition_054_e199a29f20e0,,NAUMANN_CAL_T40_SOC25,hierarchical_power_fallback,0.94999999999999996,4,5,,unavailable_finite_sample_full_physical_range,unavailable,insufficient_same_route_calibration,,,,,
exhaustive_six_of_ten_partition,partition_054_e199a29f20e0,,NAUMANN_CAL_T40_SOC37.5,hierarchical_power_fallback,0.94999999999999996,4,5,,unavailable_finite_sample_full_physical_range,unavailable,insufficient_same_route_calibration,,,,,
exhaustive_six_of_ten_partition,partition_054_e199a29f20e0,,NAUMANN_CAL_T40_SOC62.5,hierarchical_power_fallback,0.94999999999999996,4,5,,unavailable_finite_sample_full_physical_range,unavailable,insufficient_same_route_calibration,,,,,
exhaustive_six_of_ten_partition,partition_055_c1da6c5d1236,,NAUMANN_CAL_T40_SOC100,hierarchical_power_fallback,0.80000000000000004,4,4,1.4840726147248924,finite_order_statistic,available,none,True,1,0.97415125105391553,1.5507973323106512,0.97415125105391553
exhaustive_six_of_ten_partition,partition_055_c1da6c5d1236,,NAUMANN_CAL_T40_SOC25,hierarchical_power_fallback,0.80000000000000004,4,4,1.4840726147248924,finite_order_statistic,available,none,True,1,1.5120099344109541,2.8101883952489572,1.5120099344109541
exhaustive_six_of_ten_partition,partition_055_c1da6c5d1236,,NAUMANN_CAL_T40_SOC37.5,hierarchical_power_fallback,0.80000000000000004,4,4,1.4840726147248924,finite_order_statistic,available,none,True,1,1.3232215349007652,2.3546522269085131,1.3232215349007652
exhaustive_six_of_ten_partition,partition_055_c1da6c5d1236,,NAUMANN_CAL_T40_SOC50,hierarchical_power_fallback,0.80000000000000004,4,4,1.4840726147248924,finite_order_statistic,available,none,False,0.20000000000000001,1.5575563227100178,2.916871079971969,2.9959070847109435
exhaustive_six_of_ten_partition,partition_055_c1da6c5d1236,,NAUMANN_CAL_T40_SOC100,hierarchical_power_fallback,0.90000000000000002,4,5,,unavailable_finite_sample_full_physical_range,unavailable,insufficient_same_route_calibration,,,,,
exhaustive_six_of_ten_partition,partition_055_c1da6c5d1236,,NAUMANN_CAL_T40_SOC25,hierarchical_power_fallback,0.90000000000000002,4,5,,unavailable_finite_sample_full_physical_range,unavailable,insufficient_same_route_calibration,,,,,
exhaustive_six_of_ten_partition,partition_055_c1da6c5d1236,,NAUMANN_CAL_T40_SOC37.5,hierarchical_power_fallback,0.90000000000000002,4,5,,unavailable_finite_sample_full_physical_range,unavailable,insufficient_same_route_calibration,,,,,
exhaustive_six_of_ten_partition,partition_055_c1da6c5d1236,,NAUMANN_CAL_T40_SOC50,hierarchical_power_fallback,0.90000000000000002,4,5,,unavailable_finite_sample_full_physical_range,unavailable,insufficient_same_route_calibration,,,,,
exhaustive_six_of_ten_partition,partition_055_c1da6c5d1236,,NAUMANN_CAL_T40_SOC100,hierarchical_power_fallback,0.94999999999999996,4,5,,unavailable_finite_sample_full_physical_range,unavailable,insufficient_same_route_calibration,,,,,
exhaustive_six_of_ten_partition,partition_055_c1da6c5d1236,,NAUMANN_CAL_T40_SOC25,hierarchical_power_fallback,0.94999999999999996,4,5,,unavailable_finite_sample_full_physical_range,unavailable,insufficient_same_route_calibration,,,,,
exhaustive_six_of_ten_partition,partition_055_c1da6c5d1236,,NAUMANN_CAL_T40_SOC37.5,hierarchical_power_fallback,0.94999999999999996,4,5,,unavailable_finite_sample_full_physical_range,unavailable,insufficient_same_route_calibration,,,,,
exhaustive_six_of_ten_partition,partition_055_c1da6c5d1236,,NAUMANN_CAL_T40_SOC50,hierarchical_power_fallback,0.94999999999999996,4,5,,unavailable_finite_sample_full_physical_range,unavailable,insufficient_same_route_calibration,,,,,
exhaustive_six_of_ten_partition,partition_056_11d7195b8fef,,NAUMANN_CAL_T40_SOC12.5,hierarchical_activation_residual,0.80000000000000004,1,2,,unavailable_finite_sample_full_physical_range,unavailable,insufficient_same_route_calibration,,,,,
exhaustive_six_of_ten_partition,partition_056_11d7195b8fef,,NAUMANN_CAL_T40_SOC12.5,hierarchical_activation_residual,0.90000000000000002,1,2,,unavailable_finite_sample_full_physical_range,unavailable,insufficient_same_route_calibration,,,,,
exhaustive_six_of_ten_partition,partition_056_11d7195b8fef,,NAUMANN_CAL_T40_SOC12.5,hierarchical_activation_residual,0.94999999999999996,1,2,,unavailable_finite_sample_full_physical_range,unavailable,insufficient_same_route_calibration,,,,,
exhaustive_six_of_ten_partition,partition_056_11d7195b8fef,,NAUMANN_CAL_T40_SOC100,hierarchical_power_fallback,0.80000000000000004,5,5,2.1698424743004083,finite_order_statistic,available,none,True,1,1.4242933532746951,2.2673997803693737,1.4242933532746951
exhaustive_six_of_ten_partition,partition_056_11d7195b8fef,,NAUMANN_CAL_T40_SOC75,hierarchical_power_fallback,0.80000000000000004,5,5,2.1698424743004083,finite_order_statistic,available,none,True,1,1.3720864256784864,2.1520129956726066,1.3720864256784864
exhaustive_six_of_ten_partition,partition_056_11d7195b8fef,,NAUMANN_CAL_T40_SOC87.5,hierarchical_power_fallback,0.80000000000000004,5,5,2.1698424743004083,finite_order_statistic,available,none,True,1,1.3456714355048427,2.0932907277718584,1.3456714355048427
exhaustive_six_of_ten_partition,partition_056_11d7195b8fef,,NAUMANN_CAL_T40_SOC100,hierarchical_power_fallback,0.90000000000000002,5,6,,unavailable_finite_sample_full_physical_range,unavailable,insufficient_same_route_calibration,,,,,
exhaustive_six_of_ten_partition,partition_056_11d7195b8fef,,NAUMANN_CAL_T40_SOC75,hierarchical_power_fallback,0.90000000000000002,5,6,,unavailable_finite_sample_full_physical_range,unavailable,insufficient_same_route_calibration,,,,,
exhaustive_six_of_ten_partition,partition_056_11d7195b8fef,,NAUMANN_CAL_T40_SOC87.5,hierarchical_power_fallback,0.90000000000000002,5,6,,unavailable_finite_sample_full_physical_range,unavailable,insufficient_same_route_calibration,,,,,
exhaustive_six_of_ten_partition,partition_056_11d7195b8fef,,NAUMANN_CAL_T40_SOC100,hierarchical_power_fallback,0.94999999999999996,5,6,,unavailable_finite_sample_full_physical_range,unavailable,insufficient_same_route_calibration,,,,,
exhaustive_six_of_ten_partition,partition_056_11d7195b8fef,,NAUMANN_CAL_T40_SOC75,hierarchical_power_fallback,0.94999999999999996,5,6,,unavailable_finite_sample_full_physical_range,unavailable,insufficient_same_route_calibration,,,,,
exhaustive_six_of_ten_partition,partition_056_11d7195b8fef,,NAUMANN_CAL_T40_SOC87.5,hierarchical_power_fallback,0.94999999999999996,5,6,,unavailable_finite_sample_full_physical_range,unavailable,insufficient_same_route_calibration,,,,,
exhaustive_six_of_ten_partition,partition_057_2ffb9ef0ed7e,,NAUMANN_CAL_T40_SOC12.5,hierarchical_activation_residual,0.80000000000000004,1,2,,unavailable_finite_sample_full_physical_range,unavailable,insufficient_same_route_calibration,,,,,
exhaustive_six_of_ten_partition,partition_057_2ffb9ef0ed7e,,NAUMANN_CAL_T40_SOC12.5,hierarchical_activation_residual,0.90000000000000002,1,2,,unavailable_finite_sample_full_physical_range,unavailable,insufficient_same_route_calibration,,,,,
exhaustive_six_of_ten_partition,partition_057_2ffb9ef0ed7e,,NAUMANN_CAL_T40_SOC12.5,hierarchical_activation_residual,0.94999999999999996,1,2,,unavailable_finite_sample_full_physical_range,unavailable,insufficient_same_route_calibration,,,,,
exhaustive_six_of_ten_partition,partition_057_2ffb9ef0ed7e,,NAUMANN_CAL_T40_SOC100,hierarchical_power_fallback,0.80000000000000004,5,5,2.1698424743004083,finite_order_statistic,available,none,True,1,1.4242933532746951,2.2673997803693737,1.4242933532746951
exhaustive_six_of_ten_partition,partition_057_2ffb9ef0ed7e,,NAUMANN_CAL_T40_SOC62.5,hierarchical_power_fallback,0.80000000000000004,5,5,2.1698424743004083,finite_order_statistic,available,none,True,1,1.7721164814876715,3.0610265608058569,1.7721164814876715
exhaustive_six_of_ten_partition,partition_057_2ffb9ef0ed7e,,NAUMANN_CAL_T40_SOC87.5,hierarchical_power_fallback,0.80000000000000004,5,5,2.1698424743004083,finite_order_statistic,available,none,True,1,1.3456714355048427,2.0932907277718584,1.3456714355048427
exhaustive_six_of_ten_partition,partition_057_2ffb9ef0ed7e,,NAUMANN_CAL_T40_SOC100,hierarchical_power_fallback,0.90000000000000002,5,6,,unavailable_finite_sample_full_physical_range,unavailable,insufficient_same_route_calibration,,,,,
exhaustive_six_of_ten_partition,partition_057_2ffb9ef0ed7e,,NAUMANN_CAL_T40_SOC62.5,hierarchical_power_fallback,0.90000000000000002,5,6,,unavailable_finite_sample_full_physical_range,unavailable,insufficient_same_route_calibration,,,,,
exhaustive_six_of_ten_partition,partition_057_2ffb9ef0ed7e,,NAUMANN_CAL_T40_SOC87.5,hierarchical_power_fallback,0.90000000000000002,5,6,,unavailable_finite_sample_full_physical_range,unavailable,insufficient_same_route_calibration,,,,,
exhaustive_six_of_ten_partition,partition_057_2ffb9ef0ed7e,,NAUMANN_CAL_T40_SOC100,hierarchical_power_fallback,0.94999999999999996,5,6,,unavailable_finite_sample_full_physical_range,unavailable,insufficient_same_route_calibration,,,,,
exhaustive_six_of_ten_partition,partition_057_2ffb9ef0ed7e,,NAUMANN_CAL_T40_SOC62.5,hierarchical_power_fallback,0.94999999999999996,5,6,,unavailable_finite_sample_full_physical_range,unavailable,insufficient_same_route_calibration,,,,,
exhaustive_six_of_ten_partition,partition_057_2ffb9ef0ed7e,,NAUMANN_CAL_T40_SOC87.5,hierarchical_power_fallback,0.94999999999999996,5,6,,unavailable_finite_sample_full_physical_range,unavailable,insufficient_same_route_calibration,,,,,
exhaustive_six_of_ten_partition,partition_058_6bf6559e9066,,NAUMANN_CAL_T40_SOC12.5,hierarchical_activation_residual,0.80000000000000004,1,2,,unavailable_finite_sample_full_physical_range,unavailable,insufficient_same_route_calibration,,,,,
exhaustive_six_of_ten_partition,partition_058_6bf6559e9066,,NAUMANN_CAL_T40_SOC12.5,hierarchical_activation_residual,0.90000000000000002,1,2,,unavailable_finite_sample_full_physical_range,unavailable,insufficient_same_route_calibration,,,,,
exhaustive_six_of_ten_partition,partition_058_6bf6559e9066,,NAUMANN_CAL_T40_SOC12.5,hierarchical_activation_residual,0.94999999999999996,1,2,,unavailable_finite_sample_full_physical_range,unavailable,insufficient_same_route_calibration,,,,,
exhaustive_six_of_ten_partition,partition_058_6bf6559e9066,,NAUMANN_CAL_T40_SOC100,hierarchical_power_fallback,0.80000000000000004,5,5,2.1698424743004083,finite_order_statistic,available,none,True,1,1.4242933532746951,2.2673997803693737,1.4242933532746951
exhaustive_six_of_ten_partition,partition_058_6bf6559e9066,,NAUMANN_CAL_T40_SOC62.5,hierarchical_power_fallback,0.80000000000000004,5,5,2.1698424743004083,finite_order_statistic,available,none,True,1,1.7721164814876715,3.0610265608058569,1.7721164814876715
exhaustive_six_of_ten_partition,partition_058_6bf6559e9066,,NAUMANN_CAL_T40_SOC75,hierarchical_power_fallback,0.80000000000000004,5,5,2.1698424743004083,finite_order_statistic,available,none,True,1,1.3720864256784864,2.1520129956726066,1.3720864256784864
exhaustive_six_of_ten_partition,partition_058_6bf6559e9066,,NAUMANN_CAL_T40_SOC100,hierarchical_power_fallback,0.90000000000000002,5,6,,unavailable_finite_sample_full_physical_range,unavailable,insufficient_same_route_calibration,,,,,
exhaustive_six_of_ten_partition,partition_058_6bf6559e9066,,NAUMANN_CAL_T40_SOC62.5,hierarchical_power_fallback,0.90000000000000002,5,6,,unavailable_finite_sample_full_physical_range,unavailable,insufficient_same_route_calibration,,,,,
exhaustive_six_of_ten_partition,partition_058_6bf6559e9066,,NAUMANN_CAL_T40_SOC75,hierarchical_power_fallback,0.90000000000000002,5,6,,unavailable_finite_sample_full_physical_range,unavailable,insufficient_same_route_calibration,,,,,
exhaustive_six_of_ten_partition,partition_058_6bf6559e9066,,NAUMANN_CAL_T40_SOC100,hierarchical_power_fallback,0.94999999999999996,5,6,,unavailable_finite_sample_full_physical_range,unavailable,insufficient_same_route_calibration,,,,,
exhaustive_six_of_ten_partition,partition_058_6bf6559e9066,,NAUMANN_CAL_T40_SOC62.5,hierarchical_power_fallback,0.94999999999999996,5,6,,unavailable_finite_sample_full_physical_range,unavailable,insufficient_same_route_calibration,,,,,
exhaustive_six_of_ten_partition,partition_058_6bf6559e9066,,NAUMANN_CAL_T40_SOC75,hierarchical_power_fallback,0.94999999999999996,5,6,,unavailable_finite_sample_full_physical_range,unavailable,insufficient_same_route_calibration,,,,,
exhaustive_six_of_ten_partition,partition_059_eab731050b9a,,NAUMANN_CAL_T40_SOC12.5,hierarchical_activation_residual,0.80000000000000004,1,2,,unavailable_finite_sample_full_physical_range,unavailable,insufficient_same_route_calibration,,,,,
exhaustive_six_of_ten_partition,partition_059_eab731050b9a,,NAUMANN_CAL_T40_SOC12.5,hierarchical_activation_residual,0.90000000000000002,1,2,,unavailable_finite_sample_full_physical_range,unavailable,insufficient_same_route_calibration,,,,,
exhaustive_six_of_ten_partition,partition_059_eab731050b9a,,NAUMANN_CAL_T40_SOC12.5,hierarchical_activation_residual,0.94999999999999996,1,2,,unavailable_finite_sample_full_physical_range,unavailable,insufficient_same_route_calibration,,,,,
exhaustive_six_of_ten_partition,partition_059_eab731050b9a,,NAUMANN_CAL_T40_SOC100,hierarchical_power_fallback,0.80000000000000004,5,5,1.4840726147248924,finite_order_statistic,available,none,True,1,0.97415125105391553,1.5507973323106512,0.97415125105391553
exhaustive_six_of_ten_partition,partition_059_eab731050b9a,,NAUMANN_CAL_T40_SOC50,hierarchical_power_fallback,0.80000000000000004,5,5,1.4840726147248924,finite_order_statistic,available,none,False,0.20000000000000001,1.5575563227100178,2.916871079971969,2.9959070847109435
exhaustive_six_of_ten_partition,partition_059_eab731050b9a,,NAUMANN_CAL_T40_SOC87.5,hierarchical_power_fallback,0.80000000000000004,5,5,1.4840726147248924,finite_order_statistic,available,none,True,1,0.92037746956454047,1.4317147353037001,0.92037746956454047
exhaustive_six_of_ten_partition,partition_059_eab731050b9a,,NAUMANN_CAL_T40_SOC100,hierarchical_power_fallback,0.90000000000000002,5,6,,unavailable_finite_sample_full_physical_range,unavailable,insufficient_same_route_calibration,,,,,
exhaustive_six_of_ten_partition,partition_059_eab731050b9a,,NAUMANN_CAL_T40_SOC50,hierarchical_power_fallback,0.90000000000000002,5,6,,unavailable_finite_sample_full_physical_range,unavailable,insufficient_same_route_calibration,,,,,
exhaustive_six_of_ten_partition,partition_059_eab731050b9a,,NAUMANN_CAL_T40_SOC87.5,hierarchical_power_fallback,0.90000000000000002,5,6,,unavailable_finite_sample_full_physical_range,unavailable,insufficient_same_route_calibration,,,,,
exhaustive_six_of_ten_partition,partition_059_eab731050b9a,,NAUMANN_CAL_T40_SOC100,hierarchical_power_fallback,0.94999999999999996,5,6,,unavailable_finite_sample_full_physical_range,unavailable,insufficient_same_route_calibration,,,,,
exhaustive_six_of_ten_partition,partition_059_eab731050b9a,,NAUMANN_CAL_T40_SOC50,hierarchical_power_fallback,0.94999999999999996,5,6,,unavailable_finite_sample_full_physical_range,unavailable,insufficient_same_route_calibration,,,,,
exhaustive_six_of_ten_partition,partition_059_eab731050b9a,,NAUMANN_CAL_T40_SOC87.5,hierarchical_power_fallback,0.94999999999999996,5,6,,unavailable_finite_sample_full_physical_range,unavailable,insufficient_same_route_calibration,,,,,
exhaustive_six_of_ten_partition,partition_060_8d28d780d33e,,NAUMANN_CAL_T40_SOC12.5,hierarchical_activation_residual,0.80000000000000004,1,2,,unavailable_finite_sample_full_physical_range,unavailable,insufficient_same_route_calibration,,,,,
exhaustive_six_of_ten_partition,partition_060_8d28d780d33e,,NAUMANN_CAL_T40_SOC12.5,hierarchical_activation_residual,0.90000000000000002,1,2,,unavailable_finite_sample_full_physical_range,unavailable,insufficient_same_route_calibration,,,,,
exhaustive_six_of_ten_partition,partition_060_8d28d780d33e,,NAUMANN_CAL_T40_SOC12.5,hierarchical_activation_residual,0.94999999999999996,1,2,,unavailable_finite_sample_full_physical_range,unavailable,insufficient_same_route_calibration,,,,,
exhaustive_six_of_ten_partition,partition_060_8d28d780d33e,,NAUMANN_CAL_T40_SOC100,hierarchical_power_fallback,0.80000000000000004,5,5,1.4840726147248924,finite_order_statistic,available,none,True,1,0.97415125105391553,1.5507973323106512,0.97415125105391553
exhaustive_six_of_ten_partition,partition_060_8d28d780d33e,,NAUMANN_CAL_T40_SOC50,hierarchical_power_fallback,0.80000000000000004,5,5,1.4840726147248924,finite_order_statistic,available,none,False,0.20000000000000001,1.5575563227100178,2.916871079971969,2.9959070847109435
exhaustive_six_of_ten_partition,partition_060_8d28d780d33e,,NAUMANN_CAL_T40_SOC75,hierarchical_power_fallback,0.80000000000000004,5,5,1.4840726147248924,finite_order_statistic,available,none,True,1,0.93844410988485494,1.4718780700610523,0.93844410988485494
exhaustive_six_of_ten_partition,partition_060_8d28d780d33e,,NAUMANN_CAL_T40_SOC100,hierarchical_power_fallback,0.90000000000000002,5,6,,unavailable_finite_sample_full_physical_range,unavailable,insufficient_same_route_calibration,,,,,
exhaustive_six_of_ten_partition,partition_060_8d28d780d33e,,NAUMANN_CAL_T40_SOC50,hierarchical_power_fallback,0.90000000000000002,5,6,,unavailable_finite_sample_full_physical_range,unavailable,insufficient_same_route_calibration,,,,,
exhaustive_six_of_ten_partition,partition_060_8d28d780d33e,,NAUMANN_CAL_T40_SOC75,hierarchical_power_fallback,0.90000000000000002,5,6,,unavailable_finite_sample_full_physical_range,unavailable,insufficient_same_route_calibration,,,,,
exhaustive_six_of_ten_partition,partition_060_8d28d780d33e,,NAUMANN_CAL_T40_SOC100,hierarchical_power_fallback,0.94999999999999996,5,6,,unavailable_finite_sample_full_physical_range,unavailable,insufficient_same_route_calibration,,,,,
exhaustive_six_of_ten_partition,partition_060_8d28d780d33e,,NAUMANN_CAL_T40_SOC50,hierarchical_power_fallback,0.94999999999999996,5,6,,unavailable_finite_sample_full_physical_range,unavailable,insufficient_same_route_calibration,,,,,
exhaustive_six_of_ten_partition,partition_060_8d28d780d33e,,NAUMANN_CAL_T40_SOC75,hierarchical_power_fallback,0.94999999999999996,5,6,,unavailable_finite_sample_full_physical_range,unavailable,insufficient_same_route_calibration,,,,,
exhaustive_six_of_ten_partition,partition_061_ef11aec38242,,NAUMANN_CAL_T40_SOC12.5,hierarchical_activation_residual,0.80000000000000004,1,2,,unavailable_finite_sample_full_physical_range,unavailable,insufficient_same_route_calibration,,,,,
exhaustive_six_of_ten_partition,partition_061_ef11aec38242,,NAUMANN_CAL_T40_SOC12.5,hierarchical_activation_residual,0.90000000000000002,1,2,,unavailable_finite_sample_full_physical_range,unavailable,insufficient_same_route_calibration,,,,,
exhaustive_six_of_ten_partition,partition_061_ef11aec38242,,NAUMANN_CAL_T40_SOC12.5,hierarchical_activation_residual,0.94999999999999996,1,2,,unavailable_finite_sample_full_physical_range,unavailable,insufficient_same_route_calibration,,,,,
exhaustive_six_of_ten_partition,partition_061_ef11aec38242,,NAUMANN_CAL_T40_SOC100,hierarchical_power_fallback,0.80000000000000004,5,5,1.4840726147248924,finite_order_statistic,available,none,True,1,0.97415125105391553,1.5507973323106512,0.97415125105391553
exhaustive_six_of_ten_partition,partition_061_ef11aec38242,,NAUMANN_CAL_T40_SOC50,hierarchical_power_fallback,0.80000000000000004,5,5,1.4840726147248924,finite_order_statistic,available,none,False,0.20000000000000001,1.5575563227100178,2.916871079971969,2.9959070847109435
exhaustive_six_of_ten_partition,partition_061_ef11aec38242,,NAUMANN_CAL_T40_SOC62.5,hierarchical_power_fallback,0.80000000000000004,5,5,1.4840726147248924,finite_order_statistic,available,none,True,1,1.2120462989491545,2.0936016073250414,1.2120462989491545
exhaustive_six_of_ten_partition,partition_061_ef11aec38242,,NAUMANN_CAL_T40_SOC100,hierarchical_power_fallback,0.90000000000000002,5,6,,unavailable_finite_sample_full_physical_range,unavailable,insufficient_same_route_calibration,,,,,
exhaustive_six_of_ten_partition,partition_061_ef11aec38242,,NAUMANN_CAL_T40_SOC50,hierarchical_power_fallback,0.90000000000000002,5,6,,unavailable_finite_sample_full_physical_range,unavailable,insufficient_same_route_calibration,,,,,
exhaustive_six_of_ten_partition,partition_061_ef11aec38242,,NAUMANN_CAL_T40_SOC62.5,hierarchical_power_fallback,0.90000000000000002,5,6,,unavailable_finite_sample_full_physical_range,unavailable,insufficient_same_route_calibration,,,,,
exhaustive_six_of_ten_partition,partition_061_ef11aec38242,,NAUMANN_CAL_T40_SOC100,hierarchical_power_fallback,0.94999999999999996,5,6,,unavailable_finite_sample_full_physical_range,unavailable,insufficient_same_route_calibration,,,,,
exhaustive_six_of_ten_partition,partition_061_ef11aec38242,,NAUMANN_CAL_T40_SOC50,hierarchical_power_fallback,0.94999999999999996,5,6,,unavailable_finite_sample_full_physical_range,unavailable,insufficient_same_route_calibration,,,,,
exhaustive_six_of_ten_partition,partition_061_ef11aec38242,,NAUMANN_CAL_T40_SOC62.5,hierarchical_power_fallback,0.94999999999999996,5,6,,unavailable_finite_sample_full_physical_range,unavailable,insufficient_same_route_calibration,,,,,
exhaustive_six_of_ten_partition,partition_062_4b5fb8766abc,,NAUMANN_CAL_T40_SOC12.5,hierarchical_activation_residual,0.80000000000000004,1,2,,unavailable_finite_sample_full_physical_range,unavailable,insufficient_same_route_calibration,,,,,
exhaustive_six_of_ten_partition,partition_062_4b5fb8766abc,,NAUMANN_CAL_T40_SOC12.5,hierarchical_activation_residual,0.90000000000000002,1,2,,unavailable_finite_sample_full_physical_range,unavailable,insufficient_same_route_calibration,,,,,
exhaustive_six_of_ten_partition,partition_062_4b5fb8766abc,,NAUMANN_CAL_T40_SOC12.5,hierarchical_activation_residual,0.94999999999999996,1,2,,unavailable_finite_sample_full_physical_range,unavailable,insufficient_same_route_calibration,,,,,
exhaustive_six_of_ten_partition,partition_062_4b5fb8766abc,,NAUMANN_CAL_T40_SOC100,hierarchical_power_fallback,0.80000000000000004,5,5,2.1698424743004083,finite_order_statistic,available,none,True,1,1.4242933532746951,2.2673997803693737,1.4242933532746951
exhaustive_six_of_ten_partition,partition_062_4b5fb8766abc,,NAUMANN_CAL_T40_SOC37.5,hierarchical_power_fallback,0.80000000000000004,5,5,2.1698424743004083,finite_order_statistic,available,none,True,1,1.9346642885590211,3.4427051368367643,1.9346642885590211
exhaustive_six_of_ten_partition,partition_062_4b5fb8766abc,,NAUMANN_CAL_T40_SOC87.5,hierarchical_power_fallback,0.80000000000000004,5,5,2.1698424743004083,finite_order_statistic,available,none,True,1,1.3456714355048427,2.0932907277718584,1.3456714355048427
exhaustive_six_of_ten_partition,partition_062_4b5fb8766abc,,NAUMANN_CAL_T40_SOC100,hierarchical_power_fallback,0.90000000000000002,5,6,,unavailable_finite_sample_full_physical_range,unavailable,insufficient_same_route_calibration,,,,,
exhaustive_six_of_ten_partition,partition_062_4b5fb8766abc,,NAUMANN_CAL_T40_SOC37.5,hierarchical_power_fallback,0.90000000000000002,5,6,,unavailable_finite_sample_full_physical_range,unavailable,insufficient_same_route_calibration,,,,,
exhaustive_six_of_ten_partition,partition_062_4b5fb8766abc,,NAUMANN_CAL_T40_SOC87.5,hierarchical_power_fallback,0.90000000000000002,5,6,,unavailable_finite_sample_full_physical_range,unavailable,insufficient_same_route_calibration,,,,,
exhaustive_six_of_ten_partition,partition_062_4b5fb8766abc,,NAUMANN_CAL_T40_SOC100,hierarchical_power_fallback,0.94999999999999996,5,6,,unavailable_finite_sample_full_physical_range,unavailable,insufficient_same_route_calibration,,,,,
exhaustive_six_of_ten_partition,partition_062_4b5fb8766abc,,NAUMANN_CAL_T40_SOC37.5,hierarchical_power_fallback,0.94999999999999996,5,6,,unavailable_finite_sample_full_physical_range,unavailable,insufficient_same_route_calibration,,,,,
exhaustive_six_of_ten_partition,partition_062_4b5fb8766abc,,NAUMANN_CAL_T40_SOC87.5,hierarchical_power_fallback,0.94999999999999996,5,6,,unavailable_finite_sample_full_physical_range,unavailable,insufficient_same_route_calibration,,,,,
exhaustive_six_of_ten_partition,partition_063_22073250a8a4,,NAUMANN_CAL_T40_SOC12.5,hierarchical_activation_residual,0.80000000000000004,1,2,,unavailable_finite_sample_full_physical_range,unavailable,insufficient_same_route_calibration,,,,,
exhaustive_six_of_ten_partition,partition_063_22073250a8a4,,NAUMANN_CAL_T40_SOC12.5,hierarchical_activation_residual,0.90000000000000002,1,2,,unavailable_finite_sample_full_physical_range,unavailable,insufficient_same_route_calibration,,,,,
exhaustive_six_of_ten_partition,partition_063_22073250a8a4,,NAUMANN_CAL_T40_SOC12.5,hierarchical_activation_residual,0.94999999999999996,1,2,,unavailable_finite_sample_full_physical_range,unavailable,insufficient_same_route_calibration,,,,,
exhaustive_six_of_ten_partition,partition_063_22073250a8a4,,NAUMANN_CAL_T40_SOC100,hierarchical_power_fallback,0.80000000000000004,5,5,2.1698424743004083,finite_order_statistic,available,none,True,1,1.4242933532746951,2.2673997803693737,1.4242933532746951
exhaustive_six_of_ten_partition,partition_063_22073250a8a4,,NAUMANN_CAL_T40_SOC37.5,hierarchical_power_fallback,0.80000000000000004,5,5,2.1698424743004083,finite_order_statistic,available,none,True,1,1.9346642885590211,3.4427051368367643,1.9346642885590211
exhaustive_six_of_ten_partition,partition_063_22073250a8a4,,NAUMANN_CAL_T40_SOC75,hierarchical_power_fallback,0.80000000000000004,5,5,2.1698424743004083,finite_order_statistic,available,none,True,1,1.3720864256784864,2.1520129956726066,1.3720864256784864
exhaustive_six_of_ten_partition,partition_063_22073250a8a4,,NAUMANN_CAL_T40_SOC100,hierarchical_power_fallback,0.90000000000000002,5,6,,unavailable_finite_sample_full_physical_range,unavailable,insufficient_same_route_calibration,,,,,
exhaustive_six_of_ten_partition,partition_063_22073250a8a4,,NAUMANN_CAL_T40_SOC37.5,hierarchical_power_fallback,0.90000000000000002,5,6,,unavailable_finite_sample_full_physical_range,unavailable,insufficient_same_route_calibration,,,,,
exhaustive_six_of_ten_partition,partition_063_22073250a8a4,,NAUMANN_CAL_T40_SOC75,hierarchical_power_fallback,0.90000000000000002,5,6,,unavailable_finite_sample_full_physical_range,unavailable,insufficient_same_route_calibration,,,,,
exhaustive_six_of_ten_partition,partition_063_22073250a8a4,,NAUMANN_CAL_T40_SOC100,hierarchical_power_fallback,0.94999999999999996,5,6,,unavailable_finite_sample_full_physical_range,unavailable,insufficient_same_route_calibration,,,,,
exhaustive_six_of_ten_partition,partition_063_22073250a8a4,,NAUMANN_CAL_T40_SOC37.5,hierarchical_power_fallback,0.94999999999999996,5,6,,unavailable_finite_sample_full_physical_range,unavailable,insufficient_same_route_calibration,,,,,
exhaustive_six_of_ten_partition,partition_063_22073250a8a4,,NAUMANN_CAL_T40_SOC75,hierarchical_power_fallback,0.94999999999999996,5,6,,unavailable_finite_sample_full_physical_range,unavailable,insufficient_same_route_calibration,,,,,
exhaustive_six_of_ten_partition,partition_064_99001de45129,,NAUMANN_CAL_T40_SOC12.5,hierarchical_activation_residual,0.80000000000000004,1,2,,unavailable_finite_sample_full_physical_range,unavailable,insufficient_same_route_calibration,,,,,
exhaustive_six_of_ten_partition,partition_064_99001de45129,,NAUMANN_CAL_T40_SOC12.5,hierarchical_activation_residual,0.90000000000000002,1,2,,unavailable_finite_sample_full_physical_range,unavailable,insufficient_same_route_calibration,,,,,
exhaustive_six_of_ten_partition,partition_064_99001de45129,,NAUMANN_CAL_T40_SOC12.5,hierarchical_activation_residual,0.94999999999999996,1,2,,unavailable_finite_sample_full_physical_range,unavailable,insufficient_same_route_calibration,,,,,
exhaustive_six_of_ten_partition,partition_064_99001de45129,,NAUMANN_CAL_T40_SOC100,hierarchical_power_fallback,0.80000000000000004,5,5,2.1698424743004083,finite_order_statistic,available,none,True,1,1.4242933532746951,2.2673997803693737,1.4242933532746951
exhaustive_six_of_ten_partition,partition_064_99001de45129,,NAUMANN_CAL_T40_SOC37.5,hierarchical_power_fallback,0.80000000000000004,5,5,2.1698424743004083,finite_order_statistic,available,none,True,1,1.9346642885590211,3.4427051368367643,1.9346642885590211
exhaustive_six_of_ten_partition,partition_064_99001de45129,,NAUMANN_CAL_T40_SOC62.5,hierarchical_power_fallback,0.80000000000000004,5,5,2.1698424743004083,finite_order_statistic,available,none,True,1,1.7721164814876715,3.0610265608058569,1.7721164814876715
exhaustive_six_of_ten_partition,partition_064_99001de45129,,NAUMANN_CAL_T40_SOC100,hierarchical_power_fallback,0.90000000000000002,5,6,,unavailable_finite_sample_full_physical_range,unavailable,insufficient_same_route_calibration,,,,,
exhaustive_six_of_ten_partition,partition_064_99001de45129,,NAUMANN_CAL_T40_SOC37.5,hierarchical_power_fallback,0.90000000000000002,5,6,,unavailable_finite_sample_full_physical_range,unavailable,insufficient_same_route_calibration,,,,,
exhaustive_six_of_ten_partition,partition_064_99001de45129,,NAUMANN_CAL_T40_SOC62.5,hierarchical_power_fallback,0.90000000000000002,5,6,,unavailable_finite_sample_full_physical_range,unavailable,insufficient_same_route_calibration,,,,,
exhaustive_six_of_ten_partition,partition_064_99001de45129,,NAUMANN_CAL_T40_SOC100,hierarchical_power_fallback,0.94999999999999996,5,6,,unavailable_finite_sample_full_physical_range,unavailable,insufficient_same_route_calibration,,,,,
exhaustive_six_of_ten_partition,partition_064_99001de45129,,NAUMANN_CAL_T40_SOC37.5,hierarchical_power_fallback,0.94999999999999996,5,6,,unavailable_finite_sample_full_physical_range,unavailable,insufficient_same_route_calibration,,,,,
exhaustive_six_of_ten_partition,partition_064_99001de45129,,NAUMANN_CAL_T40_SOC62.5,hierarchical_power_fallback,0.94999999999999996,5,6,,unavailable_finite_sample_full_physical_range,unavailable,insufficient_same_route_calibration,,,,,
exhaustive_six_of_ten_partition,partition_065_cc80f5049cb6,,NAUMANN_CAL_T40_SOC12.5,hierarchical_activation_residual,0.80000000000000004,1,2,,unavailable_finite_sample_full_physical_range,unavailable,insufficient_same_route_calibration,,,,,
exhaustive_six_of_ten_partition,partition_065_cc80f5049cb6,,NAUMANN_CAL_T40_SOC12.5,hierarchical_activation_residual,0.90000000000000002,1,2,,unavailable_finite_sample_full_physical_range,unavailable,insufficient_same_route_calibration,,,,,
exhaustive_six_of_ten_partition,partition_065_cc80f5049cb6,,NAUMANN_CAL_T40_SOC12.5,hierarchical_activation_residual,0.94999999999999996,1,2,,unavailable_finite_sample_full_physical_range,unavailable,insufficient_same_route_calibration,,,,,
exhaustive_six_of_ten_partition,partition_065_cc80f5049cb6,,NAUMANN_CAL_T40_SOC100,hierarchical_power_fallback,0.80000000000000004,5,5,1.4840726147248924,finite_order_statistic,available,none,True,1,0.97415125105391553,1.5507973323106512,0.97415125105391553
exhaustive_six_of_ten_partition,partition_065_cc80f5049cb6,,NAUMANN_CAL_T40_SOC37.5,hierarchical_power_fallback,0.80000000000000004,5,5,1.4840726147248924,finite_order_statistic,available,none,True,1,1.3232215349007652,2.3546522269085131,1.3232215349007652
exhaustive_six_of_ten_partition,partition_065_cc80f5049cb6,,NAUMANN_CAL_T40_SOC50,hierarchical_power_fallback,0.80000000000000004,5,5,1.4840726147248924,finite_order_statistic,available,none,False,0.20000000000000001,1.5575563227100178,2.916871079971969,2.9959070847109435
exhaustive_six_of_ten_partition,partition_065_cc80f5049cb6,,NAUMANN_CAL_T40_SOC100,hierarchical_power_fallback,0.90000000000000002,5,6,,unavailable_finite_sample_full_physical_range,unavailable,insufficient_same_route_calibration,,,,,
exhaustive_six_of_ten_partition,partition_065_cc80f5049cb6,,NAUMANN_CAL_T40_SOC37.5,hierarchical_power_fallback,0.90000000000000002,5,6,,unavailable_finite_sample_full_physical_range,unavailable,insufficient_same_route_calibration,,,,,
exhaustive_six_of_ten_partition,partition_065_cc80f5049cb6,,NAUMANN_CAL_T40_SOC50,hierarchical_power_fallback,0.90000000000000002,5,6,,unavailable_finite_sample_full_physical_range,unavailable,insufficient_same_route_calibration,,,,,
exhaustive_six_of_ten_partition,partition_065_cc80f5049cb6,,NAUMANN_CAL_T40_SOC100,hierarchical_power_fallback,0.94999999999999996,5,6,,unavailable_finite_sample_full_physical_range,unavailable,insufficient_same_route_calibration,,,,,
exhaustive_six_of_ten_partition,partition_065_cc80f5049cb6,,NAUMANN_CAL_T40_SOC37.5,hierarchical_power_fallback,0.94999999999999996,5,6,,unavailable_finite_sample_full_physical_range,unavailable,insufficient_same_route_calibration,,,,,
exhaustive_six_of_ten_partition,partition_065_cc80f5049cb6,,NAUMANN_CAL_T40_SOC50,hierarchical_power_fallback,0.94999999999999996,5,6,,unavailable_finite_sample_full_physical_range,unavailable,insufficient_same_route_calibration,,,,,
exhaustive_six_of_ten_partition,partition_066_159fc0039682,,NAUMANN_CAL_T40_SOC12.5,hierarchical_activation_residual,0.80000000000000004,1,2,,unavailable_finite_sample_full_physical_range,unavailable,insufficient_same_route_calibration,,,,,
exhaustive_six_of_ten_partition,partition_066_159fc0039682,,NAUMANN_CAL_T40_SOC12.5,hierarchical_activation_residual,0.90000000000000002,1,2,,unavailable_finite_sample_full_physical_range,unavailable,insufficient_same_route_calibration,,,,,
exhaustive_six_of_ten_partition,partition_066_159fc0039682,,NAUMANN_CAL_T40_SOC12.5,hierarchical_activation_residual,0.94999999999999996,1,2,,unavailable_finite_sample_full_physical_range,unavailable,insufficient_same_route_calibration,,,,,
exhaustive_six_of_ten_partition,partition_066_159fc0039682,,NAUMANN_CAL_T40_SOC100,hierarchical_power_fallback,0.80000000000000004,5,5,2.1698424743004083,finite_order_statistic,available,none,True,1,1.4242933532746951,2.2673997803693737,1.4242933532746951
exhaustive_six_of_ten_partition,partition_066_159fc0039682,,NAUMANN_CAL_T40_SOC25,hierarchical_power_fallback,0.80000000000000004,5,5,2.1698424743004083,finite_order_statistic,available,none,True,1,2.2106892511167611,4.1087384001945395,2.2106892511167611
exhaustive_six_of_ten_partition,partition_066_159fc0039682,,NAUMANN_CAL_T40_SOC87.5,hierarchical_power_fallback,0.80000000000000004,5,5,2.1698424743004083,finite_order_statistic,available,none,True,1,1.3456714355048427,2.0932907277718584,1.3456714355048427
exhaustive_six_of_ten_partition,partition_066_159fc0039682,,NAUMANN_CAL_T40_SOC100,hierarchical_power_fallback,0.90000000000000002,5,6,,unavailable_finite_sample_full_physical_range,unavailable,insufficient_same_route_calibration,,,,,
exhaustive_six_of_ten_partition,partition_066_159fc0039682,,NAUMANN_CAL_T40_SOC25,hierarchical_power_fallback,0.90000000000000002,5,6,,unavailable_finite_sample_full_physical_range,unavailable,insufficient_same_route_calibration,,,,,
exhaustive_six_of_ten_partition,partition_066_159fc0039682,,NAUMANN_CAL_T40_SOC87.5,hierarchical_power_fallback,0.90000000000000002,5,6,,unavailable_finite_sample_full_physical_range,unavailable,insufficient_same_route_calibration,,,,,
exhaustive_six_of_ten_partition,partition_066_159fc0039682,,NAUMANN_CAL_T40_SOC100,hierarchical_power_fallback,0.94999999999999996,5,6,,unavailable_finite_sample_full_physical_range,unavailable,insufficient_same_route_calibration,,,,,
exhaustive_six_of_ten_partition,partition_066_159fc0039682,,NAUMANN_CAL_T40_SOC25,hierarchical_power_fallback,0.94999999999999996,5,6,,unavailable_finite_sample_full_physical_range,unavailable,insufficient_same_route_calibration,,,,,
exhaustive_six_of_ten_partition,partition_066_159fc0039682,,NAUMANN_CAL_T40_SOC87.5,hierarchical_power_fallback,0.94999999999999996,5,6,,unavailable_finite_sample_full_physical_range,unavailable,insufficient_same_route_calibration,,,,,
exhaustive_six_of_ten_partition,partition_067_3789d354dacc,,NAUMANN_CAL_T40_SOC12.5,hierarchical_activation_residual,0.80000000000000004,1,2,,unavailable_finite_sample_full_physical_range,unavailable,insufficient_same_route_calibration,,,,,
exhaustive_six_of_ten_partition,partition_067_3789d354dacc,,NAUMANN_CAL_T40_SOC12.5,hierarchical_activation_residual,0.90000000000000002,1,2,,unavailable_finite_sample_full_physical_range,unavailable,insufficient_same_route_calibration,,,,,
exhaustive_six_of_ten_partition,partition_067_3789d354dacc,,NAUMANN_CAL_T40_SOC12.5,hierarchical_activation_residual,0.94999999999999996,1,2,,unavailable_finite_sample_full_physical_range,unavailable,insufficient_same_route_calibration,,,,,
exhaustive_six_of_ten_partition,partition_067_3789d354dacc,,NAUMANN_CAL_T40_SOC100,hierarchical_power_fallback,0.80000000000000004,5,5,2.1698424743004083,finite_order_statistic,available,none,True,1,1.4242933532746951,2.2673997803693737,1.4242933532746951
exhaustive_six_of_ten_partition,partition_067_3789d354dacc,,NAUMANN_CAL_T40_SOC25,hierarchical_power_fallback,0.80000000000000004,5,5,2.1698424743004083,finite_order_statistic,available,none,True,1,2.2106892511167611,4.1087384001945395,2.2106892511167611
exhaustive_six_of_ten_partition,partition_067_3789d354dacc,,NAUMANN_CAL_T40_SOC75,hierarchical_power_fallback,0.80000000000000004,5,5,2.1698424743004083,finite_order_statistic,available,none,True,1,1.3720864256784864,2.1520129956726066,1.3720864256784864
exhaustive_six_of_ten_partition,partition_067_3789d354dacc,,NAUMANN_CAL_T40_SOC100,hierarchical_power_fallback,0.90000000000000002,5,6,,unavailable_finite_sample_full_physical_range,unavailable,insufficient_same_route_calibration,,,,,
exhaustive_six_of_ten_partition,partition_067_3789d354dacc,,NAUMANN_CAL_T40_SOC25,hierarchical_power_fallback,0.90000000000000002,5,6,,unavailable_finite_sample_full_physical_range,unavailable,insufficient_same_route_calibration,,,,,
exhaustive_six_of_ten_partition,partition_067_3789d354dacc,,NAUMANN_CAL_T40_SOC75,hierarchical_power_fallback,0.90000000000000002,5,6,,unavailable_finite_sample_full_physical_range,unavailable,insufficient_same_route_calibration,,,,,
exhaustive_six_of_ten_partition,partition_067_3789d354dacc,,NAUMANN_CAL_T40_SOC100,hierarchical_power_fallback,0.94999999999999996,5,6,,unavailable_finite_sample_full_physical_range,unavailable,insufficient_same_route_calibration,,,,,
exhaustive_six_of_ten_partition,partition_067_3789d354dacc,,NAUMANN_CAL_T40_SOC25,hierarchical_power_fallback,0.94999999999999996,5,6,,unavailable_finite_sample_full_physical_range,unavailable,insufficient_same_route_calibration,,,,,
exhaustive_six_of_ten_partition,partition_067_3789d354dacc,,NAUMANN_CAL_T40_SOC75,hierarchical_power_fallback,0.94999999999999996,5,6,,unavailable_finite_sample_full_physical_range,unavailable,insufficient_same_route_calibration,,,,,
exhaustive_six_of_ten_partition,partition_068_f6b151084bb4,,NAUMANN_CAL_T40_SOC12.5,hierarchical_activation_residual,0.80000000000000004,1,2,,unavailable_finite_sample_full_physical_range,unavailable,insufficient_same_route_calibration,,,,,
exhaustive_six_of_ten_partition,partition_068_f6b151084bb4,,NAUMANN_CAL_T40_SOC12.5,hierarchical_activation_residual,0.90000000000000002,1,2,,unavailable_finite_sample_full_physical_range,unavailable,insufficient_same_route_calibration,,,,,
exhaustive_six_of_ten_partition,partition_068_f6b151084bb4,,NAUMANN_CAL_T40_SOC12.5,hierarchical_activation_residual,0.94999999999999996,1,2,,unavailable_finite_sample_full_physical_range,unavailable,insufficient_same_route_calibration,,,,,
exhaustive_six_of_ten_partition,partition_068_f6b151084bb4,,NAUMANN_CAL_T40_SOC100,hierarchical_power_fallback,0.80000000000000004,5,5,2.1698424743004083,finite_order_statistic,available,none,True,1,1.4242933532746951,2.2673997803693737,1.4242933532746951
exhaustive_six_of_ten_partition,partition_068_f6b151084bb4,,NAUMANN_CAL_T40_SOC25,hierarchical_power_fallback,0.80000000000000004,5,5,2.1698424743004083,finite_order_statistic,available,none,True,1,2.2106892511167611,4.1087384001945395,2.2106892511167611
exhaustive_six_of_ten_partition,partition_068_f6b151084bb4,,NAUMANN_CAL_T40_SOC62.5,hierarchical_power_fallback,0.80000000000000004,5,5,2.1698424743004083,finite_order_statistic,available,none,True,1,1.7721164814876715,3.0610265608058569,1.7721164814876715
exhaustive_six_of_ten_partition,partition_068_f6b151084bb4,,NAUMANN_CAL_T40_SOC100,hierarchical_power_fallback,0.90000000000000002,5,6,,unavailable_finite_sample_full_physical_range,unavailable,insufficient_same_route_calibration,,,,,
exhaustive_six_of_ten_partition,partition_068_f6b151084bb4,,NAUMANN_CAL_T40_SOC25,hierarchical_power_fallback,0.90000000000000002,5,6,,unavailable_finite_sample_full_physical_range,unavailable,insufficient_same_route_calibration,,,,,
exhaustive_six_of_ten_partition,partition_068_f6b151084bb4,,NAUMANN_CAL_T40_SOC62.5,hierarchical_power_fallback,0.90000000000000002,5,6,,unavailable_finite_sample_full_physical_range,unavailable,insufficient_same_route_calibration,,,,,
exhaustive_six_of_ten_partition,partition_068_f6b151084bb4,,NAUMANN_CAL_T40_SOC100,hierarchical_power_fallback,0.94999999999999996,5,6,,unavailable_finite_sample_full_physical_range,unavailable,insufficient_same_route_calibration,,,,,
exhaustive_six_of_ten_partition,partition_068_f6b151084bb4,,NAUMANN_CAL_T40_SOC25,hierarchical_power_fallback,0.94999999999999996,5,6,,unavailable_finite_sample_full_physical_range,unavailable,insufficient_same_route_calibration,,,,,
exhaustive_six_of_ten_partition,partition_068_f6b151084bb4,,NAUMANN_CAL_T40_SOC62.5,hierarchical_power_fallback,0.94999999999999996,5,6,,unavailable_finite_sample_full_physical_range,unavailable,insufficient_same_route_calibration,,,,,
exhaustive_six_of_ten_partition,partition_069_415ea177ceb5,,NAUMANN_CAL_T40_SOC12.5,hierarchical_activation_residual,0.80000000000000004,1,2,,unavailable_finite_sample_full_physical_range,unavailable,insufficient_same_route_calibration,,,,,
exhaustive_six_of_ten_partition,partition_069_415ea177ceb5,,NAUMANN_CAL_T40_SOC12.5,hierarchical_activation_residual,0.90000000000000002,1,2,,unavailable_finite_sample_full_physical_range,unavailable,insufficient_same_route_calibration,,,,,
exhaustive_six_of_ten_partition,partition_069_415ea177ceb5,,NAUMANN_CAL_T40_SOC12.5,hierarchical_activation_residual,0.94999999999999996,1,2,,unavailable_finite_sample_full_physical_range,unavailable,insufficient_same_route_calibration,,,,,
exhaustive_six_of_ten_partition,partition_069_415ea177ceb5,,NAUMANN_CAL_T40_SOC100,hierarchical_power_fallback,0.80000000000000004,5,5,1.4840726147248924,finite_order_statistic,available,none,True,1,0.97415125105391553,1.5507973323106512,0.97415125105391553
exhaustive_six_of_ten_partition,partition_069_415ea177ceb5,,NAUMANN_CAL_T40_SOC25,hierarchical_power_fallback,0.80000000000000004,5,5,1.4840726147248924,finite_order_statistic,available,none,True,1,1.5120099344109541,2.8101883952489572,1.5120099344109541
exhaustive_six_of_ten_partition,partition_069_415ea177ceb5,,NAUMANN_CAL_T40_SOC50,hierarchical_power_fallback,0.80000000000000004,5,5,1.4840726147248924,finite_order_statistic,available,none,False,0.20000000000000001,1.5575563227100178,2.916871079971969,2.9959070847109435
exhaustive_six_of_ten_partition,partition_069_415ea177ceb5,,NAUMANN_CAL_T40_SOC100,hierarchical_power_fallback,0.90000000000000002,5,6,,unavailable_finite_sample_full_physical_range,unavailable,insufficient_same_route_calibration,,,,,
exhaustive_six_of_ten_partition,partition_069_415ea177ceb5,,NAUMANN_CAL_T40_SOC25,hierarchical_power_fallback,0.90000000000000002,5,6,,unavailable_finite_sample_full_physical_range,unavailable,insufficient_same_route_calibration,,,,,
exhaustive_six_of_ten_partition,partition_069_415ea177ceb5,,NAUMANN_CAL_T40_SOC50,hierarchical_power_fallback,0.90000000000000002,5,6,,unavailable_finite_sample_full_physical_range,unavailable,insufficient_same_route_calibration,,,,,
exhaustive_six_of_ten_partition,partition_069_415ea177ceb5,,NAUMANN_CAL_T40_SOC100,hierarchical_power_fallback,0.94999999999999996,5,6,,unavailable_finite_sample_full_physical_range,unavailable,insufficient_same_route_calibration,,,,,
exhaustive_six_of_ten_partition,partition_069_415ea177ceb5,,NAUMANN_CAL_T40_SOC25,hierarchical_power_fallback,0.94999999999999996,5,6,,unavailable_finite_sample_full_physical_range,unavailable,insufficient_same_route_calibration,,,,,
exhaustive_six_of_ten_partition,partition_069_415ea177ceb5,,NAUMANN_CAL_T40_SOC50,hierarchical_power_fallback,0.94999999999999996,5,6,,unavailable_finite_sample_full_physical_range,unavailable,insufficient_same_route_calibration,,,,,
exhaustive_six_of_ten_partition,partition_070_69ae8b304668,,NAUMANN_CAL_T40_SOC12.5,hierarchical_activation_residual,0.80000000000000004,1,2,,unavailable_finite_sample_full_physical_range,unavailable,insufficient_same_route_calibration,,,,,
exhaustive_six_of_ten_partition,partition_070_69ae8b304668,,NAUMANN_CAL_T40_SOC12.5,hierarchical_activation_residual,0.90000000000000002,1,2,,unavailable_finite_sample_full_physical_range,unavailable,insufficient_same_route_calibration,,,,,
exhaustive_six_of_ten_partition,partition_070_69ae8b304668,,NAUMANN_CAL_T40_SOC12.5,hierarchical_activation_residual,0.94999999999999996,1,2,,unavailable_finite_sample_full_physical_range,unavailable,insufficient_same_route_calibration,,,,,
exhaustive_six_of_ten_partition,partition_070_69ae8b304668,,NAUMANN_CAL_T40_SOC100,hierarchical_power_fallback,0.80000000000000004,5,5,2.1698424743004083,finite_order_statistic,available,none,True,1,1.4242933532746951,2.2673997803693737,1.4242933532746951
exhaustive_six_of_ten_partition,partition_070_69ae8b304668,,NAUMANN_CAL_T40_SOC25,hierarchical_power_fallback,0.80000000000000004,5,5,2.1698424743004083,finite_order_statistic,available,none,True,1,2.2106892511167611,4.1087384001945395,2.2106892511167611
exhaustive_six_of_ten_partition,partition_070_69ae8b304668,,NAUMANN_CAL_T40_SOC37.5,hierarchical_power_fallback,0.80000000000000004,5,5,2.1698424743004083,finite_order_statistic,available,none,True,1,1.9346642885590211,3.4427051368367643,1.9346642885590211
exhaustive_six_of_ten_partition,partition_070_69ae8b304668,,NAUMANN_CAL_T40_SOC100,hierarchical_power_fallback,0.90000000000000002,5,6,,unavailable_finite_sample_full_physical_range,unavailable,insufficient_same_route_calibration,,,,,
exhaustive_six_of_ten_partition,partition_070_69ae8b304668,,NAUMANN_CAL_T40_SOC25,hierarchical_power_fallback,0.90000000000000002,5,6,,unavailable_finite_sample_full_physical_range,unavailable,insufficient_same_route_calibration,,,,,
exhaustive_six_of_ten_partition,partition_070_69ae8b304668,,NAUMANN_CAL_T40_SOC37.5,hierarchical_power_fallback,0.90000000000000002,5,6,,unavailable_finite_sample_full_physical_range,unavailable,insufficient_same_route_calibration,,,,,
exhaustive_six_of_ten_partition,partition_070_69ae8b304668,,NAUMANN_CAL_T40_SOC100,hierarchical_power_fallback,0.94999999999999996,5,6,,unavailable_finite_sample_full_physical_range,unavailable,insufficient_same_route_calibration,,,,,
exhaustive_six_of_ten_partition,partition_070_69ae8b304668,,NAUMANN_CAL_T40_SOC25,hierarchical_power_fallback,0.94999999999999996,5,6,,unavailable_finite_sample_full_physical_range,unavailable,insufficient_same_route_calibration,,,,,
exhaustive_six_of_ten_partition,partition_070_69ae8b304668,,NAUMANN_CAL_T40_SOC37.5,hierarchical_power_fallback,0.94999999999999996,5,6,,unavailable_finite_sample_full_physical_range,unavailable,insufficient_same_route_calibration,,,,,
exhaustive_six_of_ten_partition,partition_071_2df49cc72259,,NAUMANN_CAL_T40_SOC0,hierarchical_activation_residual,0.80000000000000004,1,2,,unavailable_finite_sample_full_physical_range,unavailable,insufficient_same_route_calibration,,,,,
exhaustive_six_of_ten_partition,partition_071_2df49cc72259,,NAUMANN_CAL_T40_SOC0,hierarchical_activation_residual,0.90000000000000002,1,2,,unavailable_finite_sample_full_physical_range,unavailable,insufficient_same_route_calibration,,,,,
exhaustive_six_of_ten_partition,partition_071_2df49cc72259,,NAUMANN_CAL_T40_SOC0,hierarchical_activation_residual,0.94999999999999996,1,2,,unavailable_finite_sample_full_physical_range,unavailable,insufficient_same_route_calibration,,,,,
exhaustive_six_of_ten_partition,partition_071_2df49cc72259,,NAUMANN_CAL_T40_SOC62.5,hierarchical_power_fallback,0.80000000000000004,5,5,2.1698424743004083,finite_order_statistic,available,none,True,1,1.7721164814876715,3.0610265608058569,1.7721164814876715
exhaustive_six_of_ten_partition,partition_071_2df49cc72259,,NAUMANN_CAL_T40_SOC75,hierarchical_power_fallback,0.80000000000000004,5,5,2.1698424743004083,finite_order_statistic,available,none,True,1,1.3720864256784864,2.1520129956726066,1.3720864256784864
exhaustive_six_of_ten_partition,partition_071_2df49cc72259,,NAUMANN_CAL_T40_SOC87.5,hierarchical_power_fallback,0.80000000000000004,5,5,2.1698424743004083,finite_order_statistic,available,none,True,1,1.3456714355048427,2.0932907277718584,1.3456714355048427
exhaustive_six_of_ten_partition,partition_071_2df49cc72259,,NAUMANN_CAL_T40_SOC62.5,hierarchical_power_fallback,0.90000000000000002,5,6,,unavailable_finite_sample_full_physical_range,unavailable,insufficient_same_route_calibration,,,,,
exhaustive_six_of_ten_partition,partition_071_2df49cc72259,,NAUMANN_CAL_T40_SOC75,hierarchical_power_fallback,0.90000000000000002,5,6,,unavailable_finite_sample_full_physical_range,unavailable,insufficient_same_route_calibration,,,,,
exhaustive_six_of_ten_partition,partition_071_2df49cc72259,,NAUMANN_CAL_T40_SOC87.5,hierarchical_power_fallback,0.90000000000000002,5,6,,unavailable_finite_sample_full_physical_range,unavailable,insufficient_same_route_calibration,,,,,
exhaustive_six_of_ten_partition,partition_071_2df49cc72259,,NAUMANN_CAL_T40_SOC62.5,hierarchical_power_fallback,0.94999999999999996,5,6,,unavailable_finite_sample_full_physical_range,unavailable,insufficient_same_route_calibration,,,,,
exhaustive_six_of_ten_partition,partition_071_2df49cc72259,,NAUMANN_CAL_T40_SOC75,hierarchical_power_fallback,0.94999999999999996,5,6,,unavailable_finite_sample_full_physical_range,unavailable,insufficient_same_route_calibration,,,,,
exhaustive_six_of_ten_partition,partition_071_2df49cc72259,,NAUMANN_CAL_T40_SOC87.5,hierarchical_power_fallback,0.94999999999999996,5,6,,unavailable_finite_sample_full_physical_range,unavailable,insufficient_same_route_calibration,,,,,
exhaustive_six_of_ten_partition,partition_072_d85f8b04c725,,NAUMANN_CAL_T40_SOC0,hierarchical_activation_residual,0.80000000000000004,1,2,,unavailable_finite_sample_full_physical_range,unavailable,insufficient_same_route_calibration,,,,,
exhaustive_six_of_ten_partition,partition_072_d85f8b04c725,,NAUMANN_CAL_T40_SOC0,hierarchical_activation_residual,0.90000000000000002,1,2,,unavailable_finite_sample_full_physical_range,unavailable,insufficient_same_route_calibration,,,,,
exhaustive_six_of_ten_partition,partition_072_d85f8b04c725,,NAUMANN_CAL_T40_SOC0,hierarchical_activation_residual,0.94999999999999996,1,2,,unavailable_finite_sample_full_physical_range,unavailable,insufficient_same_route_calibration,,,,,
exhaustive_six_of_ten_partition,partition_072_d85f8b04c725,,NAUMANN_CAL_T40_SOC50,hierarchical_power_fallback,0.80000000000000004,5,5,1.4840726147248924,finite_order_statistic,available,none,False,0.20000000000000001,1.5575563227100178,2.916871079971969,2.9959070847109435
exhaustive_six_of_ten_partition,partition_072_d85f8b04c725,,NAUMANN_CAL_T40_SOC75,hierarchical_power_fallback,0.80000000000000004,5,5,1.4840726147248924,finite_order_statistic,available,none,True,1,0.93844410988485494,1.4718780700610523,0.93844410988485494
exhaustive_six_of_ten_partition,partition_072_d85f8b04c725,,NAUMANN_CAL_T40_SOC87.5,hierarchical_power_fallback,0.80000000000000004,5,5,1.4840726147248924,finite_order_statistic,available,none,True,1,0.92037746956454047,1.4317147353037001,0.92037746956454047
exhaustive_six_of_ten_partition,partition_072_d85f8b04c725,,NAUMANN_CAL_T40_SOC50,hierarchical_power_fallback,0.90000000000000002,5,6,,unavailable_finite_sample_full_physical_range,unavailable,insufficient_same_route_calibration,,,,,
exhaustive_six_of_ten_partition,partition_072_d85f8b04c725,,NAUMANN_CAL_T40_SOC75,hierarchical_power_fallback,0.90000000000000002,5,6,,unavailable_finite_sample_full_physical_range,unavailable,insufficient_same_route_calibration,,,,,
exhaustive_six_of_ten_partition,partition_072_d85f8b04c725,,NAUMANN_CAL_T40_SOC87.5,hierarchical_power_fallback,0.90000000000000002,5,6,,unavailable_finite_sample_full_physical_range,unavailable,insufficient_same_route_calibration,,,,,
exhaustive_six_of_ten_partition,partition_072_d85f8b04c725,,NAUMANN_CAL_T40_SOC50,hierarchical_power_fallback,0.94999999999999996,5,6,,unavailable_finite_sample_full_physical_range,unavailable,insufficient_same_route_calibration,,,,,
exhaustive_six_of_ten_partition,partition_072_d85f8b04c725,,NAUMANN_CAL_T40_SOC75,hierarchical_power_fallback,0.94999999999999996,5,6,,unavailable_finite_sample_full_physical_range,unavailable,insufficient_same_route_calibration,,,,,
exhaustive_six_of_ten_partition,partition_072_d85f8b04c725,,NAUMANN_CAL_T40_SOC87.5,hierarchical_power_fallback,0.94999999999999996,5,6,,unavailable_finite_sample_full_physical_range,unavailable,insufficient_same_route_calibration,,,,,
exhaustive_six_of_ten_partition,partition_073_e72c4ca4dd72,,NAUMANN_CAL_T40_SOC0,hierarchical_activation_residual,0.80000000000000004,1,2,,unavailable_finite_sample_full_physical_range,unavailable,insufficient_same_route_calibration,,,,,
exhaustive_six_of_ten_partition,partition_073_e72c4ca4dd72,,NAUMANN_CAL_T40_SOC0,hierarchical_activation_residual,0.90000000000000002,1,2,,unavailable_finite_sample_full_physical_range,unavailable,insufficient_same_route_calibration,,,,,
exhaustive_six_of_ten_partition,partition_073_e72c4ca4dd72,,NAUMANN_CAL_T40_SOC0,hierarchical_activation_residual,0.94999999999999996,1,2,,unavailable_finite_sample_full_physical_range,unavailable,insufficient_same_route_calibration,,,,,
exhaustive_six_of_ten_partition,partition_073_e72c4ca4dd72,,NAUMANN_CAL_T40_SOC50,hierarchical_power_fallback,0.80000000000000004,5,5,1.4840726147248924,finite_order_statistic,available,none,False,0.20000000000000001,1.5575563227100178,2.916871079971969,2.9959070847109435
exhaustive_six_of_ten_partition,partition_073_e72c4ca4dd72,,NAUMANN_CAL_T40_SOC62.5,hierarchical_power_fallback,0.80000000000000004,5,5,1.4840726147248924,finite_order_statistic,available,none,True,1,1.2120462989491545,2.0936016073250414,1.2120462989491545
exhaustive_six_of_ten_partition,partition_073_e72c4ca4dd72,,NAUMANN_CAL_T40_SOC87.5,hierarchical_power_fallback,0.80000000000000004,5,5,1.4840726147248924,finite_order_statistic,available,none,True,1,0.92037746956454047,1.4317147353037001,0.92037746956454047
exhaustive_six_of_ten_partition,partition_073_e72c4ca4dd72,,NAUMANN_CAL_T40_SOC50,hierarchical_power_fallback,0.90000000000000002,5,6,,unavailable_finite_sample_full_physical_range,unavailable,insufficient_same_route_calibration,,,,,
exhaustive_six_of_ten_partition,partition_073_e72c4ca4dd72,,NAUMANN_CAL_T40_SOC62.5,hierarchical_power_fallback,0.90000000000000002,5,6,,unavailable_finite_sample_full_physical_range,unavailable,insufficient_same_route_calibration,,,,,
exhaustive_six_of_ten_partition,partition_073_e72c4ca4dd72,,NAUMANN_CAL_T40_SOC87.5,hierarchical_power_fallback,0.90000000000000002,5,6,,unavailable_finite_sample_full_physical_range,unavailable,insufficient_same_route_calibration,,,,,
exhaustive_six_of_ten_partition,partition_073_e72c4ca4dd72,,NAUMANN_CAL_T40_SOC50,hierarchical_power_fallback,0.94999999999999996,5,6,,unavailable_finite_sample_full_physical_range,unavailable,insufficient_same_route_calibration,,,,,
exhaustive_six_of_ten_partition,partition_073_e72c4ca4dd72,,NAUMANN_CAL_T40_SOC62.5,hierarchical_power_fallback,0.94999999999999996,5,6,,unavailable_finite_sample_full_physical_range,unavailable,insufficient_same_route_calibration,,,,,
exhaustive_six_of_ten_partition,partition_073_e72c4ca4dd72,,NAUMANN_CAL_T40_SOC87.5,hierarchical_power_fallback,0.94999999999999996,5,6,,unavailable_finite_sample_full_physical_range,unavailable,insufficient_same_route_calibration,,,,,
exhaustive_six_of_ten_partition,partition_074_7708a3401840,,NAUMANN_CAL_T40_SOC0,hierarchical_activation_residual,0.80000000000000004,1,2,,unavailable_finite_sample_full_physical_range,unavailable,insufficient_same_route_calibration,,,,,
exhaustive_six_of_ten_partition,partition_074_7708a3401840,,NAUMANN_CAL_T40_SOC0,hierarchical_activation_residual,0.90000000000000002,1,2,,unavailable_finite_sample_full_physical_range,unavailable,insufficient_same_route_calibration,,,,,
exhaustive_six_of_ten_partition,partition_074_7708a3401840,,NAUMANN_CAL_T40_SOC0,hierarchical_activation_residual,0.94999999999999996,1,2,,unavailable_finite_sample_full_physical_range,unavailable,insufficient_same_route_calibration,,,,,
exhaustive_six_of_ten_partition,partition_074_7708a3401840,,NAUMANN_CAL_T40_SOC50,hierarchical_power_fallback,0.80000000000000004,5,5,1.4840726147248924,finite_order_statistic,available,none,False,0.20000000000000001,1.5575563227100178,2.916871079971969,2.9959070847109435
exhaustive_six_of_ten_partition,partition_074_7708a3401840,,NAUMANN_CAL_T40_SOC62.5,hierarchical_power_fallback,0.80000000000000004,5,5,1.4840726147248924,finite_order_statistic,available,none,True,1,1.2120462989491545,2.0936016073250414,1.2120462989491545
exhaustive_six_of_ten_partition,partition_074_7708a3401840,,NAUMANN_CAL_T40_SOC75,hierarchical_power_fallback,0.80000000000000004,5,5,1.4840726147248924,finite_order_statistic,available,none,True,1,0.93844410988485494,1.4718780700610523,0.93844410988485494
exhaustive_six_of_ten_partition,partition_074_7708a3401840,,NAUMANN_CAL_T40_SOC50,hierarchical_power_fallback,0.90000000000000002,5,6,,unavailable_finite_sample_full_physical_range,unavailable,insufficient_same_route_calibration,,,,,
exhaustive_six_of_ten_partition,partition_074_7708a3401840,,NAUMANN_CAL_T40_SOC62.5,hierarchical_power_fallback,0.90000000000000002,5,6,,unavailable_finite_sample_full_physical_range,unavailable,insufficient_same_route_calibration,,,,,
exhaustive_six_of_ten_partition,partition_074_7708a3401840,,NAUMANN_CAL_T40_SOC75,hierarchical_power_fallback,0.90000000000000002,5,6,,unavailable_finite_sample_full_physical_range,unavailable,insufficient_same_route_calibration,,,,,
exhaustive_six_of_ten_partition,partition_074_7708a3401840,,NAUMANN_CAL_T40_SOC50,hierarchical_power_fallback,0.94999999999999996,5,6,,unavailable_finite_sample_full_physical_range,unavailable,insufficient_same_route_calibration,,,,,
exhaustive_six_of_ten_partition,partition_074_7708a3401840,,NAUMANN_CAL_T40_SOC62.5,hierarchical_power_fallback,0.94999999999999996,5,6,,unavailable_finite_sample_full_physical_range,unavailable,insufficient_same_route_calibration,,,,,
exhaustive_six_of_ten_partition,partition_074_7708a3401840,,NAUMANN_CAL_T40_SOC75,hierarchical_power_fallback,0.94999999999999996,5,6,,unavailable_finite_sample_full_physical_range,unavailable,insufficient_same_route_calibration,,,,,
exhaustive_six_of_ten_partition,partition_075_dacb588da8d4,,NAUMANN_CAL_T40_SOC0,hierarchical_activation_residual,0.80000000000000004,1,2,,unavailable_finite_sample_full_physical_range,unavailable,insufficient_same_route_calibration,,,,,
exhaustive_six_of_ten_partition,partition_075_dacb588da8d4,,NAUMANN_CAL_T40_SOC0,hierarchical_activation_residual,0.90000000000000002,1,2,,unavailable_finite_sample_full_physical_range,unavailable,insufficient_same_route_calibration,,,,,
exhaustive_six_of_ten_partition,partition_075_dacb588da8d4,,NAUMANN_CAL_T40_SOC0,hierarchical_activation_residual,0.94999999999999996,1,2,,unavailable_finite_sample_full_physical_range,unavailable,insufficient_same_route_calibration,,,,,
exhaustive_six_of_ten_partition,partition_075_dacb588da8d4,,NAUMANN_CAL_T40_SOC37.5,hierarchical_power_fallback,0.80000000000000004,5,5,2.1698424743004083,finite_order_statistic,available,none,True,1,1.9346642885590211,3.4427051368367643,1.9346642885590211
exhaustive_six_of_ten_partition,partition_075_dacb588da8d4,,NAUMANN_CAL_T40_SOC75,hierarchical_power_fallback,0.80000000000000004,5,5,2.1698424743004083,finite_order_statistic,available,none,True,1,1.3720864256784864,2.1520129956726066,1.3720864256784864
exhaustive_six_of_ten_partition,partition_075_dacb588da8d4,,NAUMANN_CAL_T40_SOC87.5,hierarchical_power_fallback,0.80000000000000004,5,5,2.1698424743004083,finite_order_statistic,available,none,True,1,1.3456714355048427,2.0932907277718584,1.3456714355048427
exhaustive_six_of_ten_partition,partition_075_dacb588da8d4,,NAUMANN_CAL_T40_SOC37.5,hierarchical_power_fallback,0.90000000000000002,5,6,,unavailable_finite_sample_full_physical_range,unavailable,insufficient_same_route_calibration,,,,,
exhaustive_six_of_ten_partition,partition_075_dacb588da8d4,,NAUMANN_CAL_T40_SOC75,hierarchical_power_fallback,0.90000000000000002,5,6,,unavailable_finite_sample_full_physical_range,unavailable,insufficient_same_route_calibration,,,,,
exhaustive_six_of_ten_partition,partition_075_dacb588da8d4,,NAUMANN_CAL_T40_SOC87.5,hierarchical_power_fallback,0.90000000000000002,5,6,,unavailable_finite_sample_full_physical_range,unavailable,insufficient_same_route_calibration,,,,,
exhaustive_six_of_ten_partition,partition_075_dacb588da8d4,,NAUMANN_CAL_T40_SOC37.5,hierarchical_power_fallback,0.94999999999999996,5,6,,unavailable_finite_sample_full_physical_range,unavailable,insufficient_same_route_calibration,,,,,
exhaustive_six_of_ten_partition,partition_075_dacb588da8d4,,NAUMANN_CAL_T40_SOC75,hierarchical_power_fallback,0.94999999999999996,5,6,,unavailable_finite_sample_full_physical_range,unavailable,insufficient_same_route_calibration,,,,,
exhaustive_six_of_ten_partition,partition_075_dacb588da8d4,,NAUMANN_CAL_T40_SOC87.5,hierarchical_power_fallback,0.94999999999999996,5,6,,unavailable_finite_sample_full_physical_range,unavailable,insufficient_same_route_calibration,,,,,
exhaustive_six_of_ten_partition,partition_076_1e219a65c6c1,,NAUMANN_CAL_T40_SOC0,hierarchical_activation_residual,0.80000000000000004,1,2,,unavailable_finite_sample_full_physical_range,unavailable,insufficient_same_route_calibration,,,,,
exhaustive_six_of_ten_partition,partition_076_1e219a65c6c1,,NAUMANN_CAL_T40_SOC0,hierarchical_activation_residual,0.90000000000000002,1,2,,unavailable_finite_sample_full_physical_range,unavailable,insufficient_same_route_calibration,,,,,
exhaustive_six_of_ten_partition,partition_076_1e219a65c6c1,,NAUMANN_CAL_T40_SOC0,hierarchical_activation_residual,0.94999999999999996,1,2,,unavailable_finite_sample_full_physical_range,unavailable,insufficient_same_route_calibration,,,,,
exhaustive_six_of_ten_partition,partition_076_1e219a65c6c1,,NAUMANN_CAL_T40_SOC37.5,hierarchical_power_fallback,0.80000000000000004,5,5,2.1698424743004083,finite_order_statistic,available,none,True,1,1.9346642885590211,3.4427051368367643,1.9346642885590211
exhaustive_six_of_ten_partition,partition_076_1e219a65c6c1,,NAUMANN_CAL_T40_SOC62.5,hierarchical_power_fallback,0.80000000000000004,5,5,2.1698424743004083,finite_order_statistic,available,none,True,1,1.7721164814876715,3.0610265608058569,1.7721164814876715
exhaustive_six_of_ten_partition,partition_076_1e219a65c6c1,,NAUMANN_CAL_T40_SOC87.5,hierarchical_power_fallback,0.80000000000000004,5,5,2.1698424743004083,finite_order_statistic,available,none,True,1,1.3456714355048427,2.0932907277718584,1.3456714355048427
exhaustive_six_of_ten_partition,partition_076_1e219a65c6c1,,NAUMANN_CAL_T40_SOC37.5,hierarchical_power_fallback,0.90000000000000002,5,6,,unavailable_finite_sample_full_physical_range,unavailable,insufficient_same_route_calibration,,,,,
exhaustive_six_of_ten_partition,partition_076_1e219a65c6c1,,NAUMANN_CAL_T40_SOC62.5,hierarchical_power_fallback,0.90000000000000002,5,6,,unavailable_finite_sample_full_physical_range,unavailable,insufficient_same_route_calibration,,,,,
exhaustive_six_of_ten_partition,partition_076_1e219a65c6c1,,NAUMANN_CAL_T40_SOC87.5,hierarchical_power_fallback,0.90000000000000002,5,6,,unavailable_finite_sample_full_physical_range,unavailable,insufficient_same_route_calibration,,,,,
exhaustive_six_of_ten_partition,partition_076_1e219a65c6c1,,NAUMANN_CAL_T40_SOC37.5,hierarchical_power_fallback,0.94999999999999996,5,6,,unavailable_finite_sample_full_physical_range,unavailable,insufficient_same_route_calibration,,,,,
exhaustive_six_of_ten_partition,partition_076_1e219a65c6c1,,NAUMANN_CAL_T40_SOC62.5,hierarchical_power_fallback,0.94999999999999996,5,6,,unavailable_finite_sample_full_physical_range,unavailable,insufficient_same_route_calibration,,,,,
exhaustive_six_of_ten_partition,partition_076_1e219a65c6c1,,NAUMANN_CAL_T40_SOC87.5,hierarchical_power_fallback,0.94999999999999996,5,6,,unavailable_finite_sample_full_physical_range,unavailable,insufficient_same_route_calibration,,,,,
exhaustive_six_of_ten_partition,partition_077_7922a4c0755c,,NAUMANN_CAL_T40_SOC0,hierarchical_activation_residual,0.80000000000000004,1,2,,unavailable_finite_sample_full_physical_range,unavailable,insufficient_same_route_calibration,,,,,
exhaustive_six_of_ten_partition,partition_077_7922a4c0755c,,NAUMANN_CAL_T40_SOC0,hierarchical_activation_residual,0.90000000000000002,1,2,,unavailable_finite_sample_full_physical_range,unavailable,insufficient_same_route_calibration,,,,,
exhaustive_six_of_ten_partition,partition_077_7922a4c0755c,,NAUMANN_CAL_T40_SOC0,hierarchical_activation_residual,0.94999999999999996,1,2,,unavailable_finite_sample_full_physical_range,unavailable,insufficient_same_route_calibration,,,,,
exhaustive_six_of_ten_partition,partition_077_7922a4c0755c,,NAUMANN_CAL_T40_SOC37.5,hierarchical_power_fallback,0.80000000000000004,5,5,2.1698424743004083,finite_order_statistic,available,none,True,1,1.9346642885590211,3.4427051368367643,1.9346642885590211
exhaustive_six_of_ten_partition,partition_077_7922a4c0755c,,NAUMANN_CAL_T40_SOC62.5,hierarchical_power_fallback,0.80000000000000004,5,5,2.1698424743004083,finite_order_statistic,available,none,True,1,1.7721164814876715,3.0610265608058569,1.7721164814876715
exhaustive_six_of_ten_partition,partition_077_7922a4c0755c,,NAUMANN_CAL_T40_SOC75,hierarchical_power_fallback,0.80000000000000004,5,5,2.1698424743004083,finite_order_statistic,available,none,True,1,1.3720864256784864,2.1520129956726066,1.3720864256784864
exhaustive_six_of_ten_partition,partition_077_7922a4c0755c,,NAUMANN_CAL_T40_SOC37.5,hierarchical_power_fallback,0.90000000000000002,5,6,,unavailable_finite_sample_full_physical_range,unavailable,insufficient_same_route_calibration,,,,,
exhaustive_six_of_ten_partition,partition_077_7922a4c0755c,,NAUMANN_CAL_T40_SOC62.5,hierarchical_power_fallback,0.90000000000000002,5,6,,unavailable_finite_sample_full_physical_range,unavailable,insufficient_same_route_calibration,,,,,
exhaustive_six_of_ten_partition,partition_077_7922a4c0755c,,NAUMANN_CAL_T40_SOC75,hierarchical_power_fallback,0.90000000000000002,5,6,,unavailable_finite_sample_full_physical_range,unavailable,insufficient_same_route_calibration,,,,,
exhaustive_six_of_ten_partition,partition_077_7922a4c0755c,,NAUMANN_CAL_T40_SOC37.5,hierarchical_power_fallback,0.94999999999999996,5,6,,unavailable_finite_sample_full_physical_range,unavailable,insufficient_same_route_calibration,,,,,
exhaustive_six_of_ten_partition,partition_077_7922a4c0755c,,NAUMANN_CAL_T40_SOC62.5,hierarchical_power_fallback,0.94999999999999996,5,6,,unavailable_finite_sample_full_physical_range,unavailable,insufficient_same_route_calibration,,,,,
exhaustive_six_of_ten_partition,partition_077_7922a4c0755c,,NAUMANN_CAL_T40_SOC75,hierarchical_power_fallback,0.94999999999999996,5,6,,unavailable_finite_sample_full_physical_range,unavailable,insufficient_same_route_calibration,,,,,
exhaustive_six_of_ten_partition,partition_078_bafa0ef182e5,,NAUMANN_CAL_T40_SOC0,hierarchical_activation_residual,0.80000000000000004,1,2,,unavailable_finite_sample_full_physical_range,unavailable,insufficient_same_route_calibration,,,,,
exhaustive_six_of_ten_partition,partition_078_bafa0ef182e5,,NAUMANN_CAL_T40_SOC0,hierarchical_activation_residual,0.90000000000000002,1,2,,unavailable_finite_sample_full_physical_range,unavailable,insufficient_same_route_calibration,,,,,
exhaustive_six_of_ten_partition,partition_078_bafa0ef182e5,,NAUMANN_CAL_T40_SOC0,hierarchical_activation_residual,0.94999999999999996,1,2,,unavailable_finite_sample_full_physical_range,unavailable,insufficient_same_route_calibration,,,,,
exhaustive_six_of_ten_partition,partition_078_bafa0ef182e5,,NAUMANN_CAL_T40_SOC37.5,hierarchical_power_fallback,0.80000000000000004,5,5,1.4840726147248924,finite_order_statistic,available,none,True,1,1.3232215349007652,2.3546522269085131,1.3232215349007652
exhaustive_six_of_ten_partition,partition_078_bafa0ef182e5,,NAUMANN_CAL_T40_SOC50,hierarchical_power_fallback,0.80000000000000004,5,5,1.4840726147248924,finite_order_statistic,available,none,False,0.20000000000000001,1.5575563227100178,2.916871079971969,2.9959070847109435
exhaustive_six_of_ten_partition,partition_078_bafa0ef182e5,,NAUMANN_CAL_T40_SOC87.5,hierarchical_power_fallback,0.80000000000000004,5,5,1.4840726147248924,finite_order_statistic,available,none,True,1,0.92037746956454047,1.4317147353037001,0.92037746956454047
exhaustive_six_of_ten_partition,partition_078_bafa0ef182e5,,NAUMANN_CAL_T40_SOC37.5,hierarchical_power_fallback,0.90000000000000002,5,6,,unavailable_finite_sample_full_physical_range,unavailable,insufficient_same_route_calibration,,,,,
exhaustive_six_of_ten_partition,partition_078_bafa0ef182e5,,NAUMANN_CAL_T40_SOC50,hierarchical_power_fallback,0.90000000000000002,5,6,,unavailable_finite_sample_full_physical_range,unavailable,insufficient_same_route_calibration,,,,,
exhaustive_six_of_ten_partition,partition_078_bafa0ef182e5,,NAUMANN_CAL_T40_SOC87.5,hierarchical_power_fallback,0.90000000000000002,5,6,,unavailable_finite_sample_full_physical_range,unavailable,insufficient_same_route_calibration,,,,,
exhaustive_six_of_ten_partition,partition_078_bafa0ef182e5,,NAUMANN_CAL_T40_SOC37.5,hierarchical_power_fallback,0.94999999999999996,5,6,,unavailable_finite_sample_full_physical_range,unavailable,insufficient_same_route_calibration,,,,,
exhaustive_six_of_ten_partition,partition_078_bafa0ef182e5,,NAUMANN_CAL_T40_SOC50,hierarchical_power_fallback,0.94999999999999996,5,6,,unavailable_finite_sample_full_physical_range,unavailable,insufficient_same_route_calibration,,,,,
exhaustive_six_of_ten_partition,partition_078_bafa0ef182e5,,NAUMANN_CAL_T40_SOC87.5,hierarchical_power_fallback,0.94999999999999996,5,6,,unavailable_finite_sample_full_physical_range,unavailable,insufficient_same_route_calibration,,,,,
exhaustive_six_of_ten_partition,partition_079_46229a5c1140,,NAUMANN_CAL_T40_SOC0,hierarchical_activation_residual,0.80000000000000004,1,2,,unavailable_finite_sample_full_physical_range,unavailable,insufficient_same_route_calibration,,,,,
exhaustive_six_of_ten_partition,partition_079_46229a5c1140,,NAUMANN_CAL_T40_SOC0,hierarchical_activation_residual,0.90000000000000002,1,2,,unavailable_finite_sample_full_physical_range,unavailable,insufficient_same_route_calibration,,,,,
exhaustive_six_of_ten_partition,partition_079_46229a5c1140,,NAUMANN_CAL_T40_SOC0,hierarchical_activation_residual,0.94999999999999996,1,2,,unavailable_finite_sample_full_physical_range,unavailable,insufficient_same_route_calibration,,,,,
exhaustive_six_of_ten_partition,partition_079_46229a5c1140,,NAUMANN_CAL_T40_SOC37.5,hierarchical_power_fallback,0.80000000000000004,5,5,1.4840726147248924,finite_order_statistic,available,none,True,1,1.3232215349007652,2.3546522269085131,1.3232215349007652
exhaustive_six_of_ten_partition,partition_079_46229a5c1140,,NAUMANN_CAL_T40_SOC50,hierarchical_power_fallback,0.80000000000000004,5,5,1.4840726147248924,finite_order_statistic,available,none,False,0.20000000000000001,1.5575563227100178,2.916871079971969,2.9959070847109435
exhaustive_six_of_ten_partition,partition_079_46229a5c1140,,NAUMANN_CAL_T40_SOC75,hierarchical_power_fallback,0.80000000000000004,5,5,1.4840726147248924,finite_order_statistic,available,none,True,1,0.93844410988485494,1.4718780700610523,0.93844410988485494
exhaustive_six_of_ten_partition,partition_079_46229a5c1140,,NAUMANN_CAL_T40_SOC37.5,hierarchical_power_fallback,0.90000000000000002,5,6,,unavailable_finite_sample_full_physical_range,unavailable,insufficient_same_route_calibration,,,,,
exhaustive_six_of_ten_partition,partition_079_46229a5c1140,,NAUMANN_CAL_T40_SOC50,hierarchical_power_fallback,0.90000000000000002,5,6,,unavailable_finite_sample_full_physical_range,unavailable,insufficient_same_route_calibration,,,,,
exhaustive_six_of_ten_partition,partition_079_46229a5c1140,,NAUMANN_CAL_T40_SOC75,hierarchical_power_fallback,0.90000000000000002,5,6,,unavailable_finite_sample_full_physical_range,unavailable,insufficient_same_route_calibration,,,,,
exhaustive_six_of_ten_partition,partition_079_46229a5c1140,,NAUMANN_CAL_T40_SOC37.5,hierarchical_power_fallback,0.94999999999999996,5,6,,unavailable_finite_sample_full_physical_range,unavailable,insufficient_same_route_calibration,,,,,
exhaustive_six_of_ten_partition,partition_079_46229a5c1140,,NAUMANN_CAL_T40_SOC50,hierarchical_power_fallback,0.94999999999999996,5,6,,unavailable_finite_sample_full_physical_range,unavailable,insufficient_same_route_calibration,,,,,
exhaustive_six_of_ten_partition,partition_079_46229a5c1140,,NAUMANN_CAL_T40_SOC75,hierarchical_power_fallback,0.94999999999999996,5,6,,unavailable_finite_sample_full_physical_range,unavailable,insufficient_same_route_calibration,,,,,
exhaustive_six_of_ten_partition,partition_080_82d3684022f4,,NAUMANN_CAL_T40_SOC0,hierarchical_activation_residual,0.80000000000000004,1,2,,unavailable_finite_sample_full_physical_range,unavailable,insufficient_same_route_calibration,,,,,
exhaustive_six_of_ten_partition,partition_080_82d3684022f4,,NAUMANN_CAL_T40_SOC0,hierarchical_activation_residual,0.90000000000000002,1,2,,unavailable_finite_sample_full_physical_range,unavailable,insufficient_same_route_calibration,,,,,
exhaustive_six_of_ten_partition,partition_080_82d3684022f4,,NAUMANN_CAL_T40_SOC0,hierarchical_activation_residual,0.94999999999999996,1,2,,unavailable_finite_sample_full_physical_range,unavailable,insufficient_same_route_calibration,,,,,
exhaustive_six_of_ten_partition,partition_080_82d3684022f4,,NAUMANN_CAL_T40_SOC37.5,hierarchical_power_fallback,0.80000000000000004,5,5,1.4840726147248924,finite_order_statistic,available,none,True,1,1.3232215349007652,2.3546522269085131,1.3232215349007652
exhaustive_six_of_ten_partition,partition_080_82d3684022f4,,NAUMANN_CAL_T40_SOC50,hierarchical_power_fallback,0.80000000000000004,5,5,1.4840726147248924,finite_order_statistic,available,none,False,0.20000000000000001,1.5575563227100178,2.916871079971969,2.9959070847109435
exhaustive_six_of_ten_partition,partition_080_82d3684022f4,,NAUMANN_CAL_T40_SOC62.5,hierarchical_power_fallback,0.80000000000000004,5,5,1.4840726147248924,finite_order_statistic,available,none,True,1,1.2120462989491545,2.0936016073250414,1.2120462989491545
exhaustive_six_of_ten_partition,partition_080_82d3684022f4,,NAUMANN_CAL_T40_SOC37.5,hierarchical_power_fallback,0.90000000000000002,5,6,,unavailable_finite_sample_full_physical_range,unavailable,insufficient_same_route_calibration,,,,,
exhaustive_six_of_ten_partition,partition_080_82d3684022f4,,NAUMANN_CAL_T40_SOC50,hierarchical_power_fallback,0.90000000000000002,5,6,,unavailable_finite_sample_full_physical_range,unavailable,insufficient_same_route_calibration,,,,,
exhaustive_six_of_ten_partition,partition_080_82d3684022f4,,NAUMANN_CAL_T40_SOC62.5,hierarchical_power_fallback,0.90000000000000002,5,6,,unavailable_finite_sample_full_physical_range,unavailable,insufficient_same_route_calibration,,,,,
exhaustive_six_of_ten_partition,partition_080_82d3684022f4,,NAUMANN_CAL_T40_SOC37.5,hierarchical_power_fallback,0.94999999999999996,5,6,,unavailable_finite_sample_full_physical_range,unavailable,insufficient_same_route_calibration,,,,,
exhaustive_six_of_ten_partition,partition_080_82d3684022f4,,NAUMANN_CAL_T40_SOC50,hierarchical_power_fallback,0.94999999999999996,5,6,,unavailable_finite_sample_full_physical_range,unavailable,insufficient_same_route_calibration,,,,,
exhaustive_six_of_ten_partition,partition_080_82d3684022f4,,NAUMANN_CAL_T40_SOC62.5,hierarchical_power_fallback,0.94999999999999996,5,6,,unavailable_finite_sample_full_physical_range,unavailable,insufficient_same_route_calibration,,,,,
exhaustive_six_of_ten_partition,partition_081_1e039299581f,,NAUMANN_CAL_T40_SOC0,hierarchical_activation_residual,0.80000000000000004,1,2,,unavailable_finite_sample_full_physical_range,unavailable,insufficient_same_route_calibration,,,,,
exhaustive_six_of_ten_partition,partition_081_1e039299581f,,NAUMANN_CAL_T40_SOC0,hierarchical_activation_residual,0.90000000000000002,1,2,,unavailable_finite_sample_full_physical_range,unavailable,insufficient_same_route_calibration,,,,,
exhaustive_six_of_ten_partition,partition_081_1e039299581f,,NAUMANN_CAL_T40_SOC0,hierarchical_activation_residual,0.94999999999999996,1,2,,unavailable_finite_sample_full_physical_range,unavailable,insufficient_same_route_calibration,,,,,
exhaustive_six_of_ten_partition,partition_081_1e039299581f,,NAUMANN_CAL_T40_SOC25,hierarchical_power_fallback,0.80000000000000004,5,5,2.1698424743004083,finite_order_statistic,available,none,True,1,2.2106892511167611,4.1087384001945395,2.2106892511167611
exhaustive_six_of_ten_partition,partition_081_1e039299581f,,NAUMANN_CAL_T40_SOC75,hierarchical_power_fallback,0.80000000000000004,5,5,2.1698424743004083,finite_order_statistic,available,none,True,1,1.3720864256784864,2.1520129956726066,1.3720864256784864
exhaustive_six_of_ten_partition,partition_081_1e039299581f,,NAUMANN_CAL_T40_SOC87.5,hierarchical_power_fallback,0.80000000000000004,5,5,2.1698424743004083,finite_order_statistic,available,none,True,1,1.3456714355048427,2.0932907277718584,1.3456714355048427
exhaustive_six_of_ten_partition,partition_081_1e039299581f,,NAUMANN_CAL_T40_SOC25,hierarchical_power_fallback,0.90000000000000002,5,6,,unavailable_finite_sample_full_physical_range,unavailable,insufficient_same_route_calibration,,,,,
exhaustive_six_of_ten_partition,partition_081_1e039299581f,,NAUMANN_CAL_T40_SOC75,hierarchical_power_fallback,0.90000000000000002,5,6,,unavailable_finite_sample_full_physical_range,unavailable,insufficient_same_route_calibration,,,,,
exhaustive_six_of_ten_partition,partition_081_1e039299581f,,NAUMANN_CAL_T40_SOC87.5,hierarchical_power_fallback,0.90000000000000002,5,6,,unavailable_finite_sample_full_physical_range,unavailable,insufficient_same_route_calibration,,,,,
exhaustive_six_of_ten_partition,partition_081_1e039299581f,,NAUMANN_CAL_T40_SOC25,hierarchical_power_fallback,0.94999999999999996,5,6,,unavailable_finite_sample_full_physical_range,unavailable,insufficient_same_route_calibration,,,,,
exhaustive_six_of_ten_partition,partition_081_1e039299581f,,NAUMANN_CAL_T40_SOC75,hierarchical_power_fallback,0.94999999999999996,5,6,,unavailable_finite_sample_full_physical_range,unavailable,insufficient_same_route_calibration,,,,,
exhaustive_six_of_ten_partition,partition_081_1e039299581f,,NAUMANN_CAL_T40_SOC87.5,hierarchical_power_fallback,0.94999999999999996,5,6,,unavailable_finite_sample_full_physical_range,unavailable,insufficient_same_route_calibration,,,,,
exhaustive_six_of_ten_partition,partition_082_2bf9d7435406,,NAUMANN_CAL_T40_SOC0,hierarchical_activation_residual,0.80000000000000004,1,2,,unavailable_finite_sample_full_physical_range,unavailable,insufficient_same_route_calibration,,,,,
exhaustive_six_of_ten_partition,partition_082_2bf9d7435406,,NAUMANN_CAL_T40_SOC0,hierarchical_activation_residual,0.90000000000000002,1,2,,unavailable_finite_sample_full_physical_range,unavailable,insufficient_same_route_calibration,,,,,
exhaustive_six_of_ten_partition,partition_082_2bf9d7435406,,NAUMANN_CAL_T40_SOC0,hierarchical_activation_residual,0.94999999999999996,1,2,,unavailable_finite_sample_full_physical_range,unavailable,insufficient_same_route_calibration,,,,,
exhaustive_six_of_ten_partition,partition_082_2bf9d7435406,,NAUMANN_CAL_T40_SOC25,hierarchical_power_fallback,0.80000000000000004,5,5,2.1698424743004083,finite_order_statistic,available,none,True,1,2.2106892511167611,4.1087384001945395,2.2106892511167611
exhaustive_six_of_ten_partition,partition_082_2bf9d7435406,,NAUMANN_CAL_T40_SOC62.5,hierarchical_power_fallback,0.80000000000000004,5,5,2.1698424743004083,finite_order_statistic,available,none,True,1,1.7721164814876715,3.0610265608058569,1.7721164814876715
exhaustive_six_of_ten_partition,partition_082_2bf9d7435406,,NAUMANN_CAL_T40_SOC87.5,hierarchical_power_fallback,0.80000000000000004,5,5,2.1698424743004083,finite_order_statistic,available,none,True,1,1.3456714355048427,2.0932907277718584,1.3456714355048427
exhaustive_six_of_ten_partition,partition_082_2bf9d7435406,,NAUMANN_CAL_T40_SOC25,hierarchical_power_fallback,0.90000000000000002,5,6,,unavailable_finite_sample_full_physical_range,unavailable,insufficient_same_route_calibration,,,,,
exhaustive_six_of_ten_partition,partition_082_2bf9d7435406,,NAUMANN_CAL_T40_SOC62.5,hierarchical_power_fallback,0.90000000000000002,5,6,,unavailable_finite_sample_full_physical_range,unavailable,insufficient_same_route_calibration,,,,,
exhaustive_six_of_ten_partition,partition_082_2bf9d7435406,,NAUMANN_CAL_T40_SOC87.5,hierarchical_power_fallback,0.90000000000000002,5,6,,unavailable_finite_sample_full_physical_range,unavailable,insufficient_same_route_calibration,,,,,
exhaustive_six_of_ten_partition,partition_082_2bf9d7435406,,NAUMANN_CAL_T40_SOC25,hierarchical_power_fallback,0.94999999999999996,5,6,,unavailable_finite_sample_full_physical_range,unavailable,insufficient_same_route_calibration,,,,,
exhaustive_six_of_ten_partition,partition_082_2bf9d7435406,,NAUMANN_CAL_T40_SOC62.5,hierarchical_power_fallback,0.94999999999999996,5,6,,unavailable_finite_sample_full_physical_range,unavailable,insufficient_same_route_calibration,,,,,
exhaustive_six_of_ten_partition,partition_082_2bf9d7435406,,NAUMANN_CAL_T40_SOC87.5,hierarchical_power_fallback,0.94999999999999996,5,6,,unavailable_finite_sample_full_physical_range,unavailable,insufficient_same_route_calibration,,,,,
exhaustive_six_of_ten_partition,partition_083_73c89e0840ec,,NAUMANN_CAL_T40_SOC0,hierarchical_activation_residual,0.80000000000000004,1,2,,unavailable_finite_sample_full_physical_range,unavailable,insufficient_same_route_calibration,,,,,
exhaustive_six_of_ten_partition,partition_083_73c89e0840ec,,NAUMANN_CAL_T40_SOC0,hierarchical_activation_residual,0.90000000000000002,1,2,,unavailable_finite_sample_full_physical_range,unavailable,insufficient_same_route_calibration,,,,,
exhaustive_six_of_ten_partition,partition_083_73c89e0840ec,,NAUMANN_CAL_T40_SOC0,hierarchical_activation_residual,0.94999999999999996,1,2,,unavailable_finite_sample_full_physical_range,unavailable,insufficient_same_route_calibration,,,,,
exhaustive_six_of_ten_partition,partition_083_73c89e0840ec,,NAUMANN_CAL_T40_SOC25,hierarchical_power_fallback,0.80000000000000004,5,5,2.1698424743004083,finite_order_statistic,available,none,True,1,2.2106892511167611,4.1087384001945395,2.2106892511167611
exhaustive_six_of_ten_partition,partition_083_73c89e0840ec,,NAUMANN_CAL_T40_SOC62.5,hierarchical_power_fallback,0.80000000000000004,5,5,2.1698424743004083,finite_order_statistic,available,none,True,1,1.7721164814876715,3.0610265608058569,1.7721164814876715
exhaustive_six_of_ten_partition,partition_083_73c89e0840ec,,NAUMANN_CAL_T40_SOC75,hierarchical_power_fallback,0.80000000000000004,5,5,2.1698424743004083,finite_order_statistic,available,none,True,1,1.3720864256784864,2.1520129956726066,1.3720864256784864
exhaustive_six_of_ten_partition,partition_083_73c89e0840ec,,NAUMANN_CAL_T40_SOC25,hierarchical_power_fallback,0.90000000000000002,5,6,,unavailable_finite_sample_full_physical_range,unavailable,insufficient_same_route_calibration,,,,,
exhaustive_six_of_ten_partition,partition_083_73c89e0840ec,,NAUMANN_CAL_T40_SOC62.5,hierarchical_power_fallback,0.90000000000000002,5,6,,unavailable_finite_sample_full_physical_range,unavailable,insufficient_same_route_calibration,,,,,
exhaustive_six_of_ten_partition,partition_083_73c89e0840ec,,NAUMANN_CAL_T40_SOC75,hierarchical_power_fallback,0.90000000000000002,5,6,,unavailable_finite_sample_full_physical_range,unavailable,insufficient_same_route_calibration,,,,,
exhaustive_six_of_ten_partition,partition_083_73c89e0840ec,,NAUMANN_CAL_T40_SOC25,hierarchical_power_fallback,0.94999999999999996,5,6,,unavailable_finite_sample_full_physical_range,unavailable,insufficient_same_route_calibration,,,,,
exhaustive_six_of_ten_partition,partition_083_73c89e0840ec,,NAUMANN_CAL_T40_SOC62.5,hierarchical_power_fallback,0.94999999999999996,5,6,,unavailable_finite_sample_full_physical_range,unavailable,insufficient_same_route_calibration,,,,,
exhaustive_six_of_ten_partition,partition_083_73c89e0840ec,,NAUMANN_CAL_T40_SOC75,hierarchical_power_fallback,0.94999999999999996,5,6,,unavailable_finite_sample_full_physical_range,unavailable,insufficient_same_route_calibration,,,,,
exhaustive_six_of_ten_partition,partition_084_60920b8a4119,,NAUMANN_CAL_T40_SOC0,hierarchical_activation_residual,0.80000000000000004,1,2,,unavailable_finite_sample_full_physical_range,unavailable,insufficient_same_route_calibration,,,,,
exhaustive_six_of_ten_partition,partition_084_60920b8a4119,,NAUMANN_CAL_T40_SOC0,hierarchical_activation_residual,0.90000000000000002,1,2,,unavailable_finite_sample_full_physical_range,unavailable,insufficient_same_route_calibration,,,,,
exhaustive_six_of_ten_partition,partition_084_60920b8a4119,,NAUMANN_CAL_T40_SOC0,hierarchical_activation_residual,0.94999999999999996,1,2,,unavailable_finite_sample_full_physical_range,unavailable,insufficient_same_route_calibration,,,,,
exhaustive_six_of_ten_partition,partition_084_60920b8a4119,,NAUMANN_CAL_T40_SOC25,hierarchical_power_fallback,0.80000000000000004,5,5,1.4840726147248924,finite_order_statistic,available,none,True,1,1.5120099344109541,2.8101883952489572,1.5120099344109541
exhaustive_six_of_ten_partition,partition_084_60920b8a4119,,NAUMANN_CAL_T40_SOC50,hierarchical_power_fallback,0.80000000000000004,5,5,1.4840726147248924,finite_order_statistic,available,none,False,0.20000000000000001,1.5575563227100178,2.916871079971969,2.9959070847109435
exhaustive_six_of_ten_partition,partition_084_60920b8a4119,,NAUMANN_CAL_T40_SOC87.5,hierarchical_power_fallback,0.80000000000000004,5,5,1.4840726147248924,finite_order_statistic,available,none,True,1,0.92037746956454047,1.4317147353037001,0.92037746956454047
exhaustive_six_of_ten_partition,partition_084_60920b8a4119,,NAUMANN_CAL_T40_SOC25,hierarchical_power_fallback,0.90000000000000002,5,6,,unavailable_finite_sample_full_physical_range,unavailable,insufficient_same_route_calibration,,,,,
exhaustive_six_of_ten_partition,partition_084_60920b8a4119,,NAUMANN_CAL_T40_SOC50,hierarchical_power_fallback,0.90000000000000002,5,6,,unavailable_finite_sample_full_physical_range,unavailable,insufficient_same_route_calibration,,,,,
exhaustive_six_of_ten_partition,partition_084_60920b8a4119,,NAUMANN_CAL_T40_SOC87.5,hierarchical_power_fallback,0.90000000000000002,5,6,,unavailable_finite_sample_full_physical_range,unavailable,insufficient_same_route_calibration,,,,,
exhaustive_six_of_ten_partition,partition_084_60920b8a4119,,NAUMANN_CAL_T40_SOC25,hierarchical_power_fallback,0.94999999999999996,5,6,,unavailable_finite_sample_full_physical_range,unavailable,insufficient_same_route_calibration,,,,,
exhaustive_six_of_ten_partition,partition_084_60920b8a4119,,NAUMANN_CAL_T40_SOC50,hierarchical_power_fallback,0.94999999999999996,5,6,,unavailable_finite_sample_full_physical_range,unavailable,insufficient_same_route_calibration,,,,,
exhaustive_six_of_ten_partition,partition_084_60920b8a4119,,NAUMANN_CAL_T40_SOC87.5,hierarchical_power_fallback,0.94999999999999996,5,6,,unavailable_finite_sample_full_physical_range,unavailable,insufficient_same_route_calibration,,,,,
exhaustive_six_of_ten_partition,partition_085_22f746481223,,NAUMANN_CAL_T40_SOC0,hierarchical_activation_residual,0.80000000000000004,1,2,,unavailable_finite_sample_full_physical_range,unavailable,insufficient_same_route_calibration,,,,,
exhaustive_six_of_ten_partition,partition_085_22f746481223,,NAUMANN_CAL_T40_SOC0,hierarchical_activation_residual,0.90000000000000002,1,2,,unavailable_finite_sample_full_physical_range,unavailable,insufficient_same_route_calibration,,,,,
exhaustive_six_of_ten_partition,partition_085_22f746481223,,NAUMANN_CAL_T40_SOC0,hierarchical_activation_residual,0.94999999999999996,1,2,,unavailable_finite_sample_full_physical_range,unavailable,insufficient_same_route_calibration,,,,,
exhaustive_six_of_ten_partition,partition_085_22f746481223,,NAUMANN_CAL_T40_SOC25,hierarchical_power_fallback,0.80000000000000004,5,5,1.4840726147248924,finite_order_statistic,available,none,True,1,1.5120099344109541,2.8101883952489572,1.5120099344109541
exhaustive_six_of_ten_partition,partition_085_22f746481223,,NAUMANN_CAL_T40_SOC50,hierarchical_power_fallback,0.80000000000000004,5,5,1.4840726147248924,finite_order_statistic,available,none,False,0.20000000000000001,1.5575563227100178,2.916871079971969,2.9959070847109435
exhaustive_six_of_ten_partition,partition_085_22f746481223,,NAUMANN_CAL_T40_SOC75,hierarchical_power_fallback,0.80000000000000004,5,5,1.4840726147248924,finite_order_statistic,available,none,True,1,0.93844410988485494,1.4718780700610523,0.93844410988485494
exhaustive_six_of_ten_partition,partition_085_22f746481223,,NAUMANN_CAL_T40_SOC25,hierarchical_power_fallback,0.90000000000000002,5,6,,unavailable_finite_sample_full_physical_range,unavailable,insufficient_same_route_calibration,,,,,
exhaustive_six_of_ten_partition,partition_085_22f746481223,,NAUMANN_CAL_T40_SOC50,hierarchical_power_fallback,0.90000000000000002,5,6,,unavailable_finite_sample_full_physical_range,unavailable,insufficient_same_route_calibration,,,,,
exhaustive_six_of_ten_partition,partition_085_22f746481223,,NAUMANN_CAL_T40_SOC75,hierarchical_power_fallback,0.90000000000000002,5,6,,unavailable_finite_sample_full_physical_range,unavailable,insufficient_same_route_calibration,,,,,
exhaustive_six_of_ten_partition,partition_085_22f746481223,,NAUMANN_CAL_T40_SOC25,hierarchical_power_fallback,0.94999999999999996,5,6,,unavailable_finite_sample_full_physical_range,unavailable,insufficient_same_route_calibration,,,,,
exhaustive_six_of_ten_partition,partition_085_22f746481223,,NAUMANN_CAL_T40_SOC50,hierarchical_power_fallback,0.94999999999999996,5,6,,unavailable_finite_sample_full_physical_range,unavailable,insufficient_same_route_calibration,,,,,
exhaustive_six_of_ten_partition,partition_085_22f746481223,,NAUMANN_CAL_T40_SOC75,hierarchical_power_fallback,0.94999999999999996,5,6,,unavailable_finite_sample_full_physical_range,unavailable,insufficient_same_route_calibration,,,,,
exhaustive_six_of_ten_partition,partition_086_ee7fc0e082b1,,NAUMANN_CAL_T40_SOC0,hierarchical_activation_residual,0.80000000000000004,1,2,,unavailable_finite_sample_full_physical_range,unavailable,insufficient_same_route_calibration,,,,,
exhaustive_six_of_ten_partition,partition_086_ee7fc0e082b1,,NAUMANN_CAL_T40_SOC0,hierarchical_activation_residual,0.90000000000000002,1,2,,unavailable_finite_sample_full_physical_range,unavailable,insufficient_same_route_calibration,,,,,
exhaustive_six_of_ten_partition,partition_086_ee7fc0e082b1,,NAUMANN_CAL_T40_SOC0,hierarchical_activation_residual,0.94999999999999996,1,2,,unavailable_finite_sample_full_physical_range,unavailable,insufficient_same_route_calibration,,,,,
exhaustive_six_of_ten_partition,partition_086_ee7fc0e082b1,,NAUMANN_CAL_T40_SOC25,hierarchical_power_fallback,0.80000000000000004,5,5,1.4840726147248924,finite_order_statistic,available,none,True,1,1.5120099344109541,2.8101883952489572,1.5120099344109541
exhaustive_six_of_ten_partition,partition_086_ee7fc0e082b1,,NAUMANN_CAL_T40_SOC50,hierarchical_power_fallback,0.80000000000000004,5,5,1.4840726147248924,finite_order_statistic,available,none,False,0.20000000000000001,1.5575563227100178,2.916871079971969,2.9959070847109435
exhaustive_six_of_ten_partition,partition_086_ee7fc0e082b1,,NAUMANN_CAL_T40_SOC62.5,hierarchical_power_fallback,0.80000000000000004,5,5,1.4840726147248924,finite_order_statistic,available,none,True,1,1.2120462989491545,2.0936016073250414,1.2120462989491545
exhaustive_six_of_ten_partition,partition_086_ee7fc0e082b1,,NAUMANN_CAL_T40_SOC25,hierarchical_power_fallback,0.90000000000000002,5,6,,unavailable_finite_sample_full_physical_range,unavailable,insufficient_same_route_calibration,,,,,
exhaustive_six_of_ten_partition,partition_086_ee7fc0e082b1,,NAUMANN_CAL_T40_SOC50,hierarchical_power_fallback,0.90000000000000002,5,6,,unavailable_finite_sample_full_physical_range,unavailable,insufficient_same_route_calibration,,,,,
exhaustive_six_of_ten_partition,partition_086_ee7fc0e082b1,,NAUMANN_CAL_T40_SOC62.5,hierarchical_power_fallback,0.90000000000000002,5,6,,unavailable_finite_sample_full_physical_range,unavailable,insufficient_same_route_calibration,,,,,
exhaustive_six_of_ten_partition,partition_086_ee7fc0e082b1,,NAUMANN_CAL_T40_SOC25,hierarchical_power_fallback,0.94999999999999996,5,6,,unavailable_finite_sample_full_physical_range,unavailable,insufficient_same_route_calibration,,,,,
exhaustive_six_of_ten_partition,partition_086_ee7fc0e082b1,,NAUMANN_CAL_T40_SOC50,hierarchical_power_fallback,0.94999999999999996,5,6,,unavailable_finite_sample_full_physical_range,unavailable,insufficient_same_route_calibration,,,,,
exhaustive_six_of_ten_partition,partition_086_ee7fc0e082b1,,NAUMANN_CAL_T40_SOC62.5,hierarchical_power_fallback,0.94999999999999996,5,6,,unavailable_finite_sample_full_physical_range,unavailable,insufficient_same_route_calibration,,,,,
exhaustive_six_of_ten_partition,partition_087_c320e4ae0e58,,NAUMANN_CAL_T40_SOC0,hierarchical_activation_residual,0.80000000000000004,1,2,,unavailable_finite_sample_full_physical_range,unavailable,insufficient_same_route_calibration,,,,,
exhaustive_six_of_ten_partition,partition_087_c320e4ae0e58,,NAUMANN_CAL_T40_SOC0,hierarchical_activation_residual,0.90000000000000002,1,2,,unavailable_finite_sample_full_physical_range,unavailable,insufficient_same_route_calibration,,,,,
exhaustive_six_of_ten_partition,partition_087_c320e4ae0e58,,NAUMANN_CAL_T40_SOC0,hierarchical_activation_residual,0.94999999999999996,1,2,,unavailable_finite_sample_full_physical_range,unavailable,insufficient_same_route_calibration,,,,,
exhaustive_six_of_ten_partition,partition_087_c320e4ae0e58,,NAUMANN_CAL_T40_SOC25,hierarchical_power_fallback,0.80000000000000004,5,5,2.1698424743004083,finite_order_statistic,available,none,True,1,2.2106892511167611,4.1087384001945395,2.2106892511167611
exhaustive_six_of_ten_partition,partition_087_c320e4ae0e58,,NAUMANN_CAL_T40_SOC37.5,hierarchical_power_fallback,0.80000000000000004,5,5,2.1698424743004083,finite_order_statistic,available,none,True,1,1.9346642885590211,3.4427051368367643,1.9346642885590211
exhaustive_six_of_ten_partition,partition_087_c320e4ae0e58,,NAUMANN_CAL_T40_SOC87.5,hierarchical_power_fallback,0.80000000000000004,5,5,2.1698424743004083,finite_order_statistic,available,none,True,1,1.3456714355048427,2.0932907277718584,1.3456714355048427
exhaustive_six_of_ten_partition,partition_087_c320e4ae0e58,,NAUMANN_CAL_T40_SOC25,hierarchical_power_fallback,0.90000000000000002,5,6,,unavailable_finite_sample_full_physical_range,unavailable,insufficient_same_route_calibration,,,,,
exhaustive_six_of_ten_partition,partition_087_c320e4ae0e58,,NAUMANN_CAL_T40_SOC37.5,hierarchical_power_fallback,0.90000000000000002,5,6,,unavailable_finite_sample_full_physical_range,unavailable,insufficient_same_route_calibration,,,,,
exhaustive_six_of_ten_partition,partition_087_c320e4ae0e58,,NAUMANN_CAL_T40_SOC87.5,hierarchical_power_fallback,0.90000000000000002,5,6,,unavailable_finite_sample_full_physical_range,unavailable,insufficient_same_route_calibration,,,,,
exhaustive_six_of_ten_partition,partition_087_c320e4ae0e58,,NAUMANN_CAL_T40_SOC25,hierarchical_power_fallback,0.94999999999999996,5,6,,unavailable_finite_sample_full_physical_range,unavailable,insufficient_same_route_calibration,,,,,
exhaustive_six_of_ten_partition,partition_087_c320e4ae0e58,,NAUMANN_CAL_T40_SOC37.5,hierarchical_power_fallback,0.94999999999999996,5,6,,unavailable_finite_sample_full_physical_range,unavailable,insufficient_same_route_calibration,,,,,
exhaustive_six_of_ten_partition,partition_087_c320e4ae0e58,,NAUMANN_CAL_T40_SOC87.5,hierarchical_power_fallback,0.94999999999999996,5,6,,unavailable_finite_sample_full_physical_range,unavailable,insufficient_same_route_calibration,,,,,
exhaustive_six_of_ten_partition,partition_088_057c9bfa63d4,,NAUMANN_CAL_T40_SOC0,hierarchical_activation_residual,0.80000000000000004,1,2,,unavailable_finite_sample_full_physical_range,unavailable,insufficient_same_route_calibration,,,,,
exhaustive_six_of_ten_partition,partition_088_057c9bfa63d4,,NAUMANN_CAL_T40_SOC0,hierarchical_activation_residual,0.90000000000000002,1,2,,unavailable_finite_sample_full_physical_range,unavailable,insufficient_same_route_calibration,,,,,
exhaustive_six_of_ten_partition,partition_088_057c9bfa63d4,,NAUMANN_CAL_T40_SOC0,hierarchical_activation_residual,0.94999999999999996,1,2,,unavailable_finite_sample_full_physical_range,unavailable,insufficient_same_route_calibration,,,,,
exhaustive_six_of_ten_partition,partition_088_057c9bfa63d4,,NAUMANN_CAL_T40_SOC25,hierarchical_power_fallback,0.80000000000000004,5,5,2.1698424743004083,finite_order_statistic,available,none,True,1,2.2106892511167611,4.1087384001945395,2.2106892511167611
exhaustive_six_of_ten_partition,partition_088_057c9bfa63d4,,NAUMANN_CAL_T40_SOC37.5,hierarchical_power_fallback,0.80000000000000004,5,5,2.1698424743004083,finite_order_statistic,available,none,True,1,1.9346642885590211,3.4427051368367643,1.9346642885590211
exhaustive_six_of_ten_partition,partition_088_057c9bfa63d4,,NAUMANN_CAL_T40_SOC75,hierarchical_power_fallback,0.80000000000000004,5,5,2.1698424743004083,finite_order_statistic,available,none,True,1,1.3720864256784864,2.1520129956726066,1.3720864256784864
exhaustive_six_of_ten_partition,partition_088_057c9bfa63d4,,NAUMANN_CAL_T40_SOC25,hierarchical_power_fallback,0.90000000000000002,5,6,,unavailable_finite_sample_full_physical_range,unavailable,insufficient_same_route_calibration,,,,,
exhaustive_six_of_ten_partition,partition_088_057c9bfa63d4,,NAUMANN_CAL_T40_SOC37.5,hierarchical_power_fallback,0.90000000000000002,5,6,,unavailable_finite_sample_full_physical_range,unavailable,insufficient_same_route_calibration,,,,,
exhaustive_six_of_ten_partition,partition_088_057c9bfa63d4,,NAUMANN_CAL_T40_SOC75,hierarchical_power_fallback,0.90000000000000002,5,6,,unavailable_finite_sample_full_physical_range,unavailable,insufficient_same_route_calibration,,,,,
exhaustive_six_of_ten_partition,partition_088_057c9bfa63d4,,NAUMANN_CAL_T40_SOC25,hierarchical_power_fallback,0.94999999999999996,5,6,,unavailable_finite_sample_full_physical_range,unavailable,insufficient_same_route_calibration,,,,,
exhaustive_six_of_ten_partition,partition_088_057c9bfa63d4,,NAUMANN_CAL_T40_SOC37.5,hierarchical_power_fallback,0.94999999999999996,5,6,,unavailable_finite_sample_full_physical_range,unavailable,insufficient_same_route_calibration,,,,,
exhaustive_six_of_ten_partition,partition_088_057c9bfa63d4,,NAUMANN_CAL_T40_SOC75,hierarchical_power_fallback,0.94999999999999996,5,6,,unavailable_finite_sample_full_physical_range,unavailable,insufficient_same_route_calibration,,,,,
exhaustive_six_of_ten_partition,partition_089_3d0fed3e39e1,,NAUMANN_CAL_T40_SOC0,hierarchical_activation_residual,0.80000000000000004,1,2,,unavailable_finite_sample_full_physical_range,unavailable,insufficient_same_route_calibration,,,,,
exhaustive_six_of_ten_partition,partition_089_3d0fed3e39e1,,NAUMANN_CAL_T40_SOC0,hierarchical_activation_residual,0.90000000000000002,1,2,,unavailable_finite_sample_full_physical_range,unavailable,insufficient_same_route_calibration,,,,,
exhaustive_six_of_ten_partition,partition_089_3d0fed3e39e1,,NAUMANN_CAL_T40_SOC0,hierarchical_activation_residual,0.94999999999999996,1,2,,unavailable_finite_sample_full_physical_range,unavailable,insufficient_same_route_calibration,,,,,
exhaustive_six_of_ten_partition,partition_089_3d0fed3e39e1,,NAUMANN_CAL_T40_SOC25,hierarchical_power_fallback,0.80000000000000004,5,5,2.1698424743004083,finite_order_statistic,available,none,True,1,2.2106892511167611,4.1087384001945395,2.2106892511167611
exhaustive_six_of_ten_partition,partition_089_3d0fed3e39e1,,NAUMANN_CAL_T40_SOC37.5,hierarchical_power_fallback,0.80000000000000004,5,5,2.1698424743004083,finite_order_statistic,available,none,True,1,1.9346642885590211,3.4427051368367643,1.9346642885590211
exhaustive_six_of_ten_partition,partition_089_3d0fed3e39e1,,NAUMANN_CAL_T40_SOC62.5,hierarchical_power_fallback,0.80000000000000004,5,5,2.1698424743004083,finite_order_statistic,available,none,True,1,1.7721164814876715,3.0610265608058569,1.7721164814876715
exhaustive_six_of_ten_partition,partition_089_3d0fed3e39e1,,NAUMANN_CAL_T40_SOC25,hierarchical_power_fallback,0.90000000000000002,5,6,,unavailable_finite_sample_full_physical_range,unavailable,insufficient_same_route_calibration,,,,,
exhaustive_six_of_ten_partition,partition_089_3d0fed3e39e1,,NAUMANN_CAL_T40_SOC37.5,hierarchical_power_fallback,0.90000000000000002,5,6,,unavailable_finite_sample_full_physical_range,unavailable,insufficient_same_route_calibration,,,,,
exhaustive_six_of_ten_partition,partition_089_3d0fed3e39e1,,NAUMANN_CAL_T40_SOC62.5,hierarchical_power_fallback,0.90000000000000002,5,6,,unavailable_finite_sample_full_physical_range,unavailable,insufficient_same_route_calibration,,,,,
exhaustive_six_of_ten_partition,partition_089_3d0fed3e39e1,,NAUMANN_CAL_T40_SOC25,hierarchical_power_fallback,0.94999999999999996,5,6,,unavailable_finite_sample_full_physical_range,unavailable,insufficient_same_route_calibration,,,,,
exhaustive_six_of_ten_partition,partition_089_3d0fed3e39e1,,NAUMANN_CAL_T40_SOC37.5,hierarchical_power_fallback,0.94999999999999996,5,6,,unavailable_finite_sample_full_physical_range,unavailable,insufficient_same_route_calibration,,,,,
exhaustive_six_of_ten_partition,partition_089_3d0fed3e39e1,,NAUMANN_CAL_T40_SOC62.5,hierarchical_power_fallback,0.94999999999999996,5,6,,unavailable_finite_sample_full_physical_range,unavailable,insufficient_same_route_calibration,,,,,
exhaustive_six_of_ten_partition,partition_090_c65a0ea21e56,,NAUMANN_CAL_T40_SOC0,hierarchical_activation_residual,0.80000000000000004,1,2,,unavailable_finite_sample_full_physical_range,unavailable,insufficient_same_route_calibration,,,,,
exhaustive_six_of_ten_partition,partition_090_c65a0ea21e56,,NAUMANN_CAL_T40_SOC0,hierarchical_activation_residual,0.90000000000000002,1,2,,unavailable_finite_sample_full_physical_range,unavailable,insufficient_same_route_calibration,,,,,
exhaustive_six_of_ten_partition,partition_090_c65a0ea21e56,,NAUMANN_CAL_T40_SOC0,hierarchical_activation_residual,0.94999999999999996,1,2,,unavailable_finite_sample_full_physical_range,unavailable,insufficient_same_route_calibration,,,,,
exhaustive_six_of_ten_partition,partition_090_c65a0ea21e56,,NAUMANN_CAL_T40_SOC25,hierarchical_power_fallback,0.80000000000000004,5,5,1.4840726147248924,finite_order_statistic,available,none,True,1,1.5120099344109541,2.8101883952489572,1.5120099344109541
exhaustive_six_of_ten_partition,partition_090_c65a0ea21e56,,NAUMANN_CAL_T40_SOC37.5,hierarchical_power_fallback,0.80000000000000004,5,5,1.4840726147248924,finite_order_statistic,available,none,True,1,1.3232215349007652,2.3546522269085131,1.3232215349007652
exhaustive_six_of_ten_partition,partition_090_c65a0ea21e56,,NAUMANN_CAL_T40_SOC50,hierarchical_power_fallback,0.80000000000000004,5,5,1.4840726147248924,finite_order_statistic,available,none,False,0.20000000000000001,1.5575563227100178,2.916871079971969,2.9959070847109435
exhaustive_six_of_ten_partition,partition_090_c65a0ea21e56,,NAUMANN_CAL_T40_SOC25,hierarchical_power_fallback,0.90000000000000002,5,6,,unavailable_finite_sample_full_physical_range,unavailable,insufficient_same_route_calibration,,,,,
exhaustive_six_of_ten_partition,partition_090_c65a0ea21e56,,NAUMANN_CAL_T40_SOC37.5,hierarchical_power_fallback,0.90000000000000002,5,6,,unavailable_finite_sample_full_physical_range,unavailable,insufficient_same_route_calibration,,,,,
exhaustive_six_of_ten_partition,partition_090_c65a0ea21e56,,NAUMANN_CAL_T40_SOC50,hierarchical_power_fallback,0.90000000000000002,5,6,,unavailable_finite_sample_full_physical_range,unavailable,insufficient_same_route_calibration,,,,,
exhaustive_six_of_ten_partition,partition_090_c65a0ea21e56,,NAUMANN_CAL_T40_SOC25,hierarchical_power_fallback,0.94999999999999996,5,6,,unavailable_finite_sample_full_physical_range,unavailable,insufficient_same_route_calibration,,,,,
exhaustive_six_of_ten_partition,partition_090_c65a0ea21e56,,NAUMANN_CAL_T40_SOC37.5,hierarchical_power_fallback,0.94999999999999996,5,6,,unavailable_finite_sample_full_physical_range,unavailable,insufficient_same_route_calibration,,,,,
exhaustive_six_of_ten_partition,partition_090_c65a0ea21e56,,NAUMANN_CAL_T40_SOC50,hierarchical_power_fallback,0.94999999999999996,5,6,,unavailable_finite_sample_full_physical_range,unavailable,insufficient_same_route_calibration,,,,,
exhaustive_six_of_ten_partition,partition_091_9d16cd712a7a,,NAUMANN_CAL_T40_SOC0,hierarchical_activation_residual,0.80000000000000004,0,1,,unavailable_no_same_route_calibration,unavailable,insufficient_same_route_calibration,,,,,
exhaustive_six_of_ten_partition,partition_091_9d16cd712a7a,,NAUMANN_CAL_T40_SOC12.5,hierarchical_activation_residual,0.80000000000000004,0,1,,unavailable_no_same_route_calibration,unavailable,insufficient_same_route_calibration,,,,,
exhaustive_six_of_ten_partition,partition_091_9d16cd712a7a,,NAUMANN_CAL_T40_SOC0,hierarchical_activation_residual,0.90000000000000002,0,1,,unavailable_no_same_route_calibration,unavailable,insufficient_same_route_calibration,,,,,
exhaustive_six_of_ten_partition,partition_091_9d16cd712a7a,,NAUMANN_CAL_T40_SOC12.5,hierarchical_activation_residual,0.90000000000000002,0,1,,unavailable_no_same_route_calibration,unavailable,insufficient_same_route_calibration,,,,,
exhaustive_six_of_ten_partition,partition_091_9d16cd712a7a,,NAUMANN_CAL_T40_SOC0,hierarchical_activation_residual,0.94999999999999996,0,1,,unavailable_no_same_route_calibration,unavailable,insufficient_same_route_calibration,,,,,
exhaustive_six_of_ten_partition,partition_091_9d16cd712a7a,,NAUMANN_CAL_T40_SOC12.5,hierarchical_activation_residual,0.94999999999999996,0,1,,unavailable_no_same_route_calibration,unavailable,insufficient_same_route_calibration,,,,,
exhaustive_six_of_ten_partition,partition_091_9d16cd712a7a,,NAUMANN_CAL_T40_SOC75,hierarchical_power_fallback,0.80000000000000004,6,6,2.1698424743004083,finite_order_statistic,available,none,True,1,1.3720864256784864,2.1520129956726066,1.3720864256784864
exhaustive_six_of_ten_partition,partition_091_9d16cd712a7a,,NAUMANN_CAL_T40_SOC87.5,hierarchical_power_fallback,0.80000000000000004,6,6,2.1698424743004083,finite_order_statistic,available,none,True,1,1.3456714355048427,2.0932907277718584,1.3456714355048427
exhaustive_six_of_ten_partition,partition_091_9d16cd712a7a,,NAUMANN_CAL_T40_SOC75,hierarchical_power_fallback,0.90000000000000002,6,7,,unavailable_finite_sample_full_physical_range,unavailable,insufficient_same_route_calibration,,,,,
exhaustive_six_of_ten_partition,partition_091_9d16cd712a7a,,NAUMANN_CAL_T40_SOC87.5,hierarchical_power_fallback,0.90000000000000002,6,7,,unavailable_finite_sample_full_physical_range,unavailable,insufficient_same_route_calibration,,,,,
exhaustive_six_of_ten_partition,partition_091_9d16cd712a7a,,NAUMANN_CAL_T40_SOC75,hierarchical_power_fallback,0.94999999999999996,6,7,,unavailable_finite_sample_full_physical_range,unavailable,insufficient_same_route_calibration,,,,,
exhaustive_six_of_ten_partition,partition_091_9d16cd712a7a,,NAUMANN_CAL_T40_SOC87.5,hierarchical_power_fallback,0.94999999999999996,6,7,,unavailable_finite_sample_full_physical_range,unavailable,insufficient_same_route_calibration,,,,,
exhaustive_six_of_ten_partition,partition_092_cf5043ea6499,,NAUMANN_CAL_T40_SOC0,hierarchical_activation_residual,0.80000000000000004,0,1,,unavailable_no_same_route_calibration,unavailable,insufficient_same_route_calibration,,,,,
exhaustive_six_of_ten_partition,partition_092_cf5043ea6499,,NAUMANN_CAL_T40_SOC12.5,hierarchical_activation_residual,0.80000000000000004,0,1,,unavailable_no_same_route_calibration,unavailable,insufficient_same_route_calibration,,,,,
exhaustive_six_of_ten_partition,partition_092_cf5043ea6499,,NAUMANN_CAL_T40_SOC0,hierarchical_activation_residual,0.90000000000000002,0,1,,unavailable_no_same_route_calibration,unavailable,insufficient_same_route_calibration,,,,,
exhaustive_six_of_ten_partition,partition_092_cf5043ea6499,,NAUMANN_CAL_T40_SOC12.5,hierarchical_activation_residual,0.90000000000000002,0,1,,unavailable_no_same_route_calibration,unavailable,insufficient_same_route_calibration,,,,,
exhaustive_six_of_ten_partition,partition_092_cf5043ea6499,,NAUMANN_CAL_T40_SOC0,hierarchical_activation_residual,0.94999999999999996,0,1,,unavailable_no_same_route_calibration,unavailable,insufficient_same_route_calibration,,,,,
exhaustive_six_of_ten_partition,partition_092_cf5043ea6499,,NAUMANN_CAL_T40_SOC12.5,hierarchical_activation_residual,0.94999999999999996,0,1,,unavailable_no_same_route_calibration,unavailable,insufficient_same_route_calibration,,,,,
exhaustive_six_of_ten_partition,partition_092_cf5043ea6499,,NAUMANN_CAL_T40_SOC62.5,hierarchical_power_fallback,0.80000000000000004,6,6,2.1698424743004083,finite_order_statistic,available,none,True,1,1.7721164814876715,3.0610265608058569,1.7721164814876715
exhaustive_six_of_ten_partition,partition_092_cf5043ea6499,,NAUMANN_CAL_T40_SOC87.5,hierarchical_power_fallback,0.80000000000000004,6,6,2.1698424743004083,finite_order_statistic,available,none,True,1,1.3456714355048427,2.0932907277718584,1.3456714355048427
exhaustive_six_of_ten_partition,partition_092_cf5043ea6499,,NAUMANN_CAL_T40_SOC62.5,hierarchical_power_fallback,0.90000000000000002,6,7,,unavailable_finite_sample_full_physical_range,unavailable,insufficient_same_route_calibration,,,,,
exhaustive_six_of_ten_partition,partition_092_cf5043ea6499,,NAUMANN_CAL_T40_SOC87.5,hierarchical_power_fallback,0.90000000000000002,6,7,,unavailable_finite_sample_full_physical_range,unavailable,insufficient_same_route_calibration,,,,,
exhaustive_six_of_ten_partition,partition_092_cf5043ea6499,,NAUMANN_CAL_T40_SOC62.5,hierarchical_power_fallback,0.94999999999999996,6,7,,unavailable_finite_sample_full_physical_range,unavailable,insufficient_same_route_calibration,,,,,
exhaustive_six_of_ten_partition,partition_092_cf5043ea6499,,NAUMANN_CAL_T40_SOC87.5,hierarchical_power_fallback,0.94999999999999996,6,7,,unavailable_finite_sample_full_physical_range,unavailable,insufficient_same_route_calibration,,,,,
exhaustive_six_of_ten_partition,partition_093_f5c1c1153c3c,,NAUMANN_CAL_T40_SOC0,hierarchical_activation_residual,0.80000000000000004,0,1,,unavailable_no_same_route_calibration,unavailable,insufficient_same_route_calibration,,,,,
exhaustive_six_of_ten_partition,partition_093_f5c1c1153c3c,,NAUMANN_CAL_T40_SOC12.5,hierarchical_activation_residual,0.80000000000000004,0,1,,unavailable_no_same_route_calibration,unavailable,insufficient_same_route_calibration,,,,,
exhaustive_six_of_ten_partition,partition_093_f5c1c1153c3c,,NAUMANN_CAL_T40_SOC0,hierarchical_activation_residual,0.90000000000000002,0,1,,unavailable_no_same_route_calibration,unavailable,insufficient_same_route_calibration,,,,,
exhaustive_six_of_ten_partition,partition_093_f5c1c1153c3c,,NAUMANN_CAL_T40_SOC12.5,hierarchical_activation_residual,0.90000000000000002,0,1,,unavailable_no_same_route_calibration,unavailable,insufficient_same_route_calibration,,,,,
exhaustive_six_of_ten_partition,partition_093_f5c1c1153c3c,,NAUMANN_CAL_T40_SOC0,hierarchical_activation_residual,0.94999999999999996,0,1,,unavailable_no_same_route_calibration,unavailable,insufficient_same_route_calibration,,,,,
exhaustive_six_of_ten_partition,partition_093_f5c1c1153c3c,,NAUMANN_CAL_T40_SOC12.5,hierarchical_activation_residual,0.94999999999999996,0,1,,unavailable_no_same_route_calibration,unavailable,insufficient_same_route_calibration,,,,,
exhaustive_six_of_ten_partition,partition_093_f5c1c1153c3c,,NAUMANN_CAL_T40_SOC62.5,hierarchical_power_fallback,0.80000000000000004,6,6,2.1698424743004083,finite_order_statistic,available,none,True,1,1.7721164814876715,3.0610265608058569,1.7721164814876715
exhaustive_six_of_ten_partition,partition_093_f5c1c1153c3c,,NAUMANN_CAL_T40_SOC75,hierarchical_power_fallback,0.80000000000000004,6,6,2.1698424743004083,finite_order_statistic,available,none,True,1,1.3720864256784864,2.1520129956726066,1.3720864256784864
exhaustive_six_of_ten_partition,partition_093_f5c1c1153c3c,,NAUMANN_CAL_T40_SOC62.5,hierarchical_power_fallback,0.90000000000000002,6,7,,unavailable_finite_sample_full_physical_range,unavailable,insufficient_same_route_calibration,,,,,
exhaustive_six_of_ten_partition,partition_093_f5c1c1153c3c,,NAUMANN_CAL_T40_SOC75,hierarchical_power_fallback,0.90000000000000002,6,7,,unavailable_finite_sample_full_physical_range,unavailable,insufficient_same_route_calibration,,,,,
exhaustive_six_of_ten_partition,partition_093_f5c1c1153c3c,,NAUMANN_CAL_T40_SOC62.5,hierarchical_power_fallback,0.94999999999999996,6,7,,unavailable_finite_sample_full_physical_range,unavailable,insufficient_same_route_calibration,,,,,
exhaustive_six_of_ten_partition,partition_093_f5c1c1153c3c,,NAUMANN_CAL_T40_SOC75,hierarchical_power_fallback,0.94999999999999996,6,7,,unavailable_finite_sample_full_physical_range,unavailable,insufficient_same_route_calibration,,,,,
exhaustive_six_of_ten_partition,partition_094_84a497c6800a,,NAUMANN_CAL_T40_SOC0,hierarchical_activation_residual,0.80000000000000004,0,1,,unavailable_no_same_route_calibration,unavailable,insufficient_same_route_calibration,,,,,
exhaustive_six_of_ten_partition,partition_094_84a497c6800a,,NAUMANN_CAL_T40_SOC12.5,hierarchical_activation_residual,0.80000000000000004,0,1,,unavailable_no_same_route_calibration,unavailable,insufficient_same_route_calibration,,,,,
exhaustive_six_of_ten_partition,partition_094_84a497c6800a,,NAUMANN_CAL_T40_SOC0,hierarchical_activation_residual,0.90000000000000002,0,1,,unavailable_no_same_route_calibration,unavailable,insufficient_same_route_calibration,,,,,
exhaustive_six_of_ten_partition,partition_094_84a497c6800a,,NAUMANN_CAL_T40_SOC12.5,hierarchical_activation_residual,0.90000000000000002,0,1,,unavailable_no_same_route_calibration,unavailable,insufficient_same_route_calibration,,,,,
exhaustive_six_of_ten_partition,partition_094_84a497c6800a,,NAUMANN_CAL_T40_SOC0,hierarchical_activation_residual,0.94999999999999996,0,1,,unavailable_no_same_route_calibration,unavailable,insufficient_same_route_calibration,,,,,
exhaustive_six_of_ten_partition,partition_094_84a497c6800a,,NAUMANN_CAL_T40_SOC12.5,hierarchical_activation_residual,0.94999999999999996,0,1,,unavailable_no_same_route_calibration,unavailable,insufficient_same_route_calibration,,,,,
exhaustive_six_of_ten_partition,partition_094_84a497c6800a,,NAUMANN_CAL_T40_SOC50,hierarchical_power_fallback,0.80000000000000004,6,6,1.4840726147248924,finite_order_statistic,available,none,False,0.20000000000000001,1.5575563227100178,2.916871079971969,2.9959070847109435
exhaustive_six_of_ten_partition,partition_094_84a497c6800a,,NAUMANN_CAL_T40_SOC87.5,hierarchical_power_fallback,0.80000000000000004,6,6,1.4840726147248924,finite_order_statistic,available,none,True,1,0.92037746956454047,1.4317147353037001,0.92037746956454047
exhaustive_six_of_ten_partition,partition_094_84a497c6800a,,NAUMANN_CAL_T40_SOC50,hierarchical_power_fallback,0.90000000000000002,6,7,,unavailable_finite_sample_full_physical_range,unavailable,insufficient_same_route_calibration,,,,,
exhaustive_six_of_ten_partition,partition_094_84a497c6800a,,NAUMANN_CAL_T40_SOC87.5,hierarchical_power_fallback,0.90000000000000002,6,7,,unavailable_finite_sample_full_physical_range,unavailable,insufficient_same_route_calibration,,,,,
exhaustive_six_of_ten_partition,partition_094_84a497c6800a,,NAUMANN_CAL_T40_SOC50,hierarchical_power_fallback,0.94999999999999996,6,7,,unavailable_finite_sample_full_physical_range,unavailable,insufficient_same_route_calibration,,,,,
exhaustive_six_of_ten_partition,partition_094_84a497c6800a,,NAUMANN_CAL_T40_SOC87.5,hierarchical_power_fallback,0.94999999999999996,6,7,,unavailable_finite_sample_full_physical_range,unavailable,insufficient_same_route_calibration,,,,,
exhaustive_six_of_ten_partition,partition_095_05f4783f61e6,,NAUMANN_CAL_T40_SOC0,hierarchical_activation_residual,0.80000000000000004,0,1,,unavailable_no_same_route_calibration,unavailable,insufficient_same_route_calibration,,,,,
exhaustive_six_of_ten_partition,partition_095_05f4783f61e6,,NAUMANN_CAL_T40_SOC12.5,hierarchical_activation_residual,0.80000000000000004,0,1,,unavailable_no_same_route_calibration,unavailable,insufficient_same_route_calibration,,,,,
exhaustive_six_of_ten_partition,partition_095_05f4783f61e6,,NAUMANN_CAL_T40_SOC0,hierarchical_activation_residual,0.90000000000000002,0,1,,unavailable_no_same_route_calibration,unavailable,insufficient_same_route_calibration,,,,,
exhaustive_six_of_ten_partition,partition_095_05f4783f61e6,,NAUMANN_CAL_T40_SOC12.5,hierarchical_activation_residual,0.90000000000000002,0,1,,unavailable_no_same_route_calibration,unavailable,insufficient_same_route_calibration,,,,,
exhaustive_six_of_ten_partition,partition_095_05f4783f61e6,,NAUMANN_CAL_T40_SOC0,hierarchical_activation_residual,0.94999999999999996,0,1,,unavailable_no_same_route_calibration,unavailable,insufficient_same_route_calibration,,,,,
exhaustive_six_of_ten_partition,partition_095_05f4783f61e6,,NAUMANN_CAL_T40_SOC12.5,hierarchical_activation_residual,0.94999999999999996,0,1,,unavailable_no_same_route_calibration,unavailable,insufficient_same_route_calibration,,,,,
exhaustive_six_of_ten_partition,partition_095_05f4783f61e6,,NAUMANN_CAL_T40_SOC50,hierarchical_power_fallback,0.80000000000000004,6,6,1.4840726147248924,finite_order_statistic,available,none,False,0.20000000000000001,1.5575563227100178,2.916871079971969,2.9959070847109435
exhaustive_six_of_ten_partition,partition_095_05f4783f61e6,,NAUMANN_CAL_T40_SOC75,hierarchical_power_fallback,0.80000000000000004,6,6,1.4840726147248924,finite_order_statistic,available,none,True,1,0.93844410988485494,1.4718780700610523,0.93844410988485494
exhaustive_six_of_ten_partition,partition_095_05f4783f61e6,,NAUMANN_CAL_T40_SOC50,hierarchical_power_fallback,0.90000000000000002,6,7,,unavailable_finite_sample_full_physical_range,unavailable,insufficient_same_route_calibration,,,,,
exhaustive_six_of_ten_partition,partition_095_05f4783f61e6,,NAUMANN_CAL_T40_SOC75,hierarchical_power_fallback,0.90000000000000002,6,7,,unavailable_finite_sample_full_physical_range,unavailable,insufficient_same_route_calibration,,,,,
exhaustive_six_of_ten_partition,partition_095_05f4783f61e6,,NAUMANN_CAL_T40_SOC50,hierarchical_power_fallback,0.94999999999999996,6,7,,unavailable_finite_sample_full_physical_range,unavailable,insufficient_same_route_calibration,,,,,
exhaustive_six_of_ten_partition,partition_095_05f4783f61e6,,NAUMANN_CAL_T40_SOC75,hierarchical_power_fallback,0.94999999999999996,6,7,,unavailable_finite_sample_full_physical_range,unavailable,insufficient_same_route_calibration,,,,,
exhaustive_six_of_ten_partition,partition_096_97990d879252,,NAUMANN_CAL_T40_SOC0,hierarchical_activation_residual,0.80000000000000004,0,1,,unavailable_no_same_route_calibration,unavailable,insufficient_same_route_calibration,,,,,
exhaustive_six_of_ten_partition,partition_096_97990d879252,,NAUMANN_CAL_T40_SOC12.5,hierarchical_activation_residual,0.80000000000000004,0,1,,unavailable_no_same_route_calibration,unavailable,insufficient_same_route_calibration,,,,,
exhaustive_six_of_ten_partition,partition_096_97990d879252,,NAUMANN_CAL_T40_SOC0,hierarchical_activation_residual,0.90000000000000002,0,1,,unavailable_no_same_route_calibration,unavailable,insufficient_same_route_calibration,,,,,
exhaustive_six_of_ten_partition,partition_096_97990d879252,,NAUMANN_CAL_T40_SOC12.5,hierarchical_activation_residual,0.90000000000000002,0,1,,unavailable_no_same_route_calibration,unavailable,insufficient_same_route_calibration,,,,,
exhaustive_six_of_ten_partition,partition_096_97990d879252,,NAUMANN_CAL_T40_SOC0,hierarchical_activation_residual,0.94999999999999996,0,1,,unavailable_no_same_route_calibration,unavailable,insufficient_same_route_calibration,,,,,
exhaustive_six_of_ten_partition,partition_096_97990d879252,,NAUMANN_CAL_T40_SOC12.5,hierarchical_activation_residual,0.94999999999999996,0,1,,unavailable_no_same_route_calibration,unavailable,insufficient_same_route_calibration,,,,,
exhaustive_six_of_ten_partition,partition_096_97990d879252,,NAUMANN_CAL_T40_SOC50,hierarchical_power_fallback,0.80000000000000004,6,6,1.4840726147248924,finite_order_statistic,available,none,False,0.20000000000000001,1.5575563227100178,2.916871079971969,2.9959070847109435
exhaustive_six_of_ten_partition,partition_096_97990d879252,,NAUMANN_CAL_T40_SOC62.5,hierarchical_power_fallback,0.80000000000000004,6,6,1.4840726147248924,finite_order_statistic,available,none,True,1,1.2120462989491545,2.0936016073250414,1.2120462989491545
exhaustive_six_of_ten_partition,partition_096_97990d879252,,NAUMANN_CAL_T40_SOC50,hierarchical_power_fallback,0.90000000000000002,6,7,,unavailable_finite_sample_full_physical_range,unavailable,insufficient_same_route_calibration,,,,,
exhaustive_six_of_ten_partition,partition_096_97990d879252,,NAUMANN_CAL_T40_SOC62.5,hierarchical_power_fallback,0.90000000000000002,6,7,,unavailable_finite_sample_full_physical_range,unavailable,insufficient_same_route_calibration,,,,,
exhaustive_six_of_ten_partition,partition_096_97990d879252,,NAUMANN_CAL_T40_SOC50,hierarchical_power_fallback,0.94999999999999996,6,7,,unavailable_finite_sample_full_physical_range,unavailable,insufficient_same_route_calibration,,,,,
exhaustive_six_of_ten_partition,partition_096_97990d879252,,NAUMANN_CAL_T40_SOC62.5,hierarchical_power_fallback,0.94999999999999996,6,7,,unavailable_finite_sample_full_physical_range,unavailable,insufficient_same_route_calibration,,,,,
exhaustive_six_of_ten_partition,partition_097_b8c21ec8f280,,NAUMANN_CAL_T40_SOC0,hierarchical_activation_residual,0.80000000000000004,0,1,,unavailable_no_same_route_calibration,unavailable,insufficient_same_route_calibration,,,,,
exhaustive_six_of_ten_partition,partition_097_b8c21ec8f280,,NAUMANN_CAL_T40_SOC12.5,hierarchical_activation_residual,0.80000000000000004,0,1,,unavailable_no_same_route_calibration,unavailable,insufficient_same_route_calibration,,,,,
exhaustive_six_of_ten_partition,partition_097_b8c21ec8f280,,NAUMANN_CAL_T40_SOC0,hierarchical_activation_residual,0.90000000000000002,0,1,,unavailable_no_same_route_calibration,unavailable,insufficient_same_route_calibration,,,,,
exhaustive_six_of_ten_partition,partition_097_b8c21ec8f280,,NAUMANN_CAL_T40_SOC12.5,hierarchical_activation_residual,0.90000000000000002,0,1,,unavailable_no_same_route_calibration,unavailable,insufficient_same_route_calibration,,,,,
exhaustive_six_of_ten_partition,partition_097_b8c21ec8f280,,NAUMANN_CAL_T40_SOC0,hierarchical_activation_residual,0.94999999999999996,0,1,,unavailable_no_same_route_calibration,unavailable,insufficient_same_route_calibration,,,,,
exhaustive_six_of_ten_partition,partition_097_b8c21ec8f280,,NAUMANN_CAL_T40_SOC12.5,hierarchical_activation_residual,0.94999999999999996,0,1,,unavailable_no_same_route_calibration,unavailable,insufficient_same_route_calibration,,,,,
exhaustive_six_of_ten_partition,partition_097_b8c21ec8f280,,NAUMANN_CAL_T40_SOC37.5,hierarchical_power_fallback,0.80000000000000004,6,6,2.1698424743004083,finite_order_statistic,available,none,True,1,1.9346642885590211,3.4427051368367643,1.9346642885590211
exhaustive_six_of_ten_partition,partition_097_b8c21ec8f280,,NAUMANN_CAL_T40_SOC87.5,hierarchical_power_fallback,0.80000000000000004,6,6,2.1698424743004083,finite_order_statistic,available,none,True,1,1.3456714355048427,2.0932907277718584,1.3456714355048427
exhaustive_six_of_ten_partition,partition_097_b8c21ec8f280,,NAUMANN_CAL_T40_SOC37.5,hierarchical_power_fallback,0.90000000000000002,6,7,,unavailable_finite_sample_full_physical_range,unavailable,insufficient_same_route_calibration,,,,,
exhaustive_six_of_ten_partition,partition_097_b8c21ec8f280,,NAUMANN_CAL_T40_SOC87.5,hierarchical_power_fallback,0.90000000000000002,6,7,,unavailable_finite_sample_full_physical_range,unavailable,insufficient_same_route_calibration,,,,,
exhaustive_six_of_ten_partition,partition_097_b8c21ec8f280,,NAUMANN_CAL_T40_SOC37.5,hierarchical_power_fallback,0.94999999999999996,6,7,,unavailable_finite_sample_full_physical_range,unavailable,insufficient_same_route_calibration,,,,,
exhaustive_six_of_ten_partition,partition_097_b8c21ec8f280,,NAUMANN_CAL_T40_SOC87.5,hierarchical_power_fallback,0.94999999999999996,6,7,,unavailable_finite_sample_full_physical_range,unavailable,insufficient_same_route_calibration,,,,,
exhaustive_six_of_ten_partition,partition_098_7569215fa459,,NAUMANN_CAL_T40_SOC0,hierarchical_activation_residual,0.80000000000000004,0,1,,unavailable_no_same_route_calibration,unavailable,insufficient_same_route_calibration,,,,,
exhaustive_six_of_ten_partition,partition_098_7569215fa459,,NAUMANN_CAL_T40_SOC12.5,hierarchical_activation_residual,0.80000000000000004,0,1,,unavailable_no_same_route_calibration,unavailable,insufficient_same_route_calibration,,,,,
exhaustive_six_of_ten_partition,partition_098_7569215fa459,,NAUMANN_CAL_T40_SOC0,hierarchical_activation_residual,0.90000000000000002,0,1,,unavailable_no_same_route_calibration,unavailable,insufficient_same_route_calibration,,,,,
exhaustive_six_of_ten_partition,partition_098_7569215fa459,,NAUMANN_CAL_T40_SOC12.5,hierarchical_activation_residual,0.90000000000000002,0,1,,unavailable_no_same_route_calibration,unavailable,insufficient_same_route_calibration,,,,,
exhaustive_six_of_ten_partition,partition_098_7569215fa459,,NAUMANN_CAL_T40_SOC0,hierarchical_activation_residual,0.94999999999999996,0,1,,unavailable_no_same_route_calibration,unavailable,insufficient_same_route_calibration,,,,,
exhaustive_six_of_ten_partition,partition_098_7569215fa459,,NAUMANN_CAL_T40_SOC12.5,hierarchical_activation_residual,0.94999999999999996,0,1,,unavailable_no_same_route_calibration,unavailable,insufficient_same_route_calibration,,,,,
exhaustive_six_of_ten_partition,partition_098_7569215fa459,,NAUMANN_CAL_T40_SOC37.5,hierarchical_power_fallback,0.80000000000000004,6,6,2.1698424743004083,finite_order_statistic,available,none,True,1,1.9346642885590211,3.4427051368367643,1.9346642885590211
exhaustive_six_of_ten_partition,partition_098_7569215fa459,,NAUMANN_CAL_T40_SOC75,hierarchical_power_fallback,0.80000000000000004,6,6,2.1698424743004083,finite_order_statistic,available,none,True,1,1.3720864256784864,2.1520129956726066,1.3720864256784864
exhaustive_six_of_ten_partition,partition_098_7569215fa459,,NAUMANN_CAL_T40_SOC37.5,hierarchical_power_fallback,0.90000000000000002,6,7,,unavailable_finite_sample_full_physical_range,unavailable,insufficient_same_route_calibration,,,,,
exhaustive_six_of_ten_partition,partition_098_7569215fa459,,NAUMANN_CAL_T40_SOC75,hierarchical_power_fallback,0.90000000000000002,6,7,,unavailable_finite_sample_full_physical_range,unavailable,insufficient_same_route_calibration,,,,,
exhaustive_six_of_ten_partition,partition_098_7569215fa459,,NAUMANN_CAL_T40_SOC37.5,hierarchical_power_fallback,0.94999999999999996,6,7,,unavailable_finite_sample_full_physical_range,unavailable,insufficient_same_route_calibration,,,,,
exhaustive_six_of_ten_partition,partition_098_7569215fa459,,NAUMANN_CAL_T40_SOC75,hierarchical_power_fallback,0.94999999999999996,6,7,,unavailable_finite_sample_full_physical_range,unavailable,insufficient_same_route_calibration,,,,,
exhaustive_six_of_ten_partition,partition_099_c828168ba3d7,,NAUMANN_CAL_T40_SOC0,hierarchical_activation_residual,0.80000000000000004,0,1,,unavailable_no_same_route_calibration,unavailable,insufficient_same_route_calibration,,,,,
exhaustive_six_of_ten_partition,partition_099_c828168ba3d7,,NAUMANN_CAL_T40_SOC12.5,hierarchical_activation_residual,0.80000000000000004,0,1,,unavailable_no_same_route_calibration,unavailable,insufficient_same_route_calibration,,,,,
exhaustive_six_of_ten_partition,partition_099_c828168ba3d7,,NAUMANN_CAL_T40_SOC0,hierarchical_activation_residual,0.90000000000000002,0,1,,unavailable_no_same_route_calibration,unavailable,insufficient_same_route_calibration,,,,,
exhaustive_six_of_ten_partition,partition_099_c828168ba3d7,,NAUMANN_CAL_T40_SOC12.5,hierarchical_activation_residual,0.90000000000000002,0,1,,unavailable_no_same_route_calibration,unavailable,insufficient_same_route_calibration,,,,,
exhaustive_six_of_ten_partition,partition_099_c828168ba3d7,,NAUMANN_CAL_T40_SOC0,hierarchical_activation_residual,0.94999999999999996,0,1,,unavailable_no_same_route_calibration,unavailable,insufficient_same_route_calibration,,,,,
exhaustive_six_of_ten_partition,partition_099_c828168ba3d7,,NAUMANN_CAL_T40_SOC12.5,hierarchical_activation_residual,0.94999999999999996,0,1,,unavailable_no_same_route_calibration,unavailable,insufficient_same_route_calibration,,,,,
exhaustive_six_of_ten_partition,partition_099_c828168ba3d7,,NAUMANN_CAL_T40_SOC37.5,hierarchical_power_fallback,0.80000000000000004,6,6,2.1698424743004083,finite_order_statistic,available,none,True,1,1.9346642885590211,3.4427051368367643,1.9346642885590211
exhaustive_six_of_ten_partition,partition_099_c828168ba3d7,,NAUMANN_CAL_T40_SOC62.5,hierarchical_power_fallback,0.80000000000000004,6,6,2.1698424743004083,finite_order_statistic,available,none,True,1,1.7721164814876715,3.0610265608058569,1.7721164814876715
exhaustive_six_of_ten_partition,partition_099_c828168ba3d7,,NAUMANN_CAL_T40_SOC37.5,hierarchical_power_fallback,0.90000000000000002,6,7,,unavailable_finite_sample_full_physical_range,unavailable,insufficient_same_route_calibration,,,,,
exhaustive_six_of_ten_partition,partition_099_c828168ba3d7,,NAUMANN_CAL_T40_SOC62.5,hierarchical_power_fallback,0.90000000000000002,6,7,,unavailable_finite_sample_full_physical_range,unavailable,insufficient_same_route_calibration,,,,,
exhaustive_six_of_ten_partition,partition_099_c828168ba3d7,,NAUMANN_CAL_T40_SOC37.5,hierarchical_power_fallback,0.94999999999999996,6,7,,unavailable_finite_sample_full_physical_range,unavailable,insufficient_same_route_calibration,,,,,
exhaustive_six_of_ten_partition,partition_099_c828168ba3d7,,NAUMANN_CAL_T40_SOC62.5,hierarchical_power_fallback,0.94999999999999996,6,7,,unavailable_finite_sample_full_physical_range,unavailable,insufficient_same_route_calibration,,,,,
exhaustive_six_of_ten_partition,partition_100_318878c0705d,,NAUMANN_CAL_T40_SOC0,hierarchical_activation_residual,0.80000000000000004,0,1,,unavailable_no_same_route_calibration,unavailable,insufficient_same_route_calibration,,,,,
exhaustive_six_of_ten_partition,partition_100_318878c0705d,,NAUMANN_CAL_T40_SOC12.5,hierarchical_activation_residual,0.80000000000000004,0,1,,unavailable_no_same_route_calibration,unavailable,insufficient_same_route_calibration,,,,,
exhaustive_six_of_ten_partition,partition_100_318878c0705d,,NAUMANN_CAL_T40_SOC0,hierarchical_activation_residual,0.90000000000000002,0,1,,unavailable_no_same_route_calibration,unavailable,insufficient_same_route_calibration,,,,,
exhaustive_six_of_ten_partition,partition_100_318878c0705d,,NAUMANN_CAL_T40_SOC12.5,hierarchical_activation_residual,0.90000000000000002,0,1,,unavailable_no_same_route_calibration,unavailable,insufficient_same_route_calibration,,,,,
exhaustive_six_of_ten_partition,partition_100_318878c0705d,,NAUMANN_CAL_T40_SOC0,hierarchical_activation_residual,0.94999999999999996,0,1,,unavailable_no_same_route_calibration,unavailable,insufficient_same_route_calibration,,,,,
exhaustive_six_of_ten_partition,partition_100_318878c0705d,,NAUMANN_CAL_T40_SOC12.5,hierarchical_activation_residual,0.94999999999999996,0,1,,unavailable_no_same_route_calibration,unavailable,insufficient_same_route_calibration,,,,,
exhaustive_six_of_ten_partition,partition_100_318878c0705d,,NAUMANN_CAL_T40_SOC37.5,hierarchical_power_fallback,0.80000000000000004,6,6,1.4840726147248924,finite_order_statistic,available,none,True,1,1.3232215349007652,2.3546522269085131,1.3232215349007652
exhaustive_six_of_ten_partition,partition_100_318878c0705d,,NAUMANN_CAL_T40_SOC50,hierarchical_power_fallback,0.80000000000000004,6,6,1.4840726147248924,finite_order_statistic,available,none,False,0.20000000000000001,1.5575563227100178,2.916871079971969,2.9959070847109435
exhaustive_six_of_ten_partition,partition_100_318878c0705d,,NAUMANN_CAL_T40_SOC37.5,hierarchical_power_fallback,0.90000000000000002,6,7,,unavailable_finite_sample_full_physical_range,unavailable,insufficient_same_route_calibration,,,,,
exhaustive_six_of_ten_partition,partition_100_318878c0705d,,NAUMANN_CAL_T40_SOC50,hierarchical_power_fallback,0.90000000000000002,6,7,,unavailable_finite_sample_full_physical_range,unavailable,insufficient_same_route_calibration,,,,,
exhaustive_six_of_ten_partition,partition_100_318878c0705d,,NAUMANN_CAL_T40_SOC37.5,hierarchical_power_fallback,0.94999999999999996,6,7,,unavailable_finite_sample_full_physical_range,unavailable,insufficient_same_route_calibration,,,,,
exhaustive_six_of_ten_partition,partition_100_318878c0705d,,NAUMANN_CAL_T40_SOC50,hierarchical_power_fallback,0.94999999999999996,6,7,,unavailable_finite_sample_full_physical_range,unavailable,insufficient_same_route_calibration,,,,,
exhaustive_six_of_ten_partition,partition_101_f0322eece238,,NAUMANN_CAL_T40_SOC0,hierarchical_activation_residual,0.80000000000000004,0,1,,unavailable_no_same_route_calibration,unavailable,insufficient_same_route_calibration,,,,,
exhaustive_six_of_ten_partition,partition_101_f0322eece238,,NAUMANN_CAL_T40_SOC12.5,hierarchical_activation_residual,0.80000000000000004,0,1,,unavailable_no_same_route_calibration,unavailable,insufficient_same_route_calibration,,,,,
exhaustive_six_of_ten_partition,partition_101_f0322eece238,,NAUMANN_CAL_T40_SOC0,hierarchical_activation_residual,0.90000000000000002,0,1,,unavailable_no_same_route_calibration,unavailable,insufficient_same_route_calibration,,,,,
exhaustive_six_of_ten_partition,partition_101_f0322eece238,,NAUMANN_CAL_T40_SOC12.5,hierarchical_activation_residual,0.90000000000000002,0,1,,unavailable_no_same_route_calibration,unavailable,insufficient_same_route_calibration,,,,,
exhaustive_six_of_ten_partition,partition_101_f0322eece238,,NAUMANN_CAL_T40_SOC0,hierarchical_activation_residual,0.94999999999999996,0,1,,unavailable_no_same_route_calibration,unavailable,insufficient_same_route_calibration,,,,,
exhaustive_six_of_ten_partition,partition_101_f0322eece238,,NAUMANN_CAL_T40_SOC12.5,hierarchical_activation_residual,0.94999999999999996,0,1,,unavailable_no_same_route_calibration,unavailable,insufficient_same_route_calibration,,,,,
exhaustive_six_of_ten_partition,partition_101_f0322eece238,,NAUMANN_CAL_T40_SOC25,hierarchical_power_fallback,0.80000000000000004,6,6,2.1698424743004083,finite_order_statistic,available,none,True,1,2.2106892511167611,4.1087384001945395,2.2106892511167611
exhaustive_six_of_ten_partition,partition_101_f0322eece238,,NAUMANN_CAL_T40_SOC87.5,hierarchical_power_fallback,0.80000000000000004,6,6,2.1698424743004083,finite_order_statistic,available,none,True,1,1.3456714355048427,2.0932907277718584,1.3456714355048427
exhaustive_six_of_ten_partition,partition_101_f0322eece238,,NAUMANN_CAL_T40_SOC25,hierarchical_power_fallback,0.90000000000000002,6,7,,unavailable_finite_sample_full_physical_range,unavailable,insufficient_same_route_calibration,,,,,
exhaustive_six_of_ten_partition,partition_101_f0322eece238,,NAUMANN_CAL_T40_SOC87.5,hierarchical_power_fallback,0.90000000000000002,6,7,,unavailable_finite_sample_full_physical_range,unavailable,insufficient_same_route_calibration,,,,,
exhaustive_six_of_ten_partition,partition_101_f0322eece238,,NAUMANN_CAL_T40_SOC25,hierarchical_power_fallback,0.94999999999999996,6,7,,unavailable_finite_sample_full_physical_range,unavailable,insufficient_same_route_calibration,,,,,
exhaustive_six_of_ten_partition,partition_101_f0322eece238,,NAUMANN_CAL_T40_SOC87.5,hierarchical_power_fallback,0.94999999999999996,6,7,,unavailable_finite_sample_full_physical_range,unavailable,insufficient_same_route_calibration,,,,,
exhaustive_six_of_ten_partition,partition_102_768ac8460862,,NAUMANN_CAL_T40_SOC0,hierarchical_activation_residual,0.80000000000000004,0,1,,unavailable_no_same_route_calibration,unavailable,insufficient_same_route_calibration,,,,,
exhaustive_six_of_ten_partition,partition_102_768ac8460862,,NAUMANN_CAL_T40_SOC12.5,hierarchical_activation_residual,0.80000000000000004,0,1,,unavailable_no_same_route_calibration,unavailable,insufficient_same_route_calibration,,,,,
exhaustive_six_of_ten_partition,partition_102_768ac8460862,,NAUMANN_CAL_T40_SOC0,hierarchical_activation_residual,0.90000000000000002,0,1,,unavailable_no_same_route_calibration,unavailable,insufficient_same_route_calibration,,,,,
exhaustive_six_of_ten_partition,partition_102_768ac8460862,,NAUMANN_CAL_T40_SOC12.5,hierarchical_activation_residual,0.90000000000000002,0,1,,unavailable_no_same_route_calibration,unavailable,insufficient_same_route_calibration,,,,,
exhaustive_six_of_ten_partition,partition_102_768ac8460862,,NAUMANN_CAL_T40_SOC0,hierarchical_activation_residual,0.94999999999999996,0,1,,unavailable_no_same_route_calibration,unavailable,insufficient_same_route_calibration,,,,,
exhaustive_six_of_ten_partition,partition_102_768ac8460862,,NAUMANN_CAL_T40_SOC12.5,hierarchical_activation_residual,0.94999999999999996,0,1,,unavailable_no_same_route_calibration,unavailable,insufficient_same_route_calibration,,,,,
exhaustive_six_of_ten_partition,partition_102_768ac8460862,,NAUMANN_CAL_T40_SOC25,hierarchical_power_fallback,0.80000000000000004,6,6,2.1698424743004083,finite_order_statistic,available,none,True,1,2.2106892511167611,4.1087384001945395,2.2106892511167611
exhaustive_six_of_ten_partition,partition_102_768ac8460862,,NAUMANN_CAL_T40_SOC75,hierarchical_power_fallback,0.80000000000000004,6,6,2.1698424743004083,finite_order_statistic,available,none,True,1,1.3720864256784864,2.1520129956726066,1.3720864256784864
exhaustive_six_of_ten_partition,partition_102_768ac8460862,,NAUMANN_CAL_T40_SOC25,hierarchical_power_fallback,0.90000000000000002,6,7,,unavailable_finite_sample_full_physical_range,unavailable,insufficient_same_route_calibration,,,,,
exhaustive_six_of_ten_partition,partition_102_768ac8460862,,NAUMANN_CAL_T40_SOC75,hierarchical_power_fallback,0.90000000000000002,6,7,,unavailable_finite_sample_full_physical_range,unavailable,insufficient_same_route_calibration,,,,,
exhaustive_six_of_ten_partition,partition_102_768ac8460862,,NAUMANN_CAL_T40_SOC25,hierarchical_power_fallback,0.94999999999999996,6,7,,unavailable_finite_sample_full_physical_range,unavailable,insufficient_same_route_calibration,,,,,
exhaustive_six_of_ten_partition,partition_102_768ac8460862,,NAUMANN_CAL_T40_SOC75,hierarchical_power_fallback,0.94999999999999996,6,7,,unavailable_finite_sample_full_physical_range,unavailable,insufficient_same_route_calibration,,,,,
exhaustive_six_of_ten_partition,partition_103_af5d880c4300,,NAUMANN_CAL_T40_SOC0,hierarchical_activation_residual,0.80000000000000004,0,1,,unavailable_no_same_route_calibration,unavailable,insufficient_same_route_calibration,,,,,
exhaustive_six_of_ten_partition,partition_103_af5d880c4300,,NAUMANN_CAL_T40_SOC12.5,hierarchical_activation_residual,0.80000000000000004,0,1,,unavailable_no_same_route_calibration,unavailable,insufficient_same_route_calibration,,,,,
exhaustive_six_of_ten_partition,partition_103_af5d880c4300,,NAUMANN_CAL_T40_SOC0,hierarchical_activation_residual,0.90000000000000002,0,1,,unavailable_no_same_route_calibration,unavailable,insufficient_same_route_calibration,,,,,
exhaustive_six_of_ten_partition,partition_103_af5d880c4300,,NAUMANN_CAL_T40_SOC12.5,hierarchical_activation_residual,0.90000000000000002,0,1,,unavailable_no_same_route_calibration,unavailable,insufficient_same_route_calibration,,,,,
exhaustive_six_of_ten_partition,partition_103_af5d880c4300,,NAUMANN_CAL_T40_SOC0,hierarchical_activation_residual,0.94999999999999996,0,1,,unavailable_no_same_route_calibration,unavailable,insufficient_same_route_calibration,,,,,
exhaustive_six_of_ten_partition,partition_103_af5d880c4300,,NAUMANN_CAL_T40_SOC12.5,hierarchical_activation_residual,0.94999999999999996,0,1,,unavailable_no_same_route_calibration,unavailable,insufficient_same_route_calibration,,,,,
exhaustive_six_of_ten_partition,partition_103_af5d880c4300,,NAUMANN_CAL_T40_SOC25,hierarchical_power_fallback,0.80000000000000004,6,6,2.1698424743004083,finite_order_statistic,available,none,True,1,2.2106892511167611,4.1087384001945395,2.2106892511167611
exhaustive_six_of_ten_partition,partition_103_af5d880c4300,,NAUMANN_CAL_T40_SOC62.5,hierarchical_power_fallback,0.80000000000000004,6,6,2.1698424743004083,finite_order_statistic,available,none,True,1,1.7721164814876715,3.0610265608058569,1.7721164814876715
exhaustive_six_of_ten_partition,partition_103_af5d880c4300,,NAUMANN_CAL_T40_SOC25,hierarchical_power_fallback,0.90000000000000002,6,7,,unavailable_finite_sample_full_physical_range,unavailable,insufficient_same_route_calibration,,,,,
exhaustive_six_of_ten_partition,partition_103_af5d880c4300,,NAUMANN_CAL_T40_SOC62.5,hierarchical_power_fallback,0.90000000000000002,6,7,,unavailable_finite_sample_full_physical_range,unavailable,insufficient_same_route_calibration,,,,,
exhaustive_six_of_ten_partition,partition_103_af5d880c4300,,NAUMANN_CAL_T40_SOC25,hierarchical_power_fallback,0.94999999999999996,6,7,,unavailable_finite_sample_full_physical_range,unavailable,insufficient_same_route_calibration,,,,,
exhaustive_six_of_ten_partition,partition_103_af5d880c4300,,NAUMANN_CAL_T40_SOC62.5,hierarchical_power_fallback,0.94999999999999996,6,7,,unavailable_finite_sample_full_physical_range,unavailable,insufficient_same_route_calibration,,,,,
exhaustive_six_of_ten_partition,partition_104_252cb8ecef57,,NAUMANN_CAL_T40_SOC0,hierarchical_activation_residual,0.80000000000000004,0,1,,unavailable_no_same_route_calibration,unavailable,insufficient_same_route_calibration,,,,,
exhaustive_six_of_ten_partition,partition_104_252cb8ecef57,,NAUMANN_CAL_T40_SOC12.5,hierarchical_activation_residual,0.80000000000000004,0,1,,unavailable_no_same_route_calibration,unavailable,insufficient_same_route_calibration,,,,,
exhaustive_six_of_ten_partition,partition_104_252cb8ecef57,,NAUMANN_CAL_T40_SOC0,hierarchical_activation_residual,0.90000000000000002,0,1,,unavailable_no_same_route_calibration,unavailable,insufficient_same_route_calibration,,,,,
exhaustive_six_of_ten_partition,partition_104_252cb8ecef57,,NAUMANN_CAL_T40_SOC12.5,hierarchical_activation_residual,0.90000000000000002,0,1,,unavailable_no_same_route_calibration,unavailable,insufficient_same_route_calibration,,,,,
exhaustive_six_of_ten_partition,partition_104_252cb8ecef57,,NAUMANN_CAL_T40_SOC0,hierarchical_activation_residual,0.94999999999999996,0,1,,unavailable_no_same_route_calibration,unavailable,insufficient_same_route_calibration,,,,,
exhaustive_six_of_ten_partition,partition_104_252cb8ecef57,,NAUMANN_CAL_T40_SOC12.5,hierarchical_activation_residual,0.94999999999999996,0,1,,unavailable_no_same_route_calibration,unavailable,insufficient_same_route_calibration,,,,,
exhaustive_six_of_ten_partition,partition_104_252cb8ecef57,,NAUMANN_CAL_T40_SOC25,hierarchical_power_fallback,0.80000000000000004,6,6,1.4840726147248924,finite_order_statistic,available,none,True,1,1.5120099344109541,2.8101883952489572,1.5120099344109541
exhaustive_six_of_ten_partition,partition_104_252cb8ecef57,,NAUMANN_CAL_T40_SOC50,hierarchical_power_fallback,0.80000000000000004,6,6,1.4840726147248924,finite_order_statistic,available,none,False,0.20000000000000001,1.5575563227100178,2.916871079971969,2.9959070847109435
exhaustive_six_of_ten_partition,partition_104_252cb8ecef57,,NAUMANN_CAL_T40_SOC25,hierarchical_power_fallback,0.90000000000000002,6,7,,unavailable_finite_sample_full_physical_range,unavailable,insufficient_same_route_calibration,,,,,
exhaustive_six_of_ten_partition,partition_104_252cb8ecef57,,NAUMANN_CAL_T40_SOC50,hierarchical_power_fallback,0.90000000000000002,6,7,,unavailable_finite_sample_full_physical_range,unavailable,insufficient_same_route_calibration,,,,,
exhaustive_six_of_ten_partition,partition_104_252cb8ecef57,,NAUMANN_CAL_T40_SOC25,hierarchical_power_fallback,0.94999999999999996,6,7,,unavailable_finite_sample_full_physical_range,unavailable,insufficient_same_route_calibration,,,,,
exhaustive_six_of_ten_partition,partition_104_252cb8ecef57,,NAUMANN_CAL_T40_SOC50,hierarchical_power_fallback,0.94999999999999996,6,7,,unavailable_finite_sample_full_physical_range,unavailable,insufficient_same_route_calibration,,,,,
exhaustive_six_of_ten_partition,partition_105_6ddb9250f7fd,,NAUMANN_CAL_T40_SOC0,hierarchical_activation_residual,0.80000000000000004,0,1,,unavailable_no_same_route_calibration,unavailable,insufficient_same_route_calibration,,,,,
exhaustive_six_of_ten_partition,partition_105_6ddb9250f7fd,,NAUMANN_CAL_T40_SOC12.5,hierarchical_activation_residual,0.80000000000000004,0,1,,unavailable_no_same_route_calibration,unavailable,insufficient_same_route_calibration,,,,,
exhaustive_six_of_ten_partition,partition_105_6ddb9250f7fd,,NAUMANN_CAL_T40_SOC0,hierarchical_activation_residual,0.90000000000000002,0,1,,unavailable_no_same_route_calibration,unavailable,insufficient_same_route_calibration,,,,,
exhaustive_six_of_ten_partition,partition_105_6ddb9250f7fd,,NAUMANN_CAL_T40_SOC12.5,hierarchical_activation_residual,0.90000000000000002,0,1,,unavailable_no_same_route_calibration,unavailable,insufficient_same_route_calibration,,,,,
exhaustive_six_of_ten_partition,partition_105_6ddb9250f7fd,,NAUMANN_CAL_T40_SOC0,hierarchical_activation_residual,0.94999999999999996,0,1,,unavailable_no_same_route_calibration,unavailable,insufficient_same_route_calibration,,,,,
exhaustive_six_of_ten_partition,partition_105_6ddb9250f7fd,,NAUMANN_CAL_T40_SOC12.5,hierarchical_activation_residual,0.94999999999999996,0,1,,unavailable_no_same_route_calibration,unavailable,insufficient_same_route_calibration,,,,,
exhaustive_six_of_ten_partition,partition_105_6ddb9250f7fd,,NAUMANN_CAL_T40_SOC25,hierarchical_power_fallback,0.80000000000000004,6,6,2.1698424743004083,finite_order_statistic,available,none,True,1,2.2106892511167611,4.1087384001945395,2.2106892511167611
exhaustive_six_of_ten_partition,partition_105_6ddb9250f7fd,,NAUMANN_CAL_T40_SOC37.5,hierarchical_power_fallback,0.80000000000000004,6,6,2.1698424743004083,finite_order_statistic,available,none,True,1,1.9346642885590211,3.4427051368367643,1.9346642885590211
exhaustive_six_of_ten_partition,partition_105_6ddb9250f7fd,,NAUMANN_CAL_T40_SOC25,hierarchical_power_fallback,0.90000000000000002,6,7,,unavailable_finite_sample_full_physical_range,unavailable,insufficient_same_route_calibration,,,,,
exhaustive_six_of_ten_partition,partition_105_6ddb9250f7fd,,NAUMANN_CAL_T40_SOC37.5,hierarchical_power_fallback,0.90000000000000002,6,7,,unavailable_finite_sample_full_physical_range,unavailable,insufficient_same_route_calibration,,,,,
exhaustive_six_of_ten_partition,partition_105_6ddb9250f7fd,,NAUMANN_CAL_T40_SOC25,hierarchical_power_fallback,0.94999999999999996,6,7,,unavailable_finite_sample_full_physical_range,unavailable,insufficient_same_route_calibration,,,,,
exhaustive_six_of_ten_partition,partition_105_6ddb9250f7fd,,NAUMANN_CAL_T40_SOC37.5,hierarchical_power_fallback,0.94999999999999996,6,7,,unavailable_finite_sample_full_physical_range,unavailable,insufficient_same_route_calibration,,,,,
exhaustive_six_of_ten_partition,partition_106_4ae33c482b5e,,NAUMANN_CAL_T40_SOC0,hierarchical_activation_residual,0.80000000000000004,1,2,,unavailable_finite_sample_full_physical_range,unavailable,insufficient_same_route_calibration,,,,,
exhaustive_six_of_ten_partition,partition_106_4ae33c482b5e,,NAUMANN_CAL_T40_SOC0,hierarchical_activation_residual,0.90000000000000002,1,2,,unavailable_finite_sample_full_physical_range,unavailable,insufficient_same_route_calibration,,,,,
exhaustive_six_of_ten_partition,partition_106_4ae33c482b5e,,NAUMANN_CAL_T40_SOC0,hierarchical_activation_residual,0.94999999999999996,1,2,,unavailable_finite_sample_full_physical_range,unavailable,insufficient_same_route_calibration,,,,,
exhaustive_six_of_ten_partition,partition_106_4ae33c482b5e,,NAUMANN_CAL_T40_SOC100,hierarchical_power_fallback,0.80000000000000004,5,5,2.1698424743004083,finite_order_statistic,available,none,True,1,1.4242933532746951,2.2673997803693737,1.4242933532746951
exhaustive_six_of_ten_partition,partition_106_4ae33c482b5e,,NAUMANN_CAL_T40_SOC75,hierarchical_power_fallback,0.80000000000000004,5,5,2.1698424743004083,finite_order_statistic,available,none,True,1,1.3720864256784864,2.1520129956726066,1.3720864256784864
exhaustive_six_of_ten_partition,partition_106_4ae33c482b5e,,NAUMANN_CAL_T40_SOC87.5,hierarchical_power_fallback,0.80000000000000004,5,5,2.1698424743004083,finite_order_statistic,available,none,True,1,1.3456714355048427,2.0932907277718584,1.3456714355048427
exhaustive_six_of_ten_partition,partition_106_4ae33c482b5e,,NAUMANN_CAL_T40_SOC100,hierarchical_power_fallback,0.90000000000000002,5,6,,unavailable_finite_sample_full_physical_range,unavailable,insufficient_same_route_calibration,,,,,
exhaustive_six_of_ten_partition,partition_106_4ae33c482b5e,,NAUMANN_CAL_T40_SOC75,hierarchical_power_fallback,0.90000000000000002,5,6,,unavailable_finite_sample_full_physical_range,unavailable,insufficient_same_route_calibration,,,,,
exhaustive_six_of_ten_partition,partition_106_4ae33c482b5e,,NAUMANN_CAL_T40_SOC87.5,hierarchical_power_fallback,0.90000000000000002,5,6,,unavailable_finite_sample_full_physical_range,unavailable,insufficient_same_route_calibration,,,,,
exhaustive_six_of_ten_partition,partition_106_4ae33c482b5e,,NAUMANN_CAL_T40_SOC100,hierarchical_power_fallback,0.94999999999999996,5,6,,unavailable_finite_sample_full_physical_range,unavailable,insufficient_same_route_calibration,,,,,
exhaustive_six_of_ten_partition,partition_106_4ae33c482b5e,,NAUMANN_CAL_T40_SOC75,hierarchical_power_fallback,0.94999999999999996,5,6,,unavailable_finite_sample_full_physical_range,unavailable,insufficient_same_route_calibration,,,,,
exhaustive_six_of_ten_partition,partition_106_4ae33c482b5e,,NAUMANN_CAL_T40_SOC87.5,hierarchical_power_fallback,0.94999999999999996,5,6,,unavailable_finite_sample_full_physical_range,unavailable,insufficient_same_route_calibration,,,,,
exhaustive_six_of_ten_partition,partition_107_a6284ab92bc6,,NAUMANN_CAL_T40_SOC0,hierarchical_activation_residual,0.80000000000000004,1,2,,unavailable_finite_sample_full_physical_range,unavailable,insufficient_same_route_calibration,,,,,
exhaustive_six_of_ten_partition,partition_107_a6284ab92bc6,,NAUMANN_CAL_T40_SOC0,hierarchical_activation_residual,0.90000000000000002,1,2,,unavailable_finite_sample_full_physical_range,unavailable,insufficient_same_route_calibration,,,,,
exhaustive_six_of_ten_partition,partition_107_a6284ab92bc6,,NAUMANN_CAL_T40_SOC0,hierarchical_activation_residual,0.94999999999999996,1,2,,unavailable_finite_sample_full_physical_range,unavailable,insufficient_same_route_calibration,,,,,
exhaustive_six_of_ten_partition,partition_107_a6284ab92bc6,,NAUMANN_CAL_T40_SOC100,hierarchical_power_fallback,0.80000000000000004,5,5,2.1698424743004083,finite_order_statistic,available,none,True,1,1.4242933532746951,2.2673997803693737,1.4242933532746951
exhaustive_six_of_ten_partition,partition_107_a6284ab92bc6,,NAUMANN_CAL_T40_SOC62.5,hierarchical_power_fallback,0.80000000000000004,5,5,2.1698424743004083,finite_order_statistic,available,none,True,1,1.7721164814876715,3.0610265608058569,1.7721164814876715
exhaustive_six_of_ten_partition,partition_107_a6284ab92bc6,,NAUMANN_CAL_T40_SOC87.5,hierarchical_power_fallback,0.80000000000000004,5,5,2.1698424743004083,finite_order_statistic,available,none,True,1,1.3456714355048427,2.0932907277718584,1.3456714355048427
exhaustive_six_of_ten_partition,partition_107_a6284ab92bc6,,NAUMANN_CAL_T40_SOC100,hierarchical_power_fallback,0.90000000000000002,5,6,,unavailable_finite_sample_full_physical_range,unavailable,insufficient_same_route_calibration,,,,,
exhaustive_six_of_ten_partition,partition_107_a6284ab92bc6,,NAUMANN_CAL_T40_SOC62.5,hierarchical_power_fallback,0.90000000000000002,5,6,,unavailable_finite_sample_full_physical_range,unavailable,insufficient_same_route_calibration,,,,,
exhaustive_six_of_ten_partition,partition_107_a6284ab92bc6,,NAUMANN_CAL_T40_SOC87.5,hierarchical_power_fallback,0.90000000000000002,5,6,,unavailable_finite_sample_full_physical_range,unavailable,insufficient_same_route_calibration,,,,,
exhaustive_six_of_ten_partition,partition_107_a6284ab92bc6,,NAUMANN_CAL_T40_SOC100,hierarchical_power_fallback,0.94999999999999996,5,6,,unavailable_finite_sample_full_physical_range,unavailable,insufficient_same_route_calibration,,,,,
exhaustive_six_of_ten_partition,partition_107_a6284ab92bc6,,NAUMANN_CAL_T40_SOC62.5,hierarchical_power_fallback,0.94999999999999996,5,6,,unavailable_finite_sample_full_physical_range,unavailable,insufficient_same_route_calibration,,,,,
exhaustive_six_of_ten_partition,partition_107_a6284ab92bc6,,NAUMANN_CAL_T40_SOC87.5,hierarchical_power_fallback,0.94999999999999996,5,6,,unavailable_finite_sample_full_physical_range,unavailable,insufficient_same_route_calibration,,,,,
exhaustive_six_of_ten_partition,partition_108_87b804e5446e,,NAUMANN_CAL_T40_SOC0,hierarchical_activation_residual,0.80000000000000004,1,2,,unavailable_finite_sample_full_physical_range,unavailable,insufficient_same_route_calibration,,,,,
exhaustive_six_of_ten_partition,partition_108_87b804e5446e,,NAUMANN_CAL_T40_SOC0,hierarchical_activation_residual,0.90000000000000002,1,2,,unavailable_finite_sample_full_physical_range,unavailable,insufficient_same_route_calibration,,,,,
exhaustive_six_of_ten_partition,partition_108_87b804e5446e,,NAUMANN_CAL_T40_SOC0,hierarchical_activation_residual,0.94999999999999996,1,2,,unavailable_finite_sample_full_physical_range,unavailable,insufficient_same_route_calibration,,,,,
exhaustive_six_of_ten_partition,partition_108_87b804e5446e,,NAUMANN_CAL_T40_SOC100,hierarchical_power_fallback,0.80000000000000004,5,5,2.1698424743004083,finite_order_statistic,available,none,True,1,1.4242933532746951,2.2673997803693737,1.4242933532746951
exhaustive_six_of_ten_partition,partition_108_87b804e5446e,,NAUMANN_CAL_T40_SOC62.5,hierarchical_power_fallback,0.80000000000000004,5,5,2.1698424743004083,finite_order_statistic,available,none,True,1,1.7721164814876715,3.0610265608058569,1.7721164814876715
exhaustive_six_of_ten_partition,partition_108_87b804e5446e,,NAUMANN_CAL_T40_SOC75,hierarchical_power_fallback,0.80000000000000004,5,5,2.1698424743004083,finite_order_statistic,available,none,True,1,1.3720864256784864,2.1520129956726066,1.3720864256784864
exhaustive_six_of_ten_partition,partition_108_87b804e5446e,,NAUMANN_CAL_T40_SOC100,hierarchical_power_fallback,0.90000000000000002,5,6,,unavailable_finite_sample_full_physical_range,unavailable,insufficient_same_route_calibration,,,,,
exhaustive_six_of_ten_partition,partition_108_87b804e5446e,,NAUMANN_CAL_T40_SOC62.5,hierarchical_power_fallback,0.90000000000000002,5,6,,unavailable_finite_sample_full_physical_range,unavailable,insufficient_same_route_calibration,,,,,
exhaustive_six_of_ten_partition,partition_108_87b804e5446e,,NAUMANN_CAL_T40_SOC75,hierarchical_power_fallback,0.90000000000000002,5,6,,unavailable_finite_sample_full_physical_range,unavailable,insufficient_same_route_calibration,,,,,
exhaustive_six_of_ten_partition,partition_108_87b804e5446e,,NAUMANN_CAL_T40_SOC100,hierarchical_power_fallback,0.94999999999999996,5,6,,unavailable_finite_sample_full_physical_range,unavailable,insufficient_same_route_calibration,,,,,
exhaustive_six_of_ten_partition,partition_108_87b804e5446e,,NAUMANN_CAL_T40_SOC62.5,hierarchical_power_fallback,0.94999999999999996,5,6,,unavailable_finite_sample_full_physical_range,unavailable,insufficient_same_route_calibration,,,,,
exhaustive_six_of_ten_partition,partition_108_87b804e5446e,,NAUMANN_CAL_T40_SOC75,hierarchical_power_fallback,0.94999999999999996,5,6,,unavailable_finite_sample_full_physical_range,unavailable,insufficient_same_route_calibration,,,,,
exhaustive_six_of_ten_partition,partition_109_704134d42fe6,,NAUMANN_CAL_T40_SOC0,hierarchical_activation_residual,0.80000000000000004,1,2,,unavailable_finite_sample_full_physical_range,unavailable,insufficient_same_route_calibration,,,,,
exhaustive_six_of_ten_partition,partition_109_704134d42fe6,,NAUMANN_CAL_T40_SOC0,hierarchical_activation_residual,0.90000000000000002,1,2,,unavailable_finite_sample_full_physical_range,unavailable,insufficient_same_route_calibration,,,,,
exhaustive_six_of_ten_partition,partition_109_704134d42fe6,,NAUMANN_CAL_T40_SOC0,hierarchical_activation_residual,0.94999999999999996,1,2,,unavailable_finite_sample_full_physical_range,unavailable,insufficient_same_route_calibration,,,,,
exhaustive_six_of_ten_partition,partition_109_704134d42fe6,,NAUMANN_CAL_T40_SOC100,hierarchical_power_fallback,0.80000000000000004,5,5,1.4840726147248924,finite_order_statistic,available,none,True,1,0.97415125105391553,1.5507973323106512,0.97415125105391553
exhaustive_six_of_ten_partition,partition_109_704134d42fe6,,NAUMANN_CAL_T40_SOC50,hierarchical_power_fallback,0.80000000000000004,5,5,1.4840726147248924,finite_order_statistic,available,none,False,0.20000000000000001,1.5575563227100178,2.916871079971969,2.9959070847109435
exhaustive_six_of_ten_partition,partition_109_704134d42fe6,,NAUMANN_CAL_T40_SOC87.5,hierarchical_power_fallback,0.80000000000000004,5,5,1.4840726147248924,finite_order_statistic,available,none,True,1,0.92037746956454047,1.4317147353037001,0.92037746956454047
exhaustive_six_of_ten_partition,partition_109_704134d42fe6,,NAUMANN_CAL_T40_SOC100,hierarchical_power_fallback,0.90000000000000002,5,6,,unavailable_finite_sample_full_physical_range,unavailable,insufficient_same_route_calibration,,,,,
exhaustive_six_of_ten_partition,partition_109_704134d42fe6,,NAUMANN_CAL_T40_SOC50,hierarchical_power_fallback,0.90000000000000002,5,6,,unavailable_finite_sample_full_physical_range,unavailable,insufficient_same_route_calibration,,,,,
exhaustive_six_of_ten_partition,partition_109_704134d42fe6,,NAUMANN_CAL_T40_SOC87.5,hierarchical_power_fallback,0.90000000000000002,5,6,,unavailable_finite_sample_full_physical_range,unavailable,insufficient_same_route_calibration,,,,,
exhaustive_six_of_ten_partition,partition_109_704134d42fe6,,NAUMANN_CAL_T40_SOC100,hierarchical_power_fallback,0.94999999999999996,5,6,,unavailable_finite_sample_full_physical_range,unavailable,insufficient_same_route_calibration,,,,,
exhaustive_six_of_ten_partition,partition_109_704134d42fe6,,NAUMANN_CAL_T40_SOC50,hierarchical_power_fallback,0.94999999999999996,5,6,,unavailable_finite_sample_full_physical_range,unavailable,insufficient_same_route_calibration,,,,,
exhaustive_six_of_ten_partition,partition_109_704134d42fe6,,NAUMANN_CAL_T40_SOC87.5,hierarchical_power_fallback,0.94999999999999996,5,6,,unavailable_finite_sample_full_physical_range,unavailable,insufficient_same_route_calibration,,,,,
exhaustive_six_of_ten_partition,partition_110_cf7b7460f954,,NAUMANN_CAL_T40_SOC0,hierarchical_activation_residual,0.80000000000000004,1,2,,unavailable_finite_sample_full_physical_range,unavailable,insufficient_same_route_calibration,,,,,
exhaustive_six_of_ten_partition,partition_110_cf7b7460f954,,NAUMANN_CAL_T40_SOC0,hierarchical_activation_residual,0.90000000000000002,1,2,,unavailable_finite_sample_full_physical_range,unavailable,insufficient_same_route_calibration,,,,,
exhaustive_six_of_ten_partition,partition_110_cf7b7460f954,,NAUMANN_CAL_T40_SOC0,hierarchical_activation_residual,0.94999999999999996,1,2,,unavailable_finite_sample_full_physical_range,unavailable,insufficient_same_route_calibration,,,,,
exhaustive_six_of_ten_partition,partition_110_cf7b7460f954,,NAUMANN_CAL_T40_SOC100,hierarchical_power_fallback,0.80000000000000004,5,5,1.4840726147248924,finite_order_statistic,available,none,True,1,0.97415125105391553,1.5507973323106512,0.97415125105391553
exhaustive_six_of_ten_partition,partition_110_cf7b7460f954,,NAUMANN_CAL_T40_SOC50,hierarchical_power_fallback,0.80000000000000004,5,5,1.4840726147248924,finite_order_statistic,available,none,False,0.20000000000000001,1.5575563227100178,2.916871079971969,2.9959070847109435
exhaustive_six_of_ten_partition,partition_110_cf7b7460f954,,NAUMANN_CAL_T40_SOC75,hierarchical_power_fallback,0.80000000000000004,5,5,1.4840726147248924,finite_order_statistic,available,none,True,1,0.93844410988485494,1.4718780700610523,0.93844410988485494
exhaustive_six_of_ten_partition,partition_110_cf7b7460f954,,NAUMANN_CAL_T40_SOC100,hierarchical_power_fallback,0.90000000000000002,5,6,,unavailable_finite_sample_full_physical_range,unavailable,insufficient_same_route_calibration,,,,,
exhaustive_six_of_ten_partition,partition_110_cf7b7460f954,,NAUMANN_CAL_T40_SOC50,hierarchical_power_fallback,0.90000000000000002,5,6,,unavailable_finite_sample_full_physical_range,unavailable,insufficient_same_route_calibration,,,,,
exhaustive_six_of_ten_partition,partition_110_cf7b7460f954,,NAUMANN_CAL_T40_SOC75,hierarchical_power_fallback,0.90000000000000002,5,6,,unavailable_finite_sample_full_physical_range,unavailable,insufficient_same_route_calibration,,,,,
exhaustive_six_of_ten_partition,partition_110_cf7b7460f954,,NAUMANN_CAL_T40_SOC100,hierarchical_power_fallback,0.94999999999999996,5,6,,unavailable_finite_sample_full_physical_range,unavailable,insufficient_same_route_calibration,,,,,
exhaustive_six_of_ten_partition,partition_110_cf7b7460f954,,NAUMANN_CAL_T40_SOC50,hierarchical_power_fallback,0.94999999999999996,5,6,,unavailable_finite_sample_full_physical_range,unavailable,insufficient_same_route_calibration,,,,,
exhaustive_six_of_ten_partition,partition_110_cf7b7460f954,,NAUMANN_CAL_T40_SOC75,hierarchical_power_fallback,0.94999999999999996,5,6,,unavailable_finite_sample_full_physical_range,unavailable,insufficient_same_route_calibration,,,,,
exhaustive_six_of_ten_partition,partition_111_fcb845a0aac7,,NAUMANN_CAL_T40_SOC0,hierarchical_activation_residual,0.80000000000000004,1,2,,unavailable_finite_sample_full_physical_range,unavailable,insufficient_same_route_calibration,,,,,
exhaustive_six_of_ten_partition,partition_111_fcb845a0aac7,,NAUMANN_CAL_T40_SOC0,hierarchical_activation_residual,0.90000000000000002,1,2,,unavailable_finite_sample_full_physical_range,unavailable,insufficient_same_route_calibration,,,,,
exhaustive_six_of_ten_partition,partition_111_fcb845a0aac7,,NAUMANN_CAL_T40_SOC0,hierarchical_activation_residual,0.94999999999999996,1,2,,unavailable_finite_sample_full_physical_range,unavailable,insufficient_same_route_calibration,,,,,
exhaustive_six_of_ten_partition,partition_111_fcb845a0aac7,,NAUMANN_CAL_T40_SOC100,hierarchical_power_fallback,0.80000000000000004,5,5,1.4840726147248924,finite_order_statistic,available,none,True,1,0.97415125105391553,1.5507973323106512,0.97415125105391553
exhaustive_six_of_ten_partition,partition_111_fcb845a0aac7,,NAUMANN_CAL_T40_SOC50,hierarchical_power_fallback,0.80000000000000004,5,5,1.4840726147248924,finite_order_statistic,available,none,False,0.20000000000000001,1.5575563227100178,2.916871079971969,2.9959070847109435
exhaustive_six_of_ten_partition,partition_111_fcb845a0aac7,,NAUMANN_CAL_T40_SOC62.5,hierarchical_power_fallback,0.80000000000000004,5,5,1.4840726147248924,finite_order_statistic,available,none,True,1,1.2120462989491545,2.0936016073250414,1.2120462989491545
exhaustive_six_of_ten_partition,partition_111_fcb845a0aac7,,NAUMANN_CAL_T40_SOC100,hierarchical_power_fallback,0.90000000000000002,5,6,,unavailable_finite_sample_full_physical_range,unavailable,insufficient_same_route_calibration,,,,,
exhaustive_six_of_ten_partition,partition_111_fcb845a0aac7,,NAUMANN_CAL_T40_SOC50,hierarchical_power_fallback,0.90000000000000002,5,6,,unavailable_finite_sample_full_physical_range,unavailable,insufficient_same_route_calibration,,,,,
exhaustive_six_of_ten_partition,partition_111_fcb845a0aac7,,NAUMANN_CAL_T40_SOC62.5,hierarchical_power_fallback,0.90000000000000002,5,6,,unavailable_finite_sample_full_physical_range,unavailable,insufficient_same_route_calibration,,,,,
exhaustive_six_of_ten_partition,partition_111_fcb845a0aac7,,NAUMANN_CAL_T40_SOC100,hierarchical_power_fallback,0.94999999999999996,5,6,,unavailable_finite_sample_full_physical_range,unavailable,insufficient_same_route_calibration,,,,,
exhaustive_six_of_ten_partition,partition_111_fcb845a0aac7,,NAUMANN_CAL_T40_SOC50,hierarchical_power_fallback,0.94999999999999996,5,6,,unavailable_finite_sample_full_physical_range,unavailable,insufficient_same_route_calibration,,,,,
exhaustive_six_of_ten_partition,partition_111_fcb845a0aac7,,NAUMANN_CAL_T40_SOC62.5,hierarchical_power_fallback,0.94999999999999996,5,6,,unavailable_finite_sample_full_physical_range,unavailable,insufficient_same_route_calibration,,,,,
exhaustive_six_of_ten_partition,partition_112_9c435f56bd1b,,NAUMANN_CAL_T40_SOC0,hierarchical_activation_residual,0.80000000000000004,1,2,,unavailable_finite_sample_full_physical_range,unavailable,insufficient_same_route_calibration,,,,,
exhaustive_six_of_ten_partition,partition_112_9c435f56bd1b,,NAUMANN_CAL_T40_SOC0,hierarchical_activation_residual,0.90000000000000002,1,2,,unavailable_finite_sample_full_physical_range,unavailable,insufficient_same_route_calibration,,,,,
exhaustive_six_of_ten_partition,partition_112_9c435f56bd1b,,NAUMANN_CAL_T40_SOC0,hierarchical_activation_residual,0.94999999999999996,1,2,,unavailable_finite_sample_full_physical_range,unavailable,insufficient_same_route_calibration,,,,,
exhaustive_six_of_ten_partition,partition_112_9c435f56bd1b,,NAUMANN_CAL_T40_SOC100,hierarchical_power_fallback,0.80000000000000004,5,5,2.1698424743004083,finite_order_statistic,available,none,True,1,1.4242933532746951,2.2673997803693737,1.4242933532746951
exhaustive_six_of_ten_partition,partition_112_9c435f56bd1b,,NAUMANN_CAL_T40_SOC37.5,hierarchical_power_fallback,0.80000000000000004,5,5,2.1698424743004083,finite_order_statistic,available,none,True,1,1.9346642885590211,3.4427051368367643,1.9346642885590211
exhaustive_six_of_ten_partition,partition_112_9c435f56bd1b,,NAUMANN_CAL_T40_SOC87.5,hierarchical_power_fallback,0.80000000000000004,5,5,2.1698424743004083,finite_order_statistic,available,none,True,1,1.3456714355048427,2.0932907277718584,1.3456714355048427
exhaustive_six_of_ten_partition,partition_112_9c435f56bd1b,,NAUMANN_CAL_T40_SOC100,hierarchical_power_fallback,0.90000000000000002,5,6,,unavailable_finite_sample_full_physical_range,unavailable,insufficient_same_route_calibration,,,,,
exhaustive_six_of_ten_partition,partition_112_9c435f56bd1b,,NAUMANN_CAL_T40_SOC37.5,hierarchical_power_fallback,0.90000000000000002,5,6,,unavailable_finite_sample_full_physical_range,unavailable,insufficient_same_route_calibration,,,,,
exhaustive_six_of_ten_partition,partition_112_9c435f56bd1b,,NAUMANN_CAL_T40_SOC87.5,hierarchical_power_fallback,0.90000000000000002,5,6,,unavailable_finite_sample_full_physical_range,unavailable,insufficient_same_route_calibration,,,,,
exhaustive_six_of_ten_partition,partition_112_9c435f56bd1b,,NAUMANN_CAL_T40_SOC100,hierarchical_power_fallback,0.94999999999999996,5,6,,unavailable_finite_sample_full_physical_range,unavailable,insufficient_same_route_calibration,,,,,
exhaustive_six_of_ten_partition,partition_112_9c435f56bd1b,,NAUMANN_CAL_T40_SOC37.5,hierarchical_power_fallback,0.94999999999999996,5,6,,unavailable_finite_sample_full_physical_range,unavailable,insufficient_same_route_calibration,,,,,
exhaustive_six_of_ten_partition,partition_112_9c435f56bd1b,,NAUMANN_CAL_T40_SOC87.5,hierarchical_power_fallback,0.94999999999999996,5,6,,unavailable_finite_sample_full_physical_range,unavailable,insufficient_same_route_calibration,,,,,
exhaustive_six_of_ten_partition,partition_113_e0abd8b427ce,,NAUMANN_CAL_T40_SOC0,hierarchical_activation_residual,0.80000000000000004,1,2,,unavailable_finite_sample_full_physical_range,unavailable,insufficient_same_route_calibration,,,,,
exhaustive_six_of_ten_partition,partition_113_e0abd8b427ce,,NAUMANN_CAL_T40_SOC0,hierarchical_activation_residual,0.90000000000000002,1,2,,unavailable_finite_sample_full_physical_range,unavailable,insufficient_same_route_calibration,,,,,
exhaustive_six_of_ten_partition,partition_113_e0abd8b427ce,,NAUMANN_CAL_T40_SOC0,hierarchical_activation_residual,0.94999999999999996,1,2,,unavailable_finite_sample_full_physical_range,unavailable,insufficient_same_route_calibration,,,,,
exhaustive_six_of_ten_partition,partition_113_e0abd8b427ce,,NAUMANN_CAL_T40_SOC100,hierarchical_power_fallback,0.80000000000000004,5,5,2.1698424743004083,finite_order_statistic,available,none,True,1,1.4242933532746951,2.2673997803693737,1.4242933532746951
exhaustive_six_of_ten_partition,partition_113_e0abd8b427ce,,NAUMANN_CAL_T40_SOC37.5,hierarchical_power_fallback,0.80000000000000004,5,5,2.1698424743004083,finite_order_statistic,available,none,True,1,1.9346642885590211,3.4427051368367643,1.9346642885590211
exhaustive_six_of_ten_partition,partition_113_e0abd8b427ce,,NAUMANN_CAL_T40_SOC75,hierarchical_power_fallback,0.80000000000000004,5,5,2.1698424743004083,finite_order_statistic,available,none,True,1,1.3720864256784864,2.1520129956726066,1.3720864256784864
exhaustive_six_of_ten_partition,partition_113_e0abd8b427ce,,NAUMANN_CAL_T40_SOC100,hierarchical_power_fallback,0.90000000000000002,5,6,,unavailable_finite_sample_full_physical_range,unavailable,insufficient_same_route_calibration,,,,,
exhaustive_six_of_ten_partition,partition_113_e0abd8b427ce,,NAUMANN_CAL_T40_SOC37.5,hierarchical_power_fallback,0.90000000000000002,5,6,,unavailable_finite_sample_full_physical_range,unavailable,insufficient_same_route_calibration,,,,,
exhaustive_six_of_ten_partition,partition_113_e0abd8b427ce,,NAUMANN_CAL_T40_SOC75,hierarchical_power_fallback,0.90000000000000002,5,6,,unavailable_finite_sample_full_physical_range,unavailable,insufficient_same_route_calibration,,,,,
exhaustive_six_of_ten_partition,partition_113_e0abd8b427ce,,NAUMANN_CAL_T40_SOC100,hierarchical_power_fallback,0.94999999999999996,5,6,,unavailable_finite_sample_full_physical_range,unavailable,insufficient_same_route_calibration,,,,,
exhaustive_six_of_ten_partition,partition_113_e0abd8b427ce,,NAUMANN_CAL_T40_SOC37.5,hierarchical_power_fallback,0.94999999999999996,5,6,,unavailable_finite_sample_full_physical_range,unavailable,insufficient_same_route_calibration,,,,,
exhaustive_six_of_ten_partition,partition_113_e0abd8b427ce,,NAUMANN_CAL_T40_SOC75,hierarchical_power_fallback,0.94999999999999996,5,6,,unavailable_finite_sample_full_physical_range,unavailable,insufficient_same_route_calibration,,,,,
exhaustive_six_of_ten_partition,partition_114_5c65fb06830f,,NAUMANN_CAL_T40_SOC0,hierarchical_activation_residual,0.80000000000000004,1,2,,unavailable_finite_sample_full_physical_range,unavailable,insufficient_same_route_calibration,,,,,
exhaustive_six_of_ten_partition,partition_114_5c65fb06830f,,NAUMANN_CAL_T40_SOC0,hierarchical_activation_residual,0.90000000000000002,1,2,,unavailable_finite_sample_full_physical_range,unavailable,insufficient_same_route_calibration,,,,,
exhaustive_six_of_ten_partition,partition_114_5c65fb06830f,,NAUMANN_CAL_T40_SOC0,hierarchical_activation_residual,0.94999999999999996,1,2,,unavailable_finite_sample_full_physical_range,unavailable,insufficient_same_route_calibration,,,,,
exhaustive_six_of_ten_partition,partition_114_5c65fb06830f,,NAUMANN_CAL_T40_SOC100,hierarchical_power_fallback,0.80000000000000004,5,5,2.1698424743004083,finite_order_statistic,available,none,True,1,1.4242933532746951,2.2673997803693737,1.4242933532746951
exhaustive_six_of_ten_partition,partition_114_5c65fb06830f,,NAUMANN_CAL_T40_SOC37.5,hierarchical_power_fallback,0.80000000000000004,5,5,2.1698424743004083,finite_order_statistic,available,none,True,1,1.9346642885590211,3.4427051368367643,1.9346642885590211
exhaustive_six_of_ten_partition,partition_114_5c65fb06830f,,NAUMANN_CAL_T40_SOC62.5,hierarchical_power_fallback,0.80000000000000004,5,5,2.1698424743004083,finite_order_statistic,available,none,True,1,1.7721164814876715,3.0610265608058569,1.7721164814876715
exhaustive_six_of_ten_partition,partition_114_5c65fb06830f,,NAUMANN_CAL_T40_SOC100,hierarchical_power_fallback,0.90000000000000002,5,6,,unavailable_finite_sample_full_physical_range,unavailable,insufficient_same_route_calibration,,,,,
exhaustive_six_of_ten_partition,partition_114_5c65fb06830f,,NAUMANN_CAL_T40_SOC37.5,hierarchical_power_fallback,0.90000000000000002,5,6,,unavailable_finite_sample_full_physical_range,unavailable,insufficient_same_route_calibration,,,,,
exhaustive_six_of_ten_partition,partition_114_5c65fb06830f,,NAUMANN_CAL_T40_SOC62.5,hierarchical_power_fallback,0.90000000000000002,5,6,,unavailable_finite_sample_full_physical_range,unavailable,insufficient_same_route_calibration,,,,,
exhaustive_six_of_ten_partition,partition_114_5c65fb06830f,,NAUMANN_CAL_T40_SOC100,hierarchical_power_fallback,0.94999999999999996,5,6,,unavailable_finite_sample_full_physical_range,unavailable,insufficient_same_route_calibration,,,,,
exhaustive_six_of_ten_partition,partition_114_5c65fb06830f,,NAUMANN_CAL_T40_SOC37.5,hierarchical_power_fallback,0.94999999999999996,5,6,,unavailable_finite_sample_full_physical_range,unavailable,insufficient_same_route_calibration,,,,,
exhaustive_six_of_ten_partition,partition_114_5c65fb06830f,,NAUMANN_CAL_T40_SOC62.5,hierarchical_power_fallback,0.94999999999999996,5,6,,unavailable_finite_sample_full_physical_range,unavailable,insufficient_same_route_calibration,,,,,
exhaustive_six_of_ten_partition,partition_115_a02535e8f6fc,,NAUMANN_CAL_T40_SOC0,hierarchical_activation_residual,0.80000000000000004,1,2,,unavailable_finite_sample_full_physical_range,unavailable,insufficient_same_route_calibration,,,,,
exhaustive_six_of_ten_partition,partition_115_a02535e8f6fc,,NAUMANN_CAL_T40_SOC0,hierarchical_activation_residual,0.90000000000000002,1,2,,unavailable_finite_sample_full_physical_range,unavailable,insufficient_same_route_calibration,,,,,
exhaustive_six_of_ten_partition,partition_115_a02535e8f6fc,,NAUMANN_CAL_T40_SOC0,hierarchical_activation_residual,0.94999999999999996,1,2,,unavailable_finite_sample_full_physical_range,unavailable,insufficient_same_route_calibration,,,,,
exhaustive_six_of_ten_partition,partition_115_a02535e8f6fc,,NAUMANN_CAL_T40_SOC100,hierarchical_power_fallback,0.80000000000000004,5,5,1.4840726147248924,finite_order_statistic,available,none,True,1,0.97415125105391553,1.5507973323106512,0.97415125105391553
exhaustive_six_of_ten_partition,partition_115_a02535e8f6fc,,NAUMANN_CAL_T40_SOC37.5,hierarchical_power_fallback,0.80000000000000004,5,5,1.4840726147248924,finite_order_statistic,available,none,True,1,1.3232215349007652,2.3546522269085131,1.3232215349007652
exhaustive_six_of_ten_partition,partition_115_a02535e8f6fc,,NAUMANN_CAL_T40_SOC50,hierarchical_power_fallback,0.80000000000000004,5,5,1.4840726147248924,finite_order_statistic,available,none,False,0.20000000000000001,1.5575563227100178,2.916871079971969,2.9959070847109435
exhaustive_six_of_ten_partition,partition_115_a02535e8f6fc,,NAUMANN_CAL_T40_SOC100,hierarchical_power_fallback,0.90000000000000002,5,6,,unavailable_finite_sample_full_physical_range,unavailable,insufficient_same_route_calibration,,,,,
exhaustive_six_of_ten_partition,partition_115_a02535e8f6fc,,NAUMANN_CAL_T40_SOC37.5,hierarchical_power_fallback,0.90000000000000002,5,6,,unavailable_finite_sample_full_physical_range,unavailable,insufficient_same_route_calibration,,,,,
exhaustive_six_of_ten_partition,partition_115_a02535e8f6fc,,NAUMANN_CAL_T40_SOC50,hierarchical_power_fallback,0.90000000000000002,5,6,,unavailable_finite_sample_full_physical_range,unavailable,insufficient_same_route_calibration,,,,,
exhaustive_six_of_ten_partition,partition_115_a02535e8f6fc,,NAUMANN_CAL_T40_SOC100,hierarchical_power_fallback,0.94999999999999996,5,6,,unavailable_finite_sample_full_physical_range,unavailable,insufficient_same_route_calibration,,,,,
exhaustive_six_of_ten_partition,partition_115_a02535e8f6fc,,NAUMANN_CAL_T40_SOC37.5,hierarchical_power_fallback,0.94999999999999996,5,6,,unavailable_finite_sample_full_physical_range,unavailable,insufficient_same_route_calibration,,,,,
exhaustive_six_of_ten_partition,partition_115_a02535e8f6fc,,NAUMANN_CAL_T40_SOC50,hierarchical_power_fallback,0.94999999999999996,5,6,,unavailable_finite_sample_full_physical_range,unavailable,insufficient_same_route_calibration,,,,,
exhaustive_six_of_ten_partition,partition_116_3bae2451aedc,,NAUMANN_CAL_T40_SOC0,hierarchical_activation_residual,0.80000000000000004,1,2,,unavailable_finite_sample_full_physical_range,unavailable,insufficient_same_route_calibration,,,,,
exhaustive_six_of_ten_partition,partition_116_3bae2451aedc,,NAUMANN_CAL_T40_SOC0,hierarchical_activation_residual,0.90000000000000002,1,2,,unavailable_finite_sample_full_physical_range,unavailable,insufficient_same_route_calibration,,,,,
exhaustive_six_of_ten_partition,partition_116_3bae2451aedc,,NAUMANN_CAL_T40_SOC0,hierarchical_activation_residual,0.94999999999999996,1,2,,unavailable_finite_sample_full_physical_range,unavailable,insufficient_same_route_calibration,,,,,
exhaustive_six_of_ten_partition,partition_116_3bae2451aedc,,NAUMANN_CAL_T40_SOC100,hierarchical_power_fallback,0.80000000000000004,5,5,2.1698424743004083,finite_order_statistic,available,none,True,1,1.4242933532746951,2.2673997803693737,1.4242933532746951
exhaustive_six_of_ten_partition,partition_116_3bae2451aedc,,NAUMANN_CAL_T40_SOC25,hierarchical_power_fallback,0.80000000000000004,5,5,2.1698424743004083,finite_order_statistic,available,none,True,1,2.2106892511167611,4.1087384001945395,2.2106892511167611
exhaustive_six_of_ten_partition,partition_116_3bae2451aedc,,NAUMANN_CAL_T40_SOC87.5,hierarchical_power_fallback,0.80000000000000004,5,5,2.1698424743004083,finite_order_statistic,available,none,True,1,1.3456714355048427,2.0932907277718584,1.3456714355048427
exhaustive_six_of_ten_partition,partition_116_3bae2451aedc,,NAUMANN_CAL_T40_SOC100,hierarchical_power_fallback,0.90000000000000002,5,6,,unavailable_finite_sample_full_physical_range,unavailable,insufficient_same_route_calibration,,,,,
exhaustive_six_of_ten_partition,partition_116_3bae2451aedc,,NAUMANN_CAL_T40_SOC25,hierarchical_power_fallback,0.90000000000000002,5,6,,unavailable_finite_sample_full_physical_range,unavailable,insufficient_same_route_calibration,,,,,
exhaustive_six_of_ten_partition,partition_116_3bae2451aedc,,NAUMANN_CAL_T40_SOC87.5,hierarchical_power_fallback,0.90000000000000002,5,6,,unavailable_finite_sample_full_physical_range,unavailable,insufficient_same_route_calibration,,,,,
exhaustive_six_of_ten_partition,partition_116_3bae2451aedc,,NAUMANN_CAL_T40_SOC100,hierarchical_power_fallback,0.94999999999999996,5,6,,unavailable_finite_sample_full_physical_range,unavailable,insufficient_same_route_calibration,,,,,
exhaustive_six_of_ten_partition,partition_116_3bae2451aedc,,NAUMANN_CAL_T40_SOC25,hierarchical_power_fallback,0.94999999999999996,5,6,,unavailable_finite_sample_full_physical_range,unavailable,insufficient_same_route_calibration,,,,,
exhaustive_six_of_ten_partition,partition_116_3bae2451aedc,,NAUMANN_CAL_T40_SOC87.5,hierarchical_power_fallback,0.94999999999999996,5,6,,unavailable_finite_sample_full_physical_range,unavailable,insufficient_same_route_calibration,,,,,
exhaustive_six_of_ten_partition,partition_117_fe7d72b89e3c,,NAUMANN_CAL_T40_SOC0,hierarchical_activation_residual,0.80000000000000004,1,2,,unavailable_finite_sample_full_physical_range,unavailable,insufficient_same_route_calibration,,,,,
exhaustive_six_of_ten_partition,partition_117_fe7d72b89e3c,,NAUMANN_CAL_T40_SOC0,hierarchical_activation_residual,0.90000000000000002,1,2,,unavailable_finite_sample_full_physical_range,unavailable,insufficient_same_route_calibration,,,,,
exhaustive_six_of_ten_partition,partition_117_fe7d72b89e3c,,NAUMANN_CAL_T40_SOC0,hierarchical_activation_residual,0.94999999999999996,1,2,,unavailable_finite_sample_full_physical_range,unavailable,insufficient_same_route_calibration,,,,,
exhaustive_six_of_ten_partition,partition_117_fe7d72b89e3c,,NAUMANN_CAL_T40_SOC100,hierarchical_power_fallback,0.80000000000000004,5,5,2.1698424743004083,finite_order_statistic,available,none,True,1,1.4242933532746951,2.2673997803693737,1.4242933532746951
exhaustive_six_of_ten_partition,partition_117_fe7d72b89e3c,,NAUMANN_CAL_T40_SOC25,hierarchical_power_fallback,0.80000000000000004,5,5,2.1698424743004083,finite_order_statistic,available,none,True,1,2.2106892511167611,4.1087384001945395,2.2106892511167611
exhaustive_six_of_ten_partition,partition_117_fe7d72b89e3c,,NAUMANN_CAL_T40_SOC75,hierarchical_power_fallback,0.80000000000000004,5,5,2.1698424743004083,finite_order_statistic,available,none,True,1,1.3720864256784864,2.1520129956726066,1.3720864256784864
exhaustive_six_of_ten_partition,partition_117_fe7d72b89e3c,,NAUMANN_CAL_T40_SOC100,hierarchical_power_fallback,0.90000000000000002,5,6,,unavailable_finite_sample_full_physical_range,unavailable,insufficient_same_route_calibration,,,,,
exhaustive_six_of_ten_partition,partition_117_fe7d72b89e3c,,NAUMANN_CAL_T40_SOC25,hierarchical_power_fallback,0.90000000000000002,5,6,,unavailable_finite_sample_full_physical_range,unavailable,insufficient_same_route_calibration,,,,,
exhaustive_six_of_ten_partition,partition_117_fe7d72b89e3c,,NAUMANN_CAL_T40_SOC75,hierarchical_power_fallback,0.90000000000000002,5,6,,unavailable_finite_sample_full_physical_range,unavailable,insufficient_same_route_calibration,,,,,
exhaustive_six_of_ten_partition,partition_117_fe7d72b89e3c,,NAUMANN_CAL_T40_SOC100,hierarchical_power_fallback,0.94999999999999996,5,6,,unavailable_finite_sample_full_physical_range,unavailable,insufficient_same_route_calibration,,,,,
exhaustive_six_of_ten_partition,partition_117_fe7d72b89e3c,,NAUMANN_CAL_T40_SOC25,hierarchical_power_fallback,0.94999999999999996,5,6,,unavailable_finite_sample_full_physical_range,unavailable,insufficient_same_route_calibration,,,,,
exhaustive_six_of_ten_partition,partition_117_fe7d72b89e3c,,NAUMANN_CAL_T40_SOC75,hierarchical_power_fallback,0.94999999999999996,5,6,,unavailable_finite_sample_full_physical_range,unavailable,insufficient_same_route_calibration,,,,,
exhaustive_six_of_ten_partition,partition_118_0f09157ac8e5,,NAUMANN_CAL_T40_SOC0,hierarchical_activation_residual,0.80000000000000004,1,2,,unavailable_finite_sample_full_physical_range,unavailable,insufficient_same_route_calibration,,,,,
exhaustive_six_of_ten_partition,partition_118_0f09157ac8e5,,NAUMANN_CAL_T40_SOC0,hierarchical_activation_residual,0.90000000000000002,1,2,,unavailable_finite_sample_full_physical_range,unavailable,insufficient_same_route_calibration,,,,,
exhaustive_six_of_ten_partition,partition_118_0f09157ac8e5,,NAUMANN_CAL_T40_SOC0,hierarchical_activation_residual,0.94999999999999996,1,2,,unavailable_finite_sample_full_physical_range,unavailable,insufficient_same_route_calibration,,,,,
exhaustive_six_of_ten_partition,partition_118_0f09157ac8e5,,NAUMANN_CAL_T40_SOC100,hierarchical_power_fallback,0.80000000000000004,5,5,2.1698424743004083,finite_order_statistic,available,none,True,1,1.4242933532746951,2.2673997803693737,1.4242933532746951
exhaustive_six_of_ten_partition,partition_118_0f09157ac8e5,,NAUMANN_CAL_T40_SOC25,hierarchical_power_fallback,0.80000000000000004,5,5,2.1698424743004083,finite_order_statistic,available,none,True,1,2.2106892511167611,4.1087384001945395,2.2106892511167611
exhaustive_six_of_ten_partition,partition_118_0f09157ac8e5,,NAUMANN_CAL_T40_SOC62.5,hierarchical_power_fallback,0.80000000000000004,5,5,2.1698424743004083,finite_order_statistic,available,none,True,1,1.7721164814876715,3.0610265608058569,1.7721164814876715
exhaustive_six_of_ten_partition,partition_118_0f09157ac8e5,,NAUMANN_CAL_T40_SOC100,hierarchical_power_fallback,0.90000000000000002,5,6,,unavailable_finite_sample_full_physical_range,unavailable,insufficient_same_route_calibration,,,,,
exhaustive_six_of_ten_partition,partition_118_0f09157ac8e5,,NAUMANN_CAL_T40_SOC25,hierarchical_power_fallback,0.90000000000000002,5,6,,unavailable_finite_sample_full_physical_range,unavailable,insufficient_same_route_calibration,,,,,
exhaustive_six_of_ten_partition,partition_118_0f09157ac8e5,,NAUMANN_CAL_T40_SOC62.5,hierarchical_power_fallback,0.90000000000000002,5,6,,unavailable_finite_sample_full_physical_range,unavailable,insufficient_same_route_calibration,,,,,
exhaustive_six_of_ten_partition,partition_118_0f09157ac8e5,,NAUMANN_CAL_T40_SOC100,hierarchical_power_fallback,0.94999999999999996,5,6,,unavailable_finite_sample_full_physical_range,unavailable,insufficient_same_route_calibration,,,,,
exhaustive_six_of_ten_partition,partition_118_0f09157ac8e5,,NAUMANN_CAL_T40_SOC25,hierarchical_power_fallback,0.94999999999999996,5,6,,unavailable_finite_sample_full_physical_range,unavailable,insufficient_same_route_calibration,,,,,
exhaustive_six_of_ten_partition,partition_118_0f09157ac8e5,,NAUMANN_CAL_T40_SOC62.5,hierarchical_power_fallback,0.94999999999999996,5,6,,unavailable_finite_sample_full_physical_range,unavailable,insufficient_same_route_calibration,,,,,
exhaustive_six_of_ten_partition,partition_119_54914b933b0d,,NAUMANN_CAL_T40_SOC0,hierarchical_activation_residual,0.80000000000000004,1,2,,unavailable_finite_sample_full_physical_range,unavailable,insufficient_same_route_calibration,,,,,
exhaustive_six_of_ten_partition,partition_119_54914b933b0d,,NAUMANN_CAL_T40_SOC0,hierarchical_activation_residual,0.90000000000000002,1,2,,unavailable_finite_sample_full_physical_range,unavailable,insufficient_same_route_calibration,,,,,
exhaustive_six_of_ten_partition,partition_119_54914b933b0d,,NAUMANN_CAL_T40_SOC0,hierarchical_activation_residual,0.94999999999999996,1,2,,unavailable_finite_sample_full_physical_range,unavailable,insufficient_same_route_calibration,,,,,
exhaustive_six_of_ten_partition,partition_119_54914b933b0d,,NAUMANN_CAL_T40_SOC100,hierarchical_power_fallback,0.80000000000000004,5,5,1.4840726147248924,finite_order_statistic,available,none,True,1,0.97415125105391553,1.5507973323106512,0.97415125105391553
exhaustive_six_of_ten_partition,partition_119_54914b933b0d,,NAUMANN_CAL_T40_SOC25,hierarchical_power_fallback,0.80000000000000004,5,5,1.4840726147248924,finite_order_statistic,available,none,True,1,1.5120099344109541,2.8101883952489572,1.5120099344109541
exhaustive_six_of_ten_partition,partition_119_54914b933b0d,,NAUMANN_CAL_T40_SOC50,hierarchical_power_fallback,0.80000000000000004,5,5,1.4840726147248924,finite_order_statistic,available,none,False,0.20000000000000001,1.5575563227100178,2.916871079971969,2.9959070847109435
exhaustive_six_of_ten_partition,partition_119_54914b933b0d,,NAUMANN_CAL_T40_SOC100,hierarchical_power_fallback,0.90000000000000002,5,6,,unavailable_finite_sample_full_physical_range,unavailable,insufficient_same_route_calibration,,,,,
exhaustive_six_of_ten_partition,partition_119_54914b933b0d,,NAUMANN_CAL_T40_SOC25,hierarchical_power_fallback,0.90000000000000002,5,6,,unavailable_finite_sample_full_physical_range,unavailable,insufficient_same_route_calibration,,,,,
exhaustive_six_of_ten_partition,partition_119_54914b933b0d,,NAUMANN_CAL_T40_SOC50,hierarchical_power_fallback,0.90000000000000002,5,6,,unavailable_finite_sample_full_physical_range,unavailable,insufficient_same_route_calibration,,,,,
exhaustive_six_of_ten_partition,partition_119_54914b933b0d,,NAUMANN_CAL_T40_SOC100,hierarchical_power_fallback,0.94999999999999996,5,6,,unavailable_finite_sample_full_physical_range,unavailable,insufficient_same_route_calibration,,,,,
exhaustive_six_of_ten_partition,partition_119_54914b933b0d,,NAUMANN_CAL_T40_SOC25,hierarchical_power_fallback,0.94999999999999996,5,6,,unavailable_finite_sample_full_physical_range,unavailable,insufficient_same_route_calibration,,,,,
exhaustive_six_of_ten_partition,partition_119_54914b933b0d,,NAUMANN_CAL_T40_SOC50,hierarchical_power_fallback,0.94999999999999996,5,6,,unavailable_finite_sample_full_physical_range,unavailable,insufficient_same_route_calibration,,,,,
exhaustive_six_of_ten_partition,partition_120_3d9baa460074,,NAUMANN_CAL_T40_SOC0,hierarchical_activation_residual,0.80000000000000004,1,2,,unavailable_finite_sample_full_physical_range,unavailable,insufficient_same_route_calibration,,,,,
exhaustive_six_of_ten_partition,partition_120_3d9baa460074,,NAUMANN_CAL_T40_SOC0,hierarchical_activation_residual,0.90000000000000002,1,2,,unavailable_finite_sample_full_physical_range,unavailable,insufficient_same_route_calibration,,,,,
exhaustive_six_of_ten_partition,partition_120_3d9baa460074,,NAUMANN_CAL_T40_SOC0,hierarchical_activation_residual,0.94999999999999996,1,2,,unavailable_finite_sample_full_physical_range,unavailable,insufficient_same_route_calibration,,,,,
exhaustive_six_of_ten_partition,partition_120_3d9baa460074,,NAUMANN_CAL_T40_SOC100,hierarchical_power_fallback,0.80000000000000004,5,5,2.1698424743004083,finite_order_statistic,available,none,True,1,1.4242933532746951,2.2673997803693737,1.4242933532746951
exhaustive_six_of_ten_partition,partition_120_3d9baa460074,,NAUMANN_CAL_T40_SOC25,hierarchical_power_fallback,0.80000000000000004,5,5,2.1698424743004083,finite_order_statistic,available,none,True,1,2.2106892511167611,4.1087384001945395,2.2106892511167611
exhaustive_six_of_ten_partition,partition_120_3d9baa460074,,NAUMANN_CAL_T40_SOC37.5,hierarchical_power_fallback,0.80000000000000004,5,5,2.1698424743004083,finite_order_statistic,available,none,True,1,1.9346642885590211,3.4427051368367643,1.9346642885590211
exhaustive_six_of_ten_partition,partition_120_3d9baa460074,,NAUMANN_CAL_T40_SOC100,hierarchical_power_fallback,0.90000000000000002,5,6,,unavailable_finite_sample_full_physical_range,unavailable,insufficient_same_route_calibration,,,,,
exhaustive_six_of_ten_partition,partition_120_3d9baa460074,,NAUMANN_CAL_T40_SOC25,hierarchical_power_fallback,0.90000000000000002,5,6,,unavailable_finite_sample_full_physical_range,unavailable,insufficient_same_route_calibration,,,,,
exhaustive_six_of_ten_partition,partition_120_3d9baa460074,,NAUMANN_CAL_T40_SOC37.5,hierarchical_power_fallback,0.90000000000000002,5,6,,unavailable_finite_sample_full_physical_range,unavailable,insufficient_same_route_calibration,,,,,
exhaustive_six_of_ten_partition,partition_120_3d9baa460074,,NAUMANN_CAL_T40_SOC100,hierarchical_power_fallback,0.94999999999999996,5,6,,unavailable_finite_sample_full_physical_range,unavailable,insufficient_same_route_calibration,,,,,
exhaustive_six_of_ten_partition,partition_120_3d9baa460074,,NAUMANN_CAL_T40_SOC25,hierarchical_power_fallback,0.94999999999999996,5,6,,unavailable_finite_sample_full_physical_range,unavailable,insufficient_same_route_calibration,,,,,
exhaustive_six_of_ten_partition,partition_120_3d9baa460074,,NAUMANN_CAL_T40_SOC37.5,hierarchical_power_fallback,0.94999999999999996,5,6,,unavailable_finite_sample_full_physical_range,unavailable,insufficient_same_route_calibration,,,,,
exhaustive_six_of_ten_partition,partition_121_61a3857f3390,,NAUMANN_CAL_T40_SOC0,hierarchical_activation_residual,0.80000000000000004,0,1,,unavailable_no_same_route_calibration,unavailable,insufficient_same_route_calibration,,,,,
exhaustive_six_of_ten_partition,partition_121_61a3857f3390,,NAUMANN_CAL_T40_SOC12.5,hierarchical_activation_residual,0.80000000000000004,0,1,,unavailable_no_same_route_calibration,unavailable,insufficient_same_route_calibration,,,,,
exhaustive_six_of_ten_partition,partition_121_61a3857f3390,,NAUMANN_CAL_T40_SOC0,hierarchical_activation_residual,0.90000000000000002,0,1,,unavailable_no_same_route_calibration,unavailable,insufficient_same_route_calibration,,,,,
exhaustive_six_of_ten_partition,partition_121_61a3857f3390,,NAUMANN_CAL_T40_SOC12.5,hierarchical_activation_residual,0.90000000000000002,0,1,,unavailable_no_same_route_calibration,unavailable,insufficient_same_route_calibration,,,,,
exhaustive_six_of_ten_partition,partition_121_61a3857f3390,,NAUMANN_CAL_T40_SOC0,hierarchical_activation_residual,0.94999999999999996,0,1,,unavailable_no_same_route_calibration,unavailable,insufficient_same_route_calibration,,,,,
exhaustive_six_of_ten_partition,partition_121_61a3857f3390,,NAUMANN_CAL_T40_SOC12.5,hierarchical_activation_residual,0.94999999999999996,0,1,,unavailable_no_same_route_calibration,unavailable,insufficient_same_route_calibration,,,,,
exhaustive_six_of_ten_partition,partition_121_61a3857f3390,,NAUMANN_CAL_T40_SOC100,hierarchical_power_fallback,0.80000000000000004,6,6,2.1698424743004083,finite_order_statistic,available,none,True,1,1.4242933532746951,2.2673997803693737,1.4242933532746951
exhaustive_six_of_ten_partition,partition_121_61a3857f3390,,NAUMANN_CAL_T40_SOC87.5,hierarchical_power_fallback,0.80000000000000004,6,6,2.1698424743004083,finite_order_statistic,available,none,True,1,1.3456714355048427,2.0932907277718584,1.3456714355048427
exhaustive_six_of_ten_partition,partition_121_61a3857f3390,,NAUMANN_CAL_T40_SOC100,hierarchical_power_fallback,0.90000000000000002,6,7,,unavailable_finite_sample_full_physical_range,unavailable,insufficient_same_route_calibration,,,,,
exhaustive_six_of_ten_partition,partition_121_61a3857f3390,,NAUMANN_CAL_T40_SOC87.5,hierarchical_power_fallback,0.90000000000000002,6,7,,unavailable_finite_sample_full_physical_range,unavailable,insufficient_same_route_calibration,,,,,
exhaustive_six_of_ten_partition,partition_121_61a3857f3390,,NAUMANN_CAL_T40_SOC100,hierarchical_power_fallback,0.94999999999999996,6,7,,unavailable_finite_sample_full_physical_range,unavailable,insufficient_same_route_calibration,,,,,
exhaustive_six_of_ten_partition,partition_121_61a3857f3390,,NAUMANN_CAL_T40_SOC87.5,hierarchical_power_fallback,0.94999999999999996,6,7,,unavailable_finite_sample_full_physical_range,unavailable,insufficient_same_route_calibration,,,,,
exhaustive_six_of_ten_partition,partition_122_d3f4ace0ebe7,,NAUMANN_CAL_T40_SOC0,hierarchical_activation_residual,0.80000000000000004,0,1,,unavailable_no_same_route_calibration,unavailable,insufficient_same_route_calibration,,,,,
exhaustive_six_of_ten_partition,partition_122_d3f4ace0ebe7,,NAUMANN_CAL_T40_SOC12.5,hierarchical_activation_residual,0.80000000000000004,0,1,,unavailable_no_same_route_calibration,unavailable,insufficient_same_route_calibration,,,,,
exhaustive_six_of_ten_partition,partition_122_d3f4ace0ebe7,,NAUMANN_CAL_T40_SOC0,hierarchical_activation_residual,0.90000000000000002,0,1,,unavailable_no_same_route_calibration,unavailable,insufficient_same_route_calibration,,,,,
exhaustive_six_of_ten_partition,partition_122_d3f4ace0ebe7,,NAUMANN_CAL_T40_SOC12.5,hierarchical_activation_residual,0.90000000000000002,0,1,,unavailable_no_same_route_calibration,unavailable,insufficient_same_route_calibration,,,,,
exhaustive_six_of_ten_partition,partition_122_d3f4ace0ebe7,,NAUMANN_CAL_T40_SOC0,hierarchical_activation_residual,0.94999999999999996,0,1,,unavailable_no_same_route_calibration,unavailable,insufficient_same_route_calibration,,,,,
exhaustive_six_of_ten_partition,partition_122_d3f4ace0ebe7,,NAUMANN_CAL_T40_SOC12.5,hierarchical_activation_residual,0.94999999999999996,0,1,,unavailable_no_same_route_calibration,unavailable,insufficient_same_route_calibration,,,,,
exhaustive_six_of_ten_partition,partition_122_d3f4ace0ebe7,,NAUMANN_CAL_T40_SOC100,hierarchical_power_fallback,0.80000000000000004,6,6,2.1698424743004083,finite_order_statistic,available,none,True,1,1.4242933532746951,2.2673997803693737,1.4242933532746951
exhaustive_six_of_ten_partition,partition_122_d3f4ace0ebe7,,NAUMANN_CAL_T40_SOC75,hierarchical_power_fallback,0.80000000000000004,6,6,2.1698424743004083,finite_order_statistic,available,none,True,1,1.3720864256784864,2.1520129956726066,1.3720864256784864
exhaustive_six_of_ten_partition,partition_122_d3f4ace0ebe7,,NAUMANN_CAL_T40_SOC100,hierarchical_power_fallback,0.90000000000000002,6,7,,unavailable_finite_sample_full_physical_range,unavailable,insufficient_same_route_calibration,,,,,
exhaustive_six_of_ten_partition,partition_122_d3f4ace0ebe7,,NAUMANN_CAL_T40_SOC75,hierarchical_power_fallback,0.90000000000000002,6,7,,unavailable_finite_sample_full_physical_range,unavailable,insufficient_same_route_calibration,,,,,
exhaustive_six_of_ten_partition,partition_122_d3f4ace0ebe7,,NAUMANN_CAL_T40_SOC100,hierarchical_power_fallback,0.94999999999999996,6,7,,unavailable_finite_sample_full_physical_range,unavailable,insufficient_same_route_calibration,,,,,
exhaustive_six_of_ten_partition,partition_122_d3f4ace0ebe7,,NAUMANN_CAL_T40_SOC75,hierarchical_power_fallback,0.94999999999999996,6,7,,unavailable_finite_sample_full_physical_range,unavailable,insufficient_same_route_calibration,,,,,
exhaustive_six_of_ten_partition,partition_123_a8f4d794e84f,,NAUMANN_CAL_T40_SOC0,hierarchical_activation_residual,0.80000000000000004,0,1,,unavailable_no_same_route_calibration,unavailable,insufficient_same_route_calibration,,,,,
exhaustive_six_of_ten_partition,partition_123_a8f4d794e84f,,NAUMANN_CAL_T40_SOC12.5,hierarchical_activation_residual,0.80000000000000004,0,1,,unavailable_no_same_route_calibration,unavailable,insufficient_same_route_calibration,,,,,
exhaustive_six_of_ten_partition,partition_123_a8f4d794e84f,,NAUMANN_CAL_T40_SOC0,hierarchical_activation_residual,0.90000000000000002,0,1,,unavailable_no_same_route_calibration,unavailable,insufficient_same_route_calibration,,,,,
exhaustive_six_of_ten_partition,partition_123_a8f4d794e84f,,NAUMANN_CAL_T40_SOC12.5,hierarchical_activation_residual,0.90000000000000002,0,1,,unavailable_no_same_route_calibration,unavailable,insufficient_same_route_calibration,,,,,
exhaustive_six_of_ten_partition,partition_123_a8f4d794e84f,,NAUMANN_CAL_T40_SOC0,hierarchical_activation_residual,0.94999999999999996,0,1,,unavailable_no_same_route_calibration,unavailable,insufficient_same_route_calibration,,,,,
exhaustive_six_of_ten_partition,partition_123_a8f4d794e84f,,NAUMANN_CAL_T40_SOC12.5,hierarchical_activation_residual,0.94999999999999996,0,1,,unavailable_no_same_route_calibration,unavailable,insufficient_same_route_calibration,,,,,
exhaustive_six_of_ten_partition,partition_123_a8f4d794e84f,,NAUMANN_CAL_T40_SOC100,hierarchical_power_fallback,0.80000000000000004,6,6,2.1698424743004083,finite_order_statistic,available,none,True,1,1.4242933532746951,2.2673997803693737,1.4242933532746951
exhaustive_six_of_ten_partition,partition_123_a8f4d794e84f,,NAUMANN_CAL_T40_SOC62.5,hierarchical_power_fallback,0.80000000000000004,6,6,2.1698424743004083,finite_order_statistic,available,none,True,1,1.7721164814876715,3.0610265608058569,1.7721164814876715
exhaustive_six_of_ten_partition,partition_123_a8f4d794e84f,,NAUMANN_CAL_T40_SOC100,hierarchical_power_fallback,0.90000000000000002,6,7,,unavailable_finite_sample_full_physical_range,unavailable,insufficient_same_route_calibration,,,,,
exhaustive_six_of_ten_partition,partition_123_a8f4d794e84f,,NAUMANN_CAL_T40_SOC62.5,hierarchical_power_fallback,0.90000000000000002,6,7,,unavailable_finite_sample_full_physical_range,unavailable,insufficient_same_route_calibration,,,,,
exhaustive_six_of_ten_partition,partition_123_a8f4d794e84f,,NAUMANN_CAL_T40_SOC100,hierarchical_power_fallback,0.94999999999999996,6,7,,unavailable_finite_sample_full_physical_range,unavailable,insufficient_same_route_calibration,,,,,
exhaustive_six_of_ten_partition,partition_123_a8f4d794e84f,,NAUMANN_CAL_T40_SOC62.5,hierarchical_power_fallback,0.94999999999999996,6,7,,unavailable_finite_sample_full_physical_range,unavailable,insufficient_same_route_calibration,,,,,
exhaustive_six_of_ten_partition,partition_124_64d34ab7bae7,,NAUMANN_CAL_T40_SOC0,hierarchical_activation_residual,0.80000000000000004,0,1,,unavailable_no_same_route_calibration,unavailable,insufficient_same_route_calibration,,,,,
exhaustive_six_of_ten_partition,partition_124_64d34ab7bae7,,NAUMANN_CAL_T40_SOC12.5,hierarchical_activation_residual,0.80000000000000004,0,1,,unavailable_no_same_route_calibration,unavailable,insufficient_same_route_calibration,,,,,
exhaustive_six_of_ten_partition,partition_124_64d34ab7bae7,,NAUMANN_CAL_T40_SOC0,hierarchical_activation_residual,0.90000000000000002,0,1,,unavailable_no_same_route_calibration,unavailable,insufficient_same_route_calibration,,,,,
exhaustive_six_of_ten_partition,partition_124_64d34ab7bae7,,NAUMANN_CAL_T40_SOC12.5,hierarchical_activation_residual,0.90000000000000002,0,1,,unavailable_no_same_route_calibration,unavailable,insufficient_same_route_calibration,,,,,
exhaustive_six_of_ten_partition,partition_124_64d34ab7bae7,,NAUMANN_CAL_T40_SOC0,hierarchical_activation_residual,0.94999999999999996,0,1,,unavailable_no_same_route_calibration,unavailable,insufficient_same_route_calibration,,,,,
exhaustive_six_of_ten_partition,partition_124_64d34ab7bae7,,NAUMANN_CAL_T40_SOC12.5,hierarchical_activation_residual,0.94999999999999996,0,1,,unavailable_no_same_route_calibration,unavailable,insufficient_same_route_calibration,,,,,
exhaustive_six_of_ten_partition,partition_124_64d34ab7bae7,,NAUMANN_CAL_T40_SOC100,hierarchical_power_fallback,0.80000000000000004,6,6,1.4840726147248924,finite_order_statistic,available,none,True,1,0.97415125105391553,1.5507973323106512,0.97415125105391553
exhaustive_six_of_ten_partition,partition_124_64d34ab7bae7,,NAUMANN_CAL_T40_SOC50,hierarchical_power_fallback,0.80000000000000004,6,6,1.4840726147248924,finite_order_statistic,available,none,False,0.20000000000000001,1.5575563227100178,2.916871079971969,2.9959070847109435
exhaustive_six_of_ten_partition,partition_124_64d34ab7bae7,,NAUMANN_CAL_T40_SOC100,hierarchical_power_fallback,0.90000000000000002,6,7,,unavailable_finite_sample_full_physical_range,unavailable,insufficient_same_route_calibration,,,,,
exhaustive_six_of_ten_partition,partition_124_64d34ab7bae7,,NAUMANN_CAL_T40_SOC50,hierarchical_power_fallback,0.90000000000000002,6,7,,unavailable_finite_sample_full_physical_range,unavailable,insufficient_same_route_calibration,,,,,
exhaustive_six_of_ten_partition,partition_124_64d34ab7bae7,,NAUMANN_CAL_T40_SOC100,hierarchical_power_fallback,0.94999999999999996,6,7,,unavailable_finite_sample_full_physical_range,unavailable,insufficient_same_route_calibration,,,,,
exhaustive_six_of_ten_partition,partition_124_64d34ab7bae7,,NAUMANN_CAL_T40_SOC50,hierarchical_power_fallback,0.94999999999999996,6,7,,unavailable_finite_sample_full_physical_range,unavailable,insufficient_same_route_calibration,,,,,
exhaustive_six_of_ten_partition,partition_125_c01879e9ed11,,NAUMANN_CAL_T40_SOC0,hierarchical_activation_residual,0.80000000000000004,0,1,,unavailable_no_same_route_calibration,unavailable,insufficient_same_route_calibration,,,,,
exhaustive_six_of_ten_partition,partition_125_c01879e9ed11,,NAUMANN_CAL_T40_SOC12.5,hierarchical_activation_residual,0.80000000000000004,0,1,,unavailable_no_same_route_calibration,unavailable,insufficient_same_route_calibration,,,,,
exhaustive_six_of_ten_partition,partition_125_c01879e9ed11,,NAUMANN_CAL_T40_SOC0,hierarchical_activation_residual,0.90000000000000002,0,1,,unavailable_no_same_route_calibration,unavailable,insufficient_same_route_calibration,,,,,
exhaustive_six_of_ten_partition,partition_125_c01879e9ed11,,NAUMANN_CAL_T40_SOC12.5,hierarchical_activation_residual,0.90000000000000002,0,1,,unavailable_no_same_route_calibration,unavailable,insufficient_same_route_calibration,,,,,
exhaustive_six_of_ten_partition,partition_125_c01879e9ed11,,NAUMANN_CAL_T40_SOC0,hierarchical_activation_residual,0.94999999999999996,0,1,,unavailable_no_same_route_calibration,unavailable,insufficient_same_route_calibration,,,,,
exhaustive_six_of_ten_partition,partition_125_c01879e9ed11,,NAUMANN_CAL_T40_SOC12.5,hierarchical_activation_residual,0.94999999999999996,0,1,,unavailable_no_same_route_calibration,unavailable,insufficient_same_route_calibration,,,,,
exhaustive_six_of_ten_partition,partition_125_c01879e9ed11,,NAUMANN_CAL_T40_SOC100,hierarchical_power_fallback,0.80000000000000004,6,6,2.1698424743004083,finite_order_statistic,available,none,True,1,1.4242933532746951,2.2673997803693737,1.4242933532746951
exhaustive_six_of_ten_partition,partition_125_c01879e9ed11,,NAUMANN_CAL_T40_SOC37.5,hierarchical_power_fallback,0.80000000000000004,6,6,2.1698424743004083,finite_order_statistic,available,none,True,1,1.9346642885590211,3.4427051368367643,1.9346642885590211
exhaustive_six_of_ten_partition,partition_125_c01879e9ed11,,NAUMANN_CAL_T40_SOC100,hierarchical_power_fallback,0.90000000000000002,6,7,,unavailable_finite_sample_full_physical_range,unavailable,insufficient_same_route_calibration,,,,,
exhaustive_six_of_ten_partition,partition_125_c01879e9ed11,,NAUMANN_CAL_T40_SOC37.5,hierarchical_power_fallback,0.90000000000000002,6,7,,unavailable_finite_sample_full_physical_range,unavailable,insufficient_same_route_calibration,,,,,
exhaustive_six_of_ten_partition,partition_125_c01879e9ed11,,NAUMANN_CAL_T40_SOC100,hierarchical_power_fallback,0.94999999999999996,6,7,,unavailable_finite_sample_full_physical_range,unavailable,insufficient_same_route_calibration,,,,,
exhaustive_six_of_ten_partition,partition_125_c01879e9ed11,,NAUMANN_CAL_T40_SOC37.5,hierarchical_power_fallback,0.94999999999999996,6,7,,unavailable_finite_sample_full_physical_range,unavailable,insufficient_same_route_calibration,,,,,
exhaustive_six_of_ten_partition,partition_126_9d7b2020b7de,,NAUMANN_CAL_T40_SOC0,hierarchical_activation_residual,0.80000000000000004,0,1,,unavailable_no_same_route_calibration,unavailable,insufficient_same_route_calibration,,,,,
exhaustive_six_of_ten_partition,partition_126_9d7b2020b7de,,NAUMANN_CAL_T40_SOC12.5,hierarchical_activation_residual,0.80000000000000004,0,1,,unavailable_no_same_route_calibration,unavailable,insufficient_same_route_calibration,,,,,
exhaustive_six_of_ten_partition,partition_126_9d7b2020b7de,,NAUMANN_CAL_T40_SOC0,hierarchical_activation_residual,0.90000000000000002,0,1,,unavailable_no_same_route_calibration,unavailable,insufficient_same_route_calibration,,,,,
exhaustive_six_of_ten_partition,partition_126_9d7b2020b7de,,NAUMANN_CAL_T40_SOC12.5,hierarchical_activation_residual,0.90000000000000002,0,1,,unavailable_no_same_route_calibration,unavailable,insufficient_same_route_calibration,,,,,
exhaustive_six_of_ten_partition,partition_126_9d7b2020b7de,,NAUMANN_CAL_T40_SOC0,hierarchical_activation_residual,0.94999999999999996,0,1,,unavailable_no_same_route_calibration,unavailable,insufficient_same_route_calibration,,,,,
exhaustive_six_of_ten_partition,partition_126_9d7b2020b7de,,NAUMANN_CAL_T40_SOC12.5,hierarchical_activation_residual,0.94999999999999996,0,1,,unavailable_no_same_route_calibration,unavailable,insufficient_same_route_calibration,,,,,
exhaustive_six_of_ten_partition,partition_126_9d7b2020b7de,,NAUMANN_CAL_T40_SOC100,hierarchical_power_fallback,0.80000000000000004,6,6,2.1698424743004083,finite_order_statistic,available,none,True,1,1.4242933532746951,2.2673997803693737,1.4242933532746951
exhaustive_six_of_ten_partition,partition_126_9d7b2020b7de,,NAUMANN_CAL_T40_SOC25,hierarchical_power_fallback,0.80000000000000004,6,6,2.1698424743004083,finite_order_statistic,available,none,True,1,2.2106892511167611,4.1087384001945395,2.2106892511167611
exhaustive_six_of_ten_partition,partition_126_9d7b2020b7de,,NAUMANN_CAL_T40_SOC100,hierarchical_power_fallback,0.90000000000000002,6,7,,unavailable_finite_sample_full_physical_range,unavailable,insufficient_same_route_calibration,,,,,
exhaustive_six_of_ten_partition,partition_126_9d7b2020b7de,,NAUMANN_CAL_T40_SOC25,hierarchical_power_fallback,0.90000000000000002,6,7,,unavailable_finite_sample_full_physical_range,unavailable,insufficient_same_route_calibration,,,,,
exhaustive_six_of_ten_partition,partition_126_9d7b2020b7de,,NAUMANN_CAL_T40_SOC100,hierarchical_power_fallback,0.94999999999999996,6,7,,unavailable_finite_sample_full_physical_range,unavailable,insufficient_same_route_calibration,,,,,
exhaustive_six_of_ten_partition,partition_126_9d7b2020b7de,,NAUMANN_CAL_T40_SOC25,hierarchical_power_fallback,0.94999999999999996,6,7,,unavailable_finite_sample_full_physical_range,unavailable,insufficient_same_route_calibration,,,,,
exhaustive_six_of_ten_partition,partition_127_7b5bdb34d771,,NAUMANN_CAL_T25_SOC50,hierarchical_power_fallback,0.80000000000000004,4,4,2.1698424743004083,finite_order_statistic,available,none,True,1,2.0394604851045166,3.7068476824296397,2.0394604851045166
exhaustive_six_of_ten_partition,partition_127_7b5bdb34d771,,NAUMANN_CAL_T40_SOC62.5,hierarchical_power_fallback,0.80000000000000004,4,4,2.1698424743004083,finite_order_statistic,available,none,True,1,1.7721164814876715,3.0610265608058569,1.7721164814876715
exhaustive_six_of_ten_partition,partition_127_7b5bdb34d771,,NAUMANN_CAL_T40_SOC75,hierarchical_power_fallback,0.80000000000000004,4,4,2.1698424743004083,finite_order_statistic,available,none,True,1,1.3720864256784864,2.1520129956726066,1.3720864256784864
exhaustive_six_of_ten_partition,partition_127_7b5bdb34d771,,NAUMANN_CAL_T40_SOC87.5,hierarchical_power_fallback,0.80000000000000004,4,4,2.1698424743004083,finite_order_statistic,available,none,True,1,1.3456714355048427,2.0932907277718584,1.3456714355048427
exhaustive_six_of_ten_partition,partition_127_7b5bdb34d771,,NAUMANN_CAL_T25_SOC50,hierarchical_power_fallback,0.90000000000000002,4,5,,unavailable_finite_sample_full_physical_range,unavailable,insufficient_same_route_calibration,,,,,
exhaustive_six_of_ten_partition,partition_127_7b5bdb34d771,,NAUMANN_CAL_T40_SOC62.5,hierarchical_power_fallback,0.90000000000000002,4,5,,unavailable_finite_sample_full_physical_range,unavailable,insufficient_same_route_calibration,,,,,
exhaustive_six_of_ten_partition,partition_127_7b5bdb34d771,,NAUMANN_CAL_T40_SOC75,hierarchical_power_fallback,0.90000000000000002,4,5,,unavailable_finite_sample_full_physical_range,unavailable,insufficient_same_route_calibration,,,,,
exhaustive_six_of_ten_partition,partition_127_7b5bdb34d771,,NAUMANN_CAL_T40_SOC87.5,hierarchical_power_fallback,0.90000000000000002,4,5,,unavailable_finite_sample_full_physical_range,unavailable,insufficient_same_route_calibration,,,,,
exhaustive_six_of_ten_partition,partition_127_7b5bdb34d771,,NAUMANN_CAL_T25_SOC50,hierarchical_power_fallback,0.94999999999999996,4,5,,unavailable_finite_sample_full_physical_range,unavailable,insufficient_same_route_calibration,,,,,
exhaustive_six_of_ten_partition,partition_127_7b5bdb34d771,,NAUMANN_CAL_T40_SOC62.5,hierarchical_power_fallback,0.94999999999999996,4,5,,unavailable_finite_sample_full_physical_range,unavailable,insufficient_same_route_calibration,,,,,
exhaustive_six_of_ten_partition,partition_127_7b5bdb34d771,,NAUMANN_CAL_T40_SOC75,hierarchical_power_fallback,0.94999999999999996,4,5,,unavailable_finite_sample_full_physical_range,unavailable,insufficient_same_route_calibration,,,,,
exhaustive_six_of_ten_partition,partition_127_7b5bdb34d771,,NAUMANN_CAL_T40_SOC87.5,hierarchical_power_fallback,0.94999999999999996,4,5,,unavailable_finite_sample_full_physical_range,unavailable,insufficient_same_route_calibration,,,,,
exhaustive_six_of_ten_partition,partition_128_d87d21e1e58f,,NAUMANN_CAL_T25_SOC50,hierarchical_power_fallback,0.80000000000000004,4,4,1.3884373131471051,finite_order_statistic,available,none,False,0.95999999999999996,1.3050085753903307,2.3719351507752151,1.3174491974477336
exhaustive_six_of_ten_partition,partition_128_d87d21e1e58f,,NAUMANN_CAL_T40_SOC50,hierarchical_power_fallback,0.80000000000000004,4,4,1.3884373131471051,finite_order_statistic,available,none,False,0.12,1.4571856486817967,2.7289046404400494,3.3653138692471871
exhaustive_six_of_ten_partition,partition_128_d87d21e1e58f,,NAUMANN_CAL_T40_SOC75,hierarchical_power_fallback,0.80000000000000004,4,4,1.3884373131471051,finite_order_statistic,available,none,True,1,0.8779697203083231,1.3770285986003046,0.8779697203083231
exhaustive_six_of_ten_partition,partition_128_d87d21e1e58f,,NAUMANN_CAL_T40_SOC87.5,hierarchical_power_fallback,0.80000000000000004,4,4,1.3884373131471051,finite_order_statistic,available,none,True,1,0.86106731452639229,1.3394534341209976,0.86106731452639229
exhaustive_six_of_ten_partition,partition_128_d87d21e1e58f,,NAUMANN_CAL_T25_SOC50,hierarchical_power_fallback,0.90000000000000002,4,5,,unavailable_finite_sample_full_physical_range,unavailable,insufficient_same_route_calibration,,,,,
exhaustive_six_of_ten_partition,partition_128_d87d21e1e58f,,NAUMANN_CAL_T40_SOC50,hierarchical_power_fallback,0.90000000000000002,4,5,,unavailable_finite_sample_full_physical_range,unavailable,insufficient_same_route_calibration,,,,,
exhaustive_six_of_ten_partition,partition_128_d87d21e1e58f,,NAUMANN_CAL_T40_SOC75,hierarchical_power_fallback,0.90000000000000002,4,5,,unavailable_finite_sample_full_physical_range,unavailable,insufficient_same_route_calibration,,,,,
exhaustive_six_of_ten_partition,partition_128_d87d21e1e58f,,NAUMANN_CAL_T40_SOC87.5,hierarchical_power_fallback,0.90000000000000002,4,5,,unavailable_finite_sample_full_physical_range,unavailable,insufficient_same_route_calibration,,,,,
exhaustive_six_of_ten_partition,partition_128_d87d21e1e58f,,NAUMANN_CAL_T25_SOC50,hierarchical_power_fallback,0.94999999999999996,4,5,,unavailable_finite_sample_full_physical_range,unavailable,insufficient_same_route_calibration,,,,,
exhaustive_six_of_ten_partition,partition_128_d87d21e1e58f,,NAUMANN_CAL_T40_SOC50,hierarchical_power_fallback,0.94999999999999996,4,5,,unavailable_finite_sample_full_physical_range,unavailable,insufficient_same_route_calibration,,,,,
exhaustive_six_of_ten_partition,partition_128_d87d21e1e58f,,NAUMANN_CAL_T40_SOC75,hierarchical_power_fallback,0.94999999999999996,4,5,,unavailable_finite_sample_full_physical_range,unavailable,insufficient_same_route_calibration,,,,,
exhaustive_six_of_ten_partition,partition_128_d87d21e1e58f,,NAUMANN_CAL_T40_SOC87.5,hierarchical_power_fallback,0.94999999999999996,4,5,,unavailable_finite_sample_full_physical_range,unavailable,insufficient_same_route_calibration,,,,,
exhaustive_six_of_ten_partition,partition_129_1e37d8f0c273,,NAUMANN_CAL_T25_SOC50,hierarchical_power_fallback,0.80000000000000004,4,4,1.3884373131471051,finite_order_statistic,available,none,False,0.95999999999999996,1.3050085753903307,2.3719351507752151,1.3174491974477336
exhaustive_six_of_ten_partition,partition_129_1e37d8f0c273,,NAUMANN_CAL_T40_SOC50,hierarchical_power_fallback,0.80000000000000004,4,4,1.3884373131471051,finite_order_statistic,available,none,False,0.12,1.4571856486817967,2.7289046404400494,3.3653138692471871
exhaustive_six_of_ten_partition,partition_129_1e37d8f0c273,,NAUMANN_CAL_T40_SOC62.5,hierarchical_power_fallback,0.80000000000000004,4,4,1.3884373131471051,finite_order_statistic,available,none,True,1,1.1339406778520822,1.9586875747408783,1.1339406778520822
exhaustive_six_of_ten_partition,partition_129_1e37d8f0c273,,NAUMANN_CAL_T40_SOC87.5,hierarchical_power_fallback,0.80000000000000004,4,4,1.3884373131471051,finite_order_statistic,available,none,True,1,0.86106731452639229,1.3394534341209976,0.86106731452639229
exhaustive_six_of_ten_partition,partition_129_1e37d8f0c273,,NAUMANN_CAL_T25_SOC50,hierarchical_power_fallback,0.90000000000000002,4,5,,unavailable_finite_sample_full_physical_range,unavailable,insufficient_same_route_calibration,,,,,
exhaustive_six_of_ten_partition,partition_129_1e37d8f0c273,,NAUMANN_CAL_T40_SOC50,hierarchical_power_fallback,0.90000000000000002,4,5,,unavailable_finite_sample_full_physical_range,unavailable,insufficient_same_route_calibration,,,,,
exhaustive_six_of_ten_partition,partition_129_1e37d8f0c273,,NAUMANN_CAL_T40_SOC62.5,hierarchical_power_fallback,0.90000000000000002,4,5,,unavailable_finite_sample_full_physical_range,unavailable,insufficient_same_route_calibration,,,,,
exhaustive_six_of_ten_partition,partition_129_1e37d8f0c273,,NAUMANN_CAL_T40_SOC87.5,hierarchical_power_fallback,0.90000000000000002,4,5,,unavailable_finite_sample_full_physical_range,unavailable,insufficient_same_route_calibration,,,,,
exhaustive_six_of_ten_partition,partition_129_1e37d8f0c273,,NAUMANN_CAL_T25_SOC50,hierarchical_power_fallback,0.94999999999999996,4,5,,unavailable_finite_sample_full_physical_range,unavailable,insufficient_same_route_calibration,,,,,
exhaustive_six_of_ten_partition,partition_129_1e37d8f0c273,,NAUMANN_CAL_T40_SOC50,hierarchical_power_fallback,0.94999999999999996,4,5,,unavailable_finite_sample_full_physical_range,unavailable,insufficient_same_route_calibration,,,,,
exhaustive_six_of_ten_partition,partition_129_1e37d8f0c273,,NAUMANN_CAL_T40_SOC62.5,hierarchical_power_fallback,0.94999999999999996,4,5,,unavailable_finite_sample_full_physical_range,unavailable,insufficient_same_route_calibration,,,,,
exhaustive_six_of_ten_partition,partition_129_1e37d8f0c273,,NAUMANN_CAL_T40_SOC87.5,hierarchical_power_fallback,0.94999999999999996,4,5,,unavailable_finite_sample_full_physical_range,unavailable,insufficient_same_route_calibration,,,,,
exhaustive_six_of_ten_partition,partition_130_59fc6162ca9b,,NAUMANN_CAL_T25_SOC50,hierarchical_power_fallback,0.80000000000000004,4,4,1.3884373131471051,finite_order_statistic,available,none,False,0.95999999999999996,1.3050085753903307,2.3719351507752151,1.3174491974477336
exhaustive_six_of_ten_partition,partition_130_59fc6162ca9b,,NAUMANN_CAL_T40_SOC50,hierarchical_power_fallback,0.80000000000000004,4,4,1.3884373131471051,finite_order_statistic,available,none,False,0.12,1.4571856486817967,2.7289046404400494,3.3653138692471871
exhaustive_six_of_ten_partition,partition_130_59fc6162ca9b,,NAUMANN_CAL_T40_SOC62.5,hierarchical_power_fallback,0.80000000000000004,4,4,1.3884373131471051,finite_order_statistic,available,none,True,1,1.1339406778520822,1.9586875747408783,1.1339406778520822
exhaustive_six_of_ten_partition,partition_130_59fc6162ca9b,,NAUMANN_CAL_T40_SOC75,hierarchical_power_fallback,0.80000000000000004,4,4,1.3884373131471051,finite_order_statistic,available,none,True,1,0.8779697203083231,1.3770285986003046,0.8779697203083231
exhaustive_six_of_ten_partition,partition_130_59fc6162ca9b,,NAUMANN_CAL_T25_SOC50,hierarchical_power_fallback,0.90000000000000002,4,5,,unavailable_finite_sample_full_physical_range,unavailable,insufficient_same_route_calibration,,,,,
exhaustive_six_of_ten_partition,partition_130_59fc6162ca9b,,NAUMANN_CAL_T40_SOC50,hierarchical_power_fallback,0.90000000000000002,4,5,,unavailable_finite_sample_full_physical_range,unavailable,insufficient_same_route_calibration,,,,,
exhaustive_six_of_ten_partition,partition_130_59fc6162ca9b,,NAUMANN_CAL_T40_SOC62.5,hierarchical_power_fallback,0.90000000000000002,4,5,,unavailable_finite_sample_full_physical_range,unavailable,insufficient_same_route_calibration,,,,,
exhaustive_six_of_ten_partition,partition_130_59fc6162ca9b,,NAUMANN_CAL_T40_SOC75,hierarchical_power_fallback,0.90000000000000002,4,5,,unavailable_finite_sample_full_physical_range,unavailable,insufficient_same_route_calibration,,,,,
exhaustive_six_of_ten_partition,partition_130_59fc6162ca9b,,NAUMANN_CAL_T25_SOC50,hierarchical_power_fallback,0.94999999999999996,4,5,,unavailable_finite_sample_full_physical_range,unavailable,insufficient_same_route_calibration,,,,,
exhaustive_six_of_ten_partition,partition_130_59fc6162ca9b,,NAUMANN_CAL_T40_SOC50,hierarchical_power_fallback,0.94999999999999996,4,5,,unavailable_finite_sample_full_physical_range,unavailable,insufficient_same_route_calibration,,,,,
exhaustive_six_of_ten_partition,partition_130_59fc6162ca9b,,NAUMANN_CAL_T40_SOC62.5,hierarchical_power_fallback,0.94999999999999996,4,5,,unavailable_finite_sample_full_physical_range,unavailable,insufficient_same_route_calibration,,,,,
exhaustive_six_of_ten_partition,partition_130_59fc6162ca9b,,NAUMANN_CAL_T40_SOC75,hierarchical_power_fallback,0.94999999999999996,4,5,,unavailable_finite_sample_full_physical_range,unavailable,insufficient_same_route_calibration,,,,,
exhaustive_six_of_ten_partition,partition_131_e6a298aea7bd,,NAUMANN_CAL_T25_SOC50,hierarchical_power_fallback,0.80000000000000004,4,4,2.1698424743004083,finite_order_statistic,available,none,True,1,2.0394604851045166,3.7068476824296397,2.0394604851045166
exhaustive_six_of_ten_partition,partition_131_e6a298aea7bd,,NAUMANN_CAL_T40_SOC37.5,hierarchical_power_fallback,0.80000000000000004,4,4,2.1698424743004083,finite_order_statistic,available,none,True,1,1.9346642885590211,3.4427051368367643,1.9346642885590211
exhaustive_six_of_ten_partition,partition_131_e6a298aea7bd,,NAUMANN_CAL_T40_SOC75,hierarchical_power_fallback,0.80000000000000004,4,4,2.1698424743004083,finite_order_statistic,available,none,True,1,1.3720864256784864,2.1520129956726066,1.3720864256784864
exhaustive_six_of_ten_partition,partition_131_e6a298aea7bd,,NAUMANN_CAL_T40_SOC87.5,hierarchical_power_fallback,0.80000000000000004,4,4,2.1698424743004083,finite_order_statistic,available,none,True,1,1.3456714355048427,2.0932907277718584,1.3456714355048427
exhaustive_six_of_ten_partition,partition_131_e6a298aea7bd,,NAUMANN_CAL_T25_SOC50,hierarchical_power_fallback,0.90000000000000002,4,5,,unavailable_finite_sample_full_physical_range,unavailable,insufficient_same_route_calibration,,,,,
exhaustive_six_of_ten_partition,partition_131_e6a298aea7bd,,NAUMANN_CAL_T40_SOC37.5,hierarchical_power_fallback,0.90000000000000002,4,5,,unavailable_finite_sample_full_physical_range,unavailable,insufficient_same_route_calibration,,,,,
exhaustive_six_of_ten_partition,partition_131_e6a298aea7bd,,NAUMANN_CAL_T40_SOC75,hierarchical_power_fallback,0.90000000000000002,4,5,,unavailable_finite_sample_full_physical_range,unavailable,insufficient_same_route_calibration,,,,,
exhaustive_six_of_ten_partition,partition_131_e6a298aea7bd,,NAUMANN_CAL_T40_SOC87.5,hierarchical_power_fallback,0.90000000000000002,4,5,,unavailable_finite_sample_full_physical_range,unavailable,insufficient_same_route_calibration,,,,,
exhaustive_six_of_ten_partition,partition_131_e6a298aea7bd,,NAUMANN_CAL_T25_SOC50,hierarchical_power_fallback,0.94999999999999996,4,5,,unavailable_finite_sample_full_physical_range,unavailable,insufficient_same_route_calibration,,,,,
exhaustive_six_of_ten_partition,partition_131_e6a298aea7bd,,NAUMANN_CAL_T40_SOC37.5,hierarchical_power_fallback,0.94999999999999996,4,5,,unavailable_finite_sample_full_physical_range,unavailable,insufficient_same_route_calibration,,,,,
exhaustive_six_of_ten_partition,partition_131_e6a298aea7bd,,NAUMANN_CAL_T40_SOC75,hierarchical_power_fallback,0.94999999999999996,4,5,,unavailable_finite_sample_full_physical_range,unavailable,insufficient_same_route_calibration,,,,,
exhaustive_six_of_ten_partition,partition_131_e6a298aea7bd,,NAUMANN_CAL_T40_SOC87.5,hierarchical_power_fallback,0.94999999999999996,4,5,,unavailable_finite_sample_full_physical_range,unavailable,insufficient_same_route_calibration,,,,,
exhaustive_six_of_ten_partition,partition_132_cd838441716e,,NAUMANN_CAL_T25_SOC50,hierarchical_power_fallback,0.80000000000000004,4,4,2.1698424743004083,finite_order_statistic,available,none,True,1,2.0394604851045166,3.7068476824296397,2.0394604851045166
exhaustive_six_of_ten_partition,partition_132_cd838441716e,,NAUMANN_CAL_T40_SOC37.5,hierarchical_power_fallback,0.80000000000000004,4,4,2.1698424743004083,finite_order_statistic,available,none,True,1,1.9346642885590211,3.4427051368367643,1.9346642885590211
exhaustive_six_of_ten_partition,partition_132_cd838441716e,,NAUMANN_CAL_T40_SOC62.5,hierarchical_power_fallback,0.80000000000000004,4,4,2.1698424743004083,finite_order_statistic,available,none,True,1,1.7721164814876715,3.0610265608058569,1.7721164814876715
exhaustive_six_of_ten_partition,partition_132_cd838441716e,,NAUMANN_CAL_T40_SOC87.5,hierarchical_power_fallback,0.80000000000000004,4,4,2.1698424743004083,finite_order_statistic,available,none,True,1,1.3456714355048427,2.0932907277718584,1.3456714355048427
exhaustive_six_of_ten_partition,partition_132_cd838441716e,,NAUMANN_CAL_T25_SOC50,hierarchical_power_fallback,0.90000000000000002,4,5,,unavailable_finite_sample_full_physical_range,unavailable,insufficient_same_route_calibration,,,,,
exhaustive_six_of_ten_partition,partition_132_cd838441716e,,NAUMANN_CAL_T40_SOC37.5,hierarchical_power_fallback,0.90000000000000002,4,5,,unavailable_finite_sample_full_physical_range,unavailable,insufficient_same_route_calibration,,,,,
exhaustive_six_of_ten_partition,partition_132_cd838441716e,,NAUMANN_CAL_T40_SOC62.5,hierarchical_power_fallback,0.90000000000000002,4,5,,unavailable_finite_sample_full_physical_range,unavailable,insufficient_same_route_calibration,,,,,
exhaustive_six_of_ten_partition,partition_132_cd838441716e,,NAUMANN_CAL_T40_SOC87.5,hierarchical_power_fallback,0.90000000000000002,4,5,,unavailable_finite_sample_full_physical_range,unavailable,insufficient_same_route_calibration,,,,,
exhaustive_six_of_ten_partition,partition_132_cd838441716e,,NAUMANN_CAL_T25_SOC50,hierarchical_power_fallback,0.94999999999999996,4,5,,unavailable_finite_sample_full_physical_range,unavailable,insufficient_same_route_calibration,,,,,
exhaustive_six_of_ten_partition,partition_132_cd838441716e,,NAUMANN_CAL_T40_SOC37.5,hierarchical_power_fallback,0.94999999999999996,4,5,,unavailable_finite_sample_full_physical_range,unavailable,insufficient_same_route_calibration,,,,,
exhaustive_six_of_ten_partition,partition_132_cd838441716e,,NAUMANN_CAL_T40_SOC62.5,hierarchical_power_fallback,0.94999999999999996,4,5,,unavailable_finite_sample_full_physical_range,unavailable,insufficient_same_route_calibration,,,,,
exhaustive_six_of_ten_partition,partition_132_cd838441716e,,NAUMANN_CAL_T40_SOC87.5,hierarchical_power_fallback,0.94999999999999996,4,5,,unavailable_finite_sample_full_physical_range,unavailable,insufficient_same_route_calibration,,,,,
exhaustive_six_of_ten_partition,partition_133_8bfaf93c76c5,,NAUMANN_CAL_T25_SOC50,hierarchical_power_fallback,0.80000000000000004,4,4,2.1698424743004083,finite_order_statistic,available,none,True,1,2.0394604851045166,3.7068476824296397,2.0394604851045166
exhaustive_six_of_ten_partition,partition_133_8bfaf93c76c5,,NAUMANN_CAL_T40_SOC37.5,hierarchical_power_fallback,0.80000000000000004,4,4,2.1698424743004083,finite_order_statistic,available,none,True,1,1.9346642885590211,3.4427051368367643,1.9346642885590211
exhaustive_six_of_ten_partition,partition_133_8bfaf93c76c5,,NAUMANN_CAL_T40_SOC62.5,hierarchical_power_fallback,0.80000000000000004,4,4,2.1698424743004083,finite_order_statistic,available,none,True,1,1.7721164814876715,3.0610265608058569,1.7721164814876715
exhaustive_six_of_ten_partition,partition_133_8bfaf93c76c5,,NAUMANN_CAL_T40_SOC75,hierarchical_power_fallback,0.80000000000000004,4,4,2.1698424743004083,finite_order_statistic,available,none,True,1,1.3720864256784864,2.1520129956726066,1.3720864256784864
exhaustive_six_of_ten_partition,partition_133_8bfaf93c76c5,,NAUMANN_CAL_T25_SOC50,hierarchical_power_fallback,0.90000000000000002,4,5,,unavailable_finite_sample_full_physical_range,unavailable,insufficient_same_route_calibration,,,,,
exhaustive_six_of_ten_partition,partition_133_8bfaf93c76c5,,NAUMANN_CAL_T40_SOC37.5,hierarchical_power_fallback,0.90000000000000002,4,5,,unavailable_finite_sample_full_physical_range,unavailable,insufficient_same_route_calibration,,,,,
exhaustive_six_of_ten_partition,partition_133_8bfaf93c76c5,,NAUMANN_CAL_T40_SOC62.5,hierarchical_power_fallback,0.90000000000000002,4,5,,unavailable_finite_sample_full_physical_range,unavailable,insufficient_same_route_calibration,,,,,
exhaustive_six_of_ten_partition,partition_133_8bfaf93c76c5,,NAUMANN_CAL_T40_SOC75,hierarchical_power_fallback,0.90000000000000002,4,5,,unavailable_finite_sample_full_physical_range,unavailable,insufficient_same_route_calibration,,,,,
exhaustive_six_of_ten_partition,partition_133_8bfaf93c76c5,,NAUMANN_CAL_T25_SOC50,hierarchical_power_fallback,0.94999999999999996,4,5,,unavailable_finite_sample_full_physical_range,unavailable,insufficient_same_route_calibration,,,,,
exhaustive_six_of_ten_partition,partition_133_8bfaf93c76c5,,NAUMANN_CAL_T40_SOC37.5,hierarchical_power_fallback,0.94999999999999996,4,5,,unavailable_finite_sample_full_physical_range,unavailable,insufficient_same_route_calibration,,,,,
exhaustive_six_of_ten_partition,partition_133_8bfaf93c76c5,,NAUMANN_CAL_T40_SOC62.5,hierarchical_power_fallback,0.94999999999999996,4,5,,unavailable_finite_sample_full_physical_range,unavailable,insufficient_same_route_calibration,,,,,
exhaustive_six_of_ten_partition,partition_133_8bfaf93c76c5,,NAUMANN_CAL_T40_SOC75,hierarchical_power_fallback,0.94999999999999996,4,5,,unavailable_finite_sample_full_physical_range,unavailable,insufficient_same_route_calibration,,,,,
exhaustive_six_of_ten_partition,partition_134_7894a50e20f6,,NAUMANN_CAL_T25_SOC50,hierarchical_power_fallback,0.80000000000000004,4,4,1.3884373131471051,finite_order_statistic,available,none,False,0.95999999999999996,1.3050085753903307,2.3719351507752151,1.3174491974477336
exhaustive_six_of_ten_partition,partition_134_7894a50e20f6,,NAUMANN_CAL_T40_SOC37.5,hierarchical_power_fallback,0.80000000000000004,4,4,1.3884373131471051,finite_order_statistic,available,none,True,1,1.2379516570734472,2.2029157999999427,1.2379516570734472
exhaustive_six_of_ten_partition,partition_134_7894a50e20f6,,NAUMANN_CAL_T40_SOC50,hierarchical_power_fallback,0.80000000000000004,4,4,1.3884373131471051,finite_order_statistic,available,none,False,0.12,1.4571856486817967,2.7289046404400494,3.3653138692471871
exhaustive_six_of_ten_partition,partition_134_7894a50e20f6,,NAUMANN_CAL_T40_SOC87.5,hierarchical_power_fallback,0.80000000000000004,4,4,1.3884373131471051,finite_order_statistic,available,none,True,1,0.86106731452639229,1.3394534341209976,0.86106731452639229
exhaustive_six_of_ten_partition,partition_134_7894a50e20f6,,NAUMANN_CAL_T25_SOC50,hierarchical_power_fallback,0.90000000000000002,4,5,,unavailable_finite_sample_full_physical_range,unavailable,insufficient_same_route_calibration,,,,,
exhaustive_six_of_ten_partition,partition_134_7894a50e20f6,,NAUMANN_CAL_T40_SOC37.5,hierarchical_power_fallback,0.90000000000000002,4,5,,unavailable_finite_sample_full_physical_range,unavailable,insufficient_same_route_calibration,,,,,
exhaustive_six_of_ten_partition,partition_134_7894a50e20f6,,NAUMANN_CAL_T40_SOC50,hierarchical_power_fallback,0.90000000000000002,4,5,,unavailable_finite_sample_full_physical_range,unavailable,insufficient_same_route_calibration,,,,,
exhaustive_six_of_ten_partition,partition_134_7894a50e20f6,,NAUMANN_CAL_T40_SOC87.5,hierarchical_power_fallback,0.90000000000000002,4,5,,unavailable_finite_sample_full_physical_range,unavailable,insufficient_same_route_calibration,,,,,
exhaustive_six_of_ten_partition,partition_134_7894a50e20f6,,NAUMANN_CAL_T25_SOC50,hierarchical_power_fallback,0.94999999999999996,4,5,,unavailable_finite_sample_full_physical_range,unavailable,insufficient_same_route_calibration,,,,,
exhaustive_six_of_ten_partition,partition_134_7894a50e20f6,,NAUMANN_CAL_T40_SOC37.5,hierarchical_power_fallback,0.94999999999999996,4,5,,unavailable_finite_sample_full_physical_range,unavailable,insufficient_same_route_calibration,,,,,
exhaustive_six_of_ten_partition,partition_134_7894a50e20f6,,NAUMANN_CAL_T40_SOC50,hierarchical_power_fallback,0.94999999999999996,4,5,,unavailable_finite_sample_full_physical_range,unavailable,insufficient_same_route_calibration,,,,,
exhaustive_six_of_ten_partition,partition_134_7894a50e20f6,,NAUMANN_CAL_T40_SOC87.5,hierarchical_power_fallback,0.94999999999999996,4,5,,unavailable_finite_sample_full_physical_range,unavailable,insufficient_same_route_calibration,,,,,
exhaustive_six_of_ten_partition,partition_135_ba73c4d51998,,NAUMANN_CAL_T25_SOC50,hierarchical_power_fallback,0.80000000000000004,4,4,1.3884373131471051,finite_order_statistic,available,none,False,0.95999999999999996,1.3050085753903307,2.3719351507752151,1.3174491974477336
exhaustive_six_of_ten_partition,partition_135_ba73c4d51998,,NAUMANN_CAL_T40_SOC37.5,hierarchical_power_fallback,0.80000000000000004,4,4,1.3884373131471051,finite_order_statistic,available,none,True,1,1.2379516570734472,2.2029157999999427,1.2379516570734472
exhaustive_six_of_ten_partition,partition_135_ba73c4d51998,,NAUMANN_CAL_T40_SOC50,hierarchical_power_fallback,0.80000000000000004,4,4,1.3884373131471051,finite_order_statistic,available,none,False,0.12,1.4571856486817967,2.7289046404400494,3.3653138692471871
exhaustive_six_of_ten_partition,partition_135_ba73c4d51998,,NAUMANN_CAL_T40_SOC75,hierarchical_power_fallback,0.80000000000000004,4,4,1.3884373131471051,finite_order_statistic,available,none,True,1,0.8779697203083231,1.3770285986003046,0.8779697203083231
exhaustive_six_of_ten_partition,partition_135_ba73c4d51998,,NAUMANN_CAL_T25_SOC50,hierarchical_power_fallback,0.90000000000000002,4,5,,unavailable_finite_sample_full_physical_range,unavailable,insufficient_same_route_calibration,,,,,
exhaustive_six_of_ten_partition,partition_135_ba73c4d51998,,NAUMANN_CAL_T40_SOC37.5,hierarchical_power_fallback,0.90000000000000002,4,5,,unavailable_finite_sample_full_physical_range,unavailable,insufficient_same_route_calibration,,,,,
exhaustive_six_of_ten_partition,partition_135_ba73c4d51998,,NAUMANN_CAL_T40_SOC50,hierarchical_power_fallback,0.90000000000000002,4,5,,unavailable_finite_sample_full_physical_range,unavailable,insufficient_same_route_calibration,,,,,
exhaustive_six_of_ten_partition,partition_135_ba73c4d51998,,NAUMANN_CAL_T40_SOC75,hierarchical_power_fallback,0.90000000000000002,4,5,,unavailable_finite_sample_full_physical_range,unavailable,insufficient_same_route_calibration,,,,,
exhaustive_six_of_ten_partition,partition_135_ba73c4d51998,,NAUMANN_CAL_T25_SOC50,hierarchical_power_fallback,0.94999999999999996,4,5,,unavailable_finite_sample_full_physical_range,unavailable,insufficient_same_route_calibration,,,,,
exhaustive_six_of_ten_partition,partition_135_ba73c4d51998,,NAUMANN_CAL_T40_SOC37.5,hierarchical_power_fallback,0.94999999999999996,4,5,,unavailable_finite_sample_full_physical_range,unavailable,insufficient_same_route_calibration,,,,,
exhaustive_six_of_ten_partition,partition_135_ba73c4d51998,,NAUMANN_CAL_T40_SOC50,hierarchical_power_fallback,0.94999999999999996,4,5,,unavailable_finite_sample_full_physical_range,unavailable,insufficient_same_route_calibration,,,,,
exhaustive_six_of_ten_partition,partition_135_ba73c4d51998,,NAUMANN_CAL_T40_SOC75,hierarchical_power_fallback,0.94999999999999996,4,5,,unavailable_finite_sample_full_physical_range,unavailable,insufficient_same_route_calibration,,,,,
exhaustive_six_of_ten_partition,partition_136_ccf58b2d1877,,NAUMANN_CAL_T25_SOC50,hierarchical_power_fallback,0.80000000000000004,4,4,1.3884373131471051,finite_order_statistic,available,none,False,0.95999999999999996,1.3050085753903307,2.3719351507752151,1.3174491974477336
exhaustive_six_of_ten_partition,partition_136_ccf58b2d1877,,NAUMANN_CAL_T40_SOC37.5,hierarchical_power_fallback,0.80000000000000004,4,4,1.3884373131471051,finite_order_statistic,available,none,True,1,1.2379516570734472,2.2029157999999427,1.2379516570734472
exhaustive_six_of_ten_partition,partition_136_ccf58b2d1877,,NAUMANN_CAL_T40_SOC50,hierarchical_power_fallback,0.80000000000000004,4,4,1.3884373131471051,finite_order_statistic,available,none,False,0.12,1.4571856486817967,2.7289046404400494,3.3653138692471871
exhaustive_six_of_ten_partition,partition_136_ccf58b2d1877,,NAUMANN_CAL_T40_SOC62.5,hierarchical_power_fallback,0.80000000000000004,4,4,1.3884373131471051,finite_order_statistic,available,none,True,1,1.1339406778520822,1.9586875747408783,1.1339406778520822
exhaustive_six_of_ten_partition,partition_136_ccf58b2d1877,,NAUMANN_CAL_T25_SOC50,hierarchical_power_fallback,0.90000000000000002,4,5,,unavailable_finite_sample_full_physical_range,unavailable,insufficient_same_route_calibration,,,,,
exhaustive_six_of_ten_partition,partition_136_ccf58b2d1877,,NAUMANN_CAL_T40_SOC37.5,hierarchical_power_fallback,0.90000000000000002,4,5,,unavailable_finite_sample_full_physical_range,unavailable,insufficient_same_route_calibration,,,,,
exhaustive_six_of_ten_partition,partition_136_ccf58b2d1877,,NAUMANN_CAL_T40_SOC50,hierarchical_power_fallback,0.90000000000000002,4,5,,unavailable_finite_sample_full_physical_range,unavailable,insufficient_same_route_calibration,,,,,
exhaustive_six_of_ten_partition,partition_136_ccf58b2d1877,,NAUMANN_CAL_T40_SOC62.5,hierarchical_power_fallback,0.90000000000000002,4,5,,unavailable_finite_sample_full_physical_range,unavailable,insufficient_same_route_calibration,,,,,
exhaustive_six_of_ten_partition,partition_136_ccf58b2d1877,,NAUMANN_CAL_T25_SOC50,hierarchical_power_fallback,0.94999999999999996,4,5,,unavailable_finite_sample_full_physical_range,unavailable,insufficient_same_route_calibration,,,,,
exhaustive_six_of_ten_partition,partition_136_ccf58b2d1877,,NAUMANN_CAL_T40_SOC37.5,hierarchical_power_fallback,0.94999999999999996,4,5,,unavailable_finite_sample_full_physical_range,unavailable,insufficient_same_route_calibration,,,,,
exhaustive_six_of_ten_partition,partition_136_ccf58b2d1877,,NAUMANN_CAL_T40_SOC50,hierarchical_power_fallback,0.94999999999999996,4,5,,unavailable_finite_sample_full_physical_range,unavailable,insufficient_same_route_calibration,,,,,
exhaustive_six_of_ten_partition,partition_136_ccf58b2d1877,,NAUMANN_CAL_T40_SOC62.5,hierarchical_power_fallback,0.94999999999999996,4,5,,unavailable_finite_sample_full_physical_range,unavailable,insufficient_same_route_calibration,,,,,
exhaustive_six_of_ten_partition,partition_137_3d4e005292a1,,NAUMANN_CAL_T25_SOC50,hierarchical_power_fallback,0.80000000000000004,4,4,2.1698424743004083,finite_order_statistic,available,none,True,1,2.0394604851045166,3.7068476824296397,2.0394604851045166
exhaustive_six_of_ten_partition,partition_137_3d4e005292a1,,NAUMANN_CAL_T40_SOC25,hierarchical_power_fallback,0.80000000000000004,4,4,2.1698424743004083,finite_order_statistic,available,none,True,1,2.2106892511167611,4.1087384001945395,2.2106892511167611
exhaustive_six_of_ten_partition,partition_137_3d4e005292a1,,NAUMANN_CAL_T40_SOC75,hierarchical_power_fallback,0.80000000000000004,4,4,2.1698424743004083,finite_order_statistic,available,none,True,1,1.3720864256784864,2.1520129956726066,1.3720864256784864
exhaustive_six_of_ten_partition,partition_137_3d4e005292a1,,NAUMANN_CAL_T40_SOC87.5,hierarchical_power_fallback,0.80000000000000004,4,4,2.1698424743004083,finite_order_statistic,available,none,True,1,1.3456714355048427,2.0932907277718584,1.3456714355048427
exhaustive_six_of_ten_partition,partition_137_3d4e005292a1,,NAUMANN_CAL_T25_SOC50,hierarchical_power_fallback,0.90000000000000002,4,5,,unavailable_finite_sample_full_physical_range,unavailable,insufficient_same_route_calibration,,,,,
exhaustive_six_of_ten_partition,partition_137_3d4e005292a1,,NAUMANN_CAL_T40_SOC25,hierarchical_power_fallback,0.90000000000000002,4,5,,unavailable_finite_sample_full_physical_range,unavailable,insufficient_same_route_calibration,,,,,
exhaustive_six_of_ten_partition,partition_137_3d4e005292a1,,NAUMANN_CAL_T40_SOC75,hierarchical_power_fallback,0.90000000000000002,4,5,,unavailable_finite_sample_full_physical_range,unavailable,insufficient_same_route_calibration,,,,,
exhaustive_six_of_ten_partition,partition_137_3d4e005292a1,,NAUMANN_CAL_T40_SOC87.5,hierarchical_power_fallback,0.90000000000000002,4,5,,unavailable_finite_sample_full_physical_range,unavailable,insufficient_same_route_calibration,,,,,
exhaustive_six_of_ten_partition,partition_137_3d4e005292a1,,NAUMANN_CAL_T25_SOC50,hierarchical_power_fallback,0.94999999999999996,4,5,,unavailable_finite_sample_full_physical_range,unavailable,insufficient_same_route_calibration,,,,,
exhaustive_six_of_ten_partition,partition_137_3d4e005292a1,,NAUMANN_CAL_T40_SOC25,hierarchical_power_fallback,0.94999999999999996,4,5,,unavailable_finite_sample_full_physical_range,unavailable,insufficient_same_route_calibration,,,,,
exhaustive_six_of_ten_partition,partition_137_3d4e005292a1,,NAUMANN_CAL_T40_SOC75,hierarchical_power_fallback,0.94999999999999996,4,5,,unavailable_finite_sample_full_physical_range,unavailable,insufficient_same_route_calibration,,,,,
exhaustive_six_of_ten_partition,partition_137_3d4e005292a1,,NAUMANN_CAL_T40_SOC87.5,hierarchical_power_fallback,0.94999999999999996,4,5,,unavailable_finite_sample_full_physical_range,unavailable,insufficient_same_route_calibration,,,,,
exhaustive_six_of_ten_partition,partition_138_5126c0b10800,,NAUMANN_CAL_T25_SOC50,hierarchical_power_fallback,0.80000000000000004,4,4,2.1698424743004083,finite_order_statistic,available,none,True,1,2.0394604851045166,3.7068476824296397,2.0394604851045166
exhaustive_six_of_ten_partition,partition_138_5126c0b10800,,NAUMANN_CAL_T40_SOC25,hierarchical_power_fallback,0.80000000000000004,4,4,2.1698424743004083,finite_order_statistic,available,none,True,1,2.2106892511167611,4.1087384001945395,2.2106892511167611
exhaustive_six_of_ten_partition,partition_138_5126c0b10800,,NAUMANN_CAL_T40_SOC62.5,hierarchical_power_fallback,0.80000000000000004,4,4,2.1698424743004083,finite_order_statistic,available,none,True,1,1.7721164814876715,3.0610265608058569,1.7721164814876715
exhaustive_six_of_ten_partition,partition_138_5126c0b10800,,NAUMANN_CAL_T40_SOC87.5,hierarchical_power_fallback,0.80000000000000004,4,4,2.1698424743004083,finite_order_statistic,available,none,True,1,1.3456714355048427,2.0932907277718584,1.3456714355048427
exhaustive_six_of_ten_partition,partition_138_5126c0b10800,,NAUMANN_CAL_T25_SOC50,hierarchical_power_fallback,0.90000000000000002,4,5,,unavailable_finite_sample_full_physical_range,unavailable,insufficient_same_route_calibration,,,,,
exhaustive_six_of_ten_partition,partition_138_5126c0b10800,,NAUMANN_CAL_T40_SOC25,hierarchical_power_fallback,0.90000000000000002,4,5,,unavailable_finite_sample_full_physical_range,unavailable,insufficient_same_route_calibration,,,,,
exhaustive_six_of_ten_partition,partition_138_5126c0b10800,,NAUMANN_CAL_T40_SOC62.5,hierarchical_power_fallback,0.90000000000000002,4,5,,unavailable_finite_sample_full_physical_range,unavailable,insufficient_same_route_calibration,,,,,
exhaustive_six_of_ten_partition,partition_138_5126c0b10800,,NAUMANN_CAL_T40_SOC87.5,hierarchical_power_fallback,0.90000000000000002,4,5,,unavailable_finite_sample_full_physical_range,unavailable,insufficient_same_route_calibration,,,,,
exhaustive_six_of_ten_partition,partition_138_5126c0b10800,,NAUMANN_CAL_T25_SOC50,hierarchical_power_fallback,0.94999999999999996,4,5,,unavailable_finite_sample_full_physical_range,unavailable,insufficient_same_route_calibration,,,,,
exhaustive_six_of_ten_partition,partition_138_5126c0b10800,,NAUMANN_CAL_T40_SOC25,hierarchical_power_fallback,0.94999999999999996,4,5,,unavailable_finite_sample_full_physical_range,unavailable,insufficient_same_route_calibration,,,,,
exhaustive_six_of_ten_partition,partition_138_5126c0b10800,,NAUMANN_CAL_T40_SOC62.5,hierarchical_power_fallback,0.94999999999999996,4,5,,unavailable_finite_sample_full_physical_range,unavailable,insufficient_same_route_calibration,,,,,
exhaustive_six_of_ten_partition,partition_138_5126c0b10800,,NAUMANN_CAL_T40_SOC87.5,hierarchical_power_fallback,0.94999999999999996,4,5,,unavailable_finite_sample_full_physical_range,unavailable,insufficient_same_route_calibration,,,,,
exhaustive_six_of_ten_partition,partition_139_eb455d6bbfb3,,NAUMANN_CAL_T25_SOC50,hierarchical_power_fallback,0.80000000000000004,4,4,2.1698424743004083,finite_order_statistic,available,none,True,1,2.0394604851045166,3.7068476824296397,2.0394604851045166
exhaustive_six_of_ten_partition,partition_139_eb455d6bbfb3,,NAUMANN_CAL_T40_SOC25,hierarchical_power_fallback,0.80000000000000004,4,4,2.1698424743004083,finite_order_statistic,available,none,True,1,2.2106892511167611,4.1087384001945395,2.2106892511167611
exhaustive_six_of_ten_partition,partition_139_eb455d6bbfb3,,NAUMANN_CAL_T40_SOC62.5,hierarchical_power_fallback,0.80000000000000004,4,4,2.1698424743004083,finite_order_statistic,available,none,True,1,1.7721164814876715,3.0610265608058569,1.7721164814876715
exhaustive_six_of_ten_partition,partition_139_eb455d6bbfb3,,NAUMANN_CAL_T40_SOC75,hierarchical_power_fallback,0.80000000000000004,4,4,2.1698424743004083,finite_order_statistic,available,none,True,1,1.3720864256784864,2.1520129956726066,1.3720864256784864
exhaustive_six_of_ten_partition,partition_139_eb455d6bbfb3,,NAUMANN_CAL_T25_SOC50,hierarchical_power_fallback,0.90000000000000002,4,5,,unavailable_finite_sample_full_physical_range,unavailable,insufficient_same_route_calibration,,,,,
exhaustive_six_of_ten_partition,partition_139_eb455d6bbfb3,,NAUMANN_CAL_T40_SOC25,hierarchical_power_fallback,0.90000000000000002,4,5,,unavailable_finite_sample_full_physical_range,unavailable,insufficient_same_route_calibration,,,,,
exhaustive_six_of_ten_partition,partition_139_eb455d6bbfb3,,NAUMANN_CAL_T40_SOC62.5,hierarchical_power_fallback,0.90000000000000002,4,5,,unavailable_finite_sample_full_physical_range,unavailable,insufficient_same_route_calibration,,,,,
exhaustive_six_of_ten_partition,partition_139_eb455d6bbfb3,,NAUMANN_CAL_T40_SOC75,hierarchical_power_fallback,0.90000000000000002,4,5,,unavailable_finite_sample_full_physical_range,unavailable,insufficient_same_route_calibration,,,,,
exhaustive_six_of_ten_partition,partition_139_eb455d6bbfb3,,NAUMANN_CAL_T25_SOC50,hierarchical_power_fallback,0.94999999999999996,4,5,,unavailable_finite_sample_full_physical_range,unavailable,insufficient_same_route_calibration,,,,,
exhaustive_six_of_ten_partition,partition_139_eb455d6bbfb3,,NAUMANN_CAL_T40_SOC25,hierarchical_power_fallback,0.94999999999999996,4,5,,unavailable_finite_sample_full_physical_range,unavailable,insufficient_same_route_calibration,,,,,
exhaustive_six_of_ten_partition,partition_139_eb455d6bbfb3,,NAUMANN_CAL_T40_SOC62.5,hierarchical_power_fallback,0.94999999999999996,4,5,,unavailable_finite_sample_full_physical_range,unavailable,insufficient_same_route_calibration,,,,,
exhaustive_six_of_ten_partition,partition_139_eb455d6bbfb3,,NAUMANN_CAL_T40_SOC75,hierarchical_power_fallback,0.94999999999999996,4,5,,unavailable_finite_sample_full_physical_range,unavailable,insufficient_same_route_calibration,,,,,
exhaustive_six_of_ten_partition,partition_140_86f886c499be,,NAUMANN_CAL_T25_SOC50,hierarchical_power_fallback,0.80000000000000004,4,4,1.3884373131471051,finite_order_statistic,available,none,False,0.95999999999999996,1.3050085753903307,2.3719351507752151,1.3174491974477336
exhaustive_six_of_ten_partition,partition_140_86f886c499be,,NAUMANN_CAL_T40_SOC25,hierarchical_power_fallback,0.80000000000000004,4,4,1.3884373131471051,finite_order_statistic,available,none,True,1,1.4145743206604744,2.6290967074140781,1.4145743206604744
exhaustive_six_of_ten_partition,partition_140_86f886c499be,,NAUMANN_CAL_T40_SOC50,hierarchical_power_fallback,0.80000000000000004,4,4,1.3884373131471051,finite_order_statistic,available,none,False,0.12,1.4571856486817967,2.7289046404400494,3.3653138692471871
exhaustive_six_of_ten_partition,partition_140_86f886c499be,,NAUMANN_CAL_T40_SOC87.5,hierarchical_power_fallback,0.80000000000000004,4,4,1.3884373131471051,finite_order_statistic,available,none,True,1,0.86106731452639229,1.3394534341209976,0.86106731452639229
exhaustive_six_of_ten_partition,partition_140_86f886c499be,,NAUMANN_CAL_T25_SOC50,hierarchical_power_fallback,0.90000000000000002,4,5,,unavailable_finite_sample_full_physical_range,unavailable,insufficient_same_route_calibration,,,,,
exhaustive_six_of_ten_partition,partition_140_86f886c499be,,NAUMANN_CAL_T40_SOC25,hierarchical_power_fallback,0.90000000000000002,4,5,,unavailable_finite_sample_full_physical_range,unavailable,insufficient_same_route_calibration,,,,,
exhaustive_six_of_ten_partition,partition_140_86f886c499be,,NAUMANN_CAL_T40_SOC50,hierarchical_power_fallback,0.90000000000000002,4,5,,unavailable_finite_sample_full_physical_range,unavailable,insufficient_same_route_calibration,,,,,
exhaustive_six_of_ten_partition,partition_140_86f886c499be,,NAUMANN_CAL_T40_SOC87.5,hierarchical_power_fallback,0.90000000000000002,4,5,,unavailable_finite_sample_full_physical_range,unavailable,insufficient_same_route_calibration,,,,,
exhaustive_six_of_ten_partition,partition_140_86f886c499be,,NAUMANN_CAL_T25_SOC50,hierarchical_power_fallback,0.94999999999999996,4,5,,unavailable_finite_sample_full_physical_range,unavailable,insufficient_same_route_calibration,,,,,
exhaustive_six_of_ten_partition,partition_140_86f886c499be,,NAUMANN_CAL_T40_SOC25,hierarchical_power_fallback,0.94999999999999996,4,5,,unavailable_finite_sample_full_physical_range,unavailable,insufficient_same_route_calibration,,,,,
exhaustive_six_of_ten_partition,partition_140_86f886c499be,,NAUMANN_CAL_T40_SOC50,hierarchical_power_fallback,0.94999999999999996,4,5,,unavailable_finite_sample_full_physical_range,unavailable,insufficient_same_route_calibration,,,,,
exhaustive_six_of_ten_partition,partition_140_86f886c499be,,NAUMANN_CAL_T40_SOC87.5,hierarchical_power_fallback,0.94999999999999996,4,5,,unavailable_finite_sample_full_physical_range,unavailable,insufficient_same_route_calibration,,,,,
exhaustive_six_of_ten_partition,partition_141_c532bea7dd44,,NAUMANN_CAL_T25_SOC50,hierarchical_power_fallback,0.80000000000000004,4,4,1.3884373131471051,finite_order_statistic,available,none,False,0.95999999999999996,1.3050085753903307,2.3719351507752151,1.3174491974477336
exhaustive_six_of_ten_partition,partition_141_c532bea7dd44,,NAUMANN_CAL_T40_SOC25,hierarchical_power_fallback,0.80000000000000004,4,4,1.3884373131471051,finite_order_statistic,available,none,True,1,1.4145743206604744,2.6290967074140781,1.4145743206604744
exhaustive_six_of_ten_partition,partition_141_c532bea7dd44,,NAUMANN_CAL_T40_SOC50,hierarchical_power_fallback,0.80000000000000004,4,4,1.3884373131471051,finite_order_statistic,available,none,False,0.12,1.4571856486817967,2.7289046404400494,3.3653138692471871
exhaustive_six_of_ten_partition,partition_141_c532bea7dd44,,NAUMANN_CAL_T40_SOC75,hierarchical_power_fallback,0.80000000000000004,4,4,1.3884373131471051,finite_order_statistic,available,none,True,1,0.8779697203083231,1.3770285986003046,0.8779697203083231
exhaustive_six_of_ten_partition,partition_141_c532bea7dd44,,NAUMANN_CAL_T25_SOC50,hierarchical_power_fallback,0.90000000000000002,4,5,,unavailable_finite_sample_full_physical_range,unavailable,insufficient_same_route_calibration,,,,,
exhaustive_six_of_ten_partition,partition_141_c532bea7dd44,,NAUMANN_CAL_T40_SOC25,hierarchical_power_fallback,0.90000000000000002,4,5,,unavailable_finite_sample_full_physical_range,unavailable,insufficient_same_route_calibration,,,,,
exhaustive_six_of_ten_partition,partition_141_c532bea7dd44,,NAUMANN_CAL_T40_SOC50,hierarchical_power_fallback,0.90000000000000002,4,5,,unavailable_finite_sample_full_physical_range,unavailable,insufficient_same_route_calibration,,,,,
exhaustive_six_of_ten_partition,partition_141_c532bea7dd44,,NAUMANN_CAL_T40_SOC75,hierarchical_power_fallback,0.90000000000000002,4,5,,unavailable_finite_sample_full_physical_range,unavailable,insufficient_same_route_calibration,,,,,
exhaustive_six_of_ten_partition,partition_141_c532bea7dd44,,NAUMANN_CAL_T25_SOC50,hierarchical_power_fallback,0.94999999999999996,4,5,,unavailable_finite_sample_full_physical_range,unavailable,insufficient_same_route_calibration,,,,,
exhaustive_six_of_ten_partition,partition_141_c532bea7dd44,,NAUMANN_CAL_T40_SOC25,hierarchical_power_fallback,0.94999999999999996,4,5,,unavailable_finite_sample_full_physical_range,unavailable,insufficient_same_route_calibration,,,,,
exhaustive_six_of_ten_partition,partition_141_c532bea7dd44,,NAUMANN_CAL_T40_SOC50,hierarchical_power_fallback,0.94999999999999996,4,5,,unavailable_finite_sample_full_physical_range,unavailable,insufficient_same_route_calibration,,,,,
exhaustive_six_of_ten_partition,partition_141_c532bea7dd44,,NAUMANN_CAL_T40_SOC75,hierarchical_power_fallback,0.94999999999999996,4,5,,unavailable_finite_sample_full_physical_range,unavailable,insufficient_same_route_calibration,,,,,
exhaustive_six_of_ten_partition,partition_142_64f7411176db,,NAUMANN_CAL_T25_SOC50,hierarchical_power_fallback,0.80000000000000004,4,4,1.3884373131471051,finite_order_statistic,available,none,False,0.95999999999999996,1.3050085753903307,2.3719351507752151,1.3174491974477336
exhaustive_six_of_ten_partition,partition_142_64f7411176db,,NAUMANN_CAL_T40_SOC25,hierarchical_power_fallback,0.80000000000000004,4,4,1.3884373131471051,finite_order_statistic,available,none,True,1,1.4145743206604744,2.6290967074140781,1.4145743206604744
exhaustive_six_of_ten_partition,partition_142_64f7411176db,,NAUMANN_CAL_T40_SOC50,hierarchical_power_fallback,0.80000000000000004,4,4,1.3884373131471051,finite_order_statistic,available,none,False,0.12,1.4571856486817967,2.7289046404400494,3.3653138692471871
exhaustive_six_of_ten_partition,partition_142_64f7411176db,,NAUMANN_CAL_T40_SOC62.5,hierarchical_power_fallback,0.80000000000000004,4,4,1.3884373131471051,finite_order_statistic,available,none,True,1,1.1339406778520822,1.9586875747408783,1.1339406778520822
exhaustive_six_of_ten_partition,partition_142_64f7411176db,,NAUMANN_CAL_T25_SOC50,hierarchical_power_fallback,0.90000000000000002,4,5,,unavailable_finite_sample_full_physical_range,unavailable,insufficient_same_route_calibration,,,,,
exhaustive_six_of_ten_partition,partition_142_64f7411176db,,NAUMANN_CAL_T40_SOC25,hierarchical_power_fallback,0.90000000000000002,4,5,,unavailable_finite_sample_full_physical_range,unavailable,insufficient_same_route_calibration,,,,,
exhaustive_six_of_ten_partition,partition_142_64f7411176db,,NAUMANN_CAL_T40_SOC50,hierarchical_power_fallback,0.90000000000000002,4,5,,unavailable_finite_sample_full_physical_range,unavailable,insufficient_same_route_calibration,,,,,
exhaustive_six_of_ten_partition,partition_142_64f7411176db,,NAUMANN_CAL_T40_SOC62.5,hierarchical_power_fallback,0.90000000000000002,4,5,,unavailable_finite_sample_full_physical_range,unavailable,insufficient_same_route_calibration,,,,,
exhaustive_six_of_ten_partition,partition_142_64f7411176db,,NAUMANN_CAL_T25_SOC50,hierarchical_power_fallback,0.94999999999999996,4,5,,unavailable_finite_sample_full_physical_range,unavailable,insufficient_same_route_calibration,,,,,
exhaustive_six_of_ten_partition,partition_142_64f7411176db,,NAUMANN_CAL_T40_SOC25,hierarchical_power_fallback,0.94999999999999996,4,5,,unavailable_finite_sample_full_physical_range,unavailable,insufficient_same_route_calibration,,,,,
exhaustive_six_of_ten_partition,partition_142_64f7411176db,,NAUMANN_CAL_T40_SOC50,hierarchical_power_fallback,0.94999999999999996,4,5,,unavailable_finite_sample_full_physical_range,unavailable,insufficient_same_route_calibration,,,,,
exhaustive_six_of_ten_partition,partition_142_64f7411176db,,NAUMANN_CAL_T40_SOC62.5,hierarchical_power_fallback,0.94999999999999996,4,5,,unavailable_finite_sample_full_physical_range,unavailable,insufficient_same_route_calibration,,,,,
exhaustive_six_of_ten_partition,partition_143_bb81e33fad33,,NAUMANN_CAL_T25_SOC50,hierarchical_power_fallback,0.80000000000000004,4,4,2.1698424743004083,finite_order_statistic,available,none,True,1,2.0394604851045166,3.7068476824296397,2.0394604851045166
exhaustive_six_of_ten_partition,partition_143_bb81e33fad33,,NAUMANN_CAL_T40_SOC25,hierarchical_power_fallback,0.80000000000000004,4,4,2.1698424743004083,finite_order_statistic,available,none,True,1,2.2106892511167611,4.1087384001945395,2.2106892511167611
exhaustive_six_of_ten_partition,partition_143_bb81e33fad33,,NAUMANN_CAL_T40_SOC37.5,hierarchical_power_fallback,0.80000000000000004,4,4,2.1698424743004083,finite_order_statistic,available,none,True,1,1.9346642885590211,3.4427051368367643,1.9346642885590211
exhaustive_six_of_ten_partition,partition_143_bb81e33fad33,,NAUMANN_CAL_T40_SOC87.5,hierarchical_power_fallback,0.80000000000000004,4,4,2.1698424743004083,finite_order_statistic,available,none,True,1,1.3456714355048427,2.0932907277718584,1.3456714355048427
exhaustive_six_of_ten_partition,partition_143_bb81e33fad33,,NAUMANN_CAL_T25_SOC50,hierarchical_power_fallback,0.90000000000000002,4,5,,unavailable_finite_sample_full_physical_range,unavailable,insufficient_same_route_calibration,,,,,
exhaustive_six_of_ten_partition,partition_143_bb81e33fad33,,NAUMANN_CAL_T40_SOC25,hierarchical_power_fallback,0.90000000000000002,4,5,,unavailable_finite_sample_full_physical_range,unavailable,insufficient_same_route_calibration,,,,,
exhaustive_six_of_ten_partition,partition_143_bb81e33fad33,,NAUMANN_CAL_T40_SOC37.5,hierarchical_power_fallback,0.90000000000000002,4,5,,unavailable_finite_sample_full_physical_range,unavailable,insufficient_same_route_calibration,,,,,
exhaustive_six_of_ten_partition,partition_143_bb81e33fad33,,NAUMANN_CAL_T40_SOC87.5,hierarchical_power_fallback,0.90000000000000002,4,5,,unavailable_finite_sample_full_physical_range,unavailable,insufficient_same_route_calibration,,,,,
exhaustive_six_of_ten_partition,partition_143_bb81e33fad33,,NAUMANN_CAL_T25_SOC50,hierarchical_power_fallback,0.94999999999999996,4,5,,unavailable_finite_sample_full_physical_range,unavailable,insufficient_same_route_calibration,,,,,
exhaustive_six_of_ten_partition,partition_143_bb81e33fad33,,NAUMANN_CAL_T40_SOC25,hierarchical_power_fallback,0.94999999999999996,4,5,,unavailable_finite_sample_full_physical_range,unavailable,insufficient_same_route_calibration,,,,,
exhaustive_six_of_ten_partition,partition_143_bb81e33fad33,,NAUMANN_CAL_T40_SOC37.5,hierarchical_power_fallback,0.94999999999999996,4,5,,unavailable_finite_sample_full_physical_range,unavailable,insufficient_same_route_calibration,,,,,
exhaustive_six_of_ten_partition,partition_143_bb81e33fad33,,NAUMANN_CAL_T40_SOC87.5,hierarchical_power_fallback,0.94999999999999996,4,5,,unavailable_finite_sample_full_physical_range,unavailable,insufficient_same_route_calibration,,,,,
exhaustive_six_of_ten_partition,partition_144_389c9924c841,,NAUMANN_CAL_T25_SOC50,hierarchical_power_fallback,0.80000000000000004,4,4,2.1698424743004083,finite_order_statistic,available,none,True,1,2.0394604851045166,3.7068476824296397,2.0394604851045166
exhaustive_six_of_ten_partition,partition_144_389c9924c841,,NAUMANN_CAL_T40_SOC25,hierarchical_power_fallback,0.80000000000000004,4,4,2.1698424743004083,finite_order_statistic,available,none,True,1,2.2106892511167611,4.1087384001945395,2.2106892511167611
exhaustive_six_of_ten_partition,partition_144_389c9924c841,,NAUMANN_CAL_T40_SOC37.5,hierarchical_power_fallback,0.80000000000000004,4,4,2.1698424743004083,finite_order_statistic,available,none,True,1,1.9346642885590211,3.4427051368367643,1.9346642885590211
exhaustive_six_of_ten_partition,partition_144_389c9924c841,,NAUMANN_CAL_T40_SOC75,hierarchical_power_fallback,0.80000000000000004,4,4,2.1698424743004083,finite_order_statistic,available,none,True,1,1.3720864256784864,2.1520129956726066,1.3720864256784864
exhaustive_six_of_ten_partition,partition_144_389c9924c841,,NAUMANN_CAL_T25_SOC50,hierarchical_power_fallback,0.90000000000000002,4,5,,unavailable_finite_sample_full_physical_range,unavailable,insufficient_same_route_calibration,,,,,
exhaustive_six_of_ten_partition,partition_144_389c9924c841,,NAUMANN_CAL_T40_SOC25,hierarchical_power_fallback,0.90000000000000002,4,5,,unavailable_finite_sample_full_physical_range,unavailable,insufficient_same_route_calibration,,,,,
exhaustive_six_of_ten_partition,partition_144_389c9924c841,,NAUMANN_CAL_T40_SOC37.5,hierarchical_power_fallback,0.90000000000000002,4,5,,unavailable_finite_sample_full_physical_range,unavailable,insufficient_same_route_calibration,,,,,
exhaustive_six_of_ten_partition,partition_144_389c9924c841,,NAUMANN_CAL_T40_SOC75,hierarchical_power_fallback,0.90000000000000002,4,5,,unavailable_finite_sample_full_physical_range,unavailable,insufficient_same_route_calibration,,,,,
exhaustive_six_of_ten_partition,partition_144_389c9924c841,,NAUMANN_CAL_T25_SOC50,hierarchical_power_fallback,0.94999999999999996,4,5,,unavailable_finite_sample_full_physical_range,unavailable,insufficient_same_route_calibration,,,,,
exhaustive_six_of_ten_partition,partition_144_389c9924c841,,NAUMANN_CAL_T40_SOC25,hierarchical_power_fallback,0.94999999999999996,4,5,,unavailable_finite_sample_full_physical_range,unavailable,insufficient_same_route_calibration,,,,,
exhaustive_six_of_ten_partition,partition_144_389c9924c841,,NAUMANN_CAL_T40_SOC37.5,hierarchical_power_fallback,0.94999999999999996,4,5,,unavailable_finite_sample_full_physical_range,unavailable,insufficient_same_route_calibration,,,,,
exhaustive_six_of_ten_partition,partition_144_389c9924c841,,NAUMANN_CAL_T40_SOC75,hierarchical_power_fallback,0.94999999999999996,4,5,,unavailable_finite_sample_full_physical_range,unavailable,insufficient_same_route_calibration,,,,,
exhaustive_six_of_ten_partition,partition_145_13b30f0f14a8,,NAUMANN_CAL_T25_SOC50,hierarchical_power_fallback,0.80000000000000004,4,4,2.1698424743004083,finite_order_statistic,available,none,True,1,2.0394604851045166,3.7068476824296397,2.0394604851045166
exhaustive_six_of_ten_partition,partition_145_13b30f0f14a8,,NAUMANN_CAL_T40_SOC25,hierarchical_power_fallback,0.80000000000000004,4,4,2.1698424743004083,finite_order_statistic,available,none,True,1,2.2106892511167611,4.1087384001945395,2.2106892511167611
exhaustive_six_of_ten_partition,partition_145_13b30f0f14a8,,NAUMANN_CAL_T40_SOC37.5,hierarchical_power_fallback,0.80000000000000004,4,4,2.1698424743004083,finite_order_statistic,available,none,True,1,1.9346642885590211,3.4427051368367643,1.9346642885590211
exhaustive_six_of_ten_partition,partition_145_13b30f0f14a8,,NAUMANN_CAL_T40_SOC62.5,hierarchical_power_fallback,0.80000000000000004,4,4,2.1698424743004083,finite_order_statistic,available,none,True,1,1.7721164814876715,3.0610265608058569,1.7721164814876715
exhaustive_six_of_ten_partition,partition_145_13b30f0f14a8,,NAUMANN_CAL_T25_SOC50,hierarchical_power_fallback,0.90000000000000002,4,5,,unavailable_finite_sample_full_physical_range,unavailable,insufficient_same_route_calibration,,,,,
exhaustive_six_of_ten_partition,partition_145_13b30f0f14a8,,NAUMANN_CAL_T40_SOC25,hierarchical_power_fallback,0.90000000000000002,4,5,,unavailable_finite_sample_full_physical_range,unavailable,insufficient_same_route_calibration,,,,,
exhaustive_six_of_ten_partition,partition_145_13b30f0f14a8,,NAUMANN_CAL_T40_SOC37.5,hierarchical_power_fallback,0.90000000000000002,4,5,,unavailable_finite_sample_full_physical_range,unavailable,insufficient_same_route_calibration,,,,,
exhaustive_six_of_ten_partition,partition_145_13b30f0f14a8,,NAUMANN_CAL_T40_SOC62.5,hierarchical_power_fallback,0.90000000000000002,4,5,,unavailable_finite_sample_full_physical_range,unavailable,insufficient_same_route_calibration,,,,,
exhaustive_six_of_ten_partition,partition_145_13b30f0f14a8,,NAUMANN_CAL_T25_SOC50,hierarchical_power_fallback,0.94999999999999996,4,5,,unavailable_finite_sample_full_physical_range,unavailable,insufficient_same_route_calibration,,,,,
exhaustive_six_of_ten_partition,partition_145_13b30f0f14a8,,NAUMANN_CAL_T40_SOC25,hierarchical_power_fallback,0.94999999999999996,4,5,,unavailable_finite_sample_full_physical_range,unavailable,insufficient_same_route_calibration,,,,,
exhaustive_six_of_ten_partition,partition_145_13b30f0f14a8,,NAUMANN_CAL_T40_SOC37.5,hierarchical_power_fallback,0.94999999999999996,4,5,,unavailable_finite_sample_full_physical_range,unavailable,insufficient_same_route_calibration,,,,,
exhaustive_six_of_ten_partition,partition_145_13b30f0f14a8,,NAUMANN_CAL_T40_SOC62.5,hierarchical_power_fallback,0.94999999999999996,4,5,,unavailable_finite_sample_full_physical_range,unavailable,insufficient_same_route_calibration,,,,,
exhaustive_six_of_ten_partition,partition_146_d96904ff92d7,,NAUMANN_CAL_T25_SOC50,hierarchical_power_fallback,0.80000000000000004,4,4,1.3884373131471051,finite_order_statistic,available,none,False,0.95999999999999996,1.3050085753903307,2.3719351507752151,1.3174491974477336
exhaustive_six_of_ten_partition,partition_146_d96904ff92d7,,NAUMANN_CAL_T40_SOC25,hierarchical_power_fallback,0.80000000000000004,4,4,1.3884373131471051,finite_order_statistic,available,none,True,1,1.4145743206604744,2.6290967074140781,1.4145743206604744
exhaustive_six_of_ten_partition,partition_146_d96904ff92d7,,NAUMANN_CAL_T40_SOC37.5,hierarchical_power_fallback,0.80000000000000004,4,4,1.3884373131471051,finite_order_statistic,available,none,True,1,1.2379516570734472,2.2029157999999427,1.2379516570734472
exhaustive_six_of_ten_partition,partition_146_d96904ff92d7,,NAUMANN_CAL_T40_SOC50,hierarchical_power_fallback,0.80000000000000004,4,4,1.3884373131471051,finite_order_statistic,available,none,False,0.12,1.4571856486817967,2.7289046404400494,3.3653138692471871
exhaustive_six_of_ten_partition,partition_146_d96904ff92d7,,NAUMANN_CAL_T25_SOC50,hierarchical_power_fallback,0.90000000000000002,4,5,,unavailable_finite_sample_full_physical_range,unavailable,insufficient_same_route_calibration,,,,,
exhaustive_six_of_ten_partition,partition_146_d96904ff92d7,,NAUMANN_CAL_T40_SOC25,hierarchical_power_fallback,0.90000000000000002,4,5,,unavailable_finite_sample_full_physical_range,unavailable,insufficient_same_route_calibration,,,,,
exhaustive_six_of_ten_partition,partition_146_d96904ff92d7,,NAUMANN_CAL_T40_SOC37.5,hierarchical_power_fallback,0.90000000000000002,4,5,,unavailable_finite_sample_full_physical_range,unavailable,insufficient_same_route_calibration,,,,,
exhaustive_six_of_ten_partition,partition_146_d96904ff92d7,,NAUMANN_CAL_T40_SOC50,hierarchical_power_fallback,0.90000000000000002,4,5,,unavailable_finite_sample_full_physical_range,unavailable,insufficient_same_route_calibration,,,,,
exhaustive_six_of_ten_partition,partition_146_d96904ff92d7,,NAUMANN_CAL_T25_SOC50,hierarchical_power_fallback,0.94999999999999996,4,5,,unavailable_finite_sample_full_physical_range,unavailable,insufficient_same_route_calibration,,,,,
exhaustive_six_of_ten_partition,partition_146_d96904ff92d7,,NAUMANN_CAL_T40_SOC25,hierarchical_power_fallback,0.94999999999999996,4,5,,unavailable_finite_sample_full_physical_range,unavailable,insufficient_same_route_calibration,,,,,
exhaustive_six_of_ten_partition,partition_146_d96904ff92d7,,NAUMANN_CAL_T40_SOC37.5,hierarchical_power_fallback,0.94999999999999996,4,5,,unavailable_finite_sample_full_physical_range,unavailable,insufficient_same_route_calibration,,,,,
exhaustive_six_of_ten_partition,partition_146_d96904ff92d7,,NAUMANN_CAL_T40_SOC50,hierarchical_power_fallback,0.94999999999999996,4,5,,unavailable_finite_sample_full_physical_range,unavailable,insufficient_same_route_calibration,,,,,
exhaustive_six_of_ten_partition,partition_147_926310e6e213,,NAUMANN_CAL_T40_SOC12.5,hierarchical_activation_residual,0.80000000000000004,1,2,,unavailable_finite_sample_full_physical_range,unavailable,insufficient_same_route_calibration,,,,,
exhaustive_six_of_ten_partition,partition_147_926310e6e213,,NAUMANN_CAL_T40_SOC12.5,hierarchical_activation_residual,0.90000000000000002,1,2,,unavailable_finite_sample_full_physical_range,unavailable,insufficient_same_route_calibration,,,,,
exhaustive_six_of_ten_partition,partition_147_926310e6e213,,NAUMANN_CAL_T40_SOC12.5,hierarchical_activation_residual,0.94999999999999996,1,2,,unavailable_finite_sample_full_physical_range,unavailable,insufficient_same_route_calibration,,,,,
exhaustive_six_of_ten_partition,partition_147_926310e6e213,,NAUMANN_CAL_T25_SOC50,hierarchical_power_fallback,0.80000000000000004,5,5,2.1698424743004083,finite_order_statistic,available,none,True,1,2.0394604851045166,3.7068476824296397,2.0394604851045166
exhaustive_six_of_ten_partition,partition_147_926310e6e213,,NAUMANN_CAL_T40_SOC75,hierarchical_power_fallback,0.80000000000000004,5,5,2.1698424743004083,finite_order_statistic,available,none,True,1,1.3720864256784864,2.1520129956726066,1.3720864256784864
exhaustive_six_of_ten_partition,partition_147_926310e6e213,,NAUMANN_CAL_T40_SOC87.5,hierarchical_power_fallback,0.80000000000000004,5,5,2.1698424743004083,finite_order_statistic,available,none,True,1,1.3456714355048427,2.0932907277718584,1.3456714355048427
exhaustive_six_of_ten_partition,partition_147_926310e6e213,,NAUMANN_CAL_T25_SOC50,hierarchical_power_fallback,0.90000000000000002,5,6,,unavailable_finite_sample_full_physical_range,unavailable,insufficient_same_route_calibration,,,,,
exhaustive_six_of_ten_partition,partition_147_926310e6e213,,NAUMANN_CAL_T40_SOC75,hierarchical_power_fallback,0.90000000000000002,5,6,,unavailable_finite_sample_full_physical_range,unavailable,insufficient_same_route_calibration,,,,,
exhaustive_six_of_ten_partition,partition_147_926310e6e213,,NAUMANN_CAL_T40_SOC87.5,hierarchical_power_fallback,0.90000000000000002,5,6,,unavailable_finite_sample_full_physical_range,unavailable,insufficient_same_route_calibration,,,,,
exhaustive_six_of_ten_partition,partition_147_926310e6e213,,NAUMANN_CAL_T25_SOC50,hierarchical_power_fallback,0.94999999999999996,5,6,,unavailable_finite_sample_full_physical_range,unavailable,insufficient_same_route_calibration,,,,,
exhaustive_six_of_ten_partition,partition_147_926310e6e213,,NAUMANN_CAL_T40_SOC75,hierarchical_power_fallback,0.94999999999999996,5,6,,unavailable_finite_sample_full_physical_range,unavailable,insufficient_same_route_calibration,,,,,
exhaustive_six_of_ten_partition,partition_147_926310e6e213,,NAUMANN_CAL_T40_SOC87.5,hierarchical_power_fallback,0.94999999999999996,5,6,,unavailable_finite_sample_full_physical_range,unavailable,insufficient_same_route_calibration,,,,,
exhaustive_six_of_ten_partition,partition_148_e4a2b2b691e2,,NAUMANN_CAL_T40_SOC12.5,hierarchical_activation_residual,0.80000000000000004,1,2,,unavailable_finite_sample_full_physical_range,unavailable,insufficient_same_route_calibration,,,,,
exhaustive_six_of_ten_partition,partition_148_e4a2b2b691e2,,NAUMANN_CAL_T40_SOC12.5,hierarchical_activation_residual,0.90000000000000002,1,2,,unavailable_finite_sample_full_physical_range,unavailable,insufficient_same_route_calibration,,,,,
exhaustive_six_of_ten_partition,partition_148_e4a2b2b691e2,,NAUMANN_CAL_T40_SOC12.5,hierarchical_activation_residual,0.94999999999999996,1,2,,unavailable_finite_sample_full_physical_range,unavailable,insufficient_same_route_calibration,,,,,
exhaustive_six_of_ten_partition,partition_148_e4a2b2b691e2,,NAUMANN_CAL_T25_SOC50,hierarchical_power_fallback,0.80000000000000004,5,5,2.1698424743004083,finite_order_statistic,available,none,True,1,2.0394604851045166,3.7068476824296397,2.0394604851045166
exhaustive_six_of_ten_partition,partition_148_e4a2b2b691e2,,NAUMANN_CAL_T40_SOC62.5,hierarchical_power_fallback,0.80000000000000004,5,5,2.1698424743004083,finite_order_statistic,available,none,True,1,1.7721164814876715,3.0610265608058569,1.7721164814876715
exhaustive_six_of_ten_partition,partition_148_e4a2b2b691e2,,NAUMANN_CAL_T40_SOC87.5,hierarchical_power_fallback,0.80000000000000004,5,5,2.1698424743004083,finite_order_statistic,available,none,True,1,1.3456714355048427,2.0932907277718584,1.3456714355048427
exhaustive_six_of_ten_partition,partition_148_e4a2b2b691e2,,NAUMANN_CAL_T25_SOC50,hierarchical_power_fallback,0.90000000000000002,5,6,,unavailable_finite_sample_full_physical_range,unavailable,insufficient_same_route_calibration,,,,,
exhaustive_six_of_ten_partition,partition_148_e4a2b2b691e2,,NAUMANN_CAL_T40_SOC62.5,hierarchical_power_fallback,0.90000000000000002,5,6,,unavailable_finite_sample_full_physical_range,unavailable,insufficient_same_route_calibration,,,,,
exhaustive_six_of_ten_partition,partition_148_e4a2b2b691e2,,NAUMANN_CAL_T40_SOC87.5,hierarchical_power_fallback,0.90000000000000002,5,6,,unavailable_finite_sample_full_physical_range,unavailable,insufficient_same_route_calibration,,,,,
exhaustive_six_of_ten_partition,partition_148_e4a2b2b691e2,,NAUMANN_CAL_T25_SOC50,hierarchical_power_fallback,0.94999999999999996,5,6,,unavailable_finite_sample_full_physical_range,unavailable,insufficient_same_route_calibration,,,,,
exhaustive_six_of_ten_partition,partition_148_e4a2b2b691e2,,NAUMANN_CAL_T40_SOC62.5,hierarchical_power_fallback,0.94999999999999996,5,6,,unavailable_finite_sample_full_physical_range,unavailable,insufficient_same_route_calibration,,,,,
exhaustive_six_of_ten_partition,partition_148_e4a2b2b691e2,,NAUMANN_CAL_T40_SOC87.5,hierarchical_power_fallback,0.94999999999999996,5,6,,unavailable_finite_sample_full_physical_range,unavailable,insufficient_same_route_calibration,,,,,
exhaustive_six_of_ten_partition,partition_149_505791008c67,,NAUMANN_CAL_T40_SOC12.5,hierarchical_activation_residual,0.80000000000000004,1,2,,unavailable_finite_sample_full_physical_range,unavailable,insufficient_same_route_calibration,,,,,
exhaustive_six_of_ten_partition,partition_149_505791008c67,,NAUMANN_CAL_T40_SOC12.5,hierarchical_activation_residual,0.90000000000000002,1,2,,unavailable_finite_sample_full_physical_range,unavailable,insufficient_same_route_calibration,,,,,
exhaustive_six_of_ten_partition,partition_149_505791008c67,,NAUMANN_CAL_T40_SOC12.5,hierarchical_activation_residual,0.94999999999999996,1,2,,unavailable_finite_sample_full_physical_range,unavailable,insufficient_same_route_calibration,,,,,
exhaustive_six_of_ten_partition,partition_149_505791008c67,,NAUMANN_CAL_T25_SOC50,hierarchical_power_fallback,0.80000000000000004,5,5,2.1698424743004083,finite_order_statistic,available,none,True,1,2.0394604851045166,3.7068476824296397,2.0394604851045166
exhaustive_six_of_ten_partition,partition_149_505791008c67,,NAUMANN_CAL_T40_SOC62.5,hierarchical_power_fallback,0.80000000000000004,5,5,2.1698424743004083,finite_order_statistic,available,none,True,1,1.7721164814876715,3.0610265608058569,1.7721164814876715
exhaustive_six_of_ten_partition,partition_149_505791008c67,,NAUMANN_CAL_T40_SOC75,hierarchical_power_fallback,0.80000000000000004,5,5,2.1698424743004083,finite_order_statistic,available,none,True,1,1.3720864256784864,2.1520129956726066,1.3720864256784864
exhaustive_six_of_ten_partition,partition_149_505791008c67,,NAUMANN_CAL_T25_SOC50,hierarchical_power_fallback,0.90000000000000002,5,6,,unavailable_finite_sample_full_physical_range,unavailable,insufficient_same_route_calibration,,,,,
exhaustive_six_of_ten_partition,partition_149_505791008c67,,NAUMANN_CAL_T40_SOC62.5,hierarchical_power_fallback,0.90000000000000002,5,6,,unavailable_finite_sample_full_physical_range,unavailable,insufficient_same_route_calibration,,,,,
exhaustive_six_of_ten_partition,partition_149_505791008c67,,NAUMANN_CAL_T40_SOC75,hierarchical_power_fallback,0.90000000000000002,5,6,,unavailable_finite_sample_full_physical_range,unavailable,insufficient_same_route_calibration,,,,,
exhaustive_six_of_ten_partition,partition_149_505791008c67,,NAUMANN_CAL_T25_SOC50,hierarchical_power_fallback,0.94999999999999996,5,6,,unavailable_finite_sample_full_physical_range,unavailable,insufficient_same_route_calibration,,,,,
exhaustive_six_of_ten_partition,partition_149_505791008c67,,NAUMANN_CAL_T40_SOC62.5,hierarchical_power_fallback,0.94999999999999996,5,6,,unavailable_finite_sample_full_physical_range,unavailable,insufficient_same_route_calibration,,,,,
exhaustive_six_of_ten_partition,partition_149_505791008c67,,NAUMANN_CAL_T40_SOC75,hierarchical_power_fallback,0.94999999999999996,5,6,,unavailable_finite_sample_full_physical_range,unavailable,insufficient_same_route_calibration,,,,,
exhaustive_six_of_ten_partition,partition_150_bd5da8eae96b,,NAUMANN_CAL_T40_SOC12.5,hierarchical_activation_residual,0.80000000000000004,1,2,,unavailable_finite_sample_full_physical_range,unavailable,insufficient_same_route_calibration,,,,,
exhaustive_six_of_ten_partition,partition_150_bd5da8eae96b,,NAUMANN_CAL_T40_SOC12.5,hierarchical_activation_residual,0.90000000000000002,1,2,,unavailable_finite_sample_full_physical_range,unavailable,insufficient_same_route_calibration,,,,,
exhaustive_six_of_ten_partition,partition_150_bd5da8eae96b,,NAUMANN_CAL_T40_SOC12.5,hierarchical_activation_residual,0.94999999999999996,1,2,,unavailable_finite_sample_full_physical_range,unavailable,insufficient_same_route_calibration,,,,,
exhaustive_six_of_ten_partition,partition_150_bd5da8eae96b,,NAUMANN_CAL_T25_SOC50,hierarchical_power_fallback,0.80000000000000004,5,5,1.3884373131471051,finite_order_statistic,available,none,False,0.95999999999999996,1.3050085753903307,2.3719351507752151,1.3174491974477336
exhaustive_six_of_ten_partition,partition_150_bd5da8eae96b,,NAUMANN_CAL_T40_SOC50,hierarchical_power_fallback,0.80000000000000004,5,5,1.3884373131471051,finite_order_statistic,available,none,False,0.12,1.4571856486817967,2.7289046404400494,3.3653138692471871
exhaustive_six_of_ten_partition,partition_150_bd5da8eae96b,,NAUMANN_CAL_T40_SOC87.5,hierarchical_power_fallback,0.80000000000000004,5,5,1.3884373131471051,finite_order_statistic,available,none,True,1,0.86106731452639229,1.3394534341209976,0.86106731452639229
exhaustive_six_of_ten_partition,partition_150_bd5da8eae96b,,NAUMANN_CAL_T25_SOC50,hierarchical_power_fallback,0.90000000000000002,5,6,,unavailable_finite_sample_full_physical_range,unavailable,insufficient_same_route_calibration,,,,,
exhaustive_six_of_ten_partition,partition_150_bd5da8eae96b,,NAUMANN_CAL_T40_SOC50,hierarchical_power_fallback,0.90000000000000002,5,6,,unavailable_finite_sample_full_physical_range,unavailable,insufficient_same_route_calibration,,,,,
exhaustive_six_of_ten_partition,partition_150_bd5da8eae96b,,NAUMANN_CAL_T40_SOC87.5,hierarchical_power_fallback,0.90000000000000002,5,6,,unavailable_finite_sample_full_physical_range,unavailable,insufficient_same_route_calibration,,,,,
exhaustive_six_of_ten_partition,partition_150_bd5da8eae96b,,NAUMANN_CAL_T25_SOC50,hierarchical_power_fallback,0.94999999999999996,5,6,,unavailable_finite_sample_full_physical_range,unavailable,insufficient_same_route_calibration,,,,,
exhaustive_six_of_ten_partition,partition_150_bd5da8eae96b,,NAUMANN_CAL_T40_SOC50,hierarchical_power_fallback,0.94999999999999996,5,6,,unavailable_finite_sample_full_physical_range,unavailable,insufficient_same_route_calibration,,,,,
exhaustive_six_of_ten_partition,partition_150_bd5da8eae96b,,NAUMANN_CAL_T40_SOC87.5,hierarchical_power_fallback,0.94999999999999996,5,6,,unavailable_finite_sample_full_physical_range,unavailable,insufficient_same_route_calibration,,,,,
exhaustive_six_of_ten_partition,partition_151_8863b132b8cc,,NAUMANN_CAL_T40_SOC12.5,hierarchical_activation_residual,0.80000000000000004,1,2,,unavailable_finite_sample_full_physical_range,unavailable,insufficient_same_route_calibration,,,,,
exhaustive_six_of_ten_partition,partition_151_8863b132b8cc,,NAUMANN_CAL_T40_SOC12.5,hierarchical_activation_residual,0.90000000000000002,1,2,,unavailable_finite_sample_full_physical_range,unavailable,insufficient_same_route_calibration,,,,,
exhaustive_six_of_ten_partition,partition_151_8863b132b8cc,,NAUMANN_CAL_T40_SOC12.5,hierarchical_activation_residual,0.94999999999999996,1,2,,unavailable_finite_sample_full_physical_range,unavailable,insufficient_same_route_calibration,,,,,
exhaustive_six_of_ten_partition,partition_151_8863b132b8cc,,NAUMANN_CAL_T25_SOC50,hierarchical_power_fallback,0.80000000000000004,5,5,1.3884373131471051,finite_order_statistic,available,none,False,0.95999999999999996,1.3050085753903307,2.3719351507752151,1.3174491974477336
exhaustive_six_of_ten_partition,partition_151_8863b132b8cc,,NAUMANN_CAL_T40_SOC50,hierarchical_power_fallback,0.80000000000000004,5,5,1.3884373131471051,finite_order_statistic,available,none,False,0.12,1.4571856486817967,2.7289046404400494,3.3653138692471871
exhaustive_six_of_ten_partition,partition_151_8863b132b8cc,,NAUMANN_CAL_T40_SOC75,hierarchical_power_fallback,0.80000000000000004,5,5,1.3884373131471051,finite_order_statistic,available,none,True,1,0.8779697203083231,1.3770285986003046,0.8779697203083231
exhaustive_six_of_ten_partition,partition_151_8863b132b8cc,,NAUMANN_CAL_T25_SOC50,hierarchical_power_fallback,0.90000000000000002,5,6,,unavailable_finite_sample_full_physical_range,unavailable,insufficient_same_route_calibration,,,,,
exhaustive_six_of_ten_partition,partition_151_8863b132b8cc,,NAUMANN_CAL_T40_SOC50,hierarchical_power_fallback,0.90000000000000002,5,6,,unavailable_finite_sample_full_physical_range,unavailable,insufficient_same_route_calibration,,,,,
exhaustive_six_of_ten_partition,partition_151_8863b132b8cc,,NAUMANN_CAL_T40_SOC75,hierarchical_power_fallback,0.90000000000000002,5,6,,unavailable_finite_sample_full_physical_range,unavailable,insufficient_same_route_calibration,,,,,
exhaustive_six_of_ten_partition,partition_151_8863b132b8cc,,NAUMANN_CAL_T25_SOC50,hierarchical_power_fallback,0.94999999999999996,5,6,,unavailable_finite_sample_full_physical_range,unavailable,insufficient_same_route_calibration,,,,,
exhaustive_six_of_ten_partition,partition_151_8863b132b8cc,,NAUMANN_CAL_T40_SOC50,hierarchical_power_fallback,0.94999999999999996,5,6,,unavailable_finite_sample_full_physical_range,unavailable,insufficient_same_route_calibration,,,,,
exhaustive_six_of_ten_partition,partition_151_8863b132b8cc,,NAUMANN_CAL_T40_SOC75,hierarchical_power_fallback,0.94999999999999996,5,6,,unavailable_finite_sample_full_physical_range,unavailable,insufficient_same_route_calibration,,,,,
exhaustive_six_of_ten_partition,partition_152_86a3cfd89e98,,NAUMANN_CAL_T40_SOC12.5,hierarchical_activation_residual,0.80000000000000004,1,2,,unavailable_finite_sample_full_physical_range,unavailable,insufficient_same_route_calibration,,,,,
exhaustive_six_of_ten_partition,partition_152_86a3cfd89e98,,NAUMANN_CAL_T40_SOC12.5,hierarchical_activation_residual,0.90000000000000002,1,2,,unavailable_finite_sample_full_physical_range,unavailable,insufficient_same_route_calibration,,,,,
exhaustive_six_of_ten_partition,partition_152_86a3cfd89e98,,NAUMANN_CAL_T40_SOC12.5,hierarchical_activation_residual,0.94999999999999996,1,2,,unavailable_finite_sample_full_physical_range,unavailable,insufficient_same_route_calibration,,,,,
exhaustive_six_of_ten_partition,partition_152_86a3cfd89e98,,NAUMANN_CAL_T25_SOC50,hierarchical_power_fallback,0.80000000000000004,5,5,1.3884373131471051,finite_order_statistic,available,none,False,0.95999999999999996,1.3050085753903307,2.3719351507752151,1.3174491974477336
exhaustive_six_of_ten_partition,partition_152_86a3cfd89e98,,NAUMANN_CAL_T40_SOC50,hierarchical_power_fallback,0.80000000000000004,5,5,1.3884373131471051,finite_order_statistic,available,none,False,0.12,1.4571856486817967,2.7289046404400494,3.3653138692471871
exhaustive_six_of_ten_partition,partition_152_86a3cfd89e98,,NAUMANN_CAL_T40_SOC62.5,hierarchical_power_fallback,0.80000000000000004,5,5,1.3884373131471051,finite_order_statistic,available,none,True,1,1.1339406778520822,1.9586875747408783,1.1339406778520822
exhaustive_six_of_ten_partition,partition_152_86a3cfd89e98,,NAUMANN_CAL_T25_SOC50,hierarchical_power_fallback,0.90000000000000002,5,6,,unavailable_finite_sample_full_physical_range,unavailable,insufficient_same_route_calibration,,,,,
exhaustive_six_of_ten_partition,partition_152_86a3cfd89e98,,NAUMANN_CAL_T40_SOC50,hierarchical_power_fallback,0.90000000000000002,5,6,,unavailable_finite_sample_full_physical_range,unavailable,insufficient_same_route_calibration,,,,,
exhaustive_six_of_ten_partition,partition_152_86a3cfd89e98,,NAUMANN_CAL_T40_SOC62.5,hierarchical_power_fallback,0.90000000000000002,5,6,,unavailable_finite_sample_full_physical_range,unavailable,insufficient_same_route_calibration,,,,,
exhaustive_six_of_ten_partition,partition_152_86a3cfd89e98,,NAUMANN_CAL_T25_SOC50,hierarchical_power_fallback,0.94999999999999996,5,6,,unavailable_finite_sample_full_physical_range,unavailable,insufficient_same_route_calibration,,,,,
exhaustive_six_of_ten_partition,partition_152_86a3cfd89e98,,NAUMANN_CAL_T40_SOC50,hierarchical_power_fallback,0.94999999999999996,5,6,,unavailable_finite_sample_full_physical_range,unavailable,insufficient_same_route_calibration,,,,,
exhaustive_six_of_ten_partition,partition_152_86a3cfd89e98,,NAUMANN_CAL_T40_SOC62.5,hierarchical_power_fallback,0.94999999999999996,5,6,,unavailable_finite_sample_full_physical_range,unavailable,insufficient_same_route_calibration,,,,,
exhaustive_six_of_ten_partition,partition_153_0ecf8daca507,,NAUMANN_CAL_T40_SOC12.5,hierarchical_activation_residual,0.80000000000000004,1,2,,unavailable_finite_sample_full_physical_range,unavailable,insufficient_same_route_calibration,,,,,
exhaustive_six_of_ten_partition,partition_153_0ecf8daca507,,NAUMANN_CAL_T40_SOC12.5,hierarchical_activation_residual,0.90000000000000002,1,2,,unavailable_finite_sample_full_physical_range,unavailable,insufficient_same_route_calibration,,,,,
exhaustive_six_of_ten_partition,partition_153_0ecf8daca507,,NAUMANN_CAL_T40_SOC12.5,hierarchical_activation_residual,0.94999999999999996,1,2,,unavailable_finite_sample_full_physical_range,unavailable,insufficient_same_route_calibration,,,,,
exhaustive_six_of_ten_partition,partition_153_0ecf8daca507,,NAUMANN_CAL_T25_SOC50,hierarchical_power_fallback,0.80000000000000004,5,5,2.1698424743004083,finite_order_statistic,available,none,True,1,2.0394604851045166,3.7068476824296397,2.0394604851045166
exhaustive_six_of_ten_partition,partition_153_0ecf8daca507,,NAUMANN_CAL_T40_SOC37.5,hierarchical_power_fallback,0.80000000000000004,5,5,2.1698424743004083,finite_order_statistic,available,none,True,1,1.9346642885590211,3.4427051368367643,1.9346642885590211
exhaustive_six_of_ten_partition,partition_153_0ecf8daca507,,NAUMANN_CAL_T40_SOC87.5,hierarchical_power_fallback,0.80000000000000004,5,5,2.1698424743004083,finite_order_statistic,available,none,True,1,1.3456714355048427,2.0932907277718584,1.3456714355048427
exhaustive_six_of_ten_partition,partition_153_0ecf8daca507,,NAUMANN_CAL_T25_SOC50,hierarchical_power_fallback,0.90000000000000002,5,6,,unavailable_finite_sample_full_physical_range,unavailable,insufficient_same_route_calibration,,,,,
exhaustive_six_of_ten_partition,partition_153_0ecf8daca507,,NAUMANN_CAL_T40_SOC37.5,hierarchical_power_fallback,0.90000000000000002,5,6,,unavailable_finite_sample_full_physical_range,unavailable,insufficient_same_route_calibration,,,,,
exhaustive_six_of_ten_partition,partition_153_0ecf8daca507,,NAUMANN_CAL_T40_SOC87.5,hierarchical_power_fallback,0.90000000000000002,5,6,,unavailable_finite_sample_full_physical_range,unavailable,insufficient_same_route_calibration,,,,,
exhaustive_six_of_ten_partition,partition_153_0ecf8daca507,,NAUMANN_CAL_T25_SOC50,hierarchical_power_fallback,0.94999999999999996,5,6,,unavailable_finite_sample_full_physical_range,unavailable,insufficient_same_route_calibration,,,,,
exhaustive_six_of_ten_partition,partition_153_0ecf8daca507,,NAUMANN_CAL_T40_SOC37.5,hierarchical_power_fallback,0.94999999999999996,5,6,,unavailable_finite_sample_full_physical_range,unavailable,insufficient_same_route_calibration,,,,,
exhaustive_six_of_ten_partition,partition_153_0ecf8daca507,,NAUMANN_CAL_T40_SOC87.5,hierarchical_power_fallback,0.94999999999999996,5,6,,unavailable_finite_sample_full_physical_range,unavailable,insufficient_same_route_calibration,,,,,
exhaustive_six_of_ten_partition,partition_154_dfcf7feb57a5,,NAUMANN_CAL_T40_SOC12.5,hierarchical_activation_residual,0.80000000000000004,1,2,,unavailable_finite_sample_full_physical_range,unavailable,insufficient_same_route_calibration,,,,,
exhaustive_six_of_ten_partition,partition_154_dfcf7feb57a5,,NAUMANN_CAL_T40_SOC12.5,hierarchical_activation_residual,0.90000000000000002,1,2,,unavailable_finite_sample_full_physical_range,unavailable,insufficient_same_route_calibration,,,,,
exhaustive_six_of_ten_partition,partition_154_dfcf7feb57a5,,NAUMANN_CAL_T40_SOC12.5,hierarchical_activation_residual,0.94999999999999996,1,2,,unavailable_finite_sample_full_physical_range,unavailable,insufficient_same_route_calibration,,,,,
exhaustive_six_of_ten_partition,partition_154_dfcf7feb57a5,,NAUMANN_CAL_T25_SOC50,hierarchical_power_fallback,0.80000000000000004,5,5,2.1698424743004083,finite_order_statistic,available,none,True,1,2.0394604851045166,3.7068476824296397,2.0394604851045166
exhaustive_six_of_ten_partition,partition_154_dfcf7feb57a5,,NAUMANN_CAL_T40_SOC37.5,hierarchical_power_fallback,0.80000000000000004,5,5,2.1698424743004083,finite_order_statistic,available,none,True,1,1.9346642885590211,3.4427051368367643,1.9346642885590211
exhaustive_six_of_ten_partition,partition_154_dfcf7feb57a5,,NAUMANN_CAL_T40_SOC75,hierarchical_power_fallback,0.80000000000000004,5,5,2.1698424743004083,finite_order_statistic,available,none,True,1,1.3720864256784864,2.1520129956726066,1.3720864256784864
exhaustive_six_of_ten_partition,partition_154_dfcf7feb57a5,,NAUMANN_CAL_T25_SOC50,hierarchical_power_fallback,0.90000000000000002,5,6,,unavailable_finite_sample_full_physical_range,unavailable,insufficient_same_route_calibration,,,,,
exhaustive_six_of_ten_partition,partition_154_dfcf7feb57a5,,NAUMANN_CAL_T40_SOC37.5,hierarchical_power_fallback,0.90000000000000002,5,6,,unavailable_finite_sample_full_physical_range,unavailable,insufficient_same_route_calibration,,,,,
exhaustive_six_of_ten_partition,partition_154_dfcf7feb57a5,,NAUMANN_CAL_T40_SOC75,hierarchical_power_fallback,0.90000000000000002,5,6,,unavailable_finite_sample_full_physical_range,unavailable,insufficient_same_route_calibration,,,,,
exhaustive_six_of_ten_partition,partition_154_dfcf7feb57a5,,NAUMANN_CAL_T25_SOC50,hierarchical_power_fallback,0.94999999999999996,5,6,,unavailable_finite_sample_full_physical_range,unavailable,insufficient_same_route_calibration,,,,,
exhaustive_six_of_ten_partition,partition_154_dfcf7feb57a5,,NAUMANN_CAL_T40_SOC37.5,hierarchical_power_fallback,0.94999999999999996,5,6,,unavailable_finite_sample_full_physical_range,unavailable,insufficient_same_route_calibration,,,,,
exhaustive_six_of_ten_partition,partition_154_dfcf7feb57a5,,NAUMANN_CAL_T40_SOC75,hierarchical_power_fallback,0.94999999999999996,5,6,,unavailable_finite_sample_full_physical_range,unavailable,insufficient_same_route_calibration,,,,,
exhaustive_six_of_ten_partition,partition_155_210130e203d1,,NAUMANN_CAL_T40_SOC12.5,hierarchical_activation_residual,0.80000000000000004,1,2,,unavailable_finite_sample_full_physical_range,unavailable,insufficient_same_route_calibration,,,,,
exhaustive_six_of_ten_partition,partition_155_210130e203d1,,NAUMANN_CAL_T40_SOC12.5,hierarchical_activation_residual,0.90000000000000002,1,2,,unavailable_finite_sample_full_physical_range,unavailable,insufficient_same_route_calibration,,,,,
exhaustive_six_of_ten_partition,partition_155_210130e203d1,,NAUMANN_CAL_T40_SOC12.5,hierarchical_activation_residual,0.94999999999999996,1,2,,unavailable_finite_sample_full_physical_range,unavailable,insufficient_same_route_calibration,,,,,
exhaustive_six_of_ten_partition,partition_155_210130e203d1,,NAUMANN_CAL_T25_SOC50,hierarchical_power_fallback,0.80000000000000004,5,5,2.1698424743004083,finite_order_statistic,available,none,True,1,2.0394604851045166,3.7068476824296397,2.0394604851045166
exhaustive_six_of_ten_partition,partition_155_210130e203d1,,NAUMANN_CAL_T40_SOC37.5,hierarchical_power_fallback,0.80000000000000004,5,5,2.1698424743004083,finite_order_statistic,available,none,True,1,1.9346642885590211,3.4427051368367643,1.9346642885590211
exhaustive_six_of_ten_partition,partition_155_210130e203d1,,NAUMANN_CAL_T40_SOC62.5,hierarchical_power_fallback,0.80000000000000004,5,5,2.1698424743004083,finite_order_statistic,available,none,True,1,1.7721164814876715,3.0610265608058569,1.7721164814876715
exhaustive_six_of_ten_partition,partition_155_210130e203d1,,NAUMANN_CAL_T25_SOC50,hierarchical_power_fallback,0.90000000000000002,5,6,,unavailable_finite_sample_full_physical_range,unavailable,insufficient_same_route_calibration,,,,,
exhaustive_six_of_ten_partition,partition_155_210130e203d1,,NAUMANN_CAL_T40_SOC37.5,hierarchical_power_fallback,0.90000000000000002,5,6,,unavailable_finite_sample_full_physical_range,unavailable,insufficient_same_route_calibration,,,,,
exhaustive_six_of_ten_partition,partition_155_210130e203d1,,NAUMANN_CAL_T40_SOC62.5,hierarchical_power_fallback,0.90000000000000002,5,6,,unavailable_finite_sample_full_physical_range,unavailable,insufficient_same_route_calibration,,,,,
exhaustive_six_of_ten_partition,partition_155_210130e203d1,,NAUMANN_CAL_T25_SOC50,hierarchical_power_fallback,0.94999999999999996,5,6,,unavailable_finite_sample_full_physical_range,unavailable,insufficient_same_route_calibration,,,,,
exhaustive_six_of_ten_partition,partition_155_210130e203d1,,NAUMANN_CAL_T40_SOC37.5,hierarchical_power_fallback,0.94999999999999996,5,6,,unavailable_finite_sample_full_physical_range,unavailable,insufficient_same_route_calibration,,,,,
exhaustive_six_of_ten_partition,partition_155_210130e203d1,,NAUMANN_CAL_T40_SOC62.5,hierarchical_power_fallback,0.94999999999999996,5,6,,unavailable_finite_sample_full_physical_range,unavailable,insufficient_same_route_calibration,,,,,
exhaustive_six_of_ten_partition,partition_156_017130434c47,,NAUMANN_CAL_T40_SOC12.5,hierarchical_activation_residual,0.80000000000000004,1,2,,unavailable_finite_sample_full_physical_range,unavailable,insufficient_same_route_calibration,,,,,
exhaustive_six_of_ten_partition,partition_156_017130434c47,,NAUMANN_CAL_T40_SOC12.5,hierarchical_activation_residual,0.90000000000000002,1,2,,unavailable_finite_sample_full_physical_range,unavailable,insufficient_same_route_calibration,,,,,
exhaustive_six_of_ten_partition,partition_156_017130434c47,,NAUMANN_CAL_T40_SOC12.5,hierarchical_activation_residual,0.94999999999999996,1,2,,unavailable_finite_sample_full_physical_range,unavailable,insufficient_same_route_calibration,,,,,
exhaustive_six_of_ten_partition,partition_156_017130434c47,,NAUMANN_CAL_T25_SOC50,hierarchical_power_fallback,0.80000000000000004,5,5,1.3884373131471051,finite_order_statistic,available,none,False,0.95999999999999996,1.3050085753903307,2.3719351507752151,1.3174491974477336
exhaustive_six_of_ten_partition,partition_156_017130434c47,,NAUMANN_CAL_T40_SOC37.5,hierarchical_power_fallback,0.80000000000000004,5,5,1.3884373131471051,finite_order_statistic,available,none,True,1,1.2379516570734472,2.2029157999999427,1.2379516570734472
exhaustive_six_of_ten_partition,partition_156_017130434c47,,NAUMANN_CAL_T40_SOC50,hierarchical_power_fallback,0.80000000000000004,5,5,1.3884373131471051,finite_order_statistic,available,none,False,0.12,1.4571856486817967,2.7289046404400494,3.3653138692471871
exhaustive_six_of_ten_partition,partition_156_017130434c47,,NAUMANN_CAL_T25_SOC50,hierarchical_power_fallback,0.90000000000000002,5,6,,unavailable_finite_sample_full_physical_range,unavailable,insufficient_same_route_calibration,,,,,
exhaustive_six_of_ten_partition,partition_156_017130434c47,,NAUMANN_CAL_T40_SOC37.5,hierarchical_power_fallback,0.90000000000000002,5,6,,unavailable_finite_sample_full_physical_range,unavailable,insufficient_same_route_calibration,,,,,
exhaustive_six_of_ten_partition,partition_156_017130434c47,,NAUMANN_CAL_T40_SOC50,hierarchical_power_fallback,0.90000000000000002,5,6,,unavailable_finite_sample_full_physical_range,unavailable,insufficient_same_route_calibration,,,,,
exhaustive_six_of_ten_partition,partition_156_017130434c47,,NAUMANN_CAL_T25_SOC50,hierarchical_power_fallback,0.94999999999999996,5,6,,unavailable_finite_sample_full_physical_range,unavailable,insufficient_same_route_calibration,,,,,
exhaustive_six_of_ten_partition,partition_156_017130434c47,,NAUMANN_CAL_T40_SOC37.5,hierarchical_power_fallback,0.94999999999999996,5,6,,unavailable_finite_sample_full_physical_range,unavailable,insufficient_same_route_calibration,,,,,
exhaustive_six_of_ten_partition,partition_156_017130434c47,,NAUMANN_CAL_T40_SOC50,hierarchical_power_fallback,0.94999999999999996,5,6,,unavailable_finite_sample_full_physical_range,unavailable,insufficient_same_route_calibration,,,,,
exhaustive_six_of_ten_partition,partition_157_2ebf34f35e9b,,NAUMANN_CAL_T40_SOC12.5,hierarchical_activation_residual,0.80000000000000004,1,2,,unavailable_finite_sample_full_physical_range,unavailable,insufficient_same_route_calibration,,,,,
exhaustive_six_of_ten_partition,partition_157_2ebf34f35e9b,,NAUMANN_CAL_T40_SOC12.5,hierarchical_activation_residual,0.90000000000000002,1,2,,unavailable_finite_sample_full_physical_range,unavailable,insufficient_same_route_calibration,,,,,
exhaustive_six_of_ten_partition,partition_157_2ebf34f35e9b,,NAUMANN_CAL_T40_SOC12.5,hierarchical_activation_residual,0.94999999999999996,1,2,,unavailable_finite_sample_full_physical_range,unavailable,insufficient_same_route_calibration,,,,,
exhaustive_six_of_ten_partition,partition_157_2ebf34f35e9b,,NAUMANN_CAL_T25_SOC50,hierarchical_power_fallback,0.80000000000000004,5,5,2.1698424743004083,finite_order_statistic,available,none,True,1,2.0394604851045166,3.7068476824296397,2.0394604851045166
exhaustive_six_of_ten_partition,partition_157_2ebf34f35e9b,,NAUMANN_CAL_T40_SOC25,hierarchical_power_fallback,0.80000000000000004,5,5,2.1698424743004083,finite_order_statistic,available,none,True,1,2.2106892511167611,4.1087384001945395,2.2106892511167611
exhaustive_six_of_ten_partition,partition_157_2ebf34f35e9b,,NAUMANN_CAL_T40_SOC87.5,hierarchical_power_fallback,0.80000000000000004,5,5,2.1698424743004083,finite_order_statistic,available,none,True,1,1.3456714355048427,2.0932907277718584,1.3456714355048427
exhaustive_six_of_ten_partition,partition_157_2ebf34f35e9b,,NAUMANN_CAL_T25_SOC50,hierarchical_power_fallback,0.90000000000000002,5,6,,unavailable_finite_sample_full_physical_range,unavailable,insufficient_same_route_calibration,,,,,
exhaustive_six_of_ten_partition,partition_157_2ebf34f35e9b,,NAUMANN_CAL_T40_SOC25,hierarchical_power_fallback,0.90000000000000002,5,6,,unavailable_finite_sample_full_physical_range,unavailable,insufficient_same_route_calibration,,,,,
exhaustive_six_of_ten_partition,partition_157_2ebf34f35e9b,,NAUMANN_CAL_T40_SOC87.5,hierarchical_power_fallback,0.90000000000000002,5,6,,unavailable_finite_sample_full_physical_range,unavailable,insufficient_same_route_calibration,,,,,
exhaustive_six_of_ten_partition,partition_157_2ebf34f35e9b,,NAUMANN_CAL_T25_SOC50,hierarchical_power_fallback,0.94999999999999996,5,6,,unavailable_finite_sample_full_physical_range,unavailable,insufficient_same_route_calibration,,,,,
exhaustive_six_of_ten_partition,partition_157_2ebf34f35e9b,,NAUMANN_CAL_T40_SOC25,hierarchical_power_fallback,0.94999999999999996,5,6,,unavailable_finite_sample_full_physical_range,unavailable,insufficient_same_route_calibration,,,,,
exhaustive_six_of_ten_partition,partition_157_2ebf34f35e9b,,NAUMANN_CAL_T40_SOC87.5,hierarchical_power_fallback,0.94999999999999996,5,6,,unavailable_finite_sample_full_physical_range,unavailable,insufficient_same_route_calibration,,,,,
exhaustive_six_of_ten_partition,partition_158_26a55b20d371,,NAUMANN_CAL_T40_SOC12.5,hierarchical_activation_residual,0.80000000000000004,1,2,,unavailable_finite_sample_full_physical_range,unavailable,insufficient_same_route_calibration,,,,,
exhaustive_six_of_ten_partition,partition_158_26a55b20d371,,NAUMANN_CAL_T40_SOC12.5,hierarchical_activation_residual,0.90000000000000002,1,2,,unavailable_finite_sample_full_physical_range,unavailable,insufficient_same_route_calibration,,,,,
exhaustive_six_of_ten_partition,partition_158_26a55b20d371,,NAUMANN_CAL_T40_SOC12.5,hierarchical_activation_residual,0.94999999999999996,1,2,,unavailable_finite_sample_full_physical_range,unavailable,insufficient_same_route_calibration,,,,,
exhaustive_six_of_ten_partition,partition_158_26a55b20d371,,NAUMANN_CAL_T25_SOC50,hierarchical_power_fallback,0.80000000000000004,5,5,2.1698424743004083,finite_order_statistic,available,none,True,1,2.0394604851045166,3.7068476824296397,2.0394604851045166
exhaustive_six_of_ten_partition,partition_158_26a55b20d371,,NAUMANN_CAL_T40_SOC25,hierarchical_power_fallback,0.80000000000000004,5,5,2.1698424743004083,finite_order_statistic,available,none,True,1,2.2106892511167611,4.1087384001945395,2.2106892511167611
exhaustive_six_of_ten_partition,partition_158_26a55b20d371,,NAUMANN_CAL_T40_SOC75,hierarchical_power_fallback,0.80000000000000004,5,5,2.1698424743004083,finite_order_statistic,available,none,True,1,1.3720864256784864,2.1520129956726066,1.3720864256784864
exhaustive_six_of_ten_partition,partition_158_26a55b20d371,,NAUMANN_CAL_T25_SOC50,hierarchical_power_fallback,0.90000000000000002,5,6,,unavailable_finite_sample_full_physical_range,unavailable,insufficient_same_route_calibration,,,,,
exhaustive_six_of_ten_partition,partition_158_26a55b20d371,,NAUMANN_CAL_T40_SOC25,hierarchical_power_fallback,0.90000000000000002,5,6,,unavailable_finite_sample_full_physical_range,unavailable,insufficient_same_route_calibration,,,,,
exhaustive_six_of_ten_partition,partition_158_26a55b20d371,,NAUMANN_CAL_T40_SOC75,hierarchical_power_fallback,0.90000000000000002,5,6,,unavailable_finite_sample_full_physical_range,unavailable,insufficient_same_route_calibration,,,,,
exhaustive_six_of_ten_partition,partition_158_26a55b20d371,,NAUMANN_CAL_T25_SOC50,hierarchical_power_fallback,0.94999999999999996,5,6,,unavailable_finite_sample_full_physical_range,unavailable,insufficient_same_route_calibration,,,,,
exhaustive_six_of_ten_partition,partition_158_26a55b20d371,,NAUMANN_CAL_T40_SOC25,hierarchical_power_fallback,0.94999999999999996,5,6,,unavailable_finite_sample_full_physical_range,unavailable,insufficient_same_route_calibration,,,,,
exhaustive_six_of_ten_partition,partition_158_26a55b20d371,,NAUMANN_CAL_T40_SOC75,hierarchical_power_fallback,0.94999999999999996,5,6,,unavailable_finite_sample_full_physical_range,unavailable,insufficient_same_route_calibration,,,,,
exhaustive_six_of_ten_partition,partition_159_934458f4d95a,,NAUMANN_CAL_T40_SOC12.5,hierarchical_activation_residual,0.80000000000000004,1,2,,unavailable_finite_sample_full_physical_range,unavailable,insufficient_same_route_calibration,,,,,
exhaustive_six_of_ten_partition,partition_159_934458f4d95a,,NAUMANN_CAL_T40_SOC12.5,hierarchical_activation_residual,0.90000000000000002,1,2,,unavailable_finite_sample_full_physical_range,unavailable,insufficient_same_route_calibration,,,,,
exhaustive_six_of_ten_partition,partition_159_934458f4d95a,,NAUMANN_CAL_T40_SOC12.5,hierarchical_activation_residual,0.94999999999999996,1,2,,unavailable_finite_sample_full_physical_range,unavailable,insufficient_same_route_calibration,,,,,
exhaustive_six_of_ten_partition,partition_159_934458f4d95a,,NAUMANN_CAL_T25_SOC50,hierarchical_power_fallback,0.80000000000000004,5,5,2.1698424743004083,finite_order_statistic,available,none,True,1,2.0394604851045166,3.7068476824296397,2.0394604851045166
exhaustive_six_of_ten_partition,partition_159_934458f4d95a,,NAUMANN_CAL_T40_SOC25,hierarchical_power_fallback,0.80000000000000004,5,5,2.1698424743004083,finite_order_statistic,available,none,True,1,2.2106892511167611,4.1087384001945395,2.2106892511167611
exhaustive_six_of_ten_partition,partition_159_934458f4d95a,,NAUMANN_CAL_T40_SOC62.5,hierarchical_power_fallback,0.80000000000000004,5,5,2.1698424743004083,finite_order_statistic,available,none,True,1,1.7721164814876715,3.0610265608058569,1.7721164814876715
exhaustive_six_of_ten_partition,partition_159_934458f4d95a,,NAUMANN_CAL_T25_SOC50,hierarchical_power_fallback,0.90000000000000002,5,6,,unavailable_finite_sample_full_physical_range,unavailable,insufficient_same_route_calibration,,,,,
exhaustive_six_of_ten_partition,partition_159_934458f4d95a,,NAUMANN_CAL_T40_SOC25,hierarchical_power_fallback,0.90000000000000002,5,6,,unavailable_finite_sample_full_physical_range,unavailable,insufficient_same_route_calibration,,,,,
exhaustive_six_of_ten_partition,partition_159_934458f4d95a,,NAUMANN_CAL_T40_SOC62.5,hierarchical_power_fallback,0.90000000000000002,5,6,,unavailable_finite_sample_full_physical_range,unavailable,insufficient_same_route_calibration,,,,,
exhaustive_six_of_ten_partition,partition_159_934458f4d95a,,NAUMANN_CAL_T25_SOC50,hierarchical_power_fallback,0.94999999999999996,5,6,,unavailable_finite_sample_full_physical_range,unavailable,insufficient_same_route_calibration,,,,,
exhaustive_six_of_ten_partition,partition_159_934458f4d95a,,NAUMANN_CAL_T40_SOC25,hierarchical_power_fallback,0.94999999999999996,5,6,,unavailable_finite_sample_full_physical_range,unavailable,insufficient_same_route_calibration,,,,,
exhaustive_six_of_ten_partition,partition_159_934458f4d95a,,NAUMANN_CAL_T40_SOC62.5,hierarchical_power_fallback,0.94999999999999996,5,6,,unavailable_finite_sample_full_physical_range,unavailable,insufficient_same_route_calibration,,,,,
exhaustive_six_of_ten_partition,partition_160_527789776c39,,NAUMANN_CAL_T40_SOC12.5,hierarchical_activation_residual,0.80000000000000004,1,2,,unavailable_finite_sample_full_physical_range,unavailable,insufficient_same_route_calibration,,,,,
exhaustive_six_of_ten_partition,partition_160_527789776c39,,NAUMANN_CAL_T40_SOC12.5,hierarchical_activation_residual,0.90000000000000002,1,2,,unavailable_finite_sample_full_physical_range,unavailable,insufficient_same_route_calibration,,,,,
exhaustive_six_of_ten_partition,partition_160_527789776c39,,NAUMANN_CAL_T40_SOC12.5,hierarchical_activation_residual,0.94999999999999996,1,2,,unavailable_finite_sample_full_physical_range,unavailable,insufficient_same_route_calibration,,,,,
exhaustive_six_of_ten_partition,partition_160_527789776c39,,NAUMANN_CAL_T25_SOC50,hierarchical_power_fallback,0.80000000000000004,5,5,1.3884373131471051,finite_order_statistic,available,none,False,0.95999999999999996,1.3050085753903307,2.3719351507752151,1.3174491974477336
exhaustive_six_of_ten_partition,partition_160_527789776c39,,NAUMANN_CAL_T40_SOC25,hierarchical_power_fallback,0.80000000000000004,5,5,1.3884373131471051,finite_order_statistic,available,none,True,1,1.4145743206604744,2.6290967074140781,1.4145743206604744
exhaustive_six_of_ten_partition,partition_160_527789776c39,,NAUMANN_CAL_T40_SOC50,hierarchical_power_fallback,0.80000000000000004,5,5,1.3884373131471051,finite_order_statistic,available,none,False,0.12,1.4571856486817967,2.7289046404400494,3.3653138692471871
exhaustive_six_of_ten_partition,partition_160_527789776c39,,NAUMANN_CAL_T25_SOC50,hierarchical_power_fallback,0.90000000000000002,5,6,,unavailable_finite_sample_full_physical_range,unavailable,insufficient_same_route_calibration,,,,,
exhaustive_six_of_ten_partition,partition_160_527789776c39,,NAUMANN_CAL_T40_SOC25,hierarchical_power_fallback,0.90000000000000002,5,6,,unavailable_finite_sample_full_physical_range,unavailable,insufficient_same_route_calibration,,,,,
exhaustive_six_of_ten_partition,partition_160_527789776c39,,NAUMANN_CAL_T40_SOC50,hierarchical_power_fallback,0.90000000000000002,5,6,,unavailable_finite_sample_full_physical_range,unavailable,insufficient_same_route_calibration,,,,,
exhaustive_six_of_ten_partition,partition_160_527789776c39,,NAUMANN_CAL_T25_SOC50,hierarchical_power_fallback,0.94999999999999996,5,6,,unavailable_finite_sample_full_physical_range,unavailable,insufficient_same_route_calibration,,,,,
exhaustive_six_of_ten_partition,partition_160_527789776c39,,NAUMANN_CAL_T40_SOC25,hierarchical_power_fallback,0.94999999999999996,5,6,,unavailable_finite_sample_full_physical_range,unavailable,insufficient_same_route_calibration,,,,,
exhaustive_six_of_ten_partition,partition_160_527789776c39,,NAUMANN_CAL_T40_SOC50,hierarchical_power_fallback,0.94999999999999996,5,6,,unavailable_finite_sample_full_physical_range,unavailable,insufficient_same_route_calibration,,,,,
exhaustive_six_of_ten_partition,partition_161_829857529966,,NAUMANN_CAL_T40_SOC12.5,hierarchical_activation_residual,0.80000000000000004,1,2,,unavailable_finite_sample_full_physical_range,unavailable,insufficient_same_route_calibration,,,,,
exhaustive_six_of_ten_partition,partition_161_829857529966,,NAUMANN_CAL_T40_SOC12.5,hierarchical_activation_residual,0.90000000000000002,1,2,,unavailable_finite_sample_full_physical_range,unavailable,insufficient_same_route_calibration,,,,,
exhaustive_six_of_ten_partition,partition_161_829857529966,,NAUMANN_CAL_T40_SOC12.5,hierarchical_activation_residual,0.94999999999999996,1,2,,unavailable_finite_sample_full_physical_range,unavailable,insufficient_same_route_calibration,,,,,
exhaustive_six_of_ten_partition,partition_161_829857529966,,NAUMANN_CAL_T25_SOC50,hierarchical_power_fallback,0.80000000000000004,5,5,2.1698424743004083,finite_order_statistic,available,none,True,1,2.0394604851045166,3.7068476824296397,2.0394604851045166
exhaustive_six_of_ten_partition,partition_161_829857529966,,NAUMANN_CAL_T40_SOC25,hierarchical_power_fallback,0.80000000000000004,5,5,2.1698424743004083,finite_order_statistic,available,none,True,1,2.2106892511167611,4.1087384001945395,2.2106892511167611
exhaustive_six_of_ten_partition,partition_161_829857529966,,NAUMANN_CAL_T40_SOC37.5,hierarchical_power_fallback,0.80000000000000004,5,5,2.1698424743004083,finite_order_statistic,available,none,True,1,1.9346642885590211,3.4427051368367643,1.9346642885590211
exhaustive_six_of_ten_partition,partition_161_829857529966,,NAUMANN_CAL_T25_SOC50,hierarchical_power_fallback,0.90000000000000002,5,6,,unavailable_finite_sample_full_physical_range,unavailable,insufficient_same_route_calibration,,,,,
exhaustive_six_of_ten_partition,partition_161_829857529966,,NAUMANN_CAL_T40_SOC25,hierarchical_power_fallback,0.90000000000000002,5,6,,unavailable_finite_sample_full_physical_range,unavailable,insufficient_same_route_calibration,,,,,
exhaustive_six_of_ten_partition,partition_161_829857529966,,NAUMANN_CAL_T40_SOC37.5,hierarchical_power_fallback,0.90000000000000002,5,6,,unavailable_finite_sample_full_physical_range,unavailable,insufficient_same_route_calibration,,,,,
exhaustive_six_of_ten_partition,partition_161_829857529966,,NAUMANN_CAL_T25_SOC50,hierarchical_power_fallback,0.94999999999999996,5,6,,unavailable_finite_sample_full_physical_range,unavailable,insufficient_same_route_calibration,,,,,
exhaustive_six_of_ten_partition,partition_161_829857529966,,NAUMANN_CAL_T40_SOC25,hierarchical_power_fallback,0.94999999999999996,5,6,,unavailable_finite_sample_full_physical_range,unavailable,insufficient_same_route_calibration,,,,,
exhaustive_six_of_ten_partition,partition_161_829857529966,,NAUMANN_CAL_T40_SOC37.5,hierarchical_power_fallback,0.94999999999999996,5,6,,unavailable_finite_sample_full_physical_range,unavailable,insufficient_same_route_calibration,,,,,
exhaustive_six_of_ten_partition,partition_162_db49055c6d22,,NAUMANN_CAL_T25_SOC50,hierarchical_power_fallback,0.80000000000000004,4,4,2.1698424743004083,finite_order_statistic,available,none,True,1,2.0394604851045166,3.7068476824296397,2.0394604851045166
exhaustive_six_of_ten_partition,partition_162_db49055c6d22,,NAUMANN_CAL_T40_SOC100,hierarchical_power_fallback,0.80000000000000004,4,4,2.1698424743004083,finite_order_statistic,available,none,True,1,1.4242933532746951,2.2673997803693737,1.4242933532746951
exhaustive_six_of_ten_partition,partition_162_db49055c6d22,,NAUMANN_CAL_T40_SOC75,hierarchical_power_fallback,0.80000000000000004,4,4,2.1698424743004083,finite_order_statistic,available,none,True,1,1.3720864256784864,2.1520129956726066,1.3720864256784864
exhaustive_six_of_ten_partition,partition_162_db49055c6d22,,NAUMANN_CAL_T40_SOC87.5,hierarchical_power_fallback,0.80000000000000004,4,4,2.1698424743004083,finite_order_statistic,available,none,True,1,1.3456714355048427,2.0932907277718584,1.3456714355048427
exhaustive_six_of_ten_partition,partition_162_db49055c6d22,,NAUMANN_CAL_T25_SOC50,hierarchical_power_fallback,0.90000000000000002,4,5,,unavailable_finite_sample_full_physical_range,unavailable,insufficient_same_route_calibration,,,,,
exhaustive_six_of_ten_partition,partition_162_db49055c6d22,,NAUMANN_CAL_T40_SOC100,hierarchical_power_fallback,0.90000000000000002,4,5,,unavailable_finite_sample_full_physical_range,unavailable,insufficient_same_route_calibration,,,,,
exhaustive_six_of_ten_partition,partition_162_db49055c6d22,,NAUMANN_CAL_T40_SOC75,hierarchical_power_fallback,0.90000000000000002,4,5,,unavailable_finite_sample_full_physical_range,unavailable,insufficient_same_route_calibration,,,,,
exhaustive_six_of_ten_partition,partition_162_db49055c6d22,,NAUMANN_CAL_T40_SOC87.5,hierarchical_power_fallback,0.90000000000000002,4,5,,unavailable_finite_sample_full_physical_range,unavailable,insufficient_same_route_calibration,,,,,
exhaustive_six_of_ten_partition,partition_162_db49055c6d22,,NAUMANN_CAL_T25_SOC50,hierarchical_power_fallback,0.94999999999999996,4,5,,unavailable_finite_sample_full_physical_range,unavailable,insufficient_same_route_calibration,,,,,
exhaustive_six_of_ten_partition,partition_162_db49055c6d22,,NAUMANN_CAL_T40_SOC100,hierarchical_power_fallback,0.94999999999999996,4,5,,unavailable_finite_sample_full_physical_range,unavailable,insufficient_same_route_calibration,,,,,
exhaustive_six_of_ten_partition,partition_162_db49055c6d22,,NAUMANN_CAL_T40_SOC75,hierarchical_power_fallback,0.94999999999999996,4,5,,unavailable_finite_sample_full_physical_range,unavailable,insufficient_same_route_calibration,,,,,
exhaustive_six_of_ten_partition,partition_162_db49055c6d22,,NAUMANN_CAL_T40_SOC87.5,hierarchical_power_fallback,0.94999999999999996,4,5,,unavailable_finite_sample_full_physical_range,unavailable,insufficient_same_route_calibration,,,,,
exhaustive_six_of_ten_partition,partition_163_7de3fdf82f1d,,NAUMANN_CAL_T25_SOC50,hierarchical_power_fallback,0.80000000000000004,4,4,2.1698424743004083,finite_order_statistic,available,none,True,1,2.0394604851045166,3.7068476824296397,2.0394604851045166
exhaustive_six_of_ten_partition,partition_163_7de3fdf82f1d,,NAUMANN_CAL_T40_SOC100,hierarchical_power_fallback,0.80000000000000004,4,4,2.1698424743004083,finite_order_statistic,available,none,True,1,1.4242933532746951,2.2673997803693737,1.4242933532746951
exhaustive_six_of_ten_partition,partition_163_7de3fdf82f1d,,NAUMANN_CAL_T40_SOC62.5,hierarchical_power_fallback,0.80000000000000004,4,4,2.1698424743004083,finite_order_statistic,available,none,True,1,1.7721164814876715,3.0610265608058569,1.7721164814876715
exhaustive_six_of_ten_partition,partition_163_7de3fdf82f1d,,NAUMANN_CAL_T40_SOC87.5,hierarchical_power_fallback,0.80000000000000004,4,4,2.1698424743004083,finite_order_statistic,available,none,True,1,1.3456714355048427,2.0932907277718584,1.3456714355048427
exhaustive_six_of_ten_partition,partition_163_7de3fdf82f1d,,NAUMANN_CAL_T25_SOC50,hierarchical_power_fallback,0.90000000000000002,4,5,,unavailable_finite_sample_full_physical_range,unavailable,insufficient_same_route_calibration,,,,,
exhaustive_six_of_ten_partition,partition_163_7de3fdf82f1d,,NAUMANN_CAL_T40_SOC100,hierarchical_power_fallback,0.90000000000000002,4,5,,unavailable_finite_sample_full_physical_range,unavailable,insufficient_same_route_calibration,,,,,
exhaustive_six_of_ten_partition,partition_163_7de3fdf82f1d,,NAUMANN_CAL_T40_SOC62.5,hierarchical_power_fallback,0.90000000000000002,4,5,,unavailable_finite_sample_full_physical_range,unavailable,insufficient_same_route_calibration,,,,,
exhaustive_six_of_ten_partition,partition_163_7de3fdf82f1d,,NAUMANN_CAL_T40_SOC87.5,hierarchical_power_fallback,0.90000000000000002,4,5,,unavailable_finite_sample_full_physical_range,unavailable,insufficient_same_route_calibration,,,,,
exhaustive_six_of_ten_partition,partition_163_7de3fdf82f1d,,NAUMANN_CAL_T25_SOC50,hierarchical_power_fallback,0.94999999999999996,4,5,,unavailable_finite_sample_full_physical_range,unavailable,insufficient_same_route_calibration,,,,,
exhaustive_six_of_ten_partition,partition_163_7de3fdf82f1d,,NAUMANN_CAL_T40_SOC100,hierarchical_power_fallback,0.94999999999999996,4,5,,unavailable_finite_sample_full_physical_range,unavailable,insufficient_same_route_calibration,,,,,
exhaustive_six_of_ten_partition,partition_163_7de3fdf82f1d,,NAUMANN_CAL_T40_SOC62.5,hierarchical_power_fallback,0.94999999999999996,4,5,,unavailable_finite_sample_full_physical_range,unavailable,insufficient_same_route_calibration,,,,,
exhaustive_six_of_ten_partition,partition_163_7de3fdf82f1d,,NAUMANN_CAL_T40_SOC87.5,hierarchical_power_fallback,0.94999999999999996,4,5,,unavailable_finite_sample_full_physical_range,unavailable,insufficient_same_route_calibration,,,,,
exhaustive_six_of_ten_partition,partition_164_fa369e232166,,NAUMANN_CAL_T25_SOC50,hierarchical_power_fallback,0.80000000000000004,4,4,2.1698424743004083,finite_order_statistic,available,none,True,1,2.0394604851045166,3.7068476824296397,2.0394604851045166
exhaustive_six_of_ten_partition,partition_164_fa369e232166,,NAUMANN_CAL_T40_SOC100,hierarchical_power_fallback,0.80000000000000004,4,4,2.1698424743004083,finite_order_statistic,available,none,True,1,1.4242933532746951,2.2673997803693737,1.4242933532746951
exhaustive_six_of_ten_partition,partition_164_fa369e232166,,NAUMANN_CAL_T40_SOC62.5,hierarchical_power_fallback,0.80000000000000004,4,4,2.1698424743004083,finite_order_statistic,available,none,True,1,1.7721164814876715,3.0610265608058569,1.7721164814876715
exhaustive_six_of_ten_partition,partition_164_fa369e232166,,NAUMANN_CAL_T40_SOC75,hierarchical_power_fallback,0.80000000000000004,4,4,2.1698424743004083,finite_order_statistic,available,none,True,1,1.3720864256784864,2.1520129956726066,1.3720864256784864
exhaustive_six_of_ten_partition,partition_164_fa369e232166,,NAUMANN_CAL_T25_SOC50,hierarchical_power_fallback,0.90000000000000002,4,5,,unavailable_finite_sample_full_physical_range,unavailable,insufficient_same_route_calibration,,,,,
exhaustive_six_of_ten_partition,partition_164_fa369e232166,,NAUMANN_CAL_T40_SOC100,hierarchical_power_fallback,0.90000000000000002,4,5,,unavailable_finite_sample_full_physical_range,unavailable,insufficient_same_route_calibration,,,,,
exhaustive_six_of_ten_partition,partition_164_fa369e232166,,NAUMANN_CAL_T40_SOC62.5,hierarchical_power_fallback,0.90000000000000002,4,5,,unavailable_finite_sample_full_physical_range,unavailable,insufficient_same_route_calibration,,,,,
exhaustive_six_of_ten_partition,partition_164_fa369e232166,,NAUMANN_CAL_T40_SOC75,hierarchical_power_fallback,0.90000000000000002,4,5,,unavailable_finite_sample_full_physical_range,unavailable,insufficient_same_route_calibration,,,,,
exhaustive_six_of_ten_partition,partition_164_fa369e232166,,NAUMANN_CAL_T25_SOC50,hierarchical_power_fallback,0.94999999999999996,4,5,,unavailable_finite_sample_full_physical_range,unavailable,insufficient_same_route_calibration,,,,,
exhaustive_six_of_ten_partition,partition_164_fa369e232166,,NAUMANN_CAL_T40_SOC100,hierarchical_power_fallback,0.94999999999999996,4,5,,unavailable_finite_sample_full_physical_range,unavailable,insufficient_same_route_calibration,,,,,
exhaustive_six_of_ten_partition,partition_164_fa369e232166,,NAUMANN_CAL_T40_SOC62.5,hierarchical_power_fallback,0.94999999999999996,4,5,,unavailable_finite_sample_full_physical_range,unavailable,insufficient_same_route_calibration,,,,,
exhaustive_six_of_ten_partition,partition_164_fa369e232166,,NAUMANN_CAL_T40_SOC75,hierarchical_power_fallback,0.94999999999999996,4,5,,unavailable_finite_sample_full_physical_range,unavailable,insufficient_same_route_calibration,,,,,
exhaustive_six_of_ten_partition,partition_165_8e51fc4be652,,NAUMANN_CAL_T25_SOC50,hierarchical_power_fallback,0.80000000000000004,4,4,1.1922311952901099,finite_order_statistic,available,none,False,0.47999999999999998,1.1205921354669091,2.0367466742517024,1.2523566858039532
exhaustive_six_of_ten_partition,partition_165_8e51fc4be652,,NAUMANN_CAL_T40_SOC100,hierarchical_power_fallback,0.80000000000000004,4,4,1.1922311952901099,finite_order_statistic,available,none,False,0.56000000000000005,0.78258536604871898,1.2458345628162988,0.91363833444102394
exhaustive_six_of_ten_partition,partition_165_8e51fc4be652,,NAUMANN_CAL_T40_SOC50,hierarchical_power_fallback,0.80000000000000004,4,4,1.1922311952901099,finite_order_statistic,available,none,False,0.080000000000000002,1.2512644044041361,2.3432712521460815,4.1603345715361364
exhaustive_six_of_ten_partition,partition_165_8e51fc4be652,,NAUMANN_CAL_T40_SOC87.5,hierarchical_power_fallback,0.80000000000000004,4,4,1.1922311952901099,finite_order_statistic,available,none,True,1,0.73938614577860795,1.1501694413396422,0.73938614577860795
exhaustive_six_of_ten_partition,partition_165_8e51fc4be652,,NAUMANN_CAL_T25_SOC50,hierarchical_power_fallback,0.90000000000000002,4,5,,unavailable_finite_sample_full_physical_range,unavailable,insufficient_same_route_calibration,,,,,
exhaustive_six_of_ten_partition,partition_165_8e51fc4be652,,NAUMANN_CAL_T40_SOC100,hierarchical_power_fallback,0.90000000000000002,4,5,,unavailable_finite_sample_full_physical_range,unavailable,insufficient_same_route_calibration,,,,,
exhaustive_six_of_ten_partition,partition_165_8e51fc4be652,,NAUMANN_CAL_T40_SOC50,hierarchical_power_fallback,0.90000000000000002,4,5,,unavailable_finite_sample_full_physical_range,unavailable,insufficient_same_route_calibration,,,,,
exhaustive_six_of_ten_partition,partition_165_8e51fc4be652,,NAUMANN_CAL_T40_SOC87.5,hierarchical_power_fallback,0.90000000000000002,4,5,,unavailable_finite_sample_full_physical_range,unavailable,insufficient_same_route_calibration,,,,,
exhaustive_six_of_ten_partition,partition_165_8e51fc4be652,,NAUMANN_CAL_T25_SOC50,hierarchical_power_fallback,0.94999999999999996,4,5,,unavailable_finite_sample_full_physical_range,unavailable,insufficient_same_route_calibration,,,,,
exhaustive_six_of_ten_partition,partition_165_8e51fc4be652,,NAUMANN_CAL_T40_SOC100,hierarchical_power_fallback,0.94999999999999996,4,5,,unavailable_finite_sample_full_physical_range,unavailable,insufficient_same_route_calibration,,,,,
exhaustive_six_of_ten_partition,partition_165_8e51fc4be652,,NAUMANN_CAL_T40_SOC50,hierarchical_power_fallback,0.94999999999999996,4,5,,unavailable_finite_sample_full_physical_range,unavailable,insufficient_same_route_calibration,,,,,
exhaustive_six_of_ten_partition,partition_165_8e51fc4be652,,NAUMANN_CAL_T40_SOC87.5,hierarchical_power_fallback,0.94999999999999996,4,5,,unavailable_finite_sample_full_physical_range,unavailable,insufficient_same_route_calibration,,,,,
exhaustive_six_of_ten_partition,partition_166_a1a0ab10a063,,NAUMANN_CAL_T25_SOC50,hierarchical_power_fallback,0.80000000000000004,4,4,0.92431026412231909,finite_order_statistic,available,none,False,0.12,0.86877009828179785,1.579044285927921,2.0932488340418423
exhaustive_six_of_ten_partition,partition_166_a1a0ab10a063,,NAUMANN_CAL_T40_SOC100,hierarchical_power_fallback,0.80000000000000004,4,4,0.92431026412231909,finite_order_statistic,available,none,False,0.16,0.60672098603722702,0.96586775984272322,1.3236463594152281
exhaustive_six_of_ten_partition,partition_166_a1a0ab10a063,,NAUMANN_CAL_T40_SOC50,hierarchical_power_fallback,0.80000000000000004,4,4,0.92431026412231909,finite_order_statistic,available,none,False,0,0.97007739496383349,1.8166859570004306,5.2656584853673891
exhaustive_six_of_ten_partition,partition_166_a1a0ab10a063,,NAUMANN_CAL_T40_SOC75,hierarchical_power_fallback,0.80000000000000004,4,4,0.92431026412231909,finite_order_statistic,available,none,False,0.80000000000000004,0.58448186056751983,0.9167152565146921,0.73695688689475791
exhaustive_six_of_ten_partition,partition_166_a1a0ab10a063,,NAUMANN_CAL_T25_SOC50,hierarchical_power_fallback,0.90000000000000002,4,5,,unavailable_finite_sample_full_physical_range,unavailable,insufficient_same_route_calibration,,,,,
exhaustive_six_of_ten_partition,partition_166_a1a0ab10a063,,NAUMANN_CAL_T40_SOC100,hierarchical_power_fallback,0.90000000000000002,4,5,,unavailable_finite_sample_full_physical_range,unavailable,insufficient_same_route_calibration,,,,,
exhaustive_six_of_ten_partition,partition_166_a1a0ab10a063,,NAUMANN_CAL_T40_SOC50,hierarchical_power_fallback,0.90000000000000002,4,5,,unavailable_finite_sample_full_physical_range,unavailable,insufficient_same_route_calibration,,,,,
exhaustive_six_of_ten_partition,partition_166_a1a0ab10a063,,NAUMANN_CAL_T40_SOC75,hierarchical_power_fallback,0.90000000000000002,4,5,,unavailable_finite_sample_full_physical_range,unavailable,insufficient_same_route_calibration,,,,,
exhaustive_six_of_ten_partition,partition_166_a1a0ab10a063,,NAUMANN_CAL_T25_SOC50,hierarchical_power_fallback,0.94999999999999996,4,5,,unavailable_finite_sample_full_physical_range,unavailable,insufficient_same_route_calibration,,,,,
exhaustive_six_of_ten_partition,partition_166_a1a0ab10a063,,NAUMANN_CAL_T40_SOC100,hierarchical_power_fallback,0.94999999999999996,4,5,,unavailable_finite_sample_full_physical_range,unavailable,insufficient_same_route_calibration,,,,,
exhaustive_six_of_ten_partition,partition_166_a1a0ab10a063,,NAUMANN_CAL_T40_SOC50,hierarchical_power_fallback,0.94999999999999996,4,5,,unavailable_finite_sample_full_physical_range,unavailable,insufficient_same_route_calibration,,,,,
exhaustive_six_of_ten_partition,partition_166_a1a0ab10a063,,NAUMANN_CAL_T40_SOC75,hierarchical_power_fallback,0.94999999999999996,4,5,,unavailable_finite_sample_full_physical_range,unavailable,insufficient_same_route_calibration,,,,,
exhaustive_six_of_ten_partition,partition_167_fc555aa003d0,,NAUMANN_CAL_T25_SOC50,hierarchical_power_fallback,0.80000000000000004,4,4,1.1922311952901099,finite_order_statistic,available,none,False,0.47999999999999998,1.1205921354669091,2.0367466742517024,1.2523566858039532
exhaustive_six_of_ten_partition,partition_167_fc555aa003d0,,NAUMANN_CAL_T40_SOC100,hierarchical_power_fallback,0.80000000000000004,4,4,1.1922311952901099,finite_order_statistic,available,none,False,0.56000000000000005,0.78258536604871898,1.2458345628162988,0.91363833444102394
exhaustive_six_of_ten_partition,partition_167_fc555aa003d0,,NAUMANN_CAL_T40_SOC50,hierarchical_power_fallback,0.80000000000000004,4,4,1.1922311952901099,finite_order_statistic,available,none,False,0.080000000000000002,1.2512644044041361,2.3432712521460815,4.1603345715361364
exhaustive_six_of_ten_partition,partition_167_fc555aa003d0,,NAUMANN_CAL_T40_SOC62.5,hierarchical_power_fallback,0.80000000000000004,4,4,1.1922311952901099,finite_order_statistic,available,none,True,1,0.97369858685181265,1.6818969112405,0.97369858685181265
exhaustive_six_of_ten_partition,partition_167_fc555aa003d0,,NAUMANN_CAL_T25_SOC50,hierarchical_power_fallback,0.90000000000000002,4,5,,unavailable_finite_sample_full_physical_range,unavailable,insufficient_same_route_calibration,,,,,
exhaustive_six_of_ten_partition,partition_167_fc555aa003d0,,NAUMANN_CAL_T40_SOC100,hierarchical_power_fallback,0.90000000000000002,4,5,,unavailable_finite_sample_full_physical_range,unavailable,insufficient_same_route_calibration,,,,,
exhaustive_six_of_ten_partition,partition_167_fc555aa003d0,,NAUMANN_CAL_T40_SOC50,hierarchical_power_fallback,0.90000000000000002,4,5,,unavailable_finite_sample_full_physical_range,unavailable,insufficient_same_route_calibration,,,,,
exhaustive_six_of_ten_partition,partition_167_fc555aa003d0,,NAUMANN_CAL_T40_SOC62.5,hierarchical_power_fallback,0.90000000000000002,4,5,,unavailable_finite_sample_full_physical_range,unavailable,insufficient_same_route_calibration,,,,,
exhaustive_six_of_ten_partition,partition_167_fc555aa003d0,,NAUMANN_CAL_T25_SOC50,hierarchical_power_fallback,0.94999999999999996,4,5,,unavailable_finite_sample_full_physical_range,unavailable,insufficient_same_route_calibration,,,,,
exhaustive_six_of_ten_partition,partition_167_fc555aa003d0,,NAUMANN_CAL_T40_SOC100,hierarchical_power_fallback,0.94999999999999996,4,5,,unavailable_finite_sample_full_physical_range,unavailable,insufficient_same_route_calibration,,,,,
exhaustive_six_of_ten_partition,partition_167_fc555aa003d0,,NAUMANN_CAL_T40_SOC50,hierarchical_power_fallback,0.94999999999999996,4,5,,unavailable_finite_sample_full_physical_range,unavailable,insufficient_same_route_calibration,,,,,
exhaustive_six_of_ten_partition,partition_167_fc555aa003d0,,NAUMANN_CAL_T40_SOC62.5,hierarchical_power_fallback,0.94999999999999996,4,5,,unavailable_finite_sample_full_physical_range,unavailable,insufficient_same_route_calibration,,,,,
exhaustive_six_of_ten_partition,partition_168_f3b91f265f50,,NAUMANN_CAL_T25_SOC50,hierarchical_power_fallback,0.80000000000000004,4,4,2.1698424743004083,finite_order_statistic,available,none,True,1,2.0394604851045166,3.7068476824296397,2.0394604851045166
exhaustive_six_of_ten_partition,partition_168_f3b91f265f50,,NAUMANN_CAL_T40_SOC100,hierarchical_power_fallback,0.80000000000000004,4,4,2.1698424743004083,finite_order_statistic,available,none,True,1,1.4242933532746951,2.2673997803693737,1.4242933532746951
exhaustive_six_of_ten_partition,partition_168_f3b91f265f50,,NAUMANN_CAL_T40_SOC37.5,hierarchical_power_fallback,0.80000000000000004,4,4,2.1698424743004083,finite_order_statistic,available,none,True,1,1.9346642885590211,3.4427051368367643,1.9346642885590211
exhaustive_six_of_ten_partition,partition_168_f3b91f265f50,,NAUMANN_CAL_T40_SOC87.5,hierarchical_power_fallback,0.80000000000000004,4,4,2.1698424743004083,finite_order_statistic,available,none,True,1,1.3456714355048427,2.0932907277718584,1.3456714355048427
exhaustive_six_of_ten_partition,partition_168_f3b91f265f50,,NAUMANN_CAL_T25_SOC50,hierarchical_power_fallback,0.90000000000000002,4,5,,unavailable_finite_sample_full_physical_range,unavailable,insufficient_same_route_calibration,,,,,
exhaustive_six_of_ten_partition,partition_168_f3b91f265f50,,NAUMANN_CAL_T40_SOC100,hierarchical_power_fallback,0.90000000000000002,4,5,,unavailable_finite_sample_full_physical_range,unavailable,insufficient_same_route_calibration,,,,,
exhaustive_six_of_ten_partition,partition_168_f3b91f265f50,,NAUMANN_CAL_T40_SOC37.5,hierarchical_power_fallback,0.90000000000000002,4,5,,unavailable_finite_sample_full_physical_range,unavailable,insufficient_same_route_calibration,,,,,
exhaustive_six_of_ten_partition,partition_168_f3b91f265f50,,NAUMANN_CAL_T40_SOC87.5,hierarchical_power_fallback,0.90000000000000002,4,5,,unavailable_finite_sample_full_physical_range,unavailable,insufficient_same_route_calibration,,,,,
exhaustive_six_of_ten_partition,partition_168_f3b91f265f50,,NAUMANN_CAL_T25_SOC50,hierarchical_power_fallback,0.94999999999999996,4,5,,unavailable_finite_sample_full_physical_range,unavailable,insufficient_same_route_calibration,,,,,
exhaustive_six_of_ten_partition,partition_168_f3b91f265f50,,NAUMANN_CAL_T40_SOC100,hierarchical_power_fallback,0.94999999999999996,4,5,,unavailable_finite_sample_full_physical_range,unavailable,insufficient_same_route_calibration,,,,,
exhaustive_six_of_ten_partition,partition_168_f3b91f265f50,,NAUMANN_CAL_T40_SOC37.5,hierarchical_power_fallback,0.94999999999999996,4,5,,unavailable_finite_sample_full_physical_range,unavailable,insufficient_same_route_calibration,,,,,
exhaustive_six_of_ten_partition,partition_168_f3b91f265f50,,NAUMANN_CAL_T40_SOC87.5,hierarchical_power_fallback,0.94999999999999996,4,5,,unavailable_finite_sample_full_physical_range,unavailable,insufficient_same_route_calibration,,,,,
exhaustive_six_of_ten_partition,partition_169_42d033f06c57,,NAUMANN_CAL_T25_SOC50,hierarchical_power_fallback,0.80000000000000004,4,4,2.1698424743004083,finite_order_statistic,available,none,True,1,2.0394604851045166,3.7068476824296397,2.0394604851045166
exhaustive_six_of_ten_partition,partition_169_42d033f06c57,,NAUMANN_CAL_T40_SOC100,hierarchical_power_fallback,0.80000000000000004,4,4,2.1698424743004083,finite_order_statistic,available,none,True,1,1.4242933532746951,2.2673997803693737,1.4242933532746951
exhaustive_six_of_ten_partition,partition_169_42d033f06c57,,NAUMANN_CAL_T40_SOC37.5,hierarchical_power_fallback,0.80000000000000004,4,4,2.1698424743004083,finite_order_statistic,available,none,True,1,1.9346642885590211,3.4427051368367643,1.9346642885590211
exhaustive_six_of_ten_partition,partition_169_42d033f06c57,,NAUMANN_CAL_T40_SOC75,hierarchical_power_fallback,0.80000000000000004,4,4,2.1698424743004083,finite_order_statistic,available,none,True,1,1.3720864256784864,2.1520129956726066,1.3720864256784864
exhaustive_six_of_ten_partition,partition_169_42d033f06c57,,NAUMANN_CAL_T25_SOC50,hierarchical_power_fallback,0.90000000000000002,4,5,,unavailable_finite_sample_full_physical_range,unavailable,insufficient_same_route_calibration,,,,,
exhaustive_six_of_ten_partition,partition_169_42d033f06c57,,NAUMANN_CAL_T40_SOC100,hierarchical_power_fallback,0.90000000000000002,4,5,,unavailable_finite_sample_full_physical_range,unavailable,insufficient_same_route_calibration,,,,,
exhaustive_six_of_ten_partition,partition_169_42d033f06c57,,NAUMANN_CAL_T40_SOC37.5,hierarchical_power_fallback,0.90000000000000002,4,5,,unavailable_finite_sample_full_physical_range,unavailable,insufficient_same_route_calibration,,,,,
exhaustive_six_of_ten_partition,partition_169_42d033f06c57,,NAUMANN_CAL_T40_SOC75,hierarchical_power_fallback,0.90000000000000002,4,5,,unavailable_finite_sample_full_physical_range,unavailable,insufficient_same_route_calibration,,,,,
exhaustive_six_of_ten_partition,partition_169_42d033f06c57,,NAUMANN_CAL_T25_SOC50,hierarchical_power_fallback,0.94999999999999996,4,5,,unavailable_finite_sample_full_physical_range,unavailable,insufficient_same_route_calibration,,,,,
exhaustive_six_of_ten_partition,partition_169_42d033f06c57,,NAUMANN_CAL_T40_SOC100,hierarchical_power_fallback,0.94999999999999996,4,5,,unavailable_finite_sample_full_physical_range,unavailable,insufficient_same_route_calibration,,,,,
exhaustive_six_of_ten_partition,partition_169_42d033f06c57,,NAUMANN_CAL_T40_SOC37.5,hierarchical_power_fallback,0.94999999999999996,4,5,,unavailable_finite_sample_full_physical_range,unavailable,insufficient_same_route_calibration,,,,,
exhaustive_six_of_ten_partition,partition_169_42d033f06c57,,NAUMANN_CAL_T40_SOC75,hierarchical_power_fallback,0.94999999999999996,4,5,,unavailable_finite_sample_full_physical_range,unavailable,insufficient_same_route_calibration,,,,,
exhaustive_six_of_ten_partition,partition_170_16454852c20b,,NAUMANN_CAL_T25_SOC50,hierarchical_power_fallback,0.80000000000000004,4,4,2.1698424743004083,finite_order_statistic,available,none,True,1,2.0394604851045166,3.7068476824296397,2.0394604851045166
exhaustive_six_of_ten_partition,partition_170_16454852c20b,,NAUMANN_CAL_T40_SOC100,hierarchical_power_fallback,0.80000000000000004,4,4,2.1698424743004083,finite_order_statistic,available,none,True,1,1.4242933532746951,2.2673997803693737,1.4242933532746951
exhaustive_six_of_ten_partition,partition_170_16454852c20b,,NAUMANN_CAL_T40_SOC37.5,hierarchical_power_fallback,0.80000000000000004,4,4,2.1698424743004083,finite_order_statistic,available,none,True,1,1.9346642885590211,3.4427051368367643,1.9346642885590211
exhaustive_six_of_ten_partition,partition_170_16454852c20b,,NAUMANN_CAL_T40_SOC62.5,hierarchical_power_fallback,0.80000000000000004,4,4,2.1698424743004083,finite_order_statistic,available,none,True,1,1.7721164814876715,3.0610265608058569,1.7721164814876715
exhaustive_six_of_ten_partition,partition_170_16454852c20b,,NAUMANN_CAL_T25_SOC50,hierarchical_power_fallback,0.90000000000000002,4,5,,unavailable_finite_sample_full_physical_range,unavailable,insufficient_same_route_calibration,,,,,
exhaustive_six_of_ten_partition,partition_170_16454852c20b,,NAUMANN_CAL_T40_SOC100,hierarchical_power_fallback,0.90000000000000002,4,5,,unavailable_finite_sample_full_physical_range,unavailable,insufficient_same_route_calibration,,,,,
exhaustive_six_of_ten_partition,partition_170_16454852c20b,,NAUMANN_CAL_T40_SOC37.5,hierarchical_power_fallback,0.90000000000000002,4,5,,unavailable_finite_sample_full_physical_range,unavailable,insufficient_same_route_calibration,,,,,
exhaustive_six_of_ten_partition,partition_170_16454852c20b,,NAUMANN_CAL_T40_SOC62.5,hierarchical_power_fallback,0.90000000000000002,4,5,,unavailable_finite_sample_full_physical_range,unavailable,insufficient_same_route_calibration,,,,,
exhaustive_six_of_ten_partition,partition_170_16454852c20b,,NAUMANN_CAL_T25_SOC50,hierarchical_power_fallback,0.94999999999999996,4,5,,unavailable_finite_sample_full_physical_range,unavailable,insufficient_same_route_calibration,,,,,
exhaustive_six_of_ten_partition,partition_170_16454852c20b,,NAUMANN_CAL_T40_SOC100,hierarchical_power_fallback,0.94999999999999996,4,5,,unavailable_finite_sample_full_physical_range,unavailable,insufficient_same_route_calibration,,,,,
exhaustive_six_of_ten_partition,partition_170_16454852c20b,,NAUMANN_CAL_T40_SOC37.5,hierarchical_power_fallback,0.94999999999999996,4,5,,unavailable_finite_sample_full_physical_range,unavailable,insufficient_same_route_calibration,,,,,
exhaustive_six_of_ten_partition,partition_170_16454852c20b,,NAUMANN_CAL_T40_SOC62.5,hierarchical_power_fallback,0.94999999999999996,4,5,,unavailable_finite_sample_full_physical_range,unavailable,insufficient_same_route_calibration,,,,,
exhaustive_six_of_ten_partition,partition_171_10b388a526bc,,NAUMANN_CAL_T25_SOC50,hierarchical_power_fallback,0.80000000000000004,4,4,1.1922311952901099,finite_order_statistic,available,none,False,0.47999999999999998,1.1205921354669091,2.0367466742517024,1.2523566858039532
exhaustive_six_of_ten_partition,partition_171_10b388a526bc,,NAUMANN_CAL_T40_SOC100,hierarchical_power_fallback,0.80000000000000004,4,4,1.1922311952901099,finite_order_statistic,available,none,False,0.56000000000000005,0.78258536604871898,1.2458345628162988,0.91363833444102394
exhaustive_six_of_ten_partition,partition_171_10b388a526bc,,NAUMANN_CAL_T40_SOC37.5,hierarchical_power_fallback,0.80000000000000004,4,4,1.1922311952901099,finite_order_statistic,available,none,True,1,1.0630113220442343,1.8916121833432271,1.0630113220442343
exhaustive_six_of_ten_partition,partition_171_10b388a526bc,,NAUMANN_CAL_T40_SOC50,hierarchical_power_fallback,0.80000000000000004,4,4,1.1922311952901099,finite_order_statistic,available,none,False,0.080000000000000002,1.2512644044041361,2.3432712521460815,4.1603345715361364
exhaustive_six_of_ten_partition,partition_171_10b388a526bc,,NAUMANN_CAL_T25_SOC50,hierarchical_power_fallback,0.90000000000000002,4,5,,unavailable_finite_sample_full_physical_range,unavailable,insufficient_same_route_calibration,,,,,
exhaustive_six_of_ten_partition,partition_171_10b388a526bc,,NAUMANN_CAL_T40_SOC100,hierarchical_power_fallback,0.90000000000000002,4,5,,unavailable_finite_sample_full_physical_range,unavailable,insufficient_same_route_calibration,,,,,
exhaustive_six_of_ten_partition,partition_171_10b388a526bc,,NAUMANN_CAL_T40_SOC37.5,hierarchical_power_fallback,0.90000000000000002,4,5,,unavailable_finite_sample_full_physical_range,unavailable,insufficient_same_route_calibration,,,,,
exhaustive_six_of_ten_partition,partition_171_10b388a526bc,,NAUMANN_CAL_T40_SOC50,hierarchical_power_fallback,0.90000000000000002,4,5,,unavailable_finite_sample_full_physical_range,unavailable,insufficient_same_route_calibration,,,,,
exhaustive_six_of_ten_partition,partition_171_10b388a526bc,,NAUMANN_CAL_T25_SOC50,hierarchical_power_fallback,0.94999999999999996,4,5,,unavailable_finite_sample_full_physical_range,unavailable,insufficient_same_route_calibration,,,,,
exhaustive_six_of_ten_partition,partition_171_10b388a526bc,,NAUMANN_CAL_T40_SOC100,hierarchical_power_fallback,0.94999999999999996,4,5,,unavailable_finite_sample_full_physical_range,unavailable,insufficient_same_route_calibration,,,,,
exhaustive_six_of_ten_partition,partition_171_10b388a526bc,,NAUMANN_CAL_T40_SOC37.5,hierarchical_power_fallback,0.94999999999999996,4,5,,unavailable_finite_sample_full_physical_range,unavailable,insufficient_same_route_calibration,,,,,
exhaustive_six_of_ten_partition,partition_171_10b388a526bc,,NAUMANN_CAL_T40_SOC50,hierarchical_power_fallback,0.94999999999999996,4,5,,unavailable_finite_sample_full_physical_range,unavailable,insufficient_same_route_calibration,,,,,
exhaustive_six_of_ten_partition,partition_172_b738ecc8b7fd,,NAUMANN_CAL_T25_SOC50,hierarchical_power_fallback,0.80000000000000004,4,4,2.1698424743004083,finite_order_statistic,available,none,True,1,2.0394604851045166,3.7068476824296397,2.0394604851045166
exhaustive_six_of_ten_partition,partition_172_b738ecc8b7fd,,NAUMANN_CAL_T40_SOC100,hierarchical_power_fallback,0.80000000000000004,4,4,2.1698424743004083,finite_order_statistic,available,none,True,1,1.4242933532746951,2.2673997803693737,1.4242933532746951
exhaustive_six_of_ten_partition,partition_172_b738ecc8b7fd,,NAUMANN_CAL_T40_SOC25,hierarchical_power_fallback,0.80000000000000004,4,4,2.1698424743004083,finite_order_statistic,available,none,True,1,2.2106892511167611,4.1087384001945395,2.2106892511167611
exhaustive_six_of_ten_partition,partition_172_b738ecc8b7fd,,NAUMANN_CAL_T40_SOC87.5,hierarchical_power_fallback,0.80000000000000004,4,4,2.1698424743004083,finite_order_statistic,available,none,True,1,1.3456714355048427,2.0932907277718584,1.3456714355048427
exhaustive_six_of_ten_partition,partition_172_b738ecc8b7fd,,NAUMANN_CAL_T25_SOC50,hierarchical_power_fallback,0.90000000000000002,4,5,,unavailable_finite_sample_full_physical_range,unavailable,insufficient_same_route_calibration,,,,,
exhaustive_six_of_ten_partition,partition_172_b738ecc8b7fd,,NAUMANN_CAL_T40_SOC100,hierarchical_power_fallback,0.90000000000000002,4,5,,unavailable_finite_sample_full_physical_range,unavailable,insufficient_same_route_calibration,,,,,
exhaustive_six_of_ten_partition,partition_172_b738ecc8b7fd,,NAUMANN_CAL_T40_SOC25,hierarchical_power_fallback,0.90000000000000002,4,5,,unavailable_finite_sample_full_physical_range,unavailable,insufficient_same_route_calibration,,,,,
exhaustive_six_of_ten_partition,partition_172_b738ecc8b7fd,,NAUMANN_CAL_T40_SOC87.5,hierarchical_power_fallback,0.90000000000000002,4,5,,unavailable_finite_sample_full_physical_range,unavailable,insufficient_same_route_calibration,,,,,
exhaustive_six_of_ten_partition,partition_172_b738ecc8b7fd,,NAUMANN_CAL_T25_SOC50,hierarchical_power_fallback,0.94999999999999996,4,5,,unavailable_finite_sample_full_physical_range,unavailable,insufficient_same_route_calibration,,,,,
exhaustive_six_of_ten_partition,partition_172_b738ecc8b7fd,,NAUMANN_CAL_T40_SOC100,hierarchical_power_fallback,0.94999999999999996,4,5,,unavailable_finite_sample_full_physical_range,unavailable,insufficient_same_route_calibration,,,,,
exhaustive_six_of_ten_partition,partition_172_b738ecc8b7fd,,NAUMANN_CAL_T40_SOC25,hierarchical_power_fallback,0.94999999999999996,4,5,,unavailable_finite_sample_full_physical_range,unavailable,insufficient_same_route_calibration,,,,,
exhaustive_six_of_ten_partition,partition_172_b738ecc8b7fd,,NAUMANN_CAL_T40_SOC87.5,hierarchical_power_fallback,0.94999999999999996,4,5,,unavailable_finite_sample_full_physical_range,unavailable,insufficient_same_route_calibration,,,,,
exhaustive_six_of_ten_partition,partition_173_d826be46b6ca,,NAUMANN_CAL_T25_SOC50,hierarchical_power_fallback,0.80000000000000004,4,4,2.1698424743004083,finite_order_statistic,available,none,True,1,2.0394604851045166,3.7068476824296397,2.0394604851045166
exhaustive_six_of_ten_partition,partition_173_d826be46b6ca,,NAUMANN_CAL_T40_SOC100,hierarchical_power_fallback,0.80000000000000004,4,4,2.1698424743004083,finite_order_statistic,available,none,True,1,1.4242933532746951,2.2673997803693737,1.4242933532746951
exhaustive_six_of_ten_partition,partition_173_d826be46b6ca,,NAUMANN_CAL_T40_SOC25,hierarchical_power_fallback,0.80000000000000004,4,4,2.1698424743004083,finite_order_statistic,available,none,True,1,2.2106892511167611,4.1087384001945395,2.2106892511167611
exhaustive_six_of_ten_partition,partition_173_d826be46b6ca,,NAUMANN_CAL_T40_SOC75,hierarchical_power_fallback,0.80000000000000004,4,4,2.1698424743004083,finite_order_statistic,available,none,True,1,1.3720864256784864,2.1520129956726066,1.3720864256784864
exhaustive_six_of_ten_partition,partition_173_d826be46b6ca,,NAUMANN_CAL_T25_SOC50,hierarchical_power_fallback,0.90000000000000002,4,5,,unavailable_finite_sample_full_physical_range,unavailable,insufficient_same_route_calibration,,,,,
exhaustive_six_of_ten_partition,partition_173_d826be46b6ca,,NAUMANN_CAL_T40_SOC100,hierarchical_power_fallback,0.90000000000000002,4,5,,unavailable_finite_sample_full_physical_range,unavailable,insufficient_same_route_calibration,,,,,
exhaustive_six_of_ten_partition,partition_173_d826be46b6ca,,NAUMANN_CAL_T40_SOC25,hierarchical_power_fallback,0.90000000000000002,4,5,,unavailable_finite_sample_full_physical_range,unavailable,insufficient_same_route_calibration,,,,,
exhaustive_six_of_ten_partition,partition_173_d826be46b6ca,,NAUMANN_CAL_T40_SOC75,hierarchical_power_fallback,0.90000000000000002,4,5,,unavailable_finite_sample_full_physical_range,unavailable,insufficient_same_route_calibration,,,,,
exhaustive_six_of_ten_partition,partition_173_d826be46b6ca,,NAUMANN_CAL_T25_SOC50,hierarchical_power_fallback,0.94999999999999996,4,5,,unavailable_finite_sample_full_physical_range,unavailable,insufficient_same_route_calibration,,,,,
exhaustive_six_of_ten_partition,partition_173_d826be46b6ca,,NAUMANN_CAL_T40_SOC100,hierarchical_power_fallback,0.94999999999999996,4,5,,unavailable_finite_sample_full_physical_range,unavailable,insufficient_same_route_calibration,,,,,
exhaustive_six_of_ten_partition,partition_173_d826be46b6ca,,NAUMANN_CAL_T40_SOC25,hierarchical_power_fallback,0.94999999999999996,4,5,,unavailable_finite_sample_full_physical_range,unavailable,insufficient_same_route_calibration,,,,,
exhaustive_six_of_ten_partition,partition_173_d826be46b6ca,,NAUMANN_CAL_T40_SOC75,hierarchical_power_fallback,0.94999999999999996,4,5,,unavailable_finite_sample_full_physical_range,unavailable,insufficient_same_route_calibration,,,,,
exhaustive_six_of_ten_partition,partition_174_233fda98d75b,,NAUMANN_CAL_T25_SOC50,hierarchical_power_fallback,0.80000000000000004,4,4,2.1698424743004083,finite_order_statistic,available,none,True,1,2.0394604851045166,3.7068476824296397,2.0394604851045166
exhaustive_six_of_ten_partition,partition_174_233fda98d75b,,NAUMANN_CAL_T40_SOC100,hierarchical_power_fallback,0.80000000000000004,4,4,2.1698424743004083,finite_order_statistic,available,none,True,1,1.4242933532746951,2.2673997803693737,1.4242933532746951
exhaustive_six_of_ten_partition,partition_174_233fda98d75b,,NAUMANN_CAL_T40_SOC25,hierarchical_power_fallback,0.80000000000000004,4,4,2.1698424743004083,finite_order_statistic,available,none,True,1,2.2106892511167611,4.1087384001945395,2.2106892511167611
exhaustive_six_of_ten_partition,partition_174_233fda98d75b,,NAUMANN_CAL_T40_SOC62.5,hierarchical_power_fallback,0.80000000000000004,4,4,2.1698424743004083,finite_order_statistic,available,none,True,1,1.7721164814876715,3.0610265608058569,1.7721164814876715
exhaustive_six_of_ten_partition,partition_174_233fda98d75b,,NAUMANN_CAL_T25_SOC50,hierarchical_power_fallback,0.90000000000000002,4,5,,unavailable_finite_sample_full_physical_range,unavailable,insufficient_same_route_calibration,,,,,
exhaustive_six_of_ten_partition,partition_174_233fda98d75b,,NAUMANN_CAL_T40_SOC100,hierarchical_power_fallback,0.90000000000000002,4,5,,unavailable_finite_sample_full_physical_range,unavailable,insufficient_same_route_calibration,,,,,
exhaustive_six_of_ten_partition,partition_174_233fda98d75b,,NAUMANN_CAL_T40_SOC25,hierarchical_power_fallback,0.90000000000000002,4,5,,unavailable_finite_sample_full_physical_range,unavailable,insufficient_same_route_calibration,,,,,
exhaustive_six_of_ten_partition,partition_174_233fda98d75b,,NAUMANN_CAL_T40_SOC62.5,hierarchical_power_fallback,0.90000000000000002,4,5,,unavailable_finite_sample_full_physical_range,unavailable,insufficient_same_route_calibration,,,,,
exhaustive_six_of_ten_partition,partition_174_233fda98d75b,,NAUMANN_CAL_T25_SOC50,hierarchical_power_fallback,0.94999999999999996,4,5,,unavailable_finite_sample_full_physical_range,unavailable,insufficient_same_route_calibration,,,,,
exhaustive_six_of_ten_partition,partition_174_233fda98d75b,,NAUMANN_CAL_T40_SOC100,hierarchical_power_fallback,0.94999999999999996,4,5,,unavailable_finite_sample_full_physical_range,unavailable,insufficient_same_route_calibration,,,,,
exhaustive_six_of_ten_partition,partition_174_233fda98d75b,,NAUMANN_CAL_T40_SOC25,hierarchical_power_fallback,0.94999999999999996,4,5,,unavailable_finite_sample_full_physical_range,unavailable,insufficient_same_route_calibration,,,,,
exhaustive_six_of_ten_partition,partition_174_233fda98d75b,,NAUMANN_CAL_T40_SOC62.5,hierarchical_power_fallback,0.94999999999999996,4,5,,unavailable_finite_sample_full_physical_range,unavailable,insufficient_same_route_calibration,,,,,
exhaustive_six_of_ten_partition,partition_175_02cafaa6534a,,NAUMANN_CAL_T25_SOC50,hierarchical_power_fallback,0.80000000000000004,4,4,1.1922311952901099,finite_order_statistic,available,none,False,0.47999999999999998,1.1205921354669091,2.0367466742517024,1.2523566858039532
exhaustive_six_of_ten_partition,partition_175_02cafaa6534a,,NAUMANN_CAL_T40_SOC100,hierarchical_power_fallback,0.80000000000000004,4,4,1.1922311952901099,finite_order_statistic,available,none,False,0.56000000000000005,0.78258536604871898,1.2458345628162988,0.91363833444102394
exhaustive_six_of_ten_partition,partition_175_02cafaa6534a,,NAUMANN_CAL_T40_SOC25,hierarchical_power_fallback,0.80000000000000004,4,4,1.1922311952901099,finite_order_statistic,available,none,True,1,1.2146746685487881,2.2575676124035908,1.2146746685487881
exhaustive_six_of_ten_partition,partition_175_02cafaa6534a,,NAUMANN_CAL_T40_SOC50,hierarchical_power_fallback,0.80000000000000004,4,4,1.1922311952901099,finite_order_statistic,available,none,False,0.080000000000000002,1.2512644044041361,2.3432712521460815,4.1603345715361364
exhaustive_six_of_ten_partition,partition_175_02cafaa6534a,,NAUMANN_CAL_T25_SOC50,hierarchical_power_fallback,0.90000000000000002,4,5,,unavailable_finite_sample_full_physical_range,unavailable,insufficient_same_route_calibration,,,,,
exhaustive_six_of_ten_partition,partition_175_02cafaa6534a,,NAUMANN_CAL_T40_SOC100,hierarchical_power_fallback,0.90000000000000002,4,5,,unavailable_finite_sample_full_physical_range,unavailable,insufficient_same_route_calibration,,,,,
exhaustive_six_of_ten_partition,partition_175_02cafaa6534a,,NAUMANN_CAL_T40_SOC25,hierarchical_power_fallback,0.90000000000000002,4,5,,unavailable_finite_sample_full_physical_range,unavailable,insufficient_same_route_calibration,,,,,
exhaustive_six_of_ten_partition,partition_175_02cafaa6534a,,NAUMANN_CAL_T40_SOC50,hierarchical_power_fallback,0.90000000000000002,4,5,,unavailable_finite_sample_full_physical_range,unavailable,insufficient_same_route_calibration,,,,,
exhaustive_six_of_ten_partition,partition_175_02cafaa6534a,,NAUMANN_CAL_T25_SOC50,hierarchical_power_fallback,0.94999999999999996,4,5,,unavailable_finite_sample_full_physical_range,unavailable,insufficient_same_route_calibration,,,,,
exhaustive_six_of_ten_partition,partition_175_02cafaa6534a,,NAUMANN_CAL_T40_SOC100,hierarchical_power_fallback,0.94999999999999996,4,5,,unavailable_finite_sample_full_physical_range,unavailable,insufficient_same_route_calibration,,,,,
exhaustive_six_of_ten_partition,partition_175_02cafaa6534a,,NAUMANN_CAL_T40_SOC25,hierarchical_power_fallback,0.94999999999999996,4,5,,unavailable_finite_sample_full_physical_range,unavailable,insufficient_same_route_calibration,,,,,
exhaustive_six_of_ten_partition,partition_175_02cafaa6534a,,NAUMANN_CAL_T40_SOC50,hierarchical_power_fallback,0.94999999999999996,4,5,,unavailable_finite_sample_full_physical_range,unavailable,insufficient_same_route_calibration,,,,,
exhaustive_six_of_ten_partition,partition_176_7f159a374154,,NAUMANN_CAL_T25_SOC50,hierarchical_power_fallback,0.80000000000000004,4,4,2.1698424743004083,finite_order_statistic,available,none,True,1,2.0394604851045166,3.7068476824296397,2.0394604851045166
exhaustive_six_of_ten_partition,partition_176_7f159a374154,,NAUMANN_CAL_T40_SOC100,hierarchical_power_fallback,0.80000000000000004,4,4,2.1698424743004083,finite_order_statistic,available,none,True,1,1.4242933532746951,2.2673997803693737,1.4242933532746951
exhaustive_six_of_ten_partition,partition_176_7f159a374154,,NAUMANN_CAL_T40_SOC25,hierarchical_power_fallback,0.80000000000000004,4,4,2.1698424743004083,finite_order_statistic,available,none,True,1,2.2106892511167611,4.1087384001945395,2.2106892511167611
exhaustive_six_of_ten_partition,partition_176_7f159a374154,,NAUMANN_CAL_T40_SOC37.5,hierarchical_power_fallback,0.80000000000000004,4,4,2.1698424743004083,finite_order_statistic,available,none,True,1,1.9346642885590211,3.4427051368367643,1.9346642885590211
exhaustive_six_of_ten_partition,partition_176_7f159a374154,,NAUMANN_CAL_T25_SOC50,hierarchical_power_fallback,0.90000000000000002,4,5,,unavailable_finite_sample_full_physical_range,unavailable,insufficient_same_route_calibration,,,,,
exhaustive_six_of_ten_partition,partition_176_7f159a374154,,NAUMANN_CAL_T40_SOC100,hierarchical_power_fallback,0.90000000000000002,4,5,,unavailable_finite_sample_full_physical_range,unavailable,insufficient_same_route_calibration,,,,,
exhaustive_six_of_ten_partition,partition_176_7f159a374154,,NAUMANN_CAL_T40_SOC25,hierarchical_power_fallback,0.90000000000000002,4,5,,unavailable_finite_sample_full_physical_range,unavailable,insufficient_same_route_calibration,,,,,
exhaustive_six_of_ten_partition,partition_176_7f159a374154,,NAUMANN_CAL_T40_SOC37.5,hierarchical_power_fallback,0.90000000000000002,4,5,,unavailable_finite_sample_full_physical_range,unavailable,insufficient_same_route_calibration,,,,,
exhaustive_six_of_ten_partition,partition_176_7f159a374154,,NAUMANN_CAL_T25_SOC50,hierarchical_power_fallback,0.94999999999999996,4,5,,unavailable_finite_sample_full_physical_range,unavailable,insufficient_same_route_calibration,,,,,
exhaustive_six_of_ten_partition,partition_176_7f159a374154,,NAUMANN_CAL_T40_SOC100,hierarchical_power_fallback,0.94999999999999996,4,5,,unavailable_finite_sample_full_physical_range,unavailable,insufficient_same_route_calibration,,,,,
exhaustive_six_of_ten_partition,partition_176_7f159a374154,,NAUMANN_CAL_T40_SOC25,hierarchical_power_fallback,0.94999999999999996,4,5,,unavailable_finite_sample_full_physical_range,unavailable,insufficient_same_route_calibration,,,,,
exhaustive_six_of_ten_partition,partition_176_7f159a374154,,NAUMANN_CAL_T40_SOC37.5,hierarchical_power_fallback,0.94999999999999996,4,5,,unavailable_finite_sample_full_physical_range,unavailable,insufficient_same_route_calibration,,,,,
exhaustive_six_of_ten_partition,partition_177_a3c548d896c9,,NAUMANN_CAL_T40_SOC12.5,hierarchical_activation_residual,0.80000000000000004,1,2,,unavailable_finite_sample_full_physical_range,unavailable,insufficient_same_route_calibration,,,,,
exhaustive_six_of_ten_partition,partition_177_a3c548d896c9,,NAUMANN_CAL_T40_SOC12.5,hierarchical_activation_residual,0.90000000000000002,1,2,,unavailable_finite_sample_full_physical_range,unavailable,insufficient_same_route_calibration,,,,,
exhaustive_six_of_ten_partition,partition_177_a3c548d896c9,,NAUMANN_CAL_T40_SOC12.5,hierarchical_activation_residual,0.94999999999999996,1,2,,unavailable_finite_sample_full_physical_range,unavailable,insufficient_same_route_calibration,,,,,
exhaustive_six_of_ten_partition,partition_177_a3c548d896c9,,NAUMANN_CAL_T25_SOC50,hierarchical_power_fallback,0.80000000000000004,5,5,2.1698424743004083,finite_order_statistic,available,none,True,1,2.0394604851045166,3.7068476824296397,2.0394604851045166
exhaustive_six_of_ten_partition,partition_177_a3c548d896c9,,NAUMANN_CAL_T40_SOC100,hierarchical_power_fallback,0.80000000000000004,5,5,2.1698424743004083,finite_order_statistic,available,none,True,1,1.4242933532746951,2.2673997803693737,1.4242933532746951
exhaustive_six_of_ten_partition,partition_177_a3c548d896c9,,NAUMANN_CAL_T40_SOC87.5,hierarchical_power_fallback,0.80000000000000004,5,5,2.1698424743004083,finite_order_statistic,available,none,True,1,1.3456714355048427,2.0932907277718584,1.3456714355048427
exhaustive_six_of_ten_partition,partition_177_a3c548d896c9,,NAUMANN_CAL_T25_SOC50,hierarchical_power_fallback,0.90000000000000002,5,6,,unavailable_finite_sample_full_physical_range,unavailable,insufficient_same_route_calibration,,,,,
exhaustive_six_of_ten_partition,partition_177_a3c548d896c9,,NAUMANN_CAL_T40_SOC100,hierarchical_power_fallback,0.90000000000000002,5,6,,unavailable_finite_sample_full_physical_range,unavailable,insufficient_same_route_calibration,,,,,
exhaustive_six_of_ten_partition,partition_177_a3c548d896c9,,NAUMANN_CAL_T40_SOC87.5,hierarchical_power_fallback,0.90000000000000002,5,6,,unavailable_finite_sample_full_physical_range,unavailable,insufficient_same_route_calibration,,,,,
exhaustive_six_of_ten_partition,partition_177_a3c548d896c9,,NAUMANN_CAL_T25_SOC50,hierarchical_power_fallback,0.94999999999999996,5,6,,unavailable_finite_sample_full_physical_range,unavailable,insufficient_same_route_calibration,,,,,
exhaustive_six_of_ten_partition,partition_177_a3c548d896c9,,NAUMANN_CAL_T40_SOC100,hierarchical_power_fallback,0.94999999999999996,5,6,,unavailable_finite_sample_full_physical_range,unavailable,insufficient_same_route_calibration,,,,,
exhaustive_six_of_ten_partition,partition_177_a3c548d896c9,,NAUMANN_CAL_T40_SOC87.5,hierarchical_power_fallback,0.94999999999999996,5,6,,unavailable_finite_sample_full_physical_range,unavailable,insufficient_same_route_calibration,,,,,
exhaustive_six_of_ten_partition,partition_178_eb4a6081f8e9,,NAUMANN_CAL_T40_SOC12.5,hierarchical_activation_residual,0.80000000000000004,1,2,,unavailable_finite_sample_full_physical_range,unavailable,insufficient_same_route_calibration,,,,,
exhaustive_six_of_ten_partition,partition_178_eb4a6081f8e9,,NAUMANN_CAL_T40_SOC12.5,hierarchical_activation_residual,0.90000000000000002,1,2,,unavailable_finite_sample_full_physical_range,unavailable,insufficient_same_route_calibration,,,,,
exhaustive_six_of_ten_partition,partition_178_eb4a6081f8e9,,NAUMANN_CAL_T40_SOC12.5,hierarchical_activation_residual,0.94999999999999996,1,2,,unavailable_finite_sample_full_physical_range,unavailable,insufficient_same_route_calibration,,,,,
exhaustive_six_of_ten_partition,partition_178_eb4a6081f8e9,,NAUMANN_CAL_T25_SOC50,hierarchical_power_fallback,0.80000000000000004,5,5,2.1698424743004083,finite_order_statistic,available,none,True,1,2.0394604851045166,3.7068476824296397,2.0394604851045166
exhaustive_six_of_ten_partition,partition_178_eb4a6081f8e9,,NAUMANN_CAL_T40_SOC100,hierarchical_power_fallback,0.80000000000000004,5,5,2.1698424743004083,finite_order_statistic,available,none,True,1,1.4242933532746951,2.2673997803693737,1.4242933532746951
exhaustive_six_of_ten_partition,partition_178_eb4a6081f8e9,,NAUMANN_CAL_T40_SOC75,hierarchical_power_fallback,0.80000000000000004,5,5,2.1698424743004083,finite_order_statistic,available,none,True,1,1.3720864256784864,2.1520129956726066,1.3720864256784864
exhaustive_six_of_ten_partition,partition_178_eb4a6081f8e9,,NAUMANN_CAL_T25_SOC50,hierarchical_power_fallback,0.90000000000000002,5,6,,unavailable_finite_sample_full_physical_range,unavailable,insufficient_same_route_calibration,,,,,
exhaustive_six_of_ten_partition,partition_178_eb4a6081f8e9,,NAUMANN_CAL_T40_SOC100,hierarchical_power_fallback,0.90000000000000002,5,6,,unavailable_finite_sample_full_physical_range,unavailable,insufficient_same_route_calibration,,,,,
exhaustive_six_of_ten_partition,partition_178_eb4a6081f8e9,,NAUMANN_CAL_T40_SOC75,hierarchical_power_fallback,0.90000000000000002,5,6,,unavailable_finite_sample_full_physical_range,unavailable,insufficient_same_route_calibration,,,,,
exhaustive_six_of_ten_partition,partition_178_eb4a6081f8e9,,NAUMANN_CAL_T25_SOC50,hierarchical_power_fallback,0.94999999999999996,5,6,,unavailable_finite_sample_full_physical_range,unavailable,insufficient_same_route_calibration,,,,,
exhaustive_six_of_ten_partition,partition_178_eb4a6081f8e9,,NAUMANN_CAL_T40_SOC100,hierarchical_power_fallback,0.94999999999999996,5,6,,unavailable_finite_sample_full_physical_range,unavailable,insufficient_same_route_calibration,,,,,
exhaustive_six_of_ten_partition,partition_178_eb4a6081f8e9,,NAUMANN_CAL_T40_SOC75,hierarchical_power_fallback,0.94999999999999996,5,6,,unavailable_finite_sample_full_physical_range,unavailable,insufficient_same_route_calibration,,,,,
exhaustive_six_of_ten_partition,partition_179_0d741e9aef81,,NAUMANN_CAL_T40_SOC12.5,hierarchical_activation_residual,0.80000000000000004,1,2,,unavailable_finite_sample_full_physical_range,unavailable,insufficient_same_route_calibration,,,,,
exhaustive_six_of_ten_partition,partition_179_0d741e9aef81,,NAUMANN_CAL_T40_SOC12.5,hierarchical_activation_residual,0.90000000000000002,1,2,,unavailable_finite_sample_full_physical_range,unavailable,insufficient_same_route_calibration,,,,,
exhaustive_six_of_ten_partition,partition_179_0d741e9aef81,,NAUMANN_CAL_T40_SOC12.5,hierarchical_activation_residual,0.94999999999999996,1,2,,unavailable_finite_sample_full_physical_range,unavailable,insufficient_same_route_calibration,,,,,
exhaustive_six_of_ten_partition,partition_179_0d741e9aef81,,NAUMANN_CAL_T25_SOC50,hierarchical_power_fallback,0.80000000000000004,5,5,2.1698424743004083,finite_order_statistic,available,none,True,1,2.0394604851045166,3.7068476824296397,2.0394604851045166
exhaustive_six_of_ten_partition,partition_179_0d741e9aef81,,NAUMANN_CAL_T40_SOC100,hierarchical_power_fallback,0.80000000000000004,5,5,2.1698424743004083,finite_order_statistic,available,none,True,1,1.4242933532746951,2.2673997803693737,1.4242933532746951
exhaustive_six_of_ten_partition,partition_179_0d741e9aef81,,NAUMANN_CAL_T40_SOC62.5,hierarchical_power_fallback,0.80000000000000004,5,5,2.1698424743004083,finite_order_statistic,available,none,True,1,1.7721164814876715,3.0610265608058569,1.7721164814876715
exhaustive_six_of_ten_partition,partition_179_0d741e9aef81,,NAUMANN_CAL_T25_SOC50,hierarchical_power_fallback,0.90000000000000002,5,6,,unavailable_finite_sample_full_physical_range,unavailable,insufficient_same_route_calibration,,,,,
exhaustive_six_of_ten_partition,partition_179_0d741e9aef81,,NAUMANN_CAL_T40_SOC100,hierarchical_power_fallback,0.90000000000000002,5,6,,unavailable_finite_sample_full_physical_range,unavailable,insufficient_same_route_calibration,,,,,
exhaustive_six_of_ten_partition,partition_179_0d741e9aef81,,NAUMANN_CAL_T40_SOC62.5,hierarchical_power_fallback,0.90000000000000002,5,6,,unavailable_finite_sample_full_physical_range,unavailable,insufficient_same_route_calibration,,,,,
exhaustive_six_of_ten_partition,partition_179_0d741e9aef81,,NAUMANN_CAL_T25_SOC50,hierarchical_power_fallback,0.94999999999999996,5,6,,unavailable_finite_sample_full_physical_range,unavailable,insufficient_same_route_calibration,,,,,
exhaustive_six_of_ten_partition,partition_179_0d741e9aef81,,NAUMANN_CAL_T40_SOC100,hierarchical_power_fallback,0.94999999999999996,5,6,,unavailable_finite_sample_full_physical_range,unavailable,insufficient_same_route_calibration,,,,,
exhaustive_six_of_ten_partition,partition_179_0d741e9aef81,,NAUMANN_CAL_T40_SOC62.5,hierarchical_power_fallback,0.94999999999999996,5,6,,unavailable_finite_sample_full_physical_range,unavailable,insufficient_same_route_calibration,,,,,
exhaustive_six_of_ten_partition,partition_180_f4cda9fe4706,,NAUMANN_CAL_T40_SOC12.5,hierarchical_activation_residual,0.80000000000000004,1,2,,unavailable_finite_sample_full_physical_range,unavailable,insufficient_same_route_calibration,,,,,
exhaustive_six_of_ten_partition,partition_180_f4cda9fe4706,,NAUMANN_CAL_T40_SOC12.5,hierarchical_activation_residual,0.90000000000000002,1,2,,unavailable_finite_sample_full_physical_range,unavailable,insufficient_same_route_calibration,,,,,
exhaustive_six_of_ten_partition,partition_180_f4cda9fe4706,,NAUMANN_CAL_T40_SOC12.5,hierarchical_activation_residual,0.94999999999999996,1,2,,unavailable_finite_sample_full_physical_range,unavailable,insufficient_same_route_calibration,,,,,
exhaustive_six_of_ten_partition,partition_180_f4cda9fe4706,,NAUMANN_CAL_T25_SOC50,hierarchical_power_fallback,0.80000000000000004,5,5,1.1922311952901099,finite_order_statistic,available,none,False,0.47999999999999998,1.1205921354669091,2.0367466742517024,1.2523566858039532
exhaustive_six_of_ten_partition,partition_180_f4cda9fe4706,,NAUMANN_CAL_T40_SOC100,hierarchical_power_fallback,0.80000000000000004,5,5,1.1922311952901099,finite_order_statistic,available,none,False,0.56000000000000005,0.78258536604871898,1.2458345628162988,0.91363833444102394
exhaustive_six_of_ten_partition,partition_180_f4cda9fe4706,,NAUMANN_CAL_T40_SOC50,hierarchical_power_fallback,0.80000000000000004,5,5,1.1922311952901099,finite_order_statistic,available,none,False,0.080000000000000002,1.2512644044041361,2.3432712521460815,4.1603345715361364
exhaustive_six_of_ten_partition,partition_180_f4cda9fe4706,,NAUMANN_CAL_T25_SOC50,hierarchical_power_fallback,0.90000000000000002,5,6,,unavailable_finite_sample_full_physical_range,unavailable,insufficient_same_route_calibration,,,,,
exhaustive_six_of_ten_partition,partition_180_f4cda9fe4706,,NAUMANN_CAL_T40_SOC100,hierarchical_power_fallback,0.90000000000000002,5,6,,unavailable_finite_sample_full_physical_range,unavailable,insufficient_same_route_calibration,,,,,
exhaustive_six_of_ten_partition,partition_180_f4cda9fe4706,,NAUMANN_CAL_T40_SOC50,hierarchical_power_fallback,0.90000000000000002,5,6,,unavailable_finite_sample_full_physical_range,unavailable,insufficient_same_route_calibration,,,,,
exhaustive_six_of_ten_partition,partition_180_f4cda9fe4706,,NAUMANN_CAL_T25_SOC50,hierarchical_power_fallback,0.94999999999999996,5,6,,unavailable_finite_sample_full_physical_range,unavailable,insufficient_same_route_calibration,,,,,
exhaustive_six_of_ten_partition,partition_180_f4cda9fe4706,,NAUMANN_CAL_T40_SOC100,hierarchical_power_fallback,0.94999999999999996,5,6,,unavailable_finite_sample_full_physical_range,unavailable,insufficient_same_route_calibration,,,,,
exhaustive_six_of_ten_partition,partition_180_f4cda9fe4706,,NAUMANN_CAL_T40_SOC50,hierarchical_power_fallback,0.94999999999999996,5,6,,unavailable_finite_sample_full_physical_range,unavailable,insufficient_same_route_calibration,,,,,
exhaustive_six_of_ten_partition,partition_181_fb10874f2ae7,,NAUMANN_CAL_T40_SOC12.5,hierarchical_activation_residual,0.80000000000000004,1,2,,unavailable_finite_sample_full_physical_range,unavailable,insufficient_same_route_calibration,,,,,
exhaustive_six_of_ten_partition,partition_181_fb10874f2ae7,,NAUMANN_CAL_T40_SOC12.5,hierarchical_activation_residual,0.90000000000000002,1,2,,unavailable_finite_sample_full_physical_range,unavailable,insufficient_same_route_calibration,,,,,
exhaustive_six_of_ten_partition,partition_181_fb10874f2ae7,,NAUMANN_CAL_T40_SOC12.5,hierarchical_activation_residual,0.94999999999999996,1,2,,unavailable_finite_sample_full_physical_range,unavailable,insufficient_same_route_calibration,,,,,
exhaustive_six_of_ten_partition,partition_181_fb10874f2ae7,,NAUMANN_CAL_T25_SOC50,hierarchical_power_fallback,0.80000000000000004,5,5,2.1698424743004083,finite_order_statistic,available,none,True,1,2.0394604851045166,3.7068476824296397,2.0394604851045166
exhaustive_six_of_ten_partition,partition_181_fb10874f2ae7,,NAUMANN_CAL_T40_SOC100,hierarchical_power_fallback,0.80000000000000004,5,5,2.1698424743004083,finite_order_statistic,available,none,True,1,1.4242933532746951,2.2673997803693737,1.4242933532746951
exhaustive_six_of_ten_partition,partition_181_fb10874f2ae7,,NAUMANN_CAL_T40_SOC37.5,hierarchical_power_fallback,0.80000000000000004,5,5,2.1698424743004083,finite_order_statistic,available,none,True,1,1.9346642885590211,3.4427051368367643,1.9346642885590211
exhaustive_six_of_ten_partition,partition_181_fb10874f2ae7,,NAUMANN_CAL_T25_SOC50,hierarchical_power_fallback,0.90000000000000002,5,6,,unavailable_finite_sample_full_physical_range,unavailable,insufficient_same_route_calibration,,,,,
exhaustive_six_of_ten_partition,partition_181_fb10874f2ae7,,NAUMANN_CAL_T40_SOC100,hierarchical_power_fallback,0.90000000000000002,5,6,,unavailable_finite_sample_full_physical_range,unavailable,insufficient_same_route_calibration,,,,,
exhaustive_six_of_ten_partition,partition_181_fb10874f2ae7,,NAUMANN_CAL_T40_SOC37.5,hierarchical_power_fallback,0.90000000000000002,5,6,,unavailable_finite_sample_full_physical_range,unavailable,insufficient_same_route_calibration,,,,,
exhaustive_six_of_ten_partition,partition_181_fb10874f2ae7,,NAUMANN_CAL_T25_SOC50,hierarchical_power_fallback,0.94999999999999996,5,6,,unavailable_finite_sample_full_physical_range,unavailable,insufficient_same_route_calibration,,,,,
exhaustive_six_of_ten_partition,partition_181_fb10874f2ae7,,NAUMANN_CAL_T40_SOC100,hierarchical_power_fallback,0.94999999999999996,5,6,,unavailable_finite_sample_full_physical_range,unavailable,insufficient_same_route_calibration,,,,,
exhaustive_six_of_ten_partition,partition_181_fb10874f2ae7,,NAUMANN_CAL_T40_SOC37.5,hierarchical_power_fallback,0.94999999999999996,5,6,,unavailable_finite_sample_full_physical_range,unavailable,insufficient_same_route_calibration,,,,,
exhaustive_six_of_ten_partition,partition_182_5d08e1c675b8,,NAUMANN_CAL_T40_SOC12.5,hierarchical_activation_residual,0.80000000000000004,1,2,,unavailable_finite_sample_full_physical_range,unavailable,insufficient_same_route_calibration,,,,,
exhaustive_six_of_ten_partition,partition_182_5d08e1c675b8,,NAUMANN_CAL_T40_SOC12.5,hierarchical_activation_residual,0.90000000000000002,1,2,,unavailable_finite_sample_full_physical_range,unavailable,insufficient_same_route_calibration,,,,,
exhaustive_six_of_ten_partition,partition_182_5d08e1c675b8,,NAUMANN_CAL_T40_SOC12.5,hierarchical_activation_residual,0.94999999999999996,1,2,,unavailable_finite_sample_full_physical_range,unavailable,insufficient_same_route_calibration,,,,,
exhaustive_six_of_ten_partition,partition_182_5d08e1c675b8,,NAUMANN_CAL_T25_SOC50,hierarchical_power_fallback,0.80000000000000004,5,5,2.1698424743004083,finite_order_statistic,available,none,True,1,2.0394604851045166,3.7068476824296397,2.0394604851045166
exhaustive_six_of_ten_partition,partition_182_5d08e1c675b8,,NAUMANN_CAL_T40_SOC100,hierarchical_power_fallback,0.80000000000000004,5,5,2.1698424743004083,finite_order_statistic,available,none,True,1,1.4242933532746951,2.2673997803693737,1.4242933532746951
exhaustive_six_of_ten_partition,partition_182_5d08e1c675b8,,NAUMANN_CAL_T40_SOC25,hierarchical_power_fallback,0.80000000000000004,5,5,2.1698424743004083,finite_order_statistic,available,none,True,1,2.2106892511167611,4.1087384001945395,2.2106892511167611
exhaustive_six_of_ten_partition,partition_182_5d08e1c675b8,,NAUMANN_CAL_T25_SOC50,hierarchical_power_fallback,0.90000000000000002,5,6,,unavailable_finite_sample_full_physical_range,unavailable,insufficient_same_route_calibration,,,,,
exhaustive_six_of_ten_partition,partition_182_5d08e1c675b8,,NAUMANN_CAL_T40_SOC100,hierarchical_power_fallback,0.90000000000000002,5,6,,unavailable_finite_sample_full_physical_range,unavailable,insufficient_same_route_calibration,,,,,
exhaustive_six_of_ten_partition,partition_182_5d08e1c675b8,,NAUMANN_CAL_T40_SOC25,hierarchical_power_fallback,0.90000000000000002,5,6,,unavailable_finite_sample_full_physical_range,unavailable,insufficient_same_route_calibration,,,,,
exhaustive_six_of_ten_partition,partition_182_5d08e1c675b8,,NAUMANN_CAL_T25_SOC50,hierarchical_power_fallback,0.94999999999999996,5,6,,unavailable_finite_sample_full_physical_range,unavailable,insufficient_same_route_calibration,,,,,
exhaustive_six_of_ten_partition,partition_182_5d08e1c675b8,,NAUMANN_CAL_T40_SOC100,hierarchical_power_fallback,0.94999999999999996,5,6,,unavailable_finite_sample_full_physical_range,unavailable,insufficient_same_route_calibration,,,,,
exhaustive_six_of_ten_partition,partition_182_5d08e1c675b8,,NAUMANN_CAL_T40_SOC25,hierarchical_power_fallback,0.94999999999999996,5,6,,unavailable_finite_sample_full_physical_range,unavailable,insufficient_same_route_calibration,,,,,
exhaustive_six_of_ten_partition,partition_183_cd1dcd05c242,,NAUMANN_CAL_T40_SOC0,hierarchical_activation_residual,0.80000000000000004,1,2,,unavailable_finite_sample_full_physical_range,unavailable,insufficient_same_route_calibration,,,,,
exhaustive_six_of_ten_partition,partition_183_cd1dcd05c242,,NAUMANN_CAL_T40_SOC0,hierarchical_activation_residual,0.90000000000000002,1,2,,unavailable_finite_sample_full_physical_range,unavailable,insufficient_same_route_calibration,,,,,
exhaustive_six_of_ten_partition,partition_183_cd1dcd05c242,,NAUMANN_CAL_T40_SOC0,hierarchical_activation_residual,0.94999999999999996,1,2,,unavailable_finite_sample_full_physical_range,unavailable,insufficient_same_route_calibration,,,,,
exhaustive_six_of_ten_partition,partition_183_cd1dcd05c242,,NAUMANN_CAL_T25_SOC50,hierarchical_power_fallback,0.80000000000000004,5,5,2.1698424743004083,finite_order_statistic,available,none,True,1,2.0394604851045166,3.7068476824296397,2.0394604851045166
exhaustive_six_of_ten_partition,partition_183_cd1dcd05c242,,NAUMANN_CAL_T40_SOC75,hierarchical_power_fallback,0.80000000000000004,5,5,2.1698424743004083,finite_order_statistic,available,none,True,1,1.3720864256784864,2.1520129956726066,1.3720864256784864
exhaustive_six_of_ten_partition,partition_183_cd1dcd05c242,,NAUMANN_CAL_T40_SOC87.5,hierarchical_power_fallback,0.80000000000000004,5,5,2.1698424743004083,finite_order_statistic,available,none,True,1,1.3456714355048427,2.0932907277718584,1.3456714355048427
exhaustive_six_of_ten_partition,partition_183_cd1dcd05c242,,NAUMANN_CAL_T25_SOC50,hierarchical_power_fallback,0.90000000000000002,5,6,,unavailable_finite_sample_full_physical_range,unavailable,insufficient_same_route_calibration,,,,,
exhaustive_six_of_ten_partition,partition_183_cd1dcd05c242,,NAUMANN_CAL_T40_SOC75,hierarchical_power_fallback,0.90000000000000002,5,6,,unavailable_finite_sample_full_physical_range,unavailable,insufficient_same_route_calibration,,,,,
exhaustive_six_of_ten_partition,partition_183_cd1dcd05c242,,NAUMANN_CAL_T40_SOC87.5,hierarchical_power_fallback,0.90000000000000002,5,6,,unavailable_finite_sample_full_physical_range,unavailable,insufficient_same_route_calibration,,,,,
exhaustive_six_of_ten_partition,partition_183_cd1dcd05c242,,NAUMANN_CAL_T25_SOC50,hierarchical_power_fallback,0.94999999999999996,5,6,,unavailable_finite_sample_full_physical_range,unavailable,insufficient_same_route_calibration,,,,,
exhaustive_six_of_ten_partition,partition_183_cd1dcd05c242,,NAUMANN_CAL_T40_SOC75,hierarchical_power_fallback,0.94999999999999996,5,6,,unavailable_finite_sample_full_physical_range,unavailable,insufficient_same_route_calibration,,,,,
exhaustive_six_of_ten_partition,partition_183_cd1dcd05c242,,NAUMANN_CAL_T40_SOC87.5,hierarchical_power_fallback,0.94999999999999996,5,6,,unavailable_finite_sample_full_physical_range,unavailable,insufficient_same_route_calibration,,,,,
exhaustive_six_of_ten_partition,partition_184_8bbf082e4c2b,,NAUMANN_CAL_T40_SOC0,hierarchical_activation_residual,0.80000000000000004,1,2,,unavailable_finite_sample_full_physical_range,unavailable,insufficient_same_route_calibration,,,,,
exhaustive_six_of_ten_partition,partition_184_8bbf082e4c2b,,NAUMANN_CAL_T40_SOC0,hierarchical_activation_residual,0.90000000000000002,1,2,,unavailable_finite_sample_full_physical_range,unavailable,insufficient_same_route_calibration,,,,,
exhaustive_six_of_ten_partition,partition_184_8bbf082e4c2b,,NAUMANN_CAL_T40_SOC0,hierarchical_activation_residual,0.94999999999999996,1,2,,unavailable_finite_sample_full_physical_range,unavailable,insufficient_same_route_calibration,,,,,
exhaustive_six_of_ten_partition,partition_184_8bbf082e4c2b,,NAUMANN_CAL_T25_SOC50,hierarchical_power_fallback,0.80000000000000004,5,5,2.1698424743004083,finite_order_statistic,available,none,True,1,2.0394604851045166,3.7068476824296397,2.0394604851045166
exhaustive_six_of_ten_partition,partition_184_8bbf082e4c2b,,NAUMANN_CAL_T40_SOC62.5,hierarchical_power_fallback,0.80000000000000004,5,5,2.1698424743004083,finite_order_statistic,available,none,True,1,1.7721164814876715,3.0610265608058569,1.7721164814876715
exhaustive_six_of_ten_partition,partition_184_8bbf082e4c2b,,NAUMANN_CAL_T40_SOC87.5,hierarchical_power_fallback,0.80000000000000004,5,5,2.1698424743004083,finite_order_statistic,available,none,True,1,1.3456714355048427,2.0932907277718584,1.3456714355048427
exhaustive_six_of_ten_partition,partition_184_8bbf082e4c2b,,NAUMANN_CAL_T25_SOC50,hierarchical_power_fallback,0.90000000000000002,5,6,,unavailable_finite_sample_full_physical_range,unavailable,insufficient_same_route_calibration,,,,,
exhaustive_six_of_ten_partition,partition_184_8bbf082e4c2b,,NAUMANN_CAL_T40_SOC62.5,hierarchical_power_fallback,0.90000000000000002,5,6,,unavailable_finite_sample_full_physical_range,unavailable,insufficient_same_route_calibration,,,,,
exhaustive_six_of_ten_partition,partition_184_8bbf082e4c2b,,NAUMANN_CAL_T40_SOC87.5,hierarchical_power_fallback,0.90000000000000002,5,6,,unavailable_finite_sample_full_physical_range,unavailable,insufficient_same_route_calibration,,,,,
exhaustive_six_of_ten_partition,partition_184_8bbf082e4c2b,,NAUMANN_CAL_T25_SOC50,hierarchical_power_fallback,0.94999999999999996,5,6,,unavailable_finite_sample_full_physical_range,unavailable,insufficient_same_route_calibration,,,,,
exhaustive_six_of_ten_partition,partition_184_8bbf082e4c2b,,NAUMANN_CAL_T40_SOC62.5,hierarchical_power_fallback,0.94999999999999996,5,6,,unavailable_finite_sample_full_physical_range,unavailable,insufficient_same_route_calibration,,,,,
exhaustive_six_of_ten_partition,partition_184_8bbf082e4c2b,,NAUMANN_CAL_T40_SOC87.5,hierarchical_power_fallback,0.94999999999999996,5,6,,unavailable_finite_sample_full_physical_range,unavailable,insufficient_same_route_calibration,,,,,
exhaustive_six_of_ten_partition,partition_185_cb03661a11e6,,NAUMANN_CAL_T40_SOC0,hierarchical_activation_residual,0.80000000000000004,1,2,,unavailable_finite_sample_full_physical_range,unavailable,insufficient_same_route_calibration,,,,,
exhaustive_six_of_ten_partition,partition_185_cb03661a11e6,,NAUMANN_CAL_T40_SOC0,hierarchical_activation_residual,0.90000000000000002,1,2,,unavailable_finite_sample_full_physical_range,unavailable,insufficient_same_route_calibration,,,,,
exhaustive_six_of_ten_partition,partition_185_cb03661a11e6,,NAUMANN_CAL_T40_SOC0,hierarchical_activation_residual,0.94999999999999996,1,2,,unavailable_finite_sample_full_physical_range,unavailable,insufficient_same_route_calibration,,,,,
exhaustive_six_of_ten_partition,partition_185_cb03661a11e6,,NAUMANN_CAL_T25_SOC50,hierarchical_power_fallback,0.80000000000000004,5,5,2.1698424743004083,finite_order_statistic,available,none,True,1,2.0394604851045166,3.7068476824296397,2.0394604851045166
exhaustive_six_of_ten_partition,partition_185_cb03661a11e6,,NAUMANN_CAL_T40_SOC62.5,hierarchical_power_fallback,0.80000000000000004,5,5,2.1698424743004083,finite_order_statistic,available,none,True,1,1.7721164814876715,3.0610265608058569,1.7721164814876715
exhaustive_six_of_ten_partition,partition_185_cb03661a11e6,,NAUMANN_CAL_T40_SOC75,hierarchical_power_fallback,0.80000000000000004,5,5,2.1698424743004083,finite_order_statistic,available,none,True,1,1.3720864256784864,2.1520129956726066,1.3720864256784864
exhaustive_six_of_ten_partition,partition_185_cb03661a11e6,,NAUMANN_CAL_T25_SOC50,hierarchical_power_fallback,0.90000000000000002,5,6,,unavailable_finite_sample_full_physical_range,unavailable,insufficient_same_route_calibration,,,,,
exhaustive_six_of_ten_partition,partition_185_cb03661a11e6,,NAUMANN_CAL_T40_SOC62.5,hierarchical_power_fallback,0.90000000000000002,5,6,,unavailable_finite_sample_full_physical_range,unavailable,insufficient_same_route_calibration,,,,,
exhaustive_six_of_ten_partition,partition_185_cb03661a11e6,,NAUMANN_CAL_T40_SOC75,hierarchical_power_fallback,0.90000000000000002,5,6,,unavailable_finite_sample_full_physical_range,unavailable,insufficient_same_route_calibration,,,,,
exhaustive_six_of_ten_partition,partition_185_cb03661a11e6,,NAUMANN_CAL_T25_SOC50,hierarchical_power_fallback,0.94999999999999996,5,6,,unavailable_finite_sample_full_physical_range,unavailable,insufficient_same_route_calibration,,,,,
exhaustive_six_of_ten_partition,partition_185_cb03661a11e6,,NAUMANN_CAL_T40_SOC62.5,hierarchical_power_fallback,0.94999999999999996,5,6,,unavailable_finite_sample_full_physical_range,unavailable,insufficient_same_route_calibration,,,,,
exhaustive_six_of_ten_partition,partition_185_cb03661a11e6,,NAUMANN_CAL_T40_SOC75,hierarchical_power_fallback,0.94999999999999996,5,6,,unavailable_finite_sample_full_physical_range,unavailable,insufficient_same_route_calibration,,,,,
exhaustive_six_of_ten_partition,partition_186_5e44714b7140,,NAUMANN_CAL_T40_SOC0,hierarchical_activation_residual,0.80000000000000004,1,2,,unavailable_finite_sample_full_physical_range,unavailable,insufficient_same_route_calibration,,,,,
exhaustive_six_of_ten_partition,partition_186_5e44714b7140,,NAUMANN_CAL_T40_SOC0,hierarchical_activation_residual,0.90000000000000002,1,2,,unavailable_finite_sample_full_physical_range,unavailable,insufficient_same_route_calibration,,,,,
exhaustive_six_of_ten_partition,partition_186_5e44714b7140,,NAUMANN_CAL_T40_SOC0,hierarchical_activation_residual,0.94999999999999996,1,2,,unavailable_finite_sample_full_physical_range,unavailable,insufficient_same_route_calibration,,,,,
exhaustive_six_of_ten_partition,partition_186_5e44714b7140,,NAUMANN_CAL_T25_SOC50,hierarchical_power_fallback,0.80000000000000004,5,5,1.3884373131471051,finite_order_statistic,available,none,False,0.95999999999999996,1.3050085753903307,2.3719351507752151,1.3174491974477336
exhaustive_six_of_ten_partition,partition_186_5e44714b7140,,NAUMANN_CAL_T40_SOC50,hierarchical_power_fallback,0.80000000000000004,5,5,1.3884373131471051,finite_order_statistic,available,none,False,0.12,1.4571856486817967,2.7289046404400494,3.3653138692471871
exhaustive_six_of_ten_partition,partition_186_5e44714b7140,,NAUMANN_CAL_T40_SOC87.5,hierarchical_power_fallback,0.80000000000000004,5,5,1.3884373131471051,finite_order_statistic,available,none,True,1,0.86106731452639229,1.3394534341209976,0.86106731452639229
exhaustive_six_of_ten_partition,partition_186_5e44714b7140,,NAUMANN_CAL_T25_SOC50,hierarchical_power_fallback,0.90000000000000002,5,6,,unavailable_finite_sample_full_physical_range,unavailable,insufficient_same_route_calibration,,,,,
exhaustive_six_of_ten_partition,partition_186_5e44714b7140,,NAUMANN_CAL_T40_SOC50,hierarchical_power_fallback,0.90000000000000002,5,6,,unavailable_finite_sample_full_physical_range,unavailable,insufficient_same_route_calibration,,,,,
exhaustive_six_of_ten_partition,partition_186_5e44714b7140,,NAUMANN_CAL_T40_SOC87.5,hierarchical_power_fallback,0.90000000000000002,5,6,,unavailable_finite_sample_full_physical_range,unavailable,insufficient_same_route_calibration,,,,,
exhaustive_six_of_ten_partition,partition_186_5e44714b7140,,NAUMANN_CAL_T25_SOC50,hierarchical_power_fallback,0.94999999999999996,5,6,,unavailable_finite_sample_full_physical_range,unavailable,insufficient_same_route_calibration,,,,,
exhaustive_six_of_ten_partition,partition_186_5e44714b7140,,NAUMANN_CAL_T40_SOC50,hierarchical_power_fallback,0.94999999999999996,5,6,,unavailable_finite_sample_full_physical_range,unavailable,insufficient_same_route_calibration,,,,,
exhaustive_six_of_ten_partition,partition_186_5e44714b7140,,NAUMANN_CAL_T40_SOC87.5,hierarchical_power_fallback,0.94999999999999996,5,6,,unavailable_finite_sample_full_physical_range,unavailable,insufficient_same_route_calibration,,,,,
exhaustive_six_of_ten_partition,partition_187_7c866c19c1aa,,NAUMANN_CAL_T40_SOC0,hierarchical_activation_residual,0.80000000000000004,1,2,,unavailable_finite_sample_full_physical_range,unavailable,insufficient_same_route_calibration,,,,,
exhaustive_six_of_ten_partition,partition_187_7c866c19c1aa,,NAUMANN_CAL_T40_SOC0,hierarchical_activation_residual,0.90000000000000002,1,2,,unavailable_finite_sample_full_physical_range,unavailable,insufficient_same_route_calibration,,,,,
exhaustive_six_of_ten_partition,partition_187_7c866c19c1aa,,NAUMANN_CAL_T40_SOC0,hierarchical_activation_residual,0.94999999999999996,1,2,,unavailable_finite_sample_full_physical_range,unavailable,insufficient_same_route_calibration,,,,,
exhaustive_six_of_ten_partition,partition_187_7c866c19c1aa,,NAUMANN_CAL_T25_SOC50,hierarchical_power_fallback,0.80000000000000004,5,5,1.3884373131471051,finite_order_statistic,available,none,False,0.95999999999999996,1.3050085753903307,2.3719351507752151,1.3174491974477336
exhaustive_six_of_ten_partition,partition_187_7c866c19c1aa,,NAUMANN_CAL_T40_SOC50,hierarchical_power_fallback,0.80000000000000004,5,5,1.3884373131471051,finite_order_statistic,available,none,False,0.12,1.4571856486817967,2.7289046404400494,3.3653138692471871
exhaustive_six_of_ten_partition,partition_187_7c866c19c1aa,,NAUMANN_CAL_T40_SOC75,hierarchical_power_fallback,0.80000000000000004,5,5,1.3884373131471051,finite_order_statistic,available,none,True,1,0.8779697203083231,1.3770285986003046,0.8779697203083231
exhaustive_six_of_ten_partition,partition_187_7c866c19c1aa,,NAUMANN_CAL_T25_SOC50,hierarchical_power_fallback,0.90000000000000002,5,6,,unavailable_finite_sample_full_physical_range,unavailable,insufficient_same_route_calibration,,,,,
exhaustive_six_of_ten_partition,partition_187_7c866c19c1aa,,NAUMANN_CAL_T40_SOC50,hierarchical_power_fallback,0.90000000000000002,5,6,,unavailable_finite_sample_full_physical_range,unavailable,insufficient_same_route_calibration,,,,,
exhaustive_six_of_ten_partition,partition_187_7c866c19c1aa,,NAUMANN_CAL_T40_SOC75,hierarchical_power_fallback,0.90000000000000002,5,6,,unavailable_finite_sample_full_physical_range,unavailable,insufficient_same_route_calibration,,,,,
exhaustive_six_of_ten_partition,partition_187_7c866c19c1aa,,NAUMANN_CAL_T25_SOC50,hierarchical_power_fallback,0.94999999999999996,5,6,,unavailable_finite_sample_full_physical_range,unavailable,insufficient_same_route_calibration,,,,,
exhaustive_six_of_ten_partition,partition_187_7c866c19c1aa,,NAUMANN_CAL_T40_SOC50,hierarchical_power_fallback,0.94999999999999996,5,6,,unavailable_finite_sample_full_physical_range,unavailable,insufficient_same_route_calibration,,,,,
exhaustive_six_of_ten_partition,partition_187_7c866c19c1aa,,NAUMANN_CAL_T40_SOC75,hierarchical_power_fallback,0.94999999999999996,5,6,,unavailable_finite_sample_full_physical_range,unavailable,insufficient_same_route_calibration,,,,,
exhaustive_six_of_ten_partition,partition_188_fb5e5ca00a15,,NAUMANN_CAL_T40_SOC0,hierarchical_activation_residual,0.80000000000000004,1,2,,unavailable_finite_sample_full_physical_range,unavailable,insufficient_same_route_calibration,,,,,
exhaustive_six_of_ten_partition,partition_188_fb5e5ca00a15,,NAUMANN_CAL_T40_SOC0,hierarchical_activation_residual,0.90000000000000002,1,2,,unavailable_finite_sample_full_physical_range,unavailable,insufficient_same_route_calibration,,,,,
exhaustive_six_of_ten_partition,partition_188_fb5e5ca00a15,,NAUMANN_CAL_T40_SOC0,hierarchical_activation_residual,0.94999999999999996,1,2,,unavailable_finite_sample_full_physical_range,unavailable,insufficient_same_route_calibration,,,,,
exhaustive_six_of_ten_partition,partition_188_fb5e5ca00a15,,NAUMANN_CAL_T25_SOC50,hierarchical_power_fallback,0.80000000000000004,5,5,1.3884373131471051,finite_order_statistic,available,none,False,0.95999999999999996,1.3050085753903307,2.3719351507752151,1.3174491974477336
exhaustive_six_of_ten_partition,partition_188_fb5e5ca00a15,,NAUMANN_CAL_T40_SOC50,hierarchical_power_fallback,0.80000000000000004,5,5,1.3884373131471051,finite_order_statistic,available,none,False,0.12,1.4571856486817967,2.7289046404400494,3.3653138692471871
exhaustive_six_of_ten_partition,partition_188_fb5e5ca00a15,,NAUMANN_CAL_T40_SOC62.5,hierarchical_power_fallback,0.80000000000000004,5,5,1.3884373131471051,finite_order_statistic,available,none,True,1,1.1339406778520822,1.9586875747408783,1.1339406778520822
exhaustive_six_of_ten_partition,partition_188_fb5e5ca00a15,,NAUMANN_CAL_T25_SOC50,hierarchical_power_fallback,0.90000000000000002,5,6,,unavailable_finite_sample_full_physical_range,unavailable,insufficient_same_route_calibration,,,,,
exhaustive_six_of_ten_partition,partition_188_fb5e5ca00a15,,NAUMANN_CAL_T40_SOC50,hierarchical_power_fallback,0.90000000000000002,5,6,,unavailable_finite_sample_full_physical_range,unavailable,insufficient_same_route_calibration,,,,,
exhaustive_six_of_ten_partition,partition_188_fb5e5ca00a15,,NAUMANN_CAL_T40_SOC62.5,hierarchical_power_fallback,0.90000000000000002,5,6,,unavailable_finite_sample_full_physical_range,unavailable,insufficient_same_route_calibration,,,,,
exhaustive_six_of_ten_partition,partition_188_fb5e5ca00a15,,NAUMANN_CAL_T25_SOC50,hierarchical_power_fallback,0.94999999999999996,5,6,,unavailable_finite_sample_full_physical_range,unavailable,insufficient_same_route_calibration,,,,,
exhaustive_six_of_ten_partition,partition_188_fb5e5ca00a15,,NAUMANN_CAL_T40_SOC50,hierarchical_power_fallback,0.94999999999999996,5,6,,unavailable_finite_sample_full_physical_range,unavailable,insufficient_same_route_calibration,,,,,
exhaustive_six_of_ten_partition,partition_188_fb5e5ca00a15,,NAUMANN_CAL_T40_SOC62.5,hierarchical_power_fallback,0.94999999999999996,5,6,,unavailable_finite_sample_full_physical_range,unavailable,insufficient_same_route_calibration,,,,,
exhaustive_six_of_ten_partition,partition_189_1d76a15aa8a7,,NAUMANN_CAL_T40_SOC0,hierarchical_activation_residual,0.80000000000000004,1,2,,unavailable_finite_sample_full_physical_range,unavailable,insufficient_same_route_calibration,,,,,
exhaustive_six_of_ten_partition,partition_189_1d76a15aa8a7,,NAUMANN_CAL_T40_SOC0,hierarchical_activation_residual,0.90000000000000002,1,2,,unavailable_finite_sample_full_physical_range,unavailable,insufficient_same_route_calibration,,,,,
exhaustive_six_of_ten_partition,partition_189_1d76a15aa8a7,,NAUMANN_CAL_T40_SOC0,hierarchical_activation_residual,0.94999999999999996,1,2,,unavailable_finite_sample_full_physical_range,unavailable,insufficient_same_route_calibration,,,,,
exhaustive_six_of_ten_partition,partition_189_1d76a15aa8a7,,NAUMANN_CAL_T25_SOC50,hierarchical_power_fallback,0.80000000000000004,5,5,2.1698424743004083,finite_order_statistic,available,none,True,1,2.0394604851045166,3.7068476824296397,2.0394604851045166
exhaustive_six_of_ten_partition,partition_189_1d76a15aa8a7,,NAUMANN_CAL_T40_SOC37.5,hierarchical_power_fallback,0.80000000000000004,5,5,2.1698424743004083,finite_order_statistic,available,none,True,1,1.9346642885590211,3.4427051368367643,1.9346642885590211
exhaustive_six_of_ten_partition,partition_189_1d76a15aa8a7,,NAUMANN_CAL_T40_SOC87.5,hierarchical_power_fallback,0.80000000000000004,5,5,2.1698424743004083,finite_order_statistic,available,none,True,1,1.3456714355048427,2.0932907277718584,1.3456714355048427
exhaustive_six_of_ten_partition,partition_189_1d76a15aa8a7,,NAUMANN_CAL_T25_SOC50,hierarchical_power_fallback,0.90000000000000002,5,6,,unavailable_finite_sample_full_physical_range,unavailable,insufficient_same_route_calibration,,,,,
exhaustive_six_of_ten_partition,partition_189_1d76a15aa8a7,,NAUMANN_CAL_T40_SOC37.5,hierarchical_power_fallback,0.90000000000000002,5,6,,unavailable_finite_sample_full_physical_range,unavailable,insufficient_same_route_calibration,,,,,
exhaustive_six_of_ten_partition,partition_189_1d76a15aa8a7,,NAUMANN_CAL_T40_SOC87.5,hierarchical_power_fallback,0.90000000000000002,5,6,,unavailable_finite_sample_full_physical_range,unavailable,insufficient_same_route_calibration,,,,,
exhaustive_six_of_ten_partition,partition_189_1d76a15aa8a7,,NAUMANN_CAL_T25_SOC50,hierarchical_power_fallback,0.94999999999999996,5,6,,unavailable_finite_sample_full_physical_range,unavailable,insufficient_same_route_calibration,,,,,
exhaustive_six_of_ten_partition,partition_189_1d76a15aa8a7,,NAUMANN_CAL_T40_SOC37.5,hierarchical_power_fallback,0.94999999999999996,5,6,,unavailable_finite_sample_full_physical_range,unavailable,insufficient_same_route_calibration,,,,,
exhaustive_six_of_ten_partition,partition_189_1d76a15aa8a7,,NAUMANN_CAL_T40_SOC87.5,hierarchical_power_fallback,0.94999999999999996,5,6,,unavailable_finite_sample_full_physical_range,unavailable,insufficient_same_route_calibration,,,,,
exhaustive_six_of_ten_partition,partition_190_f1d7e63de267,,NAUMANN_CAL_T40_SOC0,hierarchical_activation_residual,0.80000000000000004,1,2,,unavailable_finite_sample_full_physical_range,unavailable,insufficient_same_route_calibration,,,,,
exhaustive_six_of_ten_partition,partition_190_f1d7e63de267,,NAUMANN_CAL_T40_SOC0,hierarchical_activation_residual,0.90000000000000002,1,2,,unavailable_finite_sample_full_physical_range,unavailable,insufficient_same_route_calibration,,,,,
exhaustive_six_of_ten_partition,partition_190_f1d7e63de267,,NAUMANN_CAL_T40_SOC0,hierarchical_activation_residual,0.94999999999999996,1,2,,unavailable_finite_sample_full_physical_range,unavailable,insufficient_same_route_calibration,,,,,
exhaustive_six_of_ten_partition,partition_190_f1d7e63de267,,NAUMANN_CAL_T25_SOC50,hierarchical_power_fallback,0.80000000000000004,5,5,2.1698424743004083,finite_order_statistic,available,none,True,1,2.0394604851045166,3.7068476824296397,2.0394604851045166
exhaustive_six_of_ten_partition,partition_190_f1d7e63de267,,NAUMANN_CAL_T40_SOC37.5,hierarchical_power_fallback,0.80000000000000004,5,5,2.1698424743004083,finite_order_statistic,available,none,True,1,1.9346642885590211,3.4427051368367643,1.9346642885590211
exhaustive_six_of_ten_partition,partition_190_f1d7e63de267,,NAUMANN_CAL_T40_SOC75,hierarchical_power_fallback,0.80000000000000004,5,5,2.1698424743004083,finite_order_statistic,available,none,True,1,1.3720864256784864,2.1520129956726066,1.3720864256784864
exhaustive_six_of_ten_partition,partition_190_f1d7e63de267,,NAUMANN_CAL_T25_SOC50,hierarchical_power_fallback,0.90000000000000002,5,6,,unavailable_finite_sample_full_physical_range,unavailable,insufficient_same_route_calibration,,,,,
exhaustive_six_of_ten_partition,partition_190_f1d7e63de267,,NAUMANN_CAL_T40_SOC37.5,hierarchical_power_fallback,0.90000000000000002,5,6,,unavailable_finite_sample_full_physical_range,unavailable,insufficient_same_route_calibration,,,,,
exhaustive_six_of_ten_partition,partition_190_f1d7e63de267,,NAUMANN_CAL_T40_SOC75,hierarchical_power_fallback,0.90000000000000002,5,6,,unavailable_finite_sample_full_physical_range,unavailable,insufficient_same_route_calibration,,,,,
exhaustive_six_of_ten_partition,partition_190_f1d7e63de267,,NAUMANN_CAL_T25_SOC50,hierarchical_power_fallback,0.94999999999999996,5,6,,unavailable_finite_sample_full_physical_range,unavailable,insufficient_same_route_calibration,,,,,
exhaustive_six_of_ten_partition,partition_190_f1d7e63de267,,NAUMANN_CAL_T40_SOC37.5,hierarchical_power_fallback,0.94999999999999996,5,6,,unavailable_finite_sample_full_physical_range,unavailable,insufficient_same_route_calibration,,,,,
exhaustive_six_of_ten_partition,partition_190_f1d7e63de267,,NAUMANN_CAL_T40_SOC75,hierarchical_power_fallback,0.94999999999999996,5,6,,unavailable_finite_sample_full_physical_range,unavailable,insufficient_same_route_calibration,,,,,
exhaustive_six_of_ten_partition,partition_191_2787f2d37cdb,,NAUMANN_CAL_T40_SOC0,hierarchical_activation_residual,0.80000000000000004,1,2,,unavailable_finite_sample_full_physical_range,unavailable,insufficient_same_route_calibration,,,,,
exhaustive_six_of_ten_partition,partition_191_2787f2d37cdb,,NAUMANN_CAL_T40_SOC0,hierarchical_activation_residual,0.90000000000000002,1,2,,unavailable_finite_sample_full_physical_range,unavailable,insufficient_same_route_calibration,,,,,
exhaustive_six_of_ten_partition,partition_191_2787f2d37cdb,,NAUMANN_CAL_T40_SOC0,hierarchical_activation_residual,0.94999999999999996,1,2,,unavailable_finite_sample_full_physical_range,unavailable,insufficient_same_route_calibration,,,,,
exhaustive_six_of_ten_partition,partition_191_2787f2d37cdb,,NAUMANN_CAL_T25_SOC50,hierarchical_power_fallback,0.80000000000000004,5,5,2.1698424743004083,finite_order_statistic,available,none,True,1,2.0394604851045166,3.7068476824296397,2.0394604851045166
exhaustive_six_of_ten_partition,partition_191_2787f2d37cdb,,NAUMANN_CAL_T40_SOC37.5,hierarchical_power_fallback,0.80000000000000004,5,5,2.1698424743004083,finite_order_statistic,available,none,True,1,1.9346642885590211,3.4427051368367643,1.9346642885590211
exhaustive_six_of_ten_partition,partition_191_2787f2d37cdb,,NAUMANN_CAL_T40_SOC62.5,hierarchical_power_fallback,0.80000000000000004,5,5,2.1698424743004083,finite_order_statistic,available,none,True,1,1.7721164814876715,3.0610265608058569,1.7721164814876715
exhaustive_six_of_ten_partition,partition_191_2787f2d37cdb,,NAUMANN_CAL_T25_SOC50,hierarchical_power_fallback,0.90000000000000002,5,6,,unavailable_finite_sample_full_physical_range,unavailable,insufficient_same_route_calibration,,,,,
exhaustive_six_of_ten_partition,partition_191_2787f2d37cdb,,NAUMANN_CAL_T40_SOC37.5,hierarchical_power_fallback,0.90000000000000002,5,6,,unavailable_finite_sample_full_physical_range,unavailable,insufficient_same_route_calibration,,,,,
exhaustive_six_of_ten_partition,partition_191_2787f2d37cdb,,NAUMANN_CAL_T40_SOC62.5,hierarchical_power_fallback,0.90000000000000002,5,6,,unavailable_finite_sample_full_physical_range,unavailable,insufficient_same_route_calibration,,,,,
exhaustive_six_of_ten_partition,partition_191_2787f2d37cdb,,NAUMANN_CAL_T25_SOC50,hierarchical_power_fallback,0.94999999999999996,5,6,,unavailable_finite_sample_full_physical_range,unavailable,insufficient_same_route_calibration,,,,,
exhaustive_six_of_ten_partition,partition_191_2787f2d37cdb,,NAUMANN_CAL_T40_SOC37.5,hierarchical_power_fallback,0.94999999999999996,5,6,,unavailable_finite_sample_full_physical_range,unavailable,insufficient_same_route_calibration,,,,,
exhaustive_six_of_ten_partition,partition_191_2787f2d37cdb,,NAUMANN_CAL_T40_SOC62.5,hierarchical_power_fallback,0.94999999999999996,5,6,,unavailable_finite_sample_full_physical_range,unavailable,insufficient_same_route_calibration,,,,,
exhaustive_six_of_ten_partition,partition_192_c6e86c97af12,,NAUMANN_CAL_T40_SOC0,hierarchical_activation_residual,0.80000000000000004,1,2,,unavailable_finite_sample_full_physical_range,unavailable,insufficient_same_route_calibration,,,,,
exhaustive_six_of_ten_partition,partition_192_c6e86c97af12,,NAUMANN_CAL_T40_SOC0,hierarchical_activation_residual,0.90000000000000002,1,2,,unavailable_finite_sample_full_physical_range,unavailable,insufficient_same_route_calibration,,,,,
exhaustive_six_of_ten_partition,partition_192_c6e86c97af12,,NAUMANN_CAL_T40_SOC0,hierarchical_activation_residual,0.94999999999999996,1,2,,unavailable_finite_sample_full_physical_range,unavailable,insufficient_same_route_calibration,,,,,
exhaustive_six_of_ten_partition,partition_192_c6e86c97af12,,NAUMANN_CAL_T25_SOC50,hierarchical_power_fallback,0.80000000000000004,5,5,1.3884373131471051,finite_order_statistic,available,none,False,0.95999999999999996,1.3050085753903307,2.3719351507752151,1.3174491974477336
exhaustive_six_of_ten_partition,partition_192_c6e86c97af12,,NAUMANN_CAL_T40_SOC37.5,hierarchical_power_fallback,0.80000000000000004,5,5,1.3884373131471051,finite_order_statistic,available,none,True,1,1.2379516570734472,2.2029157999999427,1.2379516570734472
exhaustive_six_of_ten_partition,partition_192_c6e86c97af12,,NAUMANN_CAL_T40_SOC50,hierarchical_power_fallback,0.80000000000000004,5,5,1.3884373131471051,finite_order_statistic,available,none,False,0.12,1.4571856486817967,2.7289046404400494,3.3653138692471871
exhaustive_six_of_ten_partition,partition_192_c6e86c97af12,,NAUMANN_CAL_T25_SOC50,hierarchical_power_fallback,0.90000000000000002,5,6,,unavailable_finite_sample_full_physical_range,unavailable,insufficient_same_route_calibration,,,,,
exhaustive_six_of_ten_partition,partition_192_c6e86c97af12,,NAUMANN_CAL_T40_SOC37.5,hierarchical_power_fallback,0.90000000000000002,5,6,,unavailable_finite_sample_full_physical_range,unavailable,insufficient_same_route_calibration,,,,,
exhaustive_six_of_ten_partition,partition_192_c6e86c97af12,,NAUMANN_CAL_T40_SOC50,hierarchical_power_fallback,0.90000000000000002,5,6,,unavailable_finite_sample_full_physical_range,unavailable,insufficient_same_route_calibration,,,,,
exhaustive_six_of_ten_partition,partition_192_c6e86c97af12,,NAUMANN_CAL_T25_SOC50,hierarchical_power_fallback,0.94999999999999996,5,6,,unavailable_finite_sample_full_physical_range,unavailable,insufficient_same_route_calibration,,,,,
exhaustive_six_of_ten_partition,partition_192_c6e86c97af12,,NAUMANN_CAL_T40_SOC37.5,hierarchical_power_fallback,0.94999999999999996,5,6,,unavailable_finite_sample_full_physical_range,unavailable,insufficient_same_route_calibration,,,,,
exhaustive_six_of_ten_partition,partition_192_c6e86c97af12,,NAUMANN_CAL_T40_SOC50,hierarchical_power_fallback,0.94999999999999996,5,6,,unavailable_finite_sample_full_physical_range,unavailable,insufficient_same_route_calibration,,,,,
exhaustive_six_of_ten_partition,partition_193_87c26a7f62f3,,NAUMANN_CAL_T40_SOC0,hierarchical_activation_residual,0.80000000000000004,1,2,,unavailable_finite_sample_full_physical_range,unavailable,insufficient_same_route_calibration,,,,,
exhaustive_six_of_ten_partition,partition_193_87c26a7f62f3,,NAUMANN_CAL_T40_SOC0,hierarchical_activation_residual,0.90000000000000002,1,2,,unavailable_finite_sample_full_physical_range,unavailable,insufficient_same_route_calibration,,,,,
exhaustive_six_of_ten_partition,partition_193_87c26a7f62f3,,NAUMANN_CAL_T40_SOC0,hierarchical_activation_residual,0.94999999999999996,1,2,,unavailable_finite_sample_full_physical_range,unavailable,insufficient_same_route_calibration,,,,,
exhaustive_six_of_ten_partition,partition_193_87c26a7f62f3,,NAUMANN_CAL_T25_SOC50,hierarchical_power_fallback,0.80000000000000004,5,5,2.1698424743004083,finite_order_statistic,available,none,True,1,2.0394604851045166,3.7068476824296397,2.0394604851045166
exhaustive_six_of_ten_partition,partition_193_87c26a7f62f3,,NAUMANN_CAL_T40_SOC25,hierarchical_power_fallback,0.80000000000000004,5,5,2.1698424743004083,finite_order_statistic,available,none,True,1,2.2106892511167611,4.1087384001945395,2.2106892511167611
exhaustive_six_of_ten_partition,partition_193_87c26a7f62f3,,NAUMANN_CAL_T40_SOC87.5,hierarchical_power_fallback,0.80000000000000004,5,5,2.1698424743004083,finite_order_statistic,available,none,True,1,1.3456714355048427,2.0932907277718584,1.3456714355048427
exhaustive_six_of_ten_partition,partition_193_87c26a7f62f3,,NAUMANN_CAL_T25_SOC50,hierarchical_power_fallback,0.90000000000000002,5,6,,unavailable_finite_sample_full_physical_range,unavailable,insufficient_same_route_calibration,,,,,
exhaustive_six_of_ten_partition,partition_193_87c26a7f62f3,,NAUMANN_CAL_T40_SOC25,hierarchical_power_fallback,0.90000000000000002,5,6,,unavailable_finite_sample_full_physical_range,unavailable,insufficient_same_route_calibration,,,,,
exhaustive_six_of_ten_partition,partition_193_87c26a7f62f3,,NAUMANN_CAL_T40_SOC87.5,hierarchical_power_fallback,0.90000000000000002,5,6,,unavailable_finite_sample_full_physical_range,unavailable,insufficient_same_route_calibration,,,,,
exhaustive_six_of_ten_partition,partition_193_87c26a7f62f3,,NAUMANN_CAL_T25_SOC50,hierarchical_power_fallback,0.94999999999999996,5,6,,unavailable_finite_sample_full_physical_range,unavailable,insufficient_same_route_calibration,,,,,
exhaustive_six_of_ten_partition,partition_193_87c26a7f62f3,,NAUMANN_CAL_T40_SOC25,hierarchical_power_fallback,0.94999999999999996,5,6,,unavailable_finite_sample_full_physical_range,unavailable,insufficient_same_route_calibration,,,,,
exhaustive_six_of_ten_partition,partition_193_87c26a7f62f3,,NAUMANN_CAL_T40_SOC87.5,hierarchical_power_fallback,0.94999999999999996,5,6,,unavailable_finite_sample_full_physical_range,unavailable,insufficient_same_route_calibration,,,,,
exhaustive_six_of_ten_partition,partition_194_6d57fd69c4da,,NAUMANN_CAL_T40_SOC0,hierarchical_activation_residual,0.80000000000000004,1,2,,unavailable_finite_sample_full_physical_range,unavailable,insufficient_same_route_calibration,,,,,
exhaustive_six_of_ten_partition,partition_194_6d57fd69c4da,,NAUMANN_CAL_T40_SOC0,hierarchical_activation_residual,0.90000000000000002,1,2,,unavailable_finite_sample_full_physical_range,unavailable,insufficient_same_route_calibration,,,,,
exhaustive_six_of_ten_partition,partition_194_6d57fd69c4da,,NAUMANN_CAL_T40_SOC0,hierarchical_activation_residual,0.94999999999999996,1,2,,unavailable_finite_sample_full_physical_range,unavailable,insufficient_same_route_calibration,,,,,
exhaustive_six_of_ten_partition,partition_194_6d57fd69c4da,,NAUMANN_CAL_T25_SOC50,hierarchical_power_fallback,0.80000000000000004,5,5,2.1698424743004083,finite_order_statistic,available,none,True,1,2.0394604851045166,3.7068476824296397,2.0394604851045166
exhaustive_six_of_ten_partition,partition_194_6d57fd69c4da,,NAUMANN_CAL_T40_SOC25,hierarchical_power_fallback,0.80000000000000004,5,5,2.1698424743004083,finite_order_statistic,available,none,True,1,2.2106892511167611,4.1087384001945395,2.2106892511167611
exhaustive_six_of_ten_partition,partition_194_6d57fd69c4da,,NAUMANN_CAL_T40_SOC75,hierarchical_power_fallback,0.80000000000000004,5,5,2.1698424743004083,finite_order_statistic,available,none,True,1,1.3720864256784864,2.1520129956726066,1.3720864256784864
exhaustive_six_of_ten_partition,partition_194_6d57fd69c4da,,NAUMANN_CAL_T25_SOC50,hierarchical_power_fallback,0.90000000000000002,5,6,,unavailable_finite_sample_full_physical_range,unavailable,insufficient_same_route_calibration,,,,,
exhaustive_six_of_ten_partition,partition_194_6d57fd69c4da,,NAUMANN_CAL_T40_SOC25,hierarchical_power_fallback,0.90000000000000002,5,6,,unavailable_finite_sample_full_physical_range,unavailable,insufficient_same_route_calibration,,,,,
exhaustive_six_of_ten_partition,partition_194_6d57fd69c4da,,NAUMANN_CAL_T40_SOC75,hierarchical_power_fallback,0.90000000000000002,5,6,,unavailable_finite_sample_full_physical_range,unavailable,insufficient_same_route_calibration,,,,,
exhaustive_six_of_ten_partition,partition_194_6d57fd69c4da,,NAUMANN_CAL_T25_SOC50,hierarchical_power_fallback,0.94999999999999996,5,6,,unavailable_finite_sample_full_physical_range,unavailable,insufficient_same_route_calibration,,,,,
exhaustive_six_of_ten_partition,partition_194_6d57fd69c4da,,NAUMANN_CAL_T40_SOC25,hierarchical_power_fallback,0.94999999999999996,5,6,,unavailable_finite_sample_full_physical_range,unavailable,insufficient_same_route_calibration,,,,,
exhaustive_six_of_ten_partition,partition_194_6d57fd69c4da,,NAUMANN_CAL_T40_SOC75,hierarchical_power_fallback,0.94999999999999996,5,6,,unavailable_finite_sample_full_physical_range,unavailable,insufficient_same_route_calibration,,,,,
exhaustive_six_of_ten_partition,partition_195_05741b225256,,NAUMANN_CAL_T40_SOC0,hierarchical_activation_residual,0.80000000000000004,1,2,,unavailable_finite_sample_full_physical_range,unavailable,insufficient_same_route_calibration,,,,,
exhaustive_six_of_ten_partition,partition_195_05741b225256,,NAUMANN_CAL_T40_SOC0,hierarchical_activation_residual,0.90000000000000002,1,2,,unavailable_finite_sample_full_physical_range,unavailable,insufficient_same_route_calibration,,,,,
exhaustive_six_of_ten_partition,partition_195_05741b225256,,NAUMANN_CAL_T40_SOC0,hierarchical_activation_residual,0.94999999999999996,1,2,,unavailable_finite_sample_full_physical_range,unavailable,insufficient_same_route_calibration,,,,,
exhaustive_six_of_ten_partition,partition_195_05741b225256,,NAUMANN_CAL_T25_SOC50,hierarchical_power_fallback,0.80000000000000004,5,5,2.1698424743004083,finite_order_statistic,available,none,True,1,2.0394604851045166,3.7068476824296397,2.0394604851045166
exhaustive_six_of_ten_partition,partition_195_05741b225256,,NAUMANN_CAL_T40_SOC25,hierarchical_power_fallback,0.80000000000000004,5,5,2.1698424743004083,finite_order_statistic,available,none,True,1,2.2106892511167611,4.1087384001945395,2.2106892511167611
exhaustive_six_of_ten_partition,partition_195_05741b225256,,NAUMANN_CAL_T40_SOC62.5,hierarchical_power_fallback,0.80000000000000004,5,5,2.1698424743004083,finite_order_statistic,available,none,True,1,1.7721164814876715,3.0610265608058569,1.7721164814876715
exhaustive_six_of_ten_partition,partition_195_05741b225256,,NAUMANN_CAL_T25_SOC50,hierarchical_power_fallback,0.90000000000000002,5,6,,unavailable_finite_sample_full_physical_range,unavailable,insufficient_same_route_calibration,,,,,
exhaustive_six_of_ten_partition,partition_195_05741b225256,,NAUMANN_CAL_T40_SOC25,hierarchical_power_fallback,0.90000000000000002,5,6,,unavailable_finite_sample_full_physical_range,unavailable,insufficient_same_route_calibration,,,,,
exhaustive_six_of_ten_partition,partition_195_05741b225256,,NAUMANN_CAL_T40_SOC62.5,hierarchical_power_fallback,0.90000000000000002,5,6,,unavailable_finite_sample_full_physical_range,unavailable,insufficient_same_route_calibration,,,,,
exhaustive_six_of_ten_partition,partition_195_05741b225256,,NAUMANN_CAL_T25_SOC50,hierarchical_power_fallback,0.94999999999999996,5,6,,unavailable_finite_sample_full_physical_range,unavailable,insufficient_same_route_calibration,,,,,
exhaustive_six_of_ten_partition,partition_195_05741b225256,,NAUMANN_CAL_T40_SOC25,hierarchical_power_fallback,0.94999999999999996,5,6,,unavailable_finite_sample_full_physical_range,unavailable,insufficient_same_route_calibration,,,,,
exhaustive_six_of_ten_partition,partition_195_05741b225256,,NAUMANN_CAL_T40_SOC62.5,hierarchical_power_fallback,0.94999999999999996,5,6,,unavailable_finite_sample_full_physical_range,unavailable,insufficient_same_route_calibration,,,,,
exhaustive_six_of_ten_partition,partition_196_cefadf328a46,,NAUMANN_CAL_T40_SOC0,hierarchical_activation_residual,0.80000000000000004,1,2,,unavailable_finite_sample_full_physical_range,unavailable,insufficient_same_route_calibration,,,,,
exhaustive_six_of_ten_partition,partition_196_cefadf328a46,,NAUMANN_CAL_T40_SOC0,hierarchical_activation_residual,0.90000000000000002,1,2,,unavailable_finite_sample_full_physical_range,unavailable,insufficient_same_route_calibration,,,,,
exhaustive_six_of_ten_partition,partition_196_cefadf328a46,,NAUMANN_CAL_T40_SOC0,hierarchical_activation_residual,0.94999999999999996,1,2,,unavailable_finite_sample_full_physical_range,unavailable,insufficient_same_route_calibration,,,,,
exhaustive_six_of_ten_partition,partition_196_cefadf328a46,,NAUMANN_CAL_T25_SOC50,hierarchical_power_fallback,0.80000000000000004,5,5,1.3884373131471051,finite_order_statistic,available,none,False,0.95999999999999996,1.3050085753903307,2.3719351507752151,1.3174491974477336
exhaustive_six_of_ten_partition,partition_196_cefadf328a46,,NAUMANN_CAL_T40_SOC25,hierarchical_power_fallback,0.80000000000000004,5,5,1.3884373131471051,finite_order_statistic,available,none,True,1,1.4145743206604744,2.6290967074140781,1.4145743206604744
exhaustive_six_of_ten_partition,partition_196_cefadf328a46,,NAUMANN_CAL_T40_SOC50,hierarchical_power_fallback,0.80000000000000004,5,5,1.3884373131471051,finite_order_statistic,available,none,False,0.12,1.4571856486817967,2.7289046404400494,3.3653138692471871
exhaustive_six_of_ten_partition,partition_196_cefadf328a46,,NAUMANN_CAL_T25_SOC50,hierarchical_power_fallback,0.90000000000000002,5,6,,unavailable_finite_sample_full_physical_range,unavailable,insufficient_same_route_calibration,,,,,
exhaustive_six_of_ten_partition,partition_196_cefadf328a46,,NAUMANN_CAL_T40_SOC25,hierarchical_power_fallback,0.90000000000000002,5,6,,unavailable_finite_sample_full_physical_range,unavailable,insufficient_same_route_calibration,,,,,
exhaustive_six_of_ten_partition,partition_196_cefadf328a46,,NAUMANN_CAL_T40_SOC50,hierarchical_power_fallback,0.90000000000000002,5,6,,unavailable_finite_sample_full_physical_range,unavailable,insufficient_same_route_calibration,,,,,
exhaustive_six_of_ten_partition,partition_196_cefadf328a46,,NAUMANN_CAL_T25_SOC50,hierarchical_power_fallback,0.94999999999999996,5,6,,unavailable_finite_sample_full_physical_range,unavailable,insufficient_same_route_calibration,,,,,
exhaustive_six_of_ten_partition,partition_196_cefadf328a46,,NAUMANN_CAL_T40_SOC25,hierarchical_power_fallback,0.94999999999999996,5,6,,unavailable_finite_sample_full_physical_range,unavailable,insufficient_same_route_calibration,,,,,
exhaustive_six_of_ten_partition,partition_196_cefadf328a46,,NAUMANN_CAL_T40_SOC50,hierarchical_power_fallback,0.94999999999999996,5,6,,unavailable_finite_sample_full_physical_range,unavailable,insufficient_same_route_calibration,,,,,
exhaustive_six_of_ten_partition,partition_197_5263acf8cdd6,,NAUMANN_CAL_T40_SOC0,hierarchical_activation_residual,0.80000000000000004,1,2,,unavailable_finite_sample_full_physical_range,unavailable,insufficient_same_route_calibration,,,,,
exhaustive_six_of_ten_partition,partition_197_5263acf8cdd6,,NAUMANN_CAL_T40_SOC0,hierarchical_activation_residual,0.90000000000000002,1,2,,unavailable_finite_sample_full_physical_range,unavailable,insufficient_same_route_calibration,,,,,
exhaustive_six_of_ten_partition,partition_197_5263acf8cdd6,,NAUMANN_CAL_T40_SOC0,hierarchical_activation_residual,0.94999999999999996,1,2,,unavailable_finite_sample_full_physical_range,unavailable,insufficient_same_route_calibration,,,,,
exhaustive_six_of_ten_partition,partition_197_5263acf8cdd6,,NAUMANN_CAL_T25_SOC50,hierarchical_power_fallback,0.80000000000000004,5,5,2.1698424743004083,finite_order_statistic,available,none,True,1,2.0394604851045166,3.7068476824296397,2.0394604851045166
exhaustive_six_of_ten_partition,partition_197_5263acf8cdd6,,NAUMANN_CAL_T40_SOC25,hierarchical_power_fallback,0.80000000000000004,5,5,2.1698424743004083,finite_order_statistic,available,none,True,1,2.2106892511167611,4.1087384001945395,2.2106892511167611
exhaustive_six_of_ten_partition,partition_197_5263acf8cdd6,,NAUMANN_CAL_T40_SOC37.5,hierarchical_power_fallback,0.80000000000000004,5,5,2.1698424743004083,finite_order_statistic,available,none,True,1,1.9346642885590211,3.4427051368367643,1.9346642885590211
exhaustive_six_of_ten_partition,partition_197_5263acf8cdd6,,NAUMANN_CAL_T25_SOC50,hierarchical_power_fallback,0.90000000000000002,5,6,,unavailable_finite_sample_full_physical_range,unavailable,insufficient_same_route_calibration,,,,,
exhaustive_six_of_ten_partition,partition_197_5263acf8cdd6,,NAUMANN_CAL_T40_SOC25,hierarchical_power_fallback,0.90000000000000002,5,6,,unavailable_finite_sample_full_physical_range,unavailable,insufficient_same_route_calibration,,,,,
exhaustive_six_of_ten_partition,partition_197_5263acf8cdd6,,NAUMANN_CAL_T40_SOC37.5,hierarchical_power_fallback,0.90000000000000002,5,6,,unavailable_finite_sample_full_physical_range,unavailable,insufficient_same_route_calibration,,,,,
exhaustive_six_of_ten_partition,partition_197_5263acf8cdd6,,NAUMANN_CAL_T25_SOC50,hierarchical_power_fallback,0.94999999999999996,5,6,,unavailable_finite_sample_full_physical_range,unavailable,insufficient_same_route_calibration,,,,,
exhaustive_six_of_ten_partition,partition_197_5263acf8cdd6,,NAUMANN_CAL_T40_SOC25,hierarchical_power_fallback,0.94999999999999996,5,6,,unavailable_finite_sample_full_physical_range,unavailable,insufficient_same_route_calibration,,,,,
exhaustive_six_of_ten_partition,partition_197_5263acf8cdd6,,NAUMANN_CAL_T40_SOC37.5,hierarchical_power_fallback,0.94999999999999996,5,6,,unavailable_finite_sample_full_physical_range,unavailable,insufficient_same_route_calibration,,,,,
exhaustive_six_of_ten_partition,partition_198_26be078f4f91,,NAUMANN_CAL_T40_SOC0,hierarchical_activation_residual,0.80000000000000004,0,1,,unavailable_no_same_route_calibration,unavailable,insufficient_same_route_calibration,,,,,
exhaustive_six_of_ten_partition,partition_198_26be078f4f91,,NAUMANN_CAL_T40_SOC12.5,hierarchical_activation_residual,0.80000000000000004,0,1,,unavailable_no_same_route_calibration,unavailable,insufficient_same_route_calibration,,,,,
exhaustive_six_of_ten_partition,partition_198_26be078f4f91,,NAUMANN_CAL_T40_SOC0,hierarchical_activation_residual,0.90000000000000002,0,1,,unavailable_no_same_route_calibration,unavailable,insufficient_same_route_calibration,,,,,
exhaustive_six_of_ten_partition,partition_198_26be078f4f91,,NAUMANN_CAL_T40_SOC12.5,hierarchical_activation_residual,0.90000000000000002,0,1,,unavailable_no_same_route_calibration,unavailable,insufficient_same_route_calibration,,,,,
exhaustive_six_of_ten_partition,partition_198_26be078f4f91,,NAUMANN_CAL_T40_SOC0,hierarchical_activation_residual,0.94999999999999996,0,1,,unavailable_no_same_route_calibration,unavailable,insufficient_same_route_calibration,,,,,
exhaustive_six_of_ten_partition,partition_198_26be078f4f91,,NAUMANN_CAL_T40_SOC12.5,hierarchical_activation_residual,0.94999999999999996,0,1,,unavailable_no_same_route_calibration,unavailable,insufficient_same_route_calibration,,,,,
exhaustive_six_of_ten_partition,partition_198_26be078f4f91,,NAUMANN_CAL_T25_SOC50,hierarchical_power_fallback,0.80000000000000004,6,6,2.1698424743004083,finite_order_statistic,available,none,True,1,2.0394604851045166,3.7068476824296397,2.0394604851045166
exhaustive_six_of_ten_partition,partition_198_26be078f4f91,,NAUMANN_CAL_T40_SOC87.5,hierarchical_power_fallback,0.80000000000000004,6,6,2.1698424743004083,finite_order_statistic,available,none,True,1,1.3456714355048427,2.0932907277718584,1.3456714355048427
exhaustive_six_of_ten_partition,partition_198_26be078f4f91,,NAUMANN_CAL_T25_SOC50,hierarchical_power_fallback,0.90000000000000002,6,7,,unavailable_finite_sample_full_physical_range,unavailable,insufficient_same_route_calibration,,,,,
exhaustive_six_of_ten_partition,partition_198_26be078f4f91,,NAUMANN_CAL_T40_SOC87.5,hierarchical_power_fallback,0.90000000000000002,6,7,,unavailable_finite_sample_full_physical_range,unavailable,insufficient_same_route_calibration,,,,,
exhaustive_six_of_ten_partition,partition_198_26be078f4f91,,NAUMANN_CAL_T25_SOC50,hierarchical_power_fallback,0.94999999999999996,6,7,,unavailable_finite_sample_full_physical_range,unavailable,insufficient_same_route_calibration,,,,,
exhaustive_six_of_ten_partition,partition_198_26be078f4f91,,NAUMANN_CAL_T40_SOC87.5,hierarchical_power_fallback,0.94999999999999996,6,7,,unavailable_finite_sample_full_physical_range,unavailable,insufficient_same_route_calibration,,,,,
exhaustive_six_of_ten_partition,partition_199_dc5bf9437a94,,NAUMANN_CAL_T40_SOC0,hierarchical_activation_residual,0.80000000000000004,0,1,,unavailable_no_same_route_calibration,unavailable,insufficient_same_route_calibration,,,,,
exhaustive_six_of_ten_partition,partition_199_dc5bf9437a94,,NAUMANN_CAL_T40_SOC12.5,hierarchical_activation_residual,0.80000000000000004,0,1,,unavailable_no_same_route_calibration,unavailable,insufficient_same_route_calibration,,,,,
exhaustive_six_of_ten_partition,partition_199_dc5bf9437a94,,NAUMANN_CAL_T40_SOC0,hierarchical_activation_residual,0.90000000000000002,0,1,,unavailable_no_same_route_calibration,unavailable,insufficient_same_route_calibration,,,,,
exhaustive_six_of_ten_partition,partition_199_dc5bf9437a94,,NAUMANN_CAL_T40_SOC12.5,hierarchical_activation_residual,0.90000000000000002,0,1,,unavailable_no_same_route_calibration,unavailable,insufficient_same_route_calibration,,,,,
exhaustive_six_of_ten_partition,partition_199_dc5bf9437a94,,NAUMANN_CAL_T40_SOC0,hierarchical_activation_residual,0.94999999999999996,0,1,,unavailable_no_same_route_calibration,unavailable,insufficient_same_route_calibration,,,,,
exhaustive_six_of_ten_partition,partition_199_dc5bf9437a94,,NAUMANN_CAL_T40_SOC12.5,hierarchical_activation_residual,0.94999999999999996,0,1,,unavailable_no_same_route_calibration,unavailable,insufficient_same_route_calibration,,,,,
exhaustive_six_of_ten_partition,partition_199_dc5bf9437a94,,NAUMANN_CAL_T25_SOC50,hierarchical_power_fallback,0.80000000000000004,6,6,2.1698424743004083,finite_order_statistic,available,none,True,1,2.0394604851045166,3.7068476824296397,2.0394604851045166
exhaustive_six_of_ten_partition,partition_199_dc5bf9437a94,,NAUMANN_CAL_T40_SOC75,hierarchical_power_fallback,0.80000000000000004,6,6,2.1698424743004083,finite_order_statistic,available,none,True,1,1.3720864256784864,2.1520129956726066,1.3720864256784864
exhaustive_six_of_ten_partition,partition_199_dc5bf9437a94,,NAUMANN_CAL_T25_SOC50,hierarchical_power_fallback,0.90000000000000002,6,7,,unavailable_finite_sample_full_physical_range,unavailable,insufficient_same_route_calibration,,,,,
exhaustive_six_of_ten_partition,partition_199_dc5bf9437a94,,NAUMANN_CAL_T40_SOC75,hierarchical_power_fallback,0.90000000000000002,6,7,,unavailable_finite_sample_full_physical_range,unavailable,insufficient_same_route_calibration,,,,,
exhaustive_six_of_ten_partition,partition_199_dc5bf9437a94,,NAUMANN_CAL_T25_SOC50,hierarchical_power_fallback,0.94999999999999996,6,7,,unavailable_finite_sample_full_physical_range,unavailable,insufficient_same_route_calibration,,,,,
exhaustive_six_of_ten_partition,partition_199_dc5bf9437a94,,NAUMANN_CAL_T40_SOC75,hierarchical_power_fallback,0.94999999999999996,6,7,,unavailable_finite_sample_full_physical_range,unavailable,insufficient_same_route_calibration,,,,,
exhaustive_six_of_ten_partition,partition_200_74db66604272,,NAUMANN_CAL_T40_SOC0,hierarchical_activation_residual,0.80000000000000004,0,1,,unavailable_no_same_route_calibration,unavailable,insufficient_same_route_calibration,,,,,
exhaustive_six_of_ten_partition,partition_200_74db66604272,,NAUMANN_CAL_T40_SOC12.5,hierarchical_activation_residual,0.80000000000000004,0,1,,unavailable_no_same_route_calibration,unavailable,insufficient_same_route_calibration,,,,,
exhaustive_six_of_ten_partition,partition_200_74db66604272,,NAUMANN_CAL_T40_SOC0,hierarchical_activation_residual,0.90000000000000002,0,1,,unavailable_no_same_route_calibration,unavailable,insufficient_same_route_calibration,,,,,
exhaustive_six_of_ten_partition,partition_200_74db66604272,,NAUMANN_CAL_T40_SOC12.5,hierarchical_activation_residual,0.90000000000000002,0,1,,unavailable_no_same_route_calibration,unavailable,insufficient_same_route_calibration,,,,,
exhaustive_six_of_ten_partition,partition_200_74db66604272,,NAUMANN_CAL_T40_SOC0,hierarchical_activation_residual,0.94999999999999996,0,1,,unavailable_no_same_route_calibration,unavailable,insufficient_same_route_calibration,,,,,
exhaustive_six_of_ten_partition,partition_200_74db66604272,,NAUMANN_CAL_T40_SOC12.5,hierarchical_activation_residual,0.94999999999999996,0,1,,unavailable_no_same_route_calibration,unavailable,insufficient_same_route_calibration,,,,,
exhaustive_six_of_ten_partition,partition_200_74db66604272,,NAUMANN_CAL_T25_SOC50,hierarchical_power_fallback,0.80000000000000004,6,6,2.1698424743004083,finite_order_statistic,available,none,True,1,2.0394604851045166,3.7068476824296397,2.0394604851045166
exhaustive_six_of_ten_partition,partition_200_74db66604272,,NAUMANN_CAL_T40_SOC62.5,hierarchical_power_fallback,0.80000000000000004,6,6,2.1698424743004083,finite_order_statistic,available,none,True,1,1.7721164814876715,3.0610265608058569,1.7721164814876715
exhaustive_six_of_ten_partition,partition_200_74db66604272,,NAUMANN_CAL_T25_SOC50,hierarchical_power_fallback,0.90000000000000002,6,7,,unavailable_finite_sample_full_physical_range,unavailable,insufficient_same_route_calibration,,,,,
exhaustive_six_of_ten_partition,partition_200_74db66604272,,NAUMANN_CAL_T40_SOC62.5,hierarchical_power_fallback,0.90000000000000002,6,7,,unavailable_finite_sample_full_physical_range,unavailable,insufficient_same_route_calibration,,,,,
exhaustive_six_of_ten_partition,partition_200_74db66604272,,NAUMANN_CAL_T25_SOC50,hierarchical_power_fallback,0.94999999999999996,6,7,,unavailable_finite_sample_full_physical_range,unavailable,insufficient_same_route_calibration,,,,,
exhaustive_six_of_ten_partition,partition_200_74db66604272,,NAUMANN_CAL_T40_SOC62.5,hierarchical_power_fallback,0.94999999999999996,6,7,,unavailable_finite_sample_full_physical_range,unavailable,insufficient_same_route_calibration,,,,,
exhaustive_six_of_ten_partition,partition_201_7aa100c34764,,NAUMANN_CAL_T40_SOC0,hierarchical_activation_residual,0.80000000000000004,0,1,,unavailable_no_same_route_calibration,unavailable,insufficient_same_route_calibration,,,,,
exhaustive_six_of_ten_partition,partition_201_7aa100c34764,,NAUMANN_CAL_T40_SOC12.5,hierarchical_activation_residual,0.80000000000000004,0,1,,unavailable_no_same_route_calibration,unavailable,insufficient_same_route_calibration,,,,,
exhaustive_six_of_ten_partition,partition_201_7aa100c34764,,NAUMANN_CAL_T40_SOC0,hierarchical_activation_residual,0.90000000000000002,0,1,,unavailable_no_same_route_calibration,unavailable,insufficient_same_route_calibration,,,,,
exhaustive_six_of_ten_partition,partition_201_7aa100c34764,,NAUMANN_CAL_T40_SOC12.5,hierarchical_activation_residual,0.90000000000000002,0,1,,unavailable_no_same_route_calibration,unavailable,insufficient_same_route_calibration,,,,,
exhaustive_six_of_ten_partition,partition_201_7aa100c34764,,NAUMANN_CAL_T40_SOC0,hierarchical_activation_residual,0.94999999999999996,0,1,,unavailable_no_same_route_calibration,unavailable,insufficient_same_route_calibration,,,,,
exhaustive_six_of_ten_partition,partition_201_7aa100c34764,,NAUMANN_CAL_T40_SOC12.5,hierarchical_activation_residual,0.94999999999999996,0,1,,unavailable_no_same_route_calibration,unavailable,insufficient_same_route_calibration,,,,,
exhaustive_six_of_ten_partition,partition_201_7aa100c34764,,NAUMANN_CAL_T25_SOC50,hierarchical_power_fallback,0.80000000000000004,6,6,1.3884373131471051,finite_order_statistic,available,none,False,0.95999999999999996,1.3050085753903307,2.3719351507752151,1.3174491974477336
exhaustive_six_of_ten_partition,partition_201_7aa100c34764,,NAUMANN_CAL_T40_SOC50,hierarchical_power_fallback,0.80000000000000004,6,6,1.3884373131471051,finite_order_statistic,available,none,False,0.12,1.4571856486817967,2.7289046404400494,3.3653138692471871
exhaustive_six_of_ten_partition,partition_201_7aa100c34764,,NAUMANN_CAL_T25_SOC50,hierarchical_power_fallback,0.90000000000000002,6,7,,unavailable_finite_sample_full_physical_range,unavailable,insufficient_same_route_calibration,,,,,
exhaustive_six_of_ten_partition,partition_201_7aa100c34764,,NAUMANN_CAL_T40_SOC50,hierarchical_power_fallback,0.90000000000000002,6,7,,unavailable_finite_sample_full_physical_range,unavailable,insufficient_same_route_calibration,,,,,
exhaustive_six_of_ten_partition,partition_201_7aa100c34764,,NAUMANN_CAL_T25_SOC50,hierarchical_power_fallback,0.94999999999999996,6,7,,unavailable_finite_sample_full_physical_range,unavailable,insufficient_same_route_calibration,,,,,
exhaustive_six_of_ten_partition,partition_201_7aa100c34764,,NAUMANN_CAL_T40_SOC50,hierarchical_power_fallback,0.94999999999999996,6,7,,unavailable_finite_sample_full_physical_range,unavailable,insufficient_same_route_calibration,,,,,
exhaustive_six_of_ten_partition,partition_202_f2bcaaba9252,,NAUMANN_CAL_T40_SOC0,hierarchical_activation_residual,0.80000000000000004,0,1,,unavailable_no_same_route_calibration,unavailable,insufficient_same_route_calibration,,,,,
exhaustive_six_of_ten_partition,partition_202_f2bcaaba9252,,NAUMANN_CAL_T40_SOC12.5,hierarchical_activation_residual,0.80000000000000004,0,1,,unavailable_no_same_route_calibration,unavailable,insufficient_same_route_calibration,,,,,
exhaustive_six_of_ten_partition,partition_202_f2bcaaba9252,,NAUMANN_CAL_T40_SOC0,hierarchical_activation_residual,0.90000000000000002,0,1,,unavailable_no_same_route_calibration,unavailable,insufficient_same_route_calibration,,,,,
exhaustive_six_of_ten_partition,partition_202_f2bcaaba9252,,NAUMANN_CAL_T40_SOC12.5,hierarchical_activation_residual,0.90000000000000002,0,1,,unavailable_no_same_route_calibration,unavailable,insufficient_same_route_calibration,,,,,
exhaustive_six_of_ten_partition,partition_202_f2bcaaba9252,,NAUMANN_CAL_T40_SOC0,hierarchical_activation_residual,0.94999999999999996,0,1,,unavailable_no_same_route_calibration,unavailable,insufficient_same_route_calibration,,,,,
exhaustive_six_of_ten_partition,partition_202_f2bcaaba9252,,NAUMANN_CAL_T40_SOC12.5,hierarchical_activation_residual,0.94999999999999996,0,1,,unavailable_no_same_route_calibration,unavailable,insufficient_same_route_calibration,,,,,
exhaustive_six_of_ten_partition,partition_202_f2bcaaba9252,,NAUMANN_CAL_T25_SOC50,hierarchical_power_fallback,0.80000000000000004,6,6,2.1698424743004083,finite_order_statistic,available,none,True,1,2.0394604851045166,3.7068476824296397,2.0394604851045166
exhaustive_six_of_ten_partition,partition_202_f2bcaaba9252,,NAUMANN_CAL_T40_SOC37.5,hierarchical_power_fallback,0.80000000000000004,6,6,2.1698424743004083,finite_order_statistic,available,none,True,1,1.9346642885590211,3.4427051368367643,1.9346642885590211
exhaustive_six_of_ten_partition,partition_202_f2bcaaba9252,,NAUMANN_CAL_T25_SOC50,hierarchical_power_fallback,0.90000000000000002,6,7,,unavailable_finite_sample_full_physical_range,unavailable,insufficient_same_route_calibration,,,,,
exhaustive_six_of_ten_partition,partition_202_f2bcaaba9252,,NAUMANN_CAL_T40_SOC37.5,hierarchical_power_fallback,0.90000000000000002,6,7,,unavailable_finite_sample_full_physical_range,unavailable,insufficient_same_route_calibration,,,,,
exhaustive_six_of_ten_partition,partition_202_f2bcaaba9252,,NAUMANN_CAL_T25_SOC50,hierarchical_power_fallback,0.94999999999999996,6,7,,unavailable_finite_sample_full_physical_range,unavailable,insufficient_same_route_calibration,,,,,
exhaustive_six_of_ten_partition,partition_202_f2bcaaba9252,,NAUMANN_CAL_T40_SOC37.5,hierarchical_power_fallback,0.94999999999999996,6,7,,unavailable_finite_sample_full_physical_range,unavailable,insufficient_same_route_calibration,,,,,
exhaustive_six_of_ten_partition,partition_203_7ad2a1643ddb,,NAUMANN_CAL_T40_SOC0,hierarchical_activation_residual,0.80000000000000004,0,1,,unavailable_no_same_route_calibration,unavailable,insufficient_same_route_calibration,,,,,
exhaustive_six_of_ten_partition,partition_203_7ad2a1643ddb,,NAUMANN_CAL_T40_SOC12.5,hierarchical_activation_residual,0.80000000000000004,0,1,,unavailable_no_same_route_calibration,unavailable,insufficient_same_route_calibration,,,,,
exhaustive_six_of_ten_partition,partition_203_7ad2a1643ddb,,NAUMANN_CAL_T40_SOC0,hierarchical_activation_residual,0.90000000000000002,0,1,,unavailable_no_same_route_calibration,unavailable,insufficient_same_route_calibration,,,,,
exhaustive_six_of_ten_partition,partition_203_7ad2a1643ddb,,NAUMANN_CAL_T40_SOC12.5,hierarchical_activation_residual,0.90000000000000002,0,1,,unavailable_no_same_route_calibration,unavailable,insufficient_same_route_calibration,,,,,
exhaustive_six_of_ten_partition,partition_203_7ad2a1643ddb,,NAUMANN_CAL_T40_SOC0,hierarchical_activation_residual,0.94999999999999996,0,1,,unavailable_no_same_route_calibration,unavailable,insufficient_same_route_calibration,,,,,
exhaustive_six_of_ten_partition,partition_203_7ad2a1643ddb,,NAUMANN_CAL_T40_SOC12.5,hierarchical_activation_residual,0.94999999999999996,0,1,,unavailable_no_same_route_calibration,unavailable,insufficient_same_route_calibration,,,,,
exhaustive_six_of_ten_partition,partition_203_7ad2a1643ddb,,NAUMANN_CAL_T25_SOC50,hierarchical_power_fallback,0.80000000000000004,6,6,2.1698424743004083,finite_order_statistic,available,none,True,1,2.0394604851045166,3.7068476824296397,2.0394604851045166
exhaustive_six_of_ten_partition,partition_203_7ad2a1643ddb,,NAUMANN_CAL_T40_SOC25,hierarchical_power_fallback,0.80000000000000004,6,6,2.1698424743004083,finite_order_statistic,available,none,True,1,2.2106892511167611,4.1087384001945395,2.2106892511167611
exhaustive_six_of_ten_partition,partition_203_7ad2a1643ddb,,NAUMANN_CAL_T25_SOC50,hierarchical_power_fallback,0.90000000000000002,6,7,,unavailable_finite_sample_full_physical_range,unavailable,insufficient_same_route_calibration,,,,,
exhaustive_six_of_ten_partition,partition_203_7ad2a1643ddb,,NAUMANN_CAL_T40_SOC25,hierarchical_power_fallback,0.90000000000000002,6,7,,unavailable_finite_sample_full_physical_range,unavailable,insufficient_same_route_calibration,,,,,
exhaustive_six_of_ten_partition,partition_203_7ad2a1643ddb,,NAUMANN_CAL_T25_SOC50,hierarchical_power_fallback,0.94999999999999996,6,7,,unavailable_finite_sample_full_physical_range,unavailable,insufficient_same_route_calibration,,,,,
exhaustive_six_of_ten_partition,partition_203_7ad2a1643ddb,,NAUMANN_CAL_T40_SOC25,hierarchical_power_fallback,0.94999999999999996,6,7,,unavailable_finite_sample_full_physical_range,unavailable,insufficient_same_route_calibration,,,,,
exhaustive_six_of_ten_partition,partition_204_7d030a3dc9e9,,NAUMANN_CAL_T40_SOC0,hierarchical_activation_residual,0.80000000000000004,1,2,,unavailable_finite_sample_full_physical_range,unavailable,insufficient_same_route_calibration,,,,,
exhaustive_six_of_ten_partition,partition_204_7d030a3dc9e9,,NAUMANN_CAL_T40_SOC0,hierarchical_activation_residual,0.90000000000000002,1,2,,unavailable_finite_sample_full_physical_range,unavailable,insufficient_same_route_calibration,,,,,
exhaustive_six_of_ten_partition,partition_204_7d030a3dc9e9,,NAUMANN_CAL_T40_SOC0,hierarchical_activation_residual,0.94999999999999996,1,2,,unavailable_finite_sample_full_physical_range,unavailable,insufficient_same_route_calibration,,,,,
exhaustive_six_of_ten_partition,partition_204_7d030a3dc9e9,,NAUMANN_CAL_T25_SOC50,hierarchical_power_fallback,0.80000000000000004,5,5,2.1698424743004083,finite_order_statistic,available,none,True,1,2.0394604851045166,3.7068476824296397,2.0394604851045166
exhaustive_six_of_ten_partition,partition_204_7d030a3dc9e9,,NAUMANN_CAL_T40_SOC100,hierarchical_power_fallback,0.80000000000000004,5,5,2.1698424743004083,finite_order_statistic,available,none,True,1,1.4242933532746951,2.2673997803693737,1.4242933532746951
exhaustive_six_of_ten_partition,partition_204_7d030a3dc9e9,,NAUMANN_CAL_T40_SOC87.5,hierarchical_power_fallback,0.80000000000000004,5,5,2.1698424743004083,finite_order_statistic,available,none,True,1,1.3456714355048427,2.0932907277718584,1.3456714355048427
exhaustive_six_of_ten_partition,partition_204_7d030a3dc9e9,,NAUMANN_CAL_T25_SOC50,hierarchical_power_fallback,0.90000000000000002,5,6,,unavailable_finite_sample_full_physical_range,unavailable,insufficient_same_route_calibration,,,,,
exhaustive_six_of_ten_partition,partition_204_7d030a3dc9e9,,NAUMANN_CAL_T40_SOC100,hierarchical_power_fallback,0.90000000000000002,5,6,,unavailable_finite_sample_full_physical_range,unavailable,insufficient_same_route_calibration,,,,,
exhaustive_six_of_ten_partition,partition_204_7d030a3dc9e9,,NAUMANN_CAL_T40_SOC87.5,hierarchical_power_fallback,0.90000000000000002,5,6,,unavailable_finite_sample_full_physical_range,unavailable,insufficient_same_route_calibration,,,,,
exhaustive_six_of_ten_partition,partition_204_7d030a3dc9e9,,NAUMANN_CAL_T25_SOC50,hierarchical_power_fallback,0.94999999999999996,5,6,,unavailable_finite_sample_full_physical_range,unavailable,insufficient_same_route_calibration,,,,,
exhaustive_six_of_ten_partition,partition_204_7d030a3dc9e9,,NAUMANN_CAL_T40_SOC100,hierarchical_power_fallback,0.94999999999999996,5,6,,unavailable_finite_sample_full_physical_range,unavailable,insufficient_same_route_calibration,,,,,
exhaustive_six_of_ten_partition,partition_204_7d030a3dc9e9,,NAUMANN_CAL_T40_SOC87.5,hierarchical_power_fallback,0.94999999999999996,5,6,,unavailable_finite_sample_full_physical_range,unavailable,insufficient_same_route_calibration,,,,,
exhaustive_six_of_ten_partition,partition_205_898329cb6a93,,NAUMANN_CAL_T40_SOC0,hierarchical_activation_residual,0.80000000000000004,1,2,,unavailable_finite_sample_full_physical_range,unavailable,insufficient_same_route_calibration,,,,,
exhaustive_six_of_ten_partition,partition_205_898329cb6a93,,NAUMANN_CAL_T40_SOC0,hierarchical_activation_residual,0.90000000000000002,1,2,,unavailable_finite_sample_full_physical_range,unavailable,insufficient_same_route_calibration,,,,,
exhaustive_six_of_ten_partition,partition_205_898329cb6a93,,NAUMANN_CAL_T40_SOC0,hierarchical_activation_residual,0.94999999999999996,1,2,,unavailable_finite_sample_full_physical_range,unavailable,insufficient_same_route_calibration,,,,,
exhaustive_six_of_ten_partition,partition_205_898329cb6a93,,NAUMANN_CAL_T25_SOC50,hierarchical_power_fallback,0.80000000000000004,5,5,2.1698424743004083,finite_order_statistic,available,none,True,1,2.0394604851045166,3.7068476824296397,2.0394604851045166
exhaustive_six_of_ten_partition,partition_205_898329cb6a93,,NAUMANN_CAL_T40_SOC100,hierarchical_power_fallback,0.80000000000000004,5,5,2.1698424743004083,finite_order_statistic,available,none,True,1,1.4242933532746951,2.2673997803693737,1.4242933532746951
exhaustive_six_of_ten_partition,partition_205_898329cb6a93,,NAUMANN_CAL_T40_SOC75,hierarchical_power_fallback,0.80000000000000004,5,5,2.1698424743004083,finite_order_statistic,available,none,True,1,1.3720864256784864,2.1520129956726066,1.3720864256784864
exhaustive_six_of_ten_partition,partition_205_898329cb6a93,,NAUMANN_CAL_T25_SOC50,hierarchical_power_fallback,0.90000000000000002,5,6,,unavailable_finite_sample_full_physical_range,unavailable,insufficient_same_route_calibration,,,,,
exhaustive_six_of_ten_partition,partition_205_898329cb6a93,,NAUMANN_CAL_T40_SOC100,hierarchical_power_fallback,0.90000000000000002,5,6,,unavailable_finite_sample_full_physical_range,unavailable,insufficient_same_route_calibration,,,,,
exhaustive_six_of_ten_partition,partition_205_898329cb6a93,,NAUMANN_CAL_T40_SOC75,hierarchical_power_fallback,0.90000000000000002,5,6,,unavailable_finite_sample_full_physical_range,unavailable,insufficient_same_route_calibration,,,,,
exhaustive_six_of_ten_partition,partition_205_898329cb6a93,,NAUMANN_CAL_T25_SOC50,hierarchical_power_fallback,0.94999999999999996,5,6,,unavailable_finite_sample_full_physical_range,unavailable,insufficient_same_route_calibration,,,,,
exhaustive_six_of_ten_partition,partition_205_898329cb6a93,,NAUMANN_CAL_T40_SOC100,hierarchical_power_fallback,0.94999999999999996,5,6,,unavailable_finite_sample_full_physical_range,unavailable,insufficient_same_route_calibration,,,,,
exhaustive_six_of_ten_partition,partition_205_898329cb6a93,,NAUMANN_CAL_T40_SOC75,hierarchical_power_fallback,0.94999999999999996,5,6,,unavailable_finite_sample_full_physical_range,unavailable,insufficient_same_route_calibration,,,,,
exhaustive_six_of_ten_partition,partition_206_cbe50bfbac52,,NAUMANN_CAL_T40_SOC0,hierarchical_activation_residual,0.80000000000000004,1,2,,unavailable_finite_sample_full_physical_range,unavailable,insufficient_same_route_calibration,,,,,
exhaustive_six_of_ten_partition,partition_206_cbe50bfbac52,,NAUMANN_CAL_T40_SOC0,hierarchical_activation_residual,0.90000000000000002,1,2,,unavailable_finite_sample_full_physical_range,unavailable,insufficient_same_route_calibration,,,,,
exhaustive_six_of_ten_partition,partition_206_cbe50bfbac52,,NAUMANN_CAL_T40_SOC0,hierarchical_activation_residual,0.94999999999999996,1,2,,unavailable_finite_sample_full_physical_range,unavailable,insufficient_same_route_calibration,,,,,
exhaustive_six_of_ten_partition,partition_206_cbe50bfbac52,,NAUMANN_CAL_T25_SOC50,hierarchical_power_fallback,0.80000000000000004,5,5,2.1698424743004083,finite_order_statistic,available,none,True,1,2.0394604851045166,3.7068476824296397,2.0394604851045166
exhaustive_six_of_ten_partition,partition_206_cbe50bfbac52,,NAUMANN_CAL_T40_SOC100,hierarchical_power_fallback,0.80000000000000004,5,5,2.1698424743004083,finite_order_statistic,available,none,True,1,1.4242933532746951,2.2673997803693737,1.4242933532746951
exhaustive_six_of_ten_partition,partition_206_cbe50bfbac52,,NAUMANN_CAL_T40_SOC62.5,hierarchical_power_fallback,0.80000000000000004,5,5,2.1698424743004083,finite_order_statistic,available,none,True,1,1.7721164814876715,3.0610265608058569,1.7721164814876715
exhaustive_six_of_ten_partition,partition_206_cbe50bfbac52,,NAUMANN_CAL_T25_SOC50,hierarchical_power_fallback,0.90000000000000002,5,6,,unavailable_finite_sample_full_physical_range,unavailable,insufficient_same_route_calibration,,,,,
exhaustive_six_of_ten_partition,partition_206_cbe50bfbac52,,NAUMANN_CAL_T40_SOC100,hierarchical_power_fallback,0.90000000000000002,5,6,,unavailable_finite_sample_full_physical_range,unavailable,insufficient_same_route_calibration,,,,,
exhaustive_six_of_ten_partition,partition_206_cbe50bfbac52,,NAUMANN_CAL_T40_SOC62.5,hierarchical_power_fallback,0.90000000000000002,5,6,,unavailable_finite_sample_full_physical_range,unavailable,insufficient_same_route_calibration,,,,,
exhaustive_six_of_ten_partition,partition_206_cbe50bfbac52,,NAUMANN_CAL_T25_SOC50,hierarchical_power_fallback,0.94999999999999996,5,6,,unavailable_finite_sample_full_physical_range,unavailable,insufficient_same_route_calibration,,,,,
exhaustive_six_of_ten_partition,partition_206_cbe50bfbac52,,NAUMANN_CAL_T40_SOC100,hierarchical_power_fallback,0.94999999999999996,5,6,,unavailable_finite_sample_full_physical_range,unavailable,insufficient_same_route_calibration,,,,,
exhaustive_six_of_ten_partition,partition_206_cbe50bfbac52,,NAUMANN_CAL_T40_SOC62.5,hierarchical_power_fallback,0.94999999999999996,5,6,,unavailable_finite_sample_full_physical_range,unavailable,insufficient_same_route_calibration,,,,,
exhaustive_six_of_ten_partition,partition_207_03edecf590db,,NAUMANN_CAL_T40_SOC0,hierarchical_activation_residual,0.80000000000000004,1,2,,unavailable_finite_sample_full_physical_range,unavailable,insufficient_same_route_calibration,,,,,
exhaustive_six_of_ten_partition,partition_207_03edecf590db,,NAUMANN_CAL_T40_SOC0,hierarchical_activation_residual,0.90000000000000002,1,2,,unavailable_finite_sample_full_physical_range,unavailable,insufficient_same_route_calibration,,,,,
exhaustive_six_of_ten_partition,partition_207_03edecf590db,,NAUMANN_CAL_T40_SOC0,hierarchical_activation_residual,0.94999999999999996,1,2,,unavailable_finite_sample_full_physical_range,unavailable,insufficient_same_route_calibration,,,,,
exhaustive_six_of_ten_partition,partition_207_03edecf590db,,NAUMANN_CAL_T25_SOC50,hierarchical_power_fallback,0.80000000000000004,5,5,1.1922311952901099,finite_order_statistic,available,none,False,0.47999999999999998,1.1205921354669091,2.0367466742517024,1.2523566858039532
exhaustive_six_of_ten_partition,partition_207_03edecf590db,,NAUMANN_CAL_T40_SOC100,hierarchical_power_fallback,0.80000000000000004,5,5,1.1922311952901099,finite_order_statistic,available,none,False,0.56000000000000005,0.78258536604871898,1.2458345628162988,0.91363833444102394
exhaustive_six_of_ten_partition,partition_207_03edecf590db,,NAUMANN_CAL_T40_SOC50,hierarchical_power_fallback,0.80000000000000004,5,5,1.1922311952901099,finite_order_statistic,available,none,False,0.080000000000000002,1.2512644044041361,2.3432712521460815,4.1603345715361364
exhaustive_six_of_ten_partition,partition_207_03edecf590db,,NAUMANN_CAL_T25_SOC50,hierarchical_power_fallback,0.90000000000000002,5,6,,unavailable_finite_sample_full_physical_range,unavailable,insufficient_same_route_calibration,,,,,
exhaustive_six_of_ten_partition,partition_207_03edecf590db,,NAUMANN_CAL_T40_SOC100,hierarchical_power_fallback,0.90000000000000002,5,6,,unavailable_finite_sample_full_physical_range,unavailable,insufficient_same_route_calibration,,,,,
exhaustive_six_of_ten_partition,partition_207_03edecf590db,,NAUMANN_CAL_T40_SOC50,hierarchical_power_fallback,0.90000000000000002,5,6,,unavailable_finite_sample_full_physical_range,unavailable,insufficient_same_route_calibration,,,,,
exhaustive_six_of_ten_partition,partition_207_03edecf590db,,NAUMANN_CAL_T25_SOC50,hierarchical_power_fallback,0.94999999999999996,5,6,,unavailable_finite_sample_full_physical_range,unavailable,insufficient_same_route_calibration,,,,,
exhaustive_six_of_ten_partition,partition_207_03edecf590db,,NAUMANN_CAL_T40_SOC100,hierarchical_power_fallback,0.94999999999999996,5,6,,unavailable_finite_sample_full_physical_range,unavailable,insufficient_same_route_calibration,,,,,
exhaustive_six_of_ten_partition,partition_207_03edecf590db,,NAUMANN_CAL_T40_SOC50,hierarchical_power_fallback,0.94999999999999996,5,6,,unavailable_finite_sample_full_physical_range,unavailable,insufficient_same_route_calibration,,,,,
exhaustive_six_of_ten_partition,partition_208_d24c39bded8b,,NAUMANN_CAL_T40_SOC0,hierarchical_activation_residual,0.80000000000000004,1,2,,unavailable_finite_sample_full_physical_range,unavailable,insufficient_same_route_calibration,,,,,
exhaustive_six_of_ten_partition,partition_208_d24c39bded8b,,NAUMANN_CAL_T40_SOC0,hierarchical_activation_residual,0.90000000000000002,1,2,,unavailable_finite_sample_full_physical_range,unavailable,insufficient_same_route_calibration,,,,,
exhaustive_six_of_ten_partition,partition_208_d24c39bded8b,,NAUMANN_CAL_T40_SOC0,hierarchical_activation_residual,0.94999999999999996,1,2,,unavailable_finite_sample_full_physical_range,unavailable,insufficient_same_route_calibration,,,,,
exhaustive_six_of_ten_partition,partition_208_d24c39bded8b,,NAUMANN_CAL_T25_SOC50,hierarchical_power_fallback,0.80000000000000004,5,5,2.1698424743004083,finite_order_statistic,available,none,True,1,2.0394604851045166,3.7068476824296397,2.0394604851045166
exhaustive_six_of_ten_partition,partition_208_d24c39bded8b,,NAUMANN_CAL_T40_SOC100,hierarchical_power_fallback,0.80000000000000004,5,5,2.1698424743004083,finite_order_statistic,available,none,True,1,1.4242933532746951,2.2673997803693737,1.4242933532746951
exhaustive_six_of_ten_partition,partition_208_d24c39bded8b,,NAUMANN_CAL_T40_SOC37.5,hierarchical_power_fallback,0.80000000000000004,5,5,2.1698424743004083,finite_order_statistic,available,none,True,1,1.9346642885590211,3.4427051368367643,1.9346642885590211
exhaustive_six_of_ten_partition,partition_208_d24c39bded8b,,NAUMANN_CAL_T25_SOC50,hierarchical_power_fallback,0.90000000000000002,5,6,,unavailable_finite_sample_full_physical_range,unavailable,insufficient_same_route_calibration,,,,,
exhaustive_six_of_ten_partition,partition_208_d24c39bded8b,,NAUMANN_CAL_T40_SOC100,hierarchical_power_fallback,0.90000000000000002,5,6,,unavailable_finite_sample_full_physical_range,unavailable,insufficient_same_route_calibration,,,,,
exhaustive_six_of_ten_partition,partition_208_d24c39bded8b,,NAUMANN_CAL_T40_SOC37.5,hierarchical_power_fallback,0.90000000000000002,5,6,,unavailable_finite_sample_full_physical_range,unavailable,insufficient_same_route_calibration,,,,,
exhaustive_six_of_ten_partition,partition_208_d24c39bded8b,,NAUMANN_CAL_T25_SOC50,hierarchical_power_fallback,0.94999999999999996,5,6,,unavailable_finite_sample_full_physical_range,unavailable,insufficient_same_route_calibration,,,,,
exhaustive_six_of_ten_partition,partition_208_d24c39bded8b,,NAUMANN_CAL_T40_SOC100,hierarchical_power_fallback,0.94999999999999996,5,6,,unavailable_finite_sample_full_physical_range,unavailable,insufficient_same_route_calibration,,,,,
exhaustive_six_of_ten_partition,partition_208_d24c39bded8b,,NAUMANN_CAL_T40_SOC37.5,hierarchical_power_fallback,0.94999999999999996,5,6,,unavailable_finite_sample_full_physical_range,unavailable,insufficient_same_route_calibration,,,,,
exhaustive_six_of_ten_partition,partition_209_862127b8a94a,,NAUMANN_CAL_T40_SOC0,hierarchical_activation_residual,0.80000000000000004,1,2,,unavailable_finite_sample_full_physical_range,unavailable,insufficient_same_route_calibration,,,,,
exhaustive_six_of_ten_partition,partition_209_862127b8a94a,,NAUMANN_CAL_T40_SOC0,hierarchical_activation_residual,0.90000000000000002,1,2,,unavailable_finite_sample_full_physical_range,unavailable,insufficient_same_route_calibration,,,,,
exhaustive_six_of_ten_partition,partition_209_862127b8a94a,,NAUMANN_CAL_T40_SOC0,hierarchical_activation_residual,0.94999999999999996,1,2,,unavailable_finite_sample_full_physical_range,unavailable,insufficient_same_route_calibration,,,,,
exhaustive_six_of_ten_partition,partition_209_862127b8a94a,,NAUMANN_CAL_T25_SOC50,hierarchical_power_fallback,0.80000000000000004,5,5,2.1698424743004083,finite_order_statistic,available,none,True,1,2.0394604851045166,3.7068476824296397,2.0394604851045166
exhaustive_six_of_ten_partition,partition_209_862127b8a94a,,NAUMANN_CAL_T40_SOC100,hierarchical_power_fallback,0.80000000000000004,5,5,2.1698424743004083,finite_order_statistic,available,none,True,1,1.4242933532746951,2.2673997803693737,1.4242933532746951
exhaustive_six_of_ten_partition,partition_209_862127b8a94a,,NAUMANN_CAL_T40_SOC25,hierarchical_power_fallback,0.80000000000000004,5,5,2.1698424743004083,finite_order_statistic,available,none,True,1,2.2106892511167611,4.1087384001945395,2.2106892511167611
exhaustive_six_of_ten_partition,partition_209_862127b8a94a,,NAUMANN_CAL_T25_SOC50,hierarchical_power_fallback,0.90000000000000002,5,6,,unavailable_finite_sample_full_physical_range,unavailable,insufficient_same_route_calibration,,,,,
exhaustive_six_of_ten_partition,partition_209_862127b8a94a,,NAUMANN_CAL_T40_SOC100,hierarchical_power_fallback,0.90000000000000002,5,6,,unavailable_finite_sample_full_physical_range,unavailable,insufficient_same_route_calibration,,,,,
exhaustive_six_of_ten_partition,partition_209_862127b8a94a,,NAUMANN_CAL_T40_SOC25,hierarchical_power_fallback,0.90000000000000002,5,6,,unavailable_finite_sample_full_physical_range,unavailable,insufficient_same_route_calibration,,,,,
exhaustive_six_of_ten_partition,partition_209_862127b8a94a,,NAUMANN_CAL_T25_SOC50,hierarchical_power_fallback,0.94999999999999996,5,6,,unavailable_finite_sample_full_physical_range,unavailable,insufficient_same_route_calibration,,,,,
exhaustive_six_of_ten_partition,partition_209_862127b8a94a,,NAUMANN_CAL_T40_SOC100,hierarchical_power_fallback,0.94999999999999996,5,6,,unavailable_finite_sample_full_physical_range,unavailable,insufficient_same_route_calibration,,,,,
exhaustive_six_of_ten_partition,partition_209_862127b8a94a,,NAUMANN_CAL_T40_SOC25,hierarchical_power_fallback,0.94999999999999996,5,6,,unavailable_finite_sample_full_physical_range,unavailable,insufficient_same_route_calibration,,,,,
exhaustive_six_of_ten_partition,partition_210_ba2b0194b2df,,NAUMANN_CAL_T40_SOC0,hierarchical_activation_residual,0.80000000000000004,0,1,,unavailable_no_same_route_calibration,unavailable,insufficient_same_route_calibration,,,,,
exhaustive_six_of_ten_partition,partition_210_ba2b0194b2df,,NAUMANN_CAL_T40_SOC12.5,hierarchical_activation_residual,0.80000000000000004,0,1,,unavailable_no_same_route_calibration,unavailable,insufficient_same_route_calibration,,,,,
exhaustive_six_of_ten_partition,partition_210_ba2b0194b2df,,NAUMANN_CAL_T40_SOC0,hierarchical_activation_residual,0.90000000000000002,0,1,,unavailable_no_same_route_calibration,unavailable,insufficient_same_route_calibration,,,,,
exhaustive_six_of_ten_partition,partition_210_ba2b0194b2df,,NAUMANN_CAL_T40_SOC12.5,hierarchical_activation_residual,0.90000000000000002,0,1,,unavailable_no_same_route_calibration,unavailable,insufficient_same_route_calibration,,,,,
exhaustive_six_of_ten_partition,partition_210_ba2b0194b2df,,NAUMANN_CAL_T40_SOC0,hierarchical_activation_residual,0.94999999999999996,0,1,,unavailable_no_same_route_calibration,unavailable,insufficient_same_route_calibration,,,,,
exhaustive_six_of_ten_partition,partition_210_ba2b0194b2df,,NAUMANN_CAL_T40_SOC12.5,hierarchical_activation_residual,0.94999999999999996,0,1,,unavailable_no_same_route_calibration,unavailable,insufficient_same_route_calibration,,,,,
exhaustive_six_of_ten_partition,partition_210_ba2b0194b2df,,NAUMANN_CAL_T25_SOC50,hierarchical_power_fallback,0.80000000000000004,6,6,2.1698424743004083,finite_order_statistic,available,none,True,1,2.0394604851045166,3.7068476824296397,2.0394604851045166
exhaustive_six_of_ten_partition,partition_210_ba2b0194b2df,,NAUMANN_CAL_T40_SOC100,hierarchical_power_fallback,0.80000000000000004,6,6,2.1698424743004083,finite_order_statistic,available,none,True,1,1.4242933532746951,2.2673997803693737,1.4242933532746951
exhaustive_six_of_ten_partition,partition_210_ba2b0194b2df,,NAUMANN_CAL_T25_SOC50,hierarchical_power_fallback,0.90000000000000002,6,7,,unavailable_finite_sample_full_physical_range,unavailable,insufficient_same_route_calibration,,,,,
exhaustive_six_of_ten_partition,partition_210_ba2b0194b2df,,NAUMANN_CAL_T40_SOC100,hierarchical_power_fallback,0.90000000000000002,6,7,,unavailable_finite_sample_full_physical_range,unavailable,insufficient_same_route_calibration,,,,,
exhaustive_six_of_ten_partition,partition_210_ba2b0194b2df,,NAUMANN_CAL_T25_SOC50,hierarchical_power_fallback,0.94999999999999996,6,7,,unavailable_finite_sample_full_physical_range,unavailable,insufficient_same_route_calibration,,,,,
exhaustive_six_of_ten_partition,partition_210_ba2b0194b2df,,NAUMANN_CAL_T40_SOC100,hierarchical_power_fallback,0.94999999999999996,6,7,,unavailable_finite_sample_full_physical_range,unavailable,insufficient_same_route_calibration,,,,,
