scenario,fold_id,target_condition_id,prefix_checkups,method,future_checkup_count,trajectory_iae_pp,future_point_mae_pp,final_true_retention_pct,final_predicted_retention_pct,final_error_pp,future_checkup_count_recomputed,trajectory_iae_pp_recomputed,future_point_mae_pp_recomputed,final_true_retention_pct_recomputed,final_predicted_retention_pct_recomputed,final_error_pp_recomputed,future_checkup_count_audit_difference,trajectory_iae_pp_audit_difference,future_point_mae_pp_audit_difference,final_true_retention_pct_audit_difference,final_predicted_retention_pct_audit_difference,final_error_pp_audit_difference
v3_soc_interpolation_at_40c,40c_intermediate_soc_v3_activation_development,NAUMANN_CAL_T40_SOC12.5,5,hierarchical_activation_offset_power_tau7_v3,30,1.7398587197375444,1.5736784344901058,93.492343457609309,90.112806498111638,-3.3795369594976705,30,1.7398587197375444,1.5736784344901058,93.492343457609309,90.112806498111638,-3.3795369594976705,0,0,0,0,0,0
v3_soc_interpolation_at_40c,40c_intermediate_soc_v3_activation_development,NAUMANN_CAL_T40_SOC12.5,5,hierarchical_power_law_prefix_update_v2,30,2.9179843692049814,2.6982740727235379,93.492343457609309,98.486840540717168,4.9944970831078592,30,2.9179843692049814,2.6982740727235379,93.492343457609309,98.486840540717168,4.9944970831078592,0,0,0,0,0,0
v3_soc_interpolation_at_40c,40c_intermediate_soc_v3_activation_development,NAUMANN_CAL_T40_SOC12.5,5,mechanism_gated_hierarchical_activation_offset_hybrid_v1,30,2.9179843692049814,2.6982740727235379,93.492343457609309,98.486840540717168,4.9944970831078592,30,2.9179843692049814,2.6982740727235379,93.492343457609309,98.486840540717168,4.9944970831078592,0,0,0,0,0,0
v3_soc_interpolation_at_40c,40c_intermediate_soc_v3_activation_development,NAUMANN_CAL_T40_SOC12.5,5,mechanism_gated_target_activation_offset_hybrid_v1,30,2.9179843692049814,2.6982740727235379,93.492343457609309,98.486840540717168,4.9944970831078592,30,2.9179843692049814,2.6982740727235379,93.492343457609309,98.486840540717168,4.9944970831078592,0,0,0,0,0,0
v3_soc_interpolation_at_40c,40c_intermediate_soc_v3_activation_development,NAUMANN_CAL_T40_SOC12.5,5,target_prefix_activation_offset_power_tau7_v1,30,7.6099030462730886,6.892865743766996,93.492343457609309,78.563671947687695,-14.928671509921614,30,7.6099030462730886,6.892865743766996,93.492343457609309,78.563671947687695,-14.928671509921614,0,0,0,0,0,0
v3_soc_interpolation_at_40c,40c_intermediate_soc_v3_activation_development,NAUMANN_CAL_T40_SOC12.5,5,target_prefix_only_sqrt_time_v1,30,3.5771926390946875,3.3029143431374659,93.492343457609309,99.679979666848553,6.1876362092392441,30,3.5771926390946875,3.3029143431374659,93.492343457609309,99.679979666848553,6.1876362092392441,0,0,0,0,0,0
v3_soc_interpolation_at_40c,40c_intermediate_soc_v3_activation_development,NAUMANN_CAL_T40_SOC12.5,8,hierarchical_activation_offset_power_tau7_v3,27,0.11871896136979181,0.12547106088040039,93.492343457609309,93.563483933298016,0.071140475688707738,27,0.11871896136979181,0.12547106088040039,93.492343457609309,93.563483933298016,0.071140475688707738,0,0,0,0,0,0
v3_soc_interpolation_at_40c,40c_intermediate_soc_v3_activation_development,NAUMANN_CAL_T40_SOC12.5,8,hierarchical_power_law_prefix_update_v2,27,4.5492622396840936,4.1098356845029276,93.492343457609309,83.302117958070482,-10.190225499538826,27,4.5492622396840936,4.1098356845029276,93.492343457609309,83.302117958070482,-10.190225499538826,0,0,0,0,0,0
v3_soc_interpolation_at_40c,40c_intermediate_soc_v3_activation_development,NAUMANN_CAL_T40_SOC12.5,8,mechanism_gated_hierarchical_activation_offset_hybrid_v1,27,0.11871896136979181,0.12547106088040039,93.492343457609309,93.563483933298016,0.071140475688707738,27,0.11871896136979181,0.12547106088040039,93.492343457609309,93.563483933298016,0.071140475688707738,0,0,0,0,0,0
v3_soc_interpolation_at_40c,40c_intermediate_soc_v3_activation_development,NAUMANN_CAL_T40_SOC12.5,8,mechanism_gated_target_activation_offset_hybrid_v1,27,0.65350467020254477,0.62591194945083517,93.492343457609309,92.66473176657054,-0.82761169103876853,27,0.65350467020254477,0.62591194945083517,93.492343457609309,92.66473176657054,-0.82761169103876853,0,0,0,0,0,0
v3_soc_interpolation_at_40c,40c_intermediate_soc_v3_activation_development,NAUMANN_CAL_T40_SOC12.5,8,target_prefix_activation_offset_power_tau7_v1,27,0.65350467020254477,0.62591194945083517,93.492343457609309,92.66473176657054,-0.82761169103876853,27,0.65350467020254477,0.62591194945083517,93.492343457609309,92.66473176657054,-0.82761169103876853,0,0,0,0,0,0
v3_soc_interpolation_at_40c,40c_intermediate_soc_v3_activation_development,NAUMANN_CAL_T40_SOC12.5,8,target_prefix_only_sqrt_time_v1,27,2.4933657470195199,2.3310146520767101,93.492343457609309,97.86576026253401,4.3734168049247018,27,2.4933657470195199,2.3310146520767101,93.492343457609309,97.86576026253401,4.3734168049247018,0,0,0,0,0,0
v3_soc_interpolation_at_40c,40c_intermediate_soc_v3_activation_development,NAUMANN_CAL_T40_SOC12.5,10,hierarchical_activation_offset_power_tau7_v3,25,0.41210964154792029,0.36816611979572883,93.492343457609309,94.490822842816755,0.99847938520744606,25,0.41210964154792029,0.36816611979572883,93.492343457609309,94.490822842816755,0.99847938520744606,0,0,0,0,0,0
v3_soc_interpolation_at_40c,40c_intermediate_soc_v3_activation_development,NAUMANN_CAL_T40_SOC12.5,10,hierarchical_power_law_prefix_update_v2,25,2.1953555435544012,1.9862502803570221,93.492343457609309,88.835271542152839,-4.6570719154564699,25,2.1953555435544012,1.9862502803570221,93.492343457609309,88.835271542152839,-4.6570719154564699,0,0,0,0,0,0
v3_soc_interpolation_at_40c,40c_intermediate_soc_v3_activation_development,NAUMANN_CAL_T40_SOC12.5,10,mechanism_gated_hierarchical_activation_offset_hybrid_v1,25,0.41210964154792029,0.36816611979572883,93.492343457609309,94.490822842816755,0.99847938520744606,25,0.41210964154792029,0.36816611979572883,93.492343457609309,94.490822842816755,0.99847938520744606,0,0,0,0,0,0
v3_soc_interpolation_at_40c,40c_intermediate_soc_v3_activation_development,NAUMANN_CAL_T40_SOC12.5,10,mechanism_gated_target_activation_offset_hybrid_v1,25,0.27137163795374231,0.23913534789318588,93.492343457609309,94.257525163369692,0.76518170576038358,25,0.27137163795374231,0.23913534789318588,93.492343457609309,94.257525163369692,0.76518170576038358,0,0,0,0,0,0
v3_soc_interpolation_at_40c,40c_intermediate_soc_v3_activation_development,NAUMANN_CAL_T40_SOC12.5,10,target_prefix_activation_offset_power_tau7_v1,25,0.27137163795374231,0.23913534789318588,93.492343457609309,94.257525163369692,0.76518170576038358,25,0.27137163795374231,0.23913534789318588,93.492343457609309,94.257525163369692,0.76518170576038358,0,0,0,0,0,0
v3_soc_interpolation_at_40c,40c_intermediate_soc_v3_activation_development,NAUMANN_CAL_T40_SOC12.5,10,target_prefix_only_sqrt_time_v1,25,2.0560585486835294,1.9162027043120902,93.492343457609309,97.099804444322814,3.6074609867135052,25,2.0560585486835294,1.9162027043120902,93.492343457609309,97.099804444322814,3.6074609867135052,0,0,0,0,0,0
v3_soc_interpolation_at_40c,40c_intermediate_soc_v3_activation_development,NAUMANN_CAL_T40_SOC12.5,14,hierarchical_activation_offset_power_tau7_v3,21,0.50008264577410022,0.45402731496930993,93.492343457609309,94.555974477532601,1.0636310199232923,21,0.50008264577410022,0.45402731496930993,93.492343457609309,94.555974477532601,1.0636310199232923,0,0,0,0,0,0
v3_soc_interpolation_at_40c,40c_intermediate_soc_v3_activation_development,NAUMANN_CAL_T40_SOC12.5,14,hierarchical_power_law_prefix_update_v2,21,0.69615422841222729,0.63196292875048854,93.492343457609309,92.135790002116167,-1.3565534554931418,21,0.69615422841222729,0.63196292875048854,93.492343457609309,92.135790002116167,-1.3565534554931418,0,0,0,0,0,0
v3_soc_interpolation_at_40c,40c_intermediate_soc_v3_activation_development,NAUMANN_CAL_T40_SOC12.5,14,mechanism_gated_hierarchical_activation_offset_hybrid_v1,21,0.50008264577410022,0.45402731496930993,93.492343457609309,94.555974477532601,1.0636310199232923,21,0.50008264577410022,0.45402731496930993,93.492343457609309,94.555974477532601,1.0636310199232923,0,0,0,0,0,0
v3_soc_interpolation_at_40c,40c_intermediate_soc_v3_activation_development,NAUMANN_CAL_T40_SOC12.5,14,mechanism_gated_target_activation_offset_hybrid_v1,21,0.47664616403219495,0.43090064300526926,93.492343457609309,94.532554513777697,1.0402110561683884,21,0.47664616403219495,0.43090064300526926,93.492343457609309,94.532554513777697,1.0402110561683884,0,0,0,0,0,0
v3_soc_interpolation_at_40c,40c_intermediate_soc_v3_activation_development,NAUMANN_CAL_T40_SOC12.5,14,target_prefix_activation_offset_power_tau7_v1,21,0.47664616403219495,0.43090064300526926,93.492343457609309,94.532554513777697,1.0402110561683884,21,0.47664616403219495,0.43090064300526926,93.492343457609309,94.532554513777697,1.0402110561683884,0,0,0,0,0,0
v3_soc_interpolation_at_40c,40c_intermediate_soc_v3_activation_development,NAUMANN_CAL_T40_SOC12.5,14,target_prefix_only_sqrt_time_v1,21,1.6109235945937537,1.5035666482725938,93.492343457609309,96.25285948298071,2.7605160253714018,21,1.6109235945937537,1.5035666482725938,93.492343457609309,96.25285948298071,2.7605160253714018,0,0,0,0,0,0
v3_soc_interpolation_at_40c,40c_intermediate_soc_v3_activation_development,NAUMANN_CAL_T40_SOC37.5,5,hierarchical_activation_offset_power_tau7_v3,30,3.2839411027129595,3.0028383616364098,90.735839071610982,84.788899007750672,-5.9469400638603105,30,3.2839411027129595,3.0028383616364098,90.735839071610982,84.788899007750672,-5.9469400638603105,0,0,0,0,0,0
v3_soc_interpolation_at_40c,40c_intermediate_soc_v3_activation_development,NAUMANN_CAL_T40_SOC37.5,5,hierarchical_power_law_prefix_update_v2,30,3.3956604438771274,3.0900732622525298,90.735839071610982,84.344136225713044,-6.3917028458979388,30,3.3956604438771274,3.0900732622525298,90.735839071610982,84.344136225713044,-6.3917028458979388,0,0,0,0,0,0
v3_soc_interpolation_at_40c,40c_intermediate_soc_v3_activation_development,NAUMANN_CAL_T40_SOC37.5,5,mechanism_gated_hierarchical_activation_offset_hybrid_v1,30,3.3956604438771274,3.0900732622525298,90.735839071610982,84.344136225713044,-6.3917028458979388,30,3.3956604438771274,3.0900732622525298,90.735839071610982,84.344136225713044,-6.3917028458979388,0,0,0,0,0,0
v3_soc_interpolation_at_40c,40c_intermediate_soc_v3_activation_development,NAUMANN_CAL_T40_SOC37.5,5,mechanism_gated_target_activation_offset_hybrid_v1,30,3.3956604438771274,3.0900732622525298,90.735839071610982,84.344136225713044,-6.3917028458979388,30,3.3956604438771274,3.0900732622525298,90.735839071610982,84.344136225713044,-6.3917028458979388,0,0,0,0,0,0
v3_soc_interpolation_at_40c,40c_intermediate_soc_v3_activation_development,NAUMANN_CAL_T40_SOC37.5,5,target_prefix_activation_offset_power_tau7_v1,30,3.5860951171357147,3.2631465715596941,90.735839071610982,83.977638756898642,-6.7582003147123402,30,3.5860951171357147,3.2631465715596941,90.735839071610982,83.977638756898642,-6.7582003147123402,0,0,0,0,0,0
v3_soc_interpolation_at_40c,40c_intermediate_soc_v3_activation_development,NAUMANN_CAL_T40_SOC37.5,5,target_prefix_only_sqrt_time_v1,30,1.3733272087389083,1.2678315430650349,90.735839071610982,93.11571690544875,2.3798778338377673,30,1.3733272087389083,1.2678315430650349,90.735839071610982,93.11571690544875,2.3798778338377673,0,0,0,0,0,0
v3_soc_interpolation_at_40c,40c_intermediate_soc_v3_activation_development,NAUMANN_CAL_T40_SOC37.5,8,hierarchical_activation_offset_power_tau7_v3,27,0.56971768358458708,0.54228221914468966,90.735839071610982,89.902495189668159,-0.83334388194282383,27,0.56971768358458708,0.54228221914468966,90.735839071610982,89.902495189668159,-0.83334388194282383,0,0,0,0,0,0
v3_soc_interpolation_at_40c,40c_intermediate_soc_v3_activation_development,NAUMANN_CAL_T40_SOC37.5,8,hierarchical_power_law_prefix_update_v2,27,1.1743614705504211,1.0964106919388039,90.735839071610982,88.697999268868955,-2.0378398027420275,27,1.1743614705504211,1.0964106919388039,90.735839071610982,88.697999268868955,-2.0378398027420275,0,0,0,0,0,0
v3_soc_interpolation_at_40c,40c_intermediate_soc_v3_activation_development,NAUMANN_CAL_T40_SOC37.5,8,mechanism_gated_hierarchical_activation_offset_hybrid_v1,27,1.1743614705504211,1.0964106919388039,90.735839071610982,88.697999268868955,-2.0378398027420275,27,1.1743614705504211,1.0964106919388039,90.735839071610982,88.697999268868955,-2.0378398027420275,0,0,0,0,0,0
v3_soc_interpolation_at_40c,40c_intermediate_soc_v3_activation_development,NAUMANN_CAL_T40_SOC37.5,8,mechanism_gated_target_activation_offset_hybrid_v1,27,1.1743614705504211,1.0964106919388039,90.735839071610982,88.697999268868955,-2.0378398027420275,27,1.1743614705504211,1.0964106919388039,90.735839071610982,88.697999268868955,-2.0378398027420275,0,0,0,0,0,0
v3_soc_interpolation_at_40c,40c_intermediate_soc_v3_activation_development,NAUMANN_CAL_T40_SOC37.5,8,target_prefix_activation_offset_power_tau7_v1,27,1.0378317578951322,0.96977098341948231,90.735839071610982,88.947700756056946,-1.7881383155540362,27,1.0378317578951322,0.96977098341948231,90.735839071610982,88.947700756056946,-1.7881383155540362,0,0,0,0,0,0
v3_soc_interpolation_at_40c,40c_intermediate_soc_v3_activation_development,NAUMANN_CAL_T40_SOC37.5,8,target_prefix_only_sqrt_time_v1,27,0.87717246896425083,0.81580465256259793,90.735839071610982,92.312690570806524,1.5768514991955414,27,0.87717246896425083,0.81580465256259793,90.735839071610982,92.312690570806524,1.5768514991955414,0,0,0,0,0,0
v3_soc_interpolation_at_40c,40c_intermediate_soc_v3_activation_development,NAUMANN_CAL_T40_SOC37.5,10,hierarchical_activation_offset_power_tau7_v3,25,0.12458490377068229,0.11071355706903774,90.735839071610982,91.053011289585726,0.31717221797474338,25,0.12458490377068229,0.11071355706903774,90.735839071610982,91.053011289585726,0.31717221797474338,0,0,0,0,0,0
v3_soc_interpolation_at_40c,40c_intermediate_soc_v3_activation_development,NAUMANN_CAL_T40_SOC37.5,10,hierarchical_power_law_prefix_update_v2,25,0.33411719983258897,0.31483708727168053,90.735839071610982,90.208764114091224,-0.52707495751975841,25,0.33411719983258897,0.31483708727168053,90.735839071610982,90.208764114091224,-0.52707495751975841,0,0,0,0,0,0
v3_soc_interpolation_at_40c,40c_intermediate_soc_v3_activation_development,NAUMANN_CAL_T40_SOC37.5,10,mechanism_gated_hierarchical_activation_offset_hybrid_v1,25,0.33411719983258897,0.31483708727168053,90.735839071610982,90.208764114091224,-0.52707495751975841,25,0.33411719983258897,0.31483708727168053,90.735839071610982,90.208764114091224,-0.52707495751975841,0,0,0,0,0,0
v3_soc_interpolation_at_40c,40c_intermediate_soc_v3_activation_development,NAUMANN_CAL_T40_SOC37.5,10,mechanism_gated_target_activation_offset_hybrid_v1,25,0.33411719983258897,0.31483708727168053,90.735839071610982,90.208764114091224,-0.52707495751975841,25,0.33411719983258897,0.31483708727168053,90.735839071610982,90.208764114091224,-0.52707495751975841,0,0,0,0,0,0
v3_soc_interpolation_at_40c,40c_intermediate_soc_v3_activation_development,NAUMANN_CAL_T40_SOC37.5,10,target_prefix_activation_offset_power_tau7_v1,25,0.070858759768327839,0.074113485844297319,90.735839071610982,90.724428186330172,-0.011410885280810135,25,0.070858759768327839,0.074113485844297319,90.735839071610982,90.724428186330172,-0.011410885280810135,0,0,0,0,0,0
v3_soc_interpolation_at_40c,40c_intermediate_soc_v3_activation_development,NAUMANN_CAL_T40_SOC37.5,10,target_prefix_only_sqrt_time_v1,25,0.75082556372881193,0.69600350541974199,90.735839071610982,92.076993721984607,1.3411546503736247,25,0.75082556372881193,0.69600350541974199,90.735839071610982,92.076993721984607,1.3411546503736247,0,0,0,0,0,0
v3_soc_interpolation_at_40c,40c_intermediate_soc_v3_activation_development,NAUMANN_CAL_T40_SOC37.5,14,hierarchical_activation_offset_power_tau7_v3,21,0.29316078488596337,0.26483097504820868,90.735839071610982,91.323514241874733,0.5876751702637506,21,0.29316078488596337,0.26483097504820868,90.735839071610982,91.323514241874733,0.5876751702637506,0,0,0,0,0,0
v3_soc_interpolation_at_40c,40c_intermediate_soc_v3_activation_development,NAUMANN_CAL_T40_SOC37.5,14,hierarchical_power_law_prefix_update_v2,21,0.026319809410782213,0.028338512745680163,90.735839071610982,90.740460008833978,0.0046209372229952805,21,0.026319809410782213,0.028338512745680163,90.735839071610982,90.740460008833978,0.0046209372229952805,0,0,0,0,0,0
v3_soc_interpolation_at_40c,40c_intermediate_soc_v3_activation_development,NAUMANN_CAL_T40_SOC37.5,14,mechanism_gated_hierarchical_activation_offset_hybrid_v1,21,0.026319809410782213,0.028338512745680163,90.735839071610982,90.740460008833978,0.0046209372229952805,21,0.026319809410782213,0.028338512745680163,90.735839071610982,90.740460008833978,0.0046209372229952805,0,0,0,0,0,0
v3_soc_interpolation_at_40c,40c_intermediate_soc_v3_activation_development,NAUMANN_CAL_T40_SOC37.5,14,mechanism_gated_target_activation_offset_hybrid_v1,21,0.026319809410782213,0.028338512745680163,90.735839071610982,90.740460008833978,0.0046209372229952805,21,0.026319809410782213,0.028338512745680163,90.735839071610982,90.740460008833978,0.0046209372229952805,0,0,0,0,0,0
v3_soc_interpolation_at_40c,40c_intermediate_soc_v3_activation_development,NAUMANN_CAL_T40_SOC37.5,14,target_prefix_activation_offset_power_tau7_v1,21,0.23079995214828314,0.20816640645887557,90.735839071610982,91.207066344216642,0.47122727260565966,21,0.23079995214828314,0.20816640645887557,90.735839071610982,91.207066344216642,0.47122727260565966,0,0,0,0,0,0
v3_soc_interpolation_at_40c,40c_intermediate_soc_v3_activation_development,NAUMANN_CAL_T40_SOC37.5,14,target_prefix_only_sqrt_time_v1,21,0.62499671815305946,0.58027222349507279,90.735839071610982,91.80652812701716,1.0706890554061772,21,0.62499671815305946,0.58027222349507279,90.735839071610982,91.80652812701716,1.0706890554061772,0,0,0,0,0,0
v3_soc_interpolation_at_40c,40c_intermediate_soc_v3_activation_development,NAUMANN_CAL_T40_SOC62.5,5,hierarchical_activation_offset_power_tau7_v3,30,2.3766143772574702,2.1830237186773647,90.289459200236124,86.179625297831436,-4.1098339024046879,30,2.3766143772574702,2.1830237186773647,90.289459200236124,86.179625297831436,-4.1098339024046879,0,0,0,0,0,0
v3_soc_interpolation_at_40c,40c_intermediate_soc_v3_activation_development,NAUMANN_CAL_T40_SOC62.5,5,hierarchical_power_law_prefix_update_v2,30,2.6870612426018186,2.4579013559673357,90.289459200236124,85.470305185321138,-4.8191540149149859,30,2.6870612426018186,2.4579013559673357,90.289459200236124,85.470305185321138,-4.8191540149149859,0,0,0,0,0,0
v3_soc_interpolation_at_40c,40c_intermediate_soc_v3_activation_development,NAUMANN_CAL_T40_SOC62.5,5,mechanism_gated_hierarchical_activation_offset_hybrid_v1,30,2.6870612426018186,2.4579013559673357,90.289459200236124,85.470305185321138,-4.8191540149149859,30,2.6870612426018186,2.4579013559673357,90.289459200236124,85.470305185321138,-4.8191540149149859,0,0,0,0,0,0
v3_soc_interpolation_at_40c,40c_intermediate_soc_v3_activation_development,NAUMANN_CAL_T40_SOC62.5,5,mechanism_gated_target_activation_offset_hybrid_v1,30,2.6870612426018186,2.4579013559673357,90.289459200236124,85.470305185321138,-4.8191540149149859,30,2.6870612426018186,2.4579013559673357,90.289459200236124,85.470305185321138,-4.8191540149149859,0,0,0,0,0,0
v3_soc_interpolation_at_40c,40c_intermediate_soc_v3_activation_development,NAUMANN_CAL_T40_SOC62.5,5,target_prefix_activation_offset_power_tau7_v1,30,2.755664266010621,2.5205037442634546,90.289459200236124,85.342614222137087,-4.9468449780990369,30,2.755664266010621,2.5205037442634546,90.289459200236124,85.342614222137087,-4.9468449780990369,0,0,0,0,0,0
v3_soc_interpolation_at_40c,40c_intermediate_soc_v3_activation_development,NAUMANN_CAL_T40_SOC62.5,5,target_prefix_only_sqrt_time_v1,30,0.80907850012909222,0.74470428085709695,90.289459200236124,91.771038778382447,1.4815795781463237,30,0.80907850012909222,0.74470428085709695,90.289459200236124,91.771038778382447,1.4815795781463237,0,0,0,0,0,0
v3_soc_interpolation_at_40c,40c_intermediate_soc_v3_activation_development,NAUMANN_CAL_T40_SOC62.5,8,hierarchical_activation_offset_power_tau7_v3,27,0.44139086999736543,0.42560834429297001,90.289459200236124,89.745802937186255,-0.54365626304986847,27,0.44139086999736543,0.42560834429297001,90.289459200236124,89.745802937186255,-0.54365626304986847,0,0,0,0,0,0
v3_soc_interpolation_at_40c,40c_intermediate_soc_v3_activation_development,NAUMANN_CAL_T40_SOC62.5,8,hierarchical_power_law_prefix_update_v2,27,0.84434178171369889,0.79577439039296083,90.289459200236124,88.95797444383679,-1.3314847563993339,27,0.84434178171369889,0.79577439039296083,90.289459200236124,88.95797444383679,-1.3314847563993339,0,0,0,0,0,0
v3_soc_interpolation_at_40c,40c_intermediate_soc_v3_activation_development,NAUMANN_CAL_T40_SOC62.5,8,mechanism_gated_hierarchical_activation_offset_hybrid_v1,27,0.84434178171369889,0.79577439039296083,90.289459200236124,88.95797444383679,-1.3314847563993339,27,0.84434178171369889,0.79577439039296083,90.289459200236124,88.95797444383679,-1.3314847563993339,0,0,0,0,0,0
v3_soc_interpolation_at_40c,40c_intermediate_soc_v3_activation_development,NAUMANN_CAL_T40_SOC62.5,8,mechanism_gated_target_activation_offset_hybrid_v1,27,0.84434178171369889,0.79577439039296083,90.289459200236124,88.95797444383679,-1.3314847563993339,27,0.84434178171369889,0.79577439039296083,90.289459200236124,88.95797444383679,-1.3314847563993339,0,0,0,0,0,0
v3_soc_interpolation_at_40c,40c_intermediate_soc_v3_activation_development,NAUMANN_CAL_T40_SOC62.5,8,target_prefix_activation_offset_power_tau7_v1,27,0.80119765450657354,0.75563970648542045,90.289459200236124,89.035022969990578,-1.2544362302455454,27,0.80119765450657354,0.75563970648542045,90.289459200236124,89.035022969990578,-1.2544362302455454,0,0,0,0,0,0
v3_soc_interpolation_at_40c,40c_intermediate_soc_v3_activation_development,NAUMANN_CAL_T40_SOC62.5,8,target_prefix_only_sqrt_time_v1,27,0.45731817166291749,0.41959406670995414,90.289459200236124,91.218846366851622,0.92938716661549847,27,0.45731817166291749,0.41959406670995414,90.289459200236124,91.218846366851622,0.92938716661549847,0,0,0,0,0,0
v3_soc_interpolation_at_40c,40c_intermediate_soc_v3_activation_development,NAUMANN_CAL_T40_SOC62.5,10,hierarchical_activation_offset_power_tau7_v3,25,0.13339482190717053,0.11800741078757028,90.289459200236124,90.660598392056542,0.37113919182041855,25,0.13339482190717053,0.11800741078757028,90.289459200236124,90.660598392056542,0.37113919182041855,0,0,0,0,0,0
v3_soc_interpolation_at_40c,40c_intermediate_soc_v3_activation_development,NAUMANN_CAL_T40_SOC62.5,10,hierarchical_power_law_prefix_update_v2,25,0.19585626255595193,0.19104090014972427,90.289459200236124,90.086611807528385,-0.20284739270773855,25,0.19585626255595193,0.19104090014972427,90.289459200236124,90.086611807528385,-0.20284739270773855,0,0,0,0,0,0
v3_soc_interpolation_at_40c,40c_intermediate_soc_v3_activation_development,NAUMANN_CAL_T40_SOC62.5,10,mechanism_gated_hierarchical_activation_offset_hybrid_v1,25,0.19585626255595193,0.19104090014972427,90.289459200236124,90.086611807528385,-0.20284739270773855,25,0.19585626255595193,0.19104090014972427,90.289459200236124,90.086611807528385,-0.20284739270773855,0,0,0,0,0,0
v3_soc_interpolation_at_40c,40c_intermediate_soc_v3_activation_development,NAUMANN_CAL_T40_SOC62.5,10,mechanism_gated_target_activation_offset_hybrid_v1,25,0.19585626255595193,0.19104090014972427,90.289459200236124,90.086611807528385,-0.20284739270773855,25,0.19585626255595193,0.19104090014972427,90.289459200236124,90.086611807528385,-0.20284739270773855,0,0,0,0,0,0
v3_soc_interpolation_at_40c,40c_intermediate_soc_v3_activation_development,NAUMANN_CAL_T40_SOC62.5,10,target_prefix_activation_offset_power_tau7_v1,25,0.091704147999414259,0.095766635281605658,90.289459200236124,90.289680059087118,0.00022085885099443203,25,0.091704147999414259,0.095766635281605658,90.289459200236124,90.289680059087118,0.00022085885099443203,0,0,0,0,0,0
v3_soc_interpolation_at_40c,40c_intermediate_soc_v3_activation_development,NAUMANN_CAL_T40_SOC62.5,10,target_prefix_only_sqrt_time_v1,25,0.40839588601510479,0.37267910116071901,90.289459200236124,91.116377153857826,0.8269179536217024,25,0.40839588601510479,0.37267910116071901,90.289459200236124,91.116377153857826,0.8269179536217024,0,0,0,0,0,0
v3_soc_interpolation_at_40c,40c_intermediate_soc_v3_activation_development,NAUMANN_CAL_T40_SOC62.5,14,hierarchical_activation_offset_power_tau7_v3,21,0.29458788568990146,0.26492875250374598,90.289459200236124,90.918182453126775,0.62872325289065145,21,0.29458788568990146,0.26492875250374598,90.289459200236124,90.918182453126775,0.62872325289065145,0,0,0,0,0,0
v3_soc_interpolation_at_40c,40c_intermediate_soc_v3_activation_development,NAUMANN_CAL_T40_SOC62.5,14,hierarchical_power_law_prefix_update_v2,21,0.090640676459700878,0.080376070747092854,90.289459200236124,90.517396502734627,0.22793730249850341,21,0.090640676459700878,0.080376070747092854,90.289459200236124,90.517396502734627,0.22793730249850341,0,0,0,0,0,0
v3_soc_interpolation_at_40c,40c_intermediate_soc_v3_activation_development,NAUMANN_CAL_T40_SOC62.5,14,mechanism_gated_hierarchical_activation_offset_hybrid_v1,21,0.090640676459700878,0.080376070747092854,90.289459200236124,90.517396502734627,0.22793730249850341,21,0.090640676459700878,0.080376070747092854,90.289459200236124,90.517396502734627,0.22793730249850341,0,0,0,0,0,0
v3_soc_interpolation_at_40c,40c_intermediate_soc_v3_activation_development,NAUMANN_CAL_T40_SOC62.5,14,mechanism_gated_target_activation_offset_hybrid_v1,21,0.090640676459700878,0.080376070747092854,90.289459200236124,90.517396502734627,0.22793730249850341,21,0.090640676459700878,0.080376070747092854,90.289459200236124,90.517396502734627,0.22793730249850341,0,0,0,0,0,0
v3_soc_interpolation_at_40c,40c_intermediate_soc_v3_activation_development,NAUMANN_CAL_T40_SOC62.5,14,target_prefix_activation_offset_power_tau7_v1,21,0.24314805830118735,0.21754890772587235,90.289459200236124,90.824520813278028,0.53506161304190414,21,0.24314805830118735,0.21754890772587235,90.289459200236124,90.824520813278028,0.53506161304190414,0,0,0,0,0,0
v3_soc_interpolation_at_40c,40c_intermediate_soc_v3_activation_development,NAUMANN_CAL_T40_SOC62.5,14,target_prefix_only_sqrt_time_v1,21,0.38122990837666526,0.34974433411449146,90.289459200236124,91.01401433724125,0.72455513700512597,21,0.38122990837666526,0.34974433411449146,90.289459200236124,91.01401433724125,0.72455513700512597,0,0,0,0,0,0
v3_soc_interpolation_at_40c,40c_intermediate_soc_v3_activation_development,NAUMANN_CAL_T40_SOC87.5,5,hierarchical_activation_offset_power_tau7_v3,30,1.6403486739664743,1.5196679390666252,87.381149771030991,84.634214481187726,-2.7469352898432646,30,1.6403486739664743,1.5196679390666252,87.381149771030991,84.634214481187726,-2.7469352898432646,0,0,0,0,0,0
v3_soc_interpolation_at_40c,40c_intermediate_soc_v3_activation_development,NAUMANN_CAL_T40_SOC87.5,5,hierarchical_power_law_prefix_update_v2,30,1.2269014451445881,1.1367586268696779,87.381149771030991,85.313806906565404,-2.0673428644655871,30,1.2269014451445881,1.1367586268696779,87.381149771030991,85.313806906565404,-2.0673428644655871,0,0,0,0,0,0
v3_soc_interpolation_at_40c,40c_intermediate_soc_v3_activation_development,NAUMANN_CAL_T40_SOC87.5,5,mechanism_gated_hierarchical_activation_offset_hybrid_v1,30,1.2269014451445881,1.1367586268696779,87.381149771030991,85.313806906565404,-2.0673428644655871,30,1.2269014451445881,1.1367586268696779,87.381149771030991,85.313806906565404,-2.0673428644655871,0,0,0,0,0,0
v3_soc_interpolation_at_40c,40c_intermediate_soc_v3_activation_development,NAUMANN_CAL_T40_SOC87.5,5,mechanism_gated_target_activation_offset_hybrid_v1,30,1.2269014451445881,1.1367586268696779,87.381149771030991,85.313806906565404,-2.0673428644655871,30,1.2269014451445881,1.1367586268696779,87.381149771030991,85.313806906565404,-2.0673428644655871,0,0,0,0,0,0
v3_soc_interpolation_at_40c,40c_intermediate_soc_v3_activation_development,NAUMANN_CAL_T40_SOC87.5,5,target_prefix_activation_offset_power_tau7_v1,30,1.1287850664535082,1.0461069284895079,87.381149771030991,85.478605711685915,-1.9025440593450753,30,1.1287850664535082,1.0461069284895079,87.381149771030991,85.478605711685915,-1.9025440593450753,0,0,0,0,0,0
v3_soc_interpolation_at_40c,40c_intermediate_soc_v3_activation_development,NAUMANN_CAL_T40_SOC87.5,5,target_prefix_only_sqrt_time_v1,30,3.0732021456202387,2.8395072501569683,87.381149771030991,82.166249903422525,-5.2148998676084659,30,3.0732021456202387,2.8395072501569683,87.381149771030991,82.166249903422525,-5.2148998676084659,0,0,0,0,0,0
v3_soc_interpolation_at_40c,40c_intermediate_soc_v3_activation_development,NAUMANN_CAL_T40_SOC87.5,8,hierarchical_activation_offset_power_tau7_v3,27,0.50141110273440703,0.47889787095998054,87.381149771030991,86.56931782232806,-0.81183194870293107,27,0.50141110273440703,0.47889787095998054,87.381149771030991,86.56931782232806,-0.81183194870293107,0,0,0,0,0,0
v3_soc_interpolation_at_40c,40c_intermediate_soc_v3_activation_development,NAUMANN_CAL_T40_SOC87.5,8,hierarchical_power_law_prefix_update_v2,27,0.37545943695060063,0.3602621044148635,87.381149771030991,86.772871175689389,-0.60827859534160211,27,0.37545943695060063,0.3602621044148635,87.381149771030991,86.772871175689389,-0.60827859534160211,0,0,0,0,0,0
v3_soc_interpolation_at_40c,40c_intermediate_soc_v3_activation_development,NAUMANN_CAL_T40_SOC87.5,8,mechanism_gated_hierarchical_activation_offset_hybrid_v1,27,0.37545943695060063,0.3602621044148635,87.381149771030991,86.772871175689389,-0.60827859534160211,27,0.37545943695060063,0.3602621044148635,87.381149771030991,86.772871175689389,-0.60827859534160211,0,0,0,0,0,0
v3_soc_interpolation_at_40c,40c_intermediate_soc_v3_activation_development,NAUMANN_CAL_T40_SOC87.5,8,mechanism_gated_target_activation_offset_hybrid_v1,27,0.37545943695060063,0.3602621044148635,87.381149771030991,86.772871175689389,-0.60827859534160211,27,0.37545943695060063,0.3602621044148635,87.381149771030991,86.772871175689389,-0.60827859534160211,0,0,0,0,0,0
v3_soc_interpolation_at_40c,40c_intermediate_soc_v3_activation_development,NAUMANN_CAL_T40_SOC87.5,8,target_prefix_activation_offset_power_tau7_v1,27,0.3495644706422657,0.33593838988170327,87.381149771030991,86.815585153690904,-0.56556461734008678,27,0.3495644706422657,0.33593838988170327,87.381149771030991,86.815585153690904,-0.56556461734008678,0,0,0,0,0,0
v3_soc_interpolation_at_40c,40c_intermediate_soc_v3_activation_development,NAUMANN_CAL_T40_SOC87.5,8,target_prefix_only_sqrt_time_v1,27,2.4247029303763803,2.2827247944651878,87.381149771030991,83.349426765564189,-4.0317230054668016,27,2.4247029303763803,2.2827247944651878,87.381149771030991,83.349426765564189,-4.0317230054668016,0,0,0,0,0,0
v3_soc_interpolation_at_40c,40c_intermediate_soc_v3_activation_development,NAUMANN_CAL_T40_SOC87.5,10,hierarchical_activation_offset_power_tau7_v3,25,0.061511679210280196,0.064612209207243157,87.381149771030991,87.267664223195695,-0.11348554783529607,25,0.061511679210280196,0.064612209207243157,87.381149771030991,87.267664223195695,-0.11348554783529607,0,0,0,0,0,0
v3_soc_interpolation_at_40c,40c_intermediate_soc_v3_activation_development,NAUMANN_CAL_T40_SOC87.5,10,hierarchical_power_law_prefix_update_v2,25,0.037408190885290724,0.038904406630039148,87.381149771030991,87.343837829537435,-0.037311941493555878,25,0.037408190885290724,0.038904406630039148,87.381149771030991,87.343837829537435,-0.037311941493555878,0,0,0,0,0,0
v3_soc_interpolation_at_40c,40c_intermediate_soc_v3_activation_development,NAUMANN_CAL_T40_SOC87.5,10,mechanism_gated_hierarchical_activation_offset_hybrid_v1,25,0.037408190885290724,0.038904406630039148,87.381149771030991,87.343837829537435,-0.037311941493555878,25,0.037408190885290724,0.038904406630039148,87.381149771030991,87.343837829537435,-0.037311941493555878,0,0,0,0,0,0
v3_soc_interpolation_at_40c,40c_intermediate_soc_v3_activation_development,NAUMANN_CAL_T40_SOC87.5,10,mechanism_gated_target_activation_offset_hybrid_v1,25,0.037408190885290724,0.038904406630039148,87.381149771030991,87.343837829537435,-0.037311941493555878,25,0.037408190885290724,0.038904406630039148,87.381149771030991,87.343837829537435,-0.037311941493555878,0,0,0,0,0,0
v3_soc_interpolation_at_40c,40c_intermediate_soc_v3_activation_development,NAUMANN_CAL_T40_SOC87.5,10,target_prefix_activation_offset_power_tau7_v1,25,0.041955021057161632,0.041269494953503454,87.381149771030991,87.36631295522173,-0.014836815809260884,25,0.041955021057161632,0.041269494953503454,87.381149771030991,87.36631295522173,-0.014836815809260884,0,0,0,0,0,0
v3_soc_interpolation_at_40c,40c_intermediate_soc_v3_activation_development,NAUMANN_CAL_T40_SOC87.5,10,target_prefix_only_sqrt_time_v1,25,1.9301544009699692,1.8146426018355191,87.381149771030991,84.178475307426538,-3.2026744636044526,25,1.9301544009699692,1.8146426018355191,87.381149771030991,84.178475307426538,-3.2026744636044526,0,0,0,0,0,0
v3_soc_interpolation_at_40c,40c_intermediate_soc_v3_activation_development,NAUMANN_CAL_T40_SOC87.5,14,hierarchical_activation_offset_power_tau7_v3,21,0.12321188637445127,0.11297945406118631,87.381149771030991,87.522526904936257,0.14137713390526585,21,0.12321188637445127,0.11297945406118631,87.381149771030991,87.522526904936257,0.14137713390526585,0,0,0,0,0,0
v3_soc_interpolation_at_40c,40c_intermediate_soc_v3_activation_development,NAUMANN_CAL_T40_SOC87.5,14,hierarchical_power_law_prefix_update_v2,21,0.12137410202829484,0.11149002478390457,87.381149771030991,87.515204378725272,0.13405460769428146,21,0.12137410202829484,0.11149002478390457,87.381149771030991,87.515204378725272,0.13405460769428146,0,0,0,0,0,0
v3_soc_interpolation_at_40c,40c_intermediate_soc_v3_activation_development,NAUMANN_CAL_T40_SOC87.5,14,mechanism_gated_hierarchical_activation_offset_hybrid_v1,21,0.12137410202829484,0.11149002478390457,87.381149771030991,87.515204378725272,0.13405460769428146,21,0.12137410202829484,0.11149002478390457,87.381149771030991,87.515204378725272,0.13405460769428146,0,0,0,0,0,0
v3_soc_interpolation_at_40c,40c_intermediate_soc_v3_activation_development,NAUMANN_CAL_T40_SOC87.5,14,mechanism_gated_target_activation_offset_hybrid_v1,21,0.12137410202829484,0.11149002478390457,87.381149771030991,87.515204378725272,0.13405460769428146,21,0.12137410202829484,0.11149002478390457,87.381149771030991,87.515204378725272,0.13405460769428146,0,0,0,0,0,0
v3_soc_interpolation_at_40c,40c_intermediate_soc_v3_activation_development,NAUMANN_CAL_T40_SOC87.5,14,target_prefix_activation_offset_power_tau7_v1,21,0.12965972397352543,0.11907808493031896,87.381149771030991,87.529080383499661,0.14793061246867012,21,0.12965972397352543,0.11907808493031896,87.381149771030991,87.529080383499661,0.14793061246867012,0,0,0,0,0,0
v3_soc_interpolation_at_40c,40c_intermediate_soc_v3_activation_development,NAUMANN_CAL_T40_SOC87.5,14,target_prefix_only_sqrt_time_v1,21,1.3727296326729224,1.2925917270180267,87.381149771030991,85.12331269403289,-2.2578370769981007,21,1.3727296326729224,1.2925917270180267,87.381149771030991,85.12331269403289,-2.2578370769981007,0,0,0,0,0,0
v3_unseen_temperature_level,temperature_c=0,NAUMANN_CAL_T0_SOC50,5,hierarchical_activation_offset_power_tau7_v3,30,0.73558278715978265,0.68490208703119648,97.235264460257468,96.427297896216544,-0.8079665640409246,30,0.73558278715978265,0.68490208703119648,97.235264460257468,96.427297896216544,-0.8079665640409246,0,0,0,0,0,0
v3_unseen_temperature_level,temperature_c=0,NAUMANN_CAL_T0_SOC50,5,hierarchical_power_law_prefix_update_v2,30,0.074199107237403569,0.072160668038584674,97.235264460257468,97.535263143102867,0.29999868284539843,30,0.074199107237403569,0.072160668038584674,97.235264460257468,97.535263143102867,0.29999868284539843,0,0,0,0,0,0
v3_unseen_temperature_level,temperature_c=0,NAUMANN_CAL_T0_SOC50,5,mechanism_gated_hierarchical_activation_offset_hybrid_v1,30,0.074199107237403569,0.072160668038584674,97.235264460257468,97.535263143102867,0.29999868284539843,30,0.074199107237403569,0.072160668038584674,97.235264460257468,97.535263143102867,0.29999868284539843,0,0,0,0,0,0
v3_unseen_temperature_level,temperature_c=0,NAUMANN_CAL_T0_SOC50,5,mechanism_gated_target_activation_offset_hybrid_v1,30,0.074199107237403569,0.072160668038584674,97.235264460257468,97.535263143102867,0.29999868284539843,30,0.074199107237403569,0.072160668038584674,97.235264460257468,97.535263143102867,0.29999868284539843,0,0,0,0,0,0
v3_unseen_temperature_level,temperature_c=0,NAUMANN_CAL_T0_SOC50,5,target_prefix_activation_offset_power_tau7_v1,30,0.089481714594519077,0.085989058305283569,97.235264460257468,97.709079589694042,0.47381512943657356,30,0.089481714594519077,0.085989058305283569,97.235264460257468,97.709079589694042,0.47381512943657356,0,0,0,0,0,0
v3_unseen_temperature_level,temperature_c=0,NAUMANN_CAL_T0_SOC50,5,target_prefix_only_sqrt_time_v1,30,0.36531159391139939,0.33591268367741944,97.235264460257468,98.221840000016243,0.98657553975877477,30,0.36531159391139939,0.33591268367741944,97.235264460257468,98.221840000016243,0.98657553975877477,0,0,0,0,0,0
v3_unseen_temperature_level,temperature_c=0,NAUMANN_CAL_T0_SOC50,8,hierarchical_activation_offset_power_tau7_v3,27,0.25061119189377123,0.24716479402995142,97.235264460257468,97.290216165554313,0.054951705296844011,27,0.25061119189377123,0.24716479402995142,97.235264460257468,97.290216165554313,0.054951705296844011,0,0,0,0,0,0
v3_unseen_temperature_level,temperature_c=0,NAUMANN_CAL_T0_SOC50,8,hierarchical_power_law_prefix_update_v2,27,0.41344236643119647,0.38981458686540099,97.235264460257468,96.882735786184185,-0.35252867407328381,27,0.41344236643119647,0.38981458686540099,97.235264460257468,96.882735786184185,-0.35252867407328381,0,0,0,0,0,0
v3_unseen_temperature_level,temperature_c=0,NAUMANN_CAL_T0_SOC50,8,mechanism_gated_hierarchical_activation_offset_hybrid_v1,27,0.41344236643119647,0.38981458686540099,97.235264460257468,96.882735786184185,-0.35252867407328381,27,0.41344236643119647,0.38981458686540099,97.235264460257468,96.882735786184185,-0.35252867407328381,0,0,0,0,0,0
v3_unseen_temperature_level,temperature_c=0,NAUMANN_CAL_T0_SOC50,8,mechanism_gated_target_activation_offset_hybrid_v1,27,0.41344236643119647,0.38981458686540099,97.235264460257468,96.882735786184185,-0.35252867407328381,27,0.41344236643119647,0.38981458686540099,97.235264460257468,96.882735786184185,-0.35252867407328381,0,0,0,0,0,0
v3_unseen_temperature_level,temperature_c=0,NAUMANN_CAL_T0_SOC50,8,target_prefix_activation_offset_power_tau7_v1,27,0.095498733491937229,0.099093727329857384,97.235264460257468,97.647632884287432,0.41236842402996388,27,0.095498733491937229,0.099093727329857384,97.235264460257468,97.647632884287432,0.41236842402996388,0,0,0,0,0,0
v3_unseen_temperature_level,temperature_c=0,NAUMANN_CAL_T0_SOC50,8,target_prefix_only_sqrt_time_v1,27,0.19401409358829314,0.17650769645424894,97.235264460257468,97.952932205349938,0.71766774509247,27,0.19401409358829314,0.17650769645424894,97.235264460257468,97.952932205349938,0.71766774509247,0,0,0,0,0,0
v3_unseen_temperature_level,temperature_c=0,NAUMANN_CAL_T0_SOC50,10,hierarchical_activation_offset_power_tau7_v3,25,0.12492526089940843,0.11531437879046734,97.235264460257468,97.817125435220632,0.58186097496316336,25,0.12492526089940843,0.11531437879046734,97.235264460257468,97.817125435220632,0.58186097496316336,0,0,0,0,0,0
v3_unseen_temperature_level,temperature_c=0,NAUMANN_CAL_T0_SOC50,10,hierarchical_power_law_prefix_update_v2,25,0.067448158900130964,0.066947734861303163,97.235264460257468,97.638065156562888,0.40280069630541959,25,0.067448158900130964,0.066947734861303163,97.235264460257468,97.638065156562888,0.40280069630541959,0,0,0,0,0,0
v3_unseen_temperature_level,temperature_c=0,NAUMANN_CAL_T0_SOC50,10,mechanism_gated_hierarchical_activation_offset_hybrid_v1,25,0.067448158900130964,0.066947734861303163,97.235264460257468,97.638065156562888,0.40280069630541959,25,0.067448158900130964,0.066947734861303163,97.235264460257468,97.638065156562888,0.40280069630541959,0,0,0,0,0,0
v3_unseen_temperature_level,temperature_c=0,NAUMANN_CAL_T0_SOC50,10,mechanism_gated_target_activation_offset_hybrid_v1,25,0.067448158900130964,0.066947734861303163,97.235264460257468,97.638065156562888,0.40280069630541959,25,0.067448158900130964,0.066947734861303163,97.235264460257468,97.638065156562888,0.40280069630541959,0,0,0,0,0,0
v3_unseen_temperature_level,temperature_c=0,NAUMANN_CAL_T0_SOC50,10,target_prefix_activation_offset_power_tau7_v1,25,0.2016705165907676,0.18313524205608814,97.235264460257468,97.969878272455318,0.73461381219784982,25,0.2016705165907676,0.18313524205608814,97.235264460257468,97.969878272455318,0.73461381219784982,0,0,0,0,0,0
v3_unseen_temperature_level,temperature_c=0,NAUMANN_CAL_T0_SOC50,10,target_prefix_only_sqrt_time_v1,25,0.21447959971132755,0.19629747672606981,97.235264460257468,97.962270754775417,0.72700629451794896,25,0.21447959971132755,0.19629747672606981,97.235264460257468,97.962270754775417,0.72700629451794896,0,0,0,0,0,0
v3_unseen_temperature_level,temperature_c=0,NAUMANN_CAL_T0_SOC50,14,hierarchical_activation_offset_power_tau7_v3,21,0.22060542524775359,0.20308444437563164,97.235264460257468,97.954243244413448,0.71897878415597916,21,0.22060542524775359,0.20308444437563164,97.235264460257468,97.954243244413448,0.71897878415597916,0,0,0,0,0,0
v3_unseen_temperature_level,temperature_c=0,NAUMANN_CAL_T0_SOC50,14,hierarchical_power_law_prefix_update_v2,21,0.15032139964271635,0.13996983006481536,97.235264460257468,97.806204546800245,0.57094008654277673,21,0.15032139964271635,0.13996983006481536,97.235264460257468,97.806204546800245,0.57094008654277673,0,0,0,0,0,0
v3_unseen_temperature_level,temperature_c=0,NAUMANN_CAL_T0_SOC50,14,mechanism_gated_hierarchical_activation_offset_hybrid_v1,21,0.15032139964271635,0.13996983006481536,97.235264460257468,97.806204546800245,0.57094008654277673,21,0.15032139964271635,0.13996983006481536,97.235264460257468,97.806204546800245,0.57094008654277673,0,0,0,0,0,0
v3_unseen_temperature_level,temperature_c=0,NAUMANN_CAL_T0_SOC50,14,mechanism_gated_target_activation_offset_hybrid_v1,21,0.15032139964271635,0.13996983006481536,97.235264460257468,97.806204546800245,0.57094008654277673,21,0.15032139964271635,0.13996983006481536,97.235264460257468,97.806204546800245,0.57094008654277673,0,0,0,0,0,0
v3_unseen_temperature_level,temperature_c=0,NAUMANN_CAL_T0_SOC50,14,target_prefix_activation_offset_power_tau7_v1,21,0.24651865185578486,0.228323164838558,97.235264460257468,97.985066584748722,0.74980212449125361,21,0.24651865185578486,0.228323164838558,97.235264460257468,97.985066584748722,0.74980212449125361,0,0,0,0,0,0
v3_unseen_temperature_level,temperature_c=0,NAUMANN_CAL_T0_SOC50,14,target_prefix_only_sqrt_time_v1,21,0.23331122579437261,0.21745160541020628,97.235264460257468,97.945169478977292,0.70990501871982303,21,0.23331122579437261,0.21745160541020628,97.235264460257468,97.945169478977292,0.70990501871982303,0,0,0,0,0,0
v3_unseen_temperature_level,temperature_c=10,NAUMANN_CAL_T10_SOC50,5,hierarchical_activation_offset_power_tau7_v3,30,1.0888188593717956,1.0104511608422073,96.961247700532525,95.283718804552294,-1.677528895980231,30,1.0888188593717956,1.0104511608422073,96.961247700532525,95.283718804552294,-1.677528895980231,0,0,0,0,0,0
v3_unseen_temperature_level,temperature_c=10,NAUMANN_CAL_T10_SOC50,5,hierarchical_power_law_prefix_update_v2,30,0.26239262354110721,0.24450928569649288,96.961247700532525,96.636045621256173,-0.3252020792763517,30,0.26239262354110721,0.24450928569649288,96.961247700532525,96.636045621256173,-0.3252020792763517,0,0,0,0,0,0
v3_unseen_temperature_level,temperature_c=10,NAUMANN_CAL_T10_SOC50,5,mechanism_gated_hierarchical_activation_offset_hybrid_v1,30,0.26239262354110721,0.24450928569649288,96.961247700532525,96.636045621256173,-0.3252020792763517,30,0.26239262354110721,0.24450928569649288,96.961247700532525,96.636045621256173,-0.3252020792763517,0,0,0,0,0,0
v3_unseen_temperature_level,temperature_c=10,NAUMANN_CAL_T10_SOC50,5,mechanism_gated_target_activation_offset_hybrid_v1,30,0.26239262354110721,0.24450928569649288,96.961247700532525,96.636045621256173,-0.3252020792763517,30,0.26239262354110721,0.24450928569649288,96.961247700532525,96.636045621256173,-0.3252020792763517,0,0,0,0,0,0
v3_unseen_temperature_level,temperature_c=10,NAUMANN_CAL_T10_SOC50,5,target_prefix_activation_offset_power_tau7_v1,30,0.1436062118216038,0.12753300582772387,96.961247700532525,97.372490862386499,0.41124316185397447,30,0.1436062118216038,0.12753300582772387,96.961247700532525,97.372490862386499,0.41124316185397447,0,0,0,0,0,0
v3_unseen_temperature_level,temperature_c=10,NAUMANN_CAL_T10_SOC50,5,target_prefix_only_sqrt_time_v1,30,0.044375046842177406,0.04611865289717277,96.961247700532525,97.045410839575553,0.084163139043027968,30,0.044375046842177406,0.04611865289717277,96.961247700532525,97.045410839575553,0.084163139043027968,0,0,0,0,0,0
v3_unseen_temperature_level,temperature_c=10,NAUMANN_CAL_T10_SOC50,8,hierarchical_activation_offset_power_tau7_v3,27,0.20695144630613202,0.20035809232506202,96.961247700532525,96.782950294528746,-0.17829740600377875,27,0.20695144630613202,0.20035809232506202,96.961247700532525,96.782950294528746,-0.17829740600377875,0,0,0,0,0,0
v3_unseen_temperature_level,temperature_c=10,NAUMANN_CAL_T10_SOC50,8,hierarchical_power_law_prefix_update_v2,27,0.14587227901570088,0.13944033382963783,96.961247700532525,96.834603794975081,-0.12664390555744376,27,0.14587227901570088,0.13944033382963783,96.961247700532525,96.834603794975081,-0.12664390555744376,0,0,0,0,0,0
v3_unseen_temperature_level,temperature_c=10,NAUMANN_CAL_T10_SOC50,8,mechanism_gated_hierarchical_activation_offset_hybrid_v1,27,0.14587227901570088,0.13944033382963783,96.961247700532525,96.834603794975081,-0.12664390555744376,27,0.14587227901570088,0.13944033382963783,96.961247700532525,96.834603794975081,-0.12664390555744376,0,0,0,0,0,0
v3_unseen_temperature_level,temperature_c=10,NAUMANN_CAL_T10_SOC50,8,mechanism_gated_target_activation_offset_hybrid_v1,27,0.14587227901570088,0.13944033382963783,96.961247700532525,96.834603794975081,-0.12664390555744376,27,0.14587227901570088,0.13944033382963783,96.961247700532525,96.834603794975081,-0.12664390555744376,0,0,0,0,0,0
v3_unseen_temperature_level,temperature_c=10,NAUMANN_CAL_T10_SOC50,8,target_prefix_activation_offset_power_tau7_v1,27,0.18527628245614694,0.16910943716679319,96.961247700532525,97.419419104367961,0.45817140383543631,27,0.18527628245614694,0.16910943716679319,96.961247700532525,97.419419104367961,0.45817140383543631,0,0,0,0,0,0
v3_unseen_temperature_level,temperature_c=10,NAUMANN_CAL_T10_SOC50,8,target_prefix_only_sqrt_time_v1,27,0.040531312680234376,0.040937362441163652,96.961247700532525,97.089159125734838,0.12791142520231347,27,0.040531312680234376,0.040937362441163652,96.961247700532525,97.089159125734838,0.12791142520231347,0,0,0,0,0,0
v3_unseen_temperature_level,temperature_c=10,NAUMANN_CAL_T10_SOC50,10,hierarchical_activation_offset_power_tau7_v3,25,0.10627564727660947,0.097396800630428396,96.961247700532525,97.264098207836454,0.30285050730392982,25,0.10627564727660947,0.097396800630428396,96.961247700532525,97.264098207836454,0.30285050730392982,0,0,0,0,0,0
v3_unseen_temperature_level,temperature_c=10,NAUMANN_CAL_T10_SOC50,10,hierarchical_power_law_prefix_update_v2,25,0.098195992736316795,0.090726834609431539,96.961247700532525,97.225341357301843,0.26409365676931884,25,0.098195992736316795,0.090726834609431539,96.961247700532525,97.225341357301843,0.26409365676931884,0,0,0,0,0,0
v3_unseen_temperature_level,temperature_c=10,NAUMANN_CAL_T10_SOC50,10,mechanism_gated_hierarchical_activation_offset_hybrid_v1,25,0.098195992736316795,0.090726834609431539,96.961247700532525,97.225341357301843,0.26409365676931884,25,0.098195992736316795,0.090726834609431539,96.961247700532525,97.225341357301843,0.26409365676931884,0,0,0,0,0,0
v3_unseen_temperature_level,temperature_c=10,NAUMANN_CAL_T10_SOC50,10,mechanism_gated_target_activation_offset_hybrid_v1,25,0.098195992736316795,0.090726834609431539,96.961247700532525,97.225341357301843,0.26409365676931884,25,0.098195992736316795,0.090726834609431539,96.961247700532525,97.225341357301843,0.26409365676931884,0,0,0,0,0,0
v3_unseen_temperature_level,temperature_c=10,NAUMANN_CAL_T10_SOC50,10,target_prefix_activation_offset_power_tau7_v1,25,0.24306693173176602,0.22362981356102921,96.961247700532525,97.489725732454289,0.52847803192176457,25,0.24306693173176602,0.22362981356102921,96.961247700532525,97.489725732454289,0.52847803192176457,0,0,0,0,0,0
v3_unseen_temperature_level,temperature_c=10,NAUMANN_CAL_T10_SOC50,10,target_prefix_only_sqrt_time_v1,25,0.058065450774002304,0.054708415526406498,96.961247700532525,97.145199127199703,0.18395142666717845,25,0.058065450774002304,0.054708415526406498,96.961247700532525,97.145199127199703,0.18395142666717845,0,0,0,0,0,0
v3_unseen_temperature_level,temperature_c=10,NAUMANN_CAL_T10_SOC50,14,hierarchical_activation_offset_power_tau7_v3,21,0.18004445977279304,0.16769040206334904,96.961247700532525,97.35964784065547,0.39840014012294489,21,0.18004445977279304,0.16769040206334904,96.961247700532525,97.35964784065547,0.39840014012294489,0,0,0,0,0,0
v3_unseen_temperature_level,temperature_c=10,NAUMANN_CAL_T10_SOC50,14,hierarchical_power_law_prefix_update_v2,21,0.1114793235807901,0.10560846374371211,96.961247700532525,97.221713454115047,0.26046575358252255,21,0.1114793235807901,0.10560846374371211,96.961247700532525,97.221713454115047,0.26046575358252255,0,0,0,0,0,0
v3_unseen_temperature_level,temperature_c=10,NAUMANN_CAL_T10_SOC50,14,mechanism_gated_hierarchical_activation_offset_hybrid_v1,21,0.1114793235807901,0.10560846374371211,96.961247700532525,97.221713454115047,0.26046575358252255,21,0.1114793235807901,0.10560846374371211,96.961247700532525,97.221713454115047,0.26046575358252255,0,0,0,0,0,0
v3_unseen_temperature_level,temperature_c=10,NAUMANN_CAL_T10_SOC50,14,mechanism_gated_target_activation_offset_hybrid_v1,21,0.1114793235807901,0.10560846374371211,96.961247700532525,97.221713454115047,0.26046575358252255,21,0.1114793235807901,0.10560846374371211,96.961247700532525,97.221713454115047,0.26046575358252255,0,0,0,0,0,0
v3_unseen_temperature_level,temperature_c=10,NAUMANN_CAL_T10_SOC50,14,target_prefix_activation_offset_power_tau7_v1,21,0.15002501792810385,0.14159139789294764,96.961247700532525,97.286542454737372,0.32529475420484744,21,0.15002501792810385,0.14159139789294764,96.961247700532525,97.286542454737372,0.32529475420484744,0,0,0,0,0,0
v3_unseen_temperature_level,temperature_c=10,NAUMANN_CAL_T10_SOC50,14,target_prefix_only_sqrt_time_v1,21,0.082932785336696013,0.079017528711545992,96.961247700532525,97.172833546606739,0.2115858460742146,21,0.082932785336696013,0.079017528711545992,96.961247700532525,97.172833546606739,0.2115858460742146,0,0,0,0,0,0
v3_unseen_temperature_level,temperature_c=25,NAUMANN_CAL_T25_SOC0,5,hierarchical_activation_offset_power_tau7_v3,30,1.3710884047941714,1.2496022278101606,97.872716565331487,95.406836647188982,-2.4658799181425053,30,1.3710884047941714,1.2496022278101606,97.872716565331487,95.406836647188982,-2.4658799181425053,0,0,0,0,0,0
v3_unseen_temperature_level,temperature_c=25,NAUMANN_CAL_T25_SOC0,5,hierarchical_power_law_prefix_update_v2,30,1.1447946637231983,1.0604867540389895,97.872716565331487,99.825103047265898,1.9523864819344112,30,1.1447946637231983,1.0604867540389895,97.872716565331487,99.825103047265898,1.9523864819344112,0,0,0,0,0,0
v3_unseen_temperature_level,temperature_c=25,NAUMANN_CAL_T25_SOC0,5,mechanism_gated_hierarchical_activation_offset_hybrid_v1,30,1.1447946637231983,1.0604867540389895,97.872716565331487,99.825103047265898,1.9523864819344112,30,1.1447946637231983,1.0604867540389895,97.872716565331487,99.825103047265898,1.9523864819344112,0,0,0,0,0,0
v3_unseen_temperature_level,temperature_c=25,NAUMANN_CAL_T25_SOC0,5,mechanism_gated_target_activation_offset_hybrid_v1,30,1.1447946637231983,1.0604867540389895,97.872716565331487,99.825103047265898,1.9523864819344112,30,1.1447946637231983,1.0604867540389895,97.872716565331487,99.825103047265898,1.9523864819344112,0,0,0,0,0,0
v3_unseen_temperature_level,temperature_c=25,NAUMANN_CAL_T25_SOC0,5,target_prefix_activation_offset_power_tau7_v1,30,3.1740457066644265,2.8642107914782491,97.872716565331487,91.528666340573139,-6.3440502247583481,30,3.1740457066644265,2.8642107914782491,97.872716565331487,91.528666340573139,-6.3440502247583481,0,0,0,0,0,0
v3_unseen_temperature_level,temperature_c=25,NAUMANN_CAL_T25_SOC0,5,target_prefix_only_sqrt_time_v1,30,1.25172396984032,1.1600031091319802,97.872716565331487,100,2.127283434668513,30,1.25172396984032,1.1600031091319802,97.872716565331487,100,2.127283434668513,0,0,0,0,0,0
v3_unseen_temperature_level,temperature_c=25,NAUMANN_CAL_T25_SOC0,8,hierarchical_activation_offset_power_tau7_v3,27,0.41679710317508012,0.39410948932848133,97.872716565331487,97.301711120357993,-0.57100544497349404,27,0.41679710317508012,0.39410948932848133,97.872716565331487,97.301711120357993,-0.57100544497349404,0,0,0,0,0,0
v3_unseen_temperature_level,temperature_c=25,NAUMANN_CAL_T25_SOC0,8,hierarchical_power_law_prefix_update_v2,27,0.21361999409497689,0.18561738969761271,97.872716565331487,97.307337643824326,-0.56537892150716118,27,0.21361999409497689,0.18561738969761271,97.872716565331487,97.307337643824326,-0.56537892150716118,0,0,0,0,0,0
v3_unseen_temperature_level,temperature_c=25,NAUMANN_CAL_T25_SOC0,8,mechanism_gated_hierarchical_activation_offset_hybrid_v1,27,0.41679710317508012,0.39410948932848133,97.872716565331487,97.301711120357993,-0.57100544497349404,27,0.41679710317508012,0.39410948932848133,97.872716565331487,97.301711120357993,-0.57100544497349404,0,0,0,0,0,0
v3_unseen_temperature_level,temperature_c=25,NAUMANN_CAL_T25_SOC0,8,mechanism_gated_target_activation_offset_hybrid_v1,27,0.74330451778198736,0.69225619801021832,97.872716565331487,96.635251470354049,-1.2374650949774377,27,0.74330451778198736,0.69225619801021832,97.872716565331487,96.635251470354049,-1.2374650949774377,0,0,0,0,0,0
v3_unseen_temperature_level,temperature_c=25,NAUMANN_CAL_T25_SOC0,8,target_prefix_activation_offset_power_tau7_v1,27,0.74330451778198736,0.69225619801021832,97.872716565331487,96.635251470354049,-1.2374650949774377,27,0.74330451778198736,0.69225619801021832,97.872716565331487,96.635251470354049,-1.2374650949774377,0,0,0,0,0,0
v3_unseen_temperature_level,temperature_c=25,NAUMANN_CAL_T25_SOC0,8,target_prefix_only_sqrt_time_v1,27,0.96231808485960202,0.90808731475369842,97.872716565331487,99.489944787500235,1.6172282221687482,27,0.96231808485960202,0.90808731475369842,97.872716565331487,99.489944787500235,1.6172282221687482,0,0,0,0,0,0
v3_unseen_temperature_level,temperature_c=25,NAUMANN_CAL_T25_SOC0,10,hierarchical_activation_offset_power_tau7_v3,25,0.069293617142458311,0.071557119787436244,97.872716565331487,97.910489163347407,0.037772598015919812,25,0.069293617142458311,0.071557119787436244,97.872716565331487,97.910489163347407,0.037772598015919812,0,0,0,0,0,0
v3_unseen_temperature_level,temperature_c=25,NAUMANN_CAL_T25_SOC0,10,hierarchical_power_law_prefix_update_v2,25,0.2763903501791905,0.24346206717235191,97.872716565331487,97.24583260037565,-0.62688396495583731,25,0.2763903501791905,0.24346206717235191,97.872716565331487,97.24583260037565,-0.62688396495583731,0,0,0,0,0,0
v3_unseen_temperature_level,temperature_c=25,NAUMANN_CAL_T25_SOC0,10,mechanism_gated_hierarchical_activation_offset_hybrid_v1,25,0.069293617142458311,0.071557119787436244,97.872716565331487,97.910489163347407,0.037772598015919812,25,0.069293617142458311,0.071557119787436244,97.872716565331487,97.910489163347407,0.037772598015919812,0,0,0,0,0,0
v3_unseen_temperature_level,temperature_c=25,NAUMANN_CAL_T25_SOC0,10,mechanism_gated_target_activation_offset_hybrid_v1,25,0.12376108583993173,0.11762587966875855,97.872716565331487,97.769047595058254,-0.10366897027323319,25,0.12376108583993173,0.11762587966875855,97.872716565331487,97.769047595058254,-0.10366897027323319,0,0,0,0,0,0
v3_unseen_temperature_level,temperature_c=25,NAUMANN_CAL_T25_SOC0,10,target_prefix_activation_offset_power_tau7_v1,25,0.12376108583993173,0.11762587966875855,97.872716565331487,97.769047595058254,-0.10366897027323319,25,0.12376108583993173,0.11762587966875855,97.872716565331487,97.769047595058254,-0.10366897027323319,0,0,0,0,0,0
v3_unseen_temperature_level,temperature_c=25,NAUMANN_CAL_T25_SOC0,10,target_prefix_only_sqrt_time_v1,25,0.74775388232630569,0.7040974104992711,97.872716565331487,99.137615781793912,1.2648992164624246,25,0.74775388232630569,0.7040974104992711,97.872716565331487,99.137615781793912,1.2648992164624246,0,0,0,0,0,0
v3_unseen_temperature_level,temperature_c=25,NAUMANN_CAL_T25_SOC0,14,hierarchical_activation_offset_power_tau7_v3,21,0.093289675681583209,0.091539291134914103,97.872716565331487,98.100716676972056,0.22800011164056855,21,0.093289675681583209,0.091539291134914103,97.872716565331487,98.100716676972056,0.22800011164056855,0,0,0,0,0,0
v3_unseen_temperature_level,temperature_c=25,NAUMANN_CAL_T25_SOC0,14,hierarchical_power_law_prefix_update_v2,21,0.10025480449260774,0.088922920976543876,97.872716565331487,97.677101143099009,-0.19561542223247841,21,0.10025480449260774,0.088922920976543876,97.872716565331487,97.677101143099009,-0.19561542223247841,0,0,0,0,0,0
v3_unseen_temperature_level,temperature_c=25,NAUMANN_CAL_T25_SOC0,14,mechanism_gated_hierarchical_activation_offset_hybrid_v1,21,0.093289675681583209,0.091539291134914103,97.872716565331487,98.100716676972056,0.22800011164056855,21,0.093289675681583209,0.091539291134914103,97.872716565331487,98.100716676972056,0.22800011164056855,0,0,0,0,0,0
v3_unseen_temperature_level,temperature_c=25,NAUMANN_CAL_T25_SOC0,14,mechanism_gated_target_activation_offset_hybrid_v1,21,0.091092082428925539,0.089672804804132783,97.872716565331487,98.091132081022877,0.21841551569139028,21,0.091092082428925539,0.089672804804132783,97.872716565331487,98.091132081022877,0.21841551569139028,0,0,0,0,0,0
v3_unseen_temperature_level,temperature_c=25,NAUMANN_CAL_T25_SOC0,14,target_prefix_activation_offset_power_tau7_v1,21,0.091092082428925539,0.089672804804132783,97.872716565331487,98.091132081022877,0.21841551569139028,21,0.091092082428925539,0.089672804804132783,97.872716565331487,98.091132081022877,0.21841551569139028,0,0,0,0,0,0
v3_unseen_temperature_level,temperature_c=25,NAUMANN_CAL_T25_SOC0,14,target_prefix_only_sqrt_time_v1,21,0.54394778442950609,0.51095138964920206,97.872716565331487,98.781334716913051,0.90861815158156389,21,0.54394778442950609,0.51095138964920206,97.872716565331487,98.781334716913051,0.90861815158156389,0,0,0,0,0,0
v3_unseen_temperature_level,temperature_c=25,NAUMANN_CAL_T25_SOC100,5,hierarchical_activation_offset_power_tau7_v3,30,0.51860382789924864,0.48678141723244911,89.008126104746694,89.551781355652409,0.54365525090571509,30,0.51860382789924864,0.48678141723244911,89.008126104746694,89.551781355652409,0.54365525090571509,0,0,0,0,0,0
v3_unseen_temperature_level,temperature_c=25,NAUMANN_CAL_T25_SOC100,5,hierarchical_power_law_prefix_update_v2,30,0.75510378585479399,0.70414937695617019,89.008126104746694,89.967588732503373,0.9594626277566789,30,0.75510378585479399,0.70414937695617019,89.008126104746694,89.967588732503373,0.9594626277566789,0,0,0,0,0,0
v3_unseen_temperature_level,temperature_c=25,NAUMANN_CAL_T25_SOC100,5,mechanism_gated_hierarchical_activation_offset_hybrid_v1,30,0.75510378585479399,0.70414937695617019,89.008126104746694,89.967588732503373,0.9594626277566789,30,0.75510378585479399,0.70414937695617019,89.008126104746694,89.967588732503373,0.9594626277566789,0,0,0,0,0,0
v3_unseen_temperature_level,temperature_c=25,NAUMANN_CAL_T25_SOC100,5,mechanism_gated_target_activation_offset_hybrid_v1,30,0.75510378585479399,0.70414937695617019,89.008126104746694,89.967588732503373,0.9594626277566789,30,0.75510378585479399,0.70414937695617019,89.008126104746694,89.967588732503373,0.9594626277566789,0,0,0,0,0,0
v3_unseen_temperature_level,temperature_c=25,NAUMANN_CAL_T25_SOC100,5,target_prefix_activation_offset_power_tau7_v1,30,0.82291618334763694,0.76664678339084846,89.008126104746694,90.084102839193562,1.0759767344468685,30,0.82291618334763694,0.76664678339084846,89.008126104746694,90.084102839193562,1.0759767344468685,0,0,0,0,0,0
v3_unseen_temperature_level,temperature_c=25,NAUMANN_CAL_T25_SOC100,5,target_prefix_only_sqrt_time_v1,30,0.44678744182092234,0.40728409954729777,89.008126104746694,87.92367382291846,-1.0844522818282343,30,0.44678744182092234,0.40728409954729777,89.008126104746694,87.92367382291846,-1.0844522818282343,0,0,0,0,0,0
v3_unseen_temperature_level,temperature_c=25,NAUMANN_CAL_T25_SOC100,8,hierarchical_activation_offset_power_tau7_v3,27,0.6464059317766272,0.61359879974542797,89.008126104746694,89.727577865051884,0.71945176030519065,27,0.6464059317766272,0.61359879974542797,89.008126104746694,89.727577865051884,0.71945176030519065,0,0,0,0,0,0
v3_unseen_temperature_level,temperature_c=25,NAUMANN_CAL_T25_SOC100,8,hierarchical_power_law_prefix_update_v2,27,0.68046612176066901,0.64524344476750173,89.008126104746694,89.785402818312832,0.77727671356613826,27,0.68046612176066901,0.64524344476750173,89.008126104746694,89.785402818312832,0.77727671356613826,0,0,0,0,0,0
v3_unseen_temperature_level,temperature_c=25,NAUMANN_CAL_T25_SOC100,8,mechanism_gated_hierarchical_activation_offset_hybrid_v1,27,0.68046612176066901,0.64524344476750173,89.008126104746694,89.785402818312832,0.77727671356613826,27,0.68046612176066901,0.64524344476750173,89.008126104746694,89.785402818312832,0.77727671356613826,0,0,0,0,0,0
v3_unseen_temperature_level,temperature_c=25,NAUMANN_CAL_T25_SOC100,8,mechanism_gated_target_activation_offset_hybrid_v1,27,0.68046612176066901,0.64524344476750173,89.008126104746694,89.785402818312832,0.77727671356613826,27,0.68046612176066901,0.64524344476750173,89.008126104746694,89.785402818312832,0.77727671356613826,0,0,0,0,0,0
v3_unseen_temperature_level,temperature_c=25,NAUMANN_CAL_T25_SOC100,8,target_prefix_activation_offset_power_tau7_v1,27,0.68172483117581828,0.64643111630992045,89.008126104746694,89.787145448439134,0.77901934369243975,27,0.68172483117581828,0.64643111630992045,89.008126104746694,89.787145448439134,0.77901934369243975,0,0,0,0,0,0
v3_unseen_temperature_level,temperature_c=25,NAUMANN_CAL_T25_SOC100,8,target_prefix_only_sqrt_time_v1,27,0.26046319765989212,0.2398865029104171,89.008126104746694,88.209154888202505,-0.79897121654418868,27,0.26046319765989212,0.2398865029104171,89.008126104746694,88.209154888202505,-0.79897121654418868,0,0,0,0,0,0
v3_unseen_temperature_level,temperature_c=25,NAUMANN_CAL_T25_SOC100,10,hierarchical_activation_offset_power_tau7_v3,25,0.86005763854060702,0.81800154580173001,89.008126104746694,89.993727724935738,0.98560162018904407,25,0.86005763854060702,0.81800154580173001,89.008126104746694,89.993727724935738,0.98560162018904407,0,0,0,0,0,0
v3_unseen_temperature_level,temperature_c=25,NAUMANN_CAL_T25_SOC100,10,hierarchical_power_law_prefix_update_v2,25,0.84132398159370292,0.80083413187989438,89.008126104746694,89.95778841782834,0.94966231308164595,25,0.84132398159370292,0.80083413187989438,89.008126104746694,89.95778841782834,0.94966231308164595,0,0,0,0,0,0
v3_unseen_temperature_level,temperature_c=25,NAUMANN_CAL_T25_SOC100,10,mechanism_gated_hierarchical_activation_offset_hybrid_v1,25,0.84132398159370292,0.80083413187989438,89.008126104746694,89.95778841782834,0.94966231308164595,25,0.84132398159370292,0.80083413187989438,89.008126104746694,89.95778841782834,0.94966231308164595,0,0,0,0,0,0
v3_unseen_temperature_level,temperature_c=25,NAUMANN_CAL_T25_SOC100,10,mechanism_gated_target_activation_offset_hybrid_v1,25,0.84132398159370292,0.80083413187989438,89.008126104746694,89.95778841782834,0.94966231308164595,25,0.84132398159370292,0.80083413187989438,89.008126104746694,89.95778841782834,0.94966231308164595,0,0,0,0,0,0
v3_unseen_temperature_level,temperature_c=25,NAUMANN_CAL_T25_SOC100,10,target_prefix_activation_offset_power_tau7_v1,25,0.83919324860012035,0.7989293457442892,89.008126104746694,89.95328839151621,0.94516228676951641,25,0.83919324860012035,0.7989293457442892,89.008126104746694,89.95328839151621,0.94516228676951641,0,0,0,0,0,0
v3_unseen_temperature_level,temperature_c=25,NAUMANN_CAL_T25_SOC100,10,target_prefix_only_sqrt_time_v1,25,0.14451923138825989,0.14272799314494136,89.008126104746694,88.55423681590807,-0.45388928883862434,25,0.14451923138825989,0.14272799314494136,89.008126104746694,88.55423681590807,-0.45388928883862434,0,0,0,0,0,0
v3_unseen_temperature_level,temperature_c=25,NAUMANN_CAL_T25_SOC100,14,hierarchical_activation_offset_power_tau7_v3,21,0.50660193495181072,0.49694537900545704,89.008126104746694,89.332640155063629,0.32451405031693525,21,0.50660193495181072,0.49694537900545704,89.008126104746694,89.332640155063629,0.32451405031693525,0,0,0,0,0,0
v3_unseen_temperature_level,temperature_c=25,NAUMANN_CAL_T25_SOC100,14,hierarchical_power_law_prefix_update_v2,21,0.46911853882446097,0.46217789936650344,89.008126104746694,89.267467849375919,0.25934174462922499,21,0.46911853882446097,0.46217789936650344,89.008126104746694,89.267467849375919,0.25934174462922499,0,0,0,0,0,0
v3_unseen_temperature_level,temperature_c=25,NAUMANN_CAL_T25_SOC100,14,mechanism_gated_hierarchical_activation_offset_hybrid_v1,21,0.46911853882446097,0.46217789936650344,89.008126104746694,89.267467849375919,0.25934174462922499,21,0.46911853882446097,0.46217789936650344,89.008126104746694,89.267467849375919,0.25934174462922499,0,0,0,0,0,0
v3_unseen_temperature_level,temperature_c=25,NAUMANN_CAL_T25_SOC100,14,mechanism_gated_target_activation_offset_hybrid_v1,21,0.46911853882446097,0.46217789936650344,89.008126104746694,89.267467849375919,0.25934174462922499,21,0.46911853882446097,0.46217789936650344,89.008126104746694,89.267467849375919,0.25934174462922499,0,0,0,0,0,0
v3_unseen_temperature_level,temperature_c=25,NAUMANN_CAL_T25_SOC100,14,target_prefix_activation_offset_power_tau7_v1,21,0.47361128429222193,0.46646435663224262,89.008126104746694,89.27396592226151,0.26583981751481645,21,0.47361128429222193,0.46646435663224262,89.008126104746694,89.27396592226151,0.26583981751481645,0,0,0,0,0,0
v3_unseen_temperature_level,temperature_c=25,NAUMANN_CAL_T25_SOC100,14,target_prefix_only_sqrt_time_v1,21,0.18559130428499188,0.1904136606062401,89.008126104746694,88.659425932695086,-0.34870017205160764,21,0.18559130428499188,0.1904136606062401,89.008126104746694,88.659425932695086,-0.34870017205160764,0,0,0,0,0,0
v3_unseen_temperature_level,temperature_c=25,NAUMANN_CAL_T25_SOC50,5,hierarchical_activation_offset_power_tau7_v3,30,0.52129598866756133,0.47927586002615119,95.271963011453764,94.318414424978215,-0.95354858647554863,30,0.52129598866756133,0.47927586002615119,95.271963011453764,94.318414424978215,-0.95354858647554863,0,0,0,0,0,0
v3_unseen_temperature_level,temperature_c=25,NAUMANN_CAL_T25_SOC50,5,hierarchical_power_law_prefix_update_v2,30,0.78016522246325071,0.70608009759944779,95.271963011453764,93.660592800308464,-1.6113702111452994,30,0.78016522246325071,0.70608009759944779,95.271963011453764,93.660592800308464,-1.6113702111452994,0,0,0,0,0,0
v3_unseen_temperature_level,temperature_c=25,NAUMANN_CAL_T25_SOC50,5,mechanism_gated_hierarchical_activation_offset_hybrid_v1,30,0.78016522246325071,0.70608009759944779,95.271963011453764,93.660592800308464,-1.6113702111452994,30,0.78016522246325071,0.70608009759944779,95.271963011453764,93.660592800308464,-1.6113702111452994,0,0,0,0,0,0
v3_unseen_temperature_level,temperature_c=25,NAUMANN_CAL_T25_SOC50,5,mechanism_gated_target_activation_offset_hybrid_v1,30,0.78016522246325071,0.70608009759944779,95.271963011453764,93.660592800308464,-1.6113702111452994,30,0.78016522246325071,0.70608009759944779,95.271963011453764,93.660592800308464,-1.6113702111452994,0,0,0,0,0,0
v3_unseen_temperature_level,temperature_c=25,NAUMANN_CAL_T25_SOC50,5,target_prefix_activation_offset_power_tau7_v1,30,0.4034005585593361,0.3816352688899059,95.271963011453764,94.730100986952465,-0.54186202450129883,30,0.4034005585593361,0.3816352688899059,95.271963011453764,94.730100986952465,-0.54186202450129883,0,0,0,0,0,0
v3_unseen_temperature_level,temperature_c=25,NAUMANN_CAL_T25_SOC50,5,target_prefix_only_sqrt_time_v1,30,1.0379022312446426,0.97484538494406225,95.271963011453764,96.932145322503331,1.6601823110495673,30,1.0379022312446426,0.97484538494406225,95.271963011453764,96.932145322503331,1.6601823110495673,0,0,0,0,0,0
v3_unseen_temperature_level,temperature_c=25,NAUMANN_CAL_T25_SOC50,8,hierarchical_activation_offset_power_tau7_v3,27,0.77188546830567184,0.7300485250167128,95.271963011453764,94.11350555421626,-1.1584574572375033,27,0.77188546830567184,0.7300485250167128,95.271963011453764,94.11350555421626,-1.1584574572375033,0,0,0,0,0,0
v3_unseen_temperature_level,temperature_c=25,NAUMANN_CAL_T25_SOC50,8,hierarchical_power_law_prefix_update_v2,27,1.7947398250772524,1.6665989357997946,95.271963011453764,92.057757338955341,-3.2142056724984229,27,1.7947398250772524,1.6665989357997946,95.271963011453764,92.057757338955341,-3.2142056724984229,0,0,0,0,0,0
v3_unseen_temperature_level,temperature_c=25,NAUMANN_CAL_T25_SOC50,8,mechanism_gated_hierarchical_activation_offset_hybrid_v1,27,1.7947398250772524,1.6665989357997946,95.271963011453764,92.057757338955341,-3.2142056724984229,27,1.7947398250772524,1.6665989357997946,95.271963011453764,92.057757338955341,-3.2142056724984229,0,0,0,0,0,0
v3_unseen_temperature_level,temperature_c=25,NAUMANN_CAL_T25_SOC50,8,mechanism_gated_target_activation_offset_hybrid_v1,27,1.7947398250772524,1.6665989357997946,95.271963011453764,92.057757338955341,-3.2142056724984229,27,1.7947398250772524,1.6665989357997946,95.271963011453764,92.057757338955341,-3.2142056724984229,0,0,0,0,0,0
v3_unseen_temperature_level,temperature_c=25,NAUMANN_CAL_T25_SOC50,8,target_prefix_activation_offset_power_tau7_v1,27,0.70977212717248928,0.68020926060131193,95.271963011453764,94.338221654727263,-0.93374135672650027,27,0.70977212717248928,0.68020926060131193,95.271963011453764,94.338221654727263,-0.93374135672650027,0,0,0,0,0,0
v3_unseen_temperature_level,temperature_c=25,NAUMANN_CAL_T25_SOC50,8,target_prefix_only_sqrt_time_v1,27,0.31351156301527289,0.2928632956296166,95.271963011453764,95.862707465592663,0.59074445413889975,27,0.31351156301527289,0.2928632956296166,95.271963011453764,95.862707465592663,0.59074445413889975,0,0,0,0,0,0
v3_unseen_temperature_level,temperature_c=25,NAUMANN_CAL_T25_SOC50,10,hierarchical_activation_offset_power_tau7_v3,25,0.17049626432670853,0.16773727911225877,95.271963011453764,95.137008675372016,-0.13495433608174778,25,0.17049626432670853,0.16773727911225877,95.271963011453764,95.137008675372016,-0.13495433608174778,0,0,0,0,0,0
v3_unseen_temperature_level,temperature_c=25,NAUMANN_CAL_T25_SOC50,10,hierarchical_power_law_prefix_update_v2,25,0.58652095070435395,0.54719247721007658,95.271963011453764,94.30942169431259,-0.96254131714117364,25,0.58652095070435395,0.54719247721007658,95.271963011453764,94.30942169431259,-0.96254131714117364,0,0,0,0,0,0
v3_unseen_temperature_level,temperature_c=25,NAUMANN_CAL_T25_SOC50,10,mechanism_gated_hierarchical_activation_offset_hybrid_v1,25,0.58652095070435395,0.54719247721007658,95.271963011453764,94.30942169431259,-0.96254131714117364,25,0.58652095070435395,0.54719247721007658,95.271963011453764,94.30942169431259,-0.96254131714117364,0,0,0,0,0,0
v3_unseen_temperature_level,temperature_c=25,NAUMANN_CAL_T25_SOC50,10,mechanism_gated_target_activation_offset_hybrid_v1,25,0.58652095070435395,0.54719247721007658,95.271963011453764,94.30942169431259,-0.96254131714117364,25,0.58652095070435395,0.54719247721007658,95.271963011453764,94.30942169431259,-0.96254131714117364,0,0,0,0,0,0
v3_unseen_temperature_level,temperature_c=25,NAUMANN_CAL_T25_SOC50,10,target_prefix_activation_offset_power_tau7_v1,25,0.12061187990394616,0.12395506169045518,95.271963011453764,95.259095389143383,-0.012867622310380966,25,0.12061187990394616,0.12395506169045518,95.271963011453764,95.259095389143383,-0.012867622310380966,0,0,0,0,0,0
v3_unseen_temperature_level,temperature_c=25,NAUMANN_CAL_T25_SOC50,10,target_prefix_only_sqrt_time_v1,25,0.23975022884910277,0.22195659294152506,95.271963011453764,95.742653221907034,0.4706902104532702,25,0.23975022884910277,0.22195659294152506,95.271963011453764,95.742653221907034,0.4706902104532702,0,0,0,0,0,0
v3_unseen_temperature_level,temperature_c=25,NAUMANN_CAL_T25_SOC50,14,hierarchical_activation_offset_power_tau7_v3,21,0.094824091407626654,0.087211861509710317,95.271963011453764,95.500026429121647,0.22806341766788307,21,0.094824091407626654,0.087211861509710317,95.271963011453764,95.500026429121647,0.22806341766788307,0,0,0,0,0,0
v3_unseen_temperature_level,temperature_c=25,NAUMANN_CAL_T25_SOC50,14,hierarchical_power_law_prefix_update_v2,21,0.1328004035253319,0.12507678419361362,95.271963011453764,95.107663509616017,-0.16429950183774622,21,0.1328004035253319,0.12507678419361362,95.271963011453764,95.107663509616017,-0.16429950183774622,0,0,0,0,0,0
v3_unseen_temperature_level,temperature_c=25,NAUMANN_CAL_T25_SOC50,14,mechanism_gated_hierarchical_activation_offset_hybrid_v1,21,0.1328004035253319,0.12507678419361362,95.271963011453764,95.107663509616017,-0.16429950183774622,21,0.1328004035253319,0.12507678419361362,95.271963011453764,95.107663509616017,-0.16429950183774622,0,0,0,0,0,0
v3_unseen_temperature_level,temperature_c=25,NAUMANN_CAL_T25_SOC50,14,mechanism_gated_target_activation_offset_hybrid_v1,21,0.1328004035253319,0.12507678419361362,95.271963011453764,95.107663509616017,-0.16429950183774622,21,0.1328004035253319,0.12507678419361362,95.271963011453764,95.107663509616017,-0.16429950183774622,0,0,0,0,0,0
v3_unseen_temperature_level,temperature_c=25,NAUMANN_CAL_T25_SOC50,14,target_prefix_activation_offset_power_tau7_v1,21,0.17038855228082556,0.15479099962352702,95.271963011453764,95.660056653670765,0.38809364221700093,21,0.17038855228082556,0.15479099962352702,95.271963011453764,95.660056653670765,0.38809364221700093,0,0,0,0,0,0
v3_unseen_temperature_level,temperature_c=25,NAUMANN_CAL_T25_SOC50,14,target_prefix_only_sqrt_time_v1,21,0.20072188688309892,0.18731396732024341,95.271963011453764,95.658073006609868,0.38610999515610445,21,0.20072188688309892,0.18731396732024341,95.271963011453764,95.658073006609868,0.38610999515610445,0,0,0,0,0,0
v3_unseen_temperature_level,temperature_c=40,NAUMANN_CAL_T40_SOC0,5,hierarchical_activation_offset_power_tau7_v3,30,0.34959932428806373,0.31785145160895828,96.450765189228321,95.886937617208616,-0.56382757201970435,30,0.34959932428806373,0.31785145160895828,96.450765189228321,95.886937617208616,-0.56382757201970435,0,0,0,0,0,0
v3_unseen_temperature_level,temperature_c=40,NAUMANN_CAL_T40_SOC0,5,hierarchical_power_law_prefix_update_v2,30,1.9685321222568108,1.8130190596741211,96.450765189228321,99.94289798733142,3.4921327981030998,30,1.9685321222568108,1.8130190596741211,96.450765189228321,99.94289798733142,3.4921327981030998,0,0,0,0,0,0
v3_unseen_temperature_level,temperature_c=40,NAUMANN_CAL_T40_SOC0,5,mechanism_gated_hierarchical_activation_offset_hybrid_v1,30,1.9685321222568108,1.8130190596741211,96.450765189228321,99.94289798733142,3.4921327981030998,30,1.9685321222568108,1.8130190596741211,96.450765189228321,99.94289798733142,3.4921327981030998,0,0,0,0,0,0
v3_unseen_temperature_level,temperature_c=40,NAUMANN_CAL_T40_SOC0,5,mechanism_gated_target_activation_offset_hybrid_v1,30,1.9685321222568108,1.8130190596741211,96.450765189228321,99.94289798733142,3.4921327981030998,30,1.9685321222568108,1.8130190596741211,96.450765189228321,99.94289798733142,3.4921327981030998,0,0,0,0,0,0
v3_unseen_temperature_level,temperature_c=40,NAUMANN_CAL_T40_SOC0,5,target_prefix_activation_offset_power_tau7_v1,30,3.3224455312912631,2.9988717163771748,96.450765189228321,89.854752319383863,-6.5960128698444578,30,3.3224455312912631,2.9988717163771748,96.450765189228321,89.854752319383863,-6.5960128698444578,0,0,0,0,0,0
v3_unseen_temperature_level,temperature_c=40,NAUMANN_CAL_T40_SOC0,5,target_prefix_only_sqrt_time_v1,30,2.0061234117760156,1.8483562782515979,96.450765189228321,100,3.5492348107716793,30,2.0061234117760156,1.8483562782515979,96.450765189228321,100,3.5492348107716793,0,0,0,0,0,0
v3_unseen_temperature_level,temperature_c=40,NAUMANN_CAL_T40_SOC0,8,hierarchical_activation_offset_power_tau7_v3,27,0.094016660894981077,0.087757322393268625,96.450765189228321,96.762905737441912,0.31214054821359127,27,0.094016660894981077,0.087757322393268625,96.450765189228321,96.762905737441912,0.31214054821359127,0,0,0,0,0,0
v3_unseen_temperature_level,temperature_c=40,NAUMANN_CAL_T40_SOC0,8,hierarchical_power_law_prefix_update_v2,27,0.18488535812374179,0.16615000689340215,96.450765189228321,95.984314286287145,-0.46645090294117608,27,0.18488535812374179,0.16615000689340215,96.450765189228321,95.984314286287145,-0.46645090294117608,0,0,0,0,0,0
v3_unseen_temperature_level,temperature_c=40,NAUMANN_CAL_T40_SOC0,8,mechanism_gated_hierarchical_activation_offset_hybrid_v1,27,0.094016660894981077,0.087757322393268625,96.450765189228321,96.762905737441912,0.31214054821359127,27,0.094016660894981077,0.087757322393268625,96.450765189228321,96.762905737441912,0.31214054821359127,0,0,0,0,0,0
v3_unseen_temperature_level,temperature_c=40,NAUMANN_CAL_T40_SOC0,8,mechanism_gated_target_activation_offset_hybrid_v1,27,0.38062016117921571,0.35975248058382242,96.450765189228321,95.969115531701163,-0.48164965752715716,27,0.38062016117921571,0.35975248058382242,96.450765189228321,95.969115531701163,-0.48164965752715716,0,0,0,0,0,0
v3_unseen_temperature_level,temperature_c=40,NAUMANN_CAL_T40_SOC0,8,target_prefix_activation_offset_power_tau7_v1,27,0.38062016117921571,0.35975248058382242,96.450765189228321,95.969115531701163,-0.48164965752715716,27,0.38062016117921571,0.35975248058382242,96.450765189228321,95.969115531701163,-0.48164965752715716,0,0,0,0,0,0
v3_unseen_temperature_level,temperature_c=40,NAUMANN_CAL_T40_SOC0,8,target_prefix_only_sqrt_time_v1,27,1.7147632364159573,1.6107679024194681,96.450765189228321,99.408900315443503,2.9581351262151827,27,1.7147632364159573,1.6107679024194681,96.450765189228321,99.408900315443503,2.9581351262151827,0,0,0,0,0,0
v3_unseen_temperature_level,temperature_c=40,NAUMANN_CAL_T40_SOC0,10,hierarchical_activation_offset_power_tau7_v3,25,0.39278089616305595,0.36019351695818386,96.450765189228321,97.321093286107498,0.87032809687917734,25,0.39278089616305595,0.36019351695818386,96.450765189228321,97.321093286107498,0.87032809687917734,0,0,0,0,0,0
v3_unseen_temperature_level,temperature_c=40,NAUMANN_CAL_T40_SOC0,10,hierarchical_power_law_prefix_update_v2,25,0.37566906916574588,0.32703149655544339,96.450765189228321,95.512997528129489,-0.9377676610988317,25,0.37566906916574588,0.32703149655544339,96.450765189228321,95.512997528129489,-0.9377676610988317,0,0,0,0,0,0
v3_unseen_temperature_level,temperature_c=40,NAUMANN_CAL_T40_SOC0,10,mechanism_gated_hierarchical_activation_offset_hybrid_v1,25,0.39278089616305595,0.36019351695818386,96.450765189228321,97.321093286107498,0.87032809687917734,25,0.39278089616305595,0.36019351695818386,96.450765189228321,97.321093286107498,0.87032809687917734,0,0,0,0,0,0
v3_unseen_temperature_level,temperature_c=40,NAUMANN_CAL_T40_SOC0,10,mechanism_gated_target_activation_offset_hybrid_v1,25,0.15594961641822838,0.14179418586440193,96.450765189228321,96.898843617844022,0.4480784286157018,25,0.15594961641822838,0.14179418586440193,96.450765189228321,96.898843617844022,0.4480784286157018,0,0,0,0,0,0
v3_unseen_temperature_level,temperature_c=40,NAUMANN_CAL_T40_SOC0,10,target_prefix_activation_offset_power_tau7_v1,25,0.15594961641822838,0.14179418586440193,96.450765189228321,96.898843617844022,0.4480784286157018,25,0.15594961641822838,0.14179418586440193,96.450765189228321,96.898843617844022,0.4480784286157018,0,0,0,0,0,0
v3_unseen_temperature_level,temperature_c=40,NAUMANN_CAL_T40_SOC0,10,target_prefix_only_sqrt_time_v1,25,1.3944237527371763,1.3072934689911313,96.450765189228321,98.858182835386046,2.4074176461577252,25,1.3944237527371763,1.3072934689911313,96.450765189228321,98.858182835386046,2.4074176461577252,0,0,0,0,0,0
v3_unseen_temperature_level,temperature_c=40,NAUMANN_CAL_T40_SOC0,14,hierarchical_activation_offset_power_tau7_v3,21,0.37798077106227873,0.34894929592629442,96.450765189228321,97.243053813868585,0.79228862464026406,21,0.37798077106227873,0.34894929592629442,96.450765189228321,97.243053813868585,0.79228862464026406,0,0,0,0,0,0
v3_unseen_temperature_level,temperature_c=40,NAUMANN_CAL_T40_SOC0,14,hierarchical_power_law_prefix_update_v2,21,0.16734331769945954,0.14528391549740285,96.450765189228321,96.098048270354553,-0.35271691887376733,21,0.16734331769945954,0.14528391549740285,96.450765189228321,96.098048270354553,-0.35271691887376733,0,0,0,0,0,0
v3_unseen_temperature_level,temperature_c=40,NAUMANN_CAL_T40_SOC0,14,mechanism_gated_hierarchical_activation_offset_hybrid_v1,21,0.37798077106227873,0.34894929592629442,96.450765189228321,97.243053813868585,0.79228862464026406,21,0.37798077106227873,0.34894929592629442,96.450765189228321,97.243053813868585,0.79228862464026406,0,0,0,0,0,0
v3_unseen_temperature_level,temperature_c=40,NAUMANN_CAL_T40_SOC0,14,mechanism_gated_target_activation_offset_hybrid_v1,21,0.21562311083043448,0.20056751125783837,96.450765189228321,96.958220088705559,0.50745489947723854,21,0.21562311083043448,0.20056751125783837,96.450765189228321,96.958220088705559,0.50745489947723854,0,0,0,0,0,0
v3_unseen_temperature_level,temperature_c=40,NAUMANN_CAL_T40_SOC0,14,target_prefix_activation_offset_power_tau7_v1,21,0.21562311083043448,0.20056751125783837,96.450765189228321,96.958220088705559,0.50745489947723854,21,0.21562311083043448,0.20056751125783837,96.450765189228321,96.958220088705559,0.50745489947723854,0,0,0,0,0,0
v3_unseen_temperature_level,temperature_c=40,NAUMANN_CAL_T40_SOC0,14,target_prefix_only_sqrt_time_v1,21,1.0488457133421702,0.98334890392402485,96.450765189228321,98.23417080733816,1.783405618109839,21,1.0488457133421702,0.98334890392402485,96.450765189228321,98.23417080733816,1.783405618109839,0,0,0,0,0,0
v3_unseen_temperature_level,temperature_c=40,NAUMANN_CAL_T40_SOC100,5,hierarchical_activation_offset_power_tau7_v3,30,2.0400020453136802,1.9323900423476492,86.390020867730897,83.459290582276822,-2.9307302854540751,30,2.0400020453136802,1.9323900423476492,86.390020867730897,83.459290582276822,-2.9307302854540751,0,0,0,0,0,0
v3_unseen_temperature_level,temperature_c=40,NAUMANN_CAL_T40_SOC100,5,hierarchical_power_law_prefix_update_v2,30,1.8906651179431373,1.7926592437478941,86.390020867730897,83.682651112119274,-2.707369755611623,30,1.8906651179431373,1.7926592437478941,86.390020867730897,83.682651112119274,-2.707369755611623,0,0,0,0,0,0
v3_unseen_temperature_level,temperature_c=40,NAUMANN_CAL_T40_SOC100,5,mechanism_gated_hierarchical_activation_offset_hybrid_v1,30,1.8906651179431373,1.7926592437478941,86.390020867730897,83.682651112119274,-2.707369755611623,30,1.8906651179431373,1.7926592437478941,86.390020867730897,83.682651112119274,-2.707369755611623,0,0,0,0,0,0
v3_unseen_temperature_level,temperature_c=40,NAUMANN_CAL_T40_SOC100,5,mechanism_gated_target_activation_offset_hybrid_v1,30,1.8906651179431373,1.7926592437478941,86.390020867730897,83.682651112119274,-2.707369755611623,30,1.8906651179431373,1.7926592437478941,86.390020867730897,83.682651112119274,-2.707369755611623,0,0,0,0,0,0
v3_unseen_temperature_level,temperature_c=40,NAUMANN_CAL_T40_SOC100,5,target_prefix_activation_offset_power_tau7_v1,30,1.8266852327527876,1.7337205516062772,86.390020867730897,83.792734081539194,-2.5972867861917024,30,1.8266852327527876,1.7337205516062772,86.390020867730897,83.792734081539194,-2.5972867861917024,0,0,0,0,0,0
v3_unseen_temperature_level,temperature_c=40,NAUMANN_CAL_T40_SOC100,5,target_prefix_only_sqrt_time_v1,30,2.131966621661018,2.0148987769437574,86.390020867730897,83.266669209806281,-3.1233516579246157,30,2.131966621661018,2.0148987769437574,86.390020867730897,83.266669209806281,-3.1233516579246157,0,0,0,0,0,0
v3_unseen_temperature_level,temperature_c=40,NAUMANN_CAL_T40_SOC100,8,hierarchical_activation_offset_power_tau7_v3,27,0.70098384209743636,0.72071477137981055,86.390020867730897,85.801083548687686,-0.58893731904321101,27,0.70098384209743636,0.72071477137981055,86.390020867730897,85.801083548687686,-0.58893731904321101,0,0,0,0,0,0
v3_unseen_temperature_level,temperature_c=40,NAUMANN_CAL_T40_SOC100,8,hierarchical_power_law_prefix_update_v2,27,0.69192702957249486,0.71161556108704305,86.390020867730897,85.807691520762589,-0.58232934696830796,27,0.69192702957249486,0.71161556108704305,86.390020867730897,85.807691520762589,-0.58232934696830796,0,0,0,0,0,0
v3_unseen_temperature_level,temperature_c=40,NAUMANN_CAL_T40_SOC100,8,mechanism_gated_hierarchical_activation_offset_hybrid_v1,27,0.69192702957249486,0.71161556108704305,86.390020867730897,85.807691520762589,-0.58232934696830796,27,0.69192702957249486,0.71161556108704305,86.390020867730897,85.807691520762589,-0.58232934696830796,0,0,0,0,0,0
v3_unseen_temperature_level,temperature_c=40,NAUMANN_CAL_T40_SOC100,8,mechanism_gated_target_activation_offset_hybrid_v1,27,0.69192702957249486,0.71161556108704305,86.390020867730897,85.807691520762589,-0.58232934696830796,27,0.69192702957249486,0.71161556108704305,86.390020867730897,85.807691520762589,-0.58232934696830796,0,0,0,0,0,0
v3_unseen_temperature_level,temperature_c=40,NAUMANN_CAL_T40_SOC100,8,target_prefix_activation_offset_power_tau7_v1,27,0.67082437331617906,0.69187752814144954,86.390020867730897,85.843608818707338,-0.54641204902355867,27,0.67082437331617906,0.69187752814144954,86.390020867730897,85.843608818707338,-0.54641204902355867,0,0,0,0,0,0
v3_unseen_temperature_level,temperature_c=40,NAUMANN_CAL_T40_SOC100,8,target_prefix_only_sqrt_time_v1,27,1.8262258556377156,1.7746542855234415,86.390020867730897,83.896804643734868,-2.4932162239960292,27,1.8262258556377156,1.7746542855234415,86.390020867730897,83.896804643734868,-2.4932162239960292,0,0,0,0,0,0
v3_unseen_temperature_level,temperature_c=40,NAUMANN_CAL_T40_SOC100,10,hierarchical_activation_offset_power_tau7_v3,25,0.37671533345465474,0.36415191173936934,86.390020867730897,86.708630112817502,0.3186092450866056,25,0.37671533345465474,0.36415191173936934,86.390020867730897,86.708630112817502,0.3186092450866056,0,0,0,0,0,0
v3_unseen_temperature_level,temperature_c=40,NAUMANN_CAL_T40_SOC100,10,hierarchical_power_law_prefix_update_v2,25,0.37459341588328132,0.3625522399697354,86.390020867730897,86.697682281077576,0.30766141334667907,25,0.37459341588328132,0.3625522399697354,86.390020867730897,86.697682281077576,0.30766141334667907,0,0,0,0,0,0
v3_unseen_temperature_level,temperature_c=40,NAUMANN_CAL_T40_SOC100,10,mechanism_gated_hierarchical_activation_offset_hybrid_v1,25,0.37459341588328132,0.3625522399697354,86.390020867730897,86.697682281077576,0.30766141334667907,25,0.37459341588328132,0.3625522399697354,86.390020867730897,86.697682281077576,0.30766141334667907,0,0,0,0,0,0
v3_unseen_temperature_level,temperature_c=40,NAUMANN_CAL_T40_SOC100,10,mechanism_gated_target_activation_offset_hybrid_v1,25,0.37459341588328132,0.3625522399697354,86.390020867730897,86.697682281077576,0.30766141334667907,25,0.37459341588328132,0.3625522399697354,86.390020867730897,86.697682281077576,0.30766141334667907,0,0,0,0,0,0
v3_unseen_temperature_level,temperature_c=40,NAUMANN_CAL_T40_SOC100,10,target_prefix_activation_offset_power_tau7_v1,25,0.3713287148989674,0.35616403357808507,86.390020867730897,86.729719434864251,0.33969856713335389,25,0.3713287148989674,0.35616403357808507,86.390020867730897,86.729719434864251,0.33969856713335389,0,0,0,0,0,0
v3_unseen_temperature_level,temperature_c=40,NAUMANN_CAL_T40_SOC100,10,target_prefix_only_sqrt_time_v1,25,1.4589441032527597,1.4324183951639349,86.390020867730897,84.513794870804645,-1.8762259969262516,25,1.4589441032527597,1.4324183951639349,86.390020867730897,84.513794870804645,-1.8762259969262516,0,0,0,0,0,0
v3_unseen_temperature_level,temperature_c=40,NAUMANN_CAL_T40_SOC100,14,hierarchical_activation_offset_power_tau7_v3,21,0.34972458648086718,0.2725278924105124,86.390020867730897,87.274330180322281,0.8843093125913839,21,0.34972458648086718,0.2725278924105124,86.390020867730897,87.274330180322281,0.8843093125913839,0,0,0,0,0,0
v3_unseen_temperature_level,temperature_c=40,NAUMANN_CAL_T40_SOC100,14,hierarchical_power_law_prefix_update_v2,21,0.34779336957890694,0.27453189423458807,86.390020867730897,87.230366884228999,0.8403460164981027,21,0.34779336957890694,0.27453189423458807,86.390020867730897,87.230366884228999,0.8403460164981027,0,0,0,0,0,0
v3_unseen_temperature_level,temperature_c=40,NAUMANN_CAL_T40_SOC100,14,mechanism_gated_hierarchical_activation_offset_hybrid_v1,21,0.34779336957890694,0.27453189423458807,86.390020867730897,87.230366884228999,0.8403460164981027,21,0.34779336957890694,0.27453189423458807,86.390020867730897,87.230366884228999,0.8403460164981027,0,0,0,0,0,0
v3_unseen_temperature_level,temperature_c=40,NAUMANN_CAL_T40_SOC100,14,mechanism_gated_target_activation_offset_hybrid_v1,21,0.34779336957890694,0.27453189423458807,86.390020867730897,87.230366884228999,0.8403460164981027,21,0.34779336957890694,0.27453189423458807,86.390020867730897,87.230366884228999,0.8403460164981027,0,0,0,0,0,0
v3_unseen_temperature_level,temperature_c=40,NAUMANN_CAL_T40_SOC100,14,target_prefix_activation_offset_power_tau7_v1,21,0.34639773140459651,0.27005937317662393,86.390020867730897,87.258202983702432,0.8681821159715355,21,0.34639773140459651,0.27005937317662393,86.390020867730897,87.258202983702432,0.8681821159715355,0,0,0,0,0,0
v3_unseen_temperature_level,temperature_c=40,NAUMANN_CAL_T40_SOC100,14,target_prefix_only_sqrt_time_v1,21,0.94577750325096732,0.9594781427289919,86.390020867730897,85.326085550436076,-1.0639353172948205,21,0.94577750325096732,0.9594781427289919,86.390020867730897,85.326085550436076,-1.0639353172948205,0,0,0,0,0,0
v3_unseen_temperature_level,temperature_c=40,NAUMANN_CAL_T40_SOC12.5,5,hierarchical_activation_offset_power_tau7_v3,30,1.3065116118846363,1.1868102505005667,93.492343457609309,91.057715295216298,-2.4346281623930111,30,1.3065116118846363,1.1868102505005667,93.492343457609309,91.057715295216298,-2.4346281623930111,0,0,0,0,0,0
v3_unseen_temperature_level,temperature_c=40,NAUMANN_CAL_T40_SOC12.5,5,hierarchical_power_law_prefix_update_v2,30,2.8016730562194931,2.5917009152792909,93.492343457609309,98.273303795280142,4.7809603376708338,30,2.8016730562194931,2.5917009152792909,93.492343457609309,98.273303795280142,4.7809603376708338,0,0,0,0,0,0
v3_unseen_temperature_level,temperature_c=40,NAUMANN_CAL_T40_SOC12.5,5,mechanism_gated_hierarchical_activation_offset_hybrid_v1,30,2.8016730562194931,2.5917009152792909,93.492343457609309,98.273303795280142,4.7809603376708338,30,2.8016730562194931,2.5917009152792909,93.492343457609309,98.273303795280142,4.7809603376708338,0,0,0,0,0,0
v3_unseen_temperature_level,temperature_c=40,NAUMANN_CAL_T40_SOC12.5,5,mechanism_gated_target_activation_offset_hybrid_v1,30,2.8016730562194931,2.5917009152792909,93.492343457609309,98.273303795280142,4.7809603376708338,30,2.8016730562194931,2.5917009152792909,93.492343457609309,98.273303795280142,4.7809603376708338,0,0,0,0,0,0
v3_unseen_temperature_level,temperature_c=40,NAUMANN_CAL_T40_SOC12.5,5,target_prefix_activation_offset_power_tau7_v1,30,7.6099030462730886,6.892865743766996,93.492343457609309,78.563671947687695,-14.928671509921614,30,7.6099030462730886,6.892865743766996,93.492343457609309,78.563671947687695,-14.928671509921614,0,0,0,0,0,0
v3_unseen_temperature_level,temperature_c=40,NAUMANN_CAL_T40_SOC12.5,5,target_prefix_only_sqrt_time_v1,30,3.5771926390946875,3.3029143431374659,93.492343457609309,99.679979666848553,6.1876362092392441,30,3.5771926390946875,3.3029143431374659,93.492343457609309,99.679979666848553,6.1876362092392441,0,0,0,0,0,0
v3_unseen_temperature_level,temperature_c=40,NAUMANN_CAL_T40_SOC12.5,8,hierarchical_activation_offset_power_tau7_v3,27,0.10792565830702384,0.11361914512961793,93.492343457609309,93.686517802535406,0.19417434492609686,27,0.10792565830702384,0.11361914512961793,93.492343457609309,93.686517802535406,0.19417434492609686,0,0,0,0,0,0
v3_unseen_temperature_level,temperature_c=40,NAUMANN_CAL_T40_SOC12.5,8,hierarchical_power_law_prefix_update_v2,27,4.2905914105290277,3.8767084479119007,93.492343457609309,83.900550955280153,-9.5917925023291559,27,4.2905914105290277,3.8767084479119007,93.492343457609309,83.900550955280153,-9.5917925023291559,0,0,0,0,0,0
v3_unseen_temperature_level,temperature_c=40,NAUMANN_CAL_T40_SOC12.5,8,mechanism_gated_hierarchical_activation_offset_hybrid_v1,27,0.10792565830702384,0.11361914512961793,93.492343457609309,93.686517802535406,0.19417434492609686,27,0.10792565830702384,0.11361914512961793,93.492343457609309,93.686517802535406,0.19417434492609686,0,0,0,0,0,0
v3_unseen_temperature_level,temperature_c=40,NAUMANN_CAL_T40_SOC12.5,8,mechanism_gated_target_activation_offset_hybrid_v1,27,0.65350467020254477,0.62591194945083517,93.492343457609309,92.66473176657054,-0.82761169103876853,27,0.65350467020254477,0.62591194945083517,93.492343457609309,92.66473176657054,-0.82761169103876853,0,0,0,0,0,0
v3_unseen_temperature_level,temperature_c=40,NAUMANN_CAL_T40_SOC12.5,8,target_prefix_activation_offset_power_tau7_v1,27,0.65350467020254477,0.62591194945083517,93.492343457609309,92.66473176657054,-0.82761169103876853,27,0.65350467020254477,0.62591194945083517,93.492343457609309,92.66473176657054,-0.82761169103876853,0,0,0,0,0,0
v3_unseen_temperature_level,temperature_c=40,NAUMANN_CAL_T40_SOC12.5,8,target_prefix_only_sqrt_time_v1,27,2.4933657470195199,2.3310146520767101,93.492343457609309,97.86576026253401,4.3734168049247018,27,2.4933657470195199,2.3310146520767101,93.492343457609309,97.86576026253401,4.3734168049247018,0,0,0,0,0,0
v3_unseen_temperature_level,temperature_c=40,NAUMANN_CAL_T40_SOC12.5,10,hierarchical_activation_offset_power_tau7_v3,25,0.51537698629869444,0.46437272688338171,93.492343457609309,94.668827881653399,1.1764844240440908,25,0.51537698629869444,0.46437272688338171,93.492343457609309,94.668827881653399,1.1764844240440908,0,0,0,0,0,0
v3_unseen_temperature_level,temperature_c=40,NAUMANN_CAL_T40_SOC12.5,10,hierarchical_power_law_prefix_update_v2,25,1.8353504867449639,1.6604172090121814,93.492343457609309,89.611717072039539,-3.8806263855697694,25,1.8353504867449639,1.6604172090121814,93.492343457609309,89.611717072039539,-3.8806263855697694,0,0,0,0,0,0
v3_unseen_temperature_level,temperature_c=40,NAUMANN_CAL_T40_SOC12.5,10,mechanism_gated_hierarchical_activation_offset_hybrid_v1,25,0.51537698629869444,0.46437272688338171,93.492343457609309,94.668827881653399,1.1764844240440908,25,0.51537698629869444,0.46437272688338171,93.492343457609309,94.668827881653399,1.1764844240440908,0,0,0,0,0,0
v3_unseen_temperature_level,temperature_c=40,NAUMANN_CAL_T40_SOC12.5,10,mechanism_gated_target_activation_offset_hybrid_v1,25,0.27137163795374231,0.23913534789318588,93.492343457609309,94.257525163369692,0.76518170576038358,25,0.27137163795374231,0.23913534789318588,93.492343457609309,94.257525163369692,0.76518170576038358,0,0,0,0,0,0
v3_unseen_temperature_level,temperature_c=40,NAUMANN_CAL_T40_SOC12.5,10,target_prefix_activation_offset_power_tau7_v1,25,0.27137163795374231,0.23913534789318588,93.492343457609309,94.257525163369692,0.76518170576038358,25,0.27137163795374231,0.23913534789318588,93.492343457609309,94.257525163369692,0.76518170576038358,0,0,0,0,0,0
v3_unseen_temperature_level,temperature_c=40,NAUMANN_CAL_T40_SOC12.5,10,target_prefix_only_sqrt_time_v1,25,2.0560585486835294,1.9162027043120902,93.492343457609309,97.099804444322814,3.6074609867135052,25,2.0560585486835294,1.9162027043120902,93.492343457609309,97.099804444322814,3.6074609867135052,0,0,0,0,0,0
v3_unseen_temperature_level,temperature_c=40,NAUMANN_CAL_T40_SOC12.5,14,hierarchical_activation_offset_power_tau7_v3,21,0.56661304376348998,0.51599274558708907,93.492343457609309,94.668765569907563,1.1764221122982548,21,0.56661304376348998,0.51599274558708907,93.492343457609309,94.668765569907563,1.1764221122982548,0,0,0,0,0,0
v3_unseen_temperature_level,temperature_c=40,NAUMANN_CAL_T40_SOC12.5,14,hierarchical_power_law_prefix_update_v2,21,0.5655980403558527,0.51257318796492479,93.492343457609309,92.389612714173552,-1.1027307434357567,21,0.5655980403558527,0.51257318796492479,93.492343457609309,92.389612714173552,-1.1027307434357567,0,0,0,0,0,0
v3_unseen_temperature_level,temperature_c=40,NAUMANN_CAL_T40_SOC12.5,14,mechanism_gated_hierarchical_activation_offset_hybrid_v1,21,0.56661304376348998,0.51599274558708907,93.492343457609309,94.668765569907563,1.1764221122982548,21,0.56661304376348998,0.51599274558708907,93.492343457609309,94.668765569907563,1.1764221122982548,0,0,0,0,0,0
v3_unseen_temperature_level,temperature_c=40,NAUMANN_CAL_T40_SOC12.5,14,mechanism_gated_target_activation_offset_hybrid_v1,21,0.47664616403219495,0.43090064300526926,93.492343457609309,94.532554513777697,1.0402110561683884,21,0.47664616403219495,0.43090064300526926,93.492343457609309,94.532554513777697,1.0402110561683884,0,0,0,0,0,0
v3_unseen_temperature_level,temperature_c=40,NAUMANN_CAL_T40_SOC12.5,14,target_prefix_activation_offset_power_tau7_v1,21,0.47664616403219495,0.43090064300526926,93.492343457609309,94.532554513777697,1.0402110561683884,21,0.47664616403219495,0.43090064300526926,93.492343457609309,94.532554513777697,1.0402110561683884,0,0,0,0,0,0
v3_unseen_temperature_level,temperature_c=40,NAUMANN_CAL_T40_SOC12.5,14,target_prefix_only_sqrt_time_v1,21,1.6109235945937537,1.5035666482725938,93.492343457609309,96.25285948298071,2.7605160253714018,21,1.6109235945937537,1.5035666482725938,93.492343457609309,96.25285948298071,2.7605160253714018,0,0,0,0,0,0
v3_unseen_temperature_level,temperature_c=40,NAUMANN_CAL_T40_SOC25,5,hierarchical_activation_offset_power_tau7_v3,30,2.1540066071675961,1.9736965637999739,92.05528336328554,88.303929338943917,-3.751354024341623,30,2.1540066071675961,1.9736965637999739,92.05528336328554,88.303929338943917,-3.751354024341623,0,0,0,0,0,0
v3_unseen_temperature_level,temperature_c=40,NAUMANN_CAL_T40_SOC25,5,hierarchical_power_law_prefix_update_v2,30,3.184927591293099,2.8844555395976483,92.05528336328554,85.893205842185509,-6.1620775211000307,30,3.184927591293099,2.8844555395976483,92.05528336328554,85.893205842185509,-6.1620775211000307,0,0,0,0,0,0
v3_unseen_temperature_level,temperature_c=40,NAUMANN_CAL_T40_SOC25,5,mechanism_gated_hierarchical_activation_offset_hybrid_v1,30,3.184927591293099,2.8844555395976483,92.05528336328554,85.893205842185509,-6.1620775211000307,30,3.184927591293099,2.8844555395976483,92.05528336328554,85.893205842185509,-6.1620775211000307,0,0,0,0,0,0
v3_unseen_temperature_level,temperature_c=40,NAUMANN_CAL_T40_SOC25,5,mechanism_gated_target_activation_offset_hybrid_v1,30,3.184927591293099,2.8844555395976483,92.05528336328554,85.893205842185509,-6.1620775211000307,30,3.184927591293099,2.8844555395976483,92.05528336328554,85.893205842185509,-6.1620775211000307,0,0,0,0,0,0
v3_unseen_temperature_level,temperature_c=40,NAUMANN_CAL_T40_SOC25,5,target_prefix_activation_offset_power_tau7_v1,30,2.7868276978590041,2.5452042734939733,92.05528336328554,87.030185859588542,-5.0250975036969976,30,2.7868276978590041,2.5452042734939733,92.05528336328554,87.030185859588542,-5.0250975036969976,0,0,0,0,0,0
v3_unseen_temperature_level,temperature_c=40,NAUMANN_CAL_T40_SOC25,5,target_prefix_only_sqrt_time_v1,30,1.8704476102455632,1.7213340276950186,92.05528336328554,95.428446503953211,3.3731631406676712,30,1.8704476102455632,1.7213340276950186,92.05528336328554,95.428446503953211,3.3731631406676712,0,0,0,0,0,0
v3_unseen_temperature_level,temperature_c=40,NAUMANN_CAL_T40_SOC25,8,hierarchical_activation_offset_power_tau7_v3,27,0.10977214583210133,0.11893745248448216,92.05528336328554,92.160359753687558,0.10507639040201866,27,0.10977214583210133,0.11893745248448216,92.05528336328554,92.160359753687558,0.10507639040201866,0,0,0,0,0,0
v3_unseen_temperature_level,temperature_c=40,NAUMANN_CAL_T40_SOC25,8,hierarchical_power_law_prefix_update_v2,27,1.1468125238801583,1.0654071437937431,92.05528336328554,90.057384905139912,-1.9978984581456274,27,1.1468125238801583,1.0654071437937431,92.05528336328554,90.057384905139912,-1.9978984581456274,0,0,0,0,0,0
v3_unseen_temperature_level,temperature_c=40,NAUMANN_CAL_T40_SOC25,8,mechanism_gated_hierarchical_activation_offset_hybrid_v1,27,1.1468125238801583,1.0654071437937431,92.05528336328554,90.057384905139912,-1.9978984581456274,27,1.1468125238801583,1.0654071437937431,92.05528336328554,90.057384905139912,-1.9978984581456274,0,0,0,0,0,0
v3_unseen_temperature_level,temperature_c=40,NAUMANN_CAL_T40_SOC25,8,mechanism_gated_target_activation_offset_hybrid_v1,27,1.1468125238801583,1.0654071437937431,92.05528336328554,90.057384905139912,-1.9978984581456274,27,1.1468125238801583,1.0654071437937431,92.05528336328554,90.057384905139912,-1.9978984581456274,0,0,0,0,0,0
v3_unseen_temperature_level,temperature_c=40,NAUMANN_CAL_T40_SOC25,8,target_prefix_activation_offset_power_tau7_v1,27,0.41833121986510619,0.4002662027932426,92.05528336328554,91.550850563319372,-0.50443279996616752,27,0.41833121986510619,0.4002662027932426,92.05528336328554,91.550850563319372,-0.50443279996616752,0,0,0,0,0,0
v3_unseen_temperature_level,temperature_c=40,NAUMANN_CAL_T40_SOC25,8,target_prefix_only_sqrt_time_v1,27,1.3410407445144923,1.2480089065649722,92.05528336328554,94.528097394531258,2.4728140312457185,27,1.3410407445144923,1.2480089065649722,92.05528336328554,94.528097394531258,2.4728140312457185,0,0,0,0,0,0
v3_unseen_temperature_level,temperature_c=40,NAUMANN_CAL_T40_SOC25,10,hierarchical_activation_offset_power_tau7_v3,25,0.40192790581107912,0.36163786741451531,92.05528336328554,93.000280130336776,0.94499676705123647,25,0.40192790581107912,0.36163786741451531,92.05528336328554,93.000280130336776,0.94499676705123647,0,0,0,0,0,0
v3_unseen_temperature_level,temperature_c=40,NAUMANN_CAL_T40_SOC25,10,hierarchical_power_law_prefix_update_v2,25,0.31256238618240628,0.29287124474617315,92.05528336328554,91.609213932927261,-0.4460694303582784,25,0.31256238618240628,0.29287124474617315,92.05528336328554,91.609213932927261,-0.4460694303582784,0,0,0,0,0,0
v3_unseen_temperature_level,temperature_c=40,NAUMANN_CAL_T40_SOC25,10,mechanism_gated_hierarchical_activation_offset_hybrid_v1,25,0.31256238618240628,0.29287124474617315,92.05528336328554,91.609213932927261,-0.4460694303582784,25,0.31256238618240628,0.29287124474617315,92.05528336328554,91.609213932927261,-0.4460694303582784,0,0,0,0,0,0
v3_unseen_temperature_level,temperature_c=40,NAUMANN_CAL_T40_SOC25,10,mechanism_gated_target_activation_offset_hybrid_v1,25,0.31256238618240628,0.29287124474617315,92.05528336328554,91.609213932927261,-0.4460694303582784,25,0.31256238618240628,0.29287124474617315,92.05528336328554,91.609213932927261,-0.4460694303582784,0,0,0,0,0,0
v3_unseen_temperature_level,temperature_c=40,NAUMANN_CAL_T40_SOC25,10,target_prefix_activation_offset_power_tau7_v1,25,0.26185608760614248,0.2336286448149815,92.05528336328554,92.74640735906064,0.69112399577510075,25,0.26185608760614248,0.2336286448149815,92.05528336328554,92.74640735906064,0.69112399577510075,0,0,0,0,0,0
v3_unseen_temperature_level,temperature_c=40,NAUMANN_CAL_T40_SOC25,10,target_prefix_only_sqrt_time_v1,25,1.1551574260315935,1.0719103513512125,92.05528336328554,94.176624437800101,2.1213410745145609,25,1.1551574260315935,1.0719103513512125,92.05528336328554,94.176624437800101,2.1213410745145609,0,0,0,0,0,0
v3_unseen_temperature_level,temperature_c=40,NAUMANN_CAL_T40_SOC25,14,hierarchical_activation_offset_power_tau7_v3,21,0.50433328593931437,0.46172308279133539,92.05528336328554,93.089140246028037,1.0338568827424979,21,0.50433328593931437,0.46172308279133539,92.05528336328554,93.089140246028037,1.0338568827424979,0,0,0,0,0,0
v3_unseen_temperature_level,temperature_c=40,NAUMANN_CAL_T40_SOC25,14,hierarchical_power_law_prefix_update_v2,21,0.04478533759471523,0.043352458687468787,92.05528336328554,92.191752111224247,0.13646874793870722,21,0.04478533759471523,0.043352458687468787,92.05528336328554,92.191752111224247,0.13646874793870722,0,0,0,0,0,0
v3_unseen_temperature_level,temperature_c=40,NAUMANN_CAL_T40_SOC25,14,mechanism_gated_hierarchical_activation_offset_hybrid_v1,21,0.04478533759471523,0.043352458687468787,92.05528336328554,92.191752111224247,0.13646874793870722,21,0.04478533759471523,0.043352458687468787,92.05528336328554,92.191752111224247,0.13646874793870722,0,0,0,0,0,0
v3_unseen_temperature_level,temperature_c=40,NAUMANN_CAL_T40_SOC25,14,mechanism_gated_target_activation_offset_hybrid_v1,21,0.04478533759471523,0.043352458687468787,92.05528336328554,92.191752111224247,0.13646874793870722,21,0.04478533759471523,0.043352458687468787,92.05528336328554,92.191752111224247,0.13646874793870722,0,0,0,0,0,0
v3_unseen_temperature_level,temperature_c=40,NAUMANN_CAL_T40_SOC25,14,target_prefix_activation_offset_power_tau7_v1,21,0.38066267704470602,0.34732665518991723,92.05528336328554,92.869859265911046,0.81457590262550639,21,0.38066267704470602,0.34732665518991723,92.05528336328554,92.869859265911046,0.81457590262550639,0,0,0,0,0,0
v3_unseen_temperature_level,temperature_c=40,NAUMANN_CAL_T40_SOC25,14,target_prefix_only_sqrt_time_v1,21,0.96332014687265843,0.89747667143602838,92.05528336328554,93.764142980189774,1.7088596169042347,21,0.96332014687265843,0.89747667143602838,92.05528336328554,93.764142980189774,1.7088596169042347,0,0,0,0,0,0
v3_unseen_temperature_level,temperature_c=40,NAUMANN_CAL_T40_SOC37.5,5,hierarchical_activation_offset_power_tau7_v3,30,2.7108445108586587,2.4826615437568931,90.735839071610982,85.898649131021841,-4.8371899405891412,30,2.7108445108586587,2.4826615437568931,90.735839071610982,85.898649131021841,-4.8371899405891412,0,0,0,0,0,0
v3_unseen_temperature_level,temperature_c=40,NAUMANN_CAL_T40_SOC37.5,5,hierarchical_power_law_prefix_update_v2,30,3.33883436388723,3.0385061890592913,90.735839071610982,84.454482249654149,-6.2813568219568339,30,3.33883436388723,3.0385061890592913,90.735839071610982,84.454482249654149,-6.2813568219568339,0,0,0,0,0,0
v3_unseen_temperature_level,temperature_c=40,NAUMANN_CAL_T40_SOC37.5,5,mechanism_gated_hierarchical_activation_offset_hybrid_v1,30,3.33883436388723,3.0385061890592913,90.735839071610982,84.454482249654149,-6.2813568219568339,30,3.33883436388723,3.0385061890592913,90.735839071610982,84.454482249654149,-6.2813568219568339,0,0,0,0,0,0
v3_unseen_temperature_level,temperature_c=40,NAUMANN_CAL_T40_SOC37.5,5,mechanism_gated_target_activation_offset_hybrid_v1,30,3.33883436388723,3.0385061890592913,90.735839071610982,84.454482249654149,-6.2813568219568339,30,3.33883436388723,3.0385061890592913,90.735839071610982,84.454482249654149,-6.2813568219568339,0,0,0,0,0,0
v3_unseen_temperature_level,temperature_c=40,NAUMANN_CAL_T40_SOC37.5,5,target_prefix_activation_offset_power_tau7_v1,30,3.5860951171357147,3.2631465715596941,90.735839071610982,83.977638756898642,-6.7582003147123402,30,3.5860951171357147,3.2631465715596941,90.735839071610982,83.977638756898642,-6.7582003147123402,0,0,0,0,0,0
v3_unseen_temperature_level,temperature_c=40,NAUMANN_CAL_T40_SOC37.5,5,target_prefix_only_sqrt_time_v1,30,1.3733272087389083,1.2678315430650349,90.735839071610982,93.11571690544875,2.3798778338377673,30,1.3733272087389083,1.2678315430650349,90.735839071610982,93.11571690544875,2.3798778338377673,0,0,0,0,0,0
v3_unseen_temperature_level,temperature_c=40,NAUMANN_CAL_T40_SOC37.5,8,hierarchical_activation_offset_power_tau7_v3,27,0.46579825416611387,0.44605764330107173,90.735839071610982,90.094617389636838,-0.64122168197414453,27,0.46579825416611387,0.44605764330107173,90.735839071610982,90.094617389636838,-0.64122168197414453,0,0,0,0,0,0
v3_unseen_temperature_level,temperature_c=40,NAUMANN_CAL_T40_SOC37.5,8,hierarchical_power_law_prefix_update_v2,27,1.1308398074626873,1.0560276233686847,90.735839071610982,88.777439639573799,-1.9583994320371829,27,1.1308398074626873,1.0560276233686847,90.735839071610982,88.777439639573799,-1.9583994320371829,0,0,0,0,0,0
v3_unseen_temperature_level,temperature_c=40,NAUMANN_CAL_T40_SOC37.5,8,mechanism_gated_hierarchical_activation_offset_hybrid_v1,27,1.1308398074626873,1.0560276233686847,90.735839071610982,88.777439639573799,-1.9583994320371829,27,1.1308398074626873,1.0560276233686847,90.735839071610982,88.777439639573799,-1.9583994320371829,0,0,0,0,0,0
v3_unseen_temperature_level,temperature_c=40,NAUMANN_CAL_T40_SOC37.5,8,mechanism_gated_target_activation_offset_hybrid_v1,27,1.1308398074626873,1.0560276233686847,90.735839071610982,88.777439639573799,-1.9583994320371829,27,1.1308398074626873,1.0560276233686847,90.735839071610982,88.777439639573799,-1.9583994320371829,0,0,0,0,0,0
v3_unseen_temperature_level,temperature_c=40,NAUMANN_CAL_T40_SOC37.5,8,target_prefix_activation_offset_power_tau7_v1,27,1.0378317578951322,0.96977098341948231,90.735839071610982,88.947700756056946,-1.7881383155540362,27,1.0378317578951322,0.96977098341948231,90.735839071610982,88.947700756056946,-1.7881383155540362,0,0,0,0,0,0
v3_unseen_temperature_level,temperature_c=40,NAUMANN_CAL_T40_SOC37.5,8,target_prefix_only_sqrt_time_v1,27,0.87717246896425083,0.81580465256259793,90.735839071610982,92.312690570806524,1.5768514991955414,27,0.87717246896425083,0.81580465256259793,90.735839071610982,92.312690570806524,1.5768514991955414,0,0,0,0,0,0
v3_unseen_temperature_level,temperature_c=40,NAUMANN_CAL_T40_SOC37.5,10,hierarchical_activation_offset_power_tau7_v3,25,0.16513178324286826,0.14635396157365108,90.735839071610982,91.142206393662448,0.40636732205146586,25,0.16513178324286826,0.14635396157365108,90.735839071610982,91.142206393662448,0.40636732205146586,0,0,0,0,0,0
v3_unseen_temperature_level,temperature_c=40,NAUMANN_CAL_T40_SOC37.5,10,hierarchical_power_law_prefix_update_v2,25,0.32620577180219357,0.30749278925377782,90.735839071610982,90.222754031765703,-0.51308503984527931,25,0.32620577180219357,0.30749278925377782,90.735839071610982,90.222754031765703,-0.51308503984527931,0,0,0,0,0,0
v3_unseen_temperature_level,temperature_c=40,NAUMANN_CAL_T40_SOC37.5,10,mechanism_gated_hierarchical_activation_offset_hybrid_v1,25,0.32620577180219357,0.30749278925377782,90.735839071610982,90.222754031765703,-0.51308503984527931,25,0.32620577180219357,0.30749278925377782,90.735839071610982,90.222754031765703,-0.51308503984527931,0,0,0,0,0,0
v3_unseen_temperature_level,temperature_c=40,NAUMANN_CAL_T40_SOC37.5,10,mechanism_gated_target_activation_offset_hybrid_v1,25,0.32620577180219357,0.30749278925377782,90.735839071610982,90.222754031765703,-0.51308503984527931,25,0.32620577180219357,0.30749278925377782,90.735839071610982,90.222754031765703,-0.51308503984527931,0,0,0,0,0,0
v3_unseen_temperature_level,temperature_c=40,NAUMANN_CAL_T40_SOC37.5,10,target_prefix_activation_offset_power_tau7_v1,25,0.070858759768327839,0.074113485844297319,90.735839071610982,90.724428186330172,-0.011410885280810135,25,0.070858759768327839,0.074113485844297319,90.735839071610982,90.724428186330172,-0.011410885280810135,0,0,0,0,0,0
v3_unseen_temperature_level,temperature_c=40,NAUMANN_CAL_T40_SOC37.5,10,target_prefix_only_sqrt_time_v1,25,0.75082556372881193,0.69600350541974199,90.735839071610982,92.076993721984607,1.3411546503736247,25,0.75082556372881193,0.69600350541974199,90.735839071610982,92.076993721984607,1.3411546503736247,0,0,0,0,0,0
v3_unseen_temperature_level,temperature_c=40,NAUMANN_CAL_T40_SOC37.5,14,hierarchical_activation_offset_power_tau7_v3,21,0.32545676478936136,0.2948610044609119,90.735839071610982,91.378805076548446,0.64296600493746325,21,0.32545676478936136,0.2948610044609119,90.735839071610982,91.378805076548446,0.64296600493746325,0,0,0,0,0,0
v3_unseen_temperature_level,temperature_c=40,NAUMANN_CAL_T40_SOC37.5,14,hierarchical_power_law_prefix_update_v2,21,0.024660348098570602,0.026793361878916466,90.735839071610982,90.749500660653027,0.013661589042044398,21,0.024660348098570602,0.026793361878916466,90.735839071610982,90.749500660653027,0.013661589042044398,0,0,0,0,0,0
v3_unseen_temperature_level,temperature_c=40,NAUMANN_CAL_T40_SOC37.5,14,mechanism_gated_hierarchical_activation_offset_hybrid_v1,21,0.024660348098570602,0.026793361878916466,90.735839071610982,90.749500660653027,0.013661589042044398,21,0.024660348098570602,0.026793361878916466,90.735839071610982,90.749500660653027,0.013661589042044398,0,0,0,0,0,0
v3_unseen_temperature_level,temperature_c=40,NAUMANN_CAL_T40_SOC37.5,14,mechanism_gated_target_activation_offset_hybrid_v1,21,0.024660348098570602,0.026793361878916466,90.735839071610982,90.749500660653027,0.013661589042044398,21,0.024660348098570602,0.026793361878916466,90.735839071610982,90.749500660653027,0.013661589042044398,0,0,0,0,0,0
v3_unseen_temperature_level,temperature_c=40,NAUMANN_CAL_T40_SOC37.5,14,target_prefix_activation_offset_power_tau7_v1,21,0.23079995214828314,0.20816640645887557,90.735839071610982,91.207066344216642,0.47122727260565966,21,0.23079995214828314,0.20816640645887557,90.735839071610982,91.207066344216642,0.47122727260565966,0,0,0,0,0,0
v3_unseen_temperature_level,temperature_c=40,NAUMANN_CAL_T40_SOC37.5,14,target_prefix_only_sqrt_time_v1,21,0.62499671815305946,0.58027222349507279,90.735839071610982,91.80652812701716,1.0706890554061772,21,0.62499671815305946,0.58027222349507279,90.735839071610982,91.80652812701716,1.0706890554061772,0,0,0,0,0,0
v3_unseen_temperature_level,temperature_c=40,NAUMANN_CAL_T40_SOC50,5,hierarchical_activation_offset_power_tau7_v3,30,3.3765789743925581,3.0730750830044187,90.755118875206321,84.456172738141987,-6.298946137064334,30,3.3765789743925581,3.0730750830044187,90.755118875206321,84.456172738141987,-6.298946137064334,0,0,0,0,0,0
v3_unseen_temperature_level,temperature_c=40,NAUMANN_CAL_T40_SOC50,5,hierarchical_power_law_prefix_update_v2,30,7.3075243187454602,6.5928105159754846,90.755118875206321,75.996685366944774,-14.758433508261547,30,7.3075243187454602,6.5928105159754846,90.755118875206321,75.996685366944774,-14.758433508261547,0,0,0,0,0,0
v3_unseen_temperature_level,temperature_c=40,NAUMANN_CAL_T40_SOC50,5,mechanism_gated_hierarchical_activation_offset_hybrid_v1,30,7.3075243187454602,6.5928105159754846,90.755118875206321,75.996685366944774,-14.758433508261547,30,7.3075243187454602,6.5928105159754846,90.755118875206321,75.996685366944774,-14.758433508261547,0,0,0,0,0,0
v3_unseen_temperature_level,temperature_c=40,NAUMANN_CAL_T40_SOC50,5,mechanism_gated_target_activation_offset_hybrid_v1,30,7.3075243187454602,6.5928105159754846,90.755118875206321,75.996685366944774,-14.758433508261547,30,7.3075243187454602,6.5928105159754846,90.755118875206321,75.996685366944774,-14.758433508261547,0,0,0,0,0,0
v3_unseen_temperature_level,temperature_c=40,NAUMANN_CAL_T40_SOC50,5,target_prefix_activation_offset_power_tau7_v1,30,9.6729831631025291,8.7248870841032051,90.755118875206321,71.122254303566038,-19.632864571640283,30,9.6729831631025291,8.7248870841032051,90.755118875206321,71.122254303566038,-19.632864571640283,0,0,0,0,0,0
v3_unseen_temperature_level,temperature_c=40,NAUMANN_CAL_T40_SOC50,5,target_prefix_only_sqrt_time_v1,30,2.1722831030747742,2.0155042377192069,90.755118875206321,94.380627167480128,3.6255082922738069,30,2.1722831030747742,2.0155042377192069,90.755118875206321,94.380627167480128,3.6255082922738069,0,0,0,0,0,0
v3_unseen_temperature_level,temperature_c=40,NAUMANN_CAL_T40_SOC50,8,hierarchical_activation_offset_power_tau7_v3,27,0.88046396014800943,0.82972337986582123,90.755118875206321,89.370630960683343,-1.3844879145229783,27,0.88046396014800943,0.82972337986582123,90.755118875206321,89.370630960683343,-1.3844879145229783,0,0,0,0,0,0
v3_unseen_temperature_level,temperature_c=40,NAUMANN_CAL_T40_SOC50,8,hierarchical_power_law_prefix_update_v2,27,2.4888577850885021,2.3023955577125492,90.755118875206321,86.133100268750468,-4.6220186064558533,27,2.4888577850885021,2.3023955577125492,90.755118875206321,86.133100268750468,-4.6220186064558533,0,0,0,0,0,0
v3_unseen_temperature_level,temperature_c=40,NAUMANN_CAL_T40_SOC50,8,mechanism_gated_hierarchical_activation_offset_hybrid_v1,27,2.4888577850885021,2.3023955577125492,90.755118875206321,86.133100268750468,-4.6220186064558533,27,2.4888577850885021,2.3023955577125492,90.755118875206321,86.133100268750468,-4.6220186064558533,0,0,0,0,0,0
v3_unseen_temperature_level,temperature_c=40,NAUMANN_CAL_T40_SOC50,8,mechanism_gated_target_activation_offset_hybrid_v1,27,2.4888577850885021,2.3023955577125492,90.755118875206321,86.133100268750468,-4.6220186064558533,27,2.4888577850885021,2.3023955577125492,90.755118875206321,86.133100268750468,-4.6220186064558533,0,0,0,0,0,0
v3_unseen_temperature_level,temperature_c=40,NAUMANN_CAL_T40_SOC50,8,target_prefix_activation_offset_power_tau7_v1,27,1.5736631500022875,1.4695672501372057,90.755118875206321,88.055424434169126,-2.6996944410371952,27,1.5736631500022875,1.4695672501372057,90.755118875206321,88.055424434169126,-2.6996944410371952,0,0,0,0,0,0
v3_unseen_temperature_level,temperature_c=40,NAUMANN_CAL_T40_SOC50,8,target_prefix_only_sqrt_time_v1,27,1.3023635113076917,1.2197433097436461,90.755118875206321,92.999338914542378,2.2442200393360565,27,1.3023635113076917,1.2197433097436461,90.755118875206321,92.999338914542378,2.2442200393360565,0,0,0,0,0,0
v3_unseen_temperature_level,temperature_c=40,NAUMANN_CAL_T40_SOC50,10,hierarchical_activation_offset_power_tau7_v3,25,0.1021883836689628,0.10461699995997834,90.755118875206321,90.73083148539402,-0.02428738981230083,25,0.1021883836689628,0.10461699995997834,90.755118875206321,90.73083148539402,-0.02428738981230083,0,0,0,0,0,0
v3_unseen_temperature_level,temperature_c=40,NAUMANN_CAL_T40_SOC50,10,hierarchical_power_law_prefix_update_v2,25,0.9866102264246418,0.91428877169439426,90.755118875206321,89.006871818222038,-1.7482470569842832,25,0.9866102264246418,0.91428877169439426,90.755118875206321,89.006871818222038,-1.7482470569842832,0,0,0,0,0,0
v3_unseen_temperature_level,temperature_c=40,NAUMANN_CAL_T40_SOC50,10,mechanism_gated_hierarchical_activation_offset_hybrid_v1,25,0.9866102264246418,0.91428877169439426,90.755118875206321,89.006871818222038,-1.7482470569842832,25,0.9866102264246418,0.91428877169439426,90.755118875206321,89.006871818222038,-1.7482470569842832,0,0,0,0,0,0
v3_unseen_temperature_level,temperature_c=40,NAUMANN_CAL_T40_SOC50,10,mechanism_gated_target_activation_offset_hybrid_v1,25,0.9866102264246418,0.91428877169439426,90.755118875206321,89.006871818222038,-1.7482470569842832,25,0.9866102264246418,0.91428877169439426,90.755118875206321,89.006871818222038,-1.7482470569842832,0,0,0,0,0,0
v3_unseen_temperature_level,temperature_c=40,NAUMANN_CAL_T40_SOC50,10,target_prefix_activation_offset_power_tau7_v1,25,0.25537849549587771,0.24861997224820528,90.755118875206321,90.484283009664182,-0.27083586554213923,25,0.25537849549587771,0.24861997224820528,90.755118875206321,90.484283009664182,-0.27083586554213923,0,0,0,0,0,0
v3_unseen_temperature_level,temperature_c=40,NAUMANN_CAL_T40_SOC50,10,target_prefix_only_sqrt_time_v1,25,1.0348973098802419,0.96496255640144057,90.755118875206321,92.550533826814274,1.7954149516079525,25,1.0348973098802419,0.96496255640144057,90.755118875206321,92.550533826814274,1.7954149516079525,0,0,0,0,0,0
v3_unseen_temperature_level,temperature_c=40,NAUMANN_CAL_T40_SOC50,14,hierarchical_activation_offset_power_tau7_v3,21,0.1794968204703056,0.1611184330032272,90.755118875206321,91.168907013851282,0.41378813864496067,21,0.1794968204703056,0.1611184330032272,90.755118875206321,91.168907013851282,0.41378813864496067,0,0,0,0,0,0
v3_unseen_temperature_level,temperature_c=40,NAUMANN_CAL_T40_SOC50,14,hierarchical_power_law_prefix_update_v2,21,0.31095907269559847,0.28987410128359381,90.755118875206321,90.254153180258569,-0.50096569494775167,21,0.31095907269559847,0.28987410128359381,90.755118875206321,90.254153180258569,-0.50096569494775167,0,0,0,0,0,0
v3_unseen_temperature_level,temperature_c=40,NAUMANN_CAL_T40_SOC50,14,mechanism_gated_hierarchical_activation_offset_hybrid_v1,21,0.31095907269559847,0.28987410128359381,90.755118875206321,90.254153180258569,-0.50096569494775167,21,0.31095907269559847,0.28987410128359381,90.755118875206321,90.254153180258569,-0.50096569494775167,0,0,0,0,0,0
v3_unseen_temperature_level,temperature_c=40,NAUMANN_CAL_T40_SOC50,14,mechanism_gated_target_activation_offset_hybrid_v1,21,0.31095907269559847,0.28987410128359381,90.755118875206321,90.254153180258569,-0.50096569494775167,21,0.31095907269559847,0.28987410128359381,90.755118875206321,90.254153180258569,-0.50096569494775167,0,0,0,0,0,0
v3_unseen_temperature_level,temperature_c=40,NAUMANN_CAL_T40_SOC50,14,target_prefix_activation_offset_power_tau7_v1,21,0.21853019417341732,0.19444048938615988,90.755118875206321,91.263364507013591,0.50824563180727012,21,0.21853019417341732,0.19444048938615988,90.755118875206321,91.263364507013591,0.50824563180727012,0,0,0,0,0,0
v3_unseen_temperature_level,temperature_c=40,NAUMANN_CAL_T40_SOC50,14,target_prefix_only_sqrt_time_v1,21,0.7961807741363135,0.74322971527766413,90.755118875206321,92.108842050561265,1.3537231753549435,21,0.7961807741363135,0.74322971527766413,90.755118875206321,92.108842050561265,1.3537231753549435,0,0,0,0,0,0
v3_unseen_temperature_level,temperature_c=40,NAUMANN_CAL_T40_SOC62.5,5,hierarchical_activation_offset_power_tau7_v3,30,2.1219268799123823,1.9522253758410684,90.289459200236124,86.677711947631778,-3.6117472526043457,30,2.1219268799123823,1.9522253758410684,90.289459200236124,86.677711947631778,-3.6117472526043457,0,0,0,0,0,0
v3_unseen_temperature_level,temperature_c=40,NAUMANN_CAL_T40_SOC62.5,5,hierarchical_power_law_prefix_update_v2,30,2.6540089807921921,2.4277647990247773,90.289459200236124,85.532120263491635,-4.7573389367444889,30,2.6540089807921921,2.4277647990247773,90.289459200236124,85.532120263491635,-4.7573389367444889,0,0,0,0,0,0
v3_unseen_temperature_level,temperature_c=40,NAUMANN_CAL_T40_SOC62.5,5,mechanism_gated_hierarchical_activation_offset_hybrid_v1,30,2.6540089807921921,2.4277647990247773,90.289459200236124,85.532120263491635,-4.7573389367444889,30,2.6540089807921921,2.4277647990247773,90.289459200236124,85.532120263491635,-4.7573389367444889,0,0,0,0,0,0
v3_unseen_temperature_level,temperature_c=40,NAUMANN_CAL_T40_SOC62.5,5,mechanism_gated_target_activation_offset_hybrid_v1,30,2.6540089807921921,2.4277647990247773,90.289459200236124,85.532120263491635,-4.7573389367444889,30,2.6540089807921921,2.4277647990247773,90.289459200236124,85.532120263491635,-4.7573389367444889,0,0,0,0,0,0
v3_unseen_temperature_level,temperature_c=40,NAUMANN_CAL_T40_SOC62.5,5,target_prefix_activation_offset_power_tau7_v1,30,2.755664266010621,2.5205037442634546,90.289459200236124,85.342614222137087,-4.9468449780990369,30,2.755664266010621,2.5205037442634546,90.289459200236124,85.342614222137087,-4.9468449780990369,0,0,0,0,0,0
v3_unseen_temperature_level,temperature_c=40,NAUMANN_CAL_T40_SOC62.5,5,target_prefix_only_sqrt_time_v1,30,0.80907850012909222,0.74470428085709695,90.289459200236124,91.771038778382447,1.4815795781463237,30,0.80907850012909222,0.74470428085709695,90.289459200236124,91.771038778382447,1.4815795781463237,0,0,0,0,0,0
v3_unseen_temperature_level,temperature_c=40,NAUMANN_CAL_T40_SOC62.5,8,hierarchical_activation_offset_power_tau7_v3,27,0.392140076613613,0.38024771731919577,90.289459200236124,89.840278200876043,-0.44918099936008105,27,0.392140076613613,0.38024771731919577,90.289459200236124,89.840278200876043,-0.44918099936008105,0,0,0,0,0,0
v3_unseen_temperature_level,temperature_c=40,NAUMANN_CAL_T40_SOC62.5,8,hierarchical_power_law_prefix_update_v2,27,0.83827242988233042,0.79012362174772421,90.289459200236124,88.968755387525732,-1.3207038127103914,27,0.83827242988233042,0.79012362174772421,90.289459200236124,88.968755387525732,-1.3207038127103914,0,0,0,0,0,0
v3_unseen_temperature_level,temperature_c=40,NAUMANN_CAL_T40_SOC62.5,8,mechanism_gated_hierarchical_activation_offset_hybrid_v1,27,0.83827242988233042,0.79012362174772421,90.289459200236124,88.968755387525732,-1.3207038127103914,27,0.83827242988233042,0.79012362174772421,90.289459200236124,88.968755387525732,-1.3207038127103914,0,0,0,0,0,0
v3_unseen_temperature_level,temperature_c=40,NAUMANN_CAL_T40_SOC62.5,8,mechanism_gated_target_activation_offset_hybrid_v1,27,0.83827242988233042,0.79012362174772421,90.289459200236124,88.968755387525732,-1.3207038127103914,27,0.83827242988233042,0.79012362174772421,90.289459200236124,88.968755387525732,-1.3207038127103914,0,0,0,0,0,0
v3_unseen_temperature_level,temperature_c=40,NAUMANN_CAL_T40_SOC62.5,8,target_prefix_activation_offset_power_tau7_v1,27,0.80119765450657354,0.75563970648542045,90.289459200236124,89.035022969990578,-1.2544362302455454,27,0.80119765450657354,0.75563970648542045,90.289459200236124,89.035022969990578,-1.2544362302455454,0,0,0,0,0,0
v3_unseen_temperature_level,temperature_c=40,NAUMANN_CAL_T40_SOC62.5,8,target_prefix_only_sqrt_time_v1,27,0.45731817166291749,0.41959406670995414,90.289459200236124,91.218846366851622,0.92938716661549847,27,0.45731817166291749,0.41959406670995414,90.289459200236124,91.218846366851622,0.92938716661549847,0,0,0,0,0,0
v3_unseen_temperature_level,temperature_c=40,NAUMANN_CAL_T40_SOC62.5,10,hierarchical_activation_offset_power_tau7_v3,25,0.15649955323904458,0.13816733596343966,90.289459200236124,90.712959496098208,0.42350029586208393,25,0.15649955323904458,0.13816733596343966,90.289459200236124,90.712959496098208,0.42350029586208393,0,0,0,0,0,0
v3_unseen_temperature_level,temperature_c=40,NAUMANN_CAL_T40_SOC62.5,10,hierarchical_power_law_prefix_update_v2,25,0.19616442976935508,0.19132642498099472,90.289459200236124,90.086063050059252,-0.20339615017687152,25,0.19616442976935508,0.19132642498099472,90.289459200236124,90.086063050059252,-0.20339615017687152,0,0,0,0,0,0
v3_unseen_temperature_level,temperature_c=40,NAUMANN_CAL_T40_SOC62.5,10,mechanism_gated_hierarchical_activation_offset_hybrid_v1,25,0.19616442976935508,0.19132642498099472,90.289459200236124,90.086063050059252,-0.20339615017687152,25,0.19616442976935508,0.19132642498099472,90.289459200236124,90.086063050059252,-0.20339615017687152,0,0,0,0,0,0
v3_unseen_temperature_level,temperature_c=40,NAUMANN_CAL_T40_SOC62.5,10,mechanism_gated_target_activation_offset_hybrid_v1,25,0.19616442976935508,0.19132642498099472,90.289459200236124,90.086063050059252,-0.20339615017687152,25,0.19616442976935508,0.19132642498099472,90.289459200236124,90.086063050059252,-0.20339615017687152,0,0,0,0,0,0
v3_unseen_temperature_level,temperature_c=40,NAUMANN_CAL_T40_SOC62.5,10,target_prefix_activation_offset_power_tau7_v1,25,0.091704147999414259,0.095766635281605658,90.289459200236124,90.289680059087118,0.00022085885099443203,25,0.091704147999414259,0.095766635281605658,90.289459200236124,90.289680059087118,0.00022085885099443203,0,0,0,0,0,0
v3_unseen_temperature_level,temperature_c=40,NAUMANN_CAL_T40_SOC62.5,10,target_prefix_only_sqrt_time_v1,25,0.40839588601510479,0.37267910116071901,90.289459200236124,91.116377153857826,0.8269179536217024,25,0.40839588601510479,0.37267910116071901,90.289459200236124,91.116377153857826,0.8269179536217024,0,0,0,0,0,0
v3_unseen_temperature_level,temperature_c=40,NAUMANN_CAL_T40_SOC62.5,14,hierarchical_activation_offset_power_tau7_v3,21,0.31449984461974478,0.28343569760371928,90.289459200236124,90.952362678778826,0.66290347854270237,21,0.31449984461974478,0.28343569760371928,90.289459200236124,90.952362678778826,0.66290347854270237,0,0,0,0,0,0
v3_unseen_temperature_level,temperature_c=40,NAUMANN_CAL_T40_SOC62.5,14,hierarchical_power_law_prefix_update_v2,21,0.091207344725555597,0.080875197286934236,90.289459200236124,90.518545686544257,0.22908648630813389,21,0.091207344725555597,0.080875197286934236,90.289459200236124,90.518545686544257,0.22908648630813389,0,0,0,0,0,0
v3_unseen_temperature_level,temperature_c=40,NAUMANN_CAL_T40_SOC62.5,14,mechanism_gated_hierarchical_activation_offset_hybrid_v1,21,0.091207344725555597,0.080875197286934236,90.289459200236124,90.518545686544257,0.22908648630813389,21,0.091207344725555597,0.080875197286934236,90.289459200236124,90.518545686544257,0.22908648630813389,0,0,0,0,0,0
v3_unseen_temperature_level,temperature_c=40,NAUMANN_CAL_T40_SOC62.5,14,mechanism_gated_target_activation_offset_hybrid_v1,21,0.091207344725555597,0.080875197286934236,90.289459200236124,90.518545686544257,0.22908648630813389,21,0.091207344725555597,0.080875197286934236,90.289459200236124,90.518545686544257,0.22908648630813389,0,0,0,0,0,0
v3_unseen_temperature_level,temperature_c=40,NAUMANN_CAL_T40_SOC62.5,14,target_prefix_activation_offset_power_tau7_v1,21,0.24314805830118735,0.21754890772587235,90.289459200236124,90.824520813278028,0.53506161304190414,21,0.24314805830118735,0.21754890772587235,90.289459200236124,90.824520813278028,0.53506161304190414,0,0,0,0,0,0
v3_unseen_temperature_level,temperature_c=40,NAUMANN_CAL_T40_SOC62.5,14,target_prefix_only_sqrt_time_v1,21,0.38122990837666526,0.34974433411449146,90.289459200236124,91.01401433724125,0.72455513700512597,21,0.38122990837666526,0.34974433411449146,90.289459200236124,91.01401433724125,0.72455513700512597,0,0,0,0,0,0
v3_unseen_temperature_level,temperature_c=40,NAUMANN_CAL_T40_SOC75,5,hierarchical_activation_offset_power_tau7_v3,30,1.1411510018036195,1.0717596891665215,89.421395176595354,87.822429299348116,-1.5989658772472382,30,1.1411510018036195,1.0717596891665215,89.421395176595354,87.822429299348116,-1.5989658772472382,0,0,0,0,0,0
v3_unseen_temperature_level,temperature_c=40,NAUMANN_CAL_T40_SOC75,5,hierarchical_power_law_prefix_update_v2,30,0.64898491184987417,0.61511491771993909,89.421395176595354,88.618704596993823,-0.80269057960153134,30,0.64898491184987417,0.61511491771993909,89.421395176595354,88.618704596993823,-0.80269057960153134,0,0,0,0,0,0
v3_unseen_temperature_level,temperature_c=40,NAUMANN_CAL_T40_SOC75,5,mechanism_gated_hierarchical_activation_offset_hybrid_v1,30,0.64898491184987417,0.61511491771993909,89.421395176595354,88.618704596993823,-0.80269057960153134,30,0.64898491184987417,0.61511491771993909,89.421395176595354,88.618704596993823,-0.80269057960153134,0,0,0,0,0,0
v3_unseen_temperature_level,temperature_c=40,NAUMANN_CAL_T40_SOC75,5,mechanism_gated_target_activation_offset_hybrid_v1,30,0.64898491184987417,0.61511491771993909,89.421395176595354,88.618704596993823,-0.80269057960153134,30,0.64898491184987417,0.61511491771993909,89.421395176595354,88.618704596993823,-0.80269057960153134,0,0,0,0,0,0
v3_unseen_temperature_level,temperature_c=40,NAUMANN_CAL_T40_SOC75,5,target_prefix_activation_offset_power_tau7_v1,30,0.50701875009901076,0.484011647033599,89.421395176595354,88.857984986549724,-0.56341019004563009,30,0.50701875009901076,0.484011647033599,89.421395176595354,88.857984986549724,-0.56341019004563009,0,0,0,0,0,0
v3_unseen_temperature_level,temperature_c=40,NAUMANN_CAL_T40_SOC75,5,target_prefix_only_sqrt_time_v1,30,1.8951496969962298,1.7641857450449641,89.421395176595354,86.491143535830062,-2.9302516407652917,30,1.8951496969962298,1.7641857450449641,89.421395176595354,86.491143535830062,-2.9302516407652917,0,0,0,0,0,0
v3_unseen_temperature_level,temperature_c=40,NAUMANN_CAL_T40_SOC75,8,hierarchical_activation_offset_power_tau7_v3,27,0.19299642104339376,0.20162289906424588,89.421395176595354,89.400087737558721,-0.021307439036633014,27,0.19299642104339376,0.20162289906424588,89.421395176595354,89.400087737558721,-0.021307439036633014,0,0,0,0,0,0
v3_unseen_temperature_level,temperature_c=40,NAUMANN_CAL_T40_SOC75,8,hierarchical_power_law_prefix_update_v2,27,0.12689430362882062,0.13272169415765708,89.421395176595354,89.569200202165959,0.14780502557060515,27,0.12689430362882062,0.13272169415765708,89.421395176595354,89.569200202165959,0.14780502557060515,0,0,0,0,0,0
v3_unseen_temperature_level,temperature_c=40,NAUMANN_CAL_T40_SOC75,8,mechanism_gated_hierarchical_activation_offset_hybrid_v1,27,0.12689430362882062,0.13272169415765708,89.421395176595354,89.569200202165959,0.14780502557060515,27,0.12689430362882062,0.13272169415765708,89.421395176595354,89.569200202165959,0.14780502557060515,0,0,0,0,0,0
v3_unseen_temperature_level,temperature_c=40,NAUMANN_CAL_T40_SOC75,8,mechanism_gated_target_activation_offset_hybrid_v1,27,0.12689430362882062,0.13272169415765708,89.421395176595354,89.569200202165959,0.14780502557060515,27,0.12689430362882062,0.13272169415765708,89.421395176595354,89.569200202165959,0.14780502557060515,0,0,0,0,0,0
v3_unseen_temperature_level,temperature_c=40,NAUMANN_CAL_T40_SOC75,8,target_prefix_activation_offset_power_tau7_v1,27,0.12560037502665683,0.12467033450860175,89.421395176595354,89.638324208950635,0.21692903235528149,27,0.12560037502665683,0.12467033450860175,89.421395176595354,89.638324208950635,0.21692903235528149,0,0,0,0,0,0
v3_unseen_temperature_level,temperature_c=40,NAUMANN_CAL_T40_SOC75,8,target_prefix_only_sqrt_time_v1,27,1.4617269583573211,1.3906904278437788,89.421395176595354,87.263821551801271,-2.1575736247940824,27,1.4617269583573211,1.3906904278437788,89.421395176595354,87.263821551801271,-2.1575736247940824,0,0,0,0,0,0
v3_unseen_temperature_level,temperature_c=40,NAUMANN_CAL_T40_SOC75,10,hierarchical_activation_offset_power_tau7_v3,25,0.18569771670734717,0.15964756470342537,89.421395176595354,89.953466701496922,0.53207152490156773,25,0.18569771670734717,0.15964756470342537,89.421395176595354,89.953466701496922,0.53207152490156773,0,0,0,0,0,0
v3_unseen_temperature_level,temperature_c=40,NAUMANN_CAL_T40_SOC75,10,hierarchical_power_law_prefix_update_v2,25,0.21463838661132714,0.18529302860542146,89.421395176595354,90.009841604716357,0.5884464281210029,25,0.21463838661132714,0.18529302860542146,89.421395176595354,90.009841604716357,0.5884464281210029,0,0,0,0,0,0
v3_unseen_temperature_level,temperature_c=40,NAUMANN_CAL_T40_SOC75,10,mechanism_gated_hierarchical_activation_offset_hybrid_v1,25,0.21463838661132714,0.18529302860542146,89.421395176595354,90.009841604716357,0.5884464281210029,25,0.21463838661132714,0.18529302860542146,89.421395176595354,90.009841604716357,0.5884464281210029,0,0,0,0,0,0
v3_unseen_temperature_level,temperature_c=40,NAUMANN_CAL_T40_SOC75,10,mechanism_gated_target_activation_offset_hybrid_v1,25,0.21463838661132714,0.18529302860542146,89.421395176595354,90.009841604716357,0.5884464281210029,25,0.21463838661132714,0.18529302860542146,89.421395176595354,90.009841604716357,0.5884464281210029,0,0,0,0,0,0
v3_unseen_temperature_level,temperature_c=40,NAUMANN_CAL_T40_SOC75,10,target_prefix_activation_offset_power_tau7_v1,25,0.2352200218435147,0.20396973253378461,89.421395176595354,90.047488728239699,0.62609355164434533,25,0.2352200218435147,0.20396973253378461,89.421395176595354,90.047488728239699,0.62609355164434533,0,0,0,0,0,0
v3_unseen_temperature_level,temperature_c=40,NAUMANN_CAL_T40_SOC75,10,target_prefix_only_sqrt_time_v1,25,1.1058453953640111,1.0537232477138172,89.421395176595354,87.834883079273993,-1.5865120973213607,25,1.1058453953640111,1.0537232477138172,89.421395176595354,87.834883079273993,-1.5865120973213607,0,0,0,0,0,0
v3_unseen_temperature_level,temperature_c=40,NAUMANN_CAL_T40_SOC75,14,hierarchical_activation_offset_power_tau7_v3,21,0.28434351738370856,0.24980249423565701,89.421395176595354,90.077200451264389,0.65580527466903504,21,0.28434351738370856,0.24980249423565701,89.421395176595354,90.077200451264389,0.65580527466903504,0,0,0,0,0,0
v3_unseen_temperature_level,temperature_c=40,NAUMANN_CAL_T40_SOC75,14,hierarchical_power_law_prefix_update_v2,21,0.25885305155691296,0.22685931828577161,89.421395176595354,90.025149532622521,0.6037543560271672,21,0.25885305155691296,0.22685931828577161,89.421395176595354,90.025149532622521,0.6037543560271672,0,0,0,0,0,0
v3_unseen_temperature_level,temperature_c=40,NAUMANN_CAL_T40_SOC75,14,mechanism_gated_hierarchical_activation_offset_hybrid_v1,21,0.25885305155691296,0.22685931828577161,89.421395176595354,90.025149532622521,0.6037543560271672,21,0.25885305155691296,0.22685931828577161,89.421395176595354,90.025149532622521,0.6037543560271672,0,0,0,0,0,0
v3_unseen_temperature_level,temperature_c=40,NAUMANN_CAL_T40_SOC75,14,mechanism_gated_target_activation_offset_hybrid_v1,21,0.25885305155691296,0.22685931828577161,89.421395176595354,90.025149532622521,0.6037543560271672,21,0.25885305155691296,0.22685931828577161,89.421395176595354,90.025149532622521,0.6037543560271672,0,0,0,0,0,0
v3_unseen_temperature_level,temperature_c=40,NAUMANN_CAL_T40_SOC75,14,target_prefix_activation_offset_power_tau7_v1,21,0.27164407067504132,0.23863958397468887,89.421395176595354,90.045689787528772,0.62429461093341843,21,0.27164407067504132,0.23863958397468887,89.421395176595354,90.045689787528772,0.62429461093341843,0,0,0,0,0,0
v3_unseen_temperature_level,temperature_c=40,NAUMANN_CAL_T40_SOC75,14,target_prefix_only_sqrt_time_v1,21,0.729720967572421,0.7014209096069508,89.421395176595354,88.436904809576788,-0.98449036701856585,21,0.729720967572421,0.7014209096069508,89.421395176595354,88.436904809576788,-0.98449036701856585,0,0,0,0,0,0
v3_unseen_temperature_level,temperature_c=40,NAUMANN_CAL_T40_SOC87.5,5,hierarchical_activation_offset_power_tau7_v3,30,1.6048715024742475,1.4877793205370391,87.381149771030991,84.707441488005458,-2.6737082830255332,30,1.6048715024742475,1.4877793205370391,87.381149771030991,84.707441488005458,-2.6737082830255332,0,0,0,0,0,0
v3_unseen_temperature_level,temperature_c=40,NAUMANN_CAL_T40_SOC87.5,5,hierarchical_power_law_prefix_update_v2,30,1.2258750537390373,1.1358079309414582,87.381149771030991,85.315506294276062,-2.0656434767549285,30,1.2258750537390373,1.1358079309414582,87.381149771030991,85.315506294276062,-2.0656434767549285,0,0,0,0,0,0
v3_unseen_temperature_level,temperature_c=40,NAUMANN_CAL_T40_SOC87.5,5,mechanism_gated_hierarchical_activation_offset_hybrid_v1,30,1.2258750537390373,1.1358079309414582,87.381149771030991,85.315506294276062,-2.0656434767549285,30,1.2258750537390373,1.1358079309414582,87.381149771030991,85.315506294276062,-2.0656434767549285,0,0,0,0,0,0
v3_unseen_temperature_level,temperature_c=40,NAUMANN_CAL_T40_SOC87.5,5,mechanism_gated_target_activation_offset_hybrid_v1,30,1.2258750537390373,1.1358079309414582,87.381149771030991,85.315506294276062,-2.0656434767549285,30,1.2258750537390373,1.1358079309414582,87.381149771030991,85.315506294276062,-2.0656434767549285,0,0,0,0,0,0
v3_unseen_temperature_level,temperature_c=40,NAUMANN_CAL_T40_SOC87.5,5,target_prefix_activation_offset_power_tau7_v1,30,1.1287850664535082,1.0461069284895079,87.381149771030991,85.478605711685915,-1.9025440593450753,30,1.1287850664535082,1.0461069284895079,87.381149771030991,85.478605711685915,-1.9025440593450753,0,0,0,0,0,0
v3_unseen_temperature_level,temperature_c=40,NAUMANN_CAL_T40_SOC87.5,5,target_prefix_only_sqrt_time_v1,30,3.0732021456202387,2.8395072501569683,87.381149771030991,82.166249903422525,-5.2148998676084659,30,3.0732021456202387,2.8395072501569683,87.381149771030991,82.166249903422525,-5.2148998676084659,0,0,0,0,0,0
v3_unseen_temperature_level,temperature_c=40,NAUMANN_CAL_T40_SOC87.5,8,hierarchical_activation_offset_power_tau7_v3,27,0.46999134600397174,0.44948301653927403,87.381149771030991,86.622589733043796,-0.75856003798719485,27,0.46999134600397174,0.44948301653927403,87.381149771030991,86.622589733043796,-0.75856003798719485,0,0,0,0,0,0
v3_unseen_temperature_level,temperature_c=40,NAUMANN_CAL_T40_SOC87.5,8,hierarchical_power_law_prefix_update_v2,27,0.37639196428140875,0.36113900356165979,87.381149771030991,86.771343754283265,-0.60980601674772572,27,0.37639196428140875,0.36113900356165979,87.381149771030991,86.771343754283265,-0.60980601674772572,0,0,0,0,0,0
v3_unseen_temperature_level,temperature_c=40,NAUMANN_CAL_T40_SOC87.5,8,mechanism_gated_hierarchical_activation_offset_hybrid_v1,27,0.37639196428140875,0.36113900356165979,87.381149771030991,86.771343754283265,-0.60980601674772572,27,0.37639196428140875,0.36113900356165979,87.381149771030991,86.771343754283265,-0.60980601674772572,0,0,0,0,0,0
v3_unseen_temperature_level,temperature_c=40,NAUMANN_CAL_T40_SOC87.5,8,mechanism_gated_target_activation_offset_hybrid_v1,27,0.37639196428140875,0.36113900356165979,87.381149771030991,86.771343754283265,-0.60980601674772572,27,0.37639196428140875,0.36113900356165979,87.381149771030991,86.771343754283265,-0.60980601674772572,0,0,0,0,0,0
v3_unseen_temperature_level,temperature_c=40,NAUMANN_CAL_T40_SOC87.5,8,target_prefix_activation_offset_power_tau7_v1,27,0.3495644706422657,0.33593838988170327,87.381149771030991,86.815585153690904,-0.56556461734008678,27,0.3495644706422657,0.33593838988170327,87.381149771030991,86.815585153690904,-0.56556461734008678,0,0,0,0,0,0
v3_unseen_temperature_level,temperature_c=40,NAUMANN_CAL_T40_SOC87.5,8,target_prefix_only_sqrt_time_v1,27,2.4247029303763803,2.2827247944651878,87.381149771030991,83.349426765564189,-4.0317230054668016,27,2.4247029303763803,2.2827247944651878,87.381149771030991,83.349426765564189,-4.0317230054668016,0,0,0,0,0,0
v3_unseen_temperature_level,temperature_c=40,NAUMANN_CAL_T40_SOC87.5,10,hierarchical_activation_offset_power_tau7_v3,25,0.06184563436506376,0.065038525019905369,87.381149771030991,87.26857700163842,-0.1125727693925711,25,0.06184563436506376,0.065038525019905369,87.381149771030991,87.26857700163842,-0.1125727693925711,0,0,0,0,0,0
v3_unseen_temperature_level,temperature_c=40,NAUMANN_CAL_T40_SOC87.5,10,hierarchical_power_law_prefix_update_v2,25,0.036264946207170058,0.038368451254898447,87.381149771030991,87.337691443659892,-0.043458327371098449,25,0.036264946207170058,0.038368451254898447,87.381149771030991,87.337691443659892,-0.043458327371098449,0,0,0,0,0,0
v3_unseen_temperature_level,temperature_c=40,NAUMANN_CAL_T40_SOC87.5,10,mechanism_gated_hierarchical_activation_offset_hybrid_v1,25,0.036264946207170058,0.038368451254898447,87.381149771030991,87.337691443659892,-0.043458327371098449,25,0.036264946207170058,0.038368451254898447,87.381149771030991,87.337691443659892,-0.043458327371098449,0,0,0,0,0,0
v3_unseen_temperature_level,temperature_c=40,NAUMANN_CAL_T40_SOC87.5,10,mechanism_gated_target_activation_offset_hybrid_v1,25,0.036264946207170058,0.038368451254898447,87.381149771030991,87.337691443659892,-0.043458327371098449,25,0.036264946207170058,0.038368451254898447,87.381149771030991,87.337691443659892,-0.043458327371098449,0,0,0,0,0,0
v3_unseen_temperature_level,temperature_c=40,NAUMANN_CAL_T40_SOC87.5,10,target_prefix_activation_offset_power_tau7_v1,25,0.041955021057161632,0.041269494953503454,87.381149771030991,87.36631295522173,-0.014836815809260884,25,0.041955021057161632,0.041269494953503454,87.381149771030991,87.36631295522173,-0.014836815809260884,0,0,0,0,0,0
v3_unseen_temperature_level,temperature_c=40,NAUMANN_CAL_T40_SOC87.5,10,target_prefix_only_sqrt_time_v1,25,1.9301544009699692,1.8146426018355191,87.381149771030991,84.178475307426538,-3.2026744636044526,25,1.9301544009699692,1.8146426018355191,87.381149771030991,84.178475307426538,-3.2026744636044526,0,0,0,0,0,0
v3_unseen_temperature_level,temperature_c=40,NAUMANN_CAL_T40_SOC87.5,14,hierarchical_activation_offset_power_tau7_v3,21,0.127454085261236,0.11674850209369936,87.381149771030991,87.532143912194243,0.15099414116325249,21,0.127454085261236,0.11674850209369936,87.381149771030991,87.532143912194243,0.15099414116325249,0,0,0,0,0,0
v3_unseen_temperature_level,temperature_c=40,NAUMANN_CAL_T40_SOC87.5,14,hierarchical_power_law_prefix_update_v2,21,0.11892512597522965,0.10924988487307578,87.381149771030991,87.511069982302104,0.12992021127111286,21,0.11892512597522965,0.10924988487307578,87.381149771030991,87.511069982302104,0.12992021127111286,0,0,0,0,0,0
v3_unseen_temperature_level,temperature_c=40,NAUMANN_CAL_T40_SOC87.5,14,mechanism_gated_hierarchical_activation_offset_hybrid_v1,21,0.11892512597522965,0.10924988487307578,87.381149771030991,87.511069982302104,0.12992021127111286,21,0.11892512597522965,0.10924988487307578,87.381149771030991,87.511069982302104,0.12992021127111286,0,0,0,0,0,0
v3_unseen_temperature_level,temperature_c=40,NAUMANN_CAL_T40_SOC87.5,14,mechanism_gated_target_activation_offset_hybrid_v1,21,0.11892512597522965,0.10924988487307578,87.381149771030991,87.511069982302104,0.12992021127111286,21,0.11892512597522965,0.10924988487307578,87.381149771030991,87.511069982302104,0.12992021127111286,0,0,0,0,0,0
v3_unseen_temperature_level,temperature_c=40,NAUMANN_CAL_T40_SOC87.5,14,target_prefix_activation_offset_power_tau7_v1,21,0.12965972397352543,0.11907808493031896,87.381149771030991,87.529080383499661,0.14793061246867012,21,0.12965972397352543,0.11907808493031896,87.381149771030991,87.529080383499661,0.14793061246867012,0,0,0,0,0,0
v3_unseen_temperature_level,temperature_c=40,NAUMANN_CAL_T40_SOC87.5,14,target_prefix_only_sqrt_time_v1,21,1.3727296326729224,1.2925917270180267,87.381149771030991,85.12331269403289,-2.2578370769981007,21,1.3727296326729224,1.2925917270180267,87.381149771030991,85.12331269403289,-2.2578370769981007,0,0,0,0,0,0
v3_unseen_temperature_level,temperature_c=60,NAUMANN_CAL_T60_SOC0,5,hierarchical_activation_offset_power_tau7_v3,30,8.4982388771656705,7.7569889675035633,88.497035210498524,73.162280641500487,-15.334754568998036,30,8.4982388771656705,7.7569889675035633,88.497035210498524,73.162280641500487,-15.334754568998036,0,0,0,0,0,0
v3_unseen_temperature_level,temperature_c=60,NAUMANN_CAL_T60_SOC0,5,hierarchical_power_law_prefix_update_v2,30,15.527730796752881,13.948041043469718,88.497035210498524,55.974116300223642,-32.522918910274882,30,15.527730796752881,13.948041043469718,88.497035210498524,55.974116300223642,-32.522918910274882,0,0,0,0,0,0
v3_unseen_temperature_level,temperature_c=60,NAUMANN_CAL_T60_SOC0,5,mechanism_gated_hierarchical_activation_offset_hybrid_v1,30,15.527730796752881,13.948041043469718,88.497035210498524,55.974116300223642,-32.522918910274882,30,15.527730796752881,13.948041043469718,88.497035210498524,55.974116300223642,-32.522918910274882,0,0,0,0,0,0
v3_unseen_temperature_level,temperature_c=60,NAUMANN_CAL_T60_SOC0,5,mechanism_gated_target_activation_offset_hybrid_v1,30,15.527730796752881,13.948041043469718,88.497035210498524,55.974116300223642,-32.522918910274882,30,15.527730796752881,13.948041043469718,88.497035210498524,55.974116300223642,-32.522918910274882,0,0,0,0,0,0
v3_unseen_temperature_level,temperature_c=60,NAUMANN_CAL_T60_SOC0,5,target_prefix_activation_offset_power_tau7_v1,30,9.8384441330413352,8.954323465939126,88.497035210498524,70.211902614486519,-18.285132596012005,30,9.8384441330413352,8.954323465939126,88.497035210498524,70.211902614486519,-18.285132596012005,0,0,0,0,0,0
v3_unseen_temperature_level,temperature_c=60,NAUMANN_CAL_T60_SOC0,5,target_prefix_only_sqrt_time_v1,30,3.3824144960104081,3.0498944699914858,88.497035210498524,95.909969387848633,7.4129341773501096,30,3.3824144960104081,3.0498944699914858,88.497035210498524,95.909969387848633,7.4129341773501096,0,0,0,0,0,0
v3_unseen_temperature_level,temperature_c=60,NAUMANN_CAL_T60_SOC0,8,hierarchical_activation_offset_power_tau7_v3,27,0.62943920005742793,0.68118113258567381,88.497035210498524,89.078751714599662,0.58171650410113784,27,0.62943920005742793,0.68118113258567381,88.497035210498524,89.078751714599662,0.58171650410113784,0,0,0,0,0,0
v3_unseen_temperature_level,temperature_c=60,NAUMANN_CAL_T60_SOC0,8,hierarchical_power_law_prefix_update_v2,27,2.7735374335035639,2.6230465535987615,88.497035210498524,84.496802310937426,-4.0002328995610981,27,2.7735374335035639,2.6230465535987615,88.497035210498524,84.496802310937426,-4.0002328995610981,0,0,0,0,0,0
v3_unseen_temperature_level,temperature_c=60,NAUMANN_CAL_T60_SOC0,8,mechanism_gated_hierarchical_activation_offset_hybrid_v1,27,2.7735374335035639,2.6230465535987615,88.497035210498524,84.496802310937426,-4.0002328995610981,27,2.7735374335035639,2.6230465535987615,88.497035210498524,84.496802310937426,-4.0002328995610981,0,0,0,0,0,0
v3_unseen_temperature_level,temperature_c=60,NAUMANN_CAL_T60_SOC0,8,mechanism_gated_target_activation_offset_hybrid_v1,27,2.7735374335035639,2.6230465535987615,88.497035210498524,84.496802310937426,-4.0002328995610981,27,2.7735374335035639,2.6230465535987615,88.497035210498524,84.496802310937426,-4.0002328995610981,0,0,0,0,0,0
v3_unseen_temperature_level,temperature_c=60,NAUMANN_CAL_T60_SOC0,8,target_prefix_activation_offset_power_tau7_v1,27,0.60489088603025476,0.63347947423148054,88.497035210498524,89.516998652434765,1.0199634419362411,27,0.60489088603025476,0.63347947423148054,88.497035210498524,89.516998652434765,1.0199634419362411,0,0,0,0,0,0
v3_unseen_temperature_level,temperature_c=60,NAUMANN_CAL_T60_SOC0,8,target_prefix_only_sqrt_time_v1,27,2.497228592823042,2.253536062057214,88.497035210498524,94.37277041305201,5.8757352025534857,27,2.497228592823042,2.253536062057214,88.497035210498524,94.37277041305201,5.8757352025534857,0,0,0,0,0,0
v3_unseen_temperature_level,temperature_c=60,NAUMANN_CAL_T60_SOC0,10,hierarchical_activation_offset_power_tau7_v3,25,1.2394069000811117,1.0972307077148076,88.497035210498524,91.932312801899116,3.4352775914005917,25,1.2394069000811117,1.0972307077148076,88.497035210498524,91.932312801899116,3.4352775914005917,0,0,0,0,0,0
v3_unseen_temperature_level,temperature_c=60,NAUMANN_CAL_T60_SOC0,10,hierarchical_power_law_prefix_update_v2,25,0.59889360089214128,0.5451263453591082,88.497035210498524,90.278408957939163,1.7813737474406395,25,0.59889360089214128,0.5451263453591082,88.497035210498524,90.278408957939163,1.7813737474406395,0,0,0,0,0,0
v3_unseen_temperature_level,temperature_c=60,NAUMANN_CAL_T60_SOC0,10,mechanism_gated_hierarchical_activation_offset_hybrid_v1,25,0.59889360089214128,0.5451263453591082,88.497035210498524,90.278408957939163,1.7813737474406395,25,0.59889360089214128,0.5451263453591082,88.497035210498524,90.278408957939163,1.7813737474406395,0,0,0,0,0,0
v3_unseen_temperature_level,temperature_c=60,NAUMANN_CAL_T60_SOC0,10,mechanism_gated_target_activation_offset_hybrid_v1,25,0.59889360089214128,0.5451263453591082,88.497035210498524,90.278408957939163,1.7813737474406395,25,0.59889360089214128,0.5451263453591082,88.497035210498524,90.278408957939163,1.7813737474406395,0,0,0,0,0,0
v3_unseen_temperature_level,temperature_c=60,NAUMANN_CAL_T60_SOC0,10,target_prefix_activation_offset_power_tau7_v1,25,1.397076844908389,1.236049631057321,88.497035210498524,92.284954627866355,3.7879194173678314,25,1.397076844908389,1.236049631057321,88.497035210498524,92.284954627866355,3.7879194173678314,0,0,0,0,0,0
v3_unseen_temperature_level,temperature_c=60,NAUMANN_CAL_T60_SOC0,10,target_prefix_only_sqrt_time_v1,25,2.4035694841163218,2.1625709359949461,88.497035210498524,94.027403630162254,5.5303684196637306,25,2.4035694841163218,2.1625709359949461,88.497035210498524,94.027403630162254,5.5303684196637306,0,0,0,0,0,0
v3_unseen_temperature_level,temperature_c=60,NAUMANN_CAL_T60_SOC0,14,hierarchical_activation_offset_power_tau7_v3,21,2.0151607366372528,1.8221360992039288,88.497035210498524,92.923986844716765,4.4269516342182413,21,2.0151607366372528,1.8221360992039288,88.497035210498524,92.923986844716765,4.4269516342182413,0,0,0,0,0,0
v3_unseen_temperature_level,temperature_c=60,NAUMANN_CAL_T60_SOC0,14,hierarchical_power_law_prefix_update_v2,21,1.611787881761795,1.4569193148193929,88.497035210498524,92.144014346644681,3.6469791361461574,21,1.611787881761795,1.4569193148193929,88.497035210498524,92.144014346644681,3.6469791361461574,0,0,0,0,0,0
v3_unseen_temperature_level,temperature_c=60,NAUMANN_CAL_T60_SOC0,14,mechanism_gated_hierarchical_activation_offset_hybrid_v1,21,1.611787881761795,1.4569193148193929,88.497035210498524,92.144014346644681,3.6469791361461574,21,1.611787881761795,1.4569193148193929,88.497035210498524,92.144014346644681,3.6469791361461574,0,0,0,0,0,0
v3_unseen_temperature_level,temperature_c=60,NAUMANN_CAL_T60_SOC0,14,mechanism_gated_target_activation_offset_hybrid_v1,21,1.611787881761795,1.4569193148193929,88.497035210498524,92.144014346644681,3.6469791361461574,21,1.611787881761795,1.4569193148193929,88.497035210498524,92.144014346644681,3.6469791361461574,0,0,0,0,0,0
v3_unseen_temperature_level,temperature_c=60,NAUMANN_CAL_T60_SOC0,14,target_prefix_activation_offset_power_tau7_v1,21,2.1844014497289859,1.9764861618373586,88.497035210498524,93.22765078870458,4.7306155782060557,21,2.1844014497289859,1.9764861618373586,88.497035210498524,93.22765078870458,4.7306155782060557,0,0,0,0,0,0
v3_unseen_temperature_level,temperature_c=60,NAUMANN_CAL_T60_SOC0,14,target_prefix_only_sqrt_time_v1,21,2.554378844891759,2.3207528721147006,88.497035210498524,93.747986095621016,5.2509508851224922,21,2.554378844891759,2.3207528721147006,88.497035210498524,93.747986095621016,5.2509508851224922,0,0,0,0,0,0
v3_unseen_temperature_level,temperature_c=60,NAUMANN_CAL_T60_SOC100,5,hierarchical_activation_offset_power_tau7_v3,30,6.6543286255748777,6.130650646652092,77.437244974309522,65.922082727127375,-11.515162247182147,30,6.6543286255748777,6.130650646652092,77.437244974309522,65.922082727127375,-11.515162247182147,0,0,0,0,0,0
v3_unseen_temperature_level,temperature_c=60,NAUMANN_CAL_T60_SOC100,5,hierarchical_power_law_prefix_update_v2,30,6.3757678722553868,5.8746403862528256,77.437244974309522,66.409798821559974,-11.027446152749548,30,6.3757678722553868,5.8746403862528256,77.437244974309522,66.409798821559974,-11.027446152749548,0,0,0,0,0,0
v3_unseen_temperature_level,temperature_c=60,NAUMANN_CAL_T60_SOC100,5,mechanism_gated_hierarchical_activation_offset_hybrid_v1,30,6.3757678722553868,5.8746403862528256,77.437244974309522,66.409798821559974,-11.027446152749548,30,6.3757678722553868,5.8746403862528256,77.437244974309522,66.409798821559974,-11.027446152749548,0,0,0,0,0,0
v3_unseen_temperature_level,temperature_c=60,NAUMANN_CAL_T60_SOC100,5,mechanism_gated_target_activation_offset_hybrid_v1,30,6.3757678722553868,5.8746403862528256,77.437244974309522,66.409798821559974,-11.027446152749548,30,6.3757678722553868,5.8746403862528256,77.437244974309522,66.409798821559974,-11.027446152749548,0,0,0,0,0,0
v3_unseen_temperature_level,temperature_c=60,NAUMANN_CAL_T60_SOC100,5,target_prefix_activation_offset_power_tau7_v1,30,6.1434694303834689,5.661130979597333,77.437244974309522,66.816111786513261,-10.621133187796261,30,6.1434694303834689,5.661130979597333,77.437244974309522,66.816111786513261,-10.621133187796261,0,0,0,0,0,0
v3_unseen_temperature_level,temperature_c=60,NAUMANN_CAL_T60_SOC100,5,target_prefix_only_sqrt_time_v1,30,5.3038442410753532,4.8881637390532671,77.437244974309522,68.269189627855098,-9.1680553464544232,30,5.3038442410753532,4.8881637390532671,77.437244974309522,68.269189627855098,-9.1680553464544232,0,0,0,0,0,0
v3_unseen_temperature_level,temperature_c=60,NAUMANN_CAL_T60_SOC100,8,hierarchical_activation_offset_power_tau7_v3,27,1.9269045352005347,1.8175380058555837,77.437244974309522,74.201014971909572,-3.2362300023999495,27,1.9269045352005347,1.8175380058555837,77.437244974309522,74.201014971909572,-3.2362300023999495,0,0,0,0,0,0
v3_unseen_temperature_level,temperature_c=60,NAUMANN_CAL_T60_SOC100,8,hierarchical_power_law_prefix_update_v2,27,1.8305659562365151,1.7271458364750432,77.437244974309522,74.361536913695403,-3.0757080606141187,27,1.8305659562365151,1.7271458364750432,77.437244974309522,74.361536913695403,-3.0757080606141187,0,0,0,0,0,0
v3_unseen_temperature_level,temperature_c=60,NAUMANN_CAL_T60_SOC100,8,mechanism_gated_hierarchical_activation_offset_hybrid_v1,27,1.8305659562365151,1.7271458364750432,77.437244974309522,74.361536913695403,-3.0757080606141187,27,1.8305659562365151,1.7271458364750432,77.437244974309522,74.361536913695403,-3.0757080606141187,0,0,0,0,0,0
v3_unseen_temperature_level,temperature_c=60,NAUMANN_CAL_T60_SOC100,8,mechanism_gated_target_activation_offset_hybrid_v1,27,1.8305659562365151,1.7271458364750432,77.437244974309522,74.361536913695403,-3.0757080606141187,27,1.8305659562365151,1.7271458364750432,77.437244974309522,74.361536913695403,-3.0757080606141187,0,0,0,0,0,0
v3_unseen_temperature_level,temperature_c=60,NAUMANN_CAL_T60_SOC100,8,target_prefix_activation_offset_power_tau7_v1,27,1.5658213606542328,1.4793683497937513,77.437244974309522,74.809671176187578,-2.6275737981219436,27,1.5658213606542328,1.4793683497937513,77.437244974309522,74.809671176187578,-2.6275737981219436,0,0,0,0,0,0
v3_unseen_temperature_level,temperature_c=60,NAUMANN_CAL_T60_SOC100,8,target_prefix_only_sqrt_time_v1,27,4.4426006222330336,4.1758454478176512,77.437244974309522,69.972449115598096,-7.464795858711426,27,4.4426006222330336,4.1758454478176512,77.437244974309522,69.972449115598096,-7.464795858711426,0,0,0,0,0,0
v3_unseen_temperature_level,temperature_c=60,NAUMANN_CAL_T60_SOC100,10,hierarchical_activation_offset_power_tau7_v3,25,0.61061316764959372,0.58327887307328075,77.437244974309522,76.352890431247729,-1.0843545430617922,25,0.61061316764959372,0.58327887307328075,77.437244974309522,76.352890431247729,-1.0843545430617922,0,0,0,0,0,0
v3_unseen_temperature_level,temperature_c=60,NAUMANN_CAL_T60_SOC100,10,hierarchical_power_law_prefix_update_v2,25,0.5616763071176506,0.53738134560241801,77.437244974309522,76.432751741368449,-1.0044932329410727,25,0.5616763071176506,0.53738134560241801,77.437244974309522,76.432751741368449,-1.0044932329410727,0,0,0,0,0,0
v3_unseen_temperature_level,temperature_c=60,NAUMANN_CAL_T60_SOC100,10,mechanism_gated_hierarchical_activation_offset_hybrid_v1,25,0.5616763071176506,0.53738134560241801,77.437244974309522,76.432751741368449,-1.0044932329410727,25,0.5616763071176506,0.53738134560241801,77.437244974309522,76.432751741368449,-1.0044932329410727,0,0,0,0,0,0
v3_unseen_temperature_level,temperature_c=60,NAUMANN_CAL_T60_SOC100,10,mechanism_gated_target_activation_offset_hybrid_v1,25,0.5616763071176506,0.53738134560241801,77.437244974309522,76.432751741368449,-1.0044932329410727,25,0.5616763071176506,0.53738134560241801,77.437244974309522,76.432751741368449,-1.0044932329410727,0,0,0,0,0,0
v3_unseen_temperature_level,temperature_c=60,NAUMANN_CAL_T60_SOC100,10,target_prefix_activation_offset_power_tau7_v1,25,0.40695397526137755,0.39340507494162125,77.437244974309522,76.697293206655274,-0.73995176765424731,25,0.40695397526137755,0.39340507494162125,77.437244974309522,76.697293206655274,-0.73995176765424731,0,0,0,0,0,0
v3_unseen_temperature_level,temperature_c=60,NAUMANN_CAL_T60_SOC100,10,target_prefix_only_sqrt_time_v1,25,3.5869623009029312,3.3701891434309492,77.437244974309522,71.424986556695202,-6.0122584176143192,25,3.5869623009029312,3.3701891434309492,77.437244974309522,71.424986556695202,-6.0122584176143192,0,0,0,0,0,0
v3_unseen_temperature_level,temperature_c=60,NAUMANN_CAL_T60_SOC100,14,hierarchical_activation_offset_power_tau7_v3,21,0.43590950461871275,0.42000567473375772,77.437244974309522,77.847617695907402,0.41037272159788074,21,0.43590950461871275,0.42000567473375772,77.437244974309522,77.847617695907402,0.41037272159788074,0,0,0,0,0,0
v3_unseen_temperature_level,temperature_c=60,NAUMANN_CAL_T60_SOC100,14,hierarchical_power_law_prefix_update_v2,21,0.45154860514536216,0.43472116827401763,77.437244974309522,77.872192645208969,0.4349476708994473,21,0.45154860514536216,0.43472116827401763,77.437244974309522,77.872192645208969,0.4349476708994473,0,0,0,0,0,0
v3_unseen_temperature_level,temperature_c=60,NAUMANN_CAL_T60_SOC100,14,mechanism_gated_hierarchical_activation_offset_hybrid_v1,21,0.45154860514536216,0.43472116827401763,77.437244974309522,77.872192645208969,0.4349476708994473,21,0.45154860514536216,0.43472116827401763,77.437244974309522,77.872192645208969,0.4349476708994473,0,0,0,0,0,0
v3_unseen_temperature_level,temperature_c=60,NAUMANN_CAL_T60_SOC100,14,mechanism_gated_target_activation_offset_hybrid_v1,21,0.45154860514536216,0.43472116827401763,77.437244974309522,77.872192645208969,0.4349476708994473,21,0.45154860514536216,0.43472116827401763,77.437244974309522,77.872192645208969,0.4349476708994473,0,0,0,0,0,0
v3_unseen_temperature_level,temperature_c=60,NAUMANN_CAL_T60_SOC100,14,target_prefix_activation_offset_power_tau7_v1,21,0.59117900040413074,0.56585861446915986,77.437244974309522,78.093997752711829,0.65675277840230706,21,0.59117900040413074,0.56585861446915986,77.437244974309522,78.093997752711829,0.65675277840230706,0,0,0,0,0,0
v3_unseen_temperature_level,temperature_c=60,NAUMANN_CAL_T60_SOC100,14,target_prefix_only_sqrt_time_v1,21,2.3185482736249212,2.16550313998254,77.437244974309522,73.435761242519561,-4.0014837317899605,21,2.3185482736249212,2.16550313998254,77.437244974309522,73.435761242519561,-4.0014837317899605,0,0,0,0,0,0
v3_unseen_temperature_level,temperature_c=60,NAUMANN_CAL_T60_SOC50,5,hierarchical_activation_offset_power_tau7_v3,30,8.8932660209959717,8.1444259877594405,79.95367388993796,63.959565653185393,-15.994108236752567,30,8.8932660209959717,8.1444259877594405,79.95367388993796,63.959565653185393,-15.994108236752567,0,0,0,0,0,0
v3_unseen_temperature_level,temperature_c=60,NAUMANN_CAL_T60_SOC50,5,hierarchical_power_law_prefix_update_v2,30,8.2219726247297569,7.5269978667612119,79.95367388993796,65.129183889578428,-14.824490000359532,30,8.2219726247297569,7.5269978667612119,79.95367388993796,65.129183889578428,-14.824490000359532,0,0,0,0,0,0
v3_unseen_temperature_level,temperature_c=60,NAUMANN_CAL_T60_SOC50,5,mechanism_gated_hierarchical_activation_offset_hybrid_v1,30,8.2219726247297569,7.5269978667612119,79.95367388993796,65.129183889578428,-14.824490000359532,30,8.2219726247297569,7.5269978667612119,79.95367388993796,65.129183889578428,-14.824490000359532,0,0,0,0,0,0
v3_unseen_temperature_level,temperature_c=60,NAUMANN_CAL_T60_SOC50,5,mechanism_gated_target_activation_offset_hybrid_v1,30,8.2219726247297569,7.5269978667612119,79.95367388993796,65.129183889578428,-14.824490000359532,30,8.2219726247297569,7.5269978667612119,79.95367388993796,65.129183889578428,-14.824490000359532,0,0,0,0,0,0
v3_unseen_temperature_level,temperature_c=60,NAUMANN_CAL_T60_SOC50,5,target_prefix_activation_offset_power_tau7_v1,30,7.9915586427322269,7.3168520384018771,79.95367388993796,65.558716473318412,-14.394957416619548,30,7.9915586427322269,7.3168520384018771,79.95367388993796,65.558716473318412,-14.394957416619548,0,0,0,0,0,0
v3_unseen_temperature_level,temperature_c=60,NAUMANN_CAL_T60_SOC50,5,target_prefix_only_sqrt_time_v1,30,0.29738094542154891,0.28266778847011648,79.95367388993796,79.423583428557009,-0.53009046138095073,30,0.29738094542154891,0.28266778847011648,79.95367388993796,79.423583428557009,-0.53009046138095073,0,0,0,0,0,0
v3_unseen_temperature_level,temperature_c=60,NAUMANN_CAL_T60_SOC50,8,hierarchical_activation_offset_power_tau7_v3,27,2.3815077751651779,2.2386866233931668,79.95367388993796,75.989555234997596,-3.9641186549403642,27,2.3815077751651779,2.2386866233931668,79.95367388993796,75.989555234997596,-3.9641186549403642,0,0,0,0,0,0
v3_unseen_temperature_level,temperature_c=60,NAUMANN_CAL_T60_SOC50,8,hierarchical_power_law_prefix_update_v2,27,2.2925183070938684,2.155376502002472,79.95367388993796,76.140583422974913,-3.8130904669630468,27,2.2925183070938684,2.155376502002472,79.95367388993796,76.140583422974913,-3.8130904669630468,0,0,0,0,0,0
v3_unseen_temperature_level,temperature_c=60,NAUMANN_CAL_T60_SOC50,8,mechanism_gated_hierarchical_activation_offset_hybrid_v1,27,2.2925183070938684,2.155376502002472,79.95367388993796,76.140583422974913,-3.8130904669630468,27,2.2925183070938684,2.155376502002472,79.95367388993796,76.140583422974913,-3.8130904669630468,0,0,0,0,0,0
v3_unseen_temperature_level,temperature_c=60,NAUMANN_CAL_T60_SOC50,8,mechanism_gated_target_activation_offset_hybrid_v1,27,2.2925183070938684,2.155376502002472,79.95367388993796,76.140583422974913,-3.8130904669630468,27,2.2925183070938684,2.155376502002472,79.95367388993796,76.140583422974913,-3.8130904669630468,0,0,0,0,0,0
v3_unseen_temperature_level,temperature_c=60,NAUMANN_CAL_T60_SOC50,8,target_prefix_activation_offset_power_tau7_v1,27,2.1022886665910971,1.9784050851771298,79.95367388993796,76.478777061246049,-3.4748968286919109,27,2.1022886665910971,1.9784050851771298,79.95367388993796,76.478777061246049,-3.4748968286919109,0,0,0,0,0,0
v3_unseen_temperature_level,temperature_c=60,NAUMANN_CAL_T60_SOC50,8,target_prefix_only_sqrt_time_v1,27,0.71108772793099218,0.67710585148638336,79.95367388993796,78.861656713896579,-1.0920171760413808,27,0.71108772793099218,0.67710585148638336,79.95367388993796,78.861656713896579,-1.0920171760413808,0,0,0,0,0,0
v3_unseen_temperature_level,temperature_c=60,NAUMANN_CAL_T60_SOC50,10,hierarchical_activation_offset_power_tau7_v3,25,0.42362801631718333,0.41207203688870719,79.95367388993796,79.337916212356888,-0.61575767758107247,25,0.42362801631718333,0.41207203688870719,79.95367388993796,79.337916212356888,-0.61575767758107247,0,0,0,0,0,0
v3_unseen_temperature_level,temperature_c=60,NAUMANN_CAL_T60_SOC50,10,hierarchical_power_law_prefix_update_v2,25,0.47365402744667312,0.45662086345017372,79.95367388993796,79.224138114551579,-0.72953577538638115,25,0.47365402744667312,0.45662086345017372,79.95367388993796,79.224138114551579,-0.72953577538638115,0,0,0,0,0,0
v3_unseen_temperature_level,temperature_c=60,NAUMANN_CAL_T60_SOC50,10,mechanism_gated_hierarchical_activation_offset_hybrid_v1,25,0.47365402744667312,0.45662086345017372,79.95367388993796,79.224138114551579,-0.72953577538638115,25,0.47365402744667312,0.45662086345017372,79.95367388993796,79.224138114551579,-0.72953577538638115,0,0,0,0,0,0
v3_unseen_temperature_level,temperature_c=60,NAUMANN_CAL_T60_SOC50,10,mechanism_gated_target_activation_offset_hybrid_v1,25,0.47365402744667312,0.45662086345017372,79.95367388993796,79.224138114551579,-0.72953577538638115,25,0.47365402744667312,0.45662086345017372,79.95367388993796,79.224138114551579,-0.72953577538638115,0,0,0,0,0,0
v3_unseen_temperature_level,temperature_c=60,NAUMANN_CAL_T60_SOC50,10,target_prefix_activation_offset_power_tau7_v1,25,0.39272814135810402,0.38240535373148477,79.95367388993796,79.375909390057274,-0.57776449988068634,25,0.39272814135810402,0.38240535373148477,79.95367388993796,79.375909390057274,-0.57776449988068634,0,0,0,0,0,0
v3_unseen_temperature_level,temperature_c=60,NAUMANN_CAL_T60_SOC50,10,target_prefix_only_sqrt_time_v1,25,0.49839725045057259,0.47976088358629909,79.95367388993796,79.182702764308431,-0.7709711256295293,25,0.49839725045057259,0.47976088358629909,79.95367388993796,79.182702764308431,-0.7709711256295293,0,0,0,0,0,0
v3_unseen_temperature_level,temperature_c=60,NAUMANN_CAL_T60_SOC50,14,hierarchical_activation_offset_power_tau7_v3,21,0.87655087162023715,0.83074693213905537,79.95367388993796,81.210007927261884,1.2563340373239242,21,0.87655087162023715,0.83074693213905537,79.95367388993796,81.210007927261884,1.2563340373239242,0,0,0,0,0,0
v3_unseen_temperature_level,temperature_c=60,NAUMANN_CAL_T60_SOC50,14,hierarchical_power_law_prefix_update_v2,21,0.79019847278535404,0.75200924125603852,79.95367388993796,81.04324612589204,1.0895722359540798,21,0.79019847278535404,0.75200924125603852,79.95367388993796,81.04324612589204,1.0895722359540798,0,0,0,0,0,0
v3_unseen_temperature_level,temperature_c=60,NAUMANN_CAL_T60_SOC50,14,mechanism_gated_hierarchical_activation_offset_hybrid_v1,21,0.79019847278535404,0.75200924125603852,79.95367388993796,81.04324612589204,1.0895722359540798,21,0.79019847278535404,0.75200924125603852,79.95367388993796,81.04324612589204,1.0895722359540798,0,0,0,0,0,0
v3_unseen_temperature_level,temperature_c=60,NAUMANN_CAL_T60_SOC50,14,mechanism_gated_target_activation_offset_hybrid_v1,21,0.79019847278535404,0.75200924125603852,79.95367388993796,81.04324612589204,1.0895722359540798,21,0.79019847278535404,0.75200924125603852,79.95367388993796,81.04324612589204,1.0895722359540798,0,0,0,0,0,0
v3_unseen_temperature_level,temperature_c=60,NAUMANN_CAL_T60_SOC50,14,target_prefix_activation_offset_power_tau7_v1,21,1.1124467783479672,1.0494725152093587,79.95367388993796,81.619683226666439,1.6660093367284787,21,1.1124467783479672,1.0494725152093587,79.95367388993796,81.619683226666439,1.6660093367284787,0,0,0,0,0,0
v3_unseen_temperature_level,temperature_c=60,NAUMANN_CAL_T60_SOC50,14,target_prefix_only_sqrt_time_v1,21,0.11742630858982729,0.12162418132335653,79.95367388993796,79.912554930054739,-0.041118959883220896,21,0.11742630858982729,0.12162418132335653,79.95367388993796,79.912554930054739,-0.041118959883220896,0,0,0,0,0,0
